caller_entry,caller_name,callee_entry,callee_name
"10001320","_Deallocate<>","1000134c","FUN_1000134c"
"10001320","_Deallocate<>","1001be00","FUN_1001be00"
"1000134c","FUN_1000134c","10020e3f","__invoke_watson"
"1000143b","FUN_1000143b","1001743b","FUN_1001743b"
"1000143b","FUN_1000143b","10017483","FUN_10017483"
"10001475","FUN_10001475","10001638","FUN_10001638"
"100014b5","FUN_100014b5","10001813","FUN_10001813"
"100014b5","FUN_100014b5","10002792","FUN_10002792"
"100014e4","FUN_100014e4","1001762a","FUN_1001762a"
"10001525","FUN_10001525","1001762a","FUN_1001762a"
"1000156c","FUN_1000156c","1001762a","FUN_1001762a"
"100015b0","FUN_100015b0","1001762a","FUN_1001762a"
"100015bb","FUN_100015bb","1001762a","FUN_1001762a"
"100015df","FUN_100015df","10001602","FUN_10001602"
"100015df","FUN_100015df","1001c12a","operator_new"
"10001602","FUN_10001602","1001c12a","operator_new"
"10001602","FUN_10001602","10020e3f","__invoke_watson"
"10001638","FUN_10001638","100015df","FUN_100015df"
"10001638","FUN_10001638","100026dc","FUN_100026dc"
"10001638","FUN_10001638","1000277c","FUN_1000277c"
"10001638","FUN_10001638","1001d430","FUN_1001d430"
"100016ae","FUN_100016ae","10001475","FUN_10001475"
"100016ae","FUN_100016ae","100017f3","FUN_100017f3"
"100016ae","FUN_100016ae","1001c15a","__security_check_cookie"
"100016f3","FUN_100016f3","10001320","_Deallocate<>"
"100016f3","FUN_100016f3","100015df","FUN_100015df"
"100016f3","FUN_100016f3","100026dc","FUN_100026dc"
"100016f3","FUN_100016f3","1000277c","FUN_1000277c"
"100016f3","FUN_100016f3","1001d430","FUN_1001d430"
"10001762","FUN_10001762","10001320","_Deallocate<>"
"10001762","FUN_10001762","100015df","FUN_100015df"
"10001762","FUN_10001762","10001900","FUN_10001900"
"10001762","FUN_10001762","100026dc","FUN_100026dc"
"10001762","FUN_10001762","1000277c","FUN_1000277c"
"10001813","FUN_10001813","1000270d","FUN_1000270d"
"10001840","FUN_10001840","100174a0","FUN_100174a0"
"10001864","FUN_10001864","100018b8","FUN_100018b8"
"1000187f","FUN_1000187f","100018b8","FUN_100018b8"
"100018b8","FUN_100018b8","1001db0a","___std_exception_copy"
"100018ef","FUN_100018ef","1001db6d","FUN_1001db6d"
"10001900","FUN_10001900","1001d430","FUN_1001d430"
"10001947","FUN_10001947","1001be00","FUN_1001be00"
"10001947","FUN_10001947","1001db6d","FUN_1001db6d"
"10001974","FUN_10001974","100014e4","FUN_100014e4"
"10001974","FUN_10001974","10017861","FUN_10017861"
"10002459","FUN_10002459","1000d358","FUN_1000d358"
"1000270d","FUN_1000270d","1001d430","FUN_1001d430"
"10002736","FUN_10002736","1000189a","FUN_1000189a"
"10002736","FUN_10002736","1001db8f","FUN_1001db8f"
"10002753","FUN_10002753","10001320","_Deallocate<>"
"1000277c","FUN_1000277c","10017c24","FUN_10017c24"
"10002787","FUN_10002787","10017c44","FUN_10017c44"
"10002792","FUN_10002792","10001762","FUN_10001762"
"10002792","FUN_10002792","10002787","FUN_10002787"
"10002792","FUN_10002792","1001d430","FUN_1001d430"
"10002866","FUN_10002866","1000289c","FUN_1000289c"
"1000289c","FUN_1000289c","1001c3f0","__allmul"
"100028cb","FUN_100028cb","100028fe","FUN_100028fe"
"10002931","FUN_10002931","1001c3f0","__allmul"
"10002975","FUN_10002975","1001c3f0","__allmul"
"100029b4","FUN_100029b4","10002931","FUN_10002931"
"100029b4","FUN_100029b4","10002d19","FUN_10002d19"
"10002a02","FUN_10002a02","100015df","FUN_100015df"
"10002a02","FUN_10002a02","100026dc","FUN_100026dc"
"10002a02","FUN_10002a02","1000277c","FUN_1000277c"
"10002a02","FUN_10002a02","1001d430","FUN_1001d430"
"10002a6b","_Fgetc<char>","10021505","FUN_10021505"
"10002a8b","FUN_10002a8b","100217da","FUN_100217da"
"10002aa5","operator_unsigned_int","10017cb7","_Lockit"
"10002aa5","operator_unsigned_int","10017d0f","FUN_10017d0f"
"10002ae0","FUN_10002ae0","10001320","_Deallocate<>"
"10002ae0","FUN_10002ae0","100015df","FUN_100015df"
"10002ae0","FUN_10002ae0","100026dc","FUN_100026dc"
"10002ae0","FUN_10002ae0","1000277c","FUN_1000277c"
"10002ae0","FUN_10002ae0","10003a1a","FUN_10003a1a"
"10002b6e","FUN_10002b6e","10001320","_Deallocate<>"
"10002b6e","FUN_10002b6e","100015df","FUN_100015df"
"10002b6e","FUN_10002b6e","100026dc","FUN_100026dc"
"10002b6e","FUN_10002b6e","1000277c","FUN_1000277c"
"10002b6e","FUN_10002b6e","1001d430","FUN_1001d430"
"10002c0e","FUN_10002c0e","100181b0","FUN_100181b0"
"10002c24","FUN_10002c24","10002866","FUN_10002866"
"10002c24","FUN_10002c24","100028cb","FUN_100028cb"
"10002c24","FUN_10002c24","100028fe","FUN_100028fe"
"10002c24","FUN_10002c24","100049fa","FUN_100049fa"
"10002c24","FUN_10002c24","1001c3f0","__allmul"
"10002cbb","FUN_10002cbb","10002c0e","FUN_10002c0e"
"10002d19","FUN_10002d19","10002975","FUN_10002975"
"10002d19","FUN_10002d19","1001c260","__alldiv"
"10002d62","FUN_10002d62","10002e35","FUN_10002e35"
"10002d62","FUN_10002d62","10003666","FUN_10003666"
"10002d62","FUN_10002d62","10004830","FUN_10004830"
"10002d62","FUN_10002d62","10004cc0","FUN_10004cc0"
"10002d62","FUN_10002d62","10004cf7","FUN_10004cf7"
"10002d62","FUN_10002d62","10004f0a","FUN_10004f0a"
"10002d62","FUN_10002d62","10004f29","FUN_10004f29"
"10002d62","FUN_10002d62","1001c1f4","__EH_prolog3_catch"
"10002e03","Catch_All@10002e03","100045b9","FUN_100045b9"
"10002e35","FUN_10002e35","100045b9","FUN_100045b9"
"10002e35","FUN_10002e35","1001c168","__EH_epilog3"
"10002e8a","getline<char,std::char_traits<char>,std::allocator<char>_>","10002d62","FUN_10002d62"
"10002e8a","getline<char,std::char_traits<char>,std::allocator<char>_>","100051cf","FUN_100051cf"
"10002eb2","FUN_10002eb2","10002c24","FUN_10002c24"
"10002eb2","FUN_10002eb2","10002ece","FUN_10002ece"
"10002ece","FUN_10002ece","100028cb","FUN_100028cb"
"10002ece","FUN_10002ece","100029b4","FUN_100029b4"
"10002ece","FUN_10002ece","100049fa","FUN_100049fa"
"10002ece","FUN_10002ece","100182a2","Sleep"
"10002f21","FUN_10002f21","10002aa5","operator_unsigned_int"
"10002f21","FUN_10002f21","10003fdb","FUN_10003fdb"
"10002f21","FUN_10002f21","100040ac","FUN_100040ac"
"10002f21","FUN_10002f21","100044f5","FUN_100044f5"
"10002f21","FUN_10002f21","10017cb7","_Lockit"
"10002f21","FUN_10002f21","10017d0f","FUN_10017d0f"
"10002f21","FUN_10002f21","10018410","FUN_10018410"
"10002f21","FUN_10002f21","1001c168","__EH_epilog3"
"10002f21","FUN_10002f21","1001c18b","__EH_prolog3"
"10002faf","FUN_10002faf","10002aa5","operator_unsigned_int"
"10002faf","FUN_10002faf","10004046","_Getcat"
"10002faf","FUN_10002faf","100040ac","FUN_100040ac"
"10002faf","FUN_10002faf","100044f5","FUN_100044f5"
"10002faf","FUN_10002faf","10017cb7","_Lockit"
"10002faf","FUN_10002faf","10017d0f","FUN_10017d0f"
"10002faf","FUN_10002faf","10018410","FUN_10018410"
"10002faf","FUN_10002faf","1001c168","__EH_epilog3"
"10002faf","FUN_10002faf","1001c18b","__EH_prolog3"
"1000303d","FUN_1000303d","10003241","FUN_10003241"
"1000303d","FUN_1000303d","1000416c","FUN_1000416c"
"1000307f","FUN_1000307f","1000303d","FUN_1000303d"
"1000307f","FUN_1000307f","1000312c","FUN_1000312c"
"1000307f","FUN_1000307f","10003151","FUN_10003151"
"1000307f","FUN_1000307f","100045b9","FUN_100045b9"
"1000307f","FUN_1000307f","10004acf","FUN_10004acf"
"1000307f","FUN_1000307f","1001c168","__EH_epilog3"
"1000307f","FUN_1000307f","1001c18b","__EH_prolog3"
"1000312c","FUN_1000312c","100035f7","FUN_100035f7"
"10003151","FUN_10003151","1000312c","FUN_1000312c"
"10003151","FUN_10003151","100031d4","FUN_100031d4"
"10003151","FUN_10003151","1001c168","__EH_epilog3"
"10003151","FUN_10003151","1001c18b","__EH_prolog3"
"100031d4","FUN_100031d4","1000312c","FUN_1000312c"
"100031d4","FUN_100031d4","1000495b","FUN_1000495b"
"100031d4","FUN_100031d4","1001c168","__EH_epilog3"
"100031d4","FUN_100031d4","1001c18b","__EH_prolog3"
"10003241","FUN_10003241","1000416c","FUN_1000416c"
"10003241","FUN_10003241","10018443","FUN_10018443"
"10003241","FUN_10003241","1001c12a","operator_new"
"10003241","FUN_10003241","1001c168","__EH_epilog3"
"10003241","FUN_10003241","1001c18b","__EH_prolog3"
"100032b2","FUN_100032b2","10002a02","FUN_10002a02"
"100032ee","FUN_100032ee","10001638","FUN_10001638"
"100032ee","FUN_100032ee","10002787","FUN_10002787"
"10003343","FUN_10003343","10001638","FUN_10001638"
"10003382","FUN_10003382","10001638","FUN_10001638"
"100033b2","ctype<char>","1001865a","FUN_1001865a"
"1000341a","FUN_1000341a","10017c64","FUN_10017c64"
"1000341a","FUN_1000341a","10017cb7","_Lockit"
"1000341a","FUN_1000341a","10018541","FUN_10018541"
"1000341a","FUN_1000341a","1001c168","__EH_epilog3"
"1000341a","FUN_1000341a","1001c18b","__EH_prolog3"
"100034ab","FUN_100034ab","10002753","FUN_10002753"
"100034ab","FUN_100034ab","100032b2","FUN_100032b2"
"100034ab","FUN_100034ab","1000363e","FUN_1000363e"
"100034ab","FUN_100034ab","10004397","FUN_10004397"
"100034ab","FUN_100034ab","1001c15a","__security_check_cookie"
"10003517","FUN_10003517","100018b8","FUN_100018b8"
"10003541","FUN_10003541","100018b8","FUN_100018b8"
"1000357a","FUN_1000357a","1001db0a","___std_exception_copy"
"100035b5","FUN_100035b5","10003517","FUN_10003517"
"100035d0","failure","10003710","FUN_10003710"
"10003623","FUN_10003623","100018b8","FUN_100018b8"
"1000363e","FUN_1000363e","1000357a","FUN_1000357a"
"10003666","FUN_10003666","10003487","Sentry_base"
"10003666","FUN_10003666","10004245","FUN_10004245"
"10003666","FUN_10003666","1001c168","__EH_epilog3"
"10003666","FUN_10003666","1001c18b","__EH_prolog3"
"1000369d","sentry","10003487","Sentry_base"
"1000369d","sentry","10004889","FUN_10004889"
"1000369d","sentry","1001c168","__EH_epilog3"
"1000369d","sentry","1001c18b","__EH_prolog3"
"100036f5","FUN_100036f5","10003517","FUN_10003517"
"10003710","FUN_10003710","10002753","FUN_10002753"
"10003710","FUN_10003710","10003343","FUN_10003343"
"10003710","FUN_10003710","100034ab","FUN_100034ab"
"10003710","FUN_10003710","1001c17c","FUN_1001c17c"
"10003710","FUN_10003710","1001c1be","__EH_prolog3_GS"
"10003765","~basic_filebuf<char,std::char_traits<char>_>","100038c7","~basic_streambuf<char,std::char_traits<char>_>"
"10003765","~basic_filebuf<char,std::char_traits<char>_>","10004495","_Reset_back"
"10003765","~basic_filebuf<char,std::char_traits<char>_>","10004623","FUN_10004623"
"100037c2","~basic_stringstream<char,std::char_traits<char>,std::allocator<char>_>","10003765","~basic_filebuf<char,std::char_traits<char>_>"
"100037c2","~basic_stringstream<char,std::char_traits<char>,std::allocator<char>_>","10003839","~basic_iostream<char,std::char_traits<char>_>"
"100037f1","FUN_100037f1","1001891f","_Ios_base_dtor"
"100038c7","~basic_streambuf<char,std::char_traits<char>_>","100039ba","FUN_100039ba"
"100038c7","~basic_streambuf<char,std::char_traits<char>_>","1001be00","FUN_1001be00"
"100038f5","FUN_100038f5","10004512","FUN_10004512"
"100038f5","FUN_100038f5","10017d0f","FUN_10017d0f"
"100038f5","FUN_100038f5","1001858d","_Locinfo_dtor"
"100039d8","FUN_100039d8","1000396b","FUN_1000396b"
"100039d8","FUN_100039d8","10004412","FUN_10004412"
"100039d8","FUN_100039d8","100181b9","thunk_FUN_1001f564"
"10003a1a","FUN_10003a1a","1001d430","FUN_1001d430"
"10003a4b","FUN_10003a4b","100037c2","~basic_stringstream<char,std::char_traits<char>,std::allocator<char>_>"
"10003a4b","FUN_10003a4b","100037f1","FUN_100037f1"
"10003a5e","FUN_10003a5e","100037f1","FUN_100037f1"
"10003a80","FUN_10003a80","100037f1","FUN_100037f1"
"10003aa2","FUN_10003aa2","10003ae4","FUN_10003ae4"
"10003aaa","FUN_10003aaa","10003b37","FUN_10003b37"
"10003ab2","FUN_10003ab2","10003b65","FUN_10003b65"
"10003aba","FUN_10003aba","10003b8a","FUN_10003b8a"
"10003ac2","FID_conflict:`scalar_deleting_destructor'","10003765","~basic_filebuf<char,std::char_traits<char>_>"
"10003ac2","FID_conflict:`scalar_deleting_destructor'","1001be00","FUN_1001be00"
"10003ae4","FUN_10003ae4","100037c2","~basic_stringstream<char,std::char_traits<char>,std::allocator<char>_>"
"10003ae4","FUN_10003ae4","100037f1","FUN_100037f1"
"10003ae4","FUN_10003ae4","1001be00","FUN_1001be00"
"10003b15","`scalar_deleting_destructor'","100037f1","FUN_100037f1"
"10003b15","`scalar_deleting_destructor'","1001be00","FUN_1001be00"
"10003b37","FUN_10003b37","100037f1","FUN_100037f1"
"10003b37","FUN_10003b37","10003839","~basic_iostream<char,std::char_traits<char>_>"
"10003b37","FUN_10003b37","1001be00","FUN_1001be00"
"10003b65","FUN_10003b65","10003a5e","FUN_10003a5e"
"10003b65","FUN_10003b65","1001be00","FUN_1001be00"
"10003b8a","FUN_10003b8a","10003a80","FUN_10003a80"
"10003b8a","FUN_10003b8a","1001be00","FUN_1001be00"
"10003baf","FUN_10003baf","100038c7","~basic_streambuf<char,std::char_traits<char>_>"
"10003baf","FUN_10003baf","1001be00","FUN_1001be00"
"10003bd1","FUN_10003bd1","1001be00","FUN_1001be00"
"10003bf4","`scalar_deleting_destructor'","1000452a","_Tidy"
"10003bf4","`scalar_deleting_destructor'","1001be00","FUN_1001be00"
"10003c22","FUN_10003c22","1001be00","FUN_1001be00"
"10003c45","FUN_10003c45","1001be00","FUN_1001be00"
"10003c62","FUN_10003c62","1001be00","FUN_1001be00"
"10003c62","FUN_10003c62","1001db6d","FUN_1001db6d"
"10003c8f","FUN_10003c8f","1001891f","_Ios_base_dtor"
"10003c8f","FUN_10003c8f","1001be00","FUN_1001be00"
"10003cef","FUN_10003cef","1000134c","FUN_1000134c"
"10003cef","FUN_10003cef","1000270d","FUN_1000270d"
"10003cef","FUN_10003cef","10002753","FUN_10002753"
"10003cef","FUN_10003cef","10002e8a","getline<char,std::char_traits<char>,std::allocator<char>_>"
"10003cef","FUN_10003cef","1000307f","FUN_1000307f"
"10003cef","FUN_10003cef","100032ee","FUN_100032ee"
"10003cef","FUN_10003cef","100037c2","~basic_stringstream<char,std::char_traits<char>,std::allocator<char>_>"
"10003cef","FUN_10003cef","100037f1","FUN_100037f1"
"10003cef","FUN_10003cef","1000468a","FUN_1000468a"
"10003cef","FUN_10003cef","10004858","FUN_10004858"
"10003cef","FUN_10003cef","10004f63","FUN_10004f63"
"10003cef","FUN_10003cef","1001be00","FUN_1001be00"
"10003cef","FUN_10003cef","1001c17c","FUN_1001c17c"
"10003cef","FUN_10003cef","1001c1be","__EH_prolog3_GS"
"10003ec9","FUN_10003ec9","EXTERNAL:0000000b","GetModuleHandleA"
"10003efc","FUN_10003efc","1001c15a","__security_check_cookie"
"10003efc","FUN_10003efc","1002217f","FUN_1002217f"
"10003f92","FUN_10003f92","1001d430","FUN_1001d430"
"10003fdb","FUN_10003fdb","1000341a","FUN_1000341a"
"10003fdb","FUN_10003fdb","100038f5","FUN_100038f5"
"10003fdb","FUN_10003fdb","10003ed5","FUN_10003ed5"
"10003fdb","FUN_10003fdb","1001c12a","operator_new"
"10003fdb","FUN_10003fdb","1001c168","__EH_epilog3"
"10003fdb","FUN_10003fdb","1001c18b","__EH_prolog3"
"10004046","_Getcat","100033b2","ctype<char>"
"10004046","_Getcat","1000341a","FUN_1000341a"
"10004046","_Getcat","100038f5","FUN_100038f5"
"10004046","_Getcat","10003ed5","FUN_10003ed5"
"10004046","_Getcat","1001c12a","operator_new"
"10004046","_Getcat","1001c168","__EH_epilog3"
"10004046","_Getcat","1001c18b","__EH_prolog3"
"100040ac","FUN_100040ac","1001843d","FUN_1001843d"
"100040f1","FUN_100040f1","1000416c","FUN_1000416c"
"100040f1","FUN_100040f1","10020f97","__get_stream_buffer_pointers"
"100041ac","_Init","100045b9","FUN_100045b9"
"100041ac","_Init","10018443","FUN_10018443"
"100041ac","_Init","1001c12a","operator_new"
"100041ac","_Init","1001c168","__EH_epilog3"
"100041ac","_Init","1001c18b","__EH_prolog3"
"10004217","FUN_10004217","1000416c","FUN_1000416c"
"10004245","FUN_10004245","10002faf","FUN_10002faf"
"10004245","FUN_10004245","100039ba","FUN_100039ba"
"10004245","FUN_10004245","1000436f","FUN_1000436f"
"10004245","FUN_10004245","100045b9","FUN_100045b9"
"10004245","FUN_10004245","10004889","FUN_10004889"
"10004245","FUN_10004245","10004f0a","FUN_10004f0a"
"10004245","FUN_10004245","10004f29","FUN_10004f29"
"10004245","FUN_10004245","1001c1f4","__EH_prolog3_catch"
"10004339","Catch_All@10004339","100045b9","FUN_100045b9"
"1000436f","FUN_1000436f","1001c168","__EH_epilog3"
"10004384","FUN_10004384","10020fdd","__lock_file"
"10004397","FUN_10004397","10001813","FUN_10001813"
"10004397","FUN_10004397","10002753","FUN_10002753"
"10004397","FUN_10004397","10004564","FUN_10004564"
"10004397","FUN_10004397","1001c17c","FUN_1001c17c"
"10004397","FUN_10004397","1001c1be","__EH_prolog3_GS"
"10004412","FUN_10004412","100045b9","FUN_100045b9"
"100044f5","FUN_100044f5","1000355c","FUN_1000355c"
"100044f5","FUN_100044f5","1001db8f","FUN_1001db8f"
"10004512","FUN_10004512","100225ce","FUN_100225ce"
"1000452a","_Tidy","1001c24d","thunk_FUN_100225ce"
"1000452a","_Tidy","100225ce","FUN_100225ce"
"10004554","FUN_10004554","10020ff2","__unlock_file"
"10004564","FUN_10004564","10002ae0","FUN_10002ae0"
"10004564","FUN_10004564","1001d430","FUN_1001d430"
"100045b9","FUN_100045b9","100035d0","failure"
"100045b9","FUN_100045b9","100049a7","FUN_100049a7"
"100045b9","FUN_100045b9","1001db8f","FUN_1001db8f"
"10004623","FUN_10004623","10003efc","FUN_10003efc"
"10004623","FUN_10004623","1000416c","FUN_1000416c"
"10004623","FUN_10004623","10004495","_Reset_back"
"10004623","FUN_10004623","1002112b","FUN_1002112b"
"1000468a","FUN_1000468a","100045b9","FUN_100045b9"
"1000468a","FUN_1000468a","10004623","FUN_10004623"
"1000470c","do_narrow","1001d430","FUN_1001d430"
"1000472b","FUN_1000472b","100186c8","FUN_100186c8"
"10004742","FUN_10004742","100186c8","FUN_100186c8"
"1000476e","FUN_1000476e","100187b4","FUN_100187b4"
"10004785","FUN_10004785","100187b4","FUN_100187b4"
"100047cd","do_widen","1001d430","FUN_1001d430"
"10004810","FUN_10004810","100039f3","operator=="
"10004830","FUN_10004830","10002787","FUN_10002787"
"10004858","FUN_10004858","10002cbb","FUN_10002cbb"
"10004889","FUN_10004889","1000369d","sentry"
"10004889","FUN_10004889","1000490e","FUN_1000490e"
"10004889","FUN_10004889","1001c1f4","__EH_prolog3_catch"
"100048d8","Catch_All@100048d8","100045b9","FUN_100045b9"
"1000490e","FUN_1000490e","100039d8","FUN_100039d8"
"1000490e","FUN_1000490e","100045b9","FUN_100045b9"
"1000490e","FUN_1000490e","1001c168","__EH_epilog3"
"1000493c","FUN_1000493c","10002f21","FUN_10002f21"
"1000493c","FUN_1000493c","10004217","FUN_10004217"
"1000495b","FUN_1000495b","100041ac","_Init"
"1000495b","FUN_1000495b","100045b9","FUN_100045b9"
"1000495b","FUN_1000495b","100051cf","FUN_100051cf"
"1000495b","FUN_1000495b","100188a0","_Addstd"
"100049a7","FUN_100049a7","10002ada","FUN_10002ada"
"100049c0","FUN_100049c0","10003343","FUN_10003343"
"100049c0","FUN_100049c0","10003382","FUN_10003382"
"100049c0","FUN_100049c0","100182a8","_Syserror_map"
"100049fa","FUN_100049fa","100181be","FUN_100181be"
"100049fa","FUN_100049fa","100181d5","FUN_100181d5"
"100049fa","FUN_100049fa","1001c260","__alldiv"
"100049fa","FUN_100049fa","1001c310","__alldvrm"
"100049fa","FUN_100049fa","1001c3f0","__allmul"
"10004acf","FUN_10004acf","10002f21","FUN_10002f21"
"10004acf","FUN_10004acf","100039ba","FUN_100039ba"
"10004acf","FUN_10004acf","100040f1","FUN_100040f1"
"10004acf","FUN_10004acf","10004217","FUN_10004217"
"10004acf","FUN_10004acf","10018aea","FUN_10018aea"
"10004acf","FUN_10004acf","1001c168","__EH_epilog3"
"10004acf","FUN_10004acf","1001c18b","__EH_prolog3"
"10004b3f","FUN_10004b3f","10002a8b","FUN_10002a8b"
"10004b3f","FUN_10004b3f","10004495","_Reset_back"
"10004b3f","FUN_10004b3f","1001c15a","__security_check_cookie"
"10004b3f","FUN_10004b3f","1002217f","FUN_1002217f"
"10004c41","FUN_10004c41","100044b8","FUN_100044b8"
"10004c41","FUN_10004c41","100224ab","_ungetc"
"10004cc0","FUN_10004cc0","10002b6e","FUN_10002b6e"
"10004d1c","FUN_10004d1c","100033e8","FUN_100033e8"
"10004d1c","FUN_10004d1c","10003efc","FUN_10003efc"
"10004d1c","FUN_10004d1c","10004495","_Reset_back"
"10004d1c","FUN_10004d1c","1002161e","_fgetpos"
"10004d1c","FUN_10004d1c","10021e46","FUN_10021e46"
"10004e07","FUN_10004e07","100033e8","FUN_100033e8"
"10004e07","FUN_10004e07","10003efc","FUN_10003efc"
"10004e07","FUN_10004e07","10004495","_Reset_back"
"10004e07","FUN_10004e07","10021b22","_fsetpos"
"10004eb7","setbuf","100040f1","FUN_100040f1"
"10004eb7","setbuf","1002237d","FUN_1002237d"
"10004f29","FUN_10004f29","10004cf7","FUN_10004cf7"
"10004f29","FUN_10004f29","10004f0a","FUN_10004f0a"
"10004f63","FUN_10004f63","10017c04","FUN_10017c04"
"10004f63","FUN_10004f63","10017c44","FUN_10017c44"
"10004f63","FUN_10004f63","100225bb","FUN_100225bb"
"10004f63","FUN_10004f63","10022fdf","FUN_10022fdf"
"10004fc5","FUN_10004fc5","1002146b","FUN_1002146b"
"10004ff6","FUN_10004ff6","10002753","FUN_10002753"
"10004ff6","FUN_10004ff6","10002a6b","_Fgetc<char>"
"10004ff6","FUN_10004ff6","10003f92","FUN_10003f92"
"10004ff6","FUN_10004ff6","10004495","_Reset_back"
"10004ff6","FUN_10004ff6","10004cc0","FUN_10004cc0"
"10004ff6","FUN_10004ff6","1001c17c","FUN_1001c17c"
"10004ff6","FUN_10004ff6","1001c1be","__EH_prolog3_GS"
"10004ff6","FUN_10004ff6","10021505","FUN_10021505"
"10004ff6","FUN_10004ff6","100224ab","_ungetc"
"100051cf","FUN_100051cf","10002faf","FUN_10002faf"
"100051cf","FUN_100051cf","100039ba","FUN_100039ba"
"100051cf","FUN_100051cf","1001c168","__EH_epilog3"
"100051cf","FUN_100051cf","1001c18b","__EH_prolog3"
"1000521a","FUN_1000521a","10004495","_Reset_back"
"1000521a","FUN_1000521a","100052fc","FUN_100052fc"
"1000521a","FUN_1000521a","1001d430","FUN_1001d430"
"1000521a","FUN_1000521a","100219e7","_fread"
"100052fc","FUN_100052fc","1001d430","FUN_1001d430"
"100053de","FUN_100053de","100054be","FUN_100054be"
"100053de","FUN_100053de","1001d430","FUN_1001d430"
"100053de","FUN_100053de","1002217f","FUN_1002217f"
"100054be","FUN_100054be","1001d430","FUN_1001d430"
"1000559e","FUN_1000559e","10005b47","FUN_10005b47"
"100055be","FUN_100055be","1000369d","sentry"
"100055be","FUN_100055be","10005763","FUN_10005763"
"100055be","FUN_100055be","10007169","FUN_10007169"
"100055be","FUN_100055be","1001c1f4","__EH_prolog3_catch"
"1000572c","Catch_All@1000572c","100045b9","FUN_100045b9"
"10005763","FUN_10005763","100039d8","FUN_100039d8"
"10005763","FUN_10005763","100045b9","FUN_100045b9"
"10005763","FUN_10005763","1001c168","__EH_epilog3"
"10005791","FUN_10005791","100015df","FUN_100015df"
"10005791","FUN_10005791","100026dc","FUN_100026dc"
"10005791","FUN_10005791","1000277c","FUN_1000277c"
"10005791","FUN_10005791","1001d9b0","_memset"
"1000583f","FUN_1000583f","10002753","FUN_10002753"
"1000583f","FUN_1000583f","10002faf","FUN_10002faf"
"1000583f","FUN_1000583f","100039ba","FUN_100039ba"
"1000583f","FUN_1000583f","10005ed1","FUN_10005ed1"
"1000583f","FUN_1000583f","10005f5f","FUN_10005f5f"
"1000583f","FUN_1000583f","1000680f","FUN_1000680f"
"1000583f","FUN_1000583f","10006842","FUN_10006842"
"1000583f","FUN_1000583f","10007018","FUN_10007018"
"1000583f","FUN_1000583f","1001c17c","FUN_1001c17c"
"1000583f","FUN_1000583f","1001c1be","__EH_prolog3_GS"
"1000583f","FUN_1000583f","10025640","_strcspn"
"1000583f","FUN_1000583f","10025963","_localeconv"
"10005b47","FUN_10005b47","1000369d","sentry"
"10005b47","FUN_10005b47","10005c84","FUN_10005c84"
"10005b47","FUN_10005b47","10007169","FUN_10007169"
"10005b47","FUN_10005b47","1001c1f4","__EH_prolog3_catch"
"10005c4d","Catch_All@10005c4d","100045b9","FUN_100045b9"
"10005c84","FUN_10005c84","100039d8","FUN_100039d8"
"10005c84","FUN_10005c84","100045b9","FUN_100045b9"
"10005c84","FUN_10005c84","1001c168","__EH_epilog3"
"10005cba","FUN_10005cba","10017bca","FUN_10017bca"
"10005cba","FUN_10005cba","1001d430","FUN_1001d430"
"10005cba","FUN_10005cba","10025690","_strlen"
"10005cba","FUN_10005cba","1002571b","FUN_1002571b"
"10005cf8","FUN_10005cf8","10001320","_Deallocate<>"
"10005cf8","FUN_10005cf8","100015df","FUN_100015df"
"10005cf8","FUN_10005cf8","100026dc","FUN_100026dc"
"10005cf8","FUN_10005cf8","1000277c","FUN_1000277c"
"10005cf8","FUN_10005cf8","10006203","FUN_10006203"
"10005d86","FUN_10005d86","10001320","_Deallocate<>"
"10005d86","FUN_10005d86","100015df","FUN_100015df"
"10005d86","FUN_10005d86","100026dc","FUN_100026dc"
"10005d86","FUN_10005d86","1000277c","FUN_1000277c"
"10005d86","FUN_10005d86","10006236","FUN_10006236"
"10005e17","FUN_10005e17","10004889","FUN_10004889"
"10005e17","FUN_10005e17","100051cf","FUN_100051cf"
"10005e17","FUN_10005e17","10007088","FUN_10007088"
"10005e43","FUN_10005e43","10002aa5","operator_unsigned_int"
"10005e43","FUN_10005e43","100040ac","FUN_100040ac"
"10005e43","FUN_10005e43","100044f5","FUN_100044f5"
"10005e43","FUN_10005e43","10006346","FUN_10006346"
"10005e43","FUN_10005e43","10017cb7","_Lockit"
"10005e43","FUN_10005e43","10017d0f","FUN_10017d0f"
"10005e43","FUN_10005e43","10018410","FUN_10018410"
"10005e43","FUN_10005e43","1001c168","__EH_epilog3"
"10005e43","FUN_10005e43","1001c18b","__EH_prolog3"
"10005ed1","FUN_10005ed1","10002aa5","operator_unsigned_int"
"10005ed1","FUN_10005ed1","100040ac","FUN_100040ac"
"10005ed1","FUN_10005ed1","100044f5","FUN_100044f5"
"10005ed1","FUN_10005ed1","100063b1","FUN_100063b1"
"10005ed1","FUN_10005ed1","10017cb7","_Lockit"
"10005ed1","FUN_10005ed1","10017d0f","FUN_10017d0f"
"10005ed1","FUN_10005ed1","10018410","FUN_10018410"
"10005ed1","FUN_10005ed1","1001c168","__EH_epilog3"
"10005ed1","FUN_10005ed1","1001c18b","__EH_prolog3"
"10005f5f","FUN_10005f5f","10005791","FUN_10005791"
"10005f8f","FUN_10005f8f","10006493","FUN_10006493"
"10005f8f","FUN_10005f8f","1001c168","__EH_epilog3"
"10005f8f","FUN_10005f8f","1001c18b","__EH_prolog3"
"10005fd3","operator=","10007169","FUN_10007169"
"10005ff7","FUN_10005ff7","1000369d","sentry"
"10005ff7","FUN_10005ff7","100039ba","FUN_100039ba"
"10005ff7","FUN_10005ff7","100039d8","FUN_100039d8"
"10005ff7","FUN_10005ff7","100045b9","FUN_100045b9"
"10005ff7","FUN_10005ff7","10005e43","FUN_10005e43"
"10005ff7","FUN_10005ff7","1001c168","__EH_epilog3"
"10005ff7","FUN_10005ff7","1001c1f4","__EH_prolog3_catch"
"10006093","Catch_All@10006093","100045b9","FUN_100045b9"
"100060fe","FUN_100060fe","1000369d","sentry"
"100060fe","FUN_100060fe","100039ba","FUN_100039ba"
"100060fe","FUN_100060fe","100039d8","FUN_100039d8"
"100060fe","FUN_100060fe","100045b9","FUN_100045b9"
"100060fe","FUN_100060fe","10005e43","FUN_10005e43"
"100060fe","FUN_100060fe","1001c168","__EH_epilog3"
"100060fe","FUN_100060fe","1001c1f4","__EH_prolog3_catch"
"10006198","Catch_All@10006198","100045b9","FUN_100045b9"
"10006203","FUN_10006203","1001d430","FUN_1001d430"
"10006203","FUN_10006203","1001d9b0","_memset"
"10006236","FUN_10006236","1001d430","FUN_1001d430"
"10006236","FUN_10006236","1001d9b0","_memset"
"1000627f","FUN_1000627f","1000686e","Tidy"
"1000627f","FUN_1000627f","1001be00","FUN_1001be00"
"10006346","FUN_10006346","1000341a","FUN_1000341a"
"10006346","FUN_10006346","100038f5","FUN_100038f5"
"10006346","FUN_10006346","10003ed5","FUN_10003ed5"
"10006346","FUN_10006346","1001c12a","operator_new"
"10006346","FUN_10006346","1001c168","__EH_epilog3"
"10006346","FUN_10006346","1001c18b","__EH_prolog3"
"100063b1","FUN_100063b1","1000341a","FUN_1000341a"
"100063b1","FUN_100063b1","100038f5","FUN_100038f5"
"100063b1","FUN_100063b1","10003ed5","FUN_10003ed5"
"100063b1","FUN_100063b1","10005f8f","FUN_10005f8f"
"100063b1","FUN_100063b1","1001c12a","operator_new"
"100063b1","FUN_100063b1","1001c168","__EH_epilog3"
"100063b1","FUN_100063b1","1001c18b","__EH_prolog3"
"10006493","FUN_10006493","10005cb2","FUN_10005cb2"
"10006493","FUN_10006493","10005cba","FUN_10005cba"
"10006493","FUN_10006493","10018afc","__Getcvt"
"10006493","FUN_10006493","1001c168","__EH_epilog3"
"10006493","FUN_10006493","1001c18b","__EH_prolog3"
"10006493","FUN_10006493","10025963","_localeconv"
"10006559","FUN_10006559","10002753","FUN_10002753"
"10006559","FUN_10006559","10002faf","FUN_10002faf"
"10006559","FUN_10006559","100039ba","FUN_100039ba"
"10006559","FUN_10006559","10005ed1","FUN_10005ed1"
"10006559","FUN_10006559","10005f5f","FUN_10005f5f"
"10006559","FUN_10006559","1000680f","FUN_1000680f"
"10006559","FUN_10006559","10006842","FUN_10006842"
"10006559","FUN_10006559","10007018","FUN_10007018"
"10006559","FUN_10006559","1001c17c","FUN_1001c17c"
"10006559","FUN_10006559","1001c1be","__EH_prolog3_GS"
"1000680f","FUN_1000680f","10005fd3","operator="
"10006842","FUN_10006842","10005fd3","operator="
"1000686e","Tidy","100225ce","FUN_100225ce"
"1000688e","FUN_1000688e","10005cf8","FUN_10005cf8"
"1000688e","FUN_1000688e","1001d9b0","_memset"
"100068e9","FUN_100068e9","10003343","FUN_10003343"
"100068ff","FUN_100068ff","10003343","FUN_10003343"
"10006915","do_put","1000641e","_Ifmt"
"10006915","do_put","10006559","FUN_10006559"
"10006915","do_put","10007284","FUN_10007284"
"10006915","do_put","1001c15a","__security_check_cookie"
"10006980","do_put","1000641e","_Ifmt"
"10006980","do_put","10006559","FUN_10006559"
"10006980","do_put","10007284","FUN_10007284"
"10006980","do_put","1001c15a","__security_check_cookie"
"100069eb","FUN_100069eb","1000134c","FUN_1000134c"
"100069eb","FUN_100069eb","1000580e","FUN_1000580e"
"100069eb","FUN_100069eb","1000583f","FUN_1000583f"
"100069eb","FUN_100069eb","100062ad","FUN_100062ad"
"100069eb","FUN_100069eb","1000713d","FUN_1000713d"
"100069eb","FUN_100069eb","10007284","FUN_10007284"
"100069eb","FUN_100069eb","1001be00","FUN_1001be00"
"100069eb","FUN_100069eb","1001c17c","FUN_1001c17c"
"100069eb","FUN_100069eb","1001c1be","__EH_prolog3_GS"
"100069eb","FUN_100069eb","10025726","FUN_10025726"
"100069eb","FUN_100069eb","100257b3","FID_conflict:__dtest"
"100069eb","FUN_100069eb","10025822","_fabs"
"100069eb","FUN_100069eb","10025869","FUN_10025869"
"10006b85","FUN_10006b85","1000134c","FUN_1000134c"
"10006b85","FUN_10006b85","1000580e","FUN_1000580e"
"10006b85","FUN_10006b85","1000583f","FUN_1000583f"
"10006b85","FUN_10006b85","100062ad","FUN_100062ad"
"10006b85","FUN_10006b85","1000713d","FUN_1000713d"
"10006b85","FUN_10006b85","10007284","FUN_10007284"
"10006b85","FUN_10006b85","1001be00","FUN_1001be00"
"10006b85","FUN_10006b85","1001c17c","FUN_1001c17c"
"10006b85","FUN_10006b85","1001c1be","__EH_prolog3_GS"
"10006b85","FUN_10006b85","10025726","FUN_10025726"
"10006b85","FUN_10006b85","10025817","FUN_10025817"
"10006b85","FUN_10006b85","10025822","_fabs"
"10006b85","FUN_10006b85","10025869","FUN_10025869"
"10006d1f","do_put","10006559","FUN_10006559"
"10006d1f","do_put","10007284","FUN_10007284"
"10006d1f","do_put","1001c15a","__security_check_cookie"
"10006d7a","do_put","1000641e","_Ifmt"
"10006d7a","do_put","10006559","FUN_10006559"
"10006d7a","do_put","10007284","FUN_10007284"
"10006d7a","do_put","1001c15a","__security_check_cookie"
"10006de8","do_put","1000641e","_Ifmt"
"10006de8","do_put","10006559","FUN_10006559"
"10006de8","do_put","10007284","FUN_10007284"
"10006de8","do_put","1001c15a","__security_check_cookie"
"10006e56","FUN_10006e56","1000134c","FUN_1000134c"
"10006e56","FUN_10006e56","1000270d","FUN_1000270d"
"10006e56","FUN_10006e56","10002753","FUN_10002753"
"10006e56","FUN_10006e56","100039ba","FUN_100039ba"
"10006e56","FUN_10006e56","10005ed1","FUN_10005ed1"
"10006e56","FUN_10006e56","1000680f","FUN_1000680f"
"10006e56","FUN_10006e56","10006842","FUN_10006842"
"10006e56","FUN_10006e56","1001be00","FUN_1001be00"
"10006e56","FUN_10006e56","1001c17c","FUN_1001c17c"
"10006e56","FUN_10006e56","1001c1be","__EH_prolog3_GS"
"10007002","FUN_10007002","10003343","FUN_10003343"
"10007018","FUN_10007018","10002787","FUN_10002787"
"10007018","FUN_10007018","10005d86","FUN_10005d86"
"10007018","FUN_10007018","1001d430","FUN_1001d430"
"10007018","FUN_10007018","1001d9b0","_memset"
"10007088","FUN_10007088","1000369d","sentry"
"10007088","FUN_10007088","1000710d","FUN_1000710d"
"10007088","FUN_10007088","10007169","FUN_10007169"
"10007088","FUN_10007088","1001c1f4","__EH_prolog3_catch"
"100070d7","Catch_All@100070d7","100045b9","FUN_100045b9"
"1000710d","FUN_1000710d","100039d8","FUN_100039d8"
"1000710d","FUN_1000710d","100045b9","FUN_100045b9"
"1000710d","FUN_1000710d","1001c168","__EH_epilog3"
"1000713d","FUN_1000713d","1000688e","FUN_1000688e"
"100071a9","FUN_100071a9","10005f5f","FUN_10005f5f"
"100071a9","FUN_100071a9","10007210","FUN_10007210"
"100071a9","FUN_100071a9","10007284","FUN_10007284"
"10007210","FUN_10007210","10007226","FUN_10007226"
"10007226","FUN_10007226","10007204","FUN_10007204"
"10007226","FUN_10007226","1002508a","FUN_1002508a"
"10007256","FUN_10007256","10007204","FUN_10007204"
"10007256","FUN_10007256","100250cb","FUN_100250cb"
"10007284","FUN_10007284","10007256","FUN_10007256"
"100072a0","FUN_100072a0","100076b1","FUN_100076b1"
"100072ce","FUN_100072ce","10007cce","FUN_10007cce"
"100072f9","FUN_100072f9","10007c33","FUN_10007c33"
"1000730e","FUN_1000730e","10007d2c","FUN_10007d2c"
"10007338","FUN_10007338","10007926","FUN_10007926"
"1000735a","FUN_1000735a","10001320","_Deallocate<>"
"1000735a","FUN_1000735a","10004958","FUN_10004958"
"1000735a","FUN_1000735a","10007cce","FUN_10007cce"
"1000735a","FUN_1000735a","10007d00","FUN_10007d00"
"1000735a","FUN_1000735a","10009893","FUN_10009893"
"1000735a","FUN_1000735a","1000a112","FUN_1000a112"
"1000735a","FUN_1000735a","1000a3f7","FUN_1000a3f7"
"1000735a","FUN_1000735a","1000a499","FUN_1000a499"
"1000735a","FUN_1000735a","1000a680","FUN_1000a680"
"1000735a","FUN_1000735a","1001c12a","operator_new"
"1000735a","FUN_1000735a","1001c168","__EH_epilog3"
"1000735a","FUN_1000735a","1001c18b","__EH_prolog3"
"100074c2","FUN_100074c2","1000785f","FUN_1000785f"
"100074c2","FUN_100074c2","1001c168","__EH_epilog3"
"100074c2","FUN_100074c2","1001c18b","__EH_prolog3"
"100074f3","FUN_100074f3","100046cc","FUN_100046cc"
"100074f3","FUN_100074f3","10007b7d","FUN_10007b7d"
"1000753c","FUN_1000753c","100074f3","FUN_100074f3"
"1000753c","FUN_1000753c","10007a2a","FUN_10007a2a"
"1000753c","FUN_1000753c","10008022","FUN_10008022"
"1000753c","FUN_1000753c","1000847c","FUN_1000847c"
"1000753c","FUN_1000753c","1000990e","FUN_1000990e"
"1000753c","FUN_1000753c","1001c168","__EH_epilog3"
"1000753c","FUN_1000753c","1001c18b","__EH_prolog3"
"100075bd","FUN_100075bd","10017229","FUN_10017229"
"100075d0","FUN_100075d0","10017229","FUN_10017229"
"100075e3","FUN_100075e3","10017229","FUN_10017229"
"100075f9","FUN_100075f9","100172dc","FUN_100172dc"
"1000760d","FUN_1000760d","10007751","FUN_10007751"
"1000760d","FUN_1000760d","100097ba","FUN_100097ba"
"10007681","FUN_10007681","10009d97","FUN_10009d97"
"100076b1","FUN_100076b1","10007c44","FUN_10007c44"
"100076b1","FUN_100076b1","10007cce","FUN_10007cce"
"100076e1","FUN_100076e1","10007901","FUN_10007901"
"100076e1","FUN_100076e1","100094d5","FUN_100094d5"
"10007731","FUN_10007731","1000776c","FUN_1000776c"
"10007751","FUN_10007751","1000776c","FUN_1000776c"
"1000776c","FUN_1000776c","1001d430","FUN_1001d430"
"1000778b","FUN_1000778b","100074f3","FUN_100074f3"
"1000778b","FUN_1000778b","1000753c","FUN_1000753c"
"1000778b","FUN_1000778b","1001c12a","operator_new"
"1000778b","FUN_1000778b","1001c168","__EH_epilog3"
"1000778b","FUN_1000778b","1001c18b","__EH_prolog3"
"100077f7","FUN_100077f7","10007c93","FUN_10007c93"
"100077f7","FUN_100077f7","1001c12a","operator_new"
"100077f7","FUN_100077f7","1001c168","__EH_epilog3"
"100077f7","FUN_100077f7","1001c18b","__EH_prolog3"
"1000783c","FUN_1000783c","10007853","FUN_10007853"
"10007853","FUN_10007853","10008b9e","FUN_10008b9e"
"1000785f","FUN_1000785f","100046cc","FUN_100046cc"
"1000785f","FUN_1000785f","100077f7","FUN_100077f7"
"10007883","FUN_10007883","100046cc","FUN_100046cc"
"100078ac","FUN_100078ac","100046cc","FUN_100046cc"
"100078ac","FUN_100078ac","10007b51","FUN_10007b51"
"100078d8","FUN_100078d8","100046cc","FUN_100046cc"
"10007901","FUN_10007901","10007731","FUN_10007731"
"10007944","FUN_10007944","1000778b","FUN_1000778b"
"10007944","FUN_10007944","1000813b","FUN_1000813b"
"10007944","FUN_10007944","10009c61","FUN_10009c61"
"10007944","FUN_10007944","1001c168","__EH_epilog3"
"10007944","FUN_10007944","1001c18b","__EH_prolog3"
"1000799f","FUN_1000799f","1000a87b","FUN_1000a87b"
"100079be","FUN_100079be","1000766f","FUN_1000766f"
"100079be","FUN_100079be","10007677","FUN_10007677"
"100079e4","FUN_100079e4","10009c0d","FUN_10009c0d"
"100079e4","FUN_100079e4","10019725","_abort"
"100079e4","FUN_100079e4","1002598b","_abort"
"100079e4","FUN_100079e4","EXTERNAL:0000002f","InitOnceBeginInitialize"
"100079e4","FUN_100079e4","EXTERNAL:00000030","InitOnceComplete"
"10007a2a","FUN_10007a2a","10001320","_Deallocate<>"
"10007a2a","FUN_10007a2a","1000735a","FUN_1000735a"
"10007a2a","FUN_10007a2a","100083ff","FUN_100083ff"
"10007a2a","FUN_10007a2a","1000a83c","FUN_1000a83c"
"10007a2a","FUN_10007a2a","1001c168","__EH_epilog3"
"10007a2a","FUN_10007a2a","1001c18b","__EH_prolog3"
"10007aaf","FUN_10007aaf","100072a0","FUN_100072a0"
"10007aaf","FUN_10007aaf","1001c12a","operator_new"
"10007ae6","FUN_10007ae6","1000730e","FUN_1000730e"
"10007ae6","FUN_10007ae6","1001c12a","operator_new"
"10007ae6","FUN_10007ae6","1001c168","__EH_epilog3"
"10007ae6","FUN_10007ae6","1001c18b","__EH_prolog3"
"10007b26","FUN_10007b26","100198ba","FUN_100198ba"
"10007b7d","FUN_10007b7d","10007d73","FUN_10007d73"
"10007b7d","FUN_10007b7d","10007f1c","FUN_10007f1c"
"10007bd8","FUN_10007bd8","10007338","FUN_10007338"
"10007bd8","FUN_10007bd8","10007d73","FUN_10007d73"
"10007c33","FUN_10007c33","10007cf0","FUN_10007cf0"
"10007c33","FUN_10007c33","1002598b","_abort"
"10007c44","FUN_10007c44","10007cce","FUN_10007cce"
"10007c44","FUN_10007c44","10007e56","FUN_10007e56"
"10007c44","FUN_10007c44","1000990e","FUN_1000990e"
"10007c93","FUN_10007c93","1001c168","__EH_epilog3"
"10007c93","FUN_10007c93","1001c18b","__EH_prolog3"
"10007cce","FUN_10007cce","10007712","_Copy_construct_from<>"
"10007d00","FUN_10007d00","100076e1","FUN_100076e1"
"10007d2c","FUN_10007d2c","10007d00","FUN_10007d00"
"10007d2c","FUN_10007d2c","10007ef7","FUN_10007ef7"
"10007d2c","FUN_10007d2c","1001c168","__EH_epilog3"
"10007d2c","FUN_10007d2c","1001c18b","__EH_prolog3"
"10007da4","FUN_10007da4","10002753","FUN_10002753"
"10007da4","FUN_10007da4","1000363e","FUN_1000363e"
"10007da4","FUN_10007da4","1001c15a","__security_check_cookie"
"10007e02","FUN_10007e02","10007cce","FUN_10007cce"
"10007e02","FUN_10007e02","10007d73","FUN_10007d73"
"10007e02","FUN_10007e02","1000990e","FUN_1000990e"
"10007e56","FUN_10007e56","10007cce","FUN_10007cce"
"10007e56","FUN_10007e56","10007d73","FUN_10007d73"
"10007e56","FUN_10007e56","10007e02","FUN_10007e02"
"10007e56","FUN_10007e56","1000990e","FUN_1000990e"
"10007ef7","FUN_10007ef7","10019537","FUN_10019537"
"10007f1c","FUN_10007f1c","10019547","FUN_10019547"
"10007f37","FUN_10007f37","100018b8","FUN_100018b8"
"10007f61","FUN_10007f61","1000357a","FUN_1000357a"
"10007f61","FUN_10007f61","10007830","FUN_10007830"
"10007f90","FUN_10007f90","100018b8","FUN_100018b8"
"10007fab","FUN_10007fab","1000357a","FUN_1000357a"
"10007fc6","FUN_10007fc6","100018b8","FUN_100018b8"
"10007fe1","FUN_10007fe1","1000357a","FUN_1000357a"
"10008000","FUN_10008000","10007da4","FUN_10007da4"
"10008022","FUN_10008022","10007cce","FUN_10007cce"
"10008022","FUN_10008022","10009bf2","FUN_10009bf2"
"10008022","FUN_10008022","10019d23","FUN_10019d23"
"10008022","FUN_10008022","1001c168","__EH_epilog3"
"10008022","FUN_10008022","1001c18b","__EH_prolog3"
"10008097","FUN_10008097","1001963e","__ExceptionPtrDestroy"
"10008097","FUN_10008097","10019a76","FUN_10019a76"
"100080c2","FUN_100080c2","10004394","guard_check_icall"
"100080c2","FUN_100080c2","1000990e","FUN_1000990e"
"10008120","FUN_10008120","10008097","FUN_10008097"
"10008120","FUN_10008120","1000a65f","FUN_1000a65f"
"10008150","FUN_10008150","10008120","FUN_10008120"
"10008150","FUN_10008150","1000990e","FUN_1000990e"
"10008150","FUN_10008150","1000a768","FUN_1000a768"
"100081a9","~call<unsigned_int,std::function<void___cdecl(unsigned_int_const&)>_>","1000833d","FUN_1000833d"
"100081a9","~call<unsigned_int,std::function<void___cdecl(unsigned_int_const&)>_>","10009aae","FUN_10009aae"
"100081a9","~call<unsigned_int,std::function<void___cdecl(unsigned_int_const&)>_>","1000a65f","FUN_1000a65f"
"100081fe","FUN_100081fe","1001973b","FUN_1001973b"
"10008213","FUN_10008213","1001973b","FUN_1001973b"
"10008222","FUN_10008222","10009043","FUN_10009043"
"10008230","~refcount_ptr<boost::exception_detail::error_info_container>","10004394","guard_check_icall"
"10008269","FUN_10008269","10004394","guard_check_icall"
"10008269","FUN_10008269","1000766f","FUN_1000766f"
"10008269","FUN_10008269","1000a680","FUN_1000a680"
"10008269","FUN_10008269","1001963e","__ExceptionPtrDestroy"
"100082cf","FUN_100082cf","1001be00","FUN_1001be00"
"100082e0","FUN_100082e0","1000a65f","FUN_1000a65f"
"100082e0","FUN_100082e0","1001be00","FUN_1001be00"
"100082fa","FUN_100082fa","1000a680","FUN_1000a680"
"10008302","FUN_10008302","10004394","guard_check_icall"
"1000833d","FUN_1000833d","1000990e","FUN_1000990e"
"1000833d","FUN_1000833d","1000a112","FUN_1000a112"
"1000833d","FUN_1000833d","1000a680","FUN_1000a680"
"100083ae","FUN_100083ae","1000a112","FUN_1000a112"
"100083f7","FUN_100083f7","1001963e","__ExceptionPtrDestroy"
"100083ff","FUN_100083ff","10004394","guard_check_icall"
"100083ff","FUN_100083ff","1000990e","FUN_1000990e"
"100083ff","FUN_100083ff","1000a112","FUN_1000a112"
"100083ff","FUN_100083ff","1000a680","FUN_1000a680"
"1000847c","FUN_1000847c","1000990e","FUN_1000990e"
"100084b1","FUN_100084b1","10007712","_Copy_construct_from<>"
"100084b1","FUN_100084b1","1000990e","FUN_1000990e"
"100084f0","FUN_100084f0","1000760d","FUN_1000760d"
"10008516","FUN_10008516","100178eb","FUN_100178eb"
"10008b93","FUN_10008b93","1000766f","FUN_1000766f"
"10008b9e","FUN_10008b9e","100075bd","FUN_100075bd"
"10008b9e","FUN_10008b9e","100075e3","FUN_100075e3"
"10008b9e","FUN_10008b9e","10008516","FUN_10008516"
"10008b9e","FUN_10008b9e","100170b8","FUN_100170b8"
"10008b9e","FUN_10008b9e","10017146","FUN_10017146"
"10008b9e","FUN_10008b9e","10017471","FUN_10017471"
"10008b9e","FUN_10008b9e","10017483","FUN_10017483"
"10008b9e","FUN_10008b9e","10017702","FUN_10017702"
"10008b9e","FUN_10008b9e","10017894","FUN_10017894"
"10008b9e","FUN_10008b9e","100178a2","FUN_100178a2"
"10008b9e","FUN_10008b9e","100178e8","FUN_100178e8"
"10008b9e","FUN_10008b9e","10017901","FUN_10017901"
"10008b9e","FUN_10008b9e","1001790c","FUN_1001790c"
"10008b9e","FUN_10008b9e","10017917","FUN_10017917"
"10008b9e","FUN_10008b9e","10017922","FUN_10017922"
"10008b9e","FUN_10008b9e","1001c17c","FUN_1001c17c"
"10008b9e","FUN_10008b9e","1001c1be","__EH_prolog3_GS"
"10008b9e","FUN_10008b9e","1001d9b0","_memset"
"10008da0","FUN_10008da0","100075ac","FUN_100075ac"
"10008da0","FUN_10008da0","1000990e","FUN_1000990e"
"10008da0","FUN_10008da0","1000aa05","FUN_1000aa05"
"10008da0","FUN_10008da0","1001c168","__EH_epilog3"
"10008da0","FUN_10008da0","1001c18b","__EH_prolog3"
"10008deb","FUN_10008deb","10004394","guard_check_icall"
"10008deb","FUN_10008deb","10007712","_Copy_construct_from<>"
"10008deb","FUN_10008deb","100078ac","FUN_100078ac"
"10008deb","FUN_10008deb","10009530","FUN_10009530"
"10008deb","FUN_10008deb","1000978b","FUN_1000978b"
"10008deb","FUN_10008deb","1000990e","FUN_1000990e"
"10008deb","FUN_10008deb","1000a3f7","FUN_1000a3f7"
"10008deb","FUN_10008deb","1001c168","__EH_epilog3"
"10008deb","FUN_10008deb","1001c1f4","__EH_prolog3_catch"
"10008e97","Catch_All@10008e97","10007f1c","FUN_10007f1c"
"10008e97","Catch_All@10008e97","1000971a","FUN_1000971a"
"10008e97","Catch_All@10008e97","1001955c","FUN_1001955c"
"10008e97","Catch_All@10008e97","1001963e","__ExceptionPtrDestroy"
"10008ecb","FUN_10008ecb","10008097","FUN_10008097"
"10008ecb","FUN_10008ecb","1001be00","FUN_1001be00"
"10008eed","FUN_10008eed","10009936","FUN_10009936"
"10008eed","FUN_10008eed","1001be00","FUN_1001be00"
"10008f18","`scalar_deleting_destructor'","10008120","FUN_10008120"
"10008f18","`scalar_deleting_destructor'","1001be00","FUN_1001be00"
"10008f3d","FUN_10008f3d","1000990e","FUN_1000990e"
"10008f3d","FUN_10008f3d","1001be00","FUN_1001be00"
"10008f66","FUN_10008f66","100080c2","FUN_100080c2"
"10008f66","FUN_10008f66","1001be00","FUN_1001be00"
"10008f8e","FUN_10008f8e","100080c2","FUN_100080c2"
"10008f8e","FUN_10008f8e","1001be00","FUN_1001be00"
"10008fb0","FUN_10008fb0","1001be00","FUN_1001be00"
"10008fd6","FUN_10008fd6","1001be00","FUN_1001be00"
"10008ff9","FUN_10008ff9","10008150","FUN_10008150"
"10008ff9","FUN_10008ff9","1001be00","FUN_1001be00"
"1000901e","`scalar_deleting_destructor'","100081a9","~call<unsigned_int,std::function<void___cdecl(unsigned_int_const&)>_>"
"1000901e","`scalar_deleting_destructor'","1001be00","FUN_1001be00"
"10009043","FUN_10009043","10019be8","FUN_10019be8"
"10009043","FUN_10009043","1001be00","FUN_1001be00"
"1000909d","FUN_1000909d","1001be00","FUN_1001be00"
"100090c0","FUN_100090c0","1001be00","FUN_1001be00"
"100090e3","FUN_100090e3","1000833d","FUN_1000833d"
"100090e3","FUN_100090e3","1001be00","FUN_1001be00"
"10009157","FUN_10009157","10017483","FUN_10017483"
"10009157","FUN_10009157","1001c12a","operator_new"
"1000946a","FUN_1000946a","1000aa28","FUN_1000aa28"
"1000946a","FUN_1000946a","1001973b","FUN_1001973b"
"1000946a","FUN_1000946a","100198ba","FUN_100198ba"
"100094d5","FUN_100094d5","1000a831","FUN_1000a831"
"100094d5","FUN_100094d5","1000a85a","FUN_1000a85a"
"10009530","FUN_10009530","10007c93","FUN_10007c93"
"10009530","FUN_10009530","1000a65f","FUN_1000a65f"
"10009530","FUN_10009530","10019d59","FUN_10019d59"
"10009530","FUN_10009530","1001c168","__EH_epilog3"
"10009530","FUN_10009530","1001c18b","__EH_prolog3"
"1000956c","FUN_1000956c","1000a573","FUN_1000a573"
"1000956c","FUN_1000956c","10017be7","FUN_10017be7"
"1000956c","FUN_1000956c","1001c168","__EH_epilog3"
"1000956c","FUN_1000956c","1001c1f4","__EH_prolog3_catch"
"100095ad","Catch_All@100095ad","1000a4ba","FUN_1000a4ba"
"100095ad","Catch_All@100095ad","1000a8ce","FUN_1000a8ce"
"10009600","FUN_10009600","10004394","guard_check_icall"
"10009600","FUN_10009600","100078d8","FUN_100078d8"
"10009600","FUN_10009600","100084b1","FUN_100084b1"
"10009600","FUN_10009600","1000a375","FUN_1000a375"
"10009600","FUN_10009600","1000a469","FUN_1000a469"
"10009600","FUN_10009600","1000a65f","FUN_1000a65f"
"10009600","FUN_10009600","1000aa28","FUN_1000aa28"
"10009600","FUN_10009600","1001973b","FUN_1001973b"
"10009600","FUN_10009600","1001c17c","FUN_1001c17c"
"10009600","FUN_10009600","1001c1be","__EH_prolog3_GS"
"1000971a","FUN_1000971a","10007ae6","FUN_10007ae6"
"1000971a","FUN_1000971a","10007d00","FUN_10007d00"
"1000971a","FUN_1000971a","1000990e","FUN_1000990e"
"1000971a","FUN_1000971a","1000a680","FUN_1000a680"
"1000971a","FUN_1000971a","1001c168","__EH_epilog3"
"1000971a","FUN_1000971a","1001c18b","__EH_prolog3"
"1000978b","FUN_1000978b","10004394","guard_check_icall"
"1000978b","FUN_1000978b","1001c168","__EH_epilog3"
"1000978b","FUN_1000978b","1001c18b","__EH_prolog3"
"100097ba","FUN_100097ba","10001320","_Deallocate<>"
"100097ba","FUN_100097ba","10009504","FUN_10009504"
"100097ba","FUN_100097ba","1000a831","FUN_1000a831"
"100097ba","FUN_100097ba","1000a85a","FUN_1000a85a"
"1000982c","FUN_1000982c","100077f7","FUN_100077f7"
"1000984f","FUN_1000984f","100072ce","FUN_100072ce"
"10009878","FUN_10009878","100072f9","FUN_100072f9"
"10009878","FUN_10009878","10008474","FUN_10008474"
"10009893","FUN_10009893","10007338","FUN_10007338"
"10009893","FUN_10009893","10007cce","FUN_10007cce"
"10009893","FUN_10009893","1000847c","FUN_1000847c"
"10009893","FUN_10009893","1000990e","FUN_1000990e"
"10009893","FUN_10009893","10009ec2","FUN_10009ec2"
"10009893","FUN_10009893","1000a090","FUN_1000a090"
"10009893","FUN_10009893","1001c168","__EH_epilog3"
"10009893","FUN_10009893","1001c18b","__EH_prolog3"
"10009962","FUN_10009962","1001be00","FUN_1001be00"
"10009979","FUN_10009979","1000a65f","FUN_1000a65f"
"10009979","FUN_10009979","1001be00","FUN_1001be00"
"1000999c","FUN_1000999c","10008f3d","FUN_10008f3d"
"1000999c","FUN_1000999c","1001be00","FUN_1001be00"
"100099ca","FUN_100099ca","1000766f","FUN_1000766f"
"100099ca","FUN_100099ca","10007677","FUN_10007677"
"100099ca","FUN_100099ca","1000799f","FUN_1000799f"
"100099ca","FUN_100099ca","100079be","FUN_100079be"
"100099ca","FUN_100099ca","10007b26","FUN_10007b26"
"100099ca","FUN_100099ca","1000a112","FUN_1000a112"
"100099ca","FUN_100099ca","1000aa28","FUN_1000aa28"
"100099ca","FUN_100099ca","1000aafa","FUN_1000aafa"
"100099ca","FUN_100099ca","1001973b","FUN_1001973b"
"100099ca","FUN_100099ca","10019d53","GetCurrentThreadId"
"100099ca","FUN_100099ca","1001c168","__EH_epilog3"
"100099ca","FUN_100099ca","1001c18b","__EH_prolog3"
"10009aae","FUN_10009aae","100099ca","FUN_100099ca"
"10009aae","FUN_10009aae","1000a112","FUN_1000a112"
"10009add","FUN_10009add","10008269","FUN_10008269"
"10009af0","FUN_10009af0","1000956c","FUN_1000956c"
"10009af8","FUN_10009af8","10007a95","FUN_10007a95"
"10009b03","FUN_10009b03","10008deb","FUN_10008deb"
"10009b0b","FUN_10009b0b","1000a3f7","FUN_1000a3f7"
"10009b19","FUN_10009b19","1000a269","FUN_1000a269"
"10009b21","FUN_10009b21","1000783c","FUN_1000783c"
"10009b2c","FUN_10009b2c","10009fd1","FUN_10009fd1"
"10009b2c","FUN_10009b2c","100198a6","FUN_100198a6"
"10009b5b","FUN_10009b5b","10008da0","FUN_10008da0"
"10009b63","FUN_10009b63","1000a269","FUN_1000a269"
"10009b63","FUN_10009b63","1000a469","FUN_1000a469"
"10009b63","FUN_10009b63","1000aa28","FUN_1000aa28"
"10009b63","FUN_10009b63","1001973b","FUN_1001973b"
"10009bf2","FUN_10009bf2","100079e4","FUN_100079e4"
"10009c0d","FUN_10009c0d","1001c115","FUN_1001c115"
"10009c0d","FUN_10009c0d","1001c424","FUN_1001c424"
"10009c0d","FUN_10009c0d","1001c475","FUN_1001c475"
"10009c61","FUN_10009c61","1000a60f","FUN_1000a60f"
"10009c61","FUN_10009c61","1000abbf","FUN_1000abbf"
"10009c87","FUN_10009c87","10007ef7","FUN_10007ef7"
"10009c87","FUN_10009c87","1000a60f","FUN_1000a60f"
"10009c87","FUN_10009c87","1000aa28","FUN_1000aa28"
"10009c87","FUN_10009c87","1000ab40","FUN_1000ab40"
"10009c87","FUN_10009c87","10019717","FUN_10019717"
"10009c87","FUN_10009c87","1001973b","FUN_1001973b"
"10009c87","FUN_10009c87","100198ba","FUN_100198ba"
"10009c87","FUN_10009c87","1001c168","__EH_epilog3"
"10009c87","FUN_10009c87","1001c18b","__EH_prolog3"
"10009d36","FUN_10009d36","1000a60f","FUN_1000a60f"
"10009d36","FUN_10009d36","1000abbf","FUN_1000abbf"
"10009d5a","FUN_10009d5a","10009c87","FUN_10009c87"
"10009d5a","FUN_10009d5a","10009f7a","FUN_10009f7a"
"10009d5a","FUN_10009d5a","1000a77b","FUN_1000a77b"
"10009dbc","FUN_10009dbc","10004394","guard_check_icall"
"10009dbc","FUN_10009dbc","100046cc","FUN_100046cc"
"10009dbc","FUN_10009dbc","10009b63","FUN_10009b63"
"10009dbc","FUN_10009dbc","10009f9c","FUN_10009f9c"
"10009dbc","FUN_10009dbc","1000a65f","FUN_1000a65f"
"10009dbc","FUN_10009dbc","10017be7","FUN_10017be7"
"10009dbc","FUN_10009dbc","1001c168","__EH_epilog3"
"10009dbc","FUN_10009dbc","1001c18b","__EH_prolog3"
"10009e62","FUN_10009e62","1000799f","FUN_1000799f"
"10009e62","FUN_10009e62","1000a112","FUN_1000a112"
"10009e62","FUN_10009e62","1000aa28","FUN_1000aa28"
"10009e62","FUN_10009e62","1001973b","FUN_1001973b"
"10009e62","FUN_10009e62","100198a6","FUN_100198a6"
"10009e62","FUN_10009e62","10019d53","GetCurrentThreadId"
"10009ec2","FUN_10009ec2","10007aaf","FUN_10007aaf"
"10009ec2","FUN_10009ec2","1000990e","FUN_1000990e"
"10009ec2","FUN_10009ec2","1001c168","__EH_epilog3"
"10009ec2","FUN_10009ec2","1001c18b","__EH_prolog3"
"10009efd","FUN_10009efd","100074c2","FUN_100074c2"
"10009efd","FUN_10009efd","10007c93","FUN_10007c93"
"10009efd","FUN_10009efd","1000a65f","FUN_1000a65f"
"10009efd","FUN_10009efd","1001c17c","FUN_1001c17c"
"10009efd","FUN_10009efd","1001c1be","__EH_prolog3_GS"
"10009f44","FUN_10009f44","10007b51","FUN_10007b51"
"10009f7a","FUN_10009f7a","10007fab","FUN_10007fab"
"10009f7a","FUN_10009f7a","1001db8f","FUN_1001db8f"
"10009f9c","FUN_10009f9c","10009efd","FUN_10009efd"
"10009f9c","FUN_10009f9c","1000a65f","FUN_1000a65f"
"10009f9c","FUN_10009f9c","1001c168","__EH_epilog3"
"10009f9c","FUN_10009f9c","1001c18b","__EH_prolog3"
"10009fd1","FUN_10009fd1","100199ba","FUN_100199ba"
"10009ff4","FUN_10009ff4","1000766f","FUN_1000766f"
"10009ff4","FUN_10009ff4","10007677","FUN_10007677"
"10009ff4","FUN_10009ff4","10009e62","FUN_10009e62"
"10009ff4","FUN_10009ff4","1000aa28","FUN_1000aa28"
"10009ff4","FUN_10009ff4","1000aabb","FUN_1000aabb"
"10009ff4","FUN_10009ff4","1001973b","FUN_1001973b"
"10009ff4","FUN_10009ff4","1001c168","__EH_epilog3"
"10009ff4","FUN_10009ff4","1001c18b","__EH_prolog3"
"1000a090","FUN_1000a090","10007bd8","FUN_10007bd8"
"1000a090","FUN_1000a090","10009936","FUN_10009936"
"1000a090","FUN_1000a090","10009ff4","FUN_10009ff4"
"1000a090","FUN_1000a090","1001c12a","operator_new"
"1000a090","FUN_1000a090","1001c168","__EH_epilog3"
"1000a090","FUN_1000a090","1001c18b","__EH_prolog3"
"1000a127","FUN_1000a127","100079be","FUN_100079be"
"1000a127","FUN_1000a127","10007ef7","FUN_10007ef7"
"1000a127","FUN_1000a127","10008b93","FUN_10008b93"
"1000a127","FUN_1000a127","1000ab40","FUN_1000ab40"
"1000a154","FUN_1000a154","1001c168","__EH_epilog3"
"1000a154","FUN_1000a154","1001c18b","__EH_prolog3"
"1000a186","FUN_1000a186","1000990e","FUN_1000990e"
"1000a186","FUN_1000a186","1000a2ff","FUN_1000a2ff"
"1000a186","FUN_1000a186","1001c168","__EH_epilog3"
"1000a186","FUN_1000a186","1001c18b","__EH_prolog3"
"1000a1fe","FUN_1000a1fe","10007712","_Copy_construct_from<>"
"1000a1fe","FUN_1000a1fe","1000990e","FUN_1000990e"
"1000a1fe","FUN_1000a1fe","10009bf2","FUN_10009bf2"
"1000a1fe","FUN_1000a1fe","1000ab5d","FUN_1000ab5d"
"1000a1fe","FUN_1000a1fe","1001c168","__EH_epilog3"
"1000a1fe","FUN_1000a1fe","1001c18b","__EH_prolog3"
"1000a269","FUN_1000a269","1000a186","FUN_1000a186"
"1000a28f","FUN_1000a28f","1000956c","FUN_1000956c"
"1000a28f","FUN_1000a28f","1000a6d4","FUN_1000a6d4"
"1000a28f","FUN_1000a28f","1000aa28","FUN_1000aa28"
"1000a28f","FUN_1000a28f","1000ab9b","FUN_1000ab9b"
"1000a2bf","FUN_1000a2bf","10007fe1","FUN_10007fe1"
"1000a2bf","FUN_1000a2bf","10009043","FUN_10009043"
"1000a2bf","FUN_1000a2bf","10019c2e","_Schedule_chore"
"1000a2bf","FUN_1000a2bf","1001db8f","FUN_1001db8f"
"1000a2ff","FUN_1000a2ff","10004958","FUN_10004958"
"1000a2ff","FUN_1000a2ff","10007883","FUN_10007883"
"1000a2ff","FUN_1000a2ff","1000a375","FUN_1000a375"
"1000a2ff","FUN_1000a2ff","1000a3f7","FUN_1000a3f7"
"1000a2ff","FUN_1000a2ff","1000a65f","FUN_1000a65f"
"1000a2ff","FUN_1000a2ff","1001c17c","FUN_1001c17c"
"1000a2ff","FUN_1000a2ff","1001c1be","__EH_prolog3_GS"
"1000a375","FUN_1000a375","10007c93","FUN_10007c93"
"1000a375","FUN_1000a375","1000a1fe","FUN_1000a1fe"
"1000a375","FUN_1000a375","1001c12a","operator_new"
"1000a375","FUN_1000a375","1001c168","__EH_epilog3"
"1000a375","FUN_1000a375","1001c18b","__EH_prolog3"
"1000a3c5","FUN_1000a3c5","1000a154","FUN_1000a154"
"1000a3c5","FUN_1000a3c5","1000ab5d","FUN_1000ab5d"
"1000a3f7","FUN_1000a3f7","1000a3c5","FUN_1000a3c5"
"1000a3f7","FUN_1000a3f7","1001c168","__EH_epilog3"
"1000a3f7","FUN_1000a3f7","1001c1f4","__EH_prolog3_catch"
"1000a42f","Catch_All@1000a42f","10007f1c","FUN_10007f1c"
"1000a42f","Catch_All@1000a42f","1000971a","FUN_1000971a"
"1000a42f","Catch_All@1000a42f","1001955c","FUN_1001955c"
"1000a42f","Catch_All@1000a42f","1001963e","__ExceptionPtrDestroy"
"1000a469","FUN_1000a469","1000aa28","FUN_1000aa28"
"1000a469","FUN_1000a469","1001973b","FUN_1001973b"
"1000a469","FUN_1000a469","100198a6","FUN_100198a6"
"1000a499","FUN_1000a499","100084f0","FUN_100084f0"
"1000a4ba","FUN_1000a4ba","10007ef7","FUN_10007ef7"
"1000a4ba","FUN_1000a4ba","1000a522","FUN_1000a522"
"1000a4ba","FUN_1000a4ba","1000aa28","FUN_1000aa28"
"1000a4ba","FUN_1000a4ba","1001963e","__ExceptionPtrDestroy"
"1000a4ba","FUN_1000a4ba","1001973b","FUN_1001973b"
"1000a4ba","FUN_1000a4ba","1001c168","__EH_epilog3"
"1000a4ba","FUN_1000a4ba","1001c18b","__EH_prolog3"
"1000a522","FUN_1000a522","1000a60f","FUN_1000a60f"
"1000a522","FUN_1000a522","10019527","FUN_10019527"
"1000a522","FUN_1000a522","1001963e","__ExceptionPtrDestroy"
"1000a522","FUN_1000a522","1001c168","__EH_epilog3"
"1000a522","FUN_1000a522","1001c18b","__EH_prolog3"
"1000a573","FUN_1000a573","1000a5c3","FUN_1000a5c3"
"1000a573","FUN_1000a573","1000aa28","FUN_1000aa28"
"1000a573","FUN_1000a573","1001973b","FUN_1001973b"
"1000a573","FUN_1000a573","1001c168","__EH_epilog3"
"1000a573","FUN_1000a573","1001c18b","__EH_prolog3"
"1000a5c3","FUN_1000a5c3","1000a60f","FUN_1000a60f"
"1000a60f","FUN_1000a60f","10007f61","FUN_10007f61"
"1000a60f","FUN_1000a60f","1001db8f","FUN_1001db8f"
"1000a62f","FUN_1000a62f","10008000","FUN_10008000"
"1000a62f","FUN_1000a62f","1000aa4f","FUN_1000aa4f"
"1000a62f","FUN_1000a62f","1001db8f","FUN_1001db8f"
"1000a680","FUN_1000a680","10001320","_Deallocate<>"
"1000a6a6","FUN_1000a6a6","1000aa28","FUN_1000aa28"
"1000a6a6","FUN_1000a6a6","1001973b","FUN_1001973b"
"1000a6d4","FUN_1000a6d4","1000a62f","FUN_1000a62f"
"1000a702","FUN_1000a702","1000aa28","FUN_1000aa28"
"1000a702","FUN_1000a702","1001973b","FUN_1001973b"
"1000a702","FUN_1000a702","100198ba","FUN_100198ba"
"1000a702","FUN_1000a702","1001c168","__EH_epilog3"
"1000a702","FUN_1000a702","1001c18b","__EH_prolog3"
"1000a768","FUN_1000a768","1000a77b","FUN_1000a77b"
"1000a77b","FUN_1000a77b","1000946a","FUN_1000946a"
"1000a77b","FUN_1000a77b","1000a7c1","FUN_1000a7c1"
"1000a77b","FUN_1000a77b","1001c1f4","__EH_prolog3_catch"
"1000a7c1","FUN_1000a7c1","1000946a","FUN_1000946a"
"1000a7c1","FUN_1000a7c1","1001c168","__EH_epilog3"
"1000a7f1","Catch_All@1000a7f1","100075ba","FUN_100075ba"
"1000a7f1","Catch_All@1000a7f1","100083f7","FUN_100083f7"
"1000a7f1","Catch_All@1000a7f1","1000971a","FUN_1000971a"
"1000a7f1","Catch_All@1000a7f1","10009d84","FUN_10009d84"
"1000a7f1","Catch_All@1000a7f1","1000a127","FUN_1000a127"
"1000a7f1","Catch_All@1000a7f1","1000a8ce","FUN_1000a8ce"
"1000a831","FUN_1000a831","10017c24","FUN_10017c24"
"1000a83c","FUN_1000a83c","100084f0","FUN_100084f0"
"1000a85a","FUN_1000a85a","100015df","FUN_100015df"
"1000a85a","FUN_1000a85a","10002736","FUN_10002736"
"1000a87b","FUN_1000a87b","1000766f","FUN_1000766f"
"1000a87b","FUN_1000a87b","10007677","FUN_10007677"
"1000a87b","FUN_1000a87b","1001d430","FUN_1001d430"
"1000a8ce","FUN_1000a8ce","10007f1c","FUN_10007f1c"
"1000a8ce","FUN_1000a8ce","1001955c","FUN_1001955c"
"1000a8e7","FUN_1000a8e7","1000994d","FUN_1000994d"
"1000a8e7","FUN_1000a8e7","10009d36","FUN_10009d36"
"1000a8e7","FUN_1000a8e7","1001c168","__EH_epilog3"
"1000a8e7","FUN_1000a8e7","1001c18b","__EH_prolog3"
"1000a92c","FUN_1000a92c","10009dbc","FUN_10009dbc"
"1000a92c","FUN_1000a92c","1000a6a6","FUN_1000a6a6"
"1000a92c","FUN_1000a92c","1000a9eb","FUN_1000a9eb"
"1000a92c","FUN_1000a92c","1001c1f4","__EH_prolog3_catch"
"1000a9b1","Catch_All@1000a9b1","10007f1c","FUN_10007f1c"
"1000a9b1","Catch_All@1000a9b1","1000971a","FUN_1000971a"
"1000a9b1","Catch_All@1000a9b1","1001955c","FUN_1001955c"
"1000a9b1","Catch_All@1000a9b1","1001963e","__ExceptionPtrDestroy"
"1000a9eb","FUN_1000a9eb","10004394","guard_check_icall"
"1000a9eb","FUN_1000a9eb","1001c168","__EH_epilog3"
"1000aa05","FUN_1000aa05","10007681","FUN_10007681"
"1000aa28","FUN_1000aa28","1000a6ec","FUN_1000a6ec"
"1000aa28","FUN_1000aa28","1001972a","FUN_1001972a"
"1000aa28","FUN_1000aa28","10019b07","FUN_10019b07"
"1000aa4f","FUN_1000aa4f","10007836","FUN_10007836"
"1000aa68","FUN_1000aa68","10003343","FUN_10003343"
"1000aa68","FUN_1000aa68","10009bb0","_Future_error_map"
"1000aa68","FUN_1000aa68","100182a8","_Syserror_map"
"1000aa92","FUN_1000aa92","10003343","FUN_10003343"
"1000aa92","FUN_1000aa92","100182a8","_Syserror_map"
"1000aabb","FUN_1000aabb","1001c12a","operator_new"
"1000aafa","FUN_1000aafa","1001be00","FUN_1001be00"
"1000ab40","FUN_1000ab40","1001964d","FUN_1001964d"
"1000ab40","FUN_1000ab40","1001c18b","__EH_prolog3"
"1000ab5d","FUN_1000ab5d","1000a2bf","FUN_1000a2bf"
"1000ab5d","FUN_1000ab5d","1001c12a","operator_new"
"1000ab9b","FUN_1000ab9b","1000a62f","FUN_1000a62f"
"1000ab9b","FUN_1000ab9b","1001973b","FUN_1001973b"
"1000abd7","what","10009bb0","_Future_error_map"
"1000abe1","FUN_1000abe1","10001320","_Deallocate<>"
"1000abe1","FUN_1000abe1","100015df","FUN_100015df"
"1000abe1","FUN_1000abe1","1001d430","FUN_1001d430"
"1000b097","`scalar_deleting_destructor'","1000b2d6","~basic_stringbuf<char,std::char_traits<char>,std::allocator<char>_>"
"1000b097","`scalar_deleting_destructor'","1001be00","FUN_1001be00"
"1000b0b9","FUN_1000b0b9","1000b427","FUN_1000b427"
"1000b0c1","FUN_1000b0c1","10001475","FUN_10001475"
"1000b0c1","FUN_1000b0c1","1000b10b","FUN_1000b10b"
"1000b0c1","FUN_1000b0c1","1001c15a","__security_check_cookie"
"1000b10b","FUN_1000b10b","1001c570","__aulldvrm"
"1000b184","FUN_1000b184","1000312c","FUN_1000312c"
"1000b184","FUN_1000b184","1000495b","FUN_1000495b"
"1000b184","FUN_1000b184","1001c168","__EH_epilog3"
"1000b184","FUN_1000b184","1001c18b","__EH_prolog3"
"1000b1f2","FUN_1000b1f2","1000312c","FUN_1000312c"
"1000b1f2","FUN_1000b1f2","1000b184","FUN_1000b184"
"1000b1f2","FUN_1000b1f2","1000b264","FUN_1000b264"
"1000b1f2","FUN_1000b1f2","1001c168","__EH_epilog3"
"1000b1f2","FUN_1000b1f2","1001c18b","__EH_prolog3"
"1000b264","FUN_1000b264","10003241","FUN_10003241"
"1000b264","FUN_1000b264","1000bc76","FUN_1000bc76"
"1000b293","~basic_ostringstream<char,std::char_traits<char>,std::allocator<char>_>","1000b2d6","~basic_stringbuf<char,std::char_traits<char>,std::allocator<char>_>"
"1000b2d6","~basic_stringbuf<char,std::char_traits<char>,std::allocator<char>_>","100038c7","~basic_streambuf<char,std::char_traits<char>_>"
"1000b2d6","~basic_stringbuf<char,std::char_traits<char>,std::allocator<char>_>","1000bd93","FUN_1000bd93"
"1000b2ec","FUN_1000b2ec","1000270d","FUN_1000270d"
"1000b2ec","FUN_1000b2ec","10002753","FUN_10002753"
"1000b30d","FUN_1000b30d","1000369d","sentry"
"1000b30d","FUN_1000b30d","100039ba","FUN_100039ba"
"1000b30d","FUN_1000b30d","100039d8","FUN_100039d8"
"1000b30d","FUN_1000b30d","100045b9","FUN_100045b9"
"1000b30d","FUN_1000b30d","10005e43","FUN_10005e43"
"1000b30d","FUN_1000b30d","1001c168","__EH_epilog3"
"1000b30d","FUN_1000b30d","1001c1f4","__EH_prolog3_catch"
"1000b3b9","Catch_All@1000b3b9","100045b9","FUN_100045b9"
"1000b427","FUN_1000b427","100037f1","FUN_100037f1"
"1000b427","FUN_1000b427","1000b293","~basic_ostringstream<char,std::char_traits<char>,std::allocator<char>_>"
"1000b427","FUN_1000b427","1001be00","FUN_1001be00"
"1000b458","FUN_1000b458","10001813","FUN_10001813"
"1000b458","FUN_1000b458","10002753","FUN_10002753"
"1000b458","FUN_1000b458","10004564","FUN_10004564"
"1000b458","FUN_1000b458","100071a9","FUN_100071a9"
"1000b458","FUN_1000b458","1000b0c1","FUN_1000b0c1"
"1000b458","FUN_1000b458","1000b2ec","FUN_1000b2ec"
"1000b458","FUN_1000b458","1001c17c","FUN_1001c17c"
"1000b458","FUN_1000b458","1001c1be","__EH_prolog3_GS"
"1000b458","FUN_1000b458","1001c680","FUN_1001c680"
"1000bb6e","FUN_1000bb6e","1000bb11","FUN_1000bb11"
"1000bb9f","FUN_1000bb9f","1000bb30","FUN_1000bb30"
"1000bbd0","FUN_1000bbd0","1000bb4f","FUN_1000bb4f"
"1000bcab","FUN_1000bcab","1000bd3e","FUN_1000bd3e"
"1000bd3e","FUN_1000bd3e","1001c12a","operator_new"
"1000bd3e","FUN_1000bd3e","1001d430","FUN_1001d430"
"1000bd93","FUN_1000bd93","10001320","_Deallocate<>"
"1000bdf2","FUN_1000bdf2","100016f3","FUN_100016f3"
"1000bdf2","FUN_1000bdf2","1001d430","FUN_1001d430"
"1000be37","FUN_1000be37","1000bc01","FUN_1000bc01"
"1000be37","FUN_1000be37","1000bdf2","FUN_1000bdf2"
"1000be37","FUN_1000be37","1001c168","__EH_epilog3"
"1000be37","FUN_1000be37","1001c18b","__EH_prolog3"
"1000be8f","FUN_1000be8f","10017229","FUN_10017229"
"1000bea5","FUN_1000bea5","10001475","FUN_10001475"
"1000bea5","FUN_1000bea5","100017f3","FUN_100017f3"
"1000bea5","FUN_1000bea5","1001c15a","__security_check_cookie"
"1000bf00","FUN_1000bf00","10017483","FUN_10017483"
"1000bf00","FUN_1000bf00","100175a6","FUN_100175a6"
"1000bf00","FUN_1000bf00","100175d0","FUN_100175d0"
"1000bf00","FUN_1000bf00","100177bc","FUN_100177bc"
"1000bf00","FUN_1000bf00","100177ce","FUN_100177ce"
"1000bf00","FUN_1000bf00","100177e0","FUN_100177e0"
"1000bf00","FUN_1000bf00","100177f2","FUN_100177f2"
"1000bf8a","FUN_1000bf8a","10012f2d","FUN_10012f2d"
"1000bf8a","FUN_1000bf8a","EXTERNAL:00000008","VirtualProtect"
"1000c135","FUN_1000c135","1000c209","FUN_1000c209"
"1000c135","FUN_1000c135","1000d320","FUN_1000d320"
"1000c135","FUN_1000c135","1000d358","FUN_1000d358"
"1000c135","FUN_1000c135","EXTERNAL:00000008","VirtualProtect"
"1000c209","FUN_1000c209","EXTERNAL:00000008","VirtualProtect"
"1000c4aa","FUN_1000c4aa","10017483","FUN_10017483"
"1000c4aa","FUN_1000c4aa","EXTERNAL:0000007c","PtInRect"
"1000c4aa","FUN_1000c4aa","EXTERNAL:0000007d","ScreenToClient"
"1000c4aa","FUN_1000c4aa","EXTERNAL:0000007e","GetCursorPos"
"1000c560","FUN_1000c560","1001792d","FUN_1001792d"
"1000c560","FUN_1000c560","1001c610","FUN_1001c610"
"1000c68b","FUN_1000c68b","1001793b","FUN_1001793b"
"1000c68b","FUN_1000c68b","10017964","FUN_10017964"
"1000c68b","FUN_1000c68b","1001796f","FUN_1001796f"
"1000c68b","FUN_1000c68b","10017987","FUN_10017987"
"1000c68b","FUN_1000c68b","10017992","FUN_10017992"
"1000c68b","FUN_1000c68b","1001799d","FUN_1001799d"
"1000c68b","FUN_1000c68b","100179a8","FUN_100179a8"
"1000c68b","FUN_1000c68b","100179b3","FUN_100179b3"
"1000c68b","FUN_1000c68b","100179be","FUN_100179be"
"1000c68b","FUN_1000c68b","100179e3","FUN_100179e3"
"1000c68b","FUN_1000c68b","100179fb","FUN_100179fb"
"1000c68b","FUN_1000c68b","10017a06","FUN_10017a06"
"1000c68b","FUN_1000c68b","1001c610","FUN_1001c610"
"1000c68b","FUN_1000c68b","10025690","_strlen"
"1000c68b","FUN_1000c68b","10025a86","FUN_10025a86"
"1000c993","FUN_1000c993","1001777e","FUN_1001777e"
"1000c993","FUN_1000c993","1001d9b0","_memset"
"1000cb35","FUN_1000cb35","1000cb6b","FUN_1000cb6b"
"1000cb6b","FUN_1000cb6b","1001c3f0","__allmul"
"1000cb9a","FUN_1000cb9a","100028cb","FUN_100028cb"
"1000cb9a","FUN_1000cb9a","100028fe","FUN_100028fe"
"1000cb9a","FUN_1000cb9a","100049fa","FUN_100049fa"
"1000cb9a","FUN_1000cb9a","1000cb35","FUN_1000cb35"
"1000cb9a","FUN_1000cb9a","1001c3f0","__allmul"
"1000cc31","FUN_1000cc31","10002ece","FUN_10002ece"
"1000cc31","FUN_1000cc31","1000cb9a","FUN_1000cb9a"
"1000cc4d","FUN_1000cc4d","1000369d","sentry"
"1000cc4d","FUN_1000cc4d","100039d8","FUN_100039d8"
"1000cc4d","FUN_1000cc4d","100045b9","FUN_100045b9"
"1000cc4d","FUN_1000cc4d","10007169","FUN_10007169"
"1000cc4d","FUN_1000cc4d","1001c168","__EH_epilog3"
"1000cc4d","FUN_1000cc4d","1001c1f4","__EH_prolog3_catch"
"1000cd71","Catch_All@1000cd71","100045b9","FUN_100045b9"
"1000cde4","FUN_1000cde4","1001d9b0","_memset"
"1000d0d8","FUN_1000d0d8","1000d320","FUN_1000d320"
"1000d0d8","FUN_1000d0d8","1000d358","FUN_1000d358"
"1000d0d8","FUN_1000d0d8","EXTERNAL:00000008","VirtualProtect"
"1000d2be","FUN_1000d2be","EXTERNAL:00000008","VirtualProtect"
"1000d320","FUN_1000d320","EXTERNAL:00000008","VirtualProtect"
"1000d358","FUN_1000d358","EXTERNAL:00000008","VirtualProtect"
"1000d390","FUN_1000d390","1001d430","FUN_1001d430"
"1000d390","FUN_1000d390","EXTERNAL:00000008","VirtualProtect"
"1000d3cd","FUN_1000d3cd","1000d440","FUN_1000d440"
"1000d3cd","FUN_1000d3cd","100198f6","FUN_100198f6"
"1000d3cd","FUN_1000d3cd","1001be00","FUN_1001be00"
"1000d424","FUN_1000d424","1001be00","FUN_1001be00"
"1000d440","FUN_1000d440","10007d73","FUN_10007d73"
"1000d440","FUN_1000d440","1000aa28","FUN_1000aa28"
"1000d440","FUN_1000d440","1000cc31","FUN_1000cc31"
"1000d440","FUN_1000d440","100118a2","FUN_100118a2"
"1000d440","FUN_1000d440","100178a9","FUN_100178a9"
"1000d440","FUN_1000d440","1001973b","FUN_1001973b"
"1000d440","FUN_1000d440","EXTERNAL:00000008","VirtualProtect"
"1000d440","FUN_1000d440","EXTERNAL:0000000b","GetModuleHandleA"
"1000d4e8","FUN_1000d4e8","100170a6","MH_CreateHook"
"1000d4e8","FUN_1000d4e8","1001c12a","operator_new"
"1000d512","FUN_1000d512","10002753","FUN_10002753"
"1000d512","FUN_1000d512","1000559e","FUN_1000559e"
"1000d512","FUN_1000d512","100055be","FUN_100055be"
"1000d512","FUN_1000d512","10005e17","FUN_10005e17"
"1000d512","FUN_1000d512","1000d320","FUN_1000d320"
"1000d512","FUN_1000d512","10012b64","FUN_10012b64"
"1000d512","FUN_1000d512","100170a6","MH_CreateHook"
"1000d512","FUN_1000d512","100170ac","MH_EnableHook"
"1000d512","FUN_1000d512","1001c12a","operator_new"
"1000d512","FUN_1000d512","1001c17c","FUN_1001c17c"
"1000d512","FUN_1000d512","1001c1be","__EH_prolog3_GS"
"1000d512","FUN_1000d512","EXTERNAL:00000008","VirtualProtect"
"1000d5cf","FUN_1000d5cf","1000d320","FUN_1000d320"
"1000d5e7","FUN_1000d5e7","1000d320","FUN_1000d320"
"1000d5ff","FUN_1000d5ff","10019b07","FUN_10019b07"
"1000d5ff","FUN_1000d5ff","10019d9a","FUN_10019d9a"
"1000d5ff","FUN_1000d5ff","1001c12a","operator_new"
"1000d5ff","FUN_1000d5ff","1001c168","__EH_epilog3"
"1000d5ff","FUN_1000d5ff","1001c18b","__EH_prolog3"
"1000d5ff","FUN_1000d5ff","10025c29","__beginthreadex"
"1000d672","FUN_1000d672","1000d320","FUN_1000d320"
"1000d68a","FUN_1000d68a","100170a6","MH_CreateHook"
"1000d68a","FUN_1000d68a","100170ac","MH_EnableHook"
"1000d68a","FUN_1000d68a","1001c12a","operator_new"
"1000d6b7","FUN_1000d6b7","100170a6","MH_CreateHook"
"1000d6b7","FUN_1000d6b7","100170ac","MH_EnableHook"
"1000d6b7","FUN_1000d6b7","1001c12a","operator_new"
"1000d77a","FUN_1000d77a","1001d430","FUN_1001d430"
"1000d77a","FUN_1000d77a","EXTERNAL:00000008","VirtualProtect"
"1000d7b6","FUN_1000d7b6","1000369d","sentry"
"1000d7b6","FUN_1000d7b6","100039ba","FUN_100039ba"
"1000d7b6","FUN_1000d7b6","1000d9ba","FUN_1000d9ba"
"1000d7b6","FUN_1000d7b6","1000e0b1","FUN_1000e0b1"
"1000d7b6","FUN_1000d7b6","10010ead","FUN_10010ead"
"1000d7b6","FUN_1000d7b6","1001c1f4","__EH_prolog3_catch"
"1000d7b6","FUN_1000d7b6","10025690","_strlen"
"1000d983","Catch_All@1000d983","100045b9","FUN_100045b9"
"1000d9ba","FUN_1000d9ba","100039d8","FUN_100039d8"
"1000d9ba","FUN_1000d9ba","100045b9","FUN_100045b9"
"1000d9ba","FUN_1000d9ba","1001c168","__EH_epilog3"
"1000d9e8","FUN_1000d9e8","1001762a","FUN_1001762a"
"1000da07","FUN_1000da07","10017229","FUN_10017229"
"1000da1d","FUN_1000da1d","10017229","FUN_10017229"
"1000da33","FUN_1000da33","1000da51","FUN_1000da51"
"1000da51","FUN_1000da51","1000e34a","FUN_1000e34a"
"1000da51","FUN_1000da51","1000ea2f","FUN_1000ea2f"
"1000da84","FUN_1000da84","100172dc","FUN_100172dc"
"1000da98","FUN_1000da98","100172dc","FUN_100172dc"
"1000daaf","FUN_1000daaf","1000277c","FUN_1000277c"
"1000daaf","FUN_1000daaf","1000fd7c","FUN_1000fd7c"
"1000daaf","FUN_1000daaf","1001046c","FUN_1001046c"
"1000daaf","FUN_1000daaf","1001048c","FUN_1001048c"
"1000db28","FUN_1000db28","1000277c","FUN_1000277c"
"1000db28","FUN_1000db28","1000fd7c","FUN_1000fd7c"
"1000db28","FUN_1000db28","1001046c","FUN_1001046c"
"1000db28","FUN_1000db28","10010f30","_wmemset"
"1000dba1","FUN_1000dba1","100181a0","FUN_100181a0"
"1000dbb4","FUN_1000dbb4","10002753","FUN_10002753"
"1000dbb4","FUN_1000dbb4","100039ba","FUN_100039ba"
"1000dbb4","FUN_1000dbb4","1000e0b1","FUN_1000e0b1"
"1000dbb4","FUN_1000dbb4","1000e1cd","FUN_1000e1cd"
"1000dbb4","FUN_1000dbb4","1000e28e","FUN_1000e28e"
"1000dbb4","FUN_1000dbb4","100103af","FUN_100103af"
"1000dbb4","FUN_1000dbb4","100103e4","FUN_100103e4"
"1000dbb4","FUN_1000dbb4","1001043b","FUN_1001043b"
"1000dbb4","FUN_1000dbb4","10010d33","FUN_10010d33"
"1000dbb4","FUN_1000dbb4","1001c17c","FUN_1001c17c"
"1000dbb4","FUN_1000dbb4","1001c1be","__EH_prolog3_GS"
"1000dbb4","FUN_1000dbb4","10025640","_strcspn"
"1000dbb4","FUN_1000dbb4","10025963","_localeconv"
"1000ded5","FUN_1000ded5","10019e01","__Mbrtowc"
"1000df09","FUN_1000df09","10017bca","FUN_10017bca"
"1000df09","FUN_1000df09","10019e01","__Mbrtowc"
"1000df09","FUN_1000df09","10025690","_strlen"
"1000df09","FUN_1000df09","1002571b","FUN_1002571b"
"1000dfad","FUN_1000dfad","10001320","_Deallocate<>"
"1000dfad","FUN_1000dfad","1000277c","FUN_1000277c"
"1000dfad","FUN_1000dfad","1000ec04","FUN_1000ec04"
"1000dfad","FUN_1000dfad","1000fd7c","FUN_1000fd7c"
"1000dfad","FUN_1000dfad","1001046c","FUN_1001046c"
"1000e044","FUN_1000e044","1000dba1","FUN_1000dba1"
"1000e085","FUN_1000e085","10004889","FUN_10004889"
"1000e085","FUN_1000e085","10010da1","FUN_10010da1"
"1000e085","FUN_1000e085","10010ee3","FUN_10010ee3"
"1000e0b1","FUN_1000e0b1","10002aa5","operator_unsigned_int"
"1000e0b1","FUN_1000e0b1","100040ac","FUN_100040ac"
"1000e0b1","FUN_1000e0b1","100044f5","FUN_100044f5"
"1000e0b1","FUN_1000e0b1","1000fe37","FUN_1000fe37"
"1000e0b1","FUN_1000e0b1","10017cb7","_Lockit"
"1000e0b1","FUN_1000e0b1","10017d0f","FUN_10017d0f"
"1000e0b1","FUN_1000e0b1","10018410","FUN_10018410"
"1000e0b1","FUN_1000e0b1","1001c168","__EH_epilog3"
"1000e0b1","FUN_1000e0b1","1001c18b","__EH_prolog3"
"1000e13f","FUN_1000e13f","10002aa5","operator_unsigned_int"
"1000e13f","FUN_1000e13f","100040ac","FUN_100040ac"
"1000e13f","FUN_1000e13f","100044f5","FUN_100044f5"
"1000e13f","FUN_1000e13f","1000feaa","FUN_1000feaa"
"1000e13f","FUN_1000e13f","10017cb7","_Lockit"
"1000e13f","FUN_1000e13f","10017d0f","FUN_10017d0f"
"1000e13f","FUN_1000e13f","10018410","FUN_10018410"
"1000e13f","FUN_1000e13f","1001c168","__EH_epilog3"
"1000e13f","FUN_1000e13f","1001c18b","__EH_prolog3"
"1000e1cd","FUN_1000e1cd","10002aa5","operator_unsigned_int"
"1000e1cd","FUN_1000e1cd","100040ac","FUN_100040ac"
"1000e1cd","FUN_1000e1cd","100044f5","FUN_100044f5"
"1000e1cd","FUN_1000e1cd","1000ff15","FUN_1000ff15"
"1000e1cd","FUN_1000e1cd","10017cb7","_Lockit"
"1000e1cd","FUN_1000e1cd","10017d0f","FUN_10017d0f"
"1000e1cd","FUN_1000e1cd","10018410","FUN_10018410"
"1000e1cd","FUN_1000e1cd","1001c168","__EH_epilog3"
"1000e1cd","FUN_1000e1cd","1001c18b","__EH_prolog3"
"1000e25b","FUN_1000e25b","1001033d","FUN_1001033d"
"1000e28e","FUN_1000e28e","1000db28","FUN_1000db28"
"1000e2be","FUN_1000e2be","1000daaf","FUN_1000daaf"
"1000e2be","FUN_1000e2be","10025f86","FUN_10025f86"
"1000e2f7","FUN_1000e2f7","1000ffbb","FUN_1000ffbb"
"1000e2f7","FUN_1000e2f7","1001c168","__EH_epilog3"
"1000e2f7","FUN_1000e2f7","1001c18b","__EH_prolog3"
"1000e330","FUN_1000e330","1000f414","FUN_1000f414"
"1000e34a","FUN_1000e34a","EXTERNAL:00000008","VirtualProtect"
"1000ea06","~ctype<>","100225ce","FUN_100225ce"
"1000ea2f","FUN_1000ea2f","1000f80e","FUN_1000f80e"
"1000ea50","FUN_1000ea50","10010ead","FUN_10010ead"
"1000ea79","FUN_1000ea79","100178eb","FUN_100178eb"
"1000eb01","FUN_1000eb01","1000369d","sentry"
"1000eb01","FUN_1000eb01","100039ba","FUN_100039ba"
"1000eb01","FUN_1000eb01","100039d8","FUN_100039d8"
"1000eb01","FUN_1000eb01","100045b9","FUN_100045b9"
"1000eb01","FUN_1000eb01","1000e13f","FUN_1000e13f"
"1000eb01","FUN_1000eb01","1001c168","__EH_epilog3"
"1000eb01","FUN_1000eb01","1001c1f4","__EH_prolog3_catch"
"1000eb99","Catch_All@1000eb99","100045b9","FUN_100045b9"
"1000ec04","FUN_1000ec04","1001048c","FUN_1001048c"
"1000ec04","FUN_1000ec04","10010f30","_wmemset"
"1000ec4f","FUN_1000ec4f","1000ea06","~ctype<>"
"1000ec4f","FUN_1000ec4f","1001be00","FUN_1001be00"
"1000ec71","FUN_1000ec71","1000686e","Tidy"
"1000ec71","FUN_1000ec71","1001be00","FUN_1001be00"
"1000ec9f","FUN_1000ec9f","10003343","FUN_10003343"
"1000ec9f","FUN_1000ec9f","10003cef","FUN_10003cef"
"1000ec9f","FUN_1000ec9f","10015276","FUN_10015276"
"1000ec9f","FUN_1000ec9f","EXTERNAL:00000008","VirtualProtect"
"1000ed71","FUN_1000ed71","100173ce","FUN_100173ce"
"1000ed71","FUN_1000ed71","1001760b","FUN_1001760b"
"1000f0e1","FUN_1000f0e1","100174d3","FUN_100174d3"
"1000f0e1","FUN_1000f0e1","10017901","FUN_10017901"
"1000f0e1","FUN_1000f0e1","1001c12a","operator_new"
"1000f0e1","FUN_1000f0e1","1001d430","FUN_1001d430"
"1000f27a","FUN_1000f27a","10015dbd","FUN_10015dbd"
"1000f27a","FUN_1000f27a","100174d3","FUN_100174d3"
"1000f33a","FUN_1000f33a","10015dbd","FUN_10015dbd"
"1000f33a","FUN_1000f33a","100174d3","FUN_100174d3"
"1000f3a6","FUN_1000f3a6","1000d9e8","FUN_1000d9e8"
"1000f3a6","FUN_1000f3a6","1001c15a","__security_check_cookie"
"1000f414","FUN_1000f414","1000da33","FUN_1000da33"
"1000f414","FUN_1000f414","EXTERNAL:0000000b","GetModuleHandleA"
"1000f5e6","FUN_1000f5e6","100118a2","FUN_100118a2"
"1000f5e6","FUN_1000f5e6","EXTERNAL:0000000b","GetModuleHandleA"
"1000f612","FUN_1000f612","1000d320","FUN_1000d320"
"1000f612","FUN_1000f612","1000d358","FUN_1000d358"
"1000f73d","FUN_1000f73d","1000da84","FUN_1000da84"
"1000f73d","FUN_1000f73d","1000da98","FUN_1000da98"
"1000f73d","FUN_1000f73d","1000e380","FUN_1000e380"
"1000f73d","FUN_1000f73d","10017125","FUN_10017125"
"1000f73d","FUN_1000f73d","10017146","FUN_10017146"
"1000f73d","FUN_1000f73d","10017471","FUN_10017471"
"1000f73d","FUN_1000f73d","10017483","FUN_10017483"
"1000f73d","FUN_1000f73d","10017702","FUN_10017702"
"1000f73d","FUN_1000f73d","1001c17c","FUN_1001c17c"
"1000f73d","FUN_1000f73d","1001c1be","__EH_prolog3_GS"
"1000f80e","FUN_1000f80e","EXTERNAL:00000008","VirtualProtect"
"1000fd50","FUN_1000fd50","100075f9","FUN_100075f9"
"1000fdad","FUN_1000fdad","10018b6f","__Wcrtomb"
"1000fdad","FUN_1000fdad","1001c15a","__security_check_cookie"
"1000fdfa","FUN_1000fdfa","10019e01","__Mbrtowc"
"1000fe37","FUN_1000fe37","1000341a","FUN_1000341a"
"1000fe37","FUN_1000fe37","100038f5","FUN_100038f5"
"1000fe37","FUN_1000fe37","10003ed5","FUN_10003ed5"
"1000fe37","FUN_1000fe37","1000ff82","Init"
"1000fe37","FUN_1000fe37","1001c12a","operator_new"
"1000fe37","FUN_1000fe37","1001c168","__EH_epilog3"
"1000fe37","FUN_1000fe37","1001c18b","__EH_prolog3"
"1000feaa","FUN_1000feaa","1000341a","FUN_1000341a"
"1000feaa","FUN_1000feaa","100038f5","FUN_100038f5"
"1000feaa","FUN_1000feaa","10003ed5","FUN_10003ed5"
"1000feaa","FUN_1000feaa","1001c12a","operator_new"
"1000feaa","FUN_1000feaa","1001c168","__EH_epilog3"
"1000feaa","FUN_1000feaa","1001c18b","__EH_prolog3"
"1000ff15","FUN_1000ff15","1000341a","FUN_1000341a"
"1000ff15","FUN_1000ff15","100038f5","FUN_100038f5"
"1000ff15","FUN_1000ff15","10003ed5","FUN_10003ed5"
"1000ff15","FUN_1000ff15","1000e2f7","FUN_1000e2f7"
"1000ff15","FUN_1000ff15","1001c12a","operator_new"
"1000ff15","FUN_1000ff15","1001c168","__EH_epilog3"
"1000ff15","FUN_1000ff15","1001c18b","__EH_prolog3"
"1000ff82","Init","1001865a","FUN_1001865a"
"1000ff82","Init","10018afc","__Getcvt"
"1000ffbb","FUN_1000ffbb","10005cba","FUN_10005cba"
"1000ffbb","FUN_1000ffbb","1000ded5","FUN_1000ded5"
"1000ffbb","FUN_1000ffbb","1000df09","FUN_1000df09"
"1000ffbb","FUN_1000ffbb","10018afc","__Getcvt"
"1000ffbb","FUN_1000ffbb","1001c17c","FUN_1001c17c"
"1000ffbb","FUN_1000ffbb","1001c1be","__EH_prolog3_GS"
"1000ffbb","FUN_1000ffbb","10025963","_localeconv"
"10010082","FUN_10010082","10002753","FUN_10002753"
"10010082","FUN_10010082","100039ba","FUN_100039ba"
"10010082","FUN_10010082","1000e0b1","FUN_1000e0b1"
"10010082","FUN_10010082","1000e1cd","FUN_1000e1cd"
"10010082","FUN_10010082","1000e28e","FUN_1000e28e"
"10010082","FUN_10010082","100103af","FUN_100103af"
"10010082","FUN_10010082","100103e4","FUN_100103e4"
"10010082","FUN_10010082","1001043b","FUN_1001043b"
"10010082","FUN_10010082","10010d33","FUN_10010d33"
"10010082","FUN_10010082","1001c17c","FUN_1001c17c"
"10010082","FUN_10010082","1001c1be","__EH_prolog3_GS"
"1001033d","FUN_1001033d","10001638","FUN_10001638"
"1001033d","FUN_1001033d","1000270d","FUN_1000270d"
"1001033d","FUN_1001033d","10002787","FUN_10002787"
"1001033d","FUN_1001033d","1001d430","FUN_1001d430"
"100103af","FUN_100103af","1000ea50","FUN_1000ea50"
"100103e4","FUN_100103e4","1000ea50","FUN_1000ea50"
"10010410","FUN_10010410","1001d430","FUN_1001d430"
"1001043b","FUN_1001043b","10001320","_Deallocate<>"
"1001046c","FUN_1001046c","100015df","FUN_100015df"
"1001046c","FUN_1001046c","10002736","FUN_10002736"
"1001048c","FUN_1001048c","1001d430","FUN_1001d430"
"100104ad","FUN_100104ad","1000e2be","FUN_1000e2be"
"100104c3","do_is","10019faa","__Getwctypes"
"100104df","do_is","10019f8a","__Getwctype"
"100104fb","FUN_100104fb","1000fdad","FUN_1000fdad"
"10010504","do_narrow","1000fdad","FUN_1000fdad"
"10010539","do_put","1000641e","_Ifmt"
"10010539","do_put","10007284","FUN_10007284"
"10010539","do_put","10010082","FUN_10010082"
"10010539","do_put","1001c15a","__security_check_cookie"
"100105a4","do_put","1000641e","_Ifmt"
"100105a4","do_put","10007284","FUN_10007284"
"100105a4","do_put","10010082","FUN_10010082"
"100105a4","do_put","1001c15a","__security_check_cookie"
"1001060f","FUN_1001060f","1000134c","FUN_1000134c"
"1001060f","FUN_1001060f","1000580e","FUN_1000580e"
"1001060f","FUN_1001060f","100062ad","FUN_100062ad"
"1001060f","FUN_1001060f","1000713d","FUN_1000713d"
"1001060f","FUN_1001060f","10007284","FUN_10007284"
"1001060f","FUN_1001060f","1000dbb4","FUN_1000dbb4"
"1001060f","FUN_1001060f","1001be00","FUN_1001be00"
"1001060f","FUN_1001060f","1001c17c","FUN_1001c17c"
"1001060f","FUN_1001060f","1001c1be","__EH_prolog3_GS"
"1001060f","FUN_1001060f","10025726","FUN_10025726"
"1001060f","FUN_1001060f","100257b3","FID_conflict:__dtest"
"1001060f","FUN_1001060f","10025822","_fabs"
"1001060f","FUN_1001060f","10025869","FUN_10025869"
"100107a9","FUN_100107a9","1000134c","FUN_1000134c"
"100107a9","FUN_100107a9","1000580e","FUN_1000580e"
"100107a9","FUN_100107a9","100062ad","FUN_100062ad"
"100107a9","FUN_100107a9","1000713d","FUN_1000713d"
"100107a9","FUN_100107a9","10007284","FUN_10007284"
"100107a9","FUN_100107a9","1000dbb4","FUN_1000dbb4"
"100107a9","FUN_100107a9","1001be00","FUN_1001be00"
"100107a9","FUN_100107a9","1001c17c","FUN_1001c17c"
"100107a9","FUN_100107a9","1001c1be","__EH_prolog3_GS"
"100107a9","FUN_100107a9","10025726","FUN_10025726"
"100107a9","FUN_100107a9","10025817","FUN_10025817"
"100107a9","FUN_100107a9","10025822","_fabs"
"100107a9","FUN_100107a9","10025869","FUN_10025869"
"10010943","do_put","10007284","FUN_10007284"
"10010943","do_put","10010082","FUN_10010082"
"10010943","do_put","1001c15a","__security_check_cookie"
"1001099e","do_put","1000641e","_Ifmt"
"1001099e","do_put","10007284","FUN_10007284"
"1001099e","do_put","10010082","FUN_10010082"
"1001099e","do_put","1001c15a","__security_check_cookie"
"10010a0c","do_put","1000641e","_Ifmt"
"10010a0c","do_put","10007284","FUN_10007284"
"10010a0c","do_put","10010082","FUN_10010082"
"10010a0c","do_put","1001c15a","__security_check_cookie"
"10010a7a","FUN_10010a7a","100039ba","FUN_100039ba"
"10010a7a","FUN_10010a7a","1000e1cd","FUN_1000e1cd"
"10010a7a","FUN_10010a7a","100103af","FUN_100103af"
"10010a7a","FUN_10010a7a","100103e4","FUN_100103e4"
"10010a7a","FUN_10010a7a","10010410","FUN_10010410"
"10010a7a","FUN_10010a7a","1001043b","FUN_1001043b"
"10010a7a","FUN_10010a7a","1001c17c","FUN_1001c17c"
"10010a7a","FUN_10010a7a","1001c1be","__EH_prolog3_GS"
"10010c59","do_tolower","10019fc9","__Towlower"
"10010c88","do_tolower","10019fc9","__Towlower"
"10010c9d","do_toupper","1001a029","__Towupper"
"10010ccc","do_toupper","1001a029","__Towupper"
"10010ce1","FUN_10010ce1","1000e2be","FUN_1000e2be"
"10010cf7","do_widen","1000fdfa","FUN_1000fdfa"
"10010d2a","FUN_10010d2a","1000fdfa","FUN_1000fdfa"
"10010d33","FUN_10010d33","10002787","FUN_10002787"
"10010d33","FUN_10010d33","1000dfad","FUN_1000dfad"
"10010d33","FUN_10010d33","1001048c","FUN_1001048c"
"10010d33","FUN_10010d33","10010f30","_wmemset"
"10010da1","FUN_10010da1","1000369d","sentry"
"10010da1","FUN_10010da1","10010e2e","FUN_10010e2e"
"10010da1","FUN_10010da1","10010ead","FUN_10010ead"
"10010da1","FUN_10010da1","1001c1f4","__EH_prolog3_catch"
"10010df8","Catch_All@10010df8","100045b9","FUN_100045b9"
"10010e2e","FUN_10010e2e","100039d8","FUN_100039d8"
"10010e2e","FUN_10010e2e","100045b9","FUN_100045b9"
"10010e2e","FUN_10010e2e","1001c168","__EH_epilog3"
"10010e5e","FUN_10010e5e","1000e330","FUN_1000e330"
"10010e5e","FUN_10010e5e","1001c424","FUN_1001c424"
"10010e5e","FUN_10010e5e","1001c475","FUN_1001c475"
"10010ee3","FUN_10010ee3","100039ba","FUN_100039ba"
"10010ee3","FUN_10010ee3","1000e0b1","FUN_1000e0b1"
"10010ee3","FUN_10010ee3","1001c168","__EH_epilog3"
"10010ee3","FUN_10010ee3","1001c18b","__EH_prolog3"
"10010f82","FUN_10010f82","1000d320","FUN_1000d320"
"10010f82","FUN_10010f82","1001c15a","__security_check_cookie"
"10010f82","FUN_10010f82","EXTERNAL:00000008","VirtualProtect"
"10011125","FUN_10011125","1001c15a","__security_check_cookie"
"10011125","FUN_10011125","1001d430","FUN_1001d430"
"10011125","FUN_10011125","EXTERNAL:00000008","VirtualProtect"
"100112da","FUN_100112da","1001c15a","__security_check_cookie"
"100112da","FUN_100112da","1001c8f6","FUN_1001c8f6"
"100112da","FUN_100112da","1001d430","FUN_1001d430"
"100112da","FUN_100112da","EXTERNAL:00000008","VirtualProtect"
"100114d4","FUN_100114d4","100015b0","FUN_100015b0"
"100114d4","FUN_100114d4","10002753","FUN_10002753"
"100114d4","FUN_100114d4","1000559e","FUN_1000559e"
"100114d4","FUN_100114d4","100055be","FUN_100055be"
"100114d4","FUN_100114d4","10005e17","FUN_10005e17"
"100114d4","FUN_100114d4","1000b30d","FUN_1000b30d"
"100114d4","FUN_100114d4","10012b64","FUN_10012b64"
"100114d4","FUN_100114d4","100178e8","FUN_100178e8"
"100114d4","FUN_100114d4","1001c17c","FUN_1001c17c"
"100114d4","FUN_100114d4","1001c1be","__EH_prolog3_GS"
"1001156a","FUN_1001156a","100015b0","FUN_100015b0"
"1001156a","FUN_1001156a","10002753","FUN_10002753"
"1001156a","FUN_1001156a","1000559e","FUN_1000559e"
"1001156a","FUN_1001156a","100055be","FUN_100055be"
"1001156a","FUN_1001156a","10005e17","FUN_10005e17"
"1001156a","FUN_1001156a","1000b30d","FUN_1000b30d"
"1001156a","FUN_1001156a","10012b64","FUN_10012b64"
"1001156a","FUN_1001156a","100178e8","FUN_100178e8"
"1001156a","FUN_1001156a","1001c17c","FUN_1001c17c"
"1001156a","FUN_1001156a","1001c1be","__EH_prolog3_GS"
"10011600","FUN_10011600","100015b0","FUN_100015b0"
"10011600","FUN_10011600","10002753","FUN_10002753"
"10011600","FUN_10011600","1000559e","FUN_1000559e"
"10011600","FUN_10011600","100055be","FUN_100055be"
"10011600","FUN_10011600","10005e17","FUN_10005e17"
"10011600","FUN_10011600","1000b30d","FUN_1000b30d"
"10011600","FUN_10011600","10012b64","FUN_10012b64"
"10011600","FUN_10011600","100178e8","FUN_100178e8"
"10011600","FUN_10011600","10017a48","FUN_10017a48"
"10011600","FUN_10011600","1001c17c","FUN_1001c17c"
"10011600","FUN_10011600","1001c1be","__EH_prolog3_GS"
"100116be","FUN_100116be","1000d358","FUN_1000d358"
"100116be","FUN_100116be","1001d9b0","_memset"
"100116be","FUN_100116be","EXTERNAL:00000008","VirtualProtect"
"100117cb","FUN_100117cb","10007901","FUN_10007901"
"100117cb","FUN_100117cb","10009504","FUN_10009504"
"100117cb","FUN_100117cb","1000a831","FUN_1000a831"
"100117cb","FUN_100117cb","1000a85a","FUN_1000a85a"
"100117cb","FUN_100117cb","1001188a","FUN_1001188a"
"100117cb","FUN_100117cb","10011914","FUN_10011914"
"1001188a","FUN_1001188a","10001320","_Deallocate<>"
"100118a2","FUN_100118a2","1000a680","FUN_1000a680"
"100118a2","FUN_100118a2","1001194d","FUN_1001194d"
"10011914","FUN_10011914","10001320","_Deallocate<>"
"1001194d","FUN_1001194d","100117cb","FUN_100117cb"
"1001194d","FUN_1001194d","1001c168","__EH_epilog3"
"1001194d","FUN_1001194d","1001c18b","__EH_prolog3"
"1001194d","FUN_1001194d","10022fdf","FUN_10022fdf"
"1001194d","FUN_1001194d","10025690","_strlen"
"100119f7","FUN_100119f7","10012aa8","FUN_10012aa8"
"100119ff","FUN_100119ff","100121aa","FUN_100121aa"
"10011a42","FUN_10011a42","10001813","FUN_10001813"
"10011a42","FUN_10011a42","10002792","FUN_10002792"
"10011a6e","FUN_10011a6e","1000277c","FUN_1000277c"
"10011a6e","FUN_10011a6e","100122c4","FUN_100122c4"
"10011aa9","FUN_10011aa9","1000766f","FUN_1000766f"
"10011aa9","FUN_10011aa9","10007677","FUN_10007677"
"10011aa9","FUN_10011aa9","1001b3c9","FUN_1001b3c9"
"10011ae9","FUN_10011ae9","1000277c","FUN_1000277c"
"10011ae9","FUN_10011ae9","1000fd7c","FUN_1000fd7c"
"10011ae9","FUN_10011ae9","1001046c","FUN_1001046c"
"10011ae9","FUN_10011ae9","1001048c","FUN_1001048c"
"10011ae9","FUN_10011ae9","1001d430","FUN_1001d430"
"10011b57","FUN_10011b57","10011bab","FUN_10011bab"
"10011b57","FUN_10011b57","100120aa","FUN_100120aa"
"10011b81","FUN_10011b81","10011bab","FUN_10011bab"
"10011b81","FUN_10011b81","100120c8","FUN_100120c8"
"10011bab","FUN_10011bab","10012f95","FUN_10012f95"
"10011bab","FUN_10011bab","1001b556","___std_fs_code_page@0"
"10011bcb","FUN_10011bcb","1000713d","FUN_1000713d"
"10011bcb","FUN_10011bcb","1000a62f","FUN_1000a62f"
"10011bcb","FUN_10011bcb","10012f7e","FUN_10012f7e"
"10011bcb","FUN_10011bcb","1001b65a","FUN_1001b65a"
"10011bcb","FUN_10011bcb","1001c17c","FUN_1001c17c"
"10011bcb","FUN_10011bcb","1001c1be","__EH_prolog3_GS"
"10011c66","FUN_10011c66","100198f6","FUN_100198f6"
"10011c66","FUN_10011c66","1001be00","FUN_1001be00"
"10011cb4","FUN_10011cb4","100126f5","FUN_100126f5"
"10011cb4","FUN_10011cb4","100198f6","FUN_100198f6"
"10011cb4","FUN_10011cb4","1001be00","FUN_1001be00"
"10011d0b","FUN_10011d0b","10001320","_Deallocate<>"
"10011d0b","FUN_10011d0b","1000277c","FUN_1000277c"
"10011d0b","FUN_10011d0b","1000fd7c","FUN_1000fd7c"
"10011d0b","FUN_10011d0b","1001046c","FUN_1001046c"
"10011d0b","FUN_10011d0b","1001048c","FUN_1001048c"
"10011d87","FUN_10011d87","10001320","_Deallocate<>"
"10011d87","FUN_10011d87","1000277c","FUN_1000277c"
"10011d87","FUN_10011d87","1000fd7c","FUN_1000fd7c"
"10011d87","FUN_10011d87","1001046c","FUN_1001046c"
"10011d87","FUN_10011d87","1001288d","FUN_1001288d"
"10011e1b","FUN_10011e1b","10001320","_Deallocate<>"
"10011e1b","FUN_10011e1b","1000277c","FUN_1000277c"
"10011e1b","FUN_10011e1b","1000fd7c","FUN_1000fd7c"
"10011e1b","FUN_10011e1b","1001046c","FUN_1001046c"
"10011e1b","FUN_10011e1b","100128c6","FUN_100128c6"
"10011eaf","FUN_10011eaf","10001320","_Deallocate<>"
"10011eaf","FUN_10011eaf","1000277c","FUN_1000277c"
"10011eaf","FUN_10011eaf","1000fd7c","FUN_1000fd7c"
"10011eaf","FUN_10011eaf","1001046c","FUN_1001046c"
"10011eaf","FUN_10011eaf","100128ff","FUN_100128ff"
"10011f40","FUN_10011f40","10001320","_Deallocate<>"
"10011f40","FUN_10011f40","100015df","FUN_100015df"
"10011f40","FUN_10011f40","100026dc","FUN_100026dc"
"10011f40","FUN_10011f40","1000277c","FUN_1000277c"
"10011f40","FUN_10011f40","1001d430","FUN_1001d430"
"10011fcb","FUN_10011fcb","10001320","_Deallocate<>"
"10011fcb","FUN_10011fcb","1000277c","FUN_1000277c"
"10011fcb","FUN_10011fcb","1000fd7c","FUN_1000fd7c"
"10011fcb","FUN_10011fcb","1001046c","FUN_1001046c"
"10011fcb","FUN_10011fcb","1001048c","FUN_1001048c"
"1001205c","FUN_1001205c","1001213b","FUN_1001213b"
"1001205c","FUN_1001205c","10019b07","FUN_10019b07"
"1001205c","FUN_1001205c","1001c168","__EH_epilog3"
"1001205c","FUN_1001205c","1001c18b","__EH_prolog3"
"1001205c","FUN_1001205c","10025c29","__beginthreadex"
"100120e3","FUN_100120e3","10013d59","FUN_10013d59"
"10012117","FUN_10012117","10012977","is_slash"
"1001213b","FUN_1001213b","1001c12a","operator_new"
"1001215d","FUN_1001215d","10011fcb","FUN_10011fcb"
"1001215d","FUN_1001215d","1001292c","FUN_1001292c"
"100121aa","FUN_100121aa","1000303d","FUN_1000303d"
"100121aa","FUN_100121aa","1000312c","FUN_1000312c"
"100121aa","FUN_100121aa","100045b9","FUN_100045b9"
"100121aa","FUN_100121aa","1000b184","FUN_1000b184"
"100121aa","FUN_100121aa","10013908","FUN_10013908"
"100121aa","FUN_100121aa","1001c168","__EH_epilog3"
"100121aa","FUN_100121aa","1001c18b","__EH_prolog3"
"10012254","FUN_10012254","1000303d","FUN_1000303d"
"10012254","FUN_10012254","1000312c","FUN_1000312c"
"10012254","FUN_10012254","1000b184","FUN_1000b184"
"10012254","FUN_10012254","1001c168","__EH_epilog3"
"10012254","FUN_10012254","1001c18b","__EH_prolog3"
"100122c4","FUN_100122c4","100015df","FUN_100015df"
"100122c4","FUN_100122c4","100026dc","FUN_100026dc"
"100122c4","FUN_100122c4","1001d430","FUN_1001d430"
"1001234b","FUN_1001234b","10011ae9","FUN_10011ae9"
"10012404","FUN_10012404","100034ab","FUN_100034ab"
"10012404","FUN_10012404","1001043b","FUN_1001043b"
"10012404","FUN_10012404","1001234b","FUN_1001234b"
"10012404","FUN_10012404","10012387","FUN_10012387"
"10012404","FUN_10012404","1001325e","FUN_1001325e"
"10012404","FUN_10012404","1001c17c","FUN_1001c17c"
"10012404","FUN_10012404","1001c1be","__EH_prolog3_GS"
"100124ad","FUN_100124ad","1001c12a","operator_new"
"100124de","~basic_ofstream<char,std::char_traits<char>_>","10003765","~basic_filebuf<char,std::char_traits<char>_>"
"10012521","FUN_10012521","1001be00","FUN_1001be00"
"10012532","FUN_10012532","1001b1ed","LocalFree"
"1001253a","FUN_1001253a","10002753","FUN_10002753"
"1001253a","FUN_1001253a","1001043b","FUN_1001043b"
"1001253a","FUN_1001253a","1001db6d","FUN_1001db6d"
"10012567","FUN_10012567","10012585","FUN_10012585"
"10012567","FUN_10012567","100135e8","FUN_100135e8"
"10012567","FUN_10012567","10025a91","FUN_10025a91"
"10012585","FUN_10012585","1000766f","FUN_1000766f"
"10012585","FUN_10012585","1001be00","FUN_1001be00"
"100125c6","FUN_100125c6","100136e3","FUN_100136e3"
"100125ee","FUN_100125ee","1001215d","FUN_1001215d"
"100125ee","FUN_100125ee","1001234b","FUN_1001234b"
"100125ee","FUN_100125ee","10012387","FUN_10012387"
"100125ee","FUN_100125ee","10012977","is_slash"
"100125ee","FUN_100125ee","10012990","FUN_10012990"
"100125ee","FUN_100125ee","10013162","FUN_10013162"
"100125ee","FUN_100125ee","10013188","FUN_10013188"
"100125ee","FUN_100125ee","1001c17c","FUN_1001c17c"
"100125ee","FUN_100125ee","1001c1be","__EH_prolog3_GS"
"100126f5","FUN_100126f5","10002753","FUN_10002753"
"100126f5","FUN_100126f5","10003343","FUN_10003343"
"100126f5","FUN_100126f5","100037f1","FUN_100037f1"
"100126f5","FUN_100126f5","1001043b","FUN_1001043b"
"100126f5","FUN_100126f5","100119ff","FUN_100119ff"
"100126f5","FUN_100126f5","10011a42","FUN_10011a42"
"100126f5","FUN_100126f5","10011b57","FUN_10011b57"
"100126f5","FUN_100126f5","10011b81","FUN_10011b81"
"100126f5","FUN_100126f5","100124de","~basic_ofstream<char,std::char_traits<char>_>"
"100126f5","FUN_100126f5","100125ee","FUN_100125ee"
"100126f5","FUN_100126f5","10012f5c","FUN_10012f5c"
"100126f5","FUN_100126f5","1001372a","FUN_1001372a"
"100126f5","FUN_100126f5","10013a1c","FUN_10013a1c"
"100126f5","FUN_100126f5","1001c17c","FUN_1001c17c"
"100126f5","FUN_100126f5","1001c1be","__EH_prolog3_GS"
"100126f5","FUN_100126f5","10026384","FID_conflict:__wctime64"
"100126f5","FUN_100126f5","100263f7","FUN_100263f7"
"1001288d","FUN_1001288d","1001048c","FUN_1001048c"
"1001288d","FUN_1001288d","10010f30","_wmemset"
"100128c6","FUN_100128c6","1001048c","FUN_1001048c"
"100128ff","FUN_100128ff","1001048c","FUN_1001048c"
"1001292c","FUN_1001292c","1001d430","FUN_1001d430"
"10012990","FUN_10012990","100120e3","FUN_100120e3"
"10012990","FUN_10012990","100125c6","FUN_100125c6"
"10012990","FUN_10012990","10012977","is_slash"
"10012990","FUN_10012990","1001301d","FUN_1001301d"
"10012990","FUN_10012990","1001368c","FUN_1001368c"
"10012990","FUN_10012990","100137e5","FUN_100137e5"
"10012990","FUN_10012990","10013811","FUN_10013811"
"10012990","FUN_10012990","10013978","FUN_10013978"
"10012a95","FUN_10012a95","100037f1","FUN_100037f1"
"10012a95","FUN_10012a95","100124de","~basic_ofstream<char,std::char_traits<char>_>"
"10012aa8","FUN_10012aa8","100037f1","FUN_100037f1"
"10012aa8","FUN_10012aa8","100124de","~basic_ofstream<char,std::char_traits<char>_>"
"10012aa8","FUN_10012aa8","1001be00","FUN_1001be00"
"10012ad9","`scalar_deleting_destructor'","1001253a","FUN_1001253a"
"10012ad9","`scalar_deleting_destructor'","1001be00","FUN_1001be00"
"10012afb","FUN_10012afb","10009157","FUN_10009157"
"10012afb","FUN_10012afb","1000cc31","FUN_1000cc31"
"10012afb","FUN_10012afb","10017483","FUN_10017483"
"10012b64","FUN_10012b64","10001813","FUN_10001813"
"10012b64","FUN_10012b64","10002753","FUN_10002753"
"10012b64","FUN_10012b64","10003343","FUN_10003343"
"10012b64","FUN_10012b64","10004564","FUN_10004564"
"10012b64","FUN_10012b64","10011a6e","FUN_10011a6e"
"10012b64","FUN_10012b64","1001c17c","FUN_1001c17c"
"10012b64","FUN_10012b64","1001c1be","__EH_prolog3_GS"
"10012b64","FUN_10012b64","10026384","FID_conflict:__wctime64"
"10012b64","FUN_10012b64","100263f7","FUN_100263f7"
"10012c20","FUN_10012c20","10002753","FUN_10002753"
"10012c20","FUN_10012c20","10003343","FUN_10003343"
"10012c20","FUN_10012c20","10003cef","FUN_10003cef"
"10012c20","FUN_10012c20","10003ec9","FUN_10003ec9"
"10012c20","FUN_10012c20","1000559e","FUN_1000559e"
"10012c20","FUN_10012c20","100055be","FUN_100055be"
"10012c20","FUN_10012c20","10005e17","FUN_10005e17"
"10012c20","FUN_10012c20","100060fe","FUN_100060fe"
"10012c20","FUN_10012c20","1001205c","FUN_1001205c"
"10012c20","FUN_10012c20","100124ad","FUN_100124ad"
"10012c20","FUN_10012c20","10012585","FUN_10012585"
"10012c20","FUN_10012c20","10012b64","FUN_10012b64"
"10012c20","FUN_10012c20","100137bd","FUN_100137bd"
"10012c20","FUN_10012c20","100139b3","FUN_100139b3"
"10012c20","FUN_10012c20","10017483","FUN_10017483"
"10012c20","FUN_10012c20","10019b07","FUN_10019b07"
"10012c20","FUN_10012c20","10019d53","GetCurrentThreadId"
"10012c20","FUN_10012c20","10019d9a","FUN_10019d9a"
"10012c20","FUN_10012c20","10019db2","FUN_10019db2"
"10012c20","FUN_10012c20","1001c12a","operator_new"
"10012c20","FUN_10012c20","1001c17c","FUN_1001c17c"
"10012c20","FUN_10012c20","1001c1be","__EH_prolog3_GS"
"10012c20","FUN_10012c20","10025a91","FUN_10025a91"
"10012c20","FUN_10012c20","10025c29","__beginthreadex"
"10012c20","FUN_10012c20","EXTERNAL:00000008","VirtualProtect"
"10012c20","FUN_10012c20","EXTERNAL:0000000c","GetCurrentProcess"
"10012c20","FUN_10012c20","EXTERNAL:00000018","GetModuleHandleExA"
"10012f5c","FUN_10012f5c","10004623","FUN_10004623"
"10012f5c","FUN_10012f5c","10013c75","FUN_10013c75"
"10012f7e","FUN_10012f7e","100135b8","FUN_100135b8"
"10012f95","FUN_10012f95","1000a62f","FUN_1000a62f"
"10012f95","FUN_10012f95","10012387","FUN_10012387"
"10012f95","FUN_10012f95","10012f7e","FUN_10012f7e"
"10012f95","FUN_10012f95","100139ee","FUN_100139ee"
"10012f95","FUN_10012f95","1001b573","___std_fs_convert_narrow_to_wide@20"
"10012f95","FUN_10012f95","1001c17c","FUN_1001c17c"
"10012f95","FUN_10012f95","1001c1be","__EH_prolog3_GS"
"1001301d","FUN_1001301d","10012117","FUN_10012117"
"1001301d","FUN_1001301d","10012977","is_slash"
"1001301d","FUN_1001301d","10013162","FUN_10013162"
"10013109","FUN_10013109","10013382","FUN_10013382"
"10013109","FUN_10013109","1001b79f","FUN_1001b79f"
"10013109","FUN_10013109","1001c15a","__security_check_cookie"
"10013162","FUN_10013162","10013188","FUN_10013188"
"10013188","FUN_10013188","1001d430","FUN_1001d430"
"100131b0","FUN_100131b0","1000766f","FUN_1000766f"
"100131b0","FUN_100131b0","10007677","FUN_10007677"
"100131b0","FUN_100131b0","1000a87b","FUN_1000a87b"
"100131b0","FUN_100131b0","10011aa9","FUN_10011aa9"
"100131b0","FUN_100131b0","1002598b","_abort"
"10013245","FUN_10013245","10011c60","FUN_10011c60"
"1001325e","FUN_1001325e","10002753","FUN_10002753"
"1001325e","FUN_1001325e","10004564","FUN_10004564"
"1001325e","FUN_1001325e","10004cc0","FUN_10004cc0"
"1001325e","FUN_1001325e","10011bcb","FUN_10011bcb"
"1001325e","FUN_1001325e","100139c8","FUN_100139c8"
"1001325e","FUN_1001325e","1001b556","___std_fs_code_page@0"
"1001325e","FUN_1001325e","1001c17c","FUN_1001c17c"
"1001325e","FUN_1001325e","1001c1be","__EH_prolog3_GS"
"1001340d","FUN_1001340d","1000766f","FUN_1000766f"
"1001340d","FUN_1001340d","10007677","FUN_10007677"
"1001340d","FUN_1001340d","100131b0","FUN_100131b0"
"1001340d","FUN_1001340d","10013512","FUN_10013512"
"1001340d","FUN_1001340d","10019d53","GetCurrentThreadId"
"1001340d","FUN_1001340d","1001b30d","FUN_1001b30d"
"10013512","FUN_10013512","1000766f","FUN_1000766f"
"10013512","FUN_10013512","10007677","FUN_10007677"
"10013512","FUN_10013512","1001b30d","FUN_1001b30d"
"10013548","FUN_10013548","10003343","FUN_10003343"
"10013548","FUN_10013548","10012404","FUN_10012404"
"10013548","FUN_10013548","10013245","FUN_10013245"
"10013548","FUN_10013548","1001c18b","__EH_prolog3"
"10013548","FUN_10013548","1001db8f","FUN_1001db8f"
"100135b8","FUN_100135b8","10008000","FUN_10008000"
"100135b8","FUN_100135b8","10013245","FUN_10013245"
"100135b8","FUN_100135b8","1001db8f","FUN_1001db8f"
"100135e8","FUN_100135e8","10013864","FUN_10013864"
"100135e8","FUN_100135e8","100139b3","FUN_100139b3"
"10013635","FUN_10013635","10010f30","_wmemset"
"10013635","FUN_10013635","10011d87","FUN_10011d87"
"1001368c","FUN_1001368c","1001048c","FUN_1001048c"
"1001368c","FUN_1001368c","10011e1b","FUN_10011e1b"
"100136e3","FUN_100136e3","1001048c","FUN_1001048c"
"100136e3","FUN_100136e3","10011d0b","FUN_10011d0b"
"1001372a","FUN_1001372a","10013548","FUN_10013548"
"1001372a","FUN_1001372a","1001b6c9","FUN_1001b6c9"
"10013755","FUN_10013755","10007836","FUN_10007836"
"10013755","FUN_10013755","10011c60","FUN_10011c60"
"10013755","FUN_10013755","100182cd","_Winerror_map"
"100137bd","FUN_100137bd","10019b07","FUN_10019b07"
"100137bd","FUN_100137bd","10019d9a","FUN_10019d9a"
"100137e5","FUN_100137e5","10002787","FUN_10002787"
"10013811","FUN_10013811","10012977","is_slash"
"10013811","FUN_10013811","1001301d","FUN_1001301d"
"10013811","FUN_10013811","10013162","FUN_10013162"
"10013864","FUN_10013864","10019b07","FUN_10019b07"
"10013864","FUN_10013864","10019d53","GetCurrentThreadId"
"10013864","FUN_10013864","10019db2","FUN_10019db2"
"100138a7","FUN_100138a7","10003382","FUN_10003382"
"100138a7","FUN_100138a7","1001b173","FUN_1001b173"
"100138a7","FUN_100138a7","1001b1ed","LocalFree"
"100138a7","FUN_100138a7","1001c168","__EH_epilog3"
"100138a7","FUN_100138a7","1001c18b","__EH_prolog3"
"10013908","FUN_10013908","10002f21","FUN_10002f21"
"10013908","FUN_10013908","100039ba","FUN_100039ba"
"10013908","FUN_10013908","100040f1","FUN_100040f1"
"10013908","FUN_10013908","10004217","FUN_10004217"
"10013908","FUN_10013908","10018af3","FUN_10018af3"
"10013908","FUN_10013908","1001c168","__EH_epilog3"
"10013908","FUN_10013908","1001c18b","__EH_prolog3"
"10013978","FUN_10013978","10011eaf","FUN_10011eaf"
"100139b3","FUN_100139b3","1001340d","FUN_1001340d"
"100139c8","FUN_100139c8","10011f40","FUN_10011f40"
"100139ee","FUN_100139ee","10013635","FUN_10013635"
"10013a1c","FUN_10013a1c","10013109","FUN_10013109"
"10013a1c","FUN_10013a1c","10013548","FUN_10013548"
"10013a70","FUN_10013a70","100040f1","FUN_100040f1"
"10013c47","FUN_10013c47","10013cbf","FUN_10013cbf"
"10013c75","FUN_10013c75","10013a70","FUN_10013a70"
"10013c75","FUN_10013c75","10013c9b","FUN_10013c9b"
"10013c9b","FUN_10013c9b","10013c47","FUN_10013c47"
"10013d96","FUN_10013d96","10013dcc","FUN_10013dcc"
"10013dcc","FUN_10013dcc","1001c3f0","__allmul"
"10013dfb","FUN_10013dfb","1000e34a","FUN_1000e34a"
"10013dfb","FUN_10013dfb","1000ea2f","FUN_1000ea2f"
"10013e2e","FUN_10013e2e","10014005","FUN_10014005"
"10013e2e","FUN_10013e2e","100198f6","FUN_100198f6"
"10013e2e","FUN_10013e2e","1001be00","FUN_1001be00"
"10013e85","FUN_10013e85","10014215","FUN_10014215"
"10013e85","FUN_10013e85","100198f6","FUN_100198f6"
"10013e85","FUN_10013e85","1001be00","FUN_1001be00"
"10013edc","FUN_10013edc","100142e6","FUN_100142e6"
"10013edc","FUN_10013edc","100198f6","FUN_100198f6"
"10013edc","FUN_10013edc","1001be00","FUN_1001be00"
"10013f33","FUN_10013f33","100028cb","FUN_100028cb"
"10013f33","FUN_10013f33","100028fe","FUN_100028fe"
"10013f33","FUN_10013f33","100049fa","FUN_100049fa"
"10013f33","FUN_10013f33","10013d96","FUN_10013d96"
"10013f33","FUN_10013f33","1001c3f0","__allmul"
"10013fca","FUN_10013fca","10002ece","FUN_10002ece"
"10013fca","FUN_10013fca","10013f33","FUN_10013f33"
"10013fe6","FUN_10013fe6","100225ce","FUN_100225ce"
"10014005","FUN_10014005","10007d73","FUN_10007d73"
"10014005","FUN_10014005","1000aa28","FUN_1000aa28"
"10014005","FUN_10014005","1000d7b6","FUN_1000d7b6"
"10014005","FUN_10014005","1000e085","FUN_1000e085"
"10014005","FUN_10014005","10013fca","FUN_10013fca"
"10014005","FUN_10014005","1001973b","FUN_1001973b"
"10014005","FUN_10014005","1001d9b0","_memset"
"10014005","FUN_10014005","EXTERNAL:00000008","VirtualProtect"
"10014005","FUN_10014005","EXTERNAL:0000000b","GetModuleHandleA"
"10014215","FUN_10014215","10002753","FUN_10002753"
"10014215","FUN_10014215","1000559e","FUN_1000559e"
"10014215","FUN_10014215","100055be","FUN_100055be"
"10014215","FUN_10014215","10005e17","FUN_10005e17"
"10014215","FUN_10014215","10005ff7","FUN_10005ff7"
"10014215","FUN_10014215","1000bea5","FUN_1000bea5"
"10014215","FUN_10014215","1000cc31","FUN_1000cc31"
"10014215","FUN_10014215","10012b64","FUN_10012b64"
"10014215","FUN_10014215","100175a6","FUN_100175a6"
"10014215","FUN_10014215","1001765d","FUN_1001765d"
"10014215","FUN_10014215","100177fd","FUN_100177fd"
"10014215","FUN_10014215","1001c17c","FUN_1001c17c"
"10014215","FUN_10014215","1001c1be","__EH_prolog3_GS"
"100142e6","FUN_100142e6","10002753","FUN_10002753"
"100142e6","FUN_100142e6","1000559e","FUN_1000559e"
"100142e6","FUN_100142e6","100055be","FUN_100055be"
"100142e6","FUN_100142e6","10005e17","FUN_10005e17"
"100142e6","FUN_100142e6","10005ff7","FUN_10005ff7"
"100142e6","FUN_100142e6","1000bea5","FUN_1000bea5"
"100142e6","FUN_100142e6","1000cc31","FUN_1000cc31"
"100142e6","FUN_100142e6","10012b64","FUN_10012b64"
"100142e6","FUN_100142e6","100175a6","FUN_100175a6"
"100142e6","FUN_100142e6","100175ef","FUN_100175ef"
"100142e6","FUN_100142e6","100177fd","FUN_100177fd"
"100142e6","FUN_100142e6","1001c17c","FUN_1001c17c"
"100142e6","FUN_100142e6","1001c1be","__EH_prolog3_GS"
"100143e8","FUN_100143e8","100118a2","FUN_100118a2"
"100143e8","FUN_100143e8","EXTERNAL:00000008","VirtualProtect"
"100143e8","FUN_100143e8","EXTERNAL:0000000b","GetModuleHandleA"
"100144e8","FUN_100144e8","1001d9b0","_memset"
"100144e8","FUN_100144e8","EXTERNAL:00000008","VirtualProtect"
"100146ce","FUN_100146ce","1001c15a","__security_check_cookie"
"100146ce","FUN_100146ce","1001d430","FUN_1001d430"
"100146ce","FUN_100146ce","EXTERNAL:00000008","VirtualProtect"
"100146ce","FUN_100146ce","EXTERNAL:0000000b","GetModuleHandleA"
"1001473d","FUN_1001473d","EXTERNAL:00000008","VirtualProtect"
"10014772","FUN_10014772","10002753","FUN_10002753"
"10014772","FUN_10014772","1000559e","FUN_1000559e"
"10014772","FUN_10014772","100055be","FUN_100055be"
"10014772","FUN_10014772","10005e17","FUN_10005e17"
"10014772","FUN_10014772","100060fe","FUN_100060fe"
"10014772","FUN_10014772","10012b64","FUN_10012b64"
"10014772","FUN_10014772","1001c17c","FUN_1001c17c"
"10014772","FUN_10014772","1001c1be","__EH_prolog3_GS"
"10014772","FUN_10014772","1001d430","FUN_1001d430"
"10014772","FUN_10014772","1001d9b0","_memset"
"10014772","FUN_10014772","EXTERNAL:00000008","VirtualProtect"
"10014772","FUN_10014772","EXTERNAL:0000000b","GetModuleHandleA"
"10014772","FUN_10014772","EXTERNAL:00000019","GetProcAddress"
"1001490c","FUN_1001490c","100118a2","FUN_100118a2"
"1001490c","FUN_1001490c","EXTERNAL:00000008","VirtualProtect"
"1001490c","FUN_1001490c","EXTERNAL:0000000b","GetModuleHandleA"
"1001495d","FUN_1001495d","1000d77a","FUN_1000d77a"
"1001495d","FUN_1001495d","100170a6","MH_CreateHook"
"1001495d","FUN_1001495d","100170ac","MH_EnableHook"
"1001495d","FUN_1001495d","1001c12a","operator_new"
"10014992","FUN_10014992","EXTERNAL:00000008","VirtualProtect"
"100149ed","FUN_100149ed","EXTERNAL:00000008","VirtualProtect"
"10014a4b","FUN_10014a4b","10007d73","FUN_10007d73"
"10014a4b","FUN_10014a4b","1000aa28","FUN_1000aa28"
"10014a4b","FUN_10014a4b","1001973b","FUN_1001973b"
"10014a4b","FUN_10014a4b","EXTERNAL:00000008","VirtualProtect"
"10014b70","FUN_10014b70","10002753","FUN_10002753"
"10014b70","FUN_10014b70","10002cbb","FUN_10002cbb"
"10014b70","FUN_10014b70","100032ee","FUN_100032ee"
"10014b70","FUN_10014b70","10003343","FUN_10003343"
"10014b70","FUN_10014b70","10004564","FUN_10004564"
"10014b70","FUN_10014b70","1000559e","FUN_1000559e"
"10014b70","FUN_10014b70","100055be","FUN_100055be"
"10014b70","FUN_10014b70","10005e17","FUN_10005e17"
"10014b70","FUN_10014b70","10005ff7","FUN_10005ff7"
"10014b70","FUN_10014b70","10010e5e","FUN_10010e5e"
"10014b70","FUN_10014b70","10012b64","FUN_10012b64"
"10014b70","FUN_10014b70","100137bd","FUN_100137bd"
"10014b70","FUN_10014b70","10013dfb","FUN_10013dfb"
"10014b70","FUN_10014b70","100170a6","MH_CreateHook"
"10014b70","FUN_10014b70","100170ac","MH_EnableHook"
"10014b70","FUN_10014b70","10019b07","FUN_10019b07"
"10014b70","FUN_10014b70","1001c12a","operator_new"
"10014b70","FUN_10014b70","1001c17c","FUN_1001c17c"
"10014b70","FUN_10014b70","1001c1be","__EH_prolog3_GS"
"10014b70","FUN_10014b70","1001c24d","thunk_FUN_100225ce"
"10014b70","FUN_10014b70","1001c8f6","FUN_1001c8f6"
"10014b70","FUN_10014b70","1002112b","FUN_1002112b"
"10014b70","FUN_10014b70","10025774","FUN_10025774"
"10014b70","FUN_10014b70","10025a91","FUN_10025a91"
"10014b70","FUN_10014b70","10025c29","__beginthreadex"
"10014b70","FUN_10014b70","10026531","FUN_10026531"
"10014b70","FUN_10014b70","100266bf","_fopen"
"10014b70","FUN_10014b70","EXTERNAL:00000008","VirtualProtect"
"10014f16","FUN_10014f16","10015bb7","FUN_10015bb7"
"100150be","FUN_100150be","1001d9b0","_memset"
"100150be","FUN_100150be","EXTERNAL:00000008","VirtualProtect"
"10015138","FUN_10015138","1000d76c","FUN_1000d76c"
"10015138","FUN_10015138","EXTERNAL:00000008","VirtualProtect"
"10015183","FUN_10015183","EXTERNAL:00000008","VirtualProtect"
"10015276","FUN_10015276","10003343","FUN_10003343"
"10015276","FUN_10015276","10003cef","FUN_10003cef"
"10015276","FUN_10015276","1000d390","FUN_1000d390"
"10015276","FUN_10015276","100170a6","MH_CreateHook"
"10015276","FUN_10015276","100170ac","MH_EnableHook"
"10015276","FUN_10015276","10019b07","FUN_10019b07"
"10015276","FUN_10015276","10019d9a","FUN_10019d9a"
"10015276","FUN_10015276","1001c12a","operator_new"
"10015276","FUN_10015276","1001c168","__EH_epilog3"
"10015276","FUN_10015276","1001c18b","__EH_prolog3"
"10015276","FUN_10015276","1001d9b0","_memset"
"10015276","FUN_10015276","10025a91","FUN_10025a91"
"10015276","FUN_10015276","10025c29","__beginthreadex"
"10015276","FUN_10015276","EXTERNAL:00000008","VirtualProtect"
"1001569b","FUN_1001569b","EXTERNAL:00000008","VirtualProtect"
"1001569b","FUN_1001569b","EXTERNAL:0000000b","GetModuleHandleA"
"10015709","FUN_10015709","1001c115","FUN_1001c115"
"10015709","FUN_10015709","1001c424","FUN_1001c424"
"10015709","FUN_10015709","1001c475","FUN_1001c475"
"10015709","FUN_10015709","EXTERNAL:00000008","VirtualProtect"
"100157a0","FUN_100157a0","EXTERNAL:00000008","VirtualProtect"
"100157d8","FUN_100157d8","10001320","_Deallocate<>"
"100157d8","FUN_100157d8","10013fe6","FUN_10013fe6"
"100158ab","FUN_100158ab","100159d1","FUN_100159d1"
"100158ab","FUN_100158ab","100170a6","MH_CreateHook"
"100158ab","FUN_100158ab","100170ac","MH_EnableHook"
"100158ab","FUN_100158ab","1001c12a","operator_new"
"100158ab","FUN_100158ab","EXTERNAL:00000008","VirtualProtect"
"100159d1","FUN_100159d1","EXTERNAL:00000008","VirtualProtect"
"10015a1e","FUN_10015a1e","1001c8f6","FUN_1001c8f6"
"10015a1e","FUN_10015a1e","EXTERNAL:00000008","VirtualProtect"
"10015adb","FUN_10015adb","1000d76c","FUN_1000d76c"
"10015adb","FUN_10015adb","EXTERNAL:00000008","VirtualProtect"
"10015b2e","FUN_10015b2e","10015aa8","FUN_10015aa8"
"10015b3e","FUN_10015b3e","1001d430","FUN_1001d430"
"10015b3e","FUN_10015b3e","EXTERNAL:00000008","VirtualProtect"
"10015b3e","FUN_10015b3e","EXTERNAL:0000000c","GetCurrentProcess"
"10015b3e","FUN_10015b3e","EXTERNAL:0000001a","FlushInstructionCache"
"10015b3e","FUN_10015b3e","EXTERNAL:0000001b","VirtualQuery"
"10015bb7","FUN_10015bb7","10015b3e","FUN_10015b3e"
"10015bb7","FUN_10015bb7","1001c15a","__security_check_cookie"
"10015bb7","FUN_10015bb7","1001c900","__alloca_probe"
"10015bb7","FUN_10015bb7","1001d9b0","_memset"
"10015ce4","FUN_10015ce4","10015d4f","FUN_10015d4f"
"10015d4f","FUN_10015d4f","EXTERNAL:00000019","GetProcAddress"
"10015d62","FUN_10015d62","10011125","FUN_10011125"
"10015d62","FUN_10015d62","10017483","FUN_10017483"
"10015d62","FUN_10015d62","1001748e","FUN_1001748e"
"10015dde","FUN_10015dde","10017668","FUN_10017668"
"10015dde","FUN_10015dde","10017a76","FUN_10017a76"
"10015dde","FUN_10015dde","10017a8d","FUN_10017a8d"
"10015dde","FUN_10015dde","10017aaa","FUN_10017aaa"
"100161ec","FUN_100161ec","1001741f","FUN_1001741f"
"100161ec","FUN_100161ec","1001743b","FUN_1001743b"
"100161ec","FUN_100161ec","10017483","FUN_10017483"
"10016203","FUN_10016203","10016a66","FUN_10016a66"
"1001622f","FUN_1001622f","1000daaf","FUN_1000daaf"
"10016273","FUN_10016273","1001043b","FUN_1001043b"
"10016273","FUN_10016273","10012990","FUN_10012990"
"10016273","FUN_10016273","100162bd","FUN_100162bd"
"10016273","FUN_10016273","1001c17c","FUN_1001c17c"
"10016273","FUN_10016273","1001c1be","__EH_prolog3_GS"
"100162bd","FUN_100162bd","100162e7","FUN_100162e7"
"100162bd","FUN_100162bd","10016474","FUN_10016474"
"100162e7","FUN_100162e7","1001622f","FUN_1001622f"
"10016301","FUN_10016301","10016324","FUN_10016324"
"10016301","FUN_10016301","1001b556","___std_fs_code_page@0"
"10016324","FUN_10016324","1000713d","FUN_1000713d"
"10016324","FUN_10016324","1000a62f","FUN_1000a62f"
"10016324","FUN_10016324","10012f7e","FUN_10012f7e"
"10016324","FUN_10016324","1001b5a7","___std_fs_convert_wide_to_narrow@20"
"10016324","FUN_10016324","1001c17c","FUN_1001c17c"
"10016324","FUN_10016324","1001c1be","__EH_prolog3_GS"
"100163b9","FUN_100163b9","100117cb","FUN_100117cb"
"100163e7","FUN_100163e7","1000847c","FUN_1000847c"
"100163e7","FUN_100163e7","1000990e","FUN_1000990e"
"100163e7","FUN_100163e7","1001043b","FUN_1001043b"
"100163e7","FUN_100163e7","100164ad","FUN_100164ad"
"100163e7","FUN_100163e7","100169f7","FUN_100169f7"
"100163e7","FUN_100163e7","1001b748","FUN_1001b748"
"100163e7","FUN_100163e7","1001c17c","FUN_1001c17c"
"100163e7","FUN_100163e7","1001c1be","__EH_prolog3_GS"
"10016489","FUN_10016489","10012977","is_slash"
"100164ad","FUN_100164ad","10016203","FUN_10016203"
"100164ad","FUN_100164ad","1001c12a","operator_new"
"100164ad","FUN_100164ad","1001c168","__EH_epilog3"
"100164ad","FUN_100164ad","1001c18b","__EH_prolog3"
"100164ed","FUN_100164ed","10016301","FUN_10016301"
"100167ca","FUN_100167ca","10002753","FUN_10002753"
"100167ca","FUN_100167ca","10003343","FUN_10003343"
"100167ca","FUN_100167ca","10007cce","FUN_10007cce"
"100167ca","FUN_100167ca","1000990e","FUN_1000990e"
"100167ca","FUN_100167ca","1001043b","FUN_1001043b"
"100167ca","FUN_100167ca","10011b81","FUN_10011b81"
"100167ca","FUN_100167ca","1001234b","FUN_1001234b"
"100167ca","FUN_100167ca","1001372a","FUN_1001372a"
"100167ca","FUN_100167ca","10013a1c","FUN_10013a1c"
"100167ca","FUN_100167ca","10016261","FUN_10016261"
"100167ca","FUN_100167ca","100163b9","FUN_100163b9"
"100167ca","FUN_100167ca","100164ed","FUN_100164ed"
"100167ca","FUN_100167ca","10016ad7","FUN_10016ad7"
"100167ca","FUN_100167ca","10016bc0","FUN_10016bc0"
"100167ca","FUN_100167ca","10016f5a","FUN_10016f5a"
"100167ca","FUN_100167ca","1001c17c","FUN_1001c17c"
"100167ca","FUN_100167ca","1001c1be","__EH_prolog3_GS"
"100167ca","FUN_100167ca","EXTERNAL:00000016","LoadLibraryA"
"100167ca","FUN_100167ca","EXTERNAL:00000019","GetProcAddress"
"100169f7","FUN_100169f7","1001234b","FUN_1001234b"
"100169f7","FUN_100169f7","10016d31","FUN_10016d31"
"100169f7","FUN_100169f7","1001c168","__EH_epilog3"
"100169f7","FUN_100169f7","1001c18b","__EH_prolog3"
"10016a66","FUN_10016a66","10016ab5","FUN_10016ab5"
"10016a66","FUN_10016a66","10016b9f","FUN_10016b9f"
"10016a66","FUN_10016a66","10016df9","FUN_10016df9"
"10016a66","FUN_10016a66","1001c168","__EH_epilog3"
"10016a66","FUN_10016a66","1001c18b","__EH_prolog3"
"10016ab5","FUN_10016ab5","10012387","FUN_10012387"
"10016ad7","FUN_10016ad7","10013548","FUN_10013548"
"10016ad7","FUN_10016ad7","100163e7","FUN_100163e7"
"10016ad7","FUN_10016ad7","1001c168","__EH_epilog3"
"10016ad7","FUN_10016ad7","1001c18b","__EH_prolog3"
"10016b1c","FUN_10016b1c","10003343","FUN_10003343"
"10016b1c","FUN_10016b1c","100034ab","FUN_100034ab"
"10016b1c","FUN_10016b1c","10012387","FUN_10012387"
"10016b1c","FUN_10016b1c","1001c168","__EH_epilog3"
"10016b1c","FUN_10016b1c","1001c18b","__EH_prolog3"
"10016b7c","FUN_10016b7c","1001043b","FUN_1001043b"
"10016b7c","FUN_10016b7c","1001b748","FUN_1001b748"
"10016b8f","FUN_10016b8f","1001b748","FUN_1001b748"
"10016b97","FUN_10016b97","1001043b","FUN_1001043b"
"10016b9f","FUN_10016b9f","10010410","FUN_10010410"
"10016b9f","FUN_10016b9f","1001043b","FUN_1001043b"
"10016bc0","FUN_10016bc0","10016c2e","FUN_10016c2e"
"10016bc0","FUN_10016bc0","10016ed3","FUN_10016ed3"
"10016bde","FUN_10016bde","1001be00","FUN_1001be00"
"10016c01","FUN_10016c01","1001043b","FUN_1001043b"
"10016c01","FUN_10016c01","1001b748","FUN_1001b748"
"10016c01","FUN_10016c01","1001be00","FUN_1001be00"
"10016c2e","FUN_10016c2e","10016d02","FUN_10016d02"
"10016c2e","FUN_10016c2e","10016df9","FUN_10016df9"
"10016c2e","FUN_10016c2e","1001701c","FUN_1001701c"
"10016c2e","FUN_10016c2e","1001b727","FUN_1001b727"
"10016c2e","FUN_10016c2e","1001c15a","__security_check_cookie"
"10016c98","FUN_10016c98","10016c01","FUN_10016c01"
"10016ca3","FUN_10016ca3","10012977","is_slash"
"10016ca3","FUN_10016ca3","10016cda","FUN_10016cda"
"10016cda","FUN_10016cda","1001301d","FUN_1001301d"
"10016cda","FUN_10016cda","10016489","FUN_10016489"
"10016d31","FUN_10016d31","1001043b","FUN_1001043b"
"10016d31","FUN_10016d31","1001234b","FUN_1001234b"
"10016d31","FUN_10016d31","10016273","FUN_10016273"
"10016d31","FUN_10016d31","10016eae","FUN_10016eae"
"10016d31","FUN_10016d31","10016f7f","FUN_10016f7f"
"10016d31","FUN_10016d31","1001b768","___std_fs_directory_iterator_open@12"
"10016d31","FUN_10016d31","1001c17c","FUN_1001c17c"
"10016d31","FUN_10016d31","1001c1be","__EH_prolog3_GS"
"10016d31","FUN_10016d31","10025f86","FUN_10025f86"
"10016df9","FUN_10016df9","1001043b","FUN_1001043b"
"10016df9","FUN_10016df9","10012990","FUN_10012990"
"10016df9","FUN_10016df9","100162bd","FUN_100162bd"
"10016df9","FUN_10016df9","10016e61","FUN_10016e61"
"10016df9","FUN_10016df9","10016fbb","FUN_10016fbb"
"10016df9","FUN_10016df9","1001c17c","FUN_1001c17c"
"10016df9","FUN_10016df9","1001c1be","__EH_prolog3_GS"
"10016df9","FUN_10016df9","10025f86","FUN_10025f86"
"10016e61","FUN_10016e61","1001d430","FUN_1001d430"
"10016eae","FUN_10016eae","10016d02","FUN_10016d02"
"10016eae","FUN_10016eae","1001b727","FUN_1001b727"
"10016ed3","FUN_10016ed3","10003343","FUN_10003343"
"10016ed3","FUN_10016ed3","10013245","FUN_10013245"
"10016ed3","FUN_10016ed3","10016b1c","FUN_10016b1c"
"10016ed3","FUN_10016ed3","1001c18b","__EH_prolog3"
"10016ed3","FUN_10016ed3","1001db8f","FUN_1001db8f"
"10016f34","FUN_10016f34","10001320","_Deallocate<>"
"10016f5a","FUN_10016f5a","1000990e","FUN_1000990e"
"10016f7f","FUN_10016f7f","10011c60","FUN_10011c60"
"10016f7f","FUN_10016f7f","10017038","FUN_10017038"
"10016fbb","FUN_10016fbb","100137e5","FUN_100137e5"
"10016fbb","FUN_10016fbb","10016ca3","FUN_10016ca3"
"1001701c","FUN_1001701c","1000990e","FUN_1000990e"
"10017038","FUN_10017038","10011c60","FUN_10011c60"
"10017038","FUN_10017038","10013109","FUN_10013109"
"1001707b","FUN_1001707b","10025a91","FUN_10025a91"
"10017091","FUN_10017091","10015ce4","FUN_10015ce4"
"10017091","FUN_10017091","EXTERNAL:0000000b","GetModuleHandleA"
"100170b8","FUN_100170b8","1001d430","FUN_1001d430"
"100170b8","FUN_100170b8","100266d6","FUN_100266d6"
"10017146","FUN_10017146","100225ce","FUN_100225ce"
"1001715f","FUN_1001715f","1001d430","FUN_1001d430"
"1001715f","FUN_1001715f","100266d6","FUN_100266d6"
"1001715f","FUN_1001715f","100266e1","FUN_100266e1"
"100171da","FUN_100171da","10017229","FUN_10017229"
"100171da","FUN_100171da","1001d430","FUN_1001d430"
"10017229","FUN_10017229","1001d9b0","_memset"
"100172dc","FUN_100172dc","1001715f","FUN_1001715f"
"100173ce","FUN_100173ce","1001c260","__alldiv"
"100173ce","FUN_100173ce","1001c3f0","__allmul"
"100173ce","FUN_100173ce","EXTERNAL:0000001d","QueryPerformanceCounter"
"100173ce","FUN_100173ce","EXTERNAL:0000001e","QueryPerformanceFrequency"
"1001741f","FUN_1001741f","1001780d","FUN_1001780d"
"1001743b","FUN_1001743b","1001780d","FUN_1001780d"
"1001744d","FUN_1001744d","1001780d","FUN_1001780d"
"1001745f","FUN_1001745f","1001780d","FUN_1001780d"
"10017471","FUN_10017471","1001780d","FUN_1001780d"
"10017483","FUN_10017483","1001780d","FUN_1001780d"
"1001748e","FUN_1001748e","1001780d","FUN_1001780d"
"100174b7","FUN_100174b7","1001780d","FUN_1001780d"
"100174d3","FUN_100174d3","1001780d","FUN_1001780d"
"100174e5","FUN_100174e5","1001780d","FUN_1001780d"
"1001750f","FUN_1001750f","1001780d","FUN_1001780d"
"1001752b","FUN_1001752b","1001780d","FUN_1001780d"
"1001753d","FUN_1001753d","1001780d","FUN_1001780d"
"1001755c","FUN_1001755c","1001780d","FUN_1001780d"
"10017578","FUN_10017578","1001780d","FUN_1001780d"
"10017594","FUN_10017594","1001780d","FUN_1001780d"
"100175a6","FUN_100175a6","1001780d","FUN_1001780d"
"100175b1","FUN_100175b1","1001780d","FUN_1001780d"
"100175d0","FUN_100175d0","1001780d","FUN_1001780d"
"100175ef","FUN_100175ef","1001780d","FUN_1001780d"
"1001760b","FUN_1001760b","1001780d","FUN_1001780d"
"1001762a","FUN_1001762a","1001780d","FUN_1001780d"
"10017635","FUN_10017635","1001780d","FUN_1001780d"
"1001765d","FUN_1001765d","1001780d","FUN_1001780d"
"10017668","FUN_10017668","1001780d","FUN_1001780d"
"1001767a","FUN_1001767a","1001780d","FUN_1001780d"
"1001768c","FUN_1001768c","1001780d","FUN_1001780d"
"1001769e","FUN_1001769e","1001780d","FUN_1001780d"
"100176b0","FUN_100176b0","1001780d","FUN_1001780d"
"100176c2","FUN_100176c2","1001780d","FUN_1001780d"
"100176d4","FUN_100176d4","1001780d","FUN_1001780d"
"100176e6","FUN_100176e6","1001780d","FUN_1001780d"
"10017702","FUN_10017702","1001780d","FUN_1001780d"
"1001773e","FUN_1001773e","1001780d","FUN_1001780d"
"10017773","FUN_10017773","1001780d","FUN_1001780d"
"1001777e","FUN_1001777e","1001780d","FUN_1001780d"
"1001779a","FUN_1001779a","1001780d","FUN_1001780d"
"100177bc","FUN_100177bc","1001780d","FUN_1001780d"
"100177ce","FUN_100177ce","1001780d","FUN_1001780d"
"100177e0","FUN_100177e0","1001780d","FUN_1001780d"
"100177f2","FUN_100177f2","1001780d","FUN_1001780d"
"100177fd","FUN_100177fd","1001780d","FUN_1001780d"
"1001780d","FUN_1001780d","1001c424","FUN_1001c424"
"1001780d","FUN_1001780d","1001c475","FUN_1001c475"
"1001780d","FUN_1001780d","EXTERNAL:0000000b","GetModuleHandleA"
"10017a48","FUN_10017a48","10017a23","FUN_10017a23"
"10017a76","FUN_10017a76","10017a6b","FUN_10017a6b"
"10017a8d","FUN_10017a8d","10017a7f","FUN_10017a7f"
"10017aaa","FUN_10017aaa","10017a95","FUN_10017a95"
"10017aea","FUN_10017aea","100018b8","FUN_100018b8"
"10017b1c","FUN_10017b1c","100018b8","FUN_100018b8"
"10017b37","FUN_10017b37","1000357a","FUN_1000357a"
"10017b56","FUN_10017b56","100018b8","FUN_100018b8"
"10017b71","FUN_10017b71","1000357a","FUN_1000357a"
"10017b90","FUN_10017b90","100018b8","FUN_100018b8"
"10017bab","FUN_10017bab","1000357a","FUN_1000357a"
"10017bca","FUN_10017bca","10017acc","FUN_10017acc"
"10017bca","FUN_10017bca","1001db8f","FUN_1001db8f"
"10017be7","FUN_10017be7","10017b05","FUN_10017b05"
"10017be7","FUN_10017be7","1001db8f","FUN_1001db8f"
"10017c04","FUN_10017c04","10017b37","FUN_10017b37"
"10017c04","FUN_10017c04","1001db8f","FUN_1001db8f"
"10017c24","FUN_10017c24","10017b71","FUN_10017b71"
"10017c24","FUN_10017c24","1001db8f","FUN_1001db8f"
"10017c44","FUN_10017c44","10017bab","FUN_10017bab"
"10017c44","FUN_10017c44","1001db8f","FUN_1001db8f"
"10017c64","FUN_10017c64","10007fe1","FUN_10007fe1"
"10017c64","FUN_10017c64","1001db8f","FUN_1001db8f"
"10017c8a","FUN_10017c8a","1001ba6b","FUN_1001ba6b"
"10017cb7","_Lockit","1001ba80","__Mtxlock"
"10017cb7","_Lockit","1002679e","__lock_locales"
"10017d0f","FUN_10017d0f","1001ba8e","FUN_1001ba8e"
"10017d0f","FUN_10017d0f","10026787","___acrt_unlock"
"10017f70","FUN_10017f70","10017e60","FUN_10017e60"
"10017f70","FUN_10017f70","1001c15a","__security_check_cookie"
"10017f70","FUN_10017f70","1001d430","FUN_1001d430"
"100181a0","FUN_100181a0","10017d30","FUN_10017d30"
"100181b0","FUN_100181b0","10017f70","FUN_10017f70"
"100181be","FUN_100181be","EXTERNAL:0000001d","QueryPerformanceCounter"
"100181d5","FUN_100181d5","EXTERNAL:0000001e","QueryPerformanceFrequency"
"1001821a","FUN_1001821a","10018258","__Xtime_get_ticks"
"1001821a","FUN_1001821a","1001d070","__aulldiv"
"1001821a","FUN_1001821a","1001d0e0","__aullrem"
"10018258","__Xtime_get_ticks","1001bad0","FUN_1001bad0"
"1001827f","FUN_1001827f","EXTERNAL:0000002a","SleepConditionVariableSRW"
"100182ef","_Locimp","100183a5","FUN_100183a5"
"10018330","FUN_10018330","10004394","guard_check_icall"
"10018385","FUN_10018385","10004512","FUN_10004512"
"10018385","FUN_10018385","100184d0","FUN_100184d0"
"100183a5","FUN_100183a5","10004512","FUN_10004512"
"100183a5","FUN_100183a5","1001d430","FUN_1001d430"
"100183a5","FUN_100183a5","100266d6","FUN_100266d6"
"100183ee","FUN_100183ee","10018385","FUN_10018385"
"100183ee","FUN_100183ee","1001be00","FUN_1001be00"
"10018410","FUN_10018410","10017bca","FUN_10017bca"
"10018410","FUN_10018410","100266d6","FUN_100266d6"
"10018443","FUN_10018443","10004394","guard_check_icall"
"10018443","FUN_10018443","10017cb7","_Lockit"
"10018443","FUN_10018443","10017d0f","FUN_10017d0f"
"10018443","FUN_10018443","100183a5","FUN_100183a5"
"10018443","FUN_10018443","100185a7","_New_Locimp"
"10018443","FUN_10018443","100185ca","_Setgloballocale"
"10018443","FUN_10018443","1001c168","__EH_epilog3"
"10018443","FUN_10018443","1001c18b","__EH_prolog3"
"100184d0","FUN_100184d0","10004394","guard_check_icall"
"100184d0","FUN_100184d0","10017cb7","_Lockit"
"100184d0","FUN_100184d0","10017d0f","FUN_10017d0f"
"100184d0","FUN_100184d0","100225ce","FUN_100225ce"
"10018541","FUN_10018541","100183a5","FUN_100183a5"
"10018541","FUN_10018541","10026a0a","_setlocale"
"1001858d","_Locinfo_dtor","10026a0a","_setlocale"
"100185a7","_New_Locimp","100182ef","_Locimp"
"100185a7","_New_Locimp","1001c12a","operator_new"
"100185ca","_Setgloballocale","1001bb8d","_Atexit"
"100185f2","__Deletegloballocale","10004394","guard_check_icall"
"1001862d","FUN_1001862d","10017cb7","_Lockit"
"1001862d","FUN_1001862d","10017d0f","FUN_10017d0f"
"1001862d","FUN_1001862d","100185f2","__Deletegloballocale"
"1001865a","FUN_1001865a","1002571b","FUN_1002571b"
"1001865a","FUN_1001865a","10026a42","___pctype_func"
"1001865a","FUN_1001865a","10026a66","____lc_codepage_func"
"1001865a","FUN_1001865a","10026a8b","____lc_locale_name_func"
"1001865a","FUN_1001865a","10026f34","FUN_10026f34"
"100186c8","FUN_100186c8","1001bbd5","FUN_1001bbd5"
"100186c8","FUN_100186c8","10025de0","_isupper"
"100186c8","FUN_100186c8","10026a42","___pctype_func"
"100186c8","FUN_100186c8","10026a66","____lc_codepage_func"
"100186c8","FUN_100186c8","10026a8b","____lc_locale_name_func"
"100187b4","FUN_100187b4","1001bbd5","FUN_1001bbd5"
"100187b4","FUN_100187b4","10025d50","_islower"
"100187b4","FUN_100187b4","10026a42","___pctype_func"
"100187b4","FUN_100187b4","10026a66","____lc_codepage_func"
"100187b4","FUN_100187b4","10026a8b","____lc_locale_name_func"
"100188a0","_Addstd","10017cb7","_Lockit"
"100188a0","_Addstd","10017d0f","FUN_10017d0f"
"100188ec","_Callfns","10004394","guard_check_icall"
"1001891f","_Ios_base_dtor","100039ba","FUN_100039ba"
"1001891f","_Ios_base_dtor","1001895f","FUN_1001895f"
"1001891f","_Ios_base_dtor","1001be00","FUN_1001be00"
"1001895f","FUN_1001895f","100188ec","_Callfns"
"1001895f","FUN_1001895f","1001be00","FUN_1001be00"
"100189e0","FUN_100189e0","1002112b","FUN_1002112b"
"100189e0","FUN_100189e0","10021e80","FUN_10021e80"
"100189e0","FUN_100189e0","100266a9","FUN_100266a9"
"10018a65","FUN_10018a65","1002112b","FUN_1002112b"
"10018a65","FUN_10018a65","10021e80","FUN_10021e80"
"10018a65","FUN_10018a65","100266b4","FUN_100266b4"
"10018aea","FUN_10018aea","100189e0","FUN_100189e0"
"10018af3","FUN_10018af3","10018a65","FUN_10018a65"
"10018afc","__Getcvt","1001d9b0","_memset"
"10018afc","__Getcvt","10026a42","___pctype_func"
"10018afc","__Getcvt","10026a66","____lc_codepage_func"
"10018afc","__Getcvt","10026a8b","____lc_locale_name_func"
"10018afc","__Getcvt","10026ab2","____mb_cur_max_func"
"10018b6f","__Wcrtomb","100225bb","FUN_100225bb"
"10018b6f","__Wcrtomb","EXTERNAL:0000002d","WideCharToMultiByte"
"10018c0b","FUN_10018c0b","10004394","guard_check_icall"
"10018c23","FUN_10018c23","1001d430","FUN_1001d430"
"10018c23","FUN_10018c23","1001d9b0","_memset"
"10018c94","FUN_10018c94","100018b8","FUN_100018b8"
"10018d42","FUN_10018d42","100018ef","FUN_100018ef"
"10018d84","FUN_10018d84","10018dc6","FUN_10018dc6"
"10018dc6","FUN_10018dc6","1001db6d","FUN_1001db6d"
"10018e10","FUN_10018e10","1000990e","FUN_1000990e"
"10018e89","FUN_10018e89","10007712","_Copy_construct_from<>"
"10018e89","FUN_10018e89","1000990e","FUN_1000990e"
"10018f08","FUN_10018f08","100018ef","FUN_100018ef"
"10018f08","FUN_10018f08","1001be00","FUN_1001be00"
"10018f62","FUN_10018f62","10018dc6","FUN_10018dc6"
"10018f62","FUN_10018f62","1001be00","FUN_1001be00"
"10018fbc","FUN_10018fbc","1000990e","FUN_1000990e"
"10018fbc","FUN_10018fbc","1001be00","FUN_1001be00"
"10018fe5","FUN_10018fe5","1001be00","FUN_1001be00"
"10019002","FUN_10019002","10018dc6","FUN_10018dc6"
"10019002","FUN_10019002","1001be00","FUN_1001be00"
"10019024","FUN_10019024","1000990e","FUN_1000990e"
"10019024","FUN_10019024","10018c23","FUN_10018c23"
"10019024","FUN_10019024","10018e10","FUN_10018e10"
"10019024","FUN_10019024","100192b6","_CopyExceptionObject"
"10019024","FUN_10019024","1001940d","FUN_1001940d"
"10019024","FUN_10019024","100266d6","FUN_100266d6"
"100190e8","Catch@100190e8","1000990e","FUN_1000990e"
"100190e8","Catch@100190e8","10018c23","FUN_10018c23"
"100190e8","Catch@100190e8","10018e10","FUN_10018e10"
"100190e8","Catch@100190e8","100192b6","_CopyExceptionObject"
"100190e8","Catch@100190e8","1001940d","FUN_1001940d"
"100190e8","Catch@100190e8","1001946b","FUN_1001946b"
"100190e8","Catch@100190e8","1001e184","FUN_1001e184"
"100190e8","Catch@100190e8","100225ce","FUN_100225ce"
"100190e8","Catch@100190e8","100266d6","FUN_100266d6"
"100191e9","Catch@100191e9","1000990e","FUN_1000990e"
"100191e9","Catch@100191e9","10018e10","FUN_10018e10"
"100191e9","Catch@100191e9","1001946b","FUN_1001946b"
"100191e9","Catch@100191e9","100225ce","FUN_100225ce"
"100192b6","_CopyExceptionObject","10004394","guard_check_icall"
"100192b6","_CopyExceptionObject","10019293","_CallMemberFunction1"
"100192b6","_CopyExceptionObject","100192a3","_CallMemberFunction2"
"100192b6","_CopyExceptionObject","1001d430","FUN_1001d430"
"100192b6","_CopyExceptionObject","1001e109","___AdjustPointer"
"10019328","FUN_10019328","100225ce","FUN_100225ce"
"10019363","FUN_10019363","10004394","guard_check_icall"
"10019363","FUN_10019363","10019286","FUN_10019286"
"10019363","FUN_10019363","1002598b","_abort"
"10019527","FUN_10019527","10018e89","FUN_10018e89"
"10019537","FUN_10019537","10007cce","FUN_10007cce"
"1001955c","FUN_1001955c","1000990e","FUN_1000990e"
"1001955c","FUN_1001955c","10018c23","FUN_10018c23"
"1001955c","FUN_1001955c","10018e10","FUN_10018e10"
"1001955c","FUN_1001955c","10019024","FUN_10019024"
"1001955c","FUN_1001955c","1001940d","FUN_1001940d"
"1001955c","FUN_1001955c","1001e184","FUN_1001e184"
"1001955c","FUN_1001955c","100266d6","FUN_100266d6"
"1001963e","__ExceptionPtrDestroy","10018fbc","FUN_10018fbc"
"1001964d","FUN_1001964d","10018ceb","FUN_10018ceb"
"1001964d","FUN_1001964d","100192b6","_CopyExceptionObject"
"1001964d","FUN_1001964d","1001c15a","__security_check_cookie"
"1001964d","FUN_1001964d","1001d160","__alloca_probe_16"
"1001964d","FUN_1001964d","1001db8f","FUN_1001db8f"
"1001964d","FUN_1001964d","1002598b","_abort"
"1001964d","FUN_1001964d","EXTERNAL:0000002e","RaiseException"
"1001972a","FUN_1001972a","1001975d","FUN_1001975d"
"1001973b","FUN_1001973b","EXTERNAL:00000027","ReleaseSRWLockExclusive"
"1001975d","FUN_1001975d","1001821a","FUN_1001821a"
"1001975d","FUN_1001975d","1001c15a","__security_check_cookie"
"1001975d","FUN_1001975d","EXTERNAL:00000028","AcquireSRWLockExclusive"
"1001975d","FUN_1001975d","EXTERNAL:00000029","TryAcquireSRWLockExclusive"
"1001975d","FUN_1001975d","EXTERNAL:0000002b","GetCurrentThreadId"
"10019889","FUN_10019889","1001827f","FUN_1001827f"
"100198a6","FUN_100198a6","EXTERNAL:00000031","WakeAllConditionVariable"
"100198ba","FUN_100198ba","10019889","FUN_10019889"
"100198ba","FUN_100198ba","100198e2","FUN_100198e2"
"100198e2","FUN_100198e2","EXTERNAL:0000002b","GetCurrentThreadId"
"100198f6","FUN_100198f6","1000aa28","FUN_1000aa28"
"100198f6","FUN_100198f6","1001973b","FUN_1001973b"
"100198f6","FUN_100198f6","100198a6","FUN_100198a6"
"100198f6","FUN_100198f6","10019d53","GetCurrentThreadId"
"100199ba","FUN_100199ba","1000aa28","FUN_1000aa28"
"100199ba","FUN_100199ba","1001973b","FUN_1001973b"
"100199ba","FUN_100199ba","1002571b","FUN_1002571b"
"100199ba","FUN_100199ba","EXTERNAL:0000002b","GetCurrentThreadId"
"10019a76","FUN_10019a76","1000aa28","FUN_1000aa28"
"10019a76","FUN_10019a76","1001973b","FUN_1001973b"
"10019b07","FUN_10019b07","10003710","FUN_10003710"
"10019b07","FUN_10019b07","10007836","FUN_10007836"
"10019b07","FUN_10019b07","1001db8f","FUN_1001db8f"
"10019b3c","FUN_10019b3c","1000aa28","FUN_1000aa28"
"10019b3c","FUN_10019b3c","1001973b","FUN_1001973b"
"10019b3c","FUN_10019b3c","100198ba","FUN_100198ba"
"10019b9c","Call_get_module_handle_ex","EXTERNAL:00000037","GetModuleHandleExW"
"10019bb9","Get_STL_host_status","EXTERNAL:00000037","GetModuleHandleExW"
"10019be8","FUN_10019be8","EXTERNAL:00000036","CloseThreadpoolWork"
"10019c05","_Reschedule_chore","10019b9c","Call_get_module_handle_ex"
"10019c05","_Reschedule_chore","10019bb9","Get_STL_host_status"
"10019c05","_Reschedule_chore","EXTERNAL:00000035","SubmitThreadpoolWork"
"10019c2e","_Schedule_chore","10019c05","_Reschedule_chore"
"10019c2e","_Schedule_chore","EXTERNAL:00000034","CreateThreadpoolWork"
"10019d30","FUN_10019d30","10004394","guard_check_icall"
"10019d30","FUN_10019d30","10017be7","FUN_10017be7"
"10019d59","FUN_10019d59","1000a65f","FUN_1000a65f"
"10019d59","FUN_10019d59","10019d30","FUN_10019d30"
"10019d59","FUN_10019d59","1001c168","__EH_epilog3"
"10019d59","FUN_10019d59","1001c18b","__EH_prolog3"
"10019d9a","FUN_10019d9a","EXTERNAL:00000039","CloseHandle"
"10019db2","FUN_10019db2","EXTERNAL:00000039","CloseHandle"
"10019db2","FUN_10019db2","EXTERNAL:0000003a","WaitForSingleObjectEx"
"10019db2","FUN_10019db2","EXTERNAL:0000003b","GetExitCodeThread"
"10019e01","__Mbrtowc","10019f33","__Utf8_trailing_byte_count"
"10019e01","__Mbrtowc","100225bb","FUN_100225bb"
"10019e01","__Mbrtowc","EXTERNAL:0000003c","MultiByteToWideChar"
"10019f8a","__Getwctype","EXTERNAL:0000003d","GetStringTypeW"
"10019faa","__Getwctypes","EXTERNAL:0000003d","GetStringTypeW"
"10019fc9","__Towlower","1001bdc3","___crtLCMapStringW"
"1001a029","__Towupper","1001bdc3","___crtLCMapStringW"
"1001a08d","_Fgetc<>","10027103","_fgetwc"
"1001a0b4","FUN_1001a0b4","10027376","FUN_10027376"
"1001a0d1","_Ungetc<>","100275e8","_ungetwc"
"1001a0f2","FUN_1001a0f2","10002aa5","operator_unsigned_int"
"1001a0f2","FUN_1001a0f2","100040ac","FUN_100040ac"
"1001a0f2","FUN_1001a0f2","10004394","guard_check_icall"
"1001a0f2","FUN_1001a0f2","100044f5","FUN_100044f5"
"1001a0f2","FUN_1001a0f2","10017cb7","_Lockit"
"1001a0f2","FUN_1001a0f2","10017d0f","FUN_10017d0f"
"1001a0f2","FUN_1001a0f2","10018410","FUN_10018410"
"1001a0f2","FUN_1001a0f2","1001a4f5","Getcat"
"1001a0f2","FUN_1001a0f2","1001c168","__EH_epilog3"
"1001a0f2","FUN_1001a0f2","1001c18b","__EH_prolog3"
"1001a18a","FUN_1001a18a","100035f7","FUN_100035f7"
"1001a1b8","FUN_1001a1b8","1001a18a","FUN_1001a18a"
"1001a1b8","FUN_1001a1b8","1001a8ec","FUN_1001a8ec"
"1001a1b8","FUN_1001a1b8","1001c168","__EH_epilog3"
"1001a1b8","FUN_1001a1b8","1001c18b","__EH_prolog3"
"1001a226","FUN_1001a226","1000416c","FUN_1000416c"
"1001a226","FUN_1001a226","10018443","FUN_10018443"
"1001a226","FUN_1001a226","1001c12a","operator_new"
"1001a226","FUN_1001a226","1001c168","__EH_epilog3"
"1001a226","FUN_1001a226","1001c18b","__EH_prolog3"
"1001a297","codecvt<>","10018afc","__Getcvt"
"1001a30e","~basic_filebuf<>","1001a36b","~basic_streambuf<>"
"1001a30e","~basic_filebuf<>","1001a5c5","Reset_back"
"1001a30e","~basic_filebuf<>","1001a62a","FUN_1001a62a"
"1001a36b","~basic_streambuf<>","100039ba","FUN_100039ba"
"1001a36b","~basic_streambuf<>","1001be00","FUN_1001be00"
"1001a38c","FUN_1001a38c","100037f1","FUN_100037f1"
"1001a3ae","FUN_1001a3ae","1001a3d8","FUN_1001a3d8"
"1001a3b6","FID_conflict:`scalar_deleting_destructor'","1001a30e","~basic_filebuf<>"
"1001a3b6","FID_conflict:`scalar_deleting_destructor'","1001be00","FUN_1001be00"
"1001a3d8","FUN_1001a3d8","1001a38c","FUN_1001a38c"
"1001a3d8","FUN_1001a3d8","1001be00","FUN_1001be00"
"1001a3fd","FUN_1001a3fd","1001a36b","~basic_streambuf<>"
"1001a3fd","FUN_1001a3fd","1001be00","FUN_1001be00"
"1001a41f","FUN_1001a41f","1001be00","FUN_1001be00"
"1001a442","Endwrite","10004394","guard_check_icall"
"1001a442","Endwrite","1001c15a","__security_check_cookie"
"1001a442","Endwrite","1002217f","FUN_1002217f"
"1001a4f5","Getcat","1000341a","FUN_1000341a"
"1001a4f5","Getcat","100038f5","FUN_100038f5"
"1001a4f5","Getcat","10003ed5","FUN_10003ed5"
"1001a4f5","Getcat","1001a297","codecvt<>"
"1001a4f5","Getcat","1001c12a","operator_new"
"1001a4f5","Getcat","1001c168","__EH_epilog3"
"1001a4f5","Getcat","1001c18b","__EH_prolog3"
"1001a55b","FUN_1001a55b","1000416c","FUN_1000416c"
"1001a597","FUN_1001a597","1000416c","FUN_1000416c"
"1001a597","FUN_1001a597","10018c0b","FUN_10018c0b"
"1001a62a","FUN_1001a62a","1001a442","Endwrite"
"1001a62a","FUN_1001a62a","1001a55b","FUN_1001a55b"
"1001a62a","FUN_1001a62a","1001a5c5","Reset_back"
"1001a62a","FUN_1001a62a","1002112b","FUN_1002112b"
"1001a677","FUN_1001a677","10019e01","__Mbrtowc"
"1001a6eb","FUN_1001a6eb","10019e01","__Mbrtowc"
"1001a747","FUN_1001a747","10018b6f","__Wcrtomb"
"1001a747","FUN_1001a747","1001c15a","__security_check_cookie"
"1001a747","FUN_1001a747","1001d430","FUN_1001d430"
"1001a840","do_unshift","10018b6f","__Wcrtomb"
"1001a840","do_unshift","1001c15a","__security_check_cookie"
"1001a840","do_unshift","1001d430","FUN_1001d430"
"1001a8d0","FUN_1001a8d0","1001a0f2","FUN_1001a0f2"
"1001a8d0","FUN_1001a8d0","1001a597","FUN_1001a597"
"1001a8ec","FUN_1001a8ec","100041ac","_Init"
"1001a8ec","FUN_1001a8ec","100045b9","FUN_100045b9"
"1001a8ec","FUN_1001a8ec","10010ee3","FUN_10010ee3"
"1001a8ec","FUN_1001a8ec","100188a0","_Addstd"
"1001a939","FUN_1001a939","10004394","guard_check_icall"
"1001a939","FUN_1001a939","1001a0b4","FUN_1001a0b4"
"1001a939","FUN_1001a939","1001a5c5","Reset_back"
"1001a939","FUN_1001a939","1001c15a","__security_check_cookie"
"1001a939","FUN_1001a939","1002217f","FUN_1002217f"
"1001aa71","FUN_1001aa71","1001a0d1","_Ungetc<>"
"1001aa71","FUN_1001aa71","1001a5ea","FUN_1001a5ea"
"1001ab02","FUN_1001ab02","100033e8","FUN_100033e8"
"1001ab02","FUN_1001ab02","1001a442","Endwrite"
"1001ab02","FUN_1001ab02","1001a5c5","Reset_back"
"1001ab02","FUN_1001ab02","1002161e","_fgetpos"
"1001ab02","FUN_1001ab02","10021e46","FUN_10021e46"
"1001abca","FUN_1001abca","100033e8","FUN_100033e8"
"1001abca","FUN_1001abca","1001a442","Endwrite"
"1001abca","FUN_1001abca","1001a5c5","Reset_back"
"1001abca","FUN_1001abca","10021b22","_fsetpos"
"1001ac55","setbuf","1001a55b","FUN_1001a55b"
"1001ac55","setbuf","1002237d","FUN_1002237d"
"1001aca6","FUN_1001aca6","10004394","guard_check_icall"
"1001aca6","FUN_1001aca6","1002146b","FUN_1002146b"
"1001ace8","FUN_1001ace8","10002753","FUN_10002753"
"1001ace8","FUN_1001ace8","10003f92","FUN_10003f92"
"1001ace8","FUN_1001ace8","10004394","guard_check_icall"
"1001ace8","FUN_1001ace8","10004cc0","FUN_10004cc0"
"1001ace8","FUN_1001ace8","1001a08d","_Fgetc<>"
"1001ace8","FUN_1001ace8","1001a5c5","Reset_back"
"1001ace8","FUN_1001ace8","1001c17c","FUN_1001c17c"
"1001ace8","FUN_1001ace8","1001c1be","__EH_prolog3_GS"
"1001ace8","FUN_1001ace8","10021505","FUN_10021505"
"1001ace8","FUN_1001ace8","100224ab","_ungetc"
"1001ae8c","uflow","10004394","guard_check_icall"
"1001aec3","underflow","10004394","guard_check_icall"
"1001af1f","FUN_1001af1f","1001af34","FUN_1001af34"
"1001af34","FUN_1001af34","10004394","guard_check_icall"
"1001af34","FUN_1001af34","1001d430","FUN_1001d430"
"1001b03a","FUN_1001b03a","1001b04f","FUN_1001b04f"
"1001b04f","FUN_1001b04f","10004394","guard_check_icall"
"1001b04f","FUN_1001b04f","1001d430","FUN_1001d430"
"1001b173","FUN_1001b173","1001b14f","FUN_1001b14f"
"1001b173","FUN_1001b173","EXTERNAL:0000002c","FormatMessageA"
"1001b173","FUN_1001b173","EXTERNAL:0000003f","GetLocaleInfoEx"
"1001b1f3","FUN_1001b1f3","1001b27a","FUN_1001b27a"
"1001b206","FUN_1001b206","1002598b","_abort"
"1001b27a","FUN_1001b27a","EXTERNAL:00000019","GetProcAddress"
"1001b27a","FUN_1001b27a","EXTERNAL:00000040","GetModuleHandleW"
"1001b30d","FUN_1001b30d","10004394","guard_check_icall"
"1001b30d","FUN_1001b30d","1001b1f3","FUN_1001b1f3"
"1001b30d","FUN_1001b30d","1001b369","FUN_1001b369"
"1001b369","FUN_1001b369","EXTERNAL:00000027","ReleaseSRWLockExclusive"
"1001b369","FUN_1001b369","EXTERNAL:00000028","AcquireSRWLockExclusive"
"1001b369","FUN_1001b369","EXTERNAL:00000031","WakeAllConditionVariable"
"1001b3c9","FUN_1001b3c9","10004394","guard_check_icall"
"1001b3c9","FUN_1001b3c9","1001b1f3","FUN_1001b1f3"
"1001b3c9","FUN_1001b3c9","1001b43e","FUN_1001b43e"
"1001b43e","FUN_1001b43e","10004394","guard_check_icall"
"1001b43e","FUN_1001b43e","EXTERNAL:00000027","ReleaseSRWLockExclusive"
"1001b43e","FUN_1001b43e","EXTERNAL:00000028","AcquireSRWLockExclusive"
"1001b43e","FUN_1001b43e","EXTERNAL:0000002a","SleepConditionVariableSRW"
"1001b536","FUN_1001b536","1002598b","_abort"
"1001b536","FUN_1001b536","EXTERNAL:00000039","CloseHandle"
"1001b556","___std_fs_code_page@0","10026a66","____lc_codepage_func"
"1001b556","___std_fs_code_page@0","EXTERNAL:00000048","AreFileApisANSI"
"1001b573","___std_fs_convert_narrow_to_wide@20","EXTERNAL:00000032","GetLastError"
"1001b573","___std_fs_convert_narrow_to_wide@20","EXTERNAL:0000003c","MultiByteToWideChar"
"1001b5a7","___std_fs_convert_wide_to_narrow@20","EXTERNAL:0000002d","WideCharToMultiByte"
"1001b5a7","___std_fs_convert_wide_to_narrow@20","EXTERNAL:00000032","GetLastError"
"1001b65a","FUN_1001b65a","EXTERNAL:0000002d","WideCharToMultiByte"
"1001b65a","FUN_1001b65a","EXTERNAL:00000032","GetLastError"
"1001b6c9","FUN_1001b6c9","1001b79f","FUN_1001b79f"
"1001b6c9","FUN_1001b6c9","EXTERNAL:00000032","GetLastError"
"1001b6c9","FUN_1001b6c9","EXTERNAL:00000041","CreateDirectoryW"
"1001b727","FUN_1001b727","EXTERNAL:00000032","GetLastError"
"1001b727","FUN_1001b727","EXTERNAL:00000046","FindNextFileW"
"1001b748","FUN_1001b748","1002598b","_abort"
"1001b748","FUN_1001b748","EXTERNAL:00000043","FindClose"
"1001b768","___std_fs_directory_iterator_open@12","1001b748","FUN_1001b748"
"1001b768","___std_fs_directory_iterator_open@12","EXTERNAL:00000032","GetLastError"
"1001b768","___std_fs_directory_iterator_open@12","EXTERNAL:00000045","FindFirstFileExW"
"1001b79f","FUN_1001b79f","1001b536","FUN_1001b536"
"1001b79f","FUN_1001b79f","1001ba29","___std_fs_open_handle@16"
"1001b79f","FUN_1001b79f","1001c15a","__security_check_cookie"
"1001b79f","FUN_1001b79f","EXTERNAL:00000032","GetLastError"
"1001b79f","FUN_1001b79f","EXTERNAL:00000043","FindClose"
"1001b79f","FUN_1001b79f","EXTERNAL:00000044","FindFirstFileW"
"1001b79f","FUN_1001b79f","EXTERNAL:00000047","GetFileAttributesExW"
"1001b79f","FUN_1001b79f","EXTERNAL:00000049","GetFileInformationByHandleEx"
"1001ba29","___std_fs_open_handle@16","EXTERNAL:00000032","GetLastError"
"1001ba29","___std_fs_open_handle@16","EXTERNAL:00000042","CreateFileW"
"1001ba5d","FUN_1001ba5d","EXTERNAL:0000004d","DeleteCriticalSection"
"1001ba6b","FUN_1001ba6b","EXTERNAL:0000004c","InitializeCriticalSectionEx"
"1001ba80","__Mtxlock","EXTERNAL:0000004a","EnterCriticalSection"
"1001ba8e","FUN_1001ba8e","EXTERNAL:0000004b","LeaveCriticalSection"
"1001bad0","FUN_1001bad0","10004394","guard_check_icall"
"1001bad0","FUN_1001bad0","EXTERNAL:0000004e","GetSystemTimeAsFileTime"
"1001bb25","~_Init_atexit","10004394","guard_check_icall"
"1001bb25","~_Init_atexit","EXTERNAL:00000050","DecodePointer"
"1001bb8d","_Atexit","EXTERNAL:0000004f","EncodePointer"
"1001bbbc","FUN_1001bbbc","100225ce","FUN_100225ce"
"1001bbd5","FUN_1001bbd5","1001bbbc","FUN_1001bbbc"
"1001bbd5","FUN_1001bbd5","1001c15a","__security_check_cookie"
"1001bbd5","FUN_1001bbd5","1001d160","__alloca_probe_16"
"1001bbd5","FUN_1001bbd5","100266d6","FUN_100266d6"
"1001bbd5","FUN_1001bbd5","10027676","___strncnt"
"1001bbd5","FUN_1001bbd5","EXTERNAL:0000002d","WideCharToMultiByte"
"1001bbd5","FUN_1001bbd5","EXTERNAL:0000003c","MultiByteToWideChar"
"1001bbd5","FUN_1001bbd5","EXTERNAL:00000051","LCMapStringEx"
"1001bda5","FUN_1001bda5","100225ce","FUN_100225ce"
"1001bdc3","___crtLCMapStringW","100260ae","FUN_100260ae"
"1001bdc3","___crtLCMapStringW","EXTERNAL:00000051","LCMapStringEx"
"1001be00","FUN_1001be00","1001d18c","thunk_FUN_100225ce"
"1001be50","___scrt_acquire_startup_lock","1001d191","___scrt_is_ucrt_dll_in_use"
"1001be82","___scrt_dllmain_after_initialize_c","100046cf","FUN_100046cf"
"1001be82","___scrt_dllmain_after_initialize_c","1001cd52","FUN_1001cd52"
"1001be82","___scrt_dllmain_after_initialize_c","1001d191","___scrt_is_ucrt_dll_in_use"
"1001be82","___scrt_dllmain_after_initialize_c","100280d3","FUN_100280d3"
"1001be82","___scrt_dllmain_after_initialize_c","100284f5","thunk_FUN_1002810a"
"1001bead","FUN_1001bead","1001bf84","FUN_1001bf84"
"1001bebb","___scrt_dllmain_crt_thread_attach","1001f593","___vcrt_thread_attach"
"1001bebb","___scrt_dllmain_crt_thread_attach","1001f59e","FUN_1001f59e"
"1001bebb","___scrt_dllmain_crt_thread_attach","10028968","FUN_10028968"
"1001beda","___scrt_dllmain_crt_thread_detach","1001f59e","FUN_1001f59e"
"1001beda","___scrt_dllmain_crt_thread_detach","10028973","FUN_10028973"
"1001bee7","___scrt_dllmain_exception_filter","10004394","guard_check_icall"
"1001bee7","___scrt_dllmain_exception_filter","1001d191","___scrt_is_ucrt_dll_in_use"
"1001bee7","___scrt_dllmain_exception_filter","1002793d","__seh_filter_dll"
"1001bf1b","FUN_1001bf1b","1001d191","___scrt_is_ucrt_dll_in_use"
"1001bf1b","FUN_1001bf1b","10027bf3","FUN_10027bf3"
"1001bf1b","FUN_1001bf1b","10027dcc","FUN_10027dcc"
"1001bf1b","FUN_1001bf1b","100287c1","FUN_100287c1"
"1001bf3e","FUN_1001bf3e","1001f5bd","FUN_1001f5bd"
"1001bf3e","FUN_1001bf3e","100289ab","___acrt_uninitialize_critical"
"1001bf4b","___scrt_initialize_crt","1001cd52","FUN_1001cd52"
"1001bf4b","___scrt_initialize_crt","1001f574","___vcrt_initialize"
"1001bf4b","___scrt_initialize_crt","1001f5a6","___vcrt_uninitialize"
"1001bf4b","___scrt_initialize_crt","10028956","___acrt_initialize"
"1001bf84","FUN_1001bf84","1001d191","___scrt_is_ucrt_dll_in_use"
"1001bf84","FUN_1001bf84","1001d19d","FUN_1001d19d"
"1001bf84","FUN_1001bf84","100287ff","__initialize_onexit_table"
"1001c00b","FUN_1001c00b","1001be0e","FUN_1001be0e"
"1001c00b","FUN_1001c00b","1001d2c0","__SEH_prolog4"
"1001c0a2","___scrt_release_startup_lock","1001d191","___scrt_is_ucrt_dll_in_use"
"1001c0bf","___scrt_uninitialize_crt","1001f5a6","___vcrt_uninitialize"
"1001c0bf","___scrt_uninitialize_crt","1002897b","___acrt_uninitialize"
"1001c0e7","FUN_1001c0e7","100287ab","FUN_100287ab"
"1001c0e7","FUN_1001c0e7","10028828","__register_onexit_function"
"1001c115","FUN_1001c115","1001c0e7","FUN_1001c0e7"
"1001c12a","operator_new","10017bca","FUN_10017bca"
"1001c12a","operator_new","100266d6","FUN_100266d6"
"1001c12a","operator_new","100289cc","FUN_100289cc"
"1001c15a","__security_check_cookie","1001c71e","FUN_1001c71e"
"1001c17c","FUN_1001c17c","1001c15a","__security_check_cookie"
"1001c17c","FUN_1001c17c","1001c168","__EH_epilog3"
"1001c22a","FUN_1001c22a","1001be00","FUN_1001be00"
"1001c424","FUN_1001c424","EXTERNAL:00000027","ReleaseSRWLockExclusive"
"1001c424","FUN_1001c424","EXTERNAL:00000028","AcquireSRWLockExclusive"
"1001c424","FUN_1001c424","EXTERNAL:00000031","WakeAllConditionVariable"
"1001c475","FUN_1001c475","1001c4c7","FUN_1001c4c7"
"1001c475","FUN_1001c475","EXTERNAL:00000027","ReleaseSRWLockExclusive"
"1001c475","FUN_1001c475","EXTERNAL:00000028","AcquireSRWLockExclusive"
"1001c4c7","FUN_1001c4c7","EXTERNAL:0000002a","SleepConditionVariableSRW"
"1001c4dc","FUN_1001c4dc","1001c15a","__security_check_cookie"
"1001c6f6","FUN_1001c6f6","EXTERNAL:0000000c","GetCurrentProcess"
"1001c6f6","FUN_1001c6f6","EXTERNAL:0000001c","TerminateProcess"
"1001c6f6","FUN_1001c6f6","EXTERNAL:00000053","UnhandledExceptionFilter"
"1001c6f6","FUN_1001c6f6","EXTERNAL:00000054","SetUnhandledExceptionFilter"
"1001c71e","FUN_1001c71e","1001c6f6","FUN_1001c6f6"
"1001c71e","FUN_1001c71e","EXTERNAL:00000038","IsProcessorFeaturePresent"
"1001c819","FUN_1001c819","1001c826","FUN_1001c826"
"1001c826","FUN_1001c826","1001c6f6","FUN_1001c6f6"
"1001c826","FUN_1001c826","EXTERNAL:00000038","IsProcessorFeaturePresent"
"1001c8f6","FUN_1001c8f6","1001c12a","operator_new"
"1001c92b","dllmain_crt_dispatch","1001bebb","___scrt_dllmain_crt_thread_attach"
"1001c92b","dllmain_crt_dispatch","1001beda","___scrt_dllmain_crt_thread_detach"
"1001c92b","dllmain_crt_dispatch","1001c97e","FUN_1001c97e"
"1001c92b","dllmain_crt_dispatch","1001ca88","FUN_1001ca88"
"1001c97e","FUN_1001c97e","10004394","guard_check_icall"
"1001c97e","FUN_1001c97e","1001be50","___scrt_acquire_startup_lock"
"1001c97e","FUN_1001c97e","1001be82","___scrt_dllmain_after_initialize_c"
"1001c97e","FUN_1001c97e","1001bead","FUN_1001bead"
"1001c97e","FUN_1001c97e","1001bf4b","___scrt_initialize_crt"
"1001c97e","FUN_1001c97e","1001c00b","FUN_1001c00b"
"1001c97e","FUN_1001c97e","1001ca64","FUN_1001ca64"
"1001c97e","FUN_1001c97e","1001d19d","FUN_1001d19d"
"1001c97e","FUN_1001c97e","1001d2c0","__SEH_prolog4"
"1001c97e","FUN_1001c97e","1001d39d","FUN_1001d39d"
"1001c97e","FUN_1001c97e","1001d3b5","FUN_1001d3b5"
"1001c97e","FUN_1001c97e","1001d3d2","FUN_1001d3d2"
"1001c97e","FUN_1001c97e","1001d3d8","FUN_1001d3d8"
"1001c97e","FUN_1001c97e","100291b6","FUN_100291b6"
"1001c97e","FUN_1001c97e","100291e1","__initterm_e"
"1001ca64","FUN_1001ca64","1001c0a2","___scrt_release_startup_lock"
"1001ca88","FUN_1001ca88","1001be50","___scrt_acquire_startup_lock"
"1001ca88","FUN_1001ca88","1001bf1b","FUN_1001bf1b"
"1001ca88","FUN_1001ca88","1001c0bf","___scrt_uninitialize_crt"
"1001ca88","FUN_1001ca88","1001cb24","FUN_1001cb24"
"1001ca88","FUN_1001ca88","1001cb31","FUN_1001cb31"
"1001ca88","FUN_1001ca88","1001d19d","FUN_1001d19d"
"1001ca88","FUN_1001ca88","1001d2c0","__SEH_prolog4"
"1001ca88","FUN_1001ca88","1001d3a9","__scrt_uninitialize_type_info"
"1001ca88","FUN_1001ca88","1001d404","FUN_1001d404"
"1001cb24","FUN_1001cb24","1001c0a2","___scrt_release_startup_lock"
"1001cb31","FUN_1001cb31","1001bf3e","FUN_1001bf3e"
"1001cb3f","FUN_1001cb3f","1001707b","FUN_1001707b"
"1001cb3f","FUN_1001cb3f","1001c92b","dllmain_crt_dispatch"
"1001cb3f","FUN_1001cb3f","1001ca88","FUN_1001ca88"
"1001cb3f","FUN_1001cb3f","1001cc4d","dllmain_raw"
"1001cb3f","FUN_1001cb3f","1001d2c0","__SEH_prolog4"
"1001cc4d","dllmain_raw","10004394","guard_check_icall"
"1001cc78","entry","1001cb3f","FUN_1001cb3f"
"1001cc78","entry","1001d352","___security_init_cookie"
"1001cd52","FUN_1001cd52","EXTERNAL:00000038","IsProcessorFeaturePresent"
"1001d160","__alloca_probe_16","1001c900","__alloca_probe"
"1001d176","__alloca_probe_8","1001c900","__alloca_probe"
"1001d19d","FUN_1001d19d","1001d2b2","FUN_1001d2b2"
"1001d19d","FUN_1001d19d","1001d9b0","_memset"
"1001d19d","FUN_1001d19d","EXTERNAL:00000038","IsProcessorFeaturePresent"
"1001d19d","FUN_1001d19d","EXTERNAL:00000053","UnhandledExceptionFilter"
"1001d19d","FUN_1001d19d","EXTERNAL:00000054","SetUnhandledExceptionFilter"
"1001d19d","FUN_1001d19d","EXTERNAL:00000055","IsDebuggerPresent"
"1001d305","FUN_1001d305","EXTERNAL:0000001d","QueryPerformanceCounter"
"1001d305","FUN_1001d305","EXTERNAL:0000002b","GetCurrentThreadId"
"1001d305","FUN_1001d305","EXTERNAL:0000004e","GetSystemTimeAsFileTime"
"1001d305","FUN_1001d305","EXTERNAL:00000057","GetCurrentProcessId"
"1001d352","___security_init_cookie","1001d305","FUN_1001d305"
"1001d39d","FUN_1001d39d","EXTERNAL:00000058","InitializeSListHead"
"1001d3a9","__scrt_uninitialize_type_info","1001f7aa","___std_type_info_destroy_list"
"1001d3b5","FUN_1001d3b5","10007204","FUN_10007204"
"1001d3b5","FUN_1001d3b5","1000720a","FUN_1000720a"
"1001d3d8","FUN_1001d3d8","10004394","guard_check_icall"
"1001d404","FUN_1001d404","10004394","guard_check_icall"
"1001db0a","___std_exception_copy","100225ce","FUN_100225ce"
"1001db0a","___std_exception_copy","100266d6","FUN_100266d6"
"1001db0a","___std_exception_copy","1002920f","FUN_1002920f"
"1001db6d","FUN_1001db6d","100225ce","FUN_100225ce"
"1001db8f","FUN_1001db8f","10004394","guard_check_icall"
"1001db8f","FUN_1001db8f","EXTERNAL:0000002e","RaiseException"
"1001dbfc","FUN_1001dbfc","1002598b","_abort"
"1001dc6b","FUN_1001dc6b","10020630","__CallSettingFrame@12"
"1001dccb","FUN_1001dccb","1001f814","___vcrt_getptd"
"1001dccb","FUN_1001dccb","1003be89","guard_check_icall"
"1001dccb","FUN_1001dccb","1003c28a","FUN_1003c28a"
"1001ddfa","_UnwindNestedFrames","EXTERNAL:00000059","RtlUnwind"
"1001de4e","FUN_1001de4e","1001c15a","__security_check_cookie"
"1001de4e","FUN_1001de4e","10020201","FUN_10020201"
"1001de7f","__CreateFrameInfo","1001f814","___vcrt_getptd"
"1001dea3","FUN_1001dea3","1001f814","___vcrt_getptd"
"1001dea3","FUN_1001dea3","1002598b","_abort"
"1001deeb","FID_conflict:TranslatorGuardHandler","1001c15a","__security_check_cookie"
"1001deeb","FID_conflict:TranslatorGuardHandler","1001dccb","FUN_1001dccb"
"1001deeb","FID_conflict:TranslatorGuardHandler","1001ddfa","_UnwindNestedFrames"
"1001deeb","FID_conflict:TranslatorGuardHandler","10020201","FUN_10020201"
"1001df8a","FID_conflict:___CxxFrameHandler3","10020201","FUN_10020201"
"1001dfc7","FUN_1001dfc7","10004394","guard_check_icall"
"1001dfc7","FUN_1001dfc7","1001dfc0","FUN_1001dfc0"
"1001dfc7","FUN_1001dfc7","1002598b","_abort"
"1001dfe3","FUN_1001dfe3","10004394","guard_check_icall"
"1001dfe3","FUN_1001dfe3","10019286","FUN_10019286"
"1001dfe3","FUN_1001dfe3","1001d2c0","__SEH_prolog4"
"1001e08b","FUN_1001e08b","1001f814","___vcrt_getptd"
"1001e08b","FUN_1001e08b","10025a91","FUN_10025a91"
"1001e0e3","__IsExceptionObjectToBeDestroyed","1001f814","___vcrt_getptd"
"1001e12e","FUN_1001e12e","1001f814","___vcrt_getptd"
"1001e12e","FUN_1001e12e","10025a91","FUN_10025a91"
"1001e184","FUN_1001e184","1001f814","___vcrt_getptd"
"1001f564","FUN_1001f564","1001f8b4","FUN_1001f8b4"
"1001f574","___vcrt_initialize","1001f8ec","___vcrt_initialize_ptd"
"1001f574","___vcrt_initialize","100206ac","___vcrt_initialize_locks"
"1001f574","___vcrt_initialize","100206e8","___vcrt_uninitialize_locks"
"1001f593","___vcrt_thread_attach","1001f822","___vcrt_getptd_noexit"
"1001f59e","FUN_1001f59e","1001f7e9","FUN_1001f7e9"
"1001f5a6","___vcrt_uninitialize","1001f91f","FUN_1001f91f"
"1001f5a6","___vcrt_uninitialize","100206e8","___vcrt_uninitialize_locks"
"1001f5bd","FUN_1001f5bd","1001f91f","FUN_1001f91f"
"1001f5d0","_ValidateLocalCookies","1001c15a","__security_check_cookie"
"1001f610","__except_handler4","10004394","guard_check_icall"
"1001f610","__except_handler4","1001dfe3","FUN_1001dfe3"
"1001f610","__except_handler4","1001f5d0","_ValidateLocalCookies"
"1001f610","__except_handler4","1002067c","FUN_1002067c"
"1001f610","__except_handler4","10020810","_EH4_CallFilterFunc"
"1001f610","__except_handler4","10020830","_EH4_TransferToHandler"
"1001f610","__except_handler4","10020850","_EH4_GlobalUnwind2"
"1001f610","__except_handler4","10020870","_EH4_LocalUnwind"
"1001f610","__except_handler4","1003bee0","__IsNonwritableInCurrentImage"
"1001f610","__except_handler4","1003c28a","FUN_1003c28a"
"1001f7aa","___std_type_info_destroy_list","100225ce","FUN_100225ce"
"1001f7aa","___std_type_info_destroy_list","EXTERNAL:0000005a","InterlockedFlushSList"
"1001f7cd","FUN_1001f7cd","100225ce","FUN_100225ce"
"1001f7e9","FUN_1001f7e9","1001f7cd","FUN_1001f7cd"
"1001f7e9","FUN_1001f7e9","100209e8","___vcrt_FlsGetValue"
"1001f7e9","FUN_1001f7e9","10020a23","___vcrt_FlsSetValue"
"1001f814","___vcrt_getptd","1001f822","___vcrt_getptd_noexit"
"1001f822","___vcrt_getptd_noexit","100209e8","___vcrt_FlsGetValue"
"1001f822","___vcrt_getptd_noexit","10020a23","___vcrt_FlsSetValue"
"1001f822","___vcrt_getptd_noexit","100225ce","FUN_100225ce"
"1001f822","___vcrt_getptd_noexit","1002571b","FUN_1002571b"
"1001f822","___vcrt_getptd_noexit","EXTERNAL:00000032","GetLastError"
"1001f822","___vcrt_getptd_noexit","EXTERNAL:0000005b","SetLastError"
"1001f8b4","FUN_1001f8b4","100209e8","___vcrt_FlsGetValue"
"1001f8b4","FUN_1001f8b4","EXTERNAL:00000032","GetLastError"
"1001f8b4","FUN_1001f8b4","EXTERNAL:0000005b","SetLastError"
"1001f8ec","___vcrt_initialize_ptd","1001f91f","FUN_1001f91f"
"1001f8ec","___vcrt_initialize_ptd","10020972","___vcrt_FlsAlloc"
"1001f8ec","___vcrt_initialize_ptd","10020a23","___vcrt_FlsSetValue"
"1001f91f","FUN_1001f91f","100209ad","___vcrt_FlsFree"
"1001f93d","FUN_1001f93d","10004394","guard_check_icall"
"1001f93d","FUN_1001f93d","1001d2c0","__SEH_prolog4"
"1001f93d","FUN_1001f93d","1001d430","FUN_1001d430"
"1001f93d","FUN_1001f93d","1001e109","___AdjustPointer"
"1001f93d","FUN_1001f93d","1002598b","_abort"
"1001fa7b","FUN_1001fa7b","10019293","_CallMemberFunction1"
"1001fa7b","FUN_1001fa7b","100192a3","_CallMemberFunction2"
"1001fa7b","FUN_1001fa7b","1001d2c0","__SEH_prolog4"
"1001fa7b","FUN_1001fa7b","1001e109","___AdjustPointer"
"1001fa7b","FUN_1001fa7b","1001f93d","FUN_1001f93d"
"1001fb17","FUN_1001fb17","1001ddca","_JumpToContinuation"
"1001fb17","FUN_1001fb17","1001ddfa","_UnwindNestedFrames"
"1001fb17","FUN_1001fb17","1001fa7b","FUN_1001fa7b"
"1001fb17","FUN_1001fb17","10020229","FUN_10020229"
"1001fb17","FUN_1001fb17","1002049c","FUN_1002049c"
"1001fb17","FUN_1001fb17","10020ae2","FUN_10020ae2"
"1001fb98","FUN_1001fb98","10018ceb","FUN_10018ceb"
"1001fb98","FUN_1001fb98","1001db8f","FUN_1001db8f"
"1001fb98","FUN_1001fb98","1001dbfc","FUN_1001dbfc"
"1001fb98","FUN_1001fb98","1001ddfa","_UnwindNestedFrames"
"1001fb98","FUN_1001fb98","1001dfe3","FUN_1001dfe3"
"1001fb98","FUN_1001fb98","1001f814","___vcrt_getptd"
"1001fb98","FUN_1001fb98","1001fb17","FUN_1001fb17"
"1001fb98","FUN_1001fb98","1001ff3b","FUN_1001ff3b"
"1001fb98","FUN_1001fb98","10020071","FID_conflict:___TypeMatch"
"1001fb98","FUN_1001fb98","1002020a","operator=="
"1001fb98","FUN_1001fb98","100203f8","FUN_100203f8"
"1001fb98","FUN_1001fb98","10020484","FrameUnwindToEmptyState"
"1001fb98","FUN_1001fb98","1002058a","FUN_1002058a"
"1001fb98","FUN_1001fb98","10020624","FUN_10020624"
"1001fb98","FUN_1001fb98","10020ac5","GetCurrentState"
"1001fb98","FUN_1001fb98","1002598b","_abort"
"1001fb98","FUN_1001fb98","10025a91","FUN_10025a91"
"1001ff3b","FUN_1001ff3b","1001dbfc","FUN_1001dbfc"
"1001ff3b","FUN_1001ff3b","1001dccb","FUN_1001dccb"
"1001ff3b","FUN_1001ff3b","1001f814","___vcrt_getptd"
"1001ff3b","FUN_1001ff3b","1001fb17","FUN_1001fb17"
"1001ff3b","FUN_1001ff3b","1002598b","_abort"
"1001ff3b","FUN_1001ff3b","EXTERNAL:0000004f","EncodePointer"
"100200ff","__InternalCxxFrameHandler<__FrameHandler3>","10004394","guard_check_icall"
"100200ff","__InternalCxxFrameHandler<__FrameHandler3>","1001f814","___vcrt_getptd"
"100200ff","__InternalCxxFrameHandler<__FrameHandler3>","1001fb98","FUN_1001fb98"
"100200ff","__InternalCxxFrameHandler<__FrameHandler3>","10020484","FrameUnwindToEmptyState"
"100200ff","__InternalCxxFrameHandler<__FrameHandler3>","1002067c","FUN_1002067c"
"10020201","FUN_10020201","100200ff","__InternalCxxFrameHandler<__FrameHandler3>"
"1002020a","operator==","1001f76e","___std_type_info_compare"
"10020229","FUN_10020229","1001d2c0","__SEH_prolog4"
"10020229","FUN_10020229","1001dc6b","FUN_1001dc6b"
"10020229","FUN_10020229","1001de7f","__CreateFrameInfo"
"10020229","FUN_10020229","1001f814","___vcrt_getptd"
"10020229","FUN_10020229","1002037d","FUN_1002037d"
"1002037d","FUN_1002037d","1001dea3","FUN_1001dea3"
"1002037d","FUN_1002037d","1001dfe3","FUN_1001dfe3"
"1002037d","FUN_1002037d","1001e0e3","__IsExceptionObjectToBeDestroyed"
"1002037d","FUN_1002037d","1001f814","___vcrt_getptd"
"100203f8","FUN_100203f8","1001c1f4","__EH_prolog3_catch"
"100203f8","FUN_100203f8","1001f814","___vcrt_getptd"
"100203f8","FUN_100203f8","10020aa8","FUN_10020aa8"
"100203f8","FUN_100203f8","1002598b","_abort"
"1002041b","Catch_All@1002041b","1001db8f","FUN_1001db8f"
"1002041b","Catch_All@1002041b","1001f814","___vcrt_getptd"
"1002043a","ExFilterRethrow","1001f814","___vcrt_getptd"
"10020484","FrameUnwindToEmptyState","1002049c","FUN_1002049c"
"1002049c","FUN_1002049c","1001d2c0","__SEH_prolog4"
"1002049c","FUN_1002049c","1001f814","___vcrt_getptd"
"1002049c","FUN_1002049c","10020570","FUN_10020570"
"1002049c","FUN_1002049c","10020630","__CallSettingFrame@12"
"1002049c","FUN_1002049c","10020ac5","GetCurrentState"
"1002049c","FUN_1002049c","10020ae2","FUN_10020ae2"
"1002049c","FUN_1002049c","1002598b","_abort"
"10020570","FUN_10020570","1001f814","___vcrt_getptd"
"1002058a","FUN_1002058a","10020071","FID_conflict:___TypeMatch"
"1002058a","FUN_1002058a","1002598b","_abort"
"10020630","__CallSettingFrame@12","10020af0","FUN_10020af0"
"100206ac","___vcrt_initialize_locks","100206e8","___vcrt_uninitialize_locks"
"100206ac","___vcrt_initialize_locks","10020a61","___vcrt_InitializeCriticalSectionEx"
"100206e8","___vcrt_uninitialize_locks","EXTERNAL:0000004d","DeleteCriticalSection"
"10020720","FUN_10020720","10020b00","__NLG_Notify"
"10020720","FUN_10020720","10020b20","FUN_10020b20"
"10020830","_EH4_TransferToHandler","10020b00","__NLG_Notify"
"10020850","_EH4_GlobalUnwind2","EXTERNAL:00000059","RtlUnwind"
"10020870","_EH4_LocalUnwind","10020720","FUN_10020720"
"10020887","FUN_10020887","10020927","try_load_library_from_system_directory"
"10020887","FUN_10020887","EXTERNAL:00000019","GetProcAddress"
"10020887","FUN_10020887","EXTERNAL:00000061","FreeLibrary"
"10020927","try_load_library_from_system_directory","100292e8","_wcsncmp"
"10020927","try_load_library_from_system_directory","EXTERNAL:00000032","GetLastError"
"10020927","try_load_library_from_system_directory","EXTERNAL:00000062","LoadLibraryExW"
"10020972","___vcrt_FlsAlloc","10004394","guard_check_icall"
"10020972","___vcrt_FlsAlloc","10020887","FUN_10020887"
"100209ad","___vcrt_FlsFree","10004394","guard_check_icall"
"100209ad","___vcrt_FlsFree","10020887","FUN_10020887"
"100209ad","___vcrt_FlsFree","EXTERNAL:00000060","TlsFree"
"100209e8","___vcrt_FlsGetValue","10004394","guard_check_icall"
"100209e8","___vcrt_FlsGetValue","10020887","FUN_10020887"
"100209e8","___vcrt_FlsGetValue","EXTERNAL:0000005e","TlsGetValue"
"10020a23","___vcrt_FlsSetValue","10004394","guard_check_icall"
"10020a23","___vcrt_FlsSetValue","10020887","FUN_10020887"
"10020a23","___vcrt_FlsSetValue","EXTERNAL:0000005f","TlsSetValue"
"10020a61","___vcrt_InitializeCriticalSectionEx","10004394","guard_check_icall"
"10020a61","___vcrt_InitializeCriticalSectionEx","10020887","FUN_10020887"
"10020a61","___vcrt_InitializeCriticalSectionEx","EXTERNAL:0000005c","InitializeCriticalSectionAndSpinCount"
"10020aa8","FUN_10020aa8","10004394","guard_check_icall"
"10020aa8","FUN_10020aa8","1001f814","___vcrt_getptd"
"10020aa8","FUN_10020aa8","10025a91","FUN_10025a91"
"10020b6b","FUN_10020b6b","10020c16","FUN_10020c16"
"10020ba7","FUN_10020ba7","EXTERNAL:00000032","GetLastError"
"10020ba7","FUN_10020ba7","EXTERNAL:0000005b","SetLastError"
"10020bd0","FUN_10020bd0","1002988e","FUN_1002988e"
"10020bd0","FUN_10020bd0","EXTERNAL:00000032","GetLastError"
"10020bd0","FUN_10020bd0","EXTERNAL:0000005b","SetLastError"
"10020c16","FUN_10020c16","10020bd0","FUN_10020bd0"
"10020c16","FUN_10020c16","1002598b","_abort"
"10020c33","___acrt_call_reportfault","1001c15a","__security_check_cookie"
"10020c33","___acrt_call_reportfault","1001d2b2","FUN_1001d2b2"
"10020c33","___acrt_call_reportfault","1001d9b0","_memset"
"10020c33","___acrt_call_reportfault","EXTERNAL:00000053","UnhandledExceptionFilter"
"10020c33","___acrt_call_reportfault","EXTERNAL:00000054","SetUnhandledExceptionFilter"
"10020c33","___acrt_call_reportfault","EXTERNAL:00000055","IsDebuggerPresent"
"10020d7b","FUN_10020d7b","10020b23","FUN_10020b23"
"10020d7b","FUN_10020d7b","10020b6b","FUN_10020b6b"
"10020d7b","FUN_10020d7b","10020db2","FUN_10020db2"
"10020db2","FUN_10020db2","10004394","guard_check_icall"
"10020db2","FUN_10020db2","10020ba7","FUN_10020ba7"
"10020db2","FUN_10020db2","10020bd0","FUN_10020bd0"
"10020db2","FUN_10020db2","10020e3f","__invoke_watson"
"10020e2f","FUN_10020e2f","10020d7b","FUN_10020d7b"
"10020e3f","__invoke_watson","10020c33","___acrt_call_reportfault"
"10020e3f","__invoke_watson","EXTERNAL:0000000c","GetCurrentProcess"
"10020e3f","__invoke_watson","EXTERNAL:0000001c","TerminateProcess"
"10020e3f","__invoke_watson","EXTERNAL:00000038","IsProcessorFeaturePresent"
"10020f97","__get_stream_buffer_pointers","10020e2f","FUN_10020e2f"
"10020f97","__get_stream_buffer_pointers","100225bb","FUN_100225bb"
"10020fdd","__lock_file","EXTERNAL:0000004a","EnterCriticalSection"
"10020ff2","__unlock_file","EXTERNAL:0000004b","LeaveCriticalSection"
"10021006","FUN_10021006","1001d2c0","__SEH_prolog4"
"10021006","FUN_10021006","10020db2","FUN_10020db2"
"10021006","FUN_10021006","10020fdd","__lock_file"
"10021006","FUN_10021006","10021095","FUN_10021095"
"10021006","FUN_10021006","1002109d","FUN_1002109d"
"10021006","FUN_10021006","1002be7d","__acrt_stdio_free_stream"
"10021095","FUN_10021095","10020ff2","__unlock_file"
"1002109d","FUN_1002109d","10020db2","FUN_10020db2"
"1002109d","FUN_1002109d","10021394","FUN_10021394"
"1002109d","FUN_1002109d","1002b099","FUN_1002b099"
"1002109d","FUN_1002109d","1002b9b7","___acrt_stdio_free_buffer_nolock"
"1002109d","FUN_1002109d","1002bbe9","__fileno"
"1002109d","FUN_1002109d","1002bca1","FUN_1002bca1"
"1002109d","FUN_1002109d","1002be7d","__acrt_stdio_free_stream"
"1002112b","FUN_1002112b","10020b23","FUN_10020b23"
"1002112b","FUN_1002112b","10020b6b","FUN_10020b6b"
"1002112b","FUN_1002112b","10021006","FUN_10021006"
"1002115b","operator()<<lambda_2866be3712abc81a800a822484c830d8>,<lambda_39ca0ed439415581b5b15c265174cece>&,<lambda_2b24c74d71094a6cd0cb82e44167d71b>_>","1001d2c0","__SEH_prolog4"
"1002115b","operator()<<lambda_2866be3712abc81a800a822484c830d8>,<lambda_39ca0ed439415581b5b15c265174cece>&,<lambda_2b24c74d71094a6cd0cb82e44167d71b>_>","10020fdd","__lock_file"
"1002115b","operator()<<lambda_2866be3712abc81a800a822484c830d8>,<lambda_39ca0ed439415581b5b15c265174cece>&,<lambda_2b24c74d71094a6cd0cb82e44167d71b>_>","100211db","FUN_100211db"
"1002115b","operator()<<lambda_2866be3712abc81a800a822484c830d8>,<lambda_39ca0ed439415581b5b15c265174cece>&,<lambda_2b24c74d71094a6cd0cb82e44167d71b>_>","10021340","FUN_10021340"
"1002115b","operator()<<lambda_2866be3712abc81a800a822484c830d8>,<lambda_39ca0ed439415581b5b15c265174cece>&,<lambda_2b24c74d71094a6cd0cb82e44167d71b>_>","100213fd","FUN_100213fd"
"100211db","FUN_100211db","10020ff2","__unlock_file"
"100211e7","operator()<<lambda_2cc53f568c5a2bb6f192f930a45d44ea>,<lambda_ab61a845afdef5b7c387490eaf3616ee>&,<lambda_c2ffc0b7726aa6be21d5f0026187e748>_>","1001d2c0","__SEH_prolog4"
"100211e7","operator()<<lambda_2cc53f568c5a2bb6f192f930a45d44ea>,<lambda_ab61a845afdef5b7c387490eaf3616ee>&,<lambda_c2ffc0b7726aa6be21d5f0026187e748>_>","1002115b","operator()<<lambda_2866be3712abc81a800a822484c830d8>,<lambda_39ca0ed439415581b5b15c265174cece>&,<lambda_2b24c74d71094a6cd0cb82e44167d71b>_>"
"100211e7","operator()<<lambda_2cc53f568c5a2bb6f192f930a45d44ea>,<lambda_ab61a845afdef5b7c387490eaf3616ee>&,<lambda_c2ffc0b7726aa6be21d5f0026187e748>_>","10021287","FUN_10021287"
"100211e7","operator()<<lambda_2cc53f568c5a2bb6f192f930a45d44ea>,<lambda_ab61a845afdef5b7c387490eaf3616ee>&,<lambda_c2ffc0b7726aa6be21d5f0026187e748>_>","10021340","FUN_10021340"
"100211e7","operator()<<lambda_2cc53f568c5a2bb6f192f930a45d44ea>,<lambda_ab61a845afdef5b7c387490eaf3616ee>&,<lambda_c2ffc0b7726aa6be21d5f0026187e748>_>","1002673f","___acrt_lock"
"10021287","FUN_10021287","10026787","___acrt_unlock"
"10021293","operator()<<lambda_6d20deecaf4856105ebacbad442d1079>,<lambda_9a32fed5bf61b6b509b2d3f6003082a1>&,<lambda_63ea2239ed67c638ddbae41947fdf875>_>","1001d2c0","__SEH_prolog4"
"10021293","operator()<<lambda_6d20deecaf4856105ebacbad442d1079>,<lambda_9a32fed5bf61b6b509b2d3f6003082a1>&,<lambda_63ea2239ed67c638ddbae41947fdf875>_>","10020fdd","__lock_file"
"10021293","operator()<<lambda_6d20deecaf4856105ebacbad442d1079>,<lambda_9a32fed5bf61b6b509b2d3f6003082a1>&,<lambda_63ea2239ed67c638ddbae41947fdf875>_>","100212e7","FUN_100212e7"
"10021293","operator()<<lambda_6d20deecaf4856105ebacbad442d1079>,<lambda_9a32fed5bf61b6b509b2d3f6003082a1>&,<lambda_63ea2239ed67c638ddbae41947fdf875>_>","100213fd","FUN_100213fd"
"100212e7","FUN_100212e7","10020ff2","__unlock_file"
"100212f3","common_flush_all","100211e7","operator()<<lambda_2cc53f568c5a2bb6f192f930a45d44ea>,<lambda_ab61a845afdef5b7c387490eaf3616ee>&,<lambda_c2ffc0b7726aa6be21d5f0026187e748>_>"
"10021340","FUN_10021340","10021371","FUN_10021371"
"10021394","FUN_10021394","1002bbe9","__fileno"
"10021394","FUN_10021394","1002c872","FUN_1002c872"
"100213fd","FUN_100213fd","10020b23","FUN_10020b23"
"100213fd","FUN_100213fd","10020b6b","FUN_10020b6b"
"100213fd","FUN_100213fd","100212f3","common_flush_all"
"100213fd","FUN_100213fd","10021394","FUN_10021394"
"100213fd","FUN_100213fd","1002bbe9","__fileno"
"100213fd","FUN_100213fd","1002c01c","__commit"
"10021462","__flushall","100212f3","common_flush_all"
"1002146b","FUN_1002146b","10021293","operator()<<lambda_6d20deecaf4856105ebacbad442d1079>,<lambda_9a32fed5bf61b6b509b2d3f6003082a1>&,<lambda_63ea2239ed67c638ddbae41947fdf875>_>"
"1002146b","FUN_1002146b","100212f3","common_flush_all"
"1002146b","FUN_1002146b","10021371","FUN_10021371"
"100214be","__fgetc_nolock","10020e2f","FUN_10020e2f"
"100214be","__fgetc_nolock","100225bb","FUN_100225bb"
"100214be","__fgetc_nolock","1002cefd","FUN_1002cefd"
"100214fa","FUN_100214fa","100214be","__fgetc_nolock"
"10021505","FUN_10021505","1001d2c0","__SEH_prolog4"
"10021505","FUN_10021505","10020720","FUN_10020720"
"10021505","FUN_10021505","10020e2f","FUN_10020e2f"
"10021505","FUN_10021505","10020fdd","__lock_file"
"10021505","FUN_10021505","100214be","__fgetc_nolock"
"10021505","FUN_10021505","10021616","FUN_10021616"
"10021505","FUN_10021505","100225bb","FUN_100225bb"
"10021505","FUN_10021505","1002bbe9","__fileno"
"10021616","FUN_10021616","10020ff2","__unlock_file"
"1002161e","_fgetpos","10020e2f","FUN_10020e2f"
"1002161e","_fgetpos","100225bb","FUN_100225bb"
"1002161e","_fgetpos","1002d50a","FUN_1002d50a"
"10021679","FUN_10021679","1001d2c0","__SEH_prolog4"
"10021679","FUN_10021679","10020720","FUN_10020720"
"10021679","FUN_10021679","10020db2","FUN_10020db2"
"10021679","FUN_10021679","10020fdd","__lock_file"
"10021679","FUN_10021679","100217a5","FUN_100217a5"
"10021679","FUN_10021679","100217ad","FUN_100217ad"
"10021679","FUN_10021679","1002bbe9","__fileno"
"100217a5","FUN_100217a5","10020ff2","__unlock_file"
"100217ad","FUN_100217ad","1002d966","FUN_1002d966"
"100217da","FUN_100217da","10020b23","FUN_10020b23"
"100217da","FUN_100217da","10020b6b","FUN_10020b6b"
"100217da","FUN_100217da","10021679","FUN_10021679"
"1002180e","FUN_1002180e","1001d9b0","_memset"
"1002180e","FUN_1002180e","10020e2f","FUN_10020e2f"
"1002180e","FUN_1002180e","10021aa1","_memcpy_s"
"1002180e","FUN_1002180e","100225bb","FUN_100225bb"
"1002180e","FUN_1002180e","1002bbe9","__fileno"
"1002180e","FUN_1002180e","1002cefd","FUN_1002cefd"
"1002180e","FUN_1002180e","1002df71","FUN_1002df71"
"100219e7","_fread","10021a04","_fread_s"
"10021a04","_fread_s","1001d2c0","__SEH_prolog4"
"10021a04","_fread_s","1001d9b0","_memset"
"10021a04","_fread_s","10020e2f","FUN_10020e2f"
"10021a04","_fread_s","10020fdd","__lock_file"
"10021a04","_fread_s","1002180e","FUN_1002180e"
"10021a04","_fread_s","10021a99","FUN_10021a99"
"10021a04","_fread_s","100225bb","FUN_100225bb"
"10021a99","FUN_10021a99","10020ff2","__unlock_file"
"10021aa1","_memcpy_s","1001d430","FUN_1001d430"
"10021aa1","_memcpy_s","1001d9b0","_memset"
"10021aa1","_memcpy_s","10020e2f","FUN_10020e2f"
"10021aa1","_memcpy_s","100225bb","FUN_100225bb"
"10021b22","_fsetpos","10020e2f","FUN_10020e2f"
"10021b22","_fsetpos","10021e46","FUN_10021e46"
"10021b22","_fsetpos","100225bb","FUN_100225bb"
"10021bd7","FUN_10021bd7","1001d2c0","__SEH_prolog4"
"10021bd7","FUN_10021bd7","10020db2","FUN_10020db2"
"10021bd7","FUN_10021bd7","10020fdd","__lock_file"
"10021bd7","FUN_10021bd7","10021c77","FUN_10021c77"
"10021bd7","FUN_10021bd7","10021d5a","FUN_10021d5a"
"10021c77","FUN_10021c77","10020ff2","__unlock_file"
"10021c81","common_fseek_binary_mode_read_only_fast_track_nolock","10021b5d","LongLongSub"
"10021c81","common_fseek_binary_mode_read_only_fast_track_nolock","1002e502","FUN_1002e502"
"10021d5a","FUN_10021d5a","10021394","FUN_10021394"
"10021d5a","FUN_10021d5a","10021c81","common_fseek_binary_mode_read_only_fast_track_nolock"
"10021d5a","FUN_10021d5a","1002d540","FUN_1002d540"
"10021d5a","FUN_10021d5a","1002e542","FUN_1002e542"
"10021e46","FUN_10021e46","10020b23","FUN_10020b23"
"10021e46","FUN_10021e46","10020b6b","FUN_10020b6b"
"10021e46","FUN_10021e46","10021bd7","FUN_10021bd7"
"10021e80","FUN_10021e80","10020b23","FUN_10020b23"
"10021e80","FUN_10021e80","10020b6b","FUN_10020b6b"
"10021e80","FUN_10021e80","10021bd7","FUN_10021bd7"
"10021eba","operator()<>","1001d2c0","__SEH_prolog4"
"10021eba","operator()<>","10020fdd","__lock_file"
"10021eba","operator()<>","10021f09","FUN_10021f09"
"10021eba","operator()<>","10021f15","FUN_10021f15"
"10021f09","FUN_10021f09","10020ff2","__unlock_file"
"10021f15","FUN_10021f15","10021fd8","FUN_10021fd8"
"10021f15","FUN_10021f15","1002e59e","FUN_1002e59e"
"10021f15","FUN_10021f15","1002e649","FUN_1002e649"
"10021f61","FUN_10021f61","10020db2","FUN_10020db2"
"10021f61","FUN_10021f61","10021eba","operator()<>"
"10021fd8","FUN_10021fd8","1001d430","FUN_1001d430"
"10021fd8","FUN_10021fd8","10020db2","FUN_10020db2"
"10021fd8","FUN_10021fd8","10021394","FUN_10021394"
"10021fd8","FUN_10021fd8","1002bbe9","__fileno"
"10021fd8","FUN_10021fd8","1002c872","FUN_1002c872"
"10021fd8","FUN_10021fd8","1002d966","FUN_1002d966"
"1002217f","FUN_1002217f","10020b23","FUN_10020b23"
"1002217f","FUN_1002217f","10020b6b","FUN_10020b6b"
"1002217f","FUN_1002217f","10021f61","FUN_10021f61"
"100221b9","operator()<>","1001d2c0","__SEH_prolog4"
"100221b9","operator()<>","10020fdd","__lock_file"
"100221b9","operator()<>","10022208","FUN_10022208"
"100221b9","operator()<>","10022214","FUN_10022214"
"10022208","FUN_10022208","10020ff2","__unlock_file"
"10022214","FUN_10022214","10021394","FUN_10021394"
"10022214","FUN_10022214","1002234a","set_buffer"
"10022214","FUN_10022214","1002b03c","__calloc_base"
"10022214","FUN_10022214","1002b099","FUN_1002b099"
"10022214","FUN_10022214","1002b9b7","___acrt_stdio_free_buffer_nolock"
"100222b4","FUN_100222b4","10020db2","FUN_10020db2"
"100222b4","FUN_100222b4","100221b9","operator()<>"
"1002237d","FUN_1002237d","10020b23","FUN_10020b23"
"1002237d","FUN_1002237d","10020b6b","FUN_10020b6b"
"1002237d","FUN_1002237d","100222b4","FUN_100222b4"
"100223b7","FUN_100223b7","10020e2f","FUN_10020e2f"
"100223b7","FUN_100223b7","100225bb","FUN_100225bb"
"100223b7","FUN_100223b7","1002bbe9","__fileno"
"100223b7","FUN_100223b7","1002e687","___acrt_stdio_allocate_buffer_nolock"
"100224ab","_ungetc","1001d2c0","__SEH_prolog4"
"100224ab","_ungetc","10020e2f","FUN_10020e2f"
"100224ab","_ungetc","10020fdd","__lock_file"
"100224ab","_ungetc","100223b7","FUN_100223b7"
"100224ab","_ungetc","10022516","FUN_10022516"
"100224ab","_ungetc","100225bb","FUN_100225bb"
"10022516","FUN_10022516","10020ff2","__unlock_file"
"10022561","___acrt_errno_map_os_error","1002251e","FID_conflict:___acrt_errno_from_os_error"
"10022561","___acrt_errno_map_os_error","100225a8","FUN_100225a8"
"10022561","___acrt_errno_map_os_error","100225bb","FUN_100225bb"
"10022584","FUN_10022584","1002251e","FID_conflict:___acrt_errno_from_os_error"
"100225a8","FUN_100225a8","100297dd","FUN_100297dd"
"100225bb","FUN_100225bb","100297dd","FUN_100297dd"
"100225ce","FUN_100225ce","1002b099","FUN_1002b099"
"10022638","FUN_10022638","10020db2","FUN_10020db2"
"10022638","FUN_10022638","100225e9","FUN_100225e9"
"10022638","FUN_10022638","10022e8d","unget"
"10022638","FUN_10022638","10022ef0","FUN_10022ef0"
"10022638","FUN_10022638","10022f4b","FUN_10022f4b"
"10022638","FUN_10022638","10022f88","FUN_10022f88"
"1002287f","FUN_1002287f","10020db2","FUN_10020db2"
"1002287f","FUN_1002287f","100225e9","FUN_100225e9"
"1002287f","FUN_1002287f","10022eb6","unget"
"1002287f","FUN_1002287f","10022ef0","FUN_10022ef0"
"1002287f","FUN_1002287f","10022f4b","FUN_10022f4b"
"1002287f","FUN_1002287f","1002e6e3","_iswctype"
"10022e8d","unget","10020e2f","FUN_10020e2f"
"10022e8d","unget","100225bb","FUN_100225bb"
"10022eb6","unget","10020e2f","FUN_10020e2f"
"10022eb6","unget","100225bb","FUN_100225bb"
"10022ef0","FUN_10022ef0","10020c16","FUN_10020c16"
"10022ef0","FUN_10022ef0","1002e844","FUN_1002e844"
"10022ef0","FUN_10022ef0","1002e8a2","FUN_1002e8a2"
"10022f4b","FUN_10022f4b","10020e2f","FUN_10020e2f"
"10022f4b","FUN_10022f4b","100225bb","FUN_100225bb"
"10022f88","FUN_10022f88","10022f66","___acrt_locale_get_ctype_array_value"
"10022f88","FUN_10022f88","10026a42","___pctype_func"
"10022f88","FUN_10022f88","1002e74c","__isctype_l"
"10022fdf","FUN_10022fdf","10020b23","FUN_10020b23"
"10022fdf","FUN_10022fdf","10020b6b","FUN_10020b6b"
"10022fdf","FUN_10022fdf","1002261d","make_c_string_character_source<>"
"10022fdf","FUN_10022fdf","10022638","FUN_10022638"
"10023025","FUN_10023025","10020b23","FUN_10020b23"
"10023025","FUN_10023025","10020b6b","FUN_10020b6b"
"10023025","FUN_10023025","1002261d","make_c_string_character_source<>"
"10023025","FUN_10023025","1002287f","FUN_1002287f"
"1002306b","FUN_1002306b","1001c15a","__security_check_cookie"
"1002306b","FUN_1002306b","10020db2","FUN_10020db2"
"1002306b","FUN_1002306b","10023ea0","FUN_10023ea0"
"1002306b","FUN_1002306b","10023f07","FUN_10023f07"
"1002306b","FUN_1002306b","100240f4","FUN_100240f4"
"100231df","FUN_100231df","1001c15a","__security_check_cookie"
"100231df","FUN_100231df","10020db2","FUN_10020db2"
"100231df","FUN_100231df","10023ea0","FUN_10023ea0"
"100231df","FUN_100231df","10023f07","FUN_10023f07"
"100231df","FUN_100231df","100243d8","FUN_100243d8"
"10023353","FUN_10023353","10020db2","FUN_10020db2"
"10023353","FUN_10023353","1002306b","FUN_1002306b"
"1002340a","FUN_1002340a","10023f21","FUN_10023f21"
"1002340a","FUN_1002340a","1002b099","FUN_1002b099"
"1002340a","FUN_1002340a","1002e8d3","__malloc_base"
"100234bc","FUN_100234bc","10020db2","FUN_10020db2"
"100234bc","FUN_100234bc","100225e9","FUN_100225e9"
"100234bc","FUN_100234bc","10022e8d","unget"
"100234bc","FUN_100234bc","10022f4b","FUN_10022f4b"
"100236cb","scratch_data<char>","100233f2","count<char>"
"100236e9","FUN_100236e9","10020db2","FUN_10020db2"
"100236e9","FUN_100236e9","1002340a","FUN_1002340a"
"100236e9","FUN_100236e9","10023b90","FUN_10023b90"
"100236e9","FUN_100236e9","10023cf7","FUN_10023cf7"
"100236e9","FUN_100236e9","10024b64","to_integer_size"
"10023876","FUN_10023876","10020db2","FUN_10020db2"
"10023876","FUN_10023876","1002340a","FUN_1002340a"
"10023876","FUN_10023876","10023bf3","FUN_10023bf3"
"10023876","FUN_10023876","10023d6f","FUN_10023d6f"
"10023876","FUN_10023876","10024b64","to_integer_size"
"10023a03","FUN_10023a03","10020db2","FUN_10020db2"
"10023a03","FUN_10023a03","1002340a","FUN_1002340a"
"10023a03","FUN_10023a03","10023c7a","FUN_10023c7a"
"10023a03","FUN_10023a03","10023e16","FUN_10023e16"
"10023a03","FUN_10023a03","10024b64","to_integer_size"
"10023b90","FUN_10023b90","100233f2","count<char>"
"10023bf3","FUN_10023bf3","100233f2","count<char>"
"10023c7a","FUN_10023c7a","100233f2","count<char>"
"10023cf7","FUN_10023cf7","100233f2","count<char>"
"10023d6f","FUN_10023d6f","1001d070","__aulldiv"
"10023d6f","FUN_10023d6f","1001d0e0","__aullrem"
"10023d6f","FUN_10023d6f","100233f2","count<char>"
"10023e16","FUN_10023e16","100233f2","count<char>"
"10023f07","FUN_10023f07","1002b099","FUN_1002b099"
"10023f21","FUN_10023f21","1002b099","FUN_1002b099"
"1002407c","FUN_1002407c","100234bc","FUN_100234bc"
"100240f4","FUN_100240f4","10020db2","FUN_10020db2"
"100240f4","FUN_100240f4","10022ef0","FUN_10022ef0"
"100240f4","FUN_100240f4","10022f66","___acrt_locale_get_ctype_array_value"
"100240f4","FUN_100240f4","10023fa5","FUN_10023fa5"
"100240f4","FUN_100240f4","1002407c","FUN_1002407c"
"100240f4","FUN_100240f4","100246ac","FUN_100246ac"
"100240f4","FUN_100240f4","10024805","FUN_10024805"
"100240f4","FUN_100240f4","10024f6b","FUN_10024f6b"
"100243d8","FUN_100243d8","10020db2","FUN_10020db2"
"100243d8","FUN_100243d8","10022ef0","FUN_10022ef0"
"100243d8","FUN_100243d8","10022f66","___acrt_locale_get_ctype_array_value"
"100243d8","FUN_100243d8","10023fe5","FUN_10023fe5"
"100243d8","FUN_100243d8","1002407c","FUN_1002407c"
"100243d8","FUN_100243d8","100246ac","FUN_100246ac"
"100243d8","FUN_100243d8","10024805","FUN_10024805"
"100243d8","FUN_100243d8","10024f6b","FUN_10024f6b"
"100246ac","FUN_100246ac","10020db2","FUN_10020db2"
"100246ac","FUN_100246ac","10024805","FUN_10024805"
"10024805","FUN_10024805","1001c15a","__security_check_cookie"
"10024805","FUN_10024805","10023876","FUN_10023876"
"10024805","FUN_10024805","10023a03","FUN_10023a03"
"10024805","FUN_10024805","10024bb8","FUN_10024bb8"
"10024805","FUN_10024805","10024c1b","FUN_10024c1b"
"10024805","FUN_10024805","10024dac","FUN_10024dac"
"10024805","FUN_10024805","10024e41","FUN_10024e41"
"10024805","FUN_10024805","10024ec6","FUN_10024ec6"
"10024805","FUN_10024805","10024ee3","FUN_10024ee3"
"10024805","FUN_10024805","10024ef9","FUN_10024ef9"
"10024805","FUN_10024805","10025023","write_string"
"10024805","FUN_10024805","1002f47a","FUN_1002f47a"
"10024bb8","FUN_10024bb8","1002348b","is_wide_character_specifier<char>"
"10024c1b","FUN_10024c1b","10022ef0","FUN_10022ef0"
"10024c1b","FUN_10024c1b","100233f2","count<char>"
"10024c1b","FUN_10024c1b","1002340a","FUN_1002340a"
"10024c1b","FUN_10024c1b","100236cb","scratch_data<char>"
"10024c1b","FUN_10024c1b","10023f45","FUN_10023f45"
"10024c1b","FUN_10024c1b","10024020","force_decimal_point"
"10024c1b","FUN_10024c1b","1002f2f9","FUN_1002f2f9"
"10024dac","FUN_10024dac","100233f2","count<char>"
"10024dac","FUN_10024dac","1002348b","is_wide_character_specifier<char>"
"10024dac","FUN_10024dac","1002f47a","FUN_1002f47a"
"10024e41","FUN_10024e41","10020db2","FUN_10020db2"
"10024e41","FUN_10024e41","10024b64","to_integer_size"
"10024e41","FUN_10024e41","1002f788","FUN_1002f788"
"10024ec6","FUN_10024ec6","100236e9","FUN_100236e9"
"10024ee3","FUN_10024ee3","10023a03","FUN_10023a03"
"10024ef9","FUN_10024ef9","1002348b","is_wide_character_specifier<char>"
"10024ef9","FUN_10024ef9","10025e64","FUN_10025e64"
"10024ef9","FUN_10024ef9","100260ae","FUN_100260ae"
"10024f6b","FUN_10024f6b","10020db2","FUN_10020db2"
"10024f9c","validate_stream_is_ansi_if_required","10020e2f","FUN_10020e2f"
"10024f9c","validate_stream_is_ansi_if_required","100225bb","FUN_100225bb"
"10024f9c","validate_stream_is_ansi_if_required","1002bbe9","__fileno"
"10025023","write_string","1001d430","FUN_1001d430"
"1002508a","FUN_1002508a","10020b23","FUN_10020b23"
"1002508a","FUN_1002508a","10020b6b","FUN_10020b6b"
"1002508a","FUN_1002508a","100231df","FUN_100231df"
"100250cb","FUN_100250cb","10020b23","FUN_10020b23"
"100250cb","FUN_100250cb","10020b6b","FUN_10020b6b"
"100250cb","FUN_100250cb","10023353","FUN_10023353"
"1002510c","FUN_1002510c","1002968c","FUN_1002968c"
"1002510c","FUN_1002510c","1002e817","___acrt_update_locale_info"
"1002510c","FUN_1002510c","1002e875","FUN_1002e875"
"10025190","FUN_10025190","1001c3f0","__allmul"
"10025190","FUN_10025190","1001d070","__aulldiv"
"10025190","FUN_10025190","1001d0e0","__aullrem"
"10025190","FUN_10025190","10021aa1","_memcpy_s"
"10025190","FUN_10025190","1003bfe0","__allshl"
"1002571b","FUN_1002571b","1002b03c","__calloc_base"
"10025735","FUN_10025735","10020b23","FUN_10020b23"
"10025735","FUN_10025735","10020b6b","FUN_10020b6b"
"10025735","FUN_10025735","1002287f","FUN_1002287f"
"10025774","FUN_10025774","10020b23","FUN_10020b23"
"10025774","FUN_10025774","10020b6b","FUN_10020b6b"
"10025774","FUN_10025774","10022638","FUN_10022638"
"10025817","FUN_10025817","100257b3","FID_conflict:__dtest"
"10025869","FUN_10025869","10020e2f","FUN_10020e2f"
"10025869","FUN_10025869","100225bb","FUN_100225bb"
"10025869","FUN_10025869","10027666","FUN_10027666"
"10025869","FUN_10025869","10028a83","__except1"
"10025869","FUN_10025869","1002fd36","FUN_1002fd36"
"10025869","FUN_10025869","1002fe35","FUN_1002fe35"
"10025869","FUN_10025869","1002ff29","__ctrlfp"
"10025963","_localeconv","1002968c","FUN_1002968c"
"10025963","_localeconv","1002e817","___acrt_update_locale_info"
"1002598b","_abort","10020c33","___acrt_call_reportfault"
"1002598b","_abort","10027db6","__exit"
"1002598b","_abort","1003008e","___acrt_get_sigabrt_handler"
"1002598b","_abort","100300d3","FUN_100300d3"
"1002598b","_abort","EXTERNAL:00000038","IsProcessorFeaturePresent"
"10025a86","FUN_10025a86","10020e2f","FUN_10020e2f"
"10025a86","FUN_10025a86","100225bb","FUN_100225bb"
"10025a91","FUN_10025a91","10004394","guard_check_icall"
"10025a91","FUN_10025a91","1001d2c0","__SEH_prolog4"
"10025a91","FUN_10025a91","1002598b","_abort"
"10025a91","FUN_10025a91","1002968c","FUN_1002968c"
"10025b4b","~__crt_unique_heap_ptr<__acrt_thread_parameter,_anon_4E93FCDD::thread_parameter_free_policy>","1002b099","FUN_1002b099"
"10025b4b","~__crt_unique_heap_ptr<__acrt_thread_parameter,_anon_4E93FCDD::thread_parameter_free_policy>","EXTERNAL:00000039","CloseHandle"
"10025b4b","~__crt_unique_heap_ptr<__acrt_thread_parameter,_anon_4E93FCDD::thread_parameter_free_policy>","EXTERNAL:00000061","FreeLibrary"
"10025b82","common_end_thread","100297dd","FUN_100297dd"
"10025b82","common_end_thread","1002b852","___acrt_RoUninitialize@0"
"10025b82","common_end_thread","EXTERNAL:00000039","CloseHandle"
"10025b82","common_end_thread","EXTERNAL:00000064","ExitThread"
"10025b82","common_end_thread","EXTERNAL:00000065","FreeLibraryAndExitThread"
"10025bd9","create_thread_parameter","10025b4b","~__crt_unique_heap_ptr<__acrt_thread_parameter,_anon_4E93FCDD::thread_parameter_free_policy>"
"10025bd9","create_thread_parameter","1002b03c","__calloc_base"
"10025bd9","create_thread_parameter","1002b099","FUN_1002b099"
"10025bd9","create_thread_parameter","EXTERNAL:00000037","GetModuleHandleExW"
"10025c29","__beginthreadex","10020e2f","FUN_10020e2f"
"10025c29","__beginthreadex","10022561","___acrt_errno_map_os_error"
"10025c29","__beginthreadex","100225bb","FUN_100225bb"
"10025c29","__beginthreadex","10025b4b","~__crt_unique_heap_ptr<__acrt_thread_parameter,_anon_4E93FCDD::thread_parameter_free_policy>"
"10025c29","__beginthreadex","10025bd9","create_thread_parameter"
"10025c29","__beginthreadex","EXTERNAL:00000032","GetLastError"
"10025c29","__beginthreadex","EXTERNAL:00000063","CreateThread"
"10025cac","__endthreadex","10025b82","common_end_thread"
"10025cc0","_isdigit","1002968c","FUN_1002968c"
"10025cc0","_isdigit","1002e74c","__isctype_l"
"10025cc0","_isdigit","1002e817","___acrt_update_locale_info"
"10025d50","_islower","1002968c","FUN_1002968c"
"10025d50","_islower","1002e74c","__isctype_l"
"10025d50","_islower","1002e817","___acrt_update_locale_info"
"10025de0","_isupper","1002968c","FUN_1002968c"
"10025de0","_isupper","1002e74c","__isctype_l"
"10025de0","_isupper","1002e817","___acrt_update_locale_info"
"10026384","FID_conflict:__wctime64","1001c15a","__security_check_cookie"
"10026384","FID_conflict:__wctime64","10020e2f","FUN_10020e2f"
"10026384","FID_conflict:__wctime64","100225bb","FUN_100225bb"
"10026384","FID_conflict:__wctime64","100304f8","FUN_100304f8"
"10026384","FID_conflict:__wctime64","100307dd","FUN_100307dd"
"100263f7","FUN_100263f7","1001c260","__alldiv"
"100263f7","FUN_100263f7","EXTERNAL:0000004e","GetSystemTimeAsFileTime"
"1002645f","FUN_1002645f","1001d2c0","__SEH_prolog4"
"1002645f","FUN_1002645f","10020e2f","FUN_10020e2f"
"1002645f","FUN_1002645f","10020fdd","__lock_file"
"1002645f","FUN_1002645f","100214fa","FUN_100214fa"
"1002645f","FUN_1002645f","100225bb","FUN_100225bb"
"1002645f","FUN_1002645f","10024f9c","validate_stream_is_ansi_if_required"
"1002645f","FUN_1002645f","10026527","FUN_10026527"
"10026527","FUN_10026527","10020ff2","__unlock_file"
"10026531","FUN_10026531","1002645f","FUN_1002645f"
"1002653c","common_fsopen<char>","1001d2c0","__SEH_prolog4"
"1002653c","common_fsopen<char>","10020e2f","FUN_10020e2f"
"1002653c","common_fsopen<char>","100225bb","FUN_100225bb"
"1002653c","common_fsopen<char>","100265dc","FUN_100265dc"
"1002653c","common_fsopen<char>","1002be14","__acrt_stdio_allocate_stream"
"1002653c","common_fsopen<char>","10030e97","FUN_10030e97"
"100265dc","FUN_100265dc","10020ff2","__unlock_file"
"100265dc","FUN_100265dc","1002be7d","__acrt_stdio_free_stream"
"100265f3","common_fsopen<wchar_t>","1001d2c0","__SEH_prolog4"
"100265f3","common_fsopen<wchar_t>","10020e2f","FUN_10020e2f"
"100265f3","common_fsopen<wchar_t>","100225bb","FUN_100225bb"
"100265f3","common_fsopen<wchar_t>","10026692","FUN_10026692"
"100265f3","common_fsopen<wchar_t>","1002be14","__acrt_stdio_allocate_stream"
"100265f3","common_fsopen<wchar_t>","10030ea2","FUN_10030ea2"
"10026692","FUN_10026692","10020ff2","__unlock_file"
"10026692","FUN_10026692","1002be7d","__acrt_stdio_free_stream"
"100266a9","FUN_100266a9","1002653c","common_fsopen<char>"
"100266b4","FUN_100266b4","100265f3","common_fsopen<wchar_t>"
"100266bf","_fopen","1002653c","common_fsopen<char>"
"100266d6","FUN_100266d6","1002e8d3","__malloc_base"
"100266e1","FUN_100266e1","10030ead","__realloc_base"
"1002673f","___acrt_lock","EXTERNAL:0000004a","EnterCriticalSection"
"10026756","FUN_10026756","EXTERNAL:0000004d","DeleteCriticalSection"
"10026787","___acrt_unlock","EXTERNAL:0000004b","LeaveCriticalSection"
"1002679e","__lock_locales","1002673f","___acrt_lock"
"1002679e","__lock_locales","1002b88b","___acrt_eagerly_load_locale_apis"
"100267b5","operator()<<lambda_646e26742ed01d5bc03234f44bb6d3d3>,<lambda_b37934c380d97b75fd242ea49540127a>&,<lambda_bbd9d45274666fbb50f81a29ad795c13>_>","1001d2c0","__SEH_prolog4"
"100267b5","operator()<<lambda_646e26742ed01d5bc03234f44bb6d3d3>,<lambda_b37934c380d97b75fd242ea49540127a>&,<lambda_bbd9d45274666fbb50f81a29ad795c13>_>","1002673f","___acrt_lock"
"100267b5","operator()<<lambda_646e26742ed01d5bc03234f44bb6d3d3>,<lambda_b37934c380d97b75fd242ea49540127a>&,<lambda_bbd9d45274666fbb50f81a29ad795c13>_>","10026804","FUN_10026804"
"100267b5","operator()<<lambda_646e26742ed01d5bc03234f44bb6d3d3>,<lambda_b37934c380d97b75fd242ea49540127a>&,<lambda_bbd9d45274666fbb50f81a29ad795c13>_>","10026810","FUN_10026810"
"10026804","FUN_10026804","10026787","___acrt_unlock"
"10026810","FUN_10026810","10020e3f","__invoke_watson"
"10026810","FUN_10026810","1002696f","FUN_1002696f"
"10026810","FUN_10026810","1002968c","FUN_1002968c"
"10026810","FUN_10026810","1002b099","FUN_1002b099"
"10026810","FUN_10026810","1002e8d3","__malloc_base"
"10026810","FUN_10026810","100317bd","FUN_100317bd"
"1002696f","FUN_1002696f","10020e3f","__invoke_watson"
"1002696f","FUN_1002696f","1002a347","__wsetlocale"
"1002696f","FUN_1002696f","1002b03c","__calloc_base"
"1002696f","FUN_1002696f","1002b099","FUN_1002b099"
"1002696f","FUN_1002696f","10031404","FUN_10031404"
"10026a0a","_setlocale","100267b5","operator()<<lambda_646e26742ed01d5bc03234f44bb6d3d3>,<lambda_b37934c380d97b75fd242ea49540127a>&,<lambda_bbd9d45274666fbb50f81a29ad795c13>_>"
"10026a0a","_setlocale","1002b88b","___acrt_eagerly_load_locale_apis"
"10026a42","___pctype_func","1002968c","FUN_1002968c"
"10026a42","___pctype_func","1002e817","___acrt_update_locale_info"
"10026a66","____lc_codepage_func","1002968c","FUN_1002968c"
"10026a66","____lc_codepage_func","1002e817","___acrt_update_locale_info"
"10026a8b","____lc_locale_name_func","1002968c","FUN_1002968c"
"10026a8b","____lc_locale_name_func","1002e817","___acrt_update_locale_info"
"10026ab2","____mb_cur_max_func","1002968c","FUN_1002968c"
"10026ab2","____mb_cur_max_func","1002e817","___acrt_update_locale_info"
"10026ad7","FUN_10026ad7","1001c15a","__security_check_cookie"
"10026ad7","FUN_10026ad7","1001d9b0","_memset"
"10026ad7","FUN_10026ad7","1002b03c","__calloc_base"
"10026ad7","FUN_10026ad7","1002b099","FUN_1002b099"
"10026ad7","FUN_10026ad7","100318da","FUN_100318da"
"10026ad7","FUN_10026ad7","10031a8a","FUN_10031a8a"
"10026ad7","FUN_10026ad7","10031d7a","___acrt_LCMapStringA"
"10026ad7","FUN_10026ad7","EXTERNAL:00000052","GetCPInfo"
"10026f34","FUN_10026f34","10020e3f","__invoke_watson"
"10026f34","FUN_10026f34","100266d6","FUN_100266d6"
"10026f34","FUN_10026f34","10031dc3","FUN_10031dc3"
"10026f93","FUN_10026f93","100214fa","FUN_100214fa"
"10026f93","FUN_10026f93","100224ab","_ungetc"
"10026f93","FUN_10026f93","100225bb","FUN_100225bb"
"10026f93","FUN_10026f93","10026a42","___pctype_func"
"10026f93","FUN_10026f93","1002bbe9","__fileno"
"10026f93","FUN_10026f93","1002cf08","FUN_1002cf08"
"10026f93","FUN_10026f93","1002f751","FUN_1002f751"
"10027103","_fgetwc","1001d2c0","__SEH_prolog4"
"10027103","_fgetwc","10020e2f","FUN_10020e2f"
"10027103","_fgetwc","10020fdd","__lock_file"
"10027103","_fgetwc","100225bb","FUN_100225bb"
"10027103","_fgetwc","10026f93","FUN_10026f93"
"10027103","_fgetwc","10027172","FUN_10027172"
"10027172","FUN_10027172","10020ff2","__unlock_file"
"1002717a","FUN_1002717a","1001d2c0","__SEH_prolog4"
"1002717a","FUN_1002717a","10020db2","FUN_10020db2"
"1002717a","FUN_1002717a","10020fdd","__lock_file"
"1002717a","FUN_1002717a","10027202","FUN_10027202"
"1002717a","FUN_1002717a","1002723e","FUN_1002723e"
"10027202","FUN_10027202","10020ff2","__unlock_file"
"1002720a","FUN_1002720a","1002d971","FUN_1002d971"
"1002723e","FUN_1002723e","1001c15a","__security_check_cookie"
"1002723e","FUN_1002723e","100217ad","FUN_100217ad"
"1002723e","FUN_1002723e","1002720a","FUN_1002720a"
"1002723e","FUN_1002723e","1002bbe9","__fileno"
"1002723e","FUN_1002723e","1002f47a","FUN_1002f47a"
"10027376","FUN_10027376","10020b23","FUN_10020b23"
"10027376","FUN_10027376","10020b6b","FUN_10020b6b"
"10027376","FUN_10027376","1002717a","FUN_1002717a"
"10027425","FUN_10027425","1001c15a","__security_check_cookie"
"10027425","FUN_10027425","1002bbe9","__fileno"
"10027425","FUN_10027425","1002f5e4","FUN_1002f5e4"
"10027532","__ungetwc_nolock","100273ac","FUN_100273ac"
"10027532","__ungetwc_nolock","10027425","FUN_10027425"
"10027532","__ungetwc_nolock","1002bbe9","__fileno"
"10027532","__ungetwc_nolock","1002e687","___acrt_stdio_allocate_buffer_nolock"
"100275e8","_ungetwc","1001d2c0","__SEH_prolog4"
"100275e8","_ungetwc","10020e2f","FUN_10020e2f"
"100275e8","_ungetwc","10020fdd","__lock_file"
"100275e8","_ungetwc","100225bb","FUN_100225bb"
"100275e8","_ungetwc","10027532","__ungetwc_nolock"
"100275e8","_ungetwc","1002765e","FUN_1002765e"
"1002765e","FUN_1002765e","10020ff2","__unlock_file"
"10027692","__acrt_convert_wcs_mbs_cp<char,wchar_t,<lambda_62f6974d9771e494a5ea317cc32e971c>,__crt_win32_buffer_internal_dynamic_resizing>","10022561","___acrt_errno_map_os_error"
"10027692","__acrt_convert_wcs_mbs_cp<char,wchar_t,<lambda_62f6974d9771e494a5ea317cc32e971c>,__crt_win32_buffer_internal_dynamic_resizing>","100225bb","FUN_100225bb"
"10027692","__acrt_convert_wcs_mbs_cp<char,wchar_t,<lambda_62f6974d9771e494a5ea317cc32e971c>,__crt_win32_buffer_internal_dynamic_resizing>","10027847","_deallocate"
"10027692","__acrt_convert_wcs_mbs_cp<char,wchar_t,<lambda_62f6974d9771e494a5ea317cc32e971c>,__crt_win32_buffer_internal_dynamic_resizing>","10027888","allocate"
"10027692","__acrt_convert_wcs_mbs_cp<char,wchar_t,<lambda_62f6974d9771e494a5ea317cc32e971c>,__crt_win32_buffer_internal_dynamic_resizing>","10031ebf","FUN_10031ebf"
"10027692","__acrt_convert_wcs_mbs_cp<char,wchar_t,<lambda_62f6974d9771e494a5ea317cc32e971c>,__crt_win32_buffer_internal_dynamic_resizing>","EXTERNAL:00000032","GetLastError"
"10027744","FUN_10027744","10022561","___acrt_errno_map_os_error"
"10027744","FUN_10027744","100225bb","FUN_100225bb"
"10027744","FUN_10027744","10027823","FUN_10027823"
"10027744","FUN_10027744","10027861","allocate"
"10027744","FUN_10027744","100278e6","FUN_100278e6"
"10027744","FUN_10027744","10031f79","FUN_10031f79"
"10027744","FUN_10027744","EXTERNAL:00000032","GetLastError"
"10027806","__acrt_mbs_to_wcs_cp<__crt_win32_buffer_internal_dynamic_resizing>","10027692","__acrt_convert_wcs_mbs_cp<char,wchar_t,<lambda_62f6974d9771e494a5ea317cc32e971c>,__crt_win32_buffer_internal_dynamic_resizing>"
"10027823","FUN_10027823","10031f79","FUN_10031f79"
"10027847","_deallocate","1002b099","FUN_1002b099"
"10027861","allocate","100225bb","FUN_100225bb"
"10027888","allocate","10027847","_deallocate"
"10027888","allocate","100278c7","allocate"
"100278c7","allocate","1002e8d3","__malloc_base"
"1002793d","__seh_filter_dll","1002795d","FUN_1002795d"
"1002795d","FUN_1002795d","10004394","guard_check_icall"
"1002795d","FUN_1002795d","100297dd","FUN_100297dd"
"10027aa3","operator()<>","1001d2c0","__SEH_prolog4"
"10027aa3","operator()<>","1002673f","___acrt_lock"
"10027aa3","operator()<>","10027ae4","FUN_10027ae4"
"10027aa3","operator()<>","10027b0b","FUN_10027b0b"
"10027ae4","FUN_10027ae4","10026787","___acrt_unlock"
"10027b0b","FUN_10027b0b","10004394","guard_check_icall"
"10027b0b","FUN_10027b0b","1001d2c0","__SEH_prolog4"
"10027b0b","FUN_10027b0b","10027af0","FUN_10027af0"
"10027b0b","FUN_10027b0b","100287c1","FUN_100287c1"
"10027b0b","FUN_10027b0b","100291b6","FUN_100291b6"
"10027bf3","FUN_10027bf3","10027aa3","operator()<>"
"10027bf3","FUN_10027bf3","10027c8a","FUN_10027c8a"
"10027bf3","FUN_10027bf3","10027cbb","FUN_10027cbb"
"10027bf3","FUN_10027bf3","10027d16","FUN_10027d16"
"10027c8a","FUN_10027c8a","10027cfd","FUN_10027cfd"
"10027c8a","FUN_10027c8a","10027d16","FUN_10027d16"
"10027c8a","FUN_10027c8a","EXTERNAL:0000000c","GetCurrentProcess"
"10027c8a","FUN_10027c8a","EXTERNAL:0000001c","TerminateProcess"
"10027c8a","FUN_10027c8a","EXTERNAL:00000066","ExitProcess"
"10027cbb","FUN_10027cbb","EXTERNAL:00000040","GetModuleHandleW"
"10027cfd","FUN_10027cfd","100302ff","FUN_100302ff"
"10027cfd","FUN_10027cfd","10032c22","FUN_10032c22"
"10027d16","FUN_10027d16","10004394","guard_check_icall"
"10027d16","FUN_10027d16","EXTERNAL:00000019","GetProcAddress"
"10027d16","FUN_10027d16","EXTERNAL:00000037","GetModuleHandleExW"
"10027d16","FUN_10027d16","EXTERNAL:00000061","FreeLibrary"
"10027db6","__exit","10027bf3","FUN_10027bf3"
"10027dd3","FUN_10027dd3","10020e2f","FUN_10020e2f"
"10027dd3","FUN_10027dd3","100225bb","FUN_100225bb"
"10027dd3","FUN_10027dd3","10027f10","FUN_10027f10"
"10027dd3","FUN_10027dd3","10028084","___acrt_allocate_buffer_for_argv"
"10027dd3","FUN_10027dd3","1002b099","FUN_1002b099"
"10027dd3","FUN_10027dd3","100332c0","FUN_100332c0"
"10027dd3","FUN_10027dd3","100332cb","___acrt_GetModuleFileNameA"
"10027dd3","FUN_10027dd3","100338e8","___acrt_initialize_multibyte"
"10027f10","FUN_10027f10","10033b98","FUN_10033b98"
"10028084","___acrt_allocate_buffer_for_argv","1002b03c","__calloc_base"
"10028084","___acrt_allocate_buffer_for_argv","1002b099","FUN_1002b099"
"100280d3","FUN_100280d3","10027dd3","FUN_10027dd3"
"100280de","FUN_100280de","10028164","FUN_10028164"
"100280de","FUN_100280de","100283e8","FUN_100283e8"
"1002810a","FUN_1002810a","100281b9","FUN_100281b9"
"1002810a","FUN_1002810a","1002b099","FUN_1002b099"
"1002810a","FUN_1002810a","100338e8","___acrt_initialize_multibyte"
"1002810a","FUN_1002810a","10033c00","FUN_10033c00"
"10028164","FUN_10028164","1002829b","FUN_1002829b"
"10028164","FUN_10028164","1002b099","FUN_1002b099"
"10028164","FUN_10028164","10033ca0","FUN_10033ca0"
"100281b9","FUN_100281b9","10020e3f","__invoke_watson"
"100281b9","FUN_100281b9","100283b9","free_environment<>"
"100281b9","FUN_100281b9","1002920f","FUN_1002920f"
"100281b9","FUN_100281b9","1002b03c","__calloc_base"
"100281b9","FUN_100281b9","1002b099","FUN_1002b099"
"1002829b","FUN_1002829b","10020e3f","__invoke_watson"
"1002829b","FUN_1002829b","100283b9","free_environment<>"
"1002829b","FUN_1002829b","1002b03c","__calloc_base"
"1002829b","FUN_1002829b","1002b099","FUN_1002b099"
"1002829b","FUN_1002829b","10031dc3","FUN_10031dc3"
"100283b9","free_environment<>","1002b099","FUN_1002b099"
"100283e8","FUN_100283e8","1002b03c","__calloc_base"
"100283e8","FUN_100283e8","1002b099","FUN_1002b099"
"100283e8","FUN_100283e8","10031ebf","FUN_10031ebf"
"100283e8","FUN_100283e8","100340a9","FUN_100340a9"
"10028469","uninitialize_environment_internal<>","100283b9","free_environment<>"
"10028484","uninitialize_environment_internal<>","100283b9","free_environment<>"
"100284a4","FUN_100284a4","1001c168","__EH_epilog3"
"100284a4","FUN_100284a4","1001c18b","__EH_prolog3"
"100284a4","FUN_100284a4","100283b9","free_environment<>"
"100284a4","FUN_100284a4","10028469","uninitialize_environment_internal<>"
"100284a4","FUN_100284a4","10028484","uninitialize_environment_internal<>"
"100284fa","operator()<<lambda_69a2805e680e0e292e8ba93315fe43a8>,<lambda_f03950bc5685219e0bcd2087efbe011e>&,<lambda_03fcd07e894ec930e3f35da366ca99d6>_>","1001d2c0","__SEH_prolog4"
"100284fa","operator()<<lambda_69a2805e680e0e292e8ba93315fe43a8>,<lambda_f03950bc5685219e0bcd2087efbe011e>&,<lambda_03fcd07e894ec930e3f35da366ca99d6>_>","1002673f","___acrt_lock"
"100284fa","operator()<<lambda_69a2805e680e0e292e8ba93315fe43a8>,<lambda_f03950bc5685219e0bcd2087efbe011e>&,<lambda_03fcd07e894ec930e3f35da366ca99d6>_>","10028549","FUN_10028549"
"100284fa","operator()<<lambda_69a2805e680e0e292e8ba93315fe43a8>,<lambda_f03950bc5685219e0bcd2087efbe011e>&,<lambda_03fcd07e894ec930e3f35da366ca99d6>_>","100286d1","operator()"
"10028549","FUN_10028549","10026787","___acrt_unlock"
"10028555","operator()<<lambda_8e746cf0007f6ed984d6f78af1fec997>,<lambda_22ebabd17bc4fa466a2aca6d8deb888d>&,<lambda_18ed0c0b38a6dc0daf1e7ac6d6adf05e>_>","1001d2c0","__SEH_prolog4"
"10028555","operator()<<lambda_8e746cf0007f6ed984d6f78af1fec997>,<lambda_22ebabd17bc4fa466a2aca6d8deb888d>&,<lambda_18ed0c0b38a6dc0daf1e7ac6d6adf05e>_>","1002673f","___acrt_lock"
"10028555","operator()<<lambda_8e746cf0007f6ed984d6f78af1fec997>,<lambda_22ebabd17bc4fa466a2aca6d8deb888d>&,<lambda_18ed0c0b38a6dc0daf1e7ac6d6adf05e>_>","100285a4","FUN_100285a4"
"10028555","operator()<<lambda_8e746cf0007f6ed984d6f78af1fec997>,<lambda_22ebabd17bc4fa466a2aca6d8deb888d>&,<lambda_18ed0c0b38a6dc0daf1e7ac6d6adf05e>_>","100285cf","FUN_100285cf"
"100285a4","FUN_100285a4","10026787","___acrt_unlock"
"100285cf","FUN_100285cf","100285b0","__crt_fast_encode_pointer<int_(__stdcall*)(wchar_t*,unsigned_long,long)>"
"100285cf","FUN_100285cf","1002b099","FUN_1002b099"
"100285cf","FUN_100285cf","100340b4","__recalloc_base"
"100286d1","operator()","10004394","guard_check_icall"
"100286d1","operator()","1002b099","FUN_1002b099"
"100287ab","FUN_100287ab","10028828","__register_onexit_function"
"100287c1","FUN_100287c1","1001c168","__EH_epilog3"
"100287c1","FUN_100287c1","1001c18b","__EH_prolog3"
"100287c1","FUN_100287c1","100284fa","operator()<<lambda_69a2805e680e0e292e8ba93315fe43a8>,<lambda_f03950bc5685219e0bcd2087efbe011e>&,<lambda_03fcd07e894ec930e3f35da366ca99d6>_>"
"10028828","__register_onexit_function","10028555","operator()<<lambda_8e746cf0007f6ed984d6f78af1fec997>,<lambda_22ebabd17bc4fa466a2aca6d8deb888d>&,<lambda_18ed0c0b38a6dc0daf1e7ac6d6adf05e>_>"
"100288c1","uninitialize_allocated_memory","10028928","operator()"
"10028928","operator()","1002b099","FUN_1002b099"
"10028956","___acrt_initialize","1003413c","___acrt_execute_initializers"
"10028968","FUN_10028968","100297dd","FUN_100297dd"
"10028973","FUN_10028973","10029660","___acrt_freeptd"
"1002897b","___acrt_uninitialize","10021462","__flushall"
"1002897b","___acrt_uninitialize","100341a4","___acrt_execute_uninitializers"
"100289ab","___acrt_uninitialize_critical","1002995d","___acrt_uninitialize_ptd"
"100289cc","FUN_100289cc","10004394","guard_check_icall"
"100289cc","FUN_100289cc","100289f8","FUN_100289f8"
"100289f8","FUN_100289f8","1001d2c0","__SEH_prolog4"
"100289f8","FUN_100289f8","1002673f","___acrt_lock"
"100289f8","FUN_100289f8","10027af0","FUN_10027af0"
"100289f8","FUN_100289f8","10028a46","FUN_10028a46"
"10028a46","FUN_10028a46","10026787","___acrt_unlock"
"10028a83","__except1","1001c15a","__security_check_cookie"
"10028a83","__except1","10028a4f","__errcode"
"10028a83","__except1","10028b51","FUN_10028b51"
"10028a83","__except1","10028df4","__raise_exc_ex"
"10028a83","__except1","100290e5","FUN_100290e5"
"10028a83","__except1","10029116","FUN_10029116"
"10028a83","__except1","1002ff29","__ctrlfp"
"10028a83","__except1","100341d5","FUN_100341d5"
"10028b51","FUN_10028b51","1002f79d","fegetround"
"10028b51","FUN_10028b51","1002fd36","FUN_1002fd36"
"10028b51","FUN_10028b51","1002ff53","FUN_1002ff53"
"10028dd1","__raise_exc","10028df4","__raise_exc_ex"
"10028df4","__raise_exc_ex","1002ff18","FUN_1002ff18"
"10028df4","__raise_exc_ex","1002ffac","FUN_1002ffac"
"10028df4","__raise_exc_ex","EXTERNAL:0000002e","RaiseException"
"100290e5","FUN_100290e5","100225bb","FUN_100225bb"
"10029116","FUN_10029116","100290e5","FUN_100290e5"
"10029116","FUN_10029116","1002ff29","__ctrlfp"
"10029116","FUN_10029116","10034201","FUN_10034201"
"100291b6","FUN_100291b6","10004394","guard_check_icall"
"100291e1","__initterm_e","10004394","guard_check_icall"
"1002920f","FUN_1002920f","10020e2f","FUN_10020e2f"
"1002920f","FUN_1002920f","100225bb","FUN_100225bb"
"10029322","operator()<<lambda_15ade71b0218206bbe3333a0c9b79046>,<lambda_da44e0f8b0f19ba52fefafb335991732>&,<lambda_207f2d024fc103971653565357d6cd41>_>","1001d2c0","__SEH_prolog4"
"10029322","operator()<<lambda_15ade71b0218206bbe3333a0c9b79046>,<lambda_da44e0f8b0f19ba52fefafb335991732>&,<lambda_207f2d024fc103971653565357d6cd41>_>","1002673f","___acrt_lock"
"10029322","operator()<<lambda_15ade71b0218206bbe3333a0c9b79046>,<lambda_da44e0f8b0f19ba52fefafb335991732>&,<lambda_207f2d024fc103971653565357d6cd41>_>","10029368","FUN_10029368"
"10029368","FUN_10029368","10026787","___acrt_unlock"
"10029374","operator()<<lambda_38edbb1296d33220d7e4dd0ed76b244a>,<lambda_5ce1d447e08cb34b2473517608e21441>&,<lambda_fb385d3da700c9147fc39e65dd577a8c>_>","1001d2c0","__SEH_prolog4"
"10029374","operator()<<lambda_38edbb1296d33220d7e4dd0ed76b244a>,<lambda_5ce1d447e08cb34b2473517608e21441>&,<lambda_fb385d3da700c9147fc39e65dd577a8c>_>","1002673f","___acrt_lock"
"10029374","operator()<<lambda_38edbb1296d33220d7e4dd0ed76b244a>,<lambda_5ce1d447e08cb34b2473517608e21441>&,<lambda_fb385d3da700c9147fc39e65dd577a8c>_>","100293d3","FUN_100293d3"
"10029374","operator()<<lambda_38edbb1296d33220d7e4dd0ed76b244a>,<lambda_5ce1d447e08cb34b2473517608e21441>&,<lambda_fb385d3da700c9147fc39e65dd577a8c>_>","1002b099","FUN_1002b099"
"100293d3","FUN_100293d3","10026787","___acrt_unlock"
"100293df","operator()<<lambda_6affb1475c98b40b75cdec977db92e3c>,<lambda_b8d4b9c228a6ecc3f80208dbb4b4a104>&,<lambda_608742c3c92a14382c1684fc64f96c88>_>","1001d2c0","__SEH_prolog4"
"100293df","operator()<<lambda_6affb1475c98b40b75cdec977db92e3c>,<lambda_b8d4b9c228a6ecc3f80208dbb4b4a104>&,<lambda_608742c3c92a14382c1684fc64f96c88>_>","1002673f","___acrt_lock"
"100293df","operator()<<lambda_6affb1475c98b40b75cdec977db92e3c>,<lambda_b8d4b9c228a6ecc3f80208dbb4b4a104>&,<lambda_608742c3c92a14382c1684fc64f96c88>_>","10029428","FUN_10029428"
"100293df","operator()<<lambda_6affb1475c98b40b75cdec977db92e3c>,<lambda_b8d4b9c228a6ecc3f80208dbb4b4a104>&,<lambda_608742c3c92a14382c1684fc64f96c88>_>","10029615","replace_current_thread_locale_nolock"
"10029428","FUN_10029428","10026787","___acrt_unlock"
"10029434","operator()<<lambda_a7e850c220f1c8d1e6efeecdedd162c6>,<lambda_46720907175c18b6c9d2717bc0d2d362>&,<lambda_9048902d66e8d99359bc9897bbb930a8>_>","1001d2c0","__SEH_prolog4"
"10029434","operator()<<lambda_a7e850c220f1c8d1e6efeecdedd162c6>,<lambda_46720907175c18b6c9d2717bc0d2d362>&,<lambda_9048902d66e8d99359bc9897bbb930a8>_>","1002673f","___acrt_lock"
"10029434","operator()<<lambda_a7e850c220f1c8d1e6efeecdedd162c6>,<lambda_46720907175c18b6c9d2717bc0d2d362>&,<lambda_9048902d66e8d99359bc9897bbb930a8>_>","10029482","FUN_10029482"
"10029434","operator()<<lambda_a7e850c220f1c8d1e6efeecdedd162c6>,<lambda_46720907175c18b6c9d2717bc0d2d362>&,<lambda_9048902d66e8d99359bc9897bbb930a8>_>","10029615","replace_current_thread_locale_nolock"
"10029482","FUN_10029482","10026787","___acrt_unlock"
"1002948e","construct_ptd","10029322","operator()<<lambda_15ade71b0218206bbe3333a0c9b79046>,<lambda_da44e0f8b0f19ba52fefafb335991732>&,<lambda_207f2d024fc103971653565357d6cd41>_>"
"1002948e","construct_ptd","10029434","operator()<<lambda_a7e850c220f1c8d1e6efeecdedd162c6>,<lambda_46720907175c18b6c9d2717bc0d2d362>&,<lambda_9048902d66e8d99359bc9897bbb930a8>_>"
"10029527","destroy_fls","10029548","destroy_ptd"
"10029527","destroy_fls","1002b099","FUN_1002b099"
"10029548","destroy_ptd","10029374","operator()<<lambda_38edbb1296d33220d7e4dd0ed76b244a>,<lambda_5ce1d447e08cb34b2473517608e21441>&,<lambda_fb385d3da700c9147fc39e65dd577a8c>_>"
"10029548","destroy_ptd","100293df","operator()<<lambda_6affb1475c98b40b75cdec977db92e3c>,<lambda_b8d4b9c228a6ecc3f80208dbb4b4a104>&,<lambda_608742c3c92a14382c1684fc64f96c88>_>"
"10029548","destroy_ptd","1002b099","FUN_1002b099"
"10029615","replace_current_thread_locale_nolock","10034237","___acrt_add_locale_ref"
"10029615","replace_current_thread_locale_nolock","100342b4","___acrt_free_locale"
"10029615","replace_current_thread_locale_nolock","1003447f","___acrt_release_locale_ref"
"10029660","___acrt_freeptd","10029527","destroy_fls"
"10029660","___acrt_freeptd","1002b5cb","___acrt_FlsGetValue@4"
"10029660","___acrt_freeptd","1002b60a","___acrt_FlsSetValue@8"
"1002968c","FUN_1002968c","1002598b","_abort"
"1002968c","FUN_1002968c","1002948e","construct_ptd"
"1002968c","FUN_1002968c","1002b03c","__calloc_base"
"1002968c","FUN_1002968c","1002b099","FUN_1002b099"
"1002968c","FUN_1002968c","1002b5cb","___acrt_FlsGetValue@4"
"1002968c","FUN_1002968c","1002b60a","___acrt_FlsSetValue@8"
"1002968c","FUN_1002968c","EXTERNAL:00000032","GetLastError"
"1002968c","FUN_1002968c","EXTERNAL:0000005b","SetLastError"
"10029747","FUN_10029747","1002598b","_abort"
"10029747","FUN_10029747","1002948e","construct_ptd"
"10029747","FUN_10029747","1002b03c","__calloc_base"
"10029747","FUN_10029747","1002b099","FUN_1002b099"
"10029747","FUN_10029747","1002b5cb","___acrt_FlsGetValue@4"
"10029747","FUN_10029747","1002b60a","___acrt_FlsSetValue@8"
"100297dd","FUN_100297dd","1002948e","construct_ptd"
"100297dd","FUN_100297dd","1002b03c","__calloc_base"
"100297dd","FUN_100297dd","1002b099","FUN_1002b099"
"100297dd","FUN_100297dd","1002b5cb","___acrt_FlsGetValue@4"
"100297dd","FUN_100297dd","1002b60a","___acrt_FlsSetValue@8"
"100297dd","FUN_100297dd","EXTERNAL:00000032","GetLastError"
"100297dd","FUN_100297dd","EXTERNAL:0000005b","SetLastError"
"1002988e","FUN_1002988e","1002948e","construct_ptd"
"1002988e","FUN_1002988e","1002b03c","__calloc_base"
"1002988e","FUN_1002988e","1002b099","FUN_1002b099"
"1002988e","FUN_1002988e","1002b5cb","___acrt_FlsGetValue@4"
"1002988e","FUN_1002988e","1002b60a","___acrt_FlsSetValue@8"
"1002995d","___acrt_uninitialize_ptd","1002b58c","___acrt_FlsFree@4"
"10029977","operator()<<lambda_4fdada1b837b2abbf20876fac97688ad>,<lambda_b57350f2640456a0859d250846f69caf>&,<lambda_eed5e4f92b5b7d55fa22c48c484aaa54>_>","1001d2c0","__SEH_prolog4"
"10029977","operator()<<lambda_4fdada1b837b2abbf20876fac97688ad>,<lambda_b57350f2640456a0859d250846f69caf>&,<lambda_eed5e4f92b5b7d55fa22c48c484aaa54>_>","1002673f","___acrt_lock"
"10029977","operator()<<lambda_4fdada1b837b2abbf20876fac97688ad>,<lambda_b57350f2640456a0859d250846f69caf>&,<lambda_eed5e4f92b5b7d55fa22c48c484aaa54>_>","100299b8","FUN_100299b8"
"10029977","operator()<<lambda_4fdada1b837b2abbf20876fac97688ad>,<lambda_b57350f2640456a0859d250846f69caf>&,<lambda_eed5e4f92b5b7d55fa22c48c484aaa54>_>","10029b5b","operator()"
"100299b8","FUN_100299b8","10026787","___acrt_unlock"
"100299c4","operator()<<lambda_135d2772fca65dc1248eeaa1b56e886a>,<lambda_2a444430fde8c29194d880d93eed5e8f>&,<lambda_8dff2cf36a5417162780cd64fa2883ef>&>","1001d2c0","__SEH_prolog4"
"100299c4","operator()<<lambda_135d2772fca65dc1248eeaa1b56e886a>,<lambda_2a444430fde8c29194d880d93eed5e8f>&,<lambda_8dff2cf36a5417162780cd64fa2883ef>&>","100299fa","FUN_100299fa"
"100299c4","operator()<<lambda_135d2772fca65dc1248eeaa1b56e886a>,<lambda_2a444430fde8c29194d880d93eed5e8f>&,<lambda_8dff2cf36a5417162780cd64fa2883ef>&>","10029af1","operator()"
"10029a09","operator()<<lambda_e5124f882df8998aaf41531e079ba474>,<lambda_3e16ef9562a7dcce91392c22ab16ea36>&,<lambda_e25ca0880e6ef98be67edffd8c599615>_>","1001d2c0","__SEH_prolog4"
"10029a09","operator()<<lambda_e5124f882df8998aaf41531e079ba474>,<lambda_3e16ef9562a7dcce91392c22ab16ea36>&,<lambda_e25ca0880e6ef98be67edffd8c599615>_>","1002673f","___acrt_lock"
"10029a09","operator()<<lambda_e5124f882df8998aaf41531e079ba474>,<lambda_3e16ef9562a7dcce91392c22ab16ea36>&,<lambda_e25ca0880e6ef98be67edffd8c599615>_>","10029a6b","FUN_10029a6b"
"10029a09","operator()<<lambda_e5124f882df8998aaf41531e079ba474>,<lambda_3e16ef9562a7dcce91392c22ab16ea36>&,<lambda_e25ca0880e6ef98be67edffd8c599615>_>","10034581","__updatetlocinfoEx_nolock"
"10029a6b","FUN_10029a6b","10026787","___acrt_unlock"
"10029a77","FUN_10029a77","10020e3f","__invoke_watson"
"10029a77","FUN_10029a77","100352e6","FUN_100352e6"
"10029ac1","FUN_10029ac1","10020e3f","__invoke_watson"
"10029ac1","FUN_10029ac1","100352e6","FUN_100352e6"
"10029af1","operator()","10029977","operator()<<lambda_4fdada1b837b2abbf20876fac97688ad>,<lambda_b57350f2640456a0859d250846f69caf>&,<lambda_eed5e4f92b5b7d55fa22c48c484aaa54>_>"
"10029af1","operator()","1002b03c","__calloc_base"
"10029af1","operator()","1002b099","FUN_1002b099"
"10029b5b","operator()","10029f11","__copytlocinfo_nolock"
"10029b5b","operator()","1002a565","FUN_1002a565"
"10029b5b","operator()","100342b4","___acrt_free_locale"
"10029b5b","operator()","1003447f","___acrt_release_locale_ref"
"10029b5b","operator()","10034581","__updatetlocinfoEx_nolock"
"10029c59","FUN_10029c59","10020e3f","__invoke_watson"
"10029c59","FUN_10029c59","10029c9d","FUN_10029c9d"
"10029c59","FUN_10029c59","100352e6","FUN_100352e6"
"10029c9d","FUN_10029c9d","10020e3f","__invoke_watson"
"10029c9d","FUN_10029c9d","100352e6","FUN_100352e6"
"10029cd2","FUN_10029cd2","10020e3f","__invoke_watson"
"10029cd2","FUN_10029cd2","100260ae","FUN_100260ae"
"10029cd2","FUN_10029cd2","1002e8d3","__malloc_base"
"10029cd2","FUN_10029cd2","100352e6","FUN_100352e6"
"10029d3d","___acrt_uninitialize_locale","10029a09","operator()<<lambda_e5124f882df8998aaf41531e079ba474>,<lambda_3e16ef9562a7dcce91392c22ab16ea36>&,<lambda_e25ca0880e6ef98be67edffd8c599615>_>"
"10029d64","FUN_10029d64","10020e3f","__invoke_watson"
"10029d64","FUN_10029d64","1002a306","FUN_1002a306"
"10029d64","FUN_10029d64","10031dc3","FUN_10031dc3"
"10029dd4","FUN_10029dd4","1001d9b0","_memset"
"10029dd4","FUN_10029dd4","10020e3f","__invoke_watson"
"10029dd4","FUN_10029dd4","100352e6","FUN_100352e6"
"10029dd4","FUN_10029dd4","100352f1","_wcscspn"
"10029f11","__copytlocinfo_nolock","10034237","___acrt_add_locale_ref"
"10029f40","FUN_10029f40","1001c15a","__security_check_cookie"
"10029f40","FUN_10029f40","10020e3f","__invoke_watson"
"10029f40","FUN_10029f40","1002968c","FUN_1002968c"
"10029f40","FUN_10029f40","10029a77","FUN_10029a77"
"10029f40","FUN_10029f40","10029ac1","FUN_10029ac1"
"10029f40","FUN_10029f40","10029c59","FUN_10029c59"
"10029f40","FUN_10029f40","10029c9d","FUN_10029c9d"
"10029f40","FUN_10029f40","10029d64","FUN_10029d64"
"10029f40","FUN_10029f40","10029dd4","FUN_10029dd4"
"10029f40","FUN_10029f40","1002ac15","get_default_code_page"
"10029f40","FUN_10029f40","1002ac44","FUN_1002ac44"
"10029f40","FUN_10029f40","1002b712","___acrt_IsValidLocaleName@4"
"10029f40","FUN_10029f40","1002b880","FUN_1002b880"
"10029f40","FUN_10029f40","10031dc3","FUN_10031dc3"
"10029f40","FUN_10029f40","100352e6","FUN_100352e6"
"10029f40","FUN_10029f40","10035a8f","FUN_10035a8f"
"10029f40","FUN_10029f40","10036404","FUN_10036404"
"1002a306","FUN_1002a306","10020e3f","__invoke_watson"
"1002a306","FUN_1002a306","100350b6","FUN_100350b6"
"1002a347","__wsetlocale","10020e2f","FUN_10020e2f"
"1002a347","__wsetlocale","100225bb","FUN_100225bb"
"1002a347","__wsetlocale","1002968c","FUN_1002968c"
"1002a347","__wsetlocale","100299c4","operator()<<lambda_135d2772fca65dc1248eeaa1b56e886a>,<lambda_2a444430fde8c29194d880d93eed5e8f>&,<lambda_8dff2cf36a5417162780cd64fa2883ef>&>"
"1002a347","__wsetlocale","1002b88b","___acrt_eagerly_load_locale_apis"
"1002a347","__wsetlocale","10034500","FUN_10034500"
"1002a3ca","FUN_1002a3ca","10020e3f","__invoke_watson"
"1002a3ca","FUN_1002a3ca","1002a306","FUN_1002a306"
"1002a3ca","FUN_1002a3ca","1002b099","FUN_1002b099"
"1002a3ca","FUN_1002a3ca","1002e8d3","__malloc_base"
"1002a3ca","FUN_1002a3ca","100350b6","FUN_100350b6"
"1002a565","FUN_1002a565","1001c15a","__security_check_cookie"
"1002a565","FUN_1002a565","1001c819","FUN_1001c819"
"1002a565","FUN_1002a565","10020e3f","__invoke_watson"
"1002a565","FUN_1002a565","100292e8","_wcsncmp"
"1002a565","FUN_1002a565","10029f40","FUN_10029f40"
"1002a565","FUN_1002a565","1002a3ca","FUN_1002a3ca"
"1002a565","FUN_1002a565","1002a855","FUN_1002a855"
"1002a565","FUN_1002a565","100352e6","FUN_100352e6"
"1002a565","FUN_1002a565","100352f1","_wcscspn"
"1002a565","FUN_1002a565","1003534a","_wcspbrk"
"1002a855","FUN_1002a855","10004394","guard_check_icall"
"1002a855","FUN_1002a855","1001c15a","__security_check_cookie"
"1002a855","FUN_1002a855","1001e1a0","FUN_1001e1a0"
"1002a855","FUN_1002a855","10020e3f","__invoke_watson"
"1002a855","FUN_1002a855","1002968c","FUN_1002968c"
"1002a855","FUN_1002a855","10029cd2","FUN_10029cd2"
"1002a855","FUN_1002a855","10029f40","FUN_10029f40"
"1002a855","FUN_1002a855","1002b099","FUN_1002b099"
"1002a855","FUN_1002a855","1002e8d3","__malloc_base"
"1002a855","FUN_1002a855","10031a8a","FUN_10031a8a"
"1002a855","FUN_1002a855","10031dc3","FUN_10031dc3"
"1002ac15","get_default_code_page","1002b64c","___acrt_GetLocaleInfoEx@16"
"1002ac44","FUN_1002ac44","1001c15a","__security_check_cookie"
"1002ac44","FUN_1002ac44","1001d9b0","_memset"
"1002ac44","FUN_1002ac44","1002ae1e","FUN_1002ae1e"
"1002ac44","FUN_1002ac44","1002ae5d","FUN_1002ae5d"
"1002ac44","FUN_1002ac44","1002aecf","FUN_1002aecf"
"1002ac44","FUN_1002ac44","1002af8d","FUN_1002af8d"
"1002ac44","FUN_1002ac44","100352f1","_wcscspn"
"1002ae1e","FUN_1002ae1e","10020e3f","__invoke_watson"
"1002ae1e","FUN_1002ae1e","100352e6","FUN_100352e6"
"1002ae5d","FUN_1002ae5d","10020e3f","__invoke_watson"
"1002ae5d","FUN_1002ae5d","1002affd","FUN_1002affd"
"1002ae5d","FUN_1002ae5d","100352e6","FUN_100352e6"
"1002aecf","FUN_1002aecf","10020e3f","__invoke_watson"
"1002aecf","FUN_1002aecf","10022f66","___acrt_locale_get_ctype_array_value"
"1002aecf","FUN_1002aecf","10026a42","___pctype_func"
"1002aecf","FUN_1002aecf","1002affd","FUN_1002affd"
"1002aecf","FUN_1002aecf","1003520d","FUN_1003520d"
"1002aecf","FUN_1002aecf","100352e6","FUN_100352e6"
"1002af8d","FUN_1002af8d","10020e3f","__invoke_watson"
"1002af8d","FUN_1002af8d","1002affd","FUN_1002affd"
"1002af8d","FUN_1002af8d","1003520d","FUN_1003520d"
"1002affd","FUN_1002affd","10022f66","___acrt_locale_get_ctype_array_value"
"1002affd","FUN_1002affd","10026a42","___pctype_func"
"1002b03c","__calloc_base","100225bb","FUN_100225bb"
"1002b03c","__calloc_base","100289cc","FUN_100289cc"
"1002b03c","__calloc_base","100365f4","FUN_100365f4"
"1002b03c","__calloc_base","EXTERNAL:00000068","HeapAlloc"
"1002b099","FUN_1002b099","1002251e","FID_conflict:___acrt_errno_from_os_error"
"1002b099","FUN_1002b099","100225bb","FUN_100225bb"
"1002b099","FUN_1002b099","EXTERNAL:00000032","GetLastError"
"1002b099","FUN_1002b099","EXTERNAL:00000069","HeapFree"
"1002b0d3","FUN_1002b0d3","1002b15c","FUN_1002b15c"
"1002b0e0","operator()<<lambda_6b4b7855443974f2b4b77000ea21c99c>,<lambda_8f7d3b162ab39427f4fa9995c67a7986>&,<lambda_cc9a5ba8a5d8428b9634eab82665e5dc>_>","1001d2c0","__SEH_prolog4"
"1002b0e0","operator()<<lambda_6b4b7855443974f2b4b77000ea21c99c>,<lambda_8f7d3b162ab39427f4fa9995c67a7986>&,<lambda_cc9a5ba8a5d8428b9634eab82665e5dc>_>","1002673f","___acrt_lock"
"1002b0e0","operator()<<lambda_6b4b7855443974f2b4b77000ea21c99c>,<lambda_8f7d3b162ab39427f4fa9995c67a7986>&,<lambda_cc9a5ba8a5d8428b9634eab82665e5dc>_>","100285b0","__crt_fast_encode_pointer<int_(__stdcall*)(wchar_t*,unsigned_long,long)>"
"1002b0e0","operator()<<lambda_6b4b7855443974f2b4b77000ea21c99c>,<lambda_8f7d3b162ab39427f4fa9995c67a7986>&,<lambda_cc9a5ba8a5d8428b9634eab82665e5dc>_>","1002b150","FUN_1002b150"
"1002b0e0","operator()<<lambda_6b4b7855443974f2b4b77000ea21c99c>,<lambda_8f7d3b162ab39427f4fa9995c67a7986>&,<lambda_cc9a5ba8a5d8428b9634eab82665e5dc>_>","EXTERNAL:0000006f","EnumSystemLocalesW"
"1002b150","FUN_1002b150","10026787","___acrt_unlock"
"1002b15c","FUN_1002b15c","10004394","guard_check_icall"
"1002b18f","try_get_AreFileApisANSI","1002b378","FUN_1002b378"
"1002b1a9","try_get_CompareStringEx","1002b378","FUN_1002b378"
"1002b1c3","try_get_EnumSystemLocalesEx","1002b378","FUN_1002b378"
"1002b1dd","FUN_1002b1dd","1002b378","FUN_1002b378"
"1002b1f7","try_get_GetLocaleInfoEx","1002b378","FUN_1002b378"
"1002b211","FUN_1002b211","1002b378","FUN_1002b378"
"1002b22b","try_get_GetUserDefaultLocaleName","1002b378","FUN_1002b378"
"1002b245","try_get_IsValidLocaleName","1002b378","FUN_1002b378"
"1002b25f","try_get_LCIDToLocaleName","1002b378","FUN_1002b378"
"1002b279","try_get_LCMapStringEx","1002b378","FUN_1002b378"
"1002b293","try_get_LocaleNameToLCID","1002b378","FUN_1002b378"
"1002b2ad","FUN_1002b2ad","100292e8","_wcsncmp"
"1002b2ad","FUN_1002b2ad","EXTERNAL:00000032","GetLastError"
"1002b2ad","FUN_1002b2ad","EXTERNAL:00000061","FreeLibrary"
"1002b2ad","FUN_1002b2ad","EXTERNAL:00000062","LoadLibraryExW"
"1002b378","FUN_1002b378","100285b0","__crt_fast_encode_pointer<int_(__stdcall*)(wchar_t*,unsigned_long,long)>"
"1002b378","FUN_1002b378","1002b2ad","FUN_1002b2ad"
"1002b378","FUN_1002b378","EXTERNAL:00000019","GetProcAddress"
"1002b3fd","FUN_1002b3fd","10004394","guard_check_icall"
"1002b3fd","FUN_1002b3fd","1002b378","FUN_1002b378"
"1002b43d","FUN_1002b43d","10004394","guard_check_icall"
"1002b43d","FUN_1002b43d","1002b378","FUN_1002b378"
"1002b47d","___acrt_AreFileApisANSI@0","10004394","guard_check_icall"
"1002b47d","___acrt_AreFileApisANSI@0","1002b18f","try_get_AreFileApisANSI"
"1002b49c","___acrt_CompareStringEx@36","10004394","guard_check_icall"
"1002b49c","___acrt_CompareStringEx@36","1002b1a9","try_get_CompareStringEx"
"1002b49c","___acrt_CompareStringEx@36","1002b7e6","___acrt_LocaleNameToLCID@8"
"1002b49c","___acrt_CompareStringEx@36","EXTERNAL:0000006a","CompareStringW"
"1002b4f9","___acrt_EnumSystemLocalesEx@16","10004394","guard_check_icall"
"1002b4f9","___acrt_EnumSystemLocalesEx@16","1002b0e0","operator()<<lambda_6b4b7855443974f2b4b77000ea21c99c>,<lambda_8f7d3b162ab39427f4fa9995c67a7986>&,<lambda_cc9a5ba8a5d8428b9634eab82665e5dc>_>"
"1002b4f9","___acrt_EnumSystemLocalesEx@16","1002b1c3","try_get_EnumSystemLocalesEx"
"1002b54d","___acrt_FlsAlloc@4","10004394","guard_check_icall"
"1002b54d","___acrt_FlsAlloc@4","1002b378","FUN_1002b378"
"1002b54d","___acrt_FlsAlloc@4","EXTERNAL:0000005d","TlsAlloc"
"1002b58c","___acrt_FlsFree@4","10004394","guard_check_icall"
"1002b58c","___acrt_FlsFree@4","1002b378","FUN_1002b378"
"1002b5cb","___acrt_FlsGetValue@4","10004394","guard_check_icall"
"1002b5cb","___acrt_FlsGetValue@4","1002b378","FUN_1002b378"
"1002b60a","___acrt_FlsSetValue@8","10004394","guard_check_icall"
"1002b60a","___acrt_FlsSetValue@8","1002b378","FUN_1002b378"
"1002b64c","___acrt_GetLocaleInfoEx@16","10004394","guard_check_icall"
"1002b64c","___acrt_GetLocaleInfoEx@16","1002b1f7","try_get_GetLocaleInfoEx"
"1002b64c","___acrt_GetLocaleInfoEx@16","1002b7e6","___acrt_LocaleNameToLCID@8"
"1002b64c","___acrt_GetLocaleInfoEx@16","EXTERNAL:0000006c","GetLocaleInfoW"
"1002b68b","___acrt_GetUserDefaultLocaleName@8","10004394","guard_check_icall"
"1002b68b","___acrt_GetUserDefaultLocaleName@8","1002b22b","try_get_GetUserDefaultLocaleName"
"1002b68b","___acrt_GetUserDefaultLocaleName@8","1002b74a","___acrt_LCIDToLocaleName@16"
"1002b68b","___acrt_GetUserDefaultLocaleName@8","EXTERNAL:0000006e","GetUserDefaultLCID"
"1002b6c7","___acrt_InitializeCriticalSectionEx@12","10004394","guard_check_icall"
"1002b6c7","___acrt_InitializeCriticalSectionEx@12","1002b378","FUN_1002b378"
"1002b6c7","___acrt_InitializeCriticalSectionEx@12","EXTERNAL:0000005c","InitializeCriticalSectionAndSpinCount"
"1002b712","___acrt_IsValidLocaleName@4","10004394","guard_check_icall"
"1002b712","___acrt_IsValidLocaleName@4","1002b245","try_get_IsValidLocaleName"
"1002b712","___acrt_IsValidLocaleName@4","1002b7e6","___acrt_LocaleNameToLCID@8"
"1002b712","___acrt_IsValidLocaleName@4","EXTERNAL:0000006d","IsValidLocale"
"1002b74a","___acrt_LCIDToLocaleName@16","10004394","guard_check_icall"
"1002b74a","___acrt_LCIDToLocaleName@16","1002b25f","try_get_LCIDToLocaleName"
"1002b74a","___acrt_LCIDToLocaleName@16","1003664b","FUN_1003664b"
"1002b789","___acrt_LCMapStringEx@36","10004394","guard_check_icall"
"1002b789","___acrt_LCMapStringEx@36","1002b279","try_get_LCMapStringEx"
"1002b789","___acrt_LCMapStringEx@36","1002b7e6","___acrt_LocaleNameToLCID@8"
"1002b789","___acrt_LCMapStringEx@36","EXTERNAL:0000006b","LCMapStringW"
"1002b7e6","___acrt_LocaleNameToLCID@8","10004394","guard_check_icall"
"1002b7e6","___acrt_LocaleNameToLCID@8","1002b293","try_get_LocaleNameToLCID"
"1002b7e6","___acrt_LocaleNameToLCID@8","100366ee","___acrt_DownlevelLocaleNameToLCID"
"1002b817","FUN_1002b817","10004394","guard_check_icall"
"1002b817","FUN_1002b817","1002b378","FUN_1002b378"
"1002b852","___acrt_RoUninitialize@0","10004394","guard_check_icall"
"1002b852","___acrt_RoUninitialize@0","1002b378","FUN_1002b378"
"1002b880","FUN_1002b880","1002b1a9","try_get_CompareStringEx"
"1002b88b","___acrt_eagerly_load_locale_apis","1002b18f","try_get_AreFileApisANSI"
"1002b88b","___acrt_eagerly_load_locale_apis","1002b1a9","try_get_CompareStringEx"
"1002b88b","___acrt_eagerly_load_locale_apis","1002b1c3","try_get_EnumSystemLocalesEx"
"1002b88b","___acrt_eagerly_load_locale_apis","1002b1dd","FUN_1002b1dd"
"1002b88b","___acrt_eagerly_load_locale_apis","1002b1f7","try_get_GetLocaleInfoEx"
"1002b88b","___acrt_eagerly_load_locale_apis","1002b211","FUN_1002b211"
"1002b88b","___acrt_eagerly_load_locale_apis","1002b22b","try_get_GetUserDefaultLocaleName"
"1002b88b","___acrt_eagerly_load_locale_apis","1002b245","try_get_IsValidLocaleName"
"1002b88b","___acrt_eagerly_load_locale_apis","1002b25f","try_get_LCIDToLocaleName"
"1002b88b","___acrt_eagerly_load_locale_apis","1002b279","try_get_LCMapStringEx"
"1002b88b","___acrt_eagerly_load_locale_apis","1002b293","try_get_LocaleNameToLCID"
"1002b8d6","___acrt_uninitialize_winapi_thunks","EXTERNAL:00000061","FreeLibrary"
"1002b90c","FUN_1002b90c","1001d2c0","__SEH_prolog4"
"1002b90c","FUN_1002b90c","1002112b","FUN_1002112b"
"1002b90c","FUN_1002b90c","1002673f","___acrt_lock"
"1002b90c","FUN_1002b90c","1002b099","FUN_1002b099"
"1002b90c","FUN_1002b90c","1002b9ae","FUN_1002b9ae"
"1002b90c","FUN_1002b90c","EXTERNAL:0000004d","DeleteCriticalSection"
"1002b9ae","FUN_1002b9ae","10026787","___acrt_unlock"
"1002b9b7","___acrt_stdio_free_buffer_nolock","1002b099","FUN_1002b099"
"1002b9f7","initialize_inherited_file_handles_nolock","100367ca","___acrt_lowio_ensure_fh_exists"
"1002b9f7","initialize_inherited_file_handles_nolock","EXTERNAL:00000056","GetStartupInfoW"
"1002b9f7","initialize_inherited_file_handles_nolock","EXTERNAL:00000071","GetFileType"
"1002baad","FUN_1002baad","EXTERNAL:00000070","GetStdHandle"
"1002baad","FUN_1002baad","EXTERNAL:00000071","GetFileType"
"1002bbb4","FUN_1002bbb4","10026787","___acrt_unlock"
"1002bbe9","__fileno","10020e2f","FUN_10020e2f"
"1002bbe9","__fileno","100225bb","FUN_100225bb"
"1002bc10","FUN_1002bc10","1001d2c0","__SEH_prolog4"
"1002bc10","FUN_1002bc10","1002bc95","FUN_1002bc95"
"1002bc10","FUN_1002bc10","1002bd74","FUN_1002bd74"
"1002bc10","FUN_1002bc10","10036868","___acrt_lowio_lock_fh"
"1002bc95","FUN_1002bc95","1003691d","___acrt_lowio_unlock_fh"
"1002bca1","FUN_1002bca1","10020db2","FUN_10020db2"
"1002bca1","FUN_1002bca1","1002bc10","FUN_1002bc10"
"1002bd44","FUN_1002bd44","10020b23","FUN_10020b23"
"1002bd44","FUN_1002bd44","10020b6b","FUN_10020b6b"
"1002bd44","FUN_1002bd44","1002bd74","FUN_1002bd74"
"1002bd74","FUN_1002bd74","10022584","FUN_10022584"
"1002bd74","FUN_1002bd74","10036a53","FUN_10036a53"
"1002bd74","FUN_1002bd74","10036ae4","FUN_10036ae4"
"1002bd74","FUN_1002bd74","EXTERNAL:00000032","GetLastError"
"1002bd74","FUN_1002bd74","EXTERNAL:00000039","CloseHandle"
"1002be14","__acrt_stdio_allocate_stream","1001d2c0","__SEH_prolog4"
"1002be14","__acrt_stdio_allocate_stream","1002673f","___acrt_lock"
"1002be14","__acrt_stdio_allocate_stream","1002be74","FUN_1002be74"
"1002be14","__acrt_stdio_allocate_stream","1002beb8","find_or_allocate_unused_stream_nolock"
"1002be74","FUN_1002be74","10026787","___acrt_unlock"
"1002beb8","find_or_allocate_unused_stream_nolock","10020fdd","__lock_file"
"1002beb8","find_or_allocate_unused_stream_nolock","10020ff2","__unlock_file"
"1002beb8","find_or_allocate_unused_stream_nolock","1002b03c","__calloc_base"
"1002beb8","find_or_allocate_unused_stream_nolock","1002b099","FUN_1002b099"
"1002beb8","find_or_allocate_unused_stream_nolock","1002b6c7","___acrt_InitializeCriticalSectionEx@12"
"1002bf7a","FUN_1002bf7a","1001d2c0","__SEH_prolog4"
"1002bf7a","FUN_1002bf7a","100225a8","FUN_100225a8"
"1002bf7a","FUN_1002bf7a","100225bb","FUN_100225bb"
"1002bf7a","FUN_1002bf7a","1002c010","FUN_1002c010"
"1002bf7a","FUN_1002bf7a","10036868","___acrt_lowio_lock_fh"
"1002bf7a","FUN_1002bf7a","10036ae4","FUN_10036ae4"
"1002bf7a","FUN_1002bf7a","EXTERNAL:00000032","GetLastError"
"1002bf7a","FUN_1002bf7a","EXTERNAL:00000072","FlushFileBuffers"
"1002c010","FUN_1002c010","1003691d","___acrt_lowio_unlock_fh"
"1002c01c","__commit","10020e2f","FUN_10020e2f"
"1002c01c","__commit","100225bb","FUN_100225bb"
"1002c01c","__commit","1002bf7a","FUN_1002bf7a"
"1002c099","FUN_1002c099","1001c15a","__security_check_cookie"
"1002c099","FUN_1002c099","1001d430","FUN_1001d430"
"1002c099","FUN_1002c099","10022ef0","FUN_10022ef0"
"1002c099","FUN_1002c099","1002f61e","FUN_1002f61e"
"1002c099","FUN_1002c099","10031f79","FUN_10031f79"
"1002c099","FUN_1002c099","10036c13","FUN_10036c13"
"1002c099","FUN_1002c099","EXTERNAL:00000010","WriteFile"
"1002c099","FUN_1002c099","EXTERNAL:00000032","GetLastError"
"1002c099","FUN_1002c099","EXTERNAL:00000073","GetConsoleOutputCP"
"1002c460","write_double_translated_unicode_nolock","10036d1b","__putwch_nolock"
"1002c460","write_double_translated_unicode_nolock","EXTERNAL:00000032","GetLastError"
"1002c4c8","FUN_1002c4c8","10022ef0","FUN_10022ef0"
"1002c4c8","FUN_1002c4c8","10036b4e","FUN_10036b4e"
"1002c4c8","FUN_1002c4c8","EXTERNAL:00000074","GetConsoleMode"
"1002c545","write_text_ansi_nolock","1001c15a","__security_check_cookie"
"1002c545","write_text_ansi_nolock","1001c900","__alloca_probe"
"1002c545","write_text_ansi_nolock","EXTERNAL:00000010","WriteFile"
"1002c545","write_text_ansi_nolock","EXTERNAL:00000032","GetLastError"
"1002c620","write_text_utf16le_nolock","1001c15a","__security_check_cookie"
"1002c620","write_text_utf16le_nolock","1001c900","__alloca_probe"
"1002c620","write_text_utf16le_nolock","EXTERNAL:00000010","WriteFile"
"1002c620","write_text_utf16le_nolock","EXTERNAL:00000032","GetLastError"
"1002c709","write_text_utf8_nolock","1001c15a","__security_check_cookie"
"1002c709","write_text_utf8_nolock","1001c900","__alloca_probe"
"1002c709","write_text_utf8_nolock","10031f79","FUN_10031f79"
"1002c709","write_text_utf8_nolock","EXTERNAL:00000010","WriteFile"
"1002c709","write_text_utf8_nolock","EXTERNAL:00000032","GetLastError"
"1002c83b","FUN_1002c83b","10020b23","FUN_10020b23"
"1002c83b","FUN_1002c83b","10020b6b","FUN_10020b6b"
"1002c83b","FUN_1002c83b","1002c872","FUN_1002c872"
"1002c872","FUN_1002c872","1001d2c0","__SEH_prolog4"
"1002c872","FUN_1002c872","10020db2","FUN_10020db2"
"1002c872","FUN_1002c872","1002c97b","FUN_1002c97b"
"1002c872","FUN_1002c872","1002c983","FUN_1002c983"
"1002c872","FUN_1002c872","10036868","___acrt_lowio_lock_fh"
"1002c97b","FUN_1002c97b","1003691d","___acrt_lowio_unlock_fh"
"1002c983","FUN_1002c983","10020db2","FUN_10020db2"
"1002c983","FUN_1002c983","10022584","FUN_10022584"
"1002c983","FUN_1002c983","1002c099","FUN_1002c099"
"1002c983","FUN_1002c983","1002c460","write_double_translated_unicode_nolock"
"1002c983","FUN_1002c983","1002c4c8","FUN_1002c4c8"
"1002c983","FUN_1002c983","1002c545","write_text_ansi_nolock"
"1002c983","FUN_1002c983","1002c620","write_text_utf16le_nolock"
"1002c983","FUN_1002c983","1002c709","write_text_utf8_nolock"
"1002c983","FUN_1002c983","1002e542","FUN_1002e542"
"1002c983","FUN_1002c983","EXTERNAL:00000010","WriteFile"
"1002c983","FUN_1002c983","EXTERNAL:00000032","GetLastError"
"1002cb9f","FUN_1002cb9f","10020e2f","FUN_10020e2f"
"1002cb9f","FUN_1002cb9f","100225bb","FUN_100225bb"
"1002cb9f","FUN_1002cb9f","1002bbe9","__fileno"
"1002cb9f","FUN_1002cb9f","1002de58","FUN_1002de58"
"1002cb9f","FUN_1002cb9f","1002e687","___acrt_stdio_allocate_buffer_nolock"
"1002cd2e","FUN_1002cd2e","10020e2f","FUN_10020e2f"
"1002cd2e","FUN_1002cd2e","100225bb","FUN_100225bb"
"1002cd2e","FUN_1002cd2e","1002bbe9","__fileno"
"1002cd2e","FUN_1002cd2e","1002de58","FUN_1002de58"
"1002cd2e","FUN_1002cd2e","1002e687","___acrt_stdio_allocate_buffer_nolock"
"1002cefd","FUN_1002cefd","1002cb9f","FUN_1002cb9f"
"1002cf08","FUN_1002cf08","1002cd2e","FUN_1002cd2e"
"1002cf13","FUN_1002cf13","1001d2c0","__SEH_prolog4"
"1002cf13","FUN_1002cf13","10020db2","FUN_10020db2"
"1002cf13","FUN_1002cf13","10020fdd","__lock_file"
"1002cf13","FUN_1002cf13","1002cf98","FUN_1002cf98"
"1002cf13","FUN_1002cf13","1002cfa2","FUN_1002cfa2"
"1002cf98","FUN_1002cf98","10020ff2","__unlock_file"
"1002cfa2","FUN_1002cfa2","1001c260","__alldiv"
"1002cfa2","FUN_1002cfa2","10020db2","FUN_10020db2"
"1002cfa2","FUN_1002cfa2","1002bbe9","__fileno"
"1002cfa2","FUN_1002cfa2","1002d143","FUN_1002d143"
"1002cfa2","FUN_1002cfa2","1002d30e","FUN_1002d30e"
"1002cfa2","FUN_1002cfa2","1002d4b9","FUN_1002d4b9"
"1002cfa2","FUN_1002cfa2","1002e4e4","FUN_1002e4e4"
"1002d143","FUN_1002d143","1001c260","__alldiv"
"1002d143","FUN_1002d143","1002bbe9","__fileno"
"1002d143","FUN_1002d143","1002d4b9","FUN_1002d4b9"
"1002d143","FUN_1002d143","1002e4e4","FUN_1002e4e4"
"1002d30e","FUN_1002d30e","1001c15a","__security_check_cookie"
"1002d30e","FUN_1002d30e","1001c260","__alldiv"
"1002d30e","FUN_1002d30e","1001c900","__alloca_probe"
"1002d30e","FUN_1002d30e","1002bbe9","__fileno"
"1002d30e","FUN_1002d30e","1002e4e4","FUN_1002e4e4"
"1002d30e","FUN_1002d30e","EXTERNAL:00000075","ReadFile"
"1002d50a","FUN_1002d50a","10020b23","FUN_10020b23"
"1002d50a","FUN_1002d50a","10020b6b","FUN_10020b6b"
"1002d50a","FUN_1002d50a","1002cf13","FUN_1002cf13"
"1002d540","FUN_1002d540","1002cfa2","FUN_1002cfa2"
"1002d54b","FUN_1002d54b","1002bbe9","__fileno"
"1002d54b","FUN_1002d54b","1002d73b","FUN_1002d73b"
"1002d54b","FUN_1002d54b","1002d8e1","stream_is_at_end_of_file_nolock"
"1002d54b","FUN_1002d54b","1002e560","FUN_1002e560"
"1002d54b","FUN_1002d54b","1002e687","___acrt_stdio_allocate_buffer_nolock"
"1002d641","FUN_1002d641","1002bbe9","__fileno"
"1002d641","FUN_1002d641","1002d80d","FUN_1002d80d"
"1002d641","FUN_1002d641","1002d8e1","stream_is_at_end_of_file_nolock"
"1002d641","FUN_1002d641","1002e560","FUN_1002e560"
"1002d641","FUN_1002d641","1002e687","___acrt_stdio_allocate_buffer_nolock"
"1002d73b","FUN_1002d73b","1002bbe9","__fileno"
"1002d73b","FUN_1002d73b","1002c872","FUN_1002c872"
"1002d73b","FUN_1002d73b","1002e4a4","FUN_1002e4a4"
"1002d80d","FUN_1002d80d","1002bbe9","__fileno"
"1002d80d","FUN_1002d80d","1002c872","FUN_1002c872"
"1002d80d","FUN_1002d80d","1002e4a4","FUN_1002e4a4"
"1002d8e1","stream_is_at_end_of_file_nolock","10036ae4","FUN_10036ae4"
"1002d8e1","stream_is_at_end_of_file_nolock","EXTERNAL:00000076","GetFileSizeEx"
"1002d8e1","stream_is_at_end_of_file_nolock","EXTERNAL:00000077","SetFilePointerEx"
"1002d966","FUN_1002d966","1002d54b","FUN_1002d54b"
"1002d971","FUN_1002d971","1002d641","FUN_1002d641"
"1002d97c","FUN_1002d97c","1002e502","FUN_1002e502"
"1002d97c","FUN_1002d97c","EXTERNAL:00000075","ReadFile"
"1002dac9","FUN_1002dac9","1002e502","FUN_1002e502"
"1002dac9","FUN_1002dac9","EXTERNAL:00000075","ReadFile"
"1002dc83","FUN_1002dc83","10022561","___acrt_errno_map_os_error"
"1002dc83","FUN_1002dc83","100225bb","FUN_100225bb"
"1002dc83","FUN_1002dc83","1002d97c","FUN_1002d97c"
"1002dc83","FUN_1002dc83","1002e502","FUN_1002e502"
"1002dc83","FUN_1002dc83","10031ebf","FUN_10031ebf"
"1002dc83","FUN_1002dc83","EXTERNAL:00000032","GetLastError"
"1002de58","FUN_1002de58","1001d2c0","__SEH_prolog4"
"1002de58","FUN_1002de58","10020e2f","FUN_10020e2f"
"1002de58","FUN_1002de58","100225a8","FUN_100225a8"
"1002de58","FUN_1002de58","100225bb","FUN_100225bb"
"1002de58","FUN_1002de58","1002df69","FUN_1002df69"
"1002de58","FUN_1002de58","1002df71","FUN_1002df71"
"1002de58","FUN_1002de58","10036868","___acrt_lowio_lock_fh"
"1002df69","FUN_1002df69","1003691d","___acrt_lowio_unlock_fh"
"1002df71","FUN_1002df71","10020e2f","FUN_10020e2f"
"1002df71","FUN_1002df71","10022561","___acrt_errno_map_os_error"
"1002df71","FUN_1002df71","100225a8","FUN_100225a8"
"1002df71","FUN_1002df71","100225bb","FUN_100225bb"
"1002df71","FUN_1002df71","1002b099","FUN_1002b099"
"1002df71","FUN_1002df71","1002dac9","FUN_1002dac9"
"1002df71","FUN_1002df71","1002dc83","FUN_1002dc83"
"1002df71","FUN_1002df71","1002ddda","FUN_1002ddda"
"1002df71","FUN_1002df71","1002e502","FUN_1002e502"
"1002df71","FUN_1002df71","1002e8d3","__malloc_base"
"1002df71","FUN_1002df71","10036b4e","FUN_10036b4e"
"1002df71","FUN_1002df71","EXTERNAL:00000032","GetLastError"
"1002df71","FUN_1002df71","EXTERNAL:00000074","GetConsoleMode"
"1002df71","FUN_1002df71","EXTERNAL:00000075","ReadFile"
"1002df71","FUN_1002df71","EXTERNAL:00000078","ReadConsoleW"
"1002e2fc","FUN_1002e2fc","1001d2c0","__SEH_prolog4"
"1002e2fc","FUN_1002e2fc","10020db2","FUN_10020db2"
"1002e2fc","FUN_1002e2fc","1002e419","FUN_1002e419"
"1002e2fc","FUN_1002e2fc","1002e421","FUN_1002e421"
"1002e2fc","FUN_1002e2fc","10036868","___acrt_lowio_lock_fh"
"1002e419","FUN_1002e419","1003691d","___acrt_lowio_unlock_fh"
"1002e421","FUN_1002e421","10022584","FUN_10022584"
"1002e421","FUN_1002e421","10036ae4","FUN_10036ae4"
"1002e421","FUN_1002e421","EXTERNAL:00000032","GetLastError"
"1002e421","FUN_1002e421","EXTERNAL:00000077","SetFilePointerEx"
"1002e4a4","FUN_1002e4a4","10020b23","FUN_10020b23"
"1002e4a4","FUN_1002e4a4","10020b6b","FUN_10020b6b"
"1002e4a4","FUN_1002e4a4","1002e2fc","FUN_1002e2fc"
"1002e4e4","FUN_1002e4e4","1002e2fc","FUN_1002e2fc"
"1002e502","FUN_1002e502","10020b23","FUN_10020b23"
"1002e502","FUN_1002e502","10020b6b","FUN_10020b6b"
"1002e502","FUN_1002e502","1002e421","FUN_1002e421"
"1002e542","FUN_1002e542","1002e421","FUN_1002e421"
"1002e560","FUN_1002e560","10020f3b","FUN_10020f3b"
"1002e560","FUN_1002e560","1002bbe9","__fileno"
"1002e560","FUN_1002e560","10036b4e","FUN_10036b4e"
"1002e59e","FUN_1002e59e","10020f3b","FUN_10020f3b"
"1002e59e","FUN_1002e59e","1002b099","FUN_1002b099"
"1002e59e","FUN_1002e59e","1002e560","FUN_1002e560"
"1002e59e","FUN_1002e59e","1002e8d3","__malloc_base"
"1002e649","FUN_1002e649","10021394","FUN_10021394"
"1002e687","___acrt_stdio_allocate_buffer_nolock","1002b03c","__calloc_base"
"1002e687","___acrt_stdio_allocate_buffer_nolock","1002b099","FUN_1002b099"
"1002e6e3","_iswctype","10036d4d","___acrt_GetStringTypeW"
"1002e74c","__isctype_l","1001c15a","__security_check_cookie"
"1002e74c","__isctype_l","1002510c","FUN_1002510c"
"1002e74c","__isctype_l","10031a8a","FUN_10031a8a"
"1002e817","___acrt_update_locale_info","10034500","FUN_10034500"
"1002e844","FUN_1002e844","10034500","FUN_10034500"
"1002e875","FUN_1002e875","10033930","FUN_10033930"
"1002e8a2","FUN_1002e8a2","10033930","FUN_10033930"
"1002e8d3","__malloc_base","100225bb","FUN_100225bb"
"1002e8d3","__malloc_base","100289cc","FUN_100289cc"
"1002e8d3","__malloc_base","100365f4","FUN_100365f4"
"1002e8d3","__malloc_base","EXTERNAL:00000068","HeapAlloc"
"1002e983","fe_to_nearest","1003bfe0","__allshl"
"1002e983","fe_to_nearest","1003c000","__aullshr"
"1002ea26","FUN_1002ea26","1001c260","__alldiv"
"1002ea26","FUN_1002ea26","1001cca0","__allrem"
"1002ea26","FUN_1002ea26","1001d9b0","_memset"
"1002ea26","FUN_1002ea26","10020db2","FUN_10020db2"
"1002ea26","FUN_1002ea26","10022ef0","FUN_10022ef0"
"1002ea26","FUN_1002ea26","1002ed53","FUN_1002ed53"
"1002ea26","FUN_1002ea26","1002f266","FUN_1002f266"
"1002ea26","FUN_1002ea26","1003c000","__aullshr"
"1002ea26","FUN_1002ea26","1003c0b0","FUN_1003c0b0"
"1002ed53","FUN_1002ed53","1002edf7","FUN_1002edf7"
"1002ed53","FUN_1002ed53","10036e17","FUN_10036e17"
"1002ed53","FUN_1002ed53","10036f11","FUN_10036f11"
"1002edf7","FUN_1002edf7","1001d430","FUN_1001d430"
"1002edf7","FUN_1002edf7","10020db2","FUN_10020db2"
"1002edf7","FUN_1002edf7","10020e3f","__invoke_watson"
"1002edf7","FUN_1002edf7","10022ef0","FUN_10022ef0"
"1002edf7","FUN_1002edf7","1002920f","FUN_1002920f"
"1002edf7","FUN_1002edf7","1002f232","shift_bytes"
"1002ef4a","FUN_1002ef4a","1002efe0","FUN_1002efe0"
"1002ef4a","FUN_1002ef4a","10036e17","FUN_10036e17"
"1002ef4a","FUN_1002ef4a","10036f11","FUN_10036f11"
"1002efe0","FUN_1002efe0","1001d9b0","_memset"
"1002efe0","FUN_1002efe0","10022ef0","FUN_10022ef0"
"1002efe0","FUN_1002efe0","1002f232","shift_bytes"
"1002f0ce","FUN_1002f0ce","1002edf7","FUN_1002edf7"
"1002f0ce","FUN_1002f0ce","1002efe0","FUN_1002efe0"
"1002f0ce","FUN_1002f0ce","10036e17","FUN_10036e17"
"1002f0ce","FUN_1002f0ce","10036f11","FUN_10036f11"
"1002f19d","FUN_1002f19d","10020e3f","__invoke_watson"
"1002f19d","FUN_1002f19d","1002920f","FUN_1002920f"
"1002f232","shift_bytes","1001d430","FUN_1001d430"
"1002f266","FUN_1002f266","1002e983","fe_to_nearest"
"1002f266","FUN_1002f266","1002f79d","fegetround"
"1002f266","FUN_1002f266","1003c000","__aullshr"
"1002f2f9","FUN_1002f2f9","10020db2","FUN_10020db2"
"1002f2f9","FUN_1002f2f9","1002e921","__acrt_fp_classify"
"1002f2f9","FUN_1002f2f9","1002ea26","FUN_1002ea26"
"1002f2f9","FUN_1002f2f9","1002ed53","FUN_1002ed53"
"1002f2f9","FUN_1002f2f9","1002ef4a","FUN_1002ef4a"
"1002f2f9","FUN_1002f2f9","1002f0ce","FUN_1002f0ce"
"1002f2f9","FUN_1002f2f9","1002f19d","FUN_1002f19d"
"1002f47a","FUN_1002f47a","1001d9b0","_memset"
"1002f47a","FUN_1002f47a","10020db2","FUN_10020db2"
"1002f47a","FUN_1002f47a","10022ef0","FUN_10022ef0"
"1002f47a","FUN_1002f47a","10031f79","FUN_10031f79"
"1002f47a","FUN_1002f47a","100384f9","FUN_100384f9"
"1002f47a","FUN_1002f47a","EXTERNAL:00000032","GetLastError"
"1002f5e4","FUN_1002f5e4","10020b23","FUN_10020b23"
"1002f5e4","FUN_1002f5e4","10020b6b","FUN_10020b6b"
"1002f5e4","FUN_1002f5e4","1002f47a","FUN_1002f47a"
"1002f61e","FUN_1002f61e","10022ef0","FUN_10022ef0"
"1002f61e","FUN_1002f61e","10031ebf","FUN_10031ebf"
"1002f61e","FUN_1002f61e","10036bd0","FUN_10036bd0"
"1002f751","FUN_1002f751","10020b23","FUN_10020b23"
"1002f751","FUN_1002f751","10020b6b","FUN_10020b6b"
"1002f751","FUN_1002f751","1002f61e","FUN_1002f61e"
"1002f79d","fegetround","1002fa73","___acrt_fenv_get_common_round_control"
"1002f79d","fegetround","1002fa95","___acrt_fenv_get_control"
"1002fa95","___acrt_fenv_get_control","1002f7aa","FUN_1002f7aa"
"1002fa95","___acrt_fenv_get_control","1002f85a","FUN_1002f85a"
"1002fbbf","FUN_1002fbbf","1002f907","FUN_1002f907"
"1002fbbf","FUN_1002fbbf","1002f9bd","FUN_1002f9bd"
"1002fd36","FUN_1002fd36","1002fe08","__set_exp"
"1002fe98","___set_fpsr_sse2","1001d2c0","__SEH_prolog4"
"1002ffbc","FUN_1002ffbc","1001d2c0","__SEH_prolog4"
"1002ffbc","FUN_1002ffbc","1002673f","___acrt_lock"
"1002ffbc","FUN_1002ffbc","10030018","FUN_10030018"
"10030018","FUN_10030018","10026787","___acrt_unlock"
"1003008e","___acrt_get_sigabrt_handler","1002ffbc","FUN_1002ffbc"
"100300d3","FUN_100300d3","10004394","guard_check_icall"
"100300d3","FUN_100300d3","1001d2c0","__SEH_prolog4"
"100300d3","FUN_100300d3","10020e2f","FUN_10020e2f"
"100300d3","FUN_100300d3","100225bb","FUN_100225bb"
"100300d3","FUN_100300d3","1002673f","___acrt_lock"
"100300d3","FUN_100300d3","10026787","___acrt_unlock"
"100300d3","FUN_100300d3","10027af0","FUN_10027af0"
"100300d3","FUN_100300d3","10027db6","__exit"
"100300d3","FUN_100300d3","1002968c","FUN_1002968c"
"100300d3","FUN_100300d3","100297dd","FUN_100297dd"
"100300d3","FUN_100300d3","10030024","get_global_action_nolock"
"100300d3","FUN_100300d3","10030066","siglookup"
"100300d3","FUN_100300d3","1003025d","FUN_1003025d"
"1003025d","FUN_1003025d","10026787","___acrt_unlock"
"100302c5","FUN_100302c5","1002b43d","FUN_1002b43d"
"100302c5","FUN_100302c5","10032c34","FUN_10032c34"
"100302ff","FUN_100302ff","1002b3fd","FUN_1002b3fd"
"100302ff","FUN_100302ff","10032c34","FUN_10032c34"
"10030326","FUN_10030326","10020e2f","FUN_10020e2f"
"10030326","FUN_10030326","100225bb","FUN_100225bb"
"10030326","FUN_10030326","10030479","common_asctime_s_write_value<char>"
"10030326","FUN_10030326","100304b2","FUN_100304b2"
"100304b2","FUN_100304b2","100278fa","FUN_100278fa"
"100304f8","FUN_100304f8","100297dd","FUN_100297dd"
"100304f8","FUN_100304f8","1002b03c","__calloc_base"
"100304f8","FUN_100304f8","1002b099","FUN_1002b099"
"100304f8","FUN_100304f8","10030326","FUN_10030326"
"1003054c","FUN_1003054c","1001c260","__alldiv"
"1003054c","FUN_1003054c","1001cca0","__allrem"
"1003054c","FUN_1003054c","10020e2f","FUN_10020e2f"
"1003054c","FUN_1003054c","10020e3f","__invoke_watson"
"1003054c","FUN_1003054c","100225bb","FUN_100225bb"
"1003054c","FUN_1003054c","100321b5","FUN_100321b5"
"1003054c","FUN_1003054c","100321e1","FUN_100321e1"
"1003054c","FUN_1003054c","1003220d","FUN_1003220d"
"1003054c","FUN_1003054c","10032b71","___tzset"
"1003054c","FUN_1003054c","10032bce","__isindst"
"1003054c","FUN_1003054c","100387ac","FUN_100387ac"
"100307dd","FUN_100307dd","1003054c","FUN_1003054c"
"100307e8","__acrt_stdio_parse_mode<char>","10020e2f","FUN_10020e2f"
"100307e8","__acrt_stdio_parse_mode<char>","100225bb","FUN_100225bb"
"100307e8","__acrt_stdio_parse_mode<char>","10029270","_strncmp"
"100307e8","__acrt_stdio_parse_mode<char>","10030d83","__acrt_stdio_parse_mode_D"
"100307e8","__acrt_stdio_parse_mode<char>","10030d9e","__acrt_stdio_parse_mode_T"
"100307e8","__acrt_stdio_parse_mode<char>","10030dbd","FID_conflict:__acrt_stdio_parse_mode_b"
"100307e8","__acrt_stdio_parse_mode<char>","10030ddd","__acrt_stdio_parse_mode_c"
"100307e8","__acrt_stdio_parse_mode<char>","10030dff","__acrt_stdio_parse_mode_n"
"100307e8","__acrt_stdio_parse_mode<char>","10030e21","__acrt_stdio_parse_mode_plus"
"100307e8","__acrt_stdio_parse_mode<char>","10030e57","FID_conflict:__acrt_stdio_parse_mode_b"
"100307e8","__acrt_stdio_parse_mode<char>","10030e77","__acrt_stdio_parse_mode_x"
"100307e8","__acrt_stdio_parse_mode<char>","10038925","__strnicmp"
"10030a12","__acrt_stdio_parse_mode<wchar_t>","10020e2f","FUN_10020e2f"
"10030a12","__acrt_stdio_parse_mode<wchar_t>","100225bb","FUN_100225bb"
"10030a12","__acrt_stdio_parse_mode<wchar_t>","100292e8","_wcsncmp"
"10030a12","__acrt_stdio_parse_mode<wchar_t>","10030d83","__acrt_stdio_parse_mode_D"
"10030a12","__acrt_stdio_parse_mode<wchar_t>","10030d9e","__acrt_stdio_parse_mode_T"
"10030a12","__acrt_stdio_parse_mode<wchar_t>","10030dbd","FID_conflict:__acrt_stdio_parse_mode_b"
"10030a12","__acrt_stdio_parse_mode<wchar_t>","10030ddd","__acrt_stdio_parse_mode_c"
"10030a12","__acrt_stdio_parse_mode<wchar_t>","10030dff","__acrt_stdio_parse_mode_n"
"10030a12","__acrt_stdio_parse_mode<wchar_t>","10030e21","__acrt_stdio_parse_mode_plus"
"10030a12","__acrt_stdio_parse_mode<wchar_t>","10030e57","FID_conflict:__acrt_stdio_parse_mode_b"
"10030a12","__acrt_stdio_parse_mode<wchar_t>","10030e77","__acrt_stdio_parse_mode_x"
"10030a12","__acrt_stdio_parse_mode<wchar_t>","10038806","__wcsnicmp"
"10030c7d","common_openfile<char>","100307e8","__acrt_stdio_parse_mode<char>"
"10030c7d","common_openfile<char>","10039190","FID_conflict:__sopen_s"
"10030d00","common_openfile<wchar_t>","10030a12","__acrt_stdio_parse_mode<wchar_t>"
"10030d00","common_openfile<wchar_t>","100394da","FID_conflict:__sopen_s"
"10030e97","FUN_10030e97","10030c7d","common_openfile<char>"
"10030ea2","FUN_10030ea2","10030d00","common_openfile<wchar_t>"
"10030ead","__realloc_base","100225bb","FUN_100225bb"
"10030ead","__realloc_base","100289cc","FUN_100289cc"
"10030ead","__realloc_base","1002b099","FUN_1002b099"
"10030ead","__realloc_base","1002e8d3","__malloc_base"
"10030ead","__realloc_base","100365f4","FUN_100365f4"
"10030ead","__realloc_base","EXTERNAL:00000079","HeapReAlloc"
"10030fcb","__math_exit","10039517","__startOneArgErrorHandling"
"100310b0","FUN_100310b0","10030fa8","FUN_10030fa8"
"100310b0","FUN_100310b0","100310c4","FUN_100310c4"
"100310c4","FUN_100310c4","10030f35","FUN_10030f35"
"100310c4","FUN_100310c4","10030f4c","FUN_10030f4c"
"100310c4","FUN_100310c4","10030fcb","__math_exit"
"100310c4","FUN_100310c4","10039517","__startOneArgErrorHandling"
"10031161","FUN_10031161","10020db2","FUN_10020db2"
"10031161","FUN_10031161","1003123d","FUN_1003123d"
"1003123d","FUN_1003123d","10020db2","FUN_10020db2"
"1003123d","FUN_1003123d","10022ef0","FUN_10022ef0"
"1003123d","FUN_1003123d","10031ebf","FUN_10031ebf"
"1003123d","FUN_1003123d","10036c13","FUN_10036c13"
"1003123d","FUN_1003123d","EXTERNAL:00000032","GetLastError"
"10031404","FUN_10031404","10020b23","FUN_10020b23"
"10031404","FUN_10031404","10020b6b","FUN_10020b6b"
"10031404","FUN_10031404","10031161","FUN_10031161"
"10031441","FUN_10031441","10020db2","FUN_10020db2"
"10031441","FUN_10031441","10031516","FUN_10031516"
"10031516","FUN_10031516","1001c15a","__security_check_cookie"
"10031516","FUN_10031516","10020db2","FUN_10020db2"
"10031516","FUN_10031516","10022ef0","FUN_10022ef0"
"10031516","FUN_10031516","10031f79","FUN_10031f79"
"10031516","FUN_10031516","100397b4","FUN_100397b4"
"10031516","FUN_10031516","EXTERNAL:00000032","GetLastError"
"100317bd","FUN_100317bd","10020b23","FUN_10020b23"
"100317bd","FUN_100317bd","10020b6b","FUN_10020b6b"
"100317bd","FUN_100317bd","10031441","FUN_10031441"
"100317fb","FUN_100317fb","1001bda5","FUN_1001bda5"
"100317fb","FUN_100317fb","1001c15a","__security_check_cookie"
"100317fb","FUN_100317fb","1001d160","__alloca_probe_16"
"100317fb","FUN_100317fb","1002510c","FUN_1002510c"
"100317fb","FUN_100317fb","1002b64c","___acrt_GetLocaleInfoEx@16"
"100317fb","FUN_100317fb","1002e8d3","__malloc_base"
"100317fb","FUN_100317fb","10031f79","FUN_10031f79"
"100318da","FUN_100318da","1001c15a","__security_check_cookie"
"100318da","FUN_100318da","10020e3f","__invoke_watson"
"100318da","FUN_100318da","10025a86","FUN_10025a86"
"100318da","FUN_100318da","1002b03c","__calloc_base"
"100318da","FUN_100318da","1002b099","FUN_1002b099"
"100318da","FUN_100318da","1002b64c","___acrt_GetLocaleInfoEx@16"
"100318da","FUN_100318da","100317fb","FUN_100317fb"
"100318da","FUN_100318da","EXTERNAL:00000032","GetLastError"
"10031a8a","FUN_10031a8a","1001bda5","FUN_1001bda5"
"10031a8a","FUN_10031a8a","1001c15a","__security_check_cookie"
"10031a8a","FUN_10031a8a","1001d160","__alloca_probe_16"
"10031a8a","FUN_10031a8a","1001d9b0","_memset"
"10031a8a","FUN_10031a8a","1002510c","FUN_1002510c"
"10031a8a","FUN_10031a8a","1002e8d3","__malloc_base"
"10031a8a","FUN_10031a8a","10031ebf","FUN_10031ebf"
"10031a8a","FUN_10031a8a","EXTERNAL:0000003d","GetStringTypeW"
"10031b8b","FUN_10031b8b","1001bda5","FUN_1001bda5"
"10031b8b","FUN_10031b8b","1001c15a","__security_check_cookie"
"10031b8b","FUN_10031b8b","1001d160","__alloca_probe_16"
"10031b8b","FUN_10031b8b","10027676","___strncnt"
"10031b8b","FUN_10031b8b","1002b789","___acrt_LCMapStringEx@36"
"10031b8b","FUN_10031b8b","1002e8d3","__malloc_base"
"10031b8b","FUN_10031b8b","10031ebf","FUN_10031ebf"
"10031b8b","FUN_10031b8b","10031f79","FUN_10031f79"
"10031d7a","___acrt_LCMapStringA","1002510c","FUN_1002510c"
"10031d7a","___acrt_LCMapStringA","10031b8b","FUN_10031b8b"
"10031dc3","FUN_10031dc3","10020e2f","FUN_10020e2f"
"10031dc3","FUN_10031dc3","100225bb","FUN_100225bb"
"10031ebf","FUN_10031ebf","10031e27","FUN_10031e27"
"10031ebf","FUN_10031ebf","EXTERNAL:0000003c","MultiByteToWideChar"
"10031f79","FUN_10031f79","10031ee9","FUN_10031ee9"
"10031f79","FUN_10031f79","EXTERNAL:0000002d","WideCharToMultiByte"
"10032022","__towlower_internal","100398c3","FUN_100398c3"
"10032061","__wcsicmp","10020e2f","FUN_10020e2f"
"10032061","__wcsicmp","100225bb","FUN_100225bb"
"10032061","__wcsicmp","10031fe5","FUN_10031fe5"
"10032061","__wcsicmp","100320aa","FUN_100320aa"
"100320aa","FUN_100320aa","10020e2f","FUN_10020e2f"
"100320aa","FUN_100320aa","100225bb","FUN_100225bb"
"100320aa","FUN_100320aa","1002510c","FUN_1002510c"
"100320aa","FUN_100320aa","10031fe5","FUN_10031fe5"
"100320aa","FUN_100320aa","10032022","__towlower_internal"
"100321b5","FUN_100321b5","10020e2f","FUN_10020e2f"
"100321b5","FUN_100321b5","100225bb","FUN_100225bb"
"100321e1","FUN_100321e1","10020e2f","FUN_10020e2f"
"100321e1","FUN_100321e1","100225bb","FUN_100225bb"
"1003220d","FUN_1003220d","10020e2f","FUN_10020e2f"
"1003220d","FUN_1003220d","100225bb","FUN_100225bb"
"10032273","__acrt_get_utf8_acp_compatibility_codepage","1002510c","FUN_1002510c"
"10032273","__acrt_get_utf8_acp_compatibility_codepage","1002b47d","___acrt_AreFileApisANSI@0"
"100322b2","FUN_100322b2","10020e3f","__invoke_watson"
"100322b2","FUN_100322b2","100321b5","FUN_100321b5"
"100322b2","FUN_100322b2","100324cc","FUN_100324cc"
"100324cc","FUN_100324cc","10020e3f","__invoke_watson"
"100324cc","FUN_100324cc","100278fa","FUN_100278fa"
"100324cc","FUN_100324cc","100321e1","FUN_100321e1"
"100324cc","FUN_100324cc","10032239","__crt_time_elapsed_leap_years<>"
"1003260f","FUN_1003260f","1002b099","FUN_1002b099"
"1003260f","FUN_1003260f","1002e8d3","__malloc_base"
"1003260f","FUN_1003260f","10039b28","FUN_10039b28"
"10032686","FUN_10032686","10020e3f","__invoke_watson"
"10032686","FUN_10032686","10031f79","FUN_10031f79"
"10032686","FUN_10032686","10032273","__acrt_get_utf8_acp_compatibility_codepage"
"10032686","FUN_10032686","100352e6","FUN_100352e6"
"100326cd","FUN_100326cd","1001d9b0","_memset"
"100326cd","FUN_100326cd","10020e3f","__invoke_watson"
"100326cd","FUN_100326cd","10023025","FUN_10023025"
"100326cd","FUN_100326cd","1002b099","FUN_1002b099"
"100326cd","FUN_100326cd","1002e8d3","__malloc_base"
"100326cd","FUN_100326cd","10031dc3","FUN_10031dc3"
"100326cd","FUN_100326cd","10032197","FUN_10032197"
"100326cd","FUN_100326cd","100321a3","FUN_100321a3"
"100326cd","FUN_100326cd","100321a9","FUN_100321a9"
"100326cd","FUN_100326cd","100321af","FUN_100321af"
"100326cd","FUN_100326cd","100321b5","FUN_100321b5"
"100326cd","FUN_100326cd","1003220d","FUN_1003220d"
"100326cd","FUN_100326cd","10032686","FUN_10032686"
"1003295f","FUN_1003295f","1001d9b0","_memset"
"1003295f","FUN_1003295f","10020e3f","__invoke_watson"
"1003295f","FUN_1003295f","10026a66","____lc_codepage_func"
"1003295f","FUN_1003295f","1002b099","FUN_1002b099"
"1003295f","FUN_1003295f","10032197","FUN_10032197"
"1003295f","FUN_1003295f","1003219d","FUN_1003219d"
"1003295f","FUN_1003295f","100321a3","FUN_100321a3"
"1003295f","FUN_1003295f","100321a9","FUN_100321a9"
"1003295f","FUN_1003295f","100321af","FUN_100321af"
"1003295f","FUN_1003295f","100321b5","FUN_100321b5"
"1003295f","FUN_1003295f","100321e1","FUN_100321e1"
"1003295f","FUN_1003295f","1003220d","FUN_1003220d"
"1003295f","FUN_1003295f","10032b2f","FUN_10032b2f"
"1003295f","FUN_1003295f","EXTERNAL:0000007a","GetTimeZoneInformation"
"10032ab9","FUN_10032ab9","1001c15a","__security_check_cookie"
"10032ab9","FUN_10032ab9","1002b099","FUN_1002b099"
"10032ab9","FUN_10032ab9","1003260f","FUN_1003260f"
"10032ab9","FUN_10032ab9","100326cd","FUN_100326cd"
"10032ab9","FUN_10032ab9","1003295f","FUN_1003295f"
"10032b2f","FUN_10032b2f","10020e3f","__invoke_watson"
"10032b2f","FUN_10032b2f","10031f79","FUN_10031f79"
"10032b2f","FUN_10032b2f","100352e6","FUN_100352e6"
"10032b71","___tzset","1001d2c0","__SEH_prolog4"
"10032b71","___tzset","1002673f","___acrt_lock"
"10032b71","___tzset","10032ab9","FUN_10032ab9"
"10032b71","___tzset","10032bc5","FUN_10032bc5"
"10032bc5","FUN_10032bc5","10026787","___acrt_unlock"
"10032bce","__isindst","1001d2c0","__SEH_prolog4"
"10032bce","__isindst","1002673f","___acrt_lock"
"10032bce","__isindst","100322b2","FUN_100322b2"
"10032bce","__isindst","10032c19","FUN_10032c19"
"10032c19","FUN_10032c19","10026787","___acrt_unlock"
"10032c5f","FUN_10032c5f","10022561","___acrt_errno_map_os_error"
"10032c5f","FUN_10032c5f","100225bb","FUN_100225bb"
"10032c5f","FUN_10032c5f","10027823","FUN_10027823"
"10032c5f","FUN_10032c5f","10027847","_deallocate"
"10032c5f","FUN_10032c5f","10031f79","FUN_10031f79"
"10032c5f","FUN_10032c5f","100331fd","allocate"
"10032c5f","FUN_10032c5f","EXTERNAL:00000032","GetLastError"
"10032d25","FUN_10032d25","10020e2f","FUN_10020e2f"
"10032d25","FUN_10032d25","10020e3f","__invoke_watson"
"10032d25","FUN_10032d25","100225bb","FUN_100225bb"
"10032d25","FUN_10032d25","10025a86","FUN_10025a86"
"10032d25","FUN_10032d25","10028084","___acrt_allocate_buffer_for_argv"
"10032d25","FUN_10032d25","1002b099","FUN_1002b099"
"10032d25","FUN_10032d25","10032ea2","FUN_10032ea2"
"10032d25","FUN_10032d25","10032f53","FUN_10032f53"
"10032d25","FUN_10032d25","100331d8","~argument_list<>"
"10032d25","FUN_10032d25","1003a030","_strpbrk"
"10032ea2","FUN_10032ea2","10020e3f","__invoke_watson"
"10032ea2","FUN_10032ea2","10025a86","FUN_10025a86"
"10032ea2","FUN_10032ea2","1002b03c","__calloc_base"
"10032ea2","FUN_10032ea2","1002b099","FUN_1002b099"
"10032ea2","FUN_10032ea2","10033239","expand_if_necessary"
"10032f53","FUN_10032f53","1001c15a","__security_check_cookie"
"10032f53","FUN_10032f53","10027806","__acrt_mbs_to_wcs_cp<__crt_win32_buffer_internal_dynamic_resizing>"
"10032f53","FUN_10032f53","1002b099","FUN_1002b099"
"10032f53","FUN_10032f53","10032273","__acrt_get_utf8_acp_compatibility_codepage"
"10032f53","FUN_10032f53","10032c5f","FUN_10032c5f"
"10032f53","FUN_10032f53","10032ea2","FUN_10032ea2"
"10032f53","FUN_10032f53","10039b40","_qsort"
"10032f53","FUN_10032f53","1003a070","__mbsdec"
"10032f53","FUN_10032f53","EXTERNAL:00000043","FindClose"
"10032f53","FUN_10032f53","EXTERNAL:00000045","FindFirstFileExW"
"10032f53","FUN_10032f53","EXTERNAL:00000046","FindNextFileW"
"100331d8","~argument_list<>","1002b099","FUN_1002b099"
"100331fd","allocate","10027847","_deallocate"
"100331fd","allocate","100278c7","allocate"
"10033239","expand_if_necessary","1002b03c","__calloc_base"
"10033239","expand_if_necessary","1002b099","FUN_1002b099"
"10033239","expand_if_necessary","100340b4","__recalloc_base"
"100332c0","FUN_100332c0","10032d25","FUN_10032d25"
"100332cb","___acrt_GetModuleFileNameA","1001c15a","__security_check_cookie"
"100332cb","___acrt_GetModuleFileNameA","10022561","___acrt_errno_map_os_error"
"100332cb","___acrt_GetModuleFileNameA","10027744","FUN_10027744"
"100332cb","___acrt_GetModuleFileNameA","10032273","__acrt_get_utf8_acp_compatibility_codepage"
"100332cb","___acrt_GetModuleFileNameA","EXTERNAL:00000032","GetLastError"
"100332cb","___acrt_GetModuleFileNameA","EXTERNAL:00000067","GetModuleFileNameW"
"1003336c","operator()<<lambda_ceb1ee4838e85a9d631eb091e2fbe199>,<lambda_ae742caa10f662c28703da3d2ea5e57e>&,<lambda_cd08b5d6af4937fe54fc07d0c9bf6b37>_>","1001d2c0","__SEH_prolog4"
"1003336c","operator()<<lambda_ceb1ee4838e85a9d631eb091e2fbe199>,<lambda_ae742caa10f662c28703da3d2ea5e57e>&,<lambda_cd08b5d6af4937fe54fc07d0c9bf6b37>_>","1002673f","___acrt_lock"
"1003336c","operator()<<lambda_ceb1ee4838e85a9d631eb091e2fbe199>,<lambda_ae742caa10f662c28703da3d2ea5e57e>&,<lambda_cd08b5d6af4937fe54fc07d0c9bf6b37>_>","100333ad","FUN_100333ad"
"1003336c","operator()<<lambda_ceb1ee4838e85a9d631eb091e2fbe199>,<lambda_ae742caa10f662c28703da3d2ea5e57e>&,<lambda_cd08b5d6af4937fe54fc07d0c9bf6b37>_>","100333b9","operator()"
"100333ad","FUN_100333ad","10026787","___acrt_unlock"
"100333b9","operator()","10021aa1","_memcpy_s"
"100333b9","operator()","1002b099","FUN_1002b099"
"1003347a","getSystemCP","1002510c","FUN_1002510c"
"1003347a","getSystemCP","EXTERNAL:00000025","GetOEMCP"
"1003347a","getSystemCP","EXTERNAL:00000026","GetACP"
"100334eb","FUN_100334eb","1001d9b0","_memset"
"1003354e","FUN_1003354e","1001c15a","__security_check_cookie"
"1003354e","FUN_1003354e","10031a8a","FUN_10031a8a"
"1003354e","FUN_1003354e","10031d7a","___acrt_LCMapStringA"
"1003354e","FUN_1003354e","EXTERNAL:00000052","GetCPInfo"
"100336f3","FUN_100336f3","100225bb","FUN_100225bb"
"100336f3","FUN_100336f3","10029d32","FUN_10029d32"
"100336f3","FUN_100336f3","1002b099","FUN_1002b099"
"100336f3","FUN_100336f3","1002e8d3","__malloc_base"
"100336f3","FUN_100336f3","1003336c","operator()<<lambda_ceb1ee4838e85a9d631eb091e2fbe199>,<lambda_ae742caa10f662c28703da3d2ea5e57e>&,<lambda_cd08b5d6af4937fe54fc07d0c9bf6b37>_>"
"100336f3","FUN_100336f3","1003347a","getSystemCP"
"100336f3","FUN_100336f3","10033848","FUN_10033848"
"100336f3","FUN_100336f3","10033943","FUN_10033943"
"10033848","FUN_10033848","1001d2c0","__SEH_prolog4"
"10033848","FUN_10033848","1002598b","_abort"
"10033848","FUN_10033848","1002673f","___acrt_lock"
"10033848","FUN_10033848","1002b099","FUN_1002b099"
"10033848","FUN_10033848","100338c7","FUN_100338c7"
"10033848","FUN_10033848","100338d0","FUN_100338d0"
"100338c7","FUN_100338c7","10026787","___acrt_unlock"
"100338e8","___acrt_initialize_multibyte","10029747","FUN_10029747"
"100338e8","___acrt_initialize_multibyte","100336f3","FUN_100336f3"
"10033930","FUN_10033930","1002968c","FUN_1002968c"
"10033930","FUN_10033930","10033848","FUN_10033848"
"10033943","FUN_10033943","1001c15a","__security_check_cookie"
"10033943","FUN_10033943","1001d9b0","_memset"
"10033943","FUN_10033943","1003343c","CPtoLocaleName"
"10033943","FUN_10033943","1003347a","getSystemCP"
"10033943","FUN_10033943","100334eb","FUN_100334eb"
"10033943","FUN_10033943","1003354e","FUN_1003354e"
"10033943","FUN_10033943","EXTERNAL:00000052","GetCPInfo"
"10033943","FUN_10033943","EXTERNAL:0000007b","IsValidCodePage"
"10033b48","FUN_10033b48","1002510c","FUN_1002510c"
"10033b98","FUN_10033b98","10033b48","FUN_10033b48"
"10033c00","FUN_10033c00","1002b099","FUN_1002b099"
"10033c00","FUN_10033c00","1002e8d3","__malloc_base"
"10033c00","FUN_10033c00","10031f79","FUN_10031f79"
"10033c00","FUN_10033c00","10033bc9","find_end_of_double_null_terminated_sequence"
"10033c00","FUN_10033c00","EXTERNAL:00000021","FreeEnvironmentStringsW"
"10033c00","FUN_10033c00","EXTERNAL:00000022","GetEnvironmentStringsW"
"10033ca0","FUN_10033ca0","1001d430","FUN_1001d430"
"10033ca0","FUN_10033ca0","1002b099","FUN_1002b099"
"10033ca0","FUN_10033ca0","1002e8d3","__malloc_base"
"10033ca0","FUN_10033ca0","10033bc9","find_end_of_double_null_terminated_sequence"
"10033ca0","FUN_10033ca0","EXTERNAL:00000021","FreeEnvironmentStringsW"
"10033ca0","FUN_10033ca0","EXTERNAL:00000022","GetEnvironmentStringsW"
"10033cee","FUN_10033cee","10020e3f","__invoke_watson"
"10033cee","FUN_10033cee","100225bb","FUN_100225bb"
"10033cee","FUN_10033cee","1002849f","thunk_FUN_100280de"
"10033cee","FUN_10033cee","1002b03c","__calloc_base"
"10033cee","FUN_10033cee","1002b099","FUN_1002b099"
"10033cee","FUN_10033cee","10031dc3","FUN_10031dc3"
"10033cee","FUN_10033cee","10034037","FUN_10034037"
"10033cee","FUN_10033cee","10034051","find_in_environment_nolock<wchar_t>"
"10033cee","FUN_10033cee","100340b4","__recalloc_base"
"10033cee","FUN_10033cee","1003c1f0","FUN_1003c1f0"
"10033cee","FUN_10033cee","EXTERNAL:00000020","SetEnvironmentVariableW"
"10033f79","FUN_10033f79","10020e3f","__invoke_watson"
"10033f79","FUN_10033f79","1002598b","_abort"
"10033f79","FUN_10033f79","1002b03c","__calloc_base"
"10033f79","FUN_10033f79","1002b099","FUN_1002b099"
"10033f79","FUN_10033f79","10031dc3","FUN_10031dc3"
"10034037","FUN_10034037","10033f79","FUN_10033f79"
"10034051","find_in_environment_nolock<wchar_t>","1003a123","__wcsnicoll"
"100340a9","FUN_100340a9","10033cee","FUN_10033cee"
"100340b4","__recalloc_base","1001d9b0","_memset"
"100340b4","__recalloc_base","100225bb","FUN_100225bb"
"100340b4","__recalloc_base","10030ead","__realloc_base"
"100340b4","__recalloc_base","1003a250","FID_conflict:__msize_base"
"1003413c","___acrt_execute_initializers","10004394","guard_check_icall"
"100341a4","___acrt_execute_uninitializers","10004394","guard_check_icall"
"10034201","FUN_10034201","10004394","guard_check_icall"
"10034237","___acrt_add_locale_ref","100343fc","___acrt_locale_add_lc_time_reference"
"100342b4","___acrt_free_locale","1002b099","FUN_1002b099"
"100342b4","___acrt_free_locale","10034425","___acrt_locale_free_lc_time_if_unreferenced"
"100342b4","___acrt_free_locale","100345d1","___acrt_locale_free_monetary"
"100342b4","___acrt_free_locale","10034a30","___acrt_locale_free_numeric"
"10034425","___acrt_locale_free_lc_time_if_unreferenced","1002b099","FUN_1002b099"
"10034425","___acrt_locale_free_lc_time_if_unreferenced","10034f57","___acrt_locale_free_time"
"1003447f","___acrt_release_locale_ref","10034456","___acrt_locale_release_lc_time_reference"
"10034500","FUN_10034500","1001d2c0","__SEH_prolog4"
"10034500","FUN_10034500","1002598b","_abort"
"10034500","FUN_10034500","1002673f","___acrt_lock"
"10034500","FUN_10034500","1002968c","FUN_1002968c"
"10034500","FUN_10034500","10034560","FUN_10034560"
"10034500","FUN_10034500","10034569","FUN_10034569"
"10034500","FUN_10034500","10034581","__updatetlocinfoEx_nolock"
"10034560","FUN_10034560","10026787","___acrt_unlock"
"10034581","__updatetlocinfoEx_nolock","10034237","___acrt_add_locale_ref"
"10034581","__updatetlocinfoEx_nolock","100342b4","___acrt_free_locale"
"10034581","__updatetlocinfoEx_nolock","1003447f","___acrt_release_locale_ref"
"100345d1","___acrt_locale_free_monetary","1002b099","FUN_1002b099"
"100346cf","FUN_100346cf","1002b03c","__calloc_base"
"100346cf","FUN_100346cf","1002b099","FUN_1002b099"
"100346cf","FUN_100346cf","100318da","FUN_100318da"
"100346cf","FUN_100346cf","100345d1","___acrt_locale_free_monetary"
"10034a30","___acrt_locale_free_numeric","1002b099","FUN_1002b099"
"10034a99","FUN_10034a99","1002b03c","__calloc_base"
"10034a99","FUN_10034a99","1002b099","FUN_1002b099"
"10034a99","FUN_10034a99","1002e8d3","__malloc_base"
"10034a99","FUN_10034a99","100318da","FUN_100318da"
"10034a99","FUN_10034a99","10034a30","___acrt_locale_free_numeric"
"10034cb6","FUN_10034cb6","1002b099","FUN_1002b099"
"10034cdb","initialize_lc_time","10029cd2","FUN_10029cd2"
"10034cdb","initialize_lc_time","100318da","FUN_100318da"
"10034f57","___acrt_locale_free_time","1002b099","FUN_1002b099"
"10034f57","___acrt_locale_free_time","10034cb6","FUN_10034cb6"
"1003503b","___acrt_locale_initialize_time","1002b03c","__calloc_base"
"1003503b","___acrt_locale_initialize_time","1002b099","FUN_1002b099"
"1003503b","___acrt_locale_initialize_time","10034456","___acrt_locale_release_lc_time_reference"
"1003503b","___acrt_locale_initialize_time","10034cdb","initialize_lc_time"
"1003503b","___acrt_locale_initialize_time","10034f57","___acrt_locale_free_time"
"100350b6","FUN_100350b6","10020e2f","FUN_10020e2f"
"100350b6","FUN_100350b6","100225bb","FUN_100225bb"
"10035125","FUN_10035125","10020e2f","FUN_10020e2f"
"10035125","FUN_10035125","100225bb","FUN_100225bb"
"1003520d","FUN_1003520d","10035125","FUN_10035125"
"10035218","FUN_10035218","10020e2f","FUN_10020e2f"
"10035218","FUN_10035218","100225bb","FUN_100225bb"
"100352e6","FUN_100352e6","10035218","FUN_10035218"
"10035398","FUN_10035398","1001c15a","__security_check_cookie"
"10035398","FUN_10035398","10020e3f","__invoke_watson"
"10035398","FUN_10035398","1002b68b","___acrt_GetUserDefaultLocaleName@8"
"10035398","FUN_10035398","100352e6","FUN_100352e6"
"1003541f","_GetLocaleNameFromLangCountry","1002b4f9","___acrt_EnumSystemLocalesEx@16"
"1003541f","_GetLocaleNameFromLangCountry","10035511","_GetPrimaryLen"
"100354b8","_GetLocaleNameFromLanguage","1002b4f9","___acrt_EnumSystemLocalesEx@16"
"100354b8","_GetLocaleNameFromLanguage","10035511","_GetPrimaryLen"
"10035545","FUN_10035545","1001c15a","__security_check_cookie"
"10035545","FUN_10035545","10020e3f","__invoke_watson"
"10035545","FUN_10035545","1002968c","FUN_1002968c"
"10035545","FUN_10035545","1002b64c","___acrt_GetLocaleInfoEx@16"
"10035545","FUN_10035545","10032061","__wcsicmp"
"10035545","FUN_10035545","100352e6","FUN_100352e6"
"10035545","FUN_10035545","10035511","_GetPrimaryLen"
"10035545","FUN_10035545","100359d5","FUN_100359d5"
"10035545","FUN_10035545","10038806","__wcsnicmp"
"10035826","FUN_10035826","1001c15a","__security_check_cookie"
"10035826","FUN_10035826","10020e3f","__invoke_watson"
"10035826","FUN_10035826","1002968c","FUN_1002968c"
"10035826","FUN_10035826","1002b64c","___acrt_GetLocaleInfoEx@16"
"10035826","FUN_10035826","10032061","__wcsicmp"
"10035826","FUN_10035826","100352e6","FUN_100352e6"
"100358e5","FUN_100358e5","10025735","FUN_10025735"
"100358e5","FUN_100358e5","1002b64c","___acrt_GetLocaleInfoEx@16"
"100358e5","FUN_100358e5","10032061","__wcsicmp"
"100359d5","FUN_100359d5","1001c15a","__security_check_cookie"
"100359d5","FUN_100359d5","100292e8","_wcsncmp"
"100359d5","FUN_100359d5","1002b64c","___acrt_GetLocaleInfoEx@16"
"10035a22","_TranslateName","10032061","__wcsicmp"
"10035a8f","FUN_10035a8f","10020e3f","__invoke_watson"
"10035a8f","FUN_10035a8f","1002968c","FUN_1002968c"
"10035a8f","FUN_10035a8f","1002b64c","___acrt_GetLocaleInfoEx@16"
"10035a8f","FUN_10035a8f","100352e6","FUN_100352e6"
"10035a8f","FUN_10035a8f","10035398","FUN_10035398"
"10035a8f","FUN_10035a8f","1003541f","_GetLocaleNameFromLangCountry"
"10035a8f","FUN_10035a8f","100354b8","_GetLocaleNameFromLanguage"
"10035a8f","FUN_10035a8f","100358e5","FUN_100358e5"
"10035a8f","FUN_10035a8f","10035a22","_TranslateName"
"10035a8f","FUN_10035a8f","1003a3b1","FID_conflict:__itow_s"
"10035a8f","FUN_10035a8f","1003c1f0","FUN_1003c1f0"
"10035a8f","FUN_10035a8f","EXTERNAL:00000026","GetACP"
"10035a8f","FUN_10035a8f","EXTERNAL:0000007b","IsValidCodePage"
"10035c94","_CountryEnumProc@4","1001c15a","__security_check_cookie"
"10035c94","_CountryEnumProc@4","1002968c","FUN_1002968c"
"10035c94","_CountryEnumProc@4","10032061","__wcsicmp"
"10035c94","_CountryEnumProc@4","100361d4","FUN_100361d4"
"10035c94","_CountryEnumProc@4","10036309","_TestDefaultCountry"
"10035c94","_CountryEnumProc@4","EXTERNAL:0000006c","GetLocaleInfoW"
"10035d3b","_GetLcidFromCountry","1002968c","FUN_1002968c"
"10035d3b","_GetLcidFromCountry","EXTERNAL:0000006f","EnumSystemLocalesW"
"10035d86","_GetLcidFromLangCountry","1002968c","FUN_1002968c"
"10035d86","_GetLcidFromLangCountry","10035e80","_GetPrimaryLen"
"10035d86","_GetLcidFromLangCountry","EXTERNAL:0000006f","EnumSystemLocalesW"
"10035e21","_GetLcidFromLanguage","1002968c","FUN_1002968c"
"10035e21","_GetLcidFromLanguage","10035e80","_GetPrimaryLen"
"10035e21","_GetLcidFromLanguage","EXTERNAL:0000006f","EnumSystemLocalesW"
"10035eac","_LangCountryEnumProc@4","1001c15a","__security_check_cookie"
"10035eac","_LangCountryEnumProc@4","1002968c","FUN_1002968c"
"10035eac","_LangCountryEnumProc@4","10032061","__wcsicmp"
"10035eac","_LangCountryEnumProc@4","100361d4","FUN_100361d4"
"10035eac","_LangCountryEnumProc@4","10036309","_TestDefaultCountry"
"10035eac","_LangCountryEnumProc@4","1003632e","FUN_1003632e"
"10035eac","_LangCountryEnumProc@4","10038806","__wcsnicmp"
"10035eac","_LangCountryEnumProc@4","EXTERNAL:0000006c","GetLocaleInfoW"
"100360ff","_LanguageEnumProc@4","1001c15a","__security_check_cookie"
"100360ff","_LanguageEnumProc@4","1002968c","FUN_1002968c"
"100360ff","_LanguageEnumProc@4","10032061","__wcsicmp"
"100360ff","_LanguageEnumProc@4","100361d4","FUN_100361d4"
"100360ff","_LanguageEnumProc@4","1003632e","FUN_1003632e"
"100360ff","_LanguageEnumProc@4","EXTERNAL:0000006c","GetLocaleInfoW"
"10036228","_ProcessCodePage","10025735","FUN_10025735"
"10036228","_ProcessCodePage","EXTERNAL:00000026","GetACP"
"10036228","_ProcessCodePage","EXTERNAL:0000006c","GetLocaleInfoW"
"1003632e","FUN_1003632e","1002968c","FUN_1002968c"
"1003632e","FUN_1003632e","10035e80","_GetPrimaryLen"
"1003632e","FUN_1003632e","EXTERNAL:0000006c","GetLocaleInfoW"
"100363a3","_TranslateName","10032061","__wcsicmp"
"10036404","FUN_10036404","1001c15a","__security_check_cookie"
"10036404","FUN_10036404","1002968c","FUN_1002968c"
"10036404","FUN_10036404","1002b74a","___acrt_LCIDToLocaleName@16"
"10036404","FUN_10036404","10035d3b","_GetLcidFromCountry"
"10036404","FUN_10036404","10035d86","_GetLcidFromLangCountry"
"10036404","FUN_10036404","10035e21","_GetLcidFromLanguage"
"10036404","FUN_10036404","10036228","_ProcessCodePage"
"10036404","FUN_10036404","100363a3","_TranslateName"
"10036404","FUN_10036404","1003a3b1","FID_conflict:__itow_s"
"10036404","FUN_10036404","EXTERNAL:0000006c","GetLocaleInfoW"
"10036404","FUN_10036404","EXTERNAL:0000006d","IsValidLocale"
"10036404","FUN_10036404","EXTERNAL:0000006e","GetUserDefaultLCID"
"10036404","FUN_10036404","EXTERNAL:0000007b","IsValidCodePage"
"100365fb","FID_conflict:GetTableIndexFromLocaleName","100387b7","FUN_100387b7"
"1003664b","FUN_1003664b","10020e3f","__invoke_watson"
"1003664b","FUN_1003664b","100260ae","FUN_100260ae"
"1003664b","FUN_1003664b","10031dc3","FUN_10031dc3"
"100366ee","___acrt_DownlevelLocaleNameToLCID","100365fb","FID_conflict:GetTableIndexFromLocaleName"
"1003671a","___acrt_lowio_create_handle_array","1002b03c","__calloc_base"
"1003671a","___acrt_lowio_create_handle_array","1002b099","FUN_1002b099"
"1003671a","___acrt_lowio_create_handle_array","1002b6c7","___acrt_InitializeCriticalSectionEx@12"
"10036795","___acrt_lowio_destroy_handle_array","1002b099","FUN_1002b099"
"10036795","___acrt_lowio_destroy_handle_array","EXTERNAL:0000004d","DeleteCriticalSection"
"100367ca","___acrt_lowio_ensure_fh_exists","1001d2c0","__SEH_prolog4"
"100367ca","___acrt_lowio_ensure_fh_exists","10020e2f","FUN_10020e2f"
"100367ca","___acrt_lowio_ensure_fh_exists","100225bb","FUN_100225bb"
"100367ca","___acrt_lowio_ensure_fh_exists","1002673f","___acrt_lock"
"100367ca","___acrt_lowio_ensure_fh_exists","1003671a","___acrt_lowio_create_handle_array"
"100367ca","___acrt_lowio_ensure_fh_exists","1003685f","FUN_1003685f"
"1003685f","FUN_1003685f","10026787","___acrt_unlock"
"10036868","___acrt_lowio_lock_fh","EXTERNAL:0000004a","EnterCriticalSection"
"1003688b","FUN_1003688b","100225a8","FUN_100225a8"
"1003688b","FUN_1003688b","100225bb","FUN_100225bb"
"1003688b","FUN_1003688b","1003a3e4","FUN_1003a3e4"
"1003688b","FUN_1003688b","EXTERNAL:00000007","SetStdHandle"
"1003691d","___acrt_lowio_unlock_fh","EXTERNAL:0000004b","LeaveCriticalSection"
"10036940","__alloc_osfhnd","1001d2c0","__SEH_prolog4"
"10036940","__alloc_osfhnd","1002673f","___acrt_lock"
"10036940","__alloc_osfhnd","1003671a","___acrt_lowio_create_handle_array"
"10036940","__alloc_osfhnd","10036868","___acrt_lowio_lock_fh"
"10036940","__alloc_osfhnd","10036a4a","FUN_10036a4a"
"10036940","__alloc_osfhnd","EXTERNAL:0000004a","EnterCriticalSection"
"10036940","__alloc_osfhnd","EXTERNAL:0000004b","LeaveCriticalSection"
"10036a4a","FUN_10036a4a","10026787","___acrt_unlock"
"10036a53","FUN_10036a53","100225a8","FUN_100225a8"
"10036a53","FUN_10036a53","100225bb","FUN_100225bb"
"10036a53","FUN_10036a53","1003a3e4","FUN_1003a3e4"
"10036a53","FUN_10036a53","EXTERNAL:00000007","SetStdHandle"
"10036ae4","FUN_10036ae4","10020e2f","FUN_10020e2f"
"10036ae4","FUN_10036ae4","100225a8","FUN_100225a8"
"10036ae4","FUN_10036ae4","100225bb","FUN_100225bb"
"10036b4e","FUN_10036b4e","10020e2f","FUN_10020e2f"
"10036b4e","FUN_10036b4e","100225bb","FUN_100225bb"
"10036bd0","FUN_10036bd0","1003a3ea","FUN_1003a3ea"
"10036c13","FUN_10036c13","10036ba4","FUN_10036ba4"
"10036c13","FUN_10036c13","1003a3ea","FUN_1003a3ea"
"10036d1b","__putwch_nolock","1003a5ba","___dcrt_lowio_ensure_console_output_initialized"
"10036d1b","__putwch_nolock","1003a5f0","___dcrt_write_console"
"10036d4d","___acrt_GetStringTypeW","EXTERNAL:0000003d","GetStringTypeW"
"10036d89","FUN_10036d89","1002f79d","fegetround"
"10036d89","FUN_10036d89","10036d66","FUN_10036d66"
"10036e17","FUN_10036e17","1001d430","FUN_1001d430"
"10036e17","FUN_10036e17","10020db2","FUN_10020db2"
"10036e17","FUN_10036e17","10036d89","FUN_10036d89"
"10036f11","FUN_10036f11","1001c15a","__security_check_cookie"
"10036f11","FUN_10036f11","1001d430","FUN_1001d430"
"10036f11","FUN_10036f11","1001d9b0","_memset"
"10036f11","FUN_10036f11","10020e3f","__invoke_watson"
"10036f11","FUN_10036f11","10021aa1","_memcpy_s"
"10036f11","FUN_10036f11","10025190","FUN_10025190"
"10036f11","FUN_10036f11","1002920f","FUN_1002920f"
"10036f11","FUN_10036f11","1002e921","__acrt_fp_classify"
"10036f11","FUN_10036f11","1003a645","__controlfp_s"
"10036f11","FUN_10036f11","1003a6a4","fegetenv"
"10036f11","FUN_10036f11","1003a6c1","FUN_1003a6c1"
"10036f11","FUN_10036f11","1003a70d","FUN_1003a70d"
"10036f11","FUN_10036f11","1003a760","FUN_1003a760"
"10036f11","FUN_10036f11","1003a870","FUN_1003a870"
"10036f11","FUN_10036f11","1003bfe0","__allshl"
"10036f11","FUN_10036f11","1003c020","thunk_FUN_1003c030"
"100384f9","FUN_100384f9","1003a98d","FUN_1003a98d"
"100384f9","FUN_100384f9","1003a9a1","FUN_1003a9a1"
"100385a9","common_gmtime_s<__int64>","1001c260","__alldiv"
"100385a9","common_gmtime_s<__int64>","10020e2f","FUN_10020e2f"
"100385a9","common_gmtime_s<__int64>","100225bb","FUN_100225bb"
"100385a9","common_gmtime_s<__int64>","100386f3","FUN_100386f3"
"100386f3","FUN_100386f3","1001c260","__alldiv"
"100386f3","FUN_100386f3","100278fa","FUN_100278fa"
"100386f3","FUN_100386f3","10032239","__crt_time_elapsed_leap_years<>"
"100387ac","FUN_100387ac","100385a9","common_gmtime_s<__int64>"
"10038806","__wcsnicmp","10020e2f","FUN_10020e2f"
"10038806","__wcsnicmp","100225bb","FUN_100225bb"
"10038806","__wcsnicmp","100387b7","FUN_100387b7"
"10038806","__wcsnicmp","10038852","FUN_10038852"
"10038852","FUN_10038852","10020e2f","FUN_10020e2f"
"10038852","FUN_10038852","100225bb","FUN_100225bb"
"10038852","FUN_10038852","1002510c","FUN_1002510c"
"10038852","FUN_10038852","10032022","__towlower_internal"
"10038852","FUN_10038852","100387b7","FUN_100387b7"
"10038925","__strnicmp","10020e2f","FUN_10020e2f"
"10038925","__strnicmp","100225bb","FUN_100225bb"
"10038925","__strnicmp","10038992","FUN_10038992"
"10038925","__strnicmp","1003a9d0","___ascii_strnicmp"
"10038992","FUN_10038992","10020e2f","FUN_10020e2f"
"10038992","FUN_10038992","100225bb","FUN_100225bb"
"10038992","FUN_10038992","1002510c","FUN_1002510c"
"10038a5d","common_sopen_dispatch<char>","1001d2c0","__SEH_prolog4"
"10038a5d","common_sopen_dispatch<char>","10020e2f","FUN_10020e2f"
"10038a5d","common_sopen_dispatch<char>","100225bb","FUN_100225bb"
"10038a5d","common_sopen_dispatch<char>","10038af2","FUN_10038af2"
"10038a5d","common_sopen_dispatch<char>","10039122","__sopen_nolock"
"10038af2","FUN_10038af2","1003691d","___acrt_lowio_unlock_fh"
"10038b38","common_sopen_dispatch<wchar_t>","1001d2c0","__SEH_prolog4"
"10038b38","common_sopen_dispatch<wchar_t>","10020e2f","FUN_10020e2f"
"10038b38","common_sopen_dispatch<wchar_t>","100225bb","FUN_100225bb"
"10038b38","common_sopen_dispatch<wchar_t>","10038bcd","FUN_10038bcd"
"10038b38","common_sopen_dispatch<wchar_t>","100391b0","__wsopen_nolock"
"10038bcd","FUN_10038bcd","1003691d","___acrt_lowio_unlock_fh"
"10038c13","FUN_10038c13","10020e3f","__invoke_watson"
"10038c13","FUN_10038c13","100225bb","FUN_100225bb"
"10038c13","FUN_10038c13","1002c83b","FUN_1002c83b"
"10038c13","FUN_10038c13","1002df71","FUN_1002df71"
"10038c13","FUN_10038c13","1002e502","FUN_1002e502"
"10038c13","FUN_10038c13","1003aa31","FUN_1003aa31"
"10038e69","create_file","EXTERNAL:00000042","CreateFileW"
"10038e8e","decode_open_create_flags","10020e2f","FUN_10020e2f"
"10038e8e","decode_open_create_flags","100225bb","FUN_100225bb"
"10038efe","FUN_10038efe","10020e2f","FUN_10020e2f"
"10038efe","FUN_10038efe","10020e3f","__invoke_watson"
"10038efe","FUN_10038efe","100225bb","FUN_100225bb"
"10038efe","FUN_10038efe","10038e8e","decode_open_create_flags"
"10038efe","FUN_10038efe","1003aa31","FUN_1003aa31"
"10039078","truncate_ctrl_z_if_present","100225a8","FUN_100225a8"
"10039078","truncate_ctrl_z_if_present","100225bb","FUN_100225bb"
"10039078","truncate_ctrl_z_if_present","1002df71","FUN_1002df71"
"10039078","truncate_ctrl_z_if_present","1002e502","FUN_1002e502"
"10039078","truncate_ctrl_z_if_present","1003ab7a","FUN_1003ab7a"
"10039122","__sopen_nolock","10027806","__acrt_mbs_to_wcs_cp<__crt_win32_buffer_internal_dynamic_resizing>"
"10039122","__sopen_nolock","1002b099","FUN_1002b099"
"10039122","__sopen_nolock","10032273","__acrt_get_utf8_acp_compatibility_codepage"
"10039122","__sopen_nolock","100391b0","__wsopen_nolock"
"10039190","FID_conflict:__sopen_s","10038a5d","common_sopen_dispatch<char>"
"100391b0","__wsopen_nolock","10022561","___acrt_errno_map_os_error"
"100391b0","__wsopen_nolock","100225a8","FUN_100225a8"
"100391b0","__wsopen_nolock","100225bb","FUN_100225bb"
"100391b0","__wsopen_nolock","1002bd44","FUN_1002bd44"
"100391b0","__wsopen_nolock","1003688b","FUN_1003688b"
"100391b0","__wsopen_nolock","10036940","__alloc_osfhnd"
"100391b0","__wsopen_nolock","10036a53","FUN_10036a53"
"100391b0","__wsopen_nolock","10038c13","FUN_10038c13"
"100391b0","__wsopen_nolock","10038e69","create_file"
"100391b0","__wsopen_nolock","10038efe","FUN_10038efe"
"100391b0","__wsopen_nolock","10039078","truncate_ctrl_z_if_present"
"100391b0","__wsopen_nolock","EXTERNAL:00000032","GetLastError"
"100391b0","__wsopen_nolock","EXTERNAL:00000039","CloseHandle"
"100391b0","__wsopen_nolock","EXTERNAL:00000071","GetFileType"
"100394da","FID_conflict:__sopen_s","10038b38","common_sopen_dispatch<wchar_t>"
"10039517","__startOneArgErrorHandling","1003ad48","FUN_1003ad48"
"100397b4","FUN_100397b4","1001c15a","__security_check_cookie"
"100397b4","FUN_100397b4","1001d430","FUN_1001d430"
"100397b4","FUN_100397b4","1003ae58","FUN_1003ae58"
"100398c3","FUN_100398c3","1002510c","FUN_1002510c"
"100398c3","FUN_100398c3","1003af02","___acrt_LCMapStringW"
"10039997","common_getenv_nolock<wchar_t>","1002849f","thunk_FUN_100280de"
"10039997","common_getenv_nolock<wchar_t>","1003a123","__wcsnicoll"
"10039a1b","common_getenv_s<>","1001d2c0","__SEH_prolog4"
"10039a1b","common_getenv_s<>","1002673f","___acrt_lock"
"10039a1b","common_getenv_s<>","10039a71","FUN_10039a71"
"10039a1b","common_getenv_s<>","10039a7a","FUN_10039a7a"
"10039a71","FUN_10039a71","10026787","___acrt_unlock"
"10039a7a","FUN_10039a7a","10020e2f","FUN_10020e2f"
"10039a7a","FUN_10039a7a","10020e3f","__invoke_watson"
"10039a7a","FUN_10039a7a","100225bb","FUN_100225bb"
"10039a7a","FUN_10039a7a","10031dc3","FUN_10031dc3"
"10039a7a","FUN_10039a7a","10039997","common_getenv_nolock<wchar_t>"
"10039b28","FUN_10039b28","10039a1b","common_getenv_s<>"
"10039b40","_qsort","10004394","guard_check_icall"
"10039b40","_qsort","1001c15a","__security_check_cookie"
"10039b40","_qsort","10020e2f","FUN_10020e2f"
"10039b40","_qsort","100225bb","FUN_100225bb"
"1003a070","__mbsdec","1003a087","__mbsdec_l"
"1003a087","__mbsdec_l","10020e2f","FUN_10020e2f"
"1003a087","__mbsdec_l","100225bb","FUN_100225bb"
"1003a087","__mbsdec_l","1002510c","FUN_1002510c"
"1003a123","__wcsnicoll","10020e2f","FUN_10020e2f"
"1003a123","__wcsnicoll","100225bb","FUN_100225bb"
"1003a123","__wcsnicoll","100387b7","FUN_100387b7"
"1003a123","__wcsnicoll","1003a190","__wcsnicoll_l"
"1003a190","__wcsnicoll_l","10020e2f","FUN_10020e2f"
"1003a190","__wcsnicoll_l","100225bb","FUN_100225bb"
"1003a190","__wcsnicoll_l","1002510c","FUN_1002510c"
"1003a190","__wcsnicoll_l","100387b7","FUN_100387b7"
"1003a190","__wcsnicoll_l","1003af40","___acrt_CompareStringW"
"1003a250","FID_conflict:__msize_base","10020e2f","FUN_10020e2f"
"1003a250","FID_conflict:__msize_base","100225bb","FUN_100225bb"
"1003a250","FID_conflict:__msize_base","EXTERNAL:00000006","HeapSize"
"1003a283","FUN_1003a283","10020e2f","FUN_10020e2f"
"1003a283","FUN_1003a283","100225bb","FUN_100225bb"
"1003a33f","common_xtox_s<unsigned_long,wchar_t>","10020e2f","FUN_10020e2f"
"1003a33f","common_xtox_s<unsigned_long,wchar_t>","100225bb","FUN_100225bb"
"1003a33f","common_xtox_s<unsigned_long,wchar_t>","1003a283","FUN_1003a283"
"1003a3b1","FID_conflict:__itow_s","1003a33f","common_xtox_s<unsigned_long,wchar_t>"
"1003a3ea","FUN_1003a3ea","1001c15a","__security_check_cookie"
"1003a3ea","FUN_1003a3ea","1003a98d","FUN_1003a98d"
"1003a3ea","FUN_1003a3ea","1003a9a1","FUN_1003a9a1"
"1003a59b","__dcrt_lowio_initialize_console_output","EXTERNAL:00000042","CreateFileW"
"1003a5ba","___dcrt_lowio_ensure_console_output_initialized","1003a59b","__dcrt_lowio_initialize_console_output"
"1003a5d9","FID_conflict:___dcrt_terminate_console_output","EXTERNAL:00000039","CloseHandle"
"1003a5f0","___dcrt_write_console","1003a59b","__dcrt_lowio_initialize_console_output"
"1003a5f0","___dcrt_write_console","1003a5d9","FID_conflict:___dcrt_terminate_console_output"
"1003a5f0","___dcrt_write_console","EXTERNAL:00000005","WriteConsoleW"
"1003a5f0","___dcrt_write_console","EXTERNAL:00000032","GetLastError"
"1003a645","__controlfp_s","10020e2f","FUN_10020e2f"
"1003a645","__controlfp_s","100225bb","FUN_100225bb"
"1003a645","__controlfp_s","1003b12a","__control87"
"1003a6a4","fegetenv","1002fa95","___acrt_fenv_get_control"
"1003a6a4","fegetenv","1002fb15","FUN_1002fb15"
"1003a6c1","FUN_1003a6c1","1002fbbf","FUN_1002fbbf"
"1003a6c1","FUN_1003a6c1","1002fc3a","FUN_1002fc3a"
"1003a6c1","FUN_1003a6c1","1003a6a4","fegetenv"
"1003a70d","FUN_1003a70d","1003a6a4","fegetenv"
"1003a70d","FUN_1003a70d","1003a6c1","FUN_1003a6c1"
"1003a70d","FUN_1003a70d","1003b04c","__clearfp"
"1003a760","FUN_1003a760","10030fa8","FUN_10030fa8"
"1003a760","FUN_1003a760","1003a7b8","FUN_1003a7b8"
"1003a760","FUN_1003a760","1003b4e0","FUN_1003b4e0"
"1003a7b8","FUN_1003a7b8","10030f4c","FUN_10030f4c"
"1003a7b8","FUN_1003a7b8","10030fcb","__math_exit"
"1003a7b8","FUN_1003a7b8","10039517","__startOneArgErrorHandling"
"1003a870","FUN_1003a870","1003b976","___libm_error_support"
"1003aa31","FUN_1003aa31","10020e2f","FUN_10020e2f"
"1003aa31","FUN_1003aa31","100225bb","FUN_100225bb"
"1003ab2d","__crt_seek_guard","1002e502","FUN_1002e502"
"1003ab7a","FUN_1003ab7a","10020b23","FUN_10020b23"
"1003ab7a","FUN_1003ab7a","10020b6b","FUN_10020b6b"
"1003ab7a","FUN_1003ab7a","1003abb1","FUN_1003abb1"
"1003abb1","FUN_1003abb1","1002b03c","__calloc_base"
"1003abb1","FUN_1003abb1","1002b099","FUN_1002b099"
"1003abb1","FUN_1003abb1","1002c983","FUN_1002c983"
"1003abb1","FUN_1003abb1","1002e502","FUN_1002e502"
"1003abb1","FUN_1003abb1","10036ae4","FUN_10036ae4"
"1003abb1","FUN_1003abb1","1003aa5e","__setmode_nolock"
"1003abb1","FUN_1003abb1","1003ab2d","__crt_seek_guard"
"1003abb1","FUN_1003abb1","EXTERNAL:00000004","SetEndOfFile"
"1003abb1","FUN_1003abb1","EXTERNAL:00000032","GetLastError"
"1003ad48","FUN_1003ad48","1001c15a","__security_check_cookie"
"1003ad48","FUN_1003ad48","10028b51","FUN_10028b51"
"1003ad48","FUN_1003ad48","10028dd1","__raise_exc"
"1003ad48","FUN_1003ad48","100290e5","FUN_100290e5"
"1003ad48","FUN_1003ad48","1002ff29","__ctrlfp"
"1003ad48","FUN_1003ad48","100341d5","FUN_100341d5"
"1003ad48","FUN_1003ad48","10034201","FUN_10034201"
"1003ae58","FUN_1003ae58","100384f9","FUN_100384f9"
"1003ae58","FUN_1003ae58","1003a98d","FUN_1003a98d"
"1003ae58","FUN_1003ae58","1003a9a1","FUN_1003a9a1"
"1003af02","___acrt_LCMapStringW","100260ae","FUN_100260ae"
"1003af02","___acrt_LCMapStringW","1002b789","___acrt_LCMapStringEx@36"
"1003af40","___acrt_CompareStringW","100260ae","FUN_100260ae"
"1003af40","___acrt_CompareStringW","1002b49c","___acrt_CompareStringEx@36"
"1003b12a","__control87","1002fe98","___set_fpsr_sse2"
"1003b12a","__control87","1003afa5","___hw_cw_sse2"
"1003b12a","__control87","1003b42b","__hw_cw"
"1003b4e0","FUN_1003b4e0","1003b4fe","FUN_1003b4fe"
"1003b4fe","FUN_1003b4fe","1003b976","___libm_error_support"
"1003b976","___libm_error_support","10004394","guard_check_icall"
"1003b976","___libm_error_support","100225bb","FUN_100225bb"
"1003b976","___libm_error_support","EXTERNAL:00000050","DecodePointer"
"1003bb6a","FUN_1003bb6a","10028a83","__except1"
"1003bb6a","FUN_1003bb6a","1002fe35","FUN_1002fe35"
"1003bb6a","FUN_1003bb6a","1002ff29","__ctrlfp"
"1003bb6a","FUN_1003bb6a","1003bdd1","__frnd"
"1003bc3e","FUN_1003bc3e","1003bdd1","__frnd"
"1003bc3e","FUN_1003bc3e","1003bde5","__fpclass"
"1003bca6","FUN_1003bca6","1003bc3e","FUN_1003bc3e"
"1003bde5","__fpclass","1002fe35","FUN_1002fe35"
"1003be89","guard_check_icall","10004394","guard_check_icall"
"1003bee0","__IsNonwritableInCurrentImage","1003be90","__FindPESection"
"1003bee0","__IsNonwritableInCurrentImage","1003bfa0","FUN_1003bfa0"
"1003c301","Unwind@1003c301","100018ea","thunk_FUN_10002753"
"1003c309","Unwind@1003c309","100018ea","thunk_FUN_10002753"
"1003c311","Unwind@1003c311","100018ea","thunk_FUN_10002753"
"1003c348","Unwind@1003c348","100039d3","FUN_100039d3"
"1003c372","Unwind@1003c372","10017d0f","FUN_10017d0f"
"1003c37a","Unwind@1003c37a","100038e8","FUN_100038e8"
"1003c3a4","Unwind@1003c3a4","100037f1","FUN_100037f1"
"1003c3c0","Unwind@1003c3c0","10003839","~basic_iostream<char,std::char_traits<char>_>"
"1003c3cb","Unwind@1003c3cb","10003765","~basic_filebuf<char,std::char_traits<char>_>"
"1003c3f8","Unwind@1003c3f8","100037f1","FUN_100037f1"
"1003c414","Unwind@1003c414","1000388f","FUN_1000388f"
"1003c441","Unwind@1003c441","100037f1","FUN_100037f1"
"1003c49c","Unwind@1003c49c","10017d0f","FUN_10017d0f"
"1003c4a4","Unwind@1003c4a4","10003760","thunk_FUN_10004512"
"1003c4af","Unwind@1003c4af","10003760","thunk_FUN_10004512"
"1003c4ba","Unwind@1003c4ba","10003760","thunk_FUN_10004512"
"1003c4c5","Unwind@1003c4c5","10003760","thunk_FUN_10004512"
"1003c4d0","Unwind@1003c4d0","10003760","thunk_FUN_10004512"
"1003c4db","Unwind@1003c4db","10003760","thunk_FUN_10004512"
"1003c508","Unwind@1003c508","1000396b","FUN_1000396b"
"1003c532","Unwind@1003c532","100018ea","thunk_FUN_10002753"
"1003c5da","Unwind@1003c5da","100018ea","thunk_FUN_10002753"
"1003c5e2","Unwind@1003c5e2","10003a4b","FUN_10003a4b"
"1003c5ed","Unwind@1003c5ed","100018ea","thunk_FUN_10002753"
"1003c5f5","Unwind@1003c5f5","100018ea","thunk_FUN_10002753"
"1003c62c","Unwind@1003c62c","1001be00","FUN_1001be00"
"1003c65b","Unwind@1003c65b","1001be00","FUN_1001be00"
"1003c68a","Unwind@1003c68a","100039ba","FUN_100039ba"
"1003c6b4","Unwind@1003c6b4","100018ea","thunk_FUN_10002753"
"1003c6bc","Unwind@1003c6bc","100018ea","thunk_FUN_10002753"
"1003c70d","Unwind@1003c70d","100039d8","FUN_100039d8"
"1003c737","Unwind@1003c737","100039ba","FUN_100039ba"
"1003c761","Unwind@1003c761","100018ea","thunk_FUN_10002753"
"1003c795","Unwind@1003c795","100039d8","FUN_100039d8"
"1003c7bf","Unwind@1003c7bf","100039ba","FUN_100039ba"
"1003c7c7","Unwind@1003c7c7","100018ea","thunk_FUN_10002753"
"1003c7cf","Unwind@1003c7cf","100039ba","FUN_100039ba"
"1003c7d7","Unwind@1003c7d7","100018ea","thunk_FUN_10002753"
"1003c80b","Unwind@1003c80b","100039d8","FUN_100039d8"
"1003c835","Unwind@1003c835","100039b3","FUN_100039b3"
"1003c85f","Unwind@1003c85f","100039d8","FUN_100039d8"
"1003c867","Unwind@1003c867","100039ba","FUN_100039ba"
"1003c891","Unwind@1003c891","100039d8","FUN_100039d8"
"1003c899","Unwind@1003c899","100039ba","FUN_100039ba"
"1003c8c3","Unwind@1003c8c3","1001be00","FUN_1001be00"
"1003c8d0","Unwind@1003c8d0","100038f5","FUN_100038f5"
"1003c90b","Unwind@1003c90b","10005fc8","FUN_10005fc8"
"1003c935","Unwind@1003c935","100039ba","FUN_100039ba"
"1003c93d","Unwind@1003c93d","100018ea","thunk_FUN_10002753"
"1003c945","Unwind@1003c945","100039ba","FUN_100039ba"
"1003c94d","Unwind@1003c94d","100018ea","thunk_FUN_10002753"
"1003c981","Unwind@1003c981","100018ea","thunk_FUN_10002753"
"1003c9b5","Unwind@1003c9b5","100039ba","FUN_100039ba"
"1003c9bd","Unwind@1003c9bd","100018ea","thunk_FUN_10002753"
"1003c9f1","Unwind@1003c9f1","100039d8","FUN_100039d8"
"1003ca1b","Unwind@1003ca1b","10008207","FUN_10008207"
"1003ca23","Unwind@1003ca23","100083ae","FUN_100083ae"
"1003ca2b","Unwind@1003ca2b","100082fa","FUN_100082fa"
"1003ca44","Unwind@1003ca44","100082fa","FUN_100082fa"
"1003ca7f","Unwind@1003ca7f","10008081","thunk_FUN_1000a65f"
"1003caa9","Unwind@1003caa9","10008120","FUN_10008120"
"1003cab1","Unwind@1003cab1","10008207","FUN_10008207"
"1003cae1","Unwind@1003cae1","1001be00","FUN_1001be00"
"1003cb13","Unwind@1003cb13","100082cf","FUN_100082cf"
"1003cb3d","Unwind@1003cb3d","10008136","thunk_FUN_1000813b"
"1003cb67","Unwind@1003cb67","100083ff","FUN_100083ff"
"1003cb6f","Unwind@1003cb6f","100082fa","FUN_100082fa"
"1003cb99","Unwind@1003cb99","1001be00","FUN_1001be00"
"1003cbc8","Unwind@1003cbc8","100083f7","FUN_100083f7"
"1003cbf5","Unwind@1003cbf5","10008207","FUN_10008207"
"1003cbfd","Unwind@1003cbfd","100083ae","FUN_100083ae"
"1003cc47","Unwind@1003cc47","10017146","FUN_10017146"
"1003cc81","Unwind@1003cc81","10008207","FUN_10008207"
"1003ccab","Unwind@1003ccab","10008207","FUN_10008207"
"1003ccb3","Unwind@1003ccb3","1000808b","FUN_1000808b"
"1003ccbb","Unwind@1003ccbb","100083f7","FUN_100083f7"
"1003cce5","Unwind@1003cce5","10008136","thunk_FUN_1000813b"
"1003cd0f","Unwind@1003cd0f","10017146","FUN_10017146"
"1003cd1a","Unwind@1003cd1a","10017146","FUN_10017146"
"1003cd54","Unwind@1003cd54","10017146","FUN_10017146"
"1003cd8e","Unwind@1003cd8e","100082e0","FUN_100082e0"
"1003cdb8","Unwind@1003cdb8","10008081","thunk_FUN_1000a65f"
"1003cdff","Unwind@1003cdff","10008222","FUN_10008222"
"1003ce29","Unwind@1003ce29","100081fe","FUN_100081fe"
"1003ce31","Unwind@1003ce31","10008081","thunk_FUN_1000a65f"
"1003ce65","Unwind@1003ce65","100082fa","FUN_100082fa"
"1003ce6d","Unwind@1003ce6d","10008207","FUN_10008207"
"1003ce97","Unwind@1003ce97","10008230","~refcount_ptr<boost::exception_detail::error_info_container>"
"1003ced2","Unwind@1003ced2","10008207","FUN_10008207"
"1003cefc","Unwind@1003cefc","100081fe","FUN_100081fe"
"1003cf26","Unwind@1003cf26","10008213","FUN_10008213"
"1003cf50","Unwind@1003cf50","10008081","thunk_FUN_1000a65f"
"1003cf58","Unwind@1003cf58","10008302","FUN_10008302"
"1003cf82","Unwind@1003cf82","10008207","FUN_10008207"
"1003cfac","Unwind@1003cfac","10008081","thunk_FUN_1000a65f"
"1003cfe0","Unwind@1003cfe0","10008081","thunk_FUN_1000a65f"
"1003d00a","Unwind@1003d00a","100081fe","FUN_100081fe"
"1003d034","Unwind@1003d034","10008086","thunk_FUN_10009936"
"1003d03c","Unwind@1003d03c","10008086","thunk_FUN_10009936"
"1003d066","Unwind@1003d066","100038e8","FUN_100038e8"
"1003d090","Unwind@1003d090","10008081","thunk_FUN_1000a65f"
"1003d0c4","Unwind@1003d0c4","1001be00","FUN_1001be00"
"1003d0f3","Unwind@1003d0f3","100083f7","FUN_100083f7"
"1003d11d","Unwind@1003d11d","100083f7","FUN_100083f7"
"1003d125","Unwind@1003d125","10008213","FUN_10008213"
"1003d14f","Unwind@1003d14f","100083f7","FUN_100083f7"
"1003d179","Unwind@1003d179","100083f7","FUN_100083f7"
"1003d1a3","Unwind@1003d1a3","10008136","thunk_FUN_1000813b"
"1003d1cd","Unwind@1003d1cd","100083f7","FUN_100083f7"
"1003d1f7","Unwind@1003d1f7","100037f1","FUN_100037f1"
"1003d235","Unwind@1003d235","100037f1","FUN_100037f1"
"1003d251","Unwind@1003d251","100038ab","FUN_100038ab"
"1003d27e","Unwind@1003d27e","100039d8","FUN_100039d8"
"1003d286","Unwind@1003d286","100039ba","FUN_100039ba"
"1003d2b0","Unwind@1003d2b0","100018ea","thunk_FUN_10002753"
"1003d2c9","Unwind@1003d2c9","100018ea","thunk_FUN_10002753"
"1003d2d1","Unwind@1003d2d1","100018ea","thunk_FUN_10002753"
"1003d2d9","Unwind@1003d2d9","100018ea","thunk_FUN_10002753"
"1003d2e1","Unwind@1003d2e1","100018ea","thunk_FUN_10002753"
"1003d315","Unwind@1003d315","100018ea","thunk_FUN_10002753"
"1003d31d","Unwind@1003d31d","100018ea","thunk_FUN_10002753"
"1003d325","Unwind@1003d325","100018ea","thunk_FUN_10002753"
"1003d32d","Unwind@1003d32d","100018ea","thunk_FUN_10002753"
"1003d361","Unwind@1003d361","100018ea","thunk_FUN_10002753"
"1003d39c","Unwind@1003d39c","10017146","FUN_10017146"
"1003d3a7","Unwind@1003d3a7","100018ea","thunk_FUN_10002753"
"1003d3b2","Unwind@1003d3b2","100018ea","thunk_FUN_10002753"
"1003d3ec","Unwind@1003d3ec","100039d8","FUN_100039d8"
"1003d416","Unwind@1003d416","100018ea","thunk_FUN_10002753"
"1003d421","Unwind@1003d421","100018ea","thunk_FUN_10002753"
"1003d42c","Unwind@1003d42c","100018ea","thunk_FUN_10002753"
"1003d466","Unwind@1003d466","1000d424","FUN_1000d424"
"1003d46e","Unwind@1003d46e","1000d435","FUN_1000d435"
"1003d498","Unwind@1003d498","100039d8","FUN_100039d8"
"1003d4a0","Unwind@1003d4a0","100039ba","FUN_100039ba"
"1003d4ca","Unwind@1003d4ca","100039ba","FUN_100039ba"
"1003d4d2","Unwind@1003d4d2","1000ea01","thunk_FUN_1001043b"
"1003d4da","Unwind@1003d4da","100039ba","FUN_100039ba"
"1003d4e2","Unwind@1003d4e2","100018ea","thunk_FUN_10002753"
"1003d516","Unwind@1003d516","100039d8","FUN_100039d8"
"1003d51e","Unwind@1003d51e","100039ba","FUN_100039ba"
"1003d548","Unwind@1003d548","100018ea","thunk_FUN_10002753"
"1003d550","Unwind@1003d550","100018ea","thunk_FUN_10002753"
"1003d584","Unwind@1003d584","10017146","FUN_10017146"
"1003d5be","Unwind@1003d5be","10017146","FUN_10017146"
"1003d5f8","Unwind@1003d5f8","10017146","FUN_10017146"
"1003d632","Unwind@1003d632","1001be00","FUN_1001be00"
"1003d661","Unwind@1003d661","10005fc8","FUN_10005fc8"
"1003d695","Unwind@1003d695","100039ba","FUN_100039ba"
"1003d69d","Unwind@1003d69d","1000ea01","thunk_FUN_1001043b"
"1003d6a5","Unwind@1003d6a5","100039ba","FUN_100039ba"
"1003d6ad","Unwind@1003d6ad","100018ea","thunk_FUN_10002753"
"1003d6e1","Unwind@1003d6e1","100039ba","FUN_100039ba"
"1003d6e9","Unwind@1003d6e9","1000ea01","thunk_FUN_1001043b"
"1003d71d","Unwind@1003d71d","100039d8","FUN_100039d8"
"1003d747","Unwind@1003d747","100018ea","thunk_FUN_10002753"
"1003d77b","Unwind@1003d77b","10011885","thunk_FUN_1000a680"
"1003d7b6","Unwind@1003d7b6","100018ea","thunk_FUN_10002753"
"1003d7fb","Unwind@1003d7fb","1000d424","FUN_1000d424"
"1003d825","Unwind@1003d825","100037f1","FUN_100037f1"
"1003d841","Unwind@1003d841","100038ab","FUN_100038ab"
"1003d84c","Unwind@1003d84c","10003765","~basic_filebuf<char,std::char_traits<char>_>"
"1003d879","Unwind@1003d879","100037f1","FUN_100037f1"
"1003d895","Unwind@1003d895","100038ab","FUN_100038ab"
"1003d8c2","Unwind@1003d8c2","100018ef","FUN_100018ef"
"1003d8ca","Unwind@1003d8ca","1000ea01","thunk_FUN_1001043b"
"1003d8d5","Unwind@1003d8d5","1000ea01","thunk_FUN_1001043b"
"1003d902","Unwind@1003d902","100018ef","FUN_100018ef"
"1003d90a","Unwind@1003d90a","1000ea01","thunk_FUN_1001043b"
"1003d915","Unwind@1003d915","1000ea01","thunk_FUN_1001043b"
"1003d920","Unwind@1003d920","1000ea01","thunk_FUN_1001043b"
"1003d954","Unwind@1003d954","1000ea01","thunk_FUN_1001043b"
"1003d96d","Unwind@1003d96d","1000ea01","thunk_FUN_1001043b"
"1003d9b2","Unwind@1003d9b2","1000ea01","thunk_FUN_1001043b"
"1003d9ba","Unwind@1003d9ba","100018ea","thunk_FUN_10002753"
"1003d9c2","Unwind@1003d9c2","100018ea","thunk_FUN_10002753"
"1003d9cd","Unwind@1003d9cd","100018ea","thunk_FUN_10002753"
"1003d9d8","Unwind@1003d9d8","1000ea01","thunk_FUN_1001043b"
"1003d9e0","Unwind@1003d9e0","1000ea01","thunk_FUN_1001043b"
"1003d9e8","Unwind@1003d9e8","10012a95","FUN_10012a95"
"1003da22","Unwind@1003da22","100018ea","thunk_FUN_10002753"
"1003da2a","Unwind@1003da2a","100018ea","thunk_FUN_10002753"
"1003da5e","Unwind@1003da5e","1000d435","FUN_1000d435"
"1003da66","Unwind@1003da66","10012585","FUN_10012585"
"1003da6e","Unwind@1003da6e","10012521","FUN_10012521"
"1003da76","Unwind@1003da76","10012567","FUN_10012567"
"1003da7e","Unwind@1003da7e","100018ea","thunk_FUN_10002753"
"1003da86","Unwind@1003da86","1000d435","FUN_1000d435"
"1003daba","Unwind@1003daba","1000ea01","thunk_FUN_1001043b"
"1003daff","Unwind@1003daff","100018ea","thunk_FUN_10002753"
"1003db18","Unwind@1003db18","100018ea","thunk_FUN_10002753"
"1003db20","Unwind@1003db20","100018ea","thunk_FUN_10002753"
"1003db71","Unwind@1003db71","100018ea","thunk_FUN_10002753"
"1003dbbb","Unwind@1003dbbb","10012532","FUN_10012532"
"1003dbe5","Unwind@1003dbe5","100018ea","thunk_FUN_10002753"
"1003dbed","Unwind@1003dbed","100018ea","thunk_FUN_10002753"
"1003dc21","Unwind@1003dc21","100018ea","thunk_FUN_10002753"
"1003dc55","Unwind@1003dc55","100018ea","thunk_FUN_10002753"
"1003dc5d","Unwind@1003dc5d","100018ea","thunk_FUN_10002753"
"1003dc94","Unwind@1003dc94","1001be00","FUN_1001be00"
"1003dca4","Unwind@1003dca4","100018ea","thunk_FUN_10002753"
"1003dcac","Unwind@1003dcac","10012521","FUN_10012521"
"1003dcb7","Unwind@1003dcb7","1000d435","FUN_1000d435"
"1003dcc2","Unwind@1003dcc2","100018ea","thunk_FUN_10002753"
"1003dcca","Unwind@1003dcca","100018ea","thunk_FUN_10002753"
"1003dcd2","Unwind@1003dcd2","100018ea","thunk_FUN_10002753"
"1003dcda","Unwind@1003dcda","100018ea","thunk_FUN_10002753"
"1003dce5","Unwind@1003dce5","10012521","FUN_10012521"
"1003dcf0","Unwind@1003dcf0","1000d435","FUN_1000d435"
"1003dd2a","Unwind@1003dd2a","100018ea","thunk_FUN_10002753"
"1003dd5e","Unwind@1003dd5e","10017146","FUN_10017146"
"1003dd98","Unwind@1003dd98","1000ea01","thunk_FUN_1001043b"
"1003ddcc","Unwind@1003ddcc","10016b7c","FUN_10016b7c"
"1003de06","Unwind@1003de06","1001be00","FUN_1001be00"
"1003de35","Unwind@1003de35","1000d435","FUN_1000d435"
"1003de40","Unwind@1003de40","1000d435","FUN_1000d435"
"1003de4b","Unwind@1003de4b","1001be00","FUN_1001be00"
"1003de5b","Unwind@1003de5b","100018ea","thunk_FUN_10002753"
"1003de92","Unwind@1003de92","100018ea","thunk_FUN_10002753"
"1003de9d","Unwind@1003de9d","10011885","thunk_FUN_1000a680"
"1003deab","Unwind@1003deab","1000ea01","thunk_FUN_1001043b"
"1003deb3","Unwind@1003deb3","1000ea01","thunk_FUN_1001043b"
"1003debb","Unwind@1003debb","1000ea01","thunk_FUN_1001043b"
"1003dec3","Unwind@1003dec3","10008207","FUN_10008207"
"1003dece","Unwind@1003dece","10008207","FUN_10008207"
"1003ded9","Unwind@1003ded9","10008207","FUN_10008207"
"1003dee4","Unwind@1003dee4","10016b97","FUN_10016b97"
"1003df1b","Unwind@1003df1b","1000ea01","thunk_FUN_1001043b"
"1003df23","Unwind@1003df23","10016b8f","FUN_10016b8f"
"1003df50","Unwind@1003df50","10016b97","FUN_10016b97"
"1003df58","Unwind@1003df58","10016b8f","FUN_10016b8f"
"1003df85","Unwind@1003df85","10008207","FUN_10008207"
"1003dfaf","Unwind@1003dfaf","1000ea01","thunk_FUN_1001043b"
"1003dfe3","Unwind@1003dfe3","1000ea01","thunk_FUN_1001043b"
"1003e017","Unwind@1003e017","100018ea","thunk_FUN_10002753"
"1003e044","Unwind@1003e044","10017d0f","FUN_10017d0f"
"1003e06e","Unwind@1003e06e","100018ef","FUN_100018ef"
"1003e098","Unwind@1003e098","100018ef","FUN_100018ef"
"1003e0c2","Unwind@1003e0c2","100018ef","FUN_100018ef"
"1003e0ef","Unwind@1003e0ef","10018dc6","FUN_10018dc6"
"1003e11c","Unwind@1003e11c","10008207","FUN_10008207"
"1003e146","Unwind@1003e146","10008207","FUN_10008207"
"1003e170","Unwind@1003e170","100018ef","FUN_100018ef"
"1003e19d","Unwind@1003e19d","10018dc6","FUN_10018dc6"
"1003e1ca","Unwind@1003e1ca","100018ef","FUN_100018ef"
"1003e1d5","Unwind@1003e1d5","10018d42","FUN_10018d42"
"1003e201","Unwind@1003e201","10018dc6","FUN_10018dc6"
"1003e20c","Unwind@1003e20c","10018d84","FUN_10018d84"
"1003e238","Unwind@1003e238","10008207","FUN_10008207"
"1003e240","Unwind@1003e240","10008207","FUN_10008207"
"1003e248","Unwind@1003e248","10008207","FUN_10008207"
"1003e250","Unwind@1003e250","10008207","FUN_10008207"
"1003e2b4","Unwind@1003e2b4","10008207","FUN_10008207"
"1003e329","Unwind@1003e329","10008081","thunk_FUN_1000a65f"
"1003e353","Unwind@1003e353","1001be00","FUN_1001be00"
"1003e382","Unwind@1003e382","100018ea","thunk_FUN_10002753"
