entry,name,namespace,size,external,thunk,decompile_status
"10001320","_Deallocate<>","Global",44,false,false,"ok"
"1000134c","FUN_1000134c","Global",43,false,false,"ok"
"10001378","FUN_10001378","Global",16,false,false,"ok"
"1000143b","FUN_1000143b","Global",12,false,false,"ok"
"10001475","FUN_10001475","Global",64,false,false,"ok"
"100014b5","FUN_100014b5","Global",47,false,false,"ok"
"100014e4","FUN_100014e4","Global",65,false,false,"ok"
"10001525","FUN_10001525","Global",71,false,false,"ok"
"1000156c","FUN_1000156c","Global",68,false,false,"ok"
"100015b0","FUN_100015b0","Global",11,false,false,"ok"
"100015bb","FUN_100015bb","Global",36,false,false,"ok"
"100015df","FUN_100015df","Global",35,false,false,"ok"
"10001602","FUN_10001602","Global",53,false,false,"ok"
"10001638","FUN_10001638","Global",117,false,false,"ok"
"100016ae","FUN_100016ae","Global",69,false,false,"ok"
"100016f3","FUN_100016f3","Global",110,false,false,"ok"
"10001762","FUN_10001762","Global",144,false,false,"ok"
"100017f3","FUN_100017f3","Global",32,false,false,"ok"
"10001813","FUN_10001813","Global",45,false,false,"ok"
"10001840","FUN_10001840","Global",36,false,false,"ok"
"10001864","FUN_10001864","Global",27,false,false,"ok"
"1000187f","FUN_1000187f","Global",27,false,false,"ok"
"1000189a","FUN_1000189a","Global",30,false,false,"ok"
"100018b8","FUN_100018b8","Global",50,false,false,"ok"
"100018ea","thunk_FUN_10002753","Global",5,false,true,"ok"
"100018ef","FUN_100018ef","Global",17,false,false,"ok"
"10001900","FUN_10001900","Global",71,false,false,"ok"
"10001947","FUN_10001947","Global",45,false,false,"ok"
"10001974","FUN_10001974","Global",224,false,false,"ok"
"10002459","FUN_10002459","Global",351,false,false,"ok"
"100025b8","FUN_100025b8","Global",156,false,false,"ok"
"100026dc","FUN_100026dc","Global",49,false,false,"ok"
"1000270d","FUN_1000270d","Global",41,false,false,"ok"
"10002736","FUN_10002736","Global",28,false,false,"ok"
"10002753","FUN_10002753","Global",41,false,false,"ok"
"1000277c","FUN_1000277c","Global",11,false,false,"ok"
"10002787","FUN_10002787","Global",10,false,false,"ok"
"10002792","FUN_10002792","Global",197,false,false,"ok"
"10002858","FUN_10002858","Global",14,false,false,"ok"
"10002866","FUN_10002866","Global",54,false,false,"ok"
"1000289c","FUN_1000289c","Global",47,false,false,"ok"
"100028cb","FUN_100028cb","Global",51,false,false,"ok"
"100028fe","FUN_100028fe","Global",51,false,false,"ok"
"10002931","FUN_10002931","Global",68,false,false,"ok"
"10002975","FUN_10002975","Global",63,false,false,"ok"
"100029b4","FUN_100029b4","Global",78,false,false,"ok"
"10002a02","FUN_10002a02","Global",104,false,false,"ok"
"10002a6b","_Fgetc<char>","std",32,false,false,"ok"
"10002a8b","FUN_10002a8b","Global",26,false,false,"ok"
"10002aa5","operator_unsigned_int","std::locale::id",53,false,false,"ok"
"10002ada","FUN_10002ada","Global",6,false,false,"ok"
"10002ae0","FUN_10002ae0","Global",141,false,false,"ok"
"10002b6e","FUN_10002b6e","Global",159,false,false,"ok"
"10002c0e","FUN_10002c0e","Global",22,false,false,"ok"
"10002c24","FUN_10002c24","Global",151,false,false,"ok"
"10002cbb","FUN_10002cbb","Global",66,false,false,"ok"
"10002cfd","FUN_10002cfd","Global",28,false,false,"ok"
"10002d19","FUN_10002d19","Global",73,false,false,"ok"
"10002d62","FUN_10002d62","Global",161,false,false,"ok"
"10002e03","Catch_All@10002e03","Global",44,false,false,"ok"
"10002e35","FUN_10002e35","Global",85,false,false,"ok"
"10002e8a","getline<char,std::char_traits<char>,std::allocator<char>_>","std",40,false,false,"ok"
"10002eb2","FUN_10002eb2","Global",28,false,false,"ok"
"10002ece","FUN_10002ece","Global",83,false,false,"ok"
"10002f21","FUN_10002f21","Global",141,false,false,"ok"
"10002faf","FUN_10002faf","Global",141,false,false,"ok"
"1000303d","FUN_1000303d","Global",66,false,false,"ok"
"1000307f","FUN_1000307f","Global",173,false,false,"ok"
"1000312c","FUN_1000312c","Global",37,false,false,"ok"
"10003151","FUN_10003151","Global",131,false,false,"ok"
"100031d4","FUN_100031d4","Global",109,false,false,"ok"
"10003241","FUN_10003241","Global",108,false,false,"ok"
"100032b2","FUN_100032b2","Global",60,false,false,"ok"
"100032ee","FUN_100032ee","Global",84,false,false,"ok"
"10003343","FUN_10003343","Global",63,false,false,"ok"
"10003382","FUN_10003382","Global",48,false,false,"ok"
"100033b2","ctype<char>","std::ctype<char>",54,false,false,"ok"
"100033e8","FUN_100033e8","Global",50,false,false,"ok"
"1000341a","FUN_1000341a","Global",108,false,false,"ok"
"10003487","Sentry_base","Global",36,false,false,"ok"
"100034ab","FUN_100034ab","Global",108,false,false,"ok"
"10003517","FUN_10003517","Global",42,false,false,"ok"
"10003541","FUN_10003541","Global",27,false,false,"ok"
"1000355c","FUN_1000355c","Global",30,false,false,"ok"
"1000357a","FUN_1000357a","Global",59,false,false,"ok"
"100035b5","FUN_100035b5","Global",27,false,false,"ok"
"100035d0","failure","std::ios_base::failure",39,false,false,"ok"
"100035f7","FUN_100035f7","Global",44,false,false,"ok"
"10003623","FUN_10003623","Global",27,false,false,"ok"
"1000363e","FUN_1000363e","Global",40,false,false,"ok"
"10003666","FUN_10003666","Global",55,false,false,"ok"
"1000369d","sentry","Global",88,false,false,"ok"
"100036f5","FUN_100036f5","Global",27,false,false,"ok"
"10003710","FUN_10003710","Global",80,false,false,"ok"
"10003760","thunk_FUN_10004512","Global",5,false,true,"ok"
"10003765","~basic_filebuf<char,std::char_traits<char>_>","std::basic_filebuf<char,std::char_traits<char>_>",88,false,false,"ok"
"100037c2","~basic_stringstream<char,std::char_traits<char>,std::allocator<char>_>","std::basic_stringstream<char,std::char_traits<char>,std::allocator<char>_>",47,false,false,"ok"
"100037f1","FUN_100037f1","Global",67,false,false,"ok"
"10003839","~basic_iostream<char,std::char_traits<char>_>","std::basic_iostream<char,std::char_traits<char>_>",86,false,false,"ok"
"1000388f","FUN_1000388f","Global",28,false,false,"ok"
"100038ab","FUN_100038ab","Global",28,false,false,"ok"
"100038c7","~basic_streambuf<char,std::char_traits<char>_>","std::basic_streambuf<char,std::char_traits<char>_>",33,false,false,"ok"
"100038e8","FUN_100038e8","Global",13,false,false,"ok"
"100038f5","FUN_100038f5","Global",113,false,false,"ok"
"1000396b","FUN_1000396b","Global",67,false,false,"ok"
"100039b3","FUN_100039b3","Global",7,false,false,"ok"
"100039ba","FUN_100039ba","Global",25,false,false,"ok"
"100039d3","FUN_100039d3","Global",5,false,false,"ok"
"100039d8","FUN_100039d8","Global",27,false,false,"ok"
"100039f3","operator==","std",39,false,false,"ok"
"10003a1a","FUN_10003a1a","Global",49,false,false,"ok"
"10003a4b","FUN_10003a4b","Global",19,false,false,"ok"
"10003a5e","FUN_10003a5e","Global",34,false,false,"ok"
"10003a80","FUN_10003a80","Global",34,false,false,"ok"
"10003aa2","FUN_10003aa2","Global",8,false,false,"ok"
"10003aaa","FUN_10003aaa","Global",8,false,false,"ok"
"10003ab2","FUN_10003ab2","Global",8,false,false,"ok"
"10003aba","FUN_10003aba","Global",8,false,false,"ok"
"10003ac2","FID_conflict:`scalar_deleting_destructor'","Global",34,false,false,"ok"
"10003ae4","FUN_10003ae4","Global",49,false,false,"ok"
"10003b15","`scalar_deleting_destructor'","CRectTracker",34,false,false,"ok"
"10003b37","FUN_10003b37","Global",46,false,false,"ok"
"10003b65","FUN_10003b65","Global",37,false,false,"ok"
"10003b8a","FUN_10003b8a","Global",37,false,false,"ok"
"10003baf","FUN_10003baf","Global",34,false,false,"ok"
"10003bd1","FUN_10003bd1","Global",35,false,false,"ok"
"10003bf4","`scalar_deleting_destructor'","std::ctype<char>",46,false,false,"ok"
"10003c22","FUN_10003c22","Global",35,false,false,"ok"
"10003c45","FUN_10003c45","Global",29,false,false,"ok"
"10003c62","FUN_10003c62","Global",45,false,false,"ok"
"10003c8f","FUN_10003c8f","Global",91,false,false,"ok"
"10003cef","FUN_10003cef","Global",474,false,false,"ok"
"10003ec9","FUN_10003ec9","Global",12,false,false,"ok"
"10003ed5","FUN_10003ed5","Global",24,false,false,"ok"
"10003eed","FUN_10003eed","Global",15,false,false,"ok"
"10003efc","FUN_10003efc","Global",150,false,false,"ok"
"10003f92","FUN_10003f92","Global",73,false,false,"ok"
"10003fdb","FUN_10003fdb","Global",107,false,false,"ok"
"10004046","_Getcat","std::ctype<char>",102,false,false,"ok"
"100040ac","FUN_100040ac","Global",64,false,false,"ok"
"100040ec","FUN_100040ec","Global",5,false,false,"ok"
"100040f1","FUN_100040f1","Global",123,false,false,"ok"
"1000416c","FUN_1000416c","Global",64,false,false,"ok"
"100041ac","_Init","std::ios_base",102,false,false,"ok"
"10004217","FUN_10004217","Global",46,false,false,"ok"
"10004245","FUN_10004245","Global",244,false,false,"ok"
"10004339","Catch_All@10004339","Global",44,false,false,"ok"
"1000436f","FUN_1000436f","Global",21,false,false,"ok"
"10004384","FUN_10004384","Global",16,false,false,"ok"
"10004394","guard_check_icall","Global",3,false,false,"ok"
"10004397","FUN_10004397","Global",123,false,false,"ok"
"10004412","FUN_10004412","Global",120,false,false,"ok"
"1000448a","Catch_All@1000448a","Global",6,false,false,"ok"
"10004495","_Reset_back","std::basic_filebuf<char,std::char_traits<char>_>",35,false,false,"ok"
"100044b8","FUN_100044b8","Global",61,false,false,"ok"
"100044f5","FUN_100044f5","Global",28,false,false,"ok"
"10004512","FUN_10004512","Global",24,false,false,"ok"
"1000452a","_Tidy","std::ctype<char>",42,false,false,"ok"
"10004554","FUN_10004554","Global",16,false,false,"ok"
"10004564","FUN_10004564","Global",85,false,false,"ok"
"100045b9","FUN_100045b9","Global",105,false,false,"ok"
"10004623","FUN_10004623","Global",103,false,false,"ok"
"1000468a","FUN_1000468a","Global",48,false,false,"ok"
"100046ba","FUN_100046ba","Global",18,false,false,"ok"
"100046cc","FUN_100046cc","Global",3,false,false,"ok"
"100046cf","FUN_100046cf","Global",4,false,false,"ok"
"100046d3","FUN_100046d3","Global",26,false,false,"ok"
"100046ed","FUN_100046ed","Global",21,false,false,"ok"
"10004702","FUN_10004702","Global",10,false,false,"ok"
"1000470c","do_narrow","std::ctype<char>",31,false,false,"ok"
"1000472b","FUN_1000472b","Global",23,false,false,"ok"
"10004742","FUN_10004742","Global",44,false,false,"ok"
"1000476e","FUN_1000476e","Global",23,false,false,"ok"
"10004785","FUN_10004785","Global",44,false,false,"ok"
"100047b1","FUN_100047b1","Global",18,false,false,"ok"
"100047c3","FUN_100047c3","Global",10,false,false,"ok"
"100047cd","do_widen","std::ctype<char>",31,false,false,"ok"
"100047ec","equivalent","std::error_category",36,false,false,"ok"
"10004810","FUN_10004810","Global",32,false,false,"ok"
"10004830","FUN_10004830","Global",39,false,false,"ok"
"10004858","FUN_10004858","Global",49,false,false,"ok"
"10004889","FUN_10004889","Global",79,false,false,"ok"
"100048d8","Catch_All@100048d8","Global",44,false,false,"ok"
"1000490e","FUN_1000490e","Global",46,false,false,"ok"
"1000493c","FUN_1000493c","Global",28,false,false,"ok"
"10004958","FUN_10004958","Global",3,false,false,"ok"
"1000495b","FUN_1000495b","Global",76,false,false,"ok"
"100049a7","FUN_100049a7","Global",25,false,false,"ok"
"100049c0","FUN_100049c0","Global",52,false,false,"ok"
"100049f4","FUN_100049f4","Global",6,false,false,"ok"
"100049fa","FUN_100049fa","Global",213,false,false,"ok"
"10004acf","FUN_10004acf","Global",112,false,false,"ok"
"10004b3f","FUN_10004b3f","Global",252,false,false,"ok"
"10004c3b","FUN_10004c3b","Global",6,false,false,"ok"
"10004c41","FUN_10004c41","Global",127,false,false,"ok"
"10004cc0","FUN_10004cc0","Global",55,false,false,"ok"
"10004cf7","FUN_10004cf7","Global",37,false,false,"ok"
"10004d1c","FUN_10004d1c","Global",198,false,false,"ok"
"10004de2","FUN_10004de2","Global",37,false,false,"ok"
"10004e07","FUN_10004e07","Global",139,false,false,"ok"
"10004e92","FUN_10004e92","Global",37,false,false,"ok"
"10004eb7","setbuf","std::basic_filebuf<char,std::char_traits<char>_>",78,false,false,"ok"
"10004f05","FUN_10004f05","Global",5,false,false,"ok"
"10004f0a","FUN_10004f0a","Global",26,false,false,"ok"
"10004f24","FUN_10004f24","Global",5,false,false,"ok"
"10004f29","FUN_10004f29","Global",58,false,false,"ok"
"10004f63","FUN_10004f63","Global",97,false,false,"ok"
"10004fc5","FUN_10004fc5","Global",46,false,false,"ok"
"10004ff3","FUN_10004ff3","Global",3,false,false,"ok"
"10004ff6","FUN_10004ff6","Global",374,false,false,"ok"
"1000516c","uflow","std::basic_streambuf<char,std::char_traits<char>_>",37,false,false,"ok"
"10005191","FUN_10005191","Global",58,false,false,"ok"
"100051cb","FUN_100051cb","Global",4,false,false,"ok"
"100051cf","FUN_100051cf","Global",75,false,false,"ok"
"1000521a","FUN_1000521a","Global",226,false,false,"ok"
"100052fc","FUN_100052fc","Global",226,false,false,"ok"
"100053de","FUN_100053de","Global",224,false,false,"ok"
"100054be","FUN_100054be","Global",224,false,false,"ok"
"1000559e","FUN_1000559e","Global",32,false,false,"ok"
"100055be","FUN_100055be","Global",366,false,false,"ok"
"1000572c","Catch_All@1000572c","Global",44,false,false,"ok"
"10005763","FUN_10005763","Global",46,false,false,"ok"
"10005791","FUN_10005791","Global",124,false,false,"ok"
"1000580e","FUN_1000580e","Global",49,false,false,"ok"
"1000583f","FUN_1000583f","Global",776,false,false,"ok"
"10005b47","FUN_10005b47","Global",262,false,false,"ok"
"10005c4d","Catch_All@10005c4d","Global",44,false,false,"ok"
"10005c84","FUN_10005c84","Global",46,false,false,"ok"
"10005cb2","FUN_10005cb2","Global",8,false,false,"ok"
"10005cba","FUN_10005cba","Global",61,false,false,"ok"
"10005cf8","FUN_10005cf8","Global",141,false,false,"ok"
"10005d86","FUN_10005d86","Global",144,false,false,"ok"
"10005e17","FUN_10005e17","Global",44,false,false,"ok"
"10005e43","FUN_10005e43","Global",141,false,false,"ok"
"10005ed1","FUN_10005ed1","Global",141,false,false,"ok"
"10005f5f","FUN_10005f5f","Global",48,false,false,"ok"
"10005f8f","FUN_10005f8f","Global",57,false,false,"ok"
"10005fc8","FUN_10005fc8","Global",11,false,false,"ok"
"10005fd3","operator=","std::ostreambuf_iterator<char,std::char_traits<char>_>",36,false,false,"ok"
"10005ff7","FUN_10005ff7","Global",209,false,false,"ok"
"10006093","Catch_All@10006093","Global",44,false,false,"ok"
"100060fe","FUN_100060fe","Global",207,false,false,"ok"
"10006198","Catch_All@10006198","Global",44,false,false,"ok"
"10006203","FUN_10006203","Global",51,false,false,"ok"
"10006236","FUN_10006236","Global",73,false,false,"ok"
"1000627f","FUN_1000627f","Global",46,false,false,"ok"
"100062ad","FUN_100062ad","Global",153,false,false,"ok"
"10006346","FUN_10006346","Global",107,false,false,"ok"
"100063b1","FUN_100063b1","Global",109,false,false,"ok"
"1000641e","_Ifmt","std::num_put<char,std::ostreambuf_iterator<char,std::char_traits<char>_>_>",117,false,false,"ok"
"10006493","FUN_10006493","Global",198,false,false,"ok"
"10006559","FUN_10006559","Global",694,false,false,"ok"
"1000680f","FUN_1000680f","Global",51,false,false,"ok"
"10006842","FUN_10006842","Global",44,false,false,"ok"
"1000686e","Tidy","Global",32,false,false,"ok"
"1000688e","FUN_1000688e","Global",87,false,false,"ok"
"100068e5","FUN_100068e5","Global",4,false,false,"ok"
"100068e9","FUN_100068e9","Global",22,false,false,"ok"
"100068ff","FUN_100068ff","Global",22,false,false,"ok"
"10006915","do_put","Global",107,false,false,"ok"
"10006980","do_put","Global",107,false,false,"ok"
"100069eb","FUN_100069eb","Global",410,false,false,"ok"
"10006b85","FUN_10006b85","Global",410,false,false,"ok"
"10006d1f","do_put","Global",91,false,false,"ok"
"10006d7a","do_put","Global",110,false,false,"ok"
"10006de8","do_put","Global",110,false,false,"ok"
"10006e56","FUN_10006e56","Global",424,false,false,"ok"
"10006ffe","FUN_10006ffe","Global",4,false,false,"ok"
"10007002","FUN_10007002","Global",22,false,false,"ok"
"10007018","FUN_10007018","Global",111,false,false,"ok"
"10007088","FUN_10007088","Global",79,false,false,"ok"
"100070d7","Catch_All@100070d7","Global",44,false,false,"ok"
"1000710d","FUN_1000710d","Global",48,false,false,"ok"
"1000713d","FUN_1000713d","Global",44,false,false,"ok"
"10007169","FUN_10007169","Global",64,false,false,"ok"
"100071a9","FUN_100071a9","Global",91,false,false,"ok"
"10007204","FUN_10007204","Global",6,false,false,"ok"
"1000720a","FUN_1000720a","Global",6,false,false,"ok"
"10007210","FUN_10007210","Global",22,false,false,"ok"
"10007226","FUN_10007226","Global",48,false,false,"ok"
"10007256","FUN_10007256","Global",46,false,false,"ok"
"10007284","FUN_10007284","Global",28,false,false,"ok"
"100072a0","FUN_100072a0","Global",46,false,false,"ok"
"100072ce","FUN_100072ce","Global",43,false,false,"ok"
"100072f9","FUN_100072f9","Global",20,false,false,"ok"
"1000730e","FUN_1000730e","Global",42,false,false,"ok"
"10007338","FUN_10007338","Global",34,false,false,"ok"
"1000735a","FUN_1000735a","Global",360,false,false,"ok"
"100074c2","FUN_100074c2","Global",49,false,false,"ok"
"100074f3","FUN_100074f3","Global",73,false,false,"ok"
"1000753c","FUN_1000753c","Global",112,false,false,"ok"
"100075ac","FUN_100075ac","Global",14,false,false,"ok"
"100075ba","FUN_100075ba","Global",3,false,false,"ok"
"100075bd","FUN_100075bd","Global",19,false,false,"ok"
"100075d0","FUN_100075d0","Global",19,false,false,"ok"
"100075e3","FUN_100075e3","Global",22,false,false,"ok"
"100075f9","FUN_100075f9","Global",20,false,false,"ok"
"1000760d","FUN_1000760d","Global",98,false,false,"ok"
"1000766f","FUN_1000766f","Global",8,false,false,"ok"
"10007677","FUN_10007677","Global",10,false,false,"ok"
"10007681","FUN_10007681","Global",48,false,false,"ok"
"100076b1","FUN_100076b1","Global",48,false,false,"ok"
"100076e1","FUN_100076e1","Global",49,false,false,"ok"
"10007712","_Copy_construct_from<>","Global",31,false,false,"ok"
"10007731","FUN_10007731","Global",32,false,false,"ok"
"10007751","FUN_10007751","Global",27,false,false,"ok"
"1000776c","FUN_1000776c","Global",31,false,false,"ok"
"1000778b","FUN_1000778b","Global",108,false,false,"ok"
"100077f7","FUN_100077f7","Global",57,false,false,"ok"
"10007830","FUN_10007830","Global",6,false,false,"ok"
"10007836","FUN_10007836","Global",6,false,false,"ok"
"1000783c","FUN_1000783c","Global",23,false,false,"ok"
"10007853","FUN_10007853","Global",12,false,false,"ok"
"1000785f","FUN_1000785f","Global",36,false,false,"ok"
"10007883","FUN_10007883","Global",41,false,false,"ok"
"100078ac","FUN_100078ac","Global",44,false,false,"ok"
"100078d8","FUN_100078d8","Global",41,false,false,"ok"
"10007901","FUN_10007901","Global",37,false,false,"ok"
"10007926","FUN_10007926","Global",30,false,false,"ok"
"10007944","FUN_10007944","Global",91,false,false,"ok"
"1000799f","FUN_1000799f","Global",31,false,false,"ok"
"100079be","FUN_100079be","Global",38,false,false,"ok"
"100079e4","FUN_100079e4","Global",69,false,false,"ok"
"10007a2a","FUN_10007a2a","Global",107,false,false,"ok"
"10007a95","FUN_10007a95","Global",26,false,false,"ok"
"10007aaf","FUN_10007aaf","Global",55,false,false,"ok"
"10007ae6","FUN_10007ae6","Global",64,false,false,"ok"
"10007b26","FUN_10007b26","Global",43,false,false,"ok"
"10007b51","FUN_10007b51","Global",44,false,false,"ok"
"10007b7d","FUN_10007b7d","Global",91,false,false,"ok"
"10007bd8","FUN_10007bd8","Global",91,false,false,"ok"
"10007c33","FUN_10007c33","Global",16,false,false,"ok"
"10007c44","FUN_10007c44","Global",79,false,false,"ok"
"10007c93","FUN_10007c93","Global",59,false,false,"ok"
"10007cce","FUN_10007cce","Global",34,false,false,"ok"
"10007cf0","FUN_10007cf0","Global",16,false,false,"ok"
"10007d00","FUN_10007d00","Global",44,false,false,"ok"
"10007d2c","FUN_10007d2c","Global",71,false,false,"ok"
"10007d73","FUN_10007d73","Global",49,false,false,"ok"
"10007da4","FUN_10007da4","Global",94,false,false,"ok"
"10007e02","FUN_10007e02","Global",84,false,false,"ok"
"10007e56","FUN_10007e56","Global",161,false,false,"ok"
"10007ef7","FUN_10007ef7","Global",37,false,false,"ok"
"10007f1c","FUN_10007f1c","Global",27,false,false,"ok"
"10007f37","FUN_10007f37","Global",42,false,false,"ok"
"10007f61","FUN_10007f61","Global",47,false,false,"ok"
"10007f90","FUN_10007f90","Global",27,false,false,"ok"
"10007fab","FUN_10007fab","Global",27,false,false,"ok"
"10007fc6","FUN_10007fc6","Global",27,false,false,"ok"
"10007fe1","FUN_10007fe1","Global",31,false,false,"ok"
"10008000","FUN_10008000","Global",34,false,false,"ok"
"10008022","FUN_10008022","Global",95,false,false,"ok"
"10008081","thunk_FUN_1000a65f","Global",5,false,true,"ok"
"10008086","thunk_FUN_10009936","Global",5,false,true,"ok"
"1000808b","FUN_1000808b","Global",12,false,false,"ok"
"10008097","FUN_10008097","Global",43,false,false,"ok"
"100080c2","FUN_100080c2","Global",89,false,false,"ok"
"10008120","FUN_10008120","Global",22,false,false,"ok"
"10008136","thunk_FUN_1000813b","Global",5,false,true,"ok"
"1000813b","FUN_1000813b","Global",21,false,false,"ok"
"10008150","FUN_10008150","Global",84,false,false,"ok"
"100081a9","~call<unsigned_int,std::function<void___cdecl(unsigned_int_const&)>_>","Concurrency::call<unsigned_int,std::function<void___cdecl(unsigned_int_const&)>_>",80,false,false,"ok"
"100081fe","FUN_100081fe","Global",9,false,false,"ok"
"10008207","FUN_10008207","Global",12,false,false,"ok"
"10008213","FUN_10008213","Global",15,false,false,"ok"
"10008222","FUN_10008222","Global",14,false,false,"ok"
"10008230","~refcount_ptr<boost::exception_detail::error_info_container>","boost::exception_detail::refcount_ptr<boost::exception_detail::error_info_container>",52,false,false,"ok"
"10008269","FUN_10008269","Global",91,false,false,"ok"
"100082cf","FUN_100082cf","Global",17,false,false,"ok"
"100082e0","FUN_100082e0","Global",26,false,false,"ok"
"100082fa","FUN_100082fa","Global",8,false,false,"ok"
"10008302","FUN_10008302","Global",54,false,false,"ok"
"1000833d","FUN_1000833d","Global",108,false,false,"ok"
"100083ae","FUN_100083ae","Global",68,false,false,"ok"
"100083f7","FUN_100083f7","Global",8,false,false,"ok"
"100083ff","FUN_100083ff","Global",112,false,false,"ok"
"10008474","FUN_10008474","Global",8,false,false,"ok"
"1000847c","FUN_1000847c","Global",53,false,false,"ok"
"100084b1","FUN_100084b1","Global",63,false,false,"ok"
"100084f0","FUN_100084f0","Global",38,false,false,"ok"
"10008516","FUN_10008516","Global",1661,false,false,"ok"
"10008b93","FUN_10008b93","Global",11,false,false,"ok"
"10008b9e","FUN_10008b9e","Global",514,false,false,"ok"
"10008da0","FUN_10008da0","Global",75,false,false,"ok"
"10008deb","FUN_10008deb","Global",172,false,false,"ok"
"10008e97","Catch_All@10008e97","Global",52,false,false,"ok"
"10008ecb","FUN_10008ecb","Global",34,false,false,"ok"
"10008eed","FUN_10008eed","Global",43,false,false,"ok"
"10008f18","`scalar_deleting_destructor'","Concurrency::details::UMSThreadProxy",37,false,false,"ok"
"10008f3d","FUN_10008f3d","Global",41,false,false,"ok"
"10008f66","FUN_10008f66","Global",40,false,false,"ok"
"10008f8e","FUN_10008f8e","Global",34,false,false,"ok"
"10008fb0","FUN_10008fb0","Global",38,false,false,"ok"
"10008fd6","FUN_10008fd6","Global",35,false,false,"ok"
"10008ff9","FUN_10008ff9","Global",37,false,false,"ok"
"1000901e","`scalar_deleting_destructor'","Concurrency::call<unsigned_int,std::function<void___cdecl(unsigned_int_const&)>_>",37,false,false,"ok"
"10009043","FUN_10009043","Global",85,false,false,"ok"
"1000909d","FUN_1000909d","Global",35,false,false,"ok"
"100090c0","FUN_100090c0","Global",35,false,false,"ok"
"100090e3","FUN_100090e3","Global",37,false,false,"ok"
"10009157","FUN_10009157","Global",99,false,false,"ok"
"1000946a","FUN_1000946a","Global",50,false,false,"ok"
"100094d5","FUN_100094d5","Global",46,false,false,"ok"
"10009504","FUN_10009504","Global",44,false,false,"ok"
"10009530","FUN_10009530","Global",60,false,false,"ok"
"1000956c","FUN_1000956c","Global",70,false,false,"ok"
"100095ad","Catch_All@100095ad","Global",25,false,false,"ok"
"10009600","FUN_10009600","Global",282,false,false,"ok"
"1000971a","FUN_1000971a","Global",113,false,false,"ok"
"1000978b","FUN_1000978b","Global",47,false,false,"ok"
"100097ba","FUN_100097ba","Global",91,false,false,"ok"
"10009816","FUN_10009816","Global",22,false,false,"ok"
"1000982c","FUN_1000982c","Global",13,false,false,"ok"
"10009839","FUN_10009839","Global",22,false,false,"ok"
"1000984f","FUN_1000984f","Global",19,false,false,"ok"
"10009862","FUN_10009862","Global",22,false,false,"ok"
"10009878","FUN_10009878","Global",27,false,false,"ok"
"10009893","FUN_10009893","Global",123,false,false,"ok"
"1000990e","FUN_1000990e","Global",40,false,false,"ok"
"10009936","FUN_10009936","Global",23,false,false,"ok"
"1000994d","FUN_1000994d","Global",21,false,false,"ok"
"10009962","FUN_10009962","Global",23,false,false,"ok"
"10009979","FUN_10009979","Global",35,false,false,"ok"
"1000999c","FUN_1000999c","Global",34,false,false,"ok"
"100099be","FUN_100099be","Global",12,false,false,"ok"
"100099ca","FUN_100099ca","Global",228,false,false,"ok"
"10009aae","FUN_10009aae","Global",37,false,false,"ok"
"10009ad3","FUN_10009ad3","Global",10,false,false,"ok"
"10009add","FUN_10009add","Global",8,false,false,"ok"
"10009ae5","FUN_10009ae5","Global",11,false,false,"ok"
"10009af0","FUN_10009af0","Global",8,false,false,"ok"
"10009af8","FUN_10009af8","Global",11,false,false,"ok"
"10009b03","FUN_10009b03","Global",8,false,false,"ok"
"10009b0b","FUN_10009b0b","Global",14,false,false,"ok"
"10009b19","FUN_10009b19","Global",8,false,false,"ok"
"10009b21","FUN_10009b21","Global",11,false,false,"ok"
"10009b2c","FUN_10009b2c","Global",47,false,false,"ok"
"10009b5b","FUN_10009b5b","Global",8,false,false,"ok"
"10009b63","FUN_10009b63","Global",77,false,false,"ok"
"10009bb0","_Future_error_map","std",58,false,false,"ok"
"10009bea","FUN_10009bea","Global",4,false,false,"ok"
"10009bee","FUN_10009bee","Global",4,false,false,"ok"
"10009bf2","FUN_10009bf2","Global",27,false,false,"ok"
"10009c0d","FUN_10009c0d","Global",79,false,false,"ok"
"10009c5c","FUN_10009c5c","Global",5,false,false,"ok"
"10009c61","FUN_10009c61","Global",37,false,false,"ok"
"10009c87","FUN_10009c87","Global",175,false,false,"ok"
"10009d36","FUN_10009d36","Global",35,false,false,"ok"
"10009d5a","FUN_10009d5a","Global",41,false,false,"ok"
"10009d84","FUN_10009d84","Global",8,false,false,"ok"
"10009d8c","FUN_10009d8c","Global",3,false,false,"ok"
"10009d8f","FUN_10009d8f","Global",8,false,false,"ok"
"10009d97","FUN_10009d97","Global",37,false,false,"ok"
"10009dbc","FUN_10009dbc","Global",165,false,false,"ok"
"10009e62","FUN_10009e62","Global",96,false,false,"ok"
"10009ec2","FUN_10009ec2","Global",59,false,false,"ok"
"10009efd","FUN_10009efd","Global",71,false,false,"ok"
"10009f44","FUN_10009f44","Global",32,false,false,"ok"
"10009f64","FUN_10009f64","Global",22,false,false,"ok"
"10009f7a","FUN_10009f7a","Global",33,false,false,"ok"
"10009f9c","FUN_10009f9c","Global",53,false,false,"ok"
"10009fd1","FUN_10009fd1","Global",35,false,false,"ok"
"10009ff4","FUN_10009ff4","Global",156,false,false,"ok"
"1000a090","FUN_1000a090","Global",130,false,false,"ok"
"1000a112","FUN_1000a112","Global",21,false,false,"ok"
"1000a127","FUN_1000a127","Global",45,false,false,"ok"
"1000a154","FUN_1000a154","Global",50,false,false,"ok"
"1000a186","FUN_1000a186","Global",120,false,false,"ok"
"1000a1fe","FUN_1000a1fe","Global",107,false,false,"ok"
"1000a269","FUN_1000a269","Global",38,false,false,"ok"
"1000a28f","FUN_1000a28f","Global",48,false,false,"ok"
"1000a2bf","FUN_1000a2bf","Global",63,false,false,"ok"
"1000a2ff","FUN_1000a2ff","Global",118,false,false,"ok"
"1000a375","FUN_1000a375","Global",80,false,false,"ok"
"1000a3c5","FUN_1000a3c5","Global",50,false,false,"ok"
"1000a3f7","FUN_1000a3f7","Global",44,false,false,"ok"
"1000a423","Catch@1000a423","Global",6,false,false,"ok"
"1000a429","Catch@1000a429","Global",6,false,false,"ok"
"1000a42f","Catch_All@1000a42f","Global",58,false,false,"ok"
"1000a469","FUN_1000a469","Global",48,false,false,"ok"
"1000a499","FUN_1000a499","Global",33,false,false,"ok"
"1000a4ba","FUN_1000a4ba","Global",104,false,false,"ok"
"1000a522","FUN_1000a522","Global",80,false,false,"ok"
"1000a573","FUN_1000a573","Global",80,false,false,"ok"
"1000a5c3","FUN_1000a5c3","Global",39,false,false,"ok"
"1000a5eb","FUN_1000a5eb","Global",6,false,false,"ok"
"1000a5f1","FUN_1000a5f1","Global",6,false,false,"ok"
"1000a5f7","FUN_1000a5f7","Global",6,false,false,"ok"
"1000a5fd","FUN_1000a5fd","Global",6,false,false,"ok"
"1000a603","FUN_1000a603","Global",6,false,false,"ok"
"1000a609","FUN_1000a609","Global",6,false,false,"ok"
"1000a60f","FUN_1000a60f","Global",31,false,false,"ok"
"1000a62f","FUN_1000a62f","Global",47,false,false,"ok"
"1000a65f","FUN_1000a65f","Global",33,false,false,"ok"
"1000a680","FUN_1000a680","Global",38,false,false,"ok"
"1000a6a6","FUN_1000a6a6","Global",46,false,false,"ok"
"1000a6d4","FUN_1000a6d4","Global",23,false,false,"ok"
"1000a6ec","FUN_1000a6ec","Global",22,false,false,"ok"
"1000a702","FUN_1000a702","Global",102,false,false,"ok"
"1000a768","FUN_1000a768","Global",19,false,false,"ok"
"1000a77b","FUN_1000a77b","Global",52,false,false,"ok"
"1000a7af","Catch@1000a7af","Global",6,false,false,"ok"
"1000a7b5","Catch@1000a7b5","Global",6,false,false,"ok"
"1000a7c1","FUN_1000a7c1","Global",48,false,false,"ok"
"1000a7f1","Catch_All@1000a7f1","Global",64,false,false,"ok"
"1000a831","FUN_1000a831","Global",11,false,false,"ok"
"1000a83c","FUN_1000a83c","Global",30,false,false,"ok"
"1000a85a","FUN_1000a85a","Global",32,false,false,"ok"
"1000a87b","FUN_1000a87b","Global",83,false,false,"ok"
"1000a8ce","FUN_1000a8ce","Global",25,false,false,"ok"
"1000a8e7","FUN_1000a8e7","Global",69,false,false,"ok"
"1000a92c","FUN_1000a92c","Global",75,false,false,"ok"
"1000a977","Catch@1000a977","Global",29,false,false,"ok"
"1000a994","Catch@1000a994","Global",29,false,false,"ok"
"1000a9b1","Catch_All@1000a9b1","Global",55,false,false,"ok"
"1000a9eb","FUN_1000a9eb","Global",26,false,false,"ok"
"1000aa05","FUN_1000aa05","Global",35,false,false,"ok"
"1000aa28","FUN_1000aa28","Global",38,false,false,"ok"
"1000aa4f","FUN_1000aa4f","Global",25,false,false,"ok"
"1000aa68","FUN_1000aa68","Global",42,false,false,"ok"
"1000aa92","FUN_1000aa92","Global",29,false,false,"ok"
"1000aaaf","FUN_1000aaaf","Global",6,false,false,"ok"
"1000aab5","FUN_1000aab5","Global",6,false,false,"ok"
"1000aabb","FUN_1000aabb","Global",63,false,false,"ok"
"1000aafa","FUN_1000aafa","Global",70,false,false,"ok"
"1000ab40","FUN_1000ab40","Global",29,false,false,"ok"
"1000ab5d","FUN_1000ab5d","Global",62,false,false,"ok"
"1000ab9b","FUN_1000ab9b","Global",35,false,false,"ok"
"1000abbf","FUN_1000abbf","Global",24,false,false,"ok"
"1000abd7","what","std::future_error",10,false,false,"ok"
"1000abe1","FUN_1000abe1","Global",334,false,false,"ok"
"1000ad2f","FUN_1000ad2f","Global",83,false,false,"ok"
"1000ad82","FUN_1000ad82","Global",92,false,false,"ok"
"1000adde","FUN_1000adde","Global",405,false,false,"ok"
"1000af73","FUN_1000af73","Global",292,false,false,"ok"
"1000b097","`scalar_deleting_destructor'","std::basic_stringbuf<char,std::char_traits<char>,std::allocator<char>_>",34,false,false,"ok"
"1000b0b9","FUN_1000b0b9","Global",8,false,false,"ok"
"1000b0c1","FUN_1000b0c1","Global",74,false,false,"ok"
"1000b10b","FUN_1000b10b","Global",121,false,false,"ok"
"1000b184","FUN_1000b184","Global",110,false,false,"ok"
"1000b1f2","FUN_1000b1f2","Global",114,false,false,"ok"
"1000b264","FUN_1000b264","Global",47,false,false,"ok"
"1000b293","~basic_ostringstream<char,std::char_traits<char>,std::allocator<char>_>","std::basic_ostringstream<char,std::char_traits<char>,std::allocator<char>_>",67,false,false,"ok"
"1000b2d6","~basic_stringbuf<char,std::char_traits<char>,std::allocator<char>_>","std::basic_stringbuf<char,std::char_traits<char>,std::allocator<char>_>",22,false,false,"ok"
"1000b2ec","FUN_1000b2ec","Global",33,false,false,"ok"
"1000b30d","FUN_1000b30d","Global",223,false,false,"ok"
"1000b3b9","Catch_All@1000b3b9","Global",44,false,false,"ok"
"1000b427","FUN_1000b427","Global",49,false,false,"ok"
"1000b458","FUN_1000b458","Global",408,false,false,"ok"
"1000bb11","FUN_1000bb11","Global",31,false,false,"ok"
"1000bb30","FUN_1000bb30","Global",31,false,false,"ok"
"1000bb4f","FUN_1000bb4f","Global",31,false,false,"ok"
"1000bb6e","FUN_1000bb6e","Global",49,false,false,"ok"
"1000bb9f","FUN_1000bb9f","Global",49,false,false,"ok"
"1000bbd0","FUN_1000bbd0","Global",49,false,false,"ok"
"1000bc01","FUN_1000bc01","Global",117,false,false,"ok"
"1000bc76","FUN_1000bc76","Global",53,false,false,"ok"
"1000bcab","FUN_1000bcab","Global",147,false,false,"ok"
"1000bd3e","FUN_1000bd3e","Global",85,false,false,"ok"
"1000bd93","FUN_1000bd93","Global",95,false,false,"ok"
"1000bdf2","FUN_1000bdf2","Global",69,false,false,"ok"
"1000be37","FUN_1000be37","Global",88,false,false,"ok"
"1000be8f","FUN_1000be8f","Global",22,false,false,"ok"
"1000bea5","FUN_1000bea5","Global",91,false,false,"ok"
"1000bf00","FUN_1000bf00","Global",138,false,false,"ok"
"1000bf8a","FUN_1000bf8a","Global",427,false,false,"ok"
"1000c135","FUN_1000c135","Global",212,false,false,"ok"
"1000c209","FUN_1000c209","Global",208,false,false,"ok"
"1000c4aa","FUN_1000c4aa","Global",182,false,false,"ok"
"1000c560","FUN_1000c560","Global",299,false,false,"ok"
"1000c68b","FUN_1000c68b","Global",776,false,false,"ok"
"1000c993","FUN_1000c993","Global",418,false,false,"ok"
"1000cb35","FUN_1000cb35","Global",54,false,false,"ok"
"1000cb6b","FUN_1000cb6b","Global",47,false,false,"ok"
"1000cb9a","FUN_1000cb9a","Global",151,false,false,"ok"
"1000cc31","FUN_1000cc31","Global",28,false,false,"ok"
"1000cc4d","FUN_1000cc4d","Global",355,false,false,"ok"
"1000cd71","Catch_All@1000cd71","Global",44,false,false,"ok"
"1000cde4","FUN_1000cde4","Global",125,false,false,"ok"
"1000d0d8","FUN_1000d0d8","Global",486,false,false,"ok"
"1000d2be","FUN_1000d2be","Global",98,false,false,"ok"
"1000d320","FUN_1000d320","Global",56,false,false,"ok"
"1000d358","FUN_1000d358","Global",56,false,false,"ok"
"1000d390","FUN_1000d390","Global",61,false,false,"ok"
"1000d3cd","FUN_1000d3cd","Global",82,false,false,"ok"
"1000d424","FUN_1000d424","Global",17,false,false,"ok"
"1000d435","FUN_1000d435","Global",11,false,false,"ok"
"1000d440","FUN_1000d440","Global",168,false,false,"ok"
"1000d4e8","FUN_1000d4e8","Global",42,false,false,"ok"
"1000d512","FUN_1000d512","Global",189,false,false,"ok"
"1000d5cf","FUN_1000d5cf","Global",24,false,false,"ok"
"1000d5e7","FUN_1000d5e7","Global",24,false,false,"ok"
"1000d5ff","FUN_1000d5ff","Global",114,false,false,"ok"
"1000d672","FUN_1000d672","Global",24,false,false,"ok"
"1000d68a","FUN_1000d68a","Global",45,false,false,"ok"
"1000d6b7","FUN_1000d6b7","Global",181,false,false,"ok"
"1000d76c","FUN_1000d76c","Global",14,false,false,"ok"
"1000d77a","FUN_1000d77a","Global",60,false,false,"ok"
"1000d7b6","FUN_1000d7b6","Global",461,false,false,"ok"
"1000d983","Catch_All@1000d983","Global",44,false,false,"ok"
"1000d9ba","FUN_1000d9ba","Global",46,false,false,"ok"
"1000d9e8","FUN_1000d9e8","Global",31,false,false,"ok"
"1000da07","FUN_1000da07","Global",22,false,false,"ok"
"1000da1d","FUN_1000da1d","Global",22,false,false,"ok"
"1000da33","FUN_1000da33","Global",30,false,false,"ok"
"1000da51","FUN_1000da51","Global",51,false,false,"ok"
"1000da84","FUN_1000da84","Global",20,false,false,"ok"
"1000da98","FUN_1000da98","Global",23,false,false,"ok"
"1000daaf","FUN_1000daaf","Global",120,false,false,"ok"
"1000db28","FUN_1000db28","Global",120,false,false,"ok"
"1000dba1","FUN_1000dba1","Global",19,false,false,"ok"
"1000dbb4","FUN_1000dbb4","Global",801,false,false,"ok"
"1000ded5","FUN_1000ded5","Global",52,false,false,"ok"
"1000df09","FUN_1000df09","Global",163,false,false,"ok"
"1000dfad","FUN_1000dfad","Global",150,false,false,"ok"
"1000e044","FUN_1000e044","Global",65,false,false,"ok"
"1000e085","FUN_1000e085","Global",44,false,false,"ok"
"1000e0b1","FUN_1000e0b1","Global",141,false,false,"ok"
"1000e13f","FUN_1000e13f","Global",141,false,false,"ok"
"1000e1cd","FUN_1000e1cd","Global",141,false,false,"ok"
"1000e25b","FUN_1000e25b","Global",51,false,false,"ok"
"1000e28e","FUN_1000e28e","Global",48,false,false,"ok"
"1000e2be","FUN_1000e2be","Global",57,false,false,"ok"
"1000e2f7","FUN_1000e2f7","Global",57,false,false,"ok"
"1000e330","FUN_1000e330","Global",26,false,false,"ok"
"1000e34a","FUN_1000e34a","Global",54,false,false,"ok"
"1000e380","FUN_1000e380","Global",1665,false,false,"ok"
"1000ea01","thunk_FUN_1001043b","Global",5,false,true,"ok"
"1000ea06","~ctype<>","Global",41,false,false,"ok"
"1000ea2f","FUN_1000ea2f","Global",33,false,false,"ok"
"1000ea50","FUN_1000ea50","Global",41,false,false,"ok"
"1000ea79","FUN_1000ea79","Global",136,false,false,"ok"
"1000eb01","FUN_1000eb01","Global",205,false,false,"ok"
"1000eb99","Catch_All@1000eb99","Global",44,false,false,"ok"
"1000ec04","FUN_1000ec04","Global",75,false,false,"ok"
"1000ec4f","FUN_1000ec4f","Global",34,false,false,"ok"
"1000ec71","FUN_1000ec71","Global",46,false,false,"ok"
"1000ec9f","FUN_1000ec9f","Global",192,false,false,"ok"
"1000ed5f","FUN_1000ed5f","Global",18,false,false,"ok"
"1000ed71","FUN_1000ed71","Global",65,false,false,"ok"
"1000f0e1","FUN_1000f0e1","Global",168,false,false,"ok"
"1000f27a","FUN_1000f27a","Global",192,false,false,"ok"
"1000f33a","FUN_1000f33a","Global",108,false,false,"ok"
"1000f3a6","FUN_1000f3a6","Global",110,false,false,"ok"
"1000f414","FUN_1000f414","Global",392,false,false,"ok"
"1000f5e6","FUN_1000f5e6","Global",44,false,false,"ok"
"1000f612","FUN_1000f612","Global",299,false,false,"ok"
"1000f73d","FUN_1000f73d","Global",209,false,false,"ok"
"1000f80e","FUN_1000f80e","Global",29,false,false,"ok"
"1000fd50","FUN_1000fd50","Global",44,false,false,"ok"
"1000fd7c","FUN_1000fd7c","Global",49,false,false,"ok"
"1000fdad","FUN_1000fdad","Global",77,false,false,"ok"
"1000fdfa","FUN_1000fdfa","Global",61,false,false,"ok"
"1000fe37","FUN_1000fe37","Global",115,false,false,"ok"
"1000feaa","FUN_1000feaa","Global",107,false,false,"ok"
"1000ff15","FUN_1000ff15","Global",109,false,false,"ok"
"1000ff82","Init","Global",57,false,false,"ok"
"1000ffbb","FUN_1000ffbb","Global",199,false,false,"ok"
"10010082","FUN_10010082","Global",699,false,false,"ok"
"1001033d","FUN_1001033d","Global",113,false,false,"ok"
"100103af","FUN_100103af","Global",53,false,false,"ok"
"100103e4","FUN_100103e4","Global",44,false,false,"ok"
"10010410","FUN_10010410","Global",43,false,false,"ok"
"1001043b","FUN_1001043b","Global",49,false,false,"ok"
"1001046c","FUN_1001046c","Global",31,false,false,"ok"
"1001048c","FUN_1001048c","Global",28,false,false,"ok"
"100104a8","FUN_100104a8","Global",5,false,false,"ok"
"100104ad","FUN_100104ad","Global",22,false,false,"ok"
"100104c3","do_is","Global",28,false,false,"ok"
"100104df","do_is","Global",28,false,false,"ok"
"100104fb","FUN_100104fb","Global",9,false,false,"ok"
"10010504","do_narrow","Global",53,false,false,"ok"
"10010539","do_put","Global",107,false,false,"ok"
"100105a4","do_put","Global",107,false,false,"ok"
"1001060f","FUN_1001060f","Global",410,false,false,"ok"
"100107a9","FUN_100107a9","Global",410,false,false,"ok"
"10010943","do_put","Global",91,false,false,"ok"
"1001099e","do_put","Global",110,false,false,"ok"
"10010a0c","do_put","Global",110,false,false,"ok"
"10010a7a","FUN_10010a7a","Global",378,false,false,"ok"
"10010bf4","FUN_10010bf4","Global",48,false,false,"ok"
"10010c24","FUN_10010c24","Global",48,false,false,"ok"
"10010c54","FUN_10010c54","Global",5,false,false,"ok"
"10010c59","do_tolower","Global",47,false,false,"ok"
"10010c88","do_tolower","Global",21,false,false,"ok"
"10010c9d","do_toupper","Global",47,false,false,"ok"
"10010ccc","do_toupper","Global",21,false,false,"ok"
"10010ce1","FUN_10010ce1","Global",22,false,false,"ok"
"10010cf7","do_widen","Global",51,false,false,"ok"
"10010d2a","FUN_10010d2a","Global",9,false,false,"ok"
"10010d33","FUN_10010d33","Global",109,false,false,"ok"
"10010da1","FUN_10010da1","Global",87,false,false,"ok"
"10010df8","Catch_All@10010df8","Global",44,false,false,"ok"
"10010e2e","FUN_10010e2e","Global",48,false,false,"ok"
"10010e5e","FUN_10010e5e","Global",79,false,false,"ok"
"10010ead","FUN_10010ead","Global",54,false,false,"ok"
"10010ee3","FUN_10010ee3","Global",77,false,false,"ok"
"10010f30","_wmemset","Global",42,false,false,"ok"
"10010f82","FUN_10010f82","Global",419,false,false,"ok"
"10011125","FUN_10011125","Global",437,false,false,"ok"
"100112da","FUN_100112da","Global",506,false,false,"ok"
"100114d4","FUN_100114d4","Global",150,false,false,"ok"
"1001156a","FUN_1001156a","Global",150,false,false,"ok"
"10011600","FUN_10011600","Global",190,false,false,"ok"
"100116be","FUN_100116be","Global",168,false,false,"ok"
"100117cb","FUN_100117cb","Global",185,false,false,"ok"
"10011885","thunk_FUN_1000a680","Global",5,false,true,"ok"
"1001188a","FUN_1001188a","Global",24,false,false,"ok"
"100118a2","FUN_100118a2","Global",114,false,false,"ok"
"10011914","FUN_10011914","Global",57,false,false,"ok"
"1001194d","FUN_1001194d","Global",170,false,false,"ok"
"100119f7","FUN_100119f7","Global",8,false,false,"ok"
"100119ff","FUN_100119ff","Global",67,false,false,"ok"
"10011a42","FUN_10011a42","Global",44,false,false,"ok"
"10011a6e","FUN_10011a6e","Global",58,false,false,"ok"
"10011aa9","FUN_10011aa9","Global",64,false,false,"ok"
"10011ae9","FUN_10011ae9","Global",109,false,false,"ok"
"10011b57","FUN_10011b57","Global",42,false,false,"ok"
"10011b81","FUN_10011b81","Global",42,false,false,"ok"
"10011bab","FUN_10011bab","Global",32,false,false,"ok"
"10011bcb","FUN_10011bcb","Global",148,false,false,"ok"
"10011c60","FUN_10011c60","Global",6,false,false,"ok"
"10011c66","FUN_10011c66","Global",73,false,false,"ok"
"10011cb4","FUN_10011cb4","Global",82,false,false,"ok"
"10011d0b","FUN_10011d0b","Global",123,false,false,"ok"
"10011d87","FUN_10011d87","Global",147,false,false,"ok"
"10011e1b","FUN_10011e1b","Global",147,false,false,"ok"
"10011eaf","FUN_10011eaf","Global",144,false,false,"ok"
"10011f40","FUN_10011f40","Global",138,false,false,"ok"
"10011fcb","FUN_10011fcb","Global",144,false,false,"ok"
"1001205c","FUN_1001205c","Global",77,false,false,"ok"
"100120aa","FUN_100120aa","Global",30,false,false,"ok"
"100120c8","FUN_100120c8","Global",27,false,false,"ok"
"100120e3","FUN_100120e3","Global",52,false,false,"ok"
"10012117","FUN_10012117","Global",36,false,false,"ok"
"1001213b","FUN_1001213b","Global",34,false,false,"ok"
"1001215d","FUN_1001215d","Global",77,false,false,"ok"
"100121aa","FUN_100121aa","Global",170,false,false,"ok"
"10012254","FUN_10012254","Global",112,false,false,"ok"
"100122c4","FUN_100122c4","Global",135,false,false,"ok"
"1001234b","FUN_1001234b","Global",60,false,false,"ok"
"10012387","FUN_10012387","Global",32,false,false,"ok"
"10012404","FUN_10012404","Global",169,false,false,"ok"
"100124ad","FUN_100124ad","Global",49,false,false,"ok"
"100124de","~basic_ofstream<char,std::char_traits<char>_>","std::basic_ofstream<char,std::char_traits<char>_>",67,false,false,"ok"
"10012521","FUN_10012521","Global",17,false,false,"ok"
"10012532","FUN_10012532","Global",8,false,false,"ok"
"1001253a","FUN_1001253a","Global",45,false,false,"ok"
"10012567","FUN_10012567","Global",29,false,false,"ok"
"10012585","FUN_10012585","Global",65,false,false,"ok"
"100125c6","FUN_100125c6","Global",40,false,false,"ok"
"100125ee","FUN_100125ee","Global",263,false,false,"ok"
"100126f5","FUN_100126f5","Global",408,false,false,"ok"
"1001288d","FUN_1001288d","Global",57,false,false,"ok"
"100128c6","FUN_100128c6","Global",57,false,false,"ok"
"100128ff","FUN_100128ff","Global",45,false,false,"ok"
"1001292c","FUN_1001292c","Global",75,false,false,"ok"
"10012977","is_slash","Global",25,false,false,"ok"
"10012990","FUN_10012990","Global",261,false,false,"ok"
"10012a95","FUN_10012a95","Global",19,false,false,"ok"
"10012aa8","FUN_10012aa8","Global",49,false,false,"ok"
"10012ad9","`scalar_deleting_destructor'","CDataSourceControl",34,false,false,"ok"
"10012afb","FUN_10012afb","Global",105,false,false,"ok"
"10012b64","FUN_10012b64","Global",188,false,false,"ok"
"10012c20","FUN_10012c20","Global",738,false,false,"ok"
"10012f03","FUN_10012f03","Global",21,false,false,"ok"
"10012f18","FUN_10012f18","Global",21,false,false,"ok"
"10012f2d","FUN_10012f2d","Global",47,false,false,"ok"
"10012f5c","FUN_10012f5c","Global",34,false,false,"ok"
"10012f7e","FUN_10012f7e","Global",22,false,false,"ok"
"10012f95","FUN_10012f95","Global",135,false,false,"ok"
"1001301d","FUN_1001301d","Global",236,false,false,"ok"
"10013109","FUN_10013109","Global",89,false,false,"ok"
"10013162","FUN_10013162","Global",38,false,false,"ok"
"10013188","FUN_10013188","Global",40,false,false,"ok"
"100131b0","FUN_100131b0","Global",148,false,false,"ok"
"10013245","FUN_10013245","Global",25,false,false,"ok"
"1001325e","FUN_1001325e","Global",292,false,false,"ok"
"10013382","FUN_10013382","Global",139,false,false,"ok"
"1001340d","FUN_1001340d","Global",256,false,false,"ok"
"10013512","FUN_10013512","Global",54,false,false,"ok"
"10013548","FUN_10013548","Global",111,false,false,"ok"
"100135b8","FUN_100135b8","Global",47,false,false,"ok"
"100135e8","FUN_100135e8","Global",72,false,false,"ok"
"10013635","FUN_10013635","Global",87,false,false,"ok"
"1001368c","FUN_1001368c","Global",87,false,false,"ok"
"100136e3","FUN_100136e3","Global",71,false,false,"ok"
"1001372a","FUN_1001372a","Global",42,false,false,"ok"
"10013755","FUN_10013755","Global",99,false,false,"ok"
"100137bd","FUN_100137bd","Global",39,false,false,"ok"
"100137e5","FUN_100137e5","Global",43,false,false,"ok"
"10013811","FUN_10013811","Global",83,false,false,"ok"
"10013864","FUN_10013864","Global",66,false,false,"ok"
"100138a7","FUN_100138a7","Global",91,false,false,"ok"
"10013902","FUN_10013902","Global",6,false,false,"ok"
"10013908","FUN_10013908","Global",112,false,false,"ok"
"10013978","FUN_10013978","Global",59,false,false,"ok"
"100139b3","FUN_100139b3","Global",21,false,false,"ok"
"100139c8","FUN_100139c8","Global",38,false,false,"ok"
"100139ee","FUN_100139ee","Global",46,false,false,"ok"
"10013a1c","FUN_10013a1c","Global",83,false,false,"ok"
"10013a70","FUN_10013a70","Global",471,false,false,"ok"
"10013c47","FUN_10013c47","Global",46,false,false,"ok"
"10013c75","FUN_10013c75","Global",38,false,false,"ok"
"10013c9b","FUN_10013c9b","Global",36,false,false,"ok"
"10013cbf","FUN_10013cbf","Global",142,false,false,"ok"
"10013d4d","FUN_10013d4d","Global",12,false,false,"ok"
"10013d59","FUN_10013d59","Global",61,false,false,"ok"
"10013d96","FUN_10013d96","Global",54,false,false,"ok"
"10013dcc","FUN_10013dcc","Global",47,false,false,"ok"
"10013dfb","FUN_10013dfb","Global",51,false,false,"ok"
"10013e2e","FUN_10013e2e","Global",82,false,false,"ok"
"10013e85","FUN_10013e85","Global",82,false,false,"ok"
"10013edc","FUN_10013edc","Global",82,false,false,"ok"
"10013f33","FUN_10013f33","Global",151,false,false,"ok"
"10013fca","FUN_10013fca","Global",28,false,false,"ok"
"10013fe6","FUN_10013fe6","Global",31,false,false,"ok"
"10014005","FUN_10014005","Global",528,false,false,"ok"
"10014215","FUN_10014215","Global",209,false,false,"ok"
"100142e6","FUN_100142e6","Global",258,false,false,"ok"
"100143e8","FUN_100143e8","Global",256,false,false,"ok"
"100144e8","FUN_100144e8","Global",226,false,false,"ok"
"100146ce","FUN_100146ce","Global",111,false,false,"ok"
"1001473d","FUN_1001473d","Global",53,false,false,"ok"
"10014772","FUN_10014772","Global",410,false,false,"ok"
"1001490c","FUN_1001490c","Global",81,false,false,"ok"
"1001495d","FUN_1001495d","Global",53,false,false,"ok"
"10014992","FUN_10014992","Global",91,false,false,"ok"
"100149ed","FUN_100149ed","Global",94,false,false,"ok"
"10014a4b","FUN_10014a4b","Global",293,false,false,"ok"
"10014b70","FUN_10014b70","Global",933,false,false,"ok"
"10014f16","FUN_10014f16","Global",424,false,false,"ok"
"100150be","FUN_100150be","Global",122,false,false,"ok"
"10015138","FUN_10015138","Global",75,false,false,"ok"
"10015183","FUN_10015183","Global",135,false,false,"ok"
"10015276","FUN_10015276","Global",1060,false,false,"ok"
"1001569b","FUN_1001569b","Global",110,false,false,"ok"
"10015709","FUN_10015709","Global",151,false,false,"ok"
"100157a0","FUN_100157a0","Global",56,false,false,"ok"
"100157d8","FUN_100157d8","Global",83,false,false,"ok"
"1001582b","FUN_1001582b","Global",64,false,false,"ok"
"1001586b","FUN_1001586b","Global",64,false,false,"ok"
"100158ab","FUN_100158ab","Global",294,false,false,"ok"
"100159d1","FUN_100159d1","Global",77,false,false,"ok"
"10015a1e","FUN_10015a1e","Global",138,false,false,"ok"
"10015aa8","FUN_10015aa8","Global",51,false,false,"ok"
"10015adb","FUN_10015adb","Global",83,false,false,"ok"
"10015b2e","FUN_10015b2e","Global",16,false,false,"ok"
"10015b3e","FUN_10015b3e","Global",121,false,false,"ok"
"10015bb7","FUN_10015bb7","Global",136,false,false,"ok"
"10015c3f","FUN_10015c3f","Global",124,false,false,"ok"
"10015cbb","FUN_10015cbb","Global",41,false,false,"ok"
"10015ce4","FUN_10015ce4","Global",107,false,false,"ok"
"10015d4f","FUN_10015d4f","Global",19,false,false,"ok"
"10015d62","FUN_10015d62","Global",49,false,false,"ok"
"10015dbd","FUN_10015dbd","Global",33,false,false,"ok"
"10015dde","FUN_10015dde","Global",475,false,false,"ok"
"100161ec","FUN_100161ec","Global",23,false,false,"ok"
"10016203","FUN_10016203","Global",44,false,false,"ok"
"1001622f","FUN_1001622f","Global",50,false,false,"ok"
"10016261","FUN_10016261","Global",18,false,false,"ok"
"10016273","FUN_10016273","Global",74,false,false,"ok"
"100162bd","FUN_100162bd","Global",42,false,false,"ok"
"100162e7","FUN_100162e7","Global",26,false,false,"ok"
"10016301","FUN_10016301","Global",35,false,false,"ok"
"10016324","FUN_10016324","Global",148,false,false,"ok"
"100163b9","FUN_100163b9","Global",46,false,false,"ok"
"100163e7","FUN_100163e7","Global",141,false,false,"ok"
"10016474","FUN_10016474","Global",21,false,false,"ok"
"10016489","FUN_10016489","Global",36,false,false,"ok"
"100164ad","FUN_100164ad","Global",64,false,false,"ok"
"100164ed","FUN_100164ed","Global",39,false,false,"ok"
"100167ca","FUN_100167ca","Global",557,false,false,"ok"
"100169f7","FUN_100169f7","Global",111,false,false,"ok"
"10016a66","FUN_10016a66","Global",79,false,false,"ok"
"10016ab5","FUN_10016ab5","Global",34,false,false,"ok"
"10016ad7","FUN_10016ad7","Global",68,false,false,"ok"
"10016b1c","FUN_10016b1c","Global",96,false,false,"ok"
"10016b7c","FUN_10016b7c","Global",19,false,false,"ok"
"10016b8f","FUN_10016b8f","Global",8,false,false,"ok"
"10016b97","FUN_10016b97","Global",8,false,false,"ok"
"10016b9f","FUN_10016b9f","Global",33,false,false,"ok"
"10016bc0","FUN_10016bc0","Global",29,false,false,"ok"
"10016bde","FUN_10016bde","Global",35,false,false,"ok"
"10016c01","FUN_10016c01","Global",45,false,false,"ok"
"10016c2e","FUN_10016c2e","Global",106,false,false,"ok"
"10016c98","FUN_10016c98","Global",11,false,false,"ok"
"10016ca3","FUN_10016ca3","Global",55,false,false,"ok"
"10016cda","FUN_10016cda","Global",40,false,false,"ok"
"10016d02","FUN_10016d02","Global",47,false,false,"ok"
"10016d31","FUN_10016d31","Global",200,false,false,"ok"
"10016df9","FUN_10016df9","Global",104,false,false,"ok"
"10016e61","FUN_10016e61","Global",77,false,false,"ok"
"10016eae","FUN_10016eae","Global",37,false,false,"ok"
"10016ed3","FUN_10016ed3","Global",96,false,false,"ok"
"10016f34","FUN_10016f34","Global",38,false,false,"ok"
"10016f5a","FUN_10016f5a","Global",37,false,false,"ok"
"10016f7f","FUN_10016f7f","Global",60,false,false,"ok"
"10016fbb","FUN_10016fbb","Global",92,false,false,"ok"
"1001701c","FUN_1001701c","Global",28,false,false,"ok"
"10017038","FUN_10017038","Global",67,false,false,"ok"
"1001707b","FUN_1001707b","Global",21,false,false,"ok"
"10017091","FUN_10017091","Global",21,false,false,"ok"
"100170a6","MH_CreateHook","MINHOOK.X86.DLL",6,false,true,"ok"
"100170ac","MH_EnableHook","MINHOOK.X86.DLL",6,false,true,"ok"
"100170b2","MH_Initialize","MINHOOK.X86.DLL",6,false,true,"ok"
"100170b8","FUN_100170b8","Global",109,false,false,"ok"
"10017125","FUN_10017125","Global",33,false,false,"ok"
"10017146","FUN_10017146","Global",25,false,false,"ok"
"1001715f","FUN_1001715f","Global",123,false,false,"ok"
"100171da","FUN_100171da","Global",79,false,false,"ok"
"10017229","FUN_10017229","Global",179,false,false,"ok"
"100172dc","FUN_100172dc","Global",242,false,false,"ok"
"100173ce","FUN_100173ce","Global",81,false,false,"ok"
"1001741f","FUN_1001741f","Global",28,false,false,"ok"
"1001743b","FUN_1001743b","Global",18,false,false,"ok"
"1001744d","FUN_1001744d","Global",18,false,false,"ok"
"1001745f","FUN_1001745f","Global",18,false,false,"ok"
"10017471","FUN_10017471","Global",18,false,false,"ok"
"10017483","FUN_10017483","Global",11,false,false,"ok"
"1001748e","FUN_1001748e","Global",18,false,false,"ok"
"100174a0","FUN_100174a0","Global",23,false,false,"ok"
"100174b7","FUN_100174b7","Global",28,false,false,"ok"
"100174d3","FUN_100174d3","Global",18,false,false,"ok"
"100174e5","FUN_100174e5","Global",42,false,false,"ok"
"1001750f","FUN_1001750f","Global",28,false,false,"ok"
"1001752b","FUN_1001752b","Global",18,false,false,"ok"
"1001753d","FUN_1001753d","Global",31,false,false,"ok"
"1001755c","FUN_1001755c","Global",28,false,false,"ok"
"10017578","FUN_10017578","Global",28,false,false,"ok"
"10017594","FUN_10017594","Global",18,false,false,"ok"
"100175a6","FUN_100175a6","Global",11,false,false,"ok"
"100175b1","FUN_100175b1","Global",31,false,false,"ok"
"100175d0","FUN_100175d0","Global",31,false,false,"ok"
"100175ef","FUN_100175ef","Global",28,false,false,"ok"
"1001760b","FUN_1001760b","Global",31,false,false,"ok"
"1001762a","FUN_1001762a","Global",11,false,false,"ok"
"10017635","FUN_10017635","Global",40,false,false,"ok"
"1001765d","FUN_1001765d","Global",11,false,false,"ok"
"10017668","FUN_10017668","Global",18,false,false,"ok"
"1001767a","FUN_1001767a","Global",18,false,false,"ok"
"1001768c","FUN_1001768c","Global",18,false,false,"ok"
"1001769e","FUN_1001769e","Global",18,false,false,"ok"
"100176b0","FUN_100176b0","Global",18,false,false,"ok"
"100176c2","FUN_100176c2","Global",18,false,false,"ok"
"100176d4","FUN_100176d4","Global",18,false,false,"ok"
"100176e6","FUN_100176e6","Global",28,false,false,"ok"
"10017702","FUN_10017702","Global",28,false,false,"ok"
"1001771e","FUN_1001771e","Global",32,false,false,"ok"
"1001773e","FUN_1001773e","Global",53,false,false,"ok"
"10017773","FUN_10017773","Global",11,false,false,"ok"
"1001777e","FUN_1001777e","Global",28,false,false,"ok"
"1001779a","FUN_1001779a","Global",34,false,false,"ok"
"100177bc","FUN_100177bc","Global",18,false,false,"ok"
"100177ce","FUN_100177ce","Global",18,false,false,"ok"
"100177e0","FUN_100177e0","Global",18,false,false,"ok"
"100177f2","FUN_100177f2","Global",11,false,false,"ok"
"100177fd","FUN_100177fd","Global",16,false,false,"ok"
"1001780d","FUN_1001780d","Global",84,false,false,"ok"
"10017861","FUN_10017861","Global",51,false,false,"ok"
"10017894","FUN_10017894","Global",14,false,false,"ok"
"100178a2","FUN_100178a2","Global",7,false,false,"ok"
"100178a9","FUN_100178a9","Global",11,false,false,"ok"
"100178b4","FUN_100178b4","Global",52,false,false,"ok"
"100178e8","FUN_100178e8","Global",3,false,false,"ok"
"100178eb","FUN_100178eb","Global",11,false,false,"ok"
"100178f6","FUN_100178f6","Global",11,false,false,"ok"
"10017901","FUN_10017901","Global",11,false,false,"ok"
"1001790c","FUN_1001790c","Global",11,false,false,"ok"
"10017917","FUN_10017917","Global",11,false,false,"ok"
"10017922","FUN_10017922","Global",11,false,false,"ok"
"1001792d","FUN_1001792d","Global",14,false,false,"ok"
"1001793b","FUN_1001793b","Global",41,false,false,"ok"
"10017964","FUN_10017964","Global",11,false,false,"ok"
"1001796f","FUN_1001796f","Global",24,false,false,"ok"
"10017987","FUN_10017987","Global",11,false,false,"ok"
"10017992","FUN_10017992","Global",11,false,false,"ok"
"1001799d","FUN_1001799d","Global",11,false,false,"ok"
"100179a8","FUN_100179a8","Global",11,false,false,"ok"
"100179b3","FUN_100179b3","Global",11,false,false,"ok"
"100179be","FUN_100179be","Global",37,false,false,"ok"
"100179e3","FUN_100179e3","Global",24,false,false,"ok"
"100179fb","FUN_100179fb","Global",11,false,false,"ok"
"10017a06","FUN_10017a06","Global",11,false,false,"ok"
"10017a11","FUN_10017a11","Global",7,false,false,"ok"
"10017a18","FUN_10017a18","Global",11,false,false,"ok"
"10017a23","FUN_10017a23","Global",37,false,false,"ok"
"10017a48","FUN_10017a48","Global",35,false,false,"ok"
"10017a6b","FUN_10017a6b","Global",11,false,false,"ok"
"10017a76","FUN_10017a76","Global",9,false,false,"ok"
"10017a7f","FUN_10017a7f","Global",14,false,false,"ok"
"10017a8d","FUN_10017a8d","Global",8,false,false,"ok"
"10017a95","FUN_10017a95","Global",21,false,false,"ok"
"10017aaa","FUN_10017aaa","Global",28,false,false,"ok"
"10017ac6","K32GetProcessMemoryInfo","KERNEL32.DLL",6,false,true,"ok"
"10017acc","FUN_10017acc","Global",30,false,false,"ok"
"10017aea","FUN_10017aea","Global",27,false,false,"ok"
"10017b05","FUN_10017b05","Global",23,false,false,"ok"
"10017b1c","FUN_10017b1c","Global",27,false,false,"ok"
"10017b37","FUN_10017b37","Global",31,false,false,"ok"
"10017b56","FUN_10017b56","Global",27,false,false,"ok"
"10017b71","FUN_10017b71","Global",31,false,false,"ok"
"10017b90","FUN_10017b90","Global",27,false,false,"ok"
"10017bab","FUN_10017bab","Global",31,false,false,"ok"
"10017bca","FUN_10017bca","Global",28,false,false,"ok"
"10017be7","FUN_10017be7","Global",28,false,false,"ok"
"10017c04","FUN_10017c04","Global",31,false,false,"ok"
"10017c24","FUN_10017c24","Global",31,false,false,"ok"
"10017c44","FUN_10017c44","Global",31,false,false,"ok"
"10017c64","FUN_10017c64","Global",31,false,false,"ok"
"10017c84","FUN_10017c84","Global",6,false,false,"ok"
"10017c8a","FUN_10017c8a","Global",45,false,false,"ok"
"10017cb7","_Lockit","std::_Lockit",49,false,false,"ok"
"10017d0f","FUN_10017d0f","Global",40,false,false,"ok"
"10017d30","FUN_10017d30","Global",294,false,false,"ok"
"10017e60","FUN_10017e60","Global",264,false,false,"ok"
"10017f70","FUN_10017f70","Global",550,false,false,"ok"
"100181a0","FUN_100181a0","Global",9,false,false,"ok"
"100181b0","FUN_100181b0","Global",9,false,false,"ok"
"100181b9","thunk_FUN_1001f564","Global",5,false,true,"ok"
"100181be","FUN_100181be","Global",23,false,false,"ok"
"100181d5","FUN_100181d5","Global",69,false,false,"ok"
"1001821a","FUN_1001821a","Global",62,false,false,"ok"
"10018258","__Xtime_get_ticks","Global",39,false,false,"ok"
"1001827f","FUN_1001827f","Global",35,false,false,"ok"
"100182a2","Sleep","KERNEL32.DLL",6,false,true,"ok"
"100182a8","_Syserror_map","std",37,false,false,"ok"
"100182cd","_Winerror_map","std",34,false,false,"ok"
"100182ef","_Locimp","std::locale::_Locimp",65,false,false,"ok"
"10018330","FUN_10018330","Global",49,false,false,"ok"
"10018385","FUN_10018385","Global",32,false,false,"ok"
"100183a5","FUN_100183a5","Global",73,false,false,"ok"
"100183ee","FUN_100183ee","Global",34,false,false,"ok"
"10018410","FUN_10018410","Global",44,false,false,"ok"
"1001843d","FUN_1001843d","Global",6,false,false,"ok"
"10018443","FUN_10018443","Global",141,false,false,"ok"
"100184d0","FUN_100184d0","Global",113,false,false,"ok"
"10018541","FUN_10018541","Global",76,false,false,"ok"
"1001858d","_Locinfo_dtor","std::_Locinfo",26,false,false,"ok"
"100185a7","_New_Locimp","std::locale::_Locimp",35,false,false,"ok"
"100185ca","_Setgloballocale","std::locale",40,false,false,"ok"
"100185f2","__Deletegloballocale","Global",59,false,false,"ok"
"1001862d","FUN_1001862d","Global",45,false,false,"ok"
"1001865a","FUN_1001865a","Global",110,false,false,"ok"
"100186c8","FUN_100186c8","Global",236,false,false,"ok"
"100187b4","FUN_100187b4","Global",236,false,false,"ok"
"100188a0","_Addstd","std::ios_base",76,false,false,"ok"
"100188ec","_Callfns","std::ios_base",51,false,false,"ok"
"1001891f","_Ios_base_dtor","std::ios_base",64,false,false,"ok"
"1001895f","FUN_1001895f","Global",124,false,false,"ok"
"100189e0","FUN_100189e0","Global",133,false,false,"ok"
"10018a65","FUN_10018a65","Global",133,false,false,"ok"
"10018aea","FUN_10018aea","Global",9,false,false,"ok"
"10018af3","FUN_10018af3","Global",9,false,false,"ok"
"10018afc","__Getcvt","Global",115,false,false,"ok"
"10018b6f","__Wcrtomb","Global",92,false,false,"ok"
"10018c0b","FUN_10018c0b","Global",24,false,false,"ok"
"10018c23","FUN_10018c23","Global",113,false,false,"ok"
"10018c94","FUN_10018c94","Global",87,false,false,"ok"
"10018ceb","FUN_10018ceb","Global",87,false,false,"ok"
"10018d42","FUN_10018d42","Global",66,false,false,"ok"
"10018d84","FUN_10018d84","Global",66,false,false,"ok"
"10018dc6","FUN_10018dc6","Global",74,false,false,"ok"
"10018e10","FUN_10018e10","Global",121,false,false,"ok"
"10018e89","FUN_10018e89","Global",127,false,false,"ok"
"10018f08","FUN_10018f08","Global",90,false,false,"ok"
"10018f62","FUN_10018f62","Global",90,false,false,"ok"
"10018fbc","FUN_10018fbc","Global",41,false,false,"ok"
"10018fe5","FUN_10018fe5","Global",29,false,false,"ok"
"10019002","FUN_10019002","Global",34,false,false,"ok"
"10019024","FUN_10019024","Global",196,false,false,"ok"
"100190e8","Catch@100190e8","Global",327,false,false,"ok"
"100191e9","Catch@100191e9","Global",54,false,false,"ok"
"10019286","FUN_10019286","Global",13,false,false,"ok"
"10019293","_CallMemberFunction1","Global",16,false,false,"ok"
"100192a3","_CallMemberFunction2","Global",19,false,false,"ok"
"100192b6","_CopyExceptionObject","_anon_026BA49F",114,false,false,"ok"
"10019328","FUN_10019328","Global",54,false,false,"ok"
"10019363","FUN_10019363","Global",164,false,false,"ok"
"1001940d","FUN_1001940d","Global",94,false,false,"ok"
"1001946b","FUN_1001946b","Global",94,false,false,"ok"
"100194c9","FUN_100194c9","Global",94,false,false,"ok"
"10019527","FUN_10019527","Global",16,false,false,"ok"
"10019537","FUN_10019537","Global",16,false,false,"ok"
"10019547","FUN_10019547","Global",21,false,false,"ok"
"1001955c","FUN_1001955c","Global",226,false,false,"ok"
"1001963e","__ExceptionPtrDestroy","Global",15,false,false,"ok"
"1001964d","FUN_1001964d","Global",201,false,false,"ok"
"10019717","FUN_10019717","Global",14,false,false,"ok"
"10019725","_abort","Global",5,false,true,"ok"
"1001972a","FUN_1001972a","Global",17,false,false,"ok"
"1001973b","FUN_1001973b","Global",34,false,false,"ok"
"1001975d","FUN_1001975d","Global",300,false,false,"ok"
"10019889","FUN_10019889","Global",29,false,false,"ok"
"100198a6","FUN_100198a6","Global",20,false,false,"ok"
"100198ba","FUN_100198ba","Global",40,false,false,"ok"
"100198e2","FUN_100198e2","Global",20,false,false,"ok"
"100198f6","FUN_100198f6","Global",191,false,false,"ok"
"100199ba","FUN_100199ba","Global",183,false,false,"ok"
"10019a76","FUN_10019a76","Global",140,false,false,"ok"
"10019b07","FUN_10019b07","Global",52,false,false,"ok"
"10019b3c","FUN_10019b3c","Global",91,false,false,"ok"
"10019b9c","Call_get_module_handle_ex","Global",29,false,false,"ok"
"10019bb9","Get_STL_host_status","Global",47,false,false,"ok"
"10019be8","FUN_10019be8","Global",29,false,false,"ok"
"10019c05","_Reschedule_chore","Concurrency::details",41,false,false,"ok"
"10019c2e","_Schedule_chore","Concurrency::details",45,false,false,"ok"
"10019d23","FUN_10019d23","Global",13,false,false,"ok"
"10019d30","FUN_10019d30","Global",34,false,false,"ok"
"10019d53","GetCurrentThreadId","KERNEL32.DLL",6,false,true,"ok"
"10019d59","FUN_10019d59","Global",43,false,false,"ok"
"10019d9a","FUN_10019d9a","Global",24,false,false,"ok"
"10019db2","FUN_10019db2","Global",79,false,false,"ok"
"10019e01","__Mbrtowc","Global",306,false,false,"ok"
"10019f33","__Utf8_trailing_byte_count","Global",87,false,false,"ok"
"10019f8a","__Getwctype","Global",32,false,false,"ok"
"10019faa","__Getwctypes","Global",31,false,false,"ok"
"10019fc9","__Towlower","Global",96,false,false,"ok"
"1001a029","__Towupper","Global",100,false,false,"ok"
"1001a08d","_Fgetc<>","Global",39,false,false,"ok"
"1001a0b4","FUN_1001a0b4","Global",29,false,false,"ok"
"1001a0d1","_Ungetc<>","Global",33,false,false,"ok"
"1001a0f2","FUN_1001a0f2","Global",151,false,false,"ok"
"1001a18a","FUN_1001a18a","Global",46,false,false,"ok"
"1001a1b8","FUN_1001a1b8","Global",110,false,false,"ok"
"1001a226","FUN_1001a226","Global",108,false,false,"ok"
"1001a297","codecvt<>","Global",55,false,false,"ok"
"1001a30e","~basic_filebuf<>","Global",88,false,false,"ok"
"1001a36b","~basic_streambuf<>","Global",33,false,false,"ok"
"1001a38c","FUN_1001a38c","Global",34,false,false,"ok"
"1001a3ae","FUN_1001a3ae","Global",8,false,false,"ok"
"1001a3b6","FID_conflict:`scalar_deleting_destructor'","Global",34,false,false,"ok"
"1001a3d8","FUN_1001a3d8","Global",37,false,false,"ok"
"1001a3fd","FUN_1001a3fd","Global",34,false,false,"ok"
"1001a41f","FUN_1001a41f","Global",35,false,false,"ok"
"1001a442","Endwrite","Global",179,false,false,"ok"
"1001a4f5","Getcat","Global",102,false,false,"ok"
"1001a55b","FUN_1001a55b","Global",60,false,false,"ok"
"1001a597","FUN_1001a597","Global",46,false,false,"ok"
"1001a5c5","Reset_back","Global",37,false,false,"ok"
"1001a5ea","FUN_1001a5ea","Global",64,false,false,"ok"
"1001a62a","FUN_1001a62a","Global",67,false,false,"ok"
"1001a66d","FUN_1001a66d","Global",10,false,false,"ok"
"1001a677","FUN_1001a677","Global",116,false,false,"ok"
"1001a6eb","FUN_1001a6eb","Global",88,false,false,"ok"
"1001a743","FUN_1001a743","Global",4,false,false,"ok"
"1001a747","FUN_1001a747","Global",249,false,false,"ok"
"1001a840","do_unshift","Global",144,false,false,"ok"
"1001a8d0","FUN_1001a8d0","Global",28,false,false,"ok"
"1001a8ec","FUN_1001a8ec","Global",77,false,false,"ok"
"1001a939","FUN_1001a939","Global",304,false,false,"ok"
"1001aa69","FUN_1001aa69","Global",8,false,false,"ok"
"1001aa71","FUN_1001aa71","Global",145,false,false,"ok"
"1001ab02","FUN_1001ab02","Global",200,false,false,"ok"
"1001abca","FUN_1001abca","Global",139,false,false,"ok"
"1001ac55","setbuf","Global",81,false,false,"ok"
"1001aca6","FUN_1001aca6","Global",66,false,false,"ok"
"1001ace8","FUN_1001ace8","Global",420,false,false,"ok"
"1001ae8c","uflow","Global",55,false,false,"ok"
"1001aec3","underflow","Global",86,false,false,"ok"
"1001af19","FUN_1001af19","Global",6,false,false,"ok"
"1001af1f","FUN_1001af1f","Global",21,false,false,"ok"
"1001af34","FUN_1001af34","Global",262,false,false,"ok"
"1001b03a","FUN_1001b03a","Global",21,false,false,"ok"
"1001b04f","FUN_1001b04f","Global",256,false,false,"ok"
"1001b14f","FUN_1001b14f","Global",36,false,false,"ok"
"1001b173","FUN_1001b173","Global",122,false,false,"ok"
"1001b1ed","LocalFree","KERNEL32.DLL",6,false,true,"ok"
"1001b1f3","FUN_1001b1f3","Global",19,false,false,"ok"
"1001b206","FUN_1001b206","Global",115,false,false,"ok"
"1001b27a","FUN_1001b27a","Global",147,false,false,"ok"
"1001b30d","FUN_1001b30d","Global",87,false,false,"ok"
"1001b369","FUN_1001b369","Global",96,false,false,"ok"
"1001b3c9","FUN_1001b3c9","Global",112,false,false,"ok"
"1001b43e","FUN_1001b43e","Global",243,false,false,"ok"
"1001b536","FUN_1001b536","Global",31,false,false,"ok"
"1001b556","___std_fs_code_page@0","Global",29,false,false,"ok"
"1001b573","___std_fs_convert_narrow_to_wide@20","Global",52,false,false,"ok"
"1001b5a7","___std_fs_convert_wide_to_narrow@20","Global",179,false,false,"ok"
"1001b65a","FUN_1001b65a","Global",111,false,false,"ok"
"1001b6c9","FUN_1001b6c9","Global",94,false,false,"ok"
"1001b727","FUN_1001b727","Global",33,false,false,"ok"
"1001b748","FUN_1001b748","Global",31,false,false,"ok"
"1001b768","___std_fs_directory_iterator_open@12","Global",55,false,false,"ok"
"1001b79f","FUN_1001b79f","Global",650,false,false,"ok"
"1001ba29","___std_fs_open_handle@16","Global",52,false,false,"ok"
"1001ba5d","FUN_1001ba5d","Global",14,false,false,"ok"
"1001ba6b","FUN_1001ba6b","Global",21,false,false,"ok"
"1001ba80","__Mtxlock","Global",14,false,false,"ok"
"1001ba8e","FUN_1001ba8e","Global",14,false,false,"ok"
"1001bad0","FUN_1001bad0","Global",80,false,false,"ok"
"1001bb25","~_Init_atexit","_Init_atexit",99,false,false,"ok"
"1001bb8d","_Atexit","Global",47,false,false,"ok"
"1001bbbc","FUN_1001bbbc","Global",25,false,false,"ok"
"1001bbd5","FUN_1001bbd5","Global",464,false,false,"ok"
"1001bda5","FUN_1001bda5","Global",30,false,false,"ok"
"1001bdc3","___crtLCMapStringW","Global",61,false,false,"ok"
"1001be00","FUN_1001be00","Global",14,false,false,"ok"
"1001be0e","FUN_1001be0e","Global",66,false,false,"ok"
"1001be50","___scrt_acquire_startup_lock","Global",50,false,false,"ok"
"1001be82","___scrt_dllmain_after_initialize_c","Global",43,false,false,"ok"
"1001bead","FUN_1001bead","Global",14,false,false,"ok"
"1001bebb","___scrt_dllmain_crt_thread_attach","Global",31,false,false,"ok"
"1001beda","___scrt_dllmain_crt_thread_detach","Global",13,false,false,"ok"
"1001bee7","___scrt_dllmain_exception_filter","Global",52,false,false,"ok"
"1001bf1b","FUN_1001bf1b","Global",50,false,false,"ok"
"1001bf3e","FUN_1001bf3e","Global",13,false,false,"ok"
"1001bf4b","___scrt_initialize_crt","Global",57,false,false,"ok"
"1001bf84","FUN_1001bf84","Global",134,false,false,"ok"
"1001c00b","FUN_1001c00b","Global",129,false,false,"ok"
"1001c0a2","___scrt_release_startup_lock","Global",29,false,false,"ok"
"1001c0bf","___scrt_uninitialize_crt","Global",40,false,false,"ok"
"1001c0e7","FUN_1001c0e7","Global",46,false,false,"ok"
"1001c115","FUN_1001c115","Global",21,false,false,"ok"
"1001c12a","operator_new","Global",48,false,false,"ok"
"1001c15a","__security_check_cookie","Global",14,false,false,"ok"
"1001c168","__EH_epilog3","Global",20,false,false,"ok"
"1001c17c","FUN_1001c17c","Global",15,false,false,"ok"
"1001c18b","__EH_prolog3","Global",51,false,false,"ok"
"1001c1be","__EH_prolog3_GS","Global",54,false,false,"ok"
"1001c1f4","__EH_prolog3_catch","Global",54,false,false,"ok"
"1001c22a","FUN_1001c22a","Global",35,false,false,"ok"
"1001c24d","thunk_FUN_100225ce","Global",5,false,true,"ok"
"1001c260","__alldiv","Global",170,false,false,"ok"
"1001c310","__alldvrm","Global",223,false,false,"ok"
"1001c3f0","__allmul","Global",52,false,false,"ok"
"1001c424","FUN_1001c424","Global",81,false,false,"ok"
"1001c475","FUN_1001c475","Global",82,false,false,"ok"
"1001c4c7","FUN_1001c4c7","Global",21,false,false,"ok"
"1001c4dc","FUN_1001c4dc","Global",34,false,false,"ok"
"1001c4fe","FUN_1001c4fe","Global",109,false,false,"ok"
"1001c570","__aulldvrm","Global",149,false,false,"ok"
"1001c610","FUN_1001c610","Global",105,false,false,"ok"
"1001c680","FUN_1001c680","Global",70,false,false,"ok"
"1001c6c6","FUN_1001c6c6","Global",48,false,false,"ok"
"1001c6f6","FUN_1001c6f6","Global",40,false,false,"ok"
"1001c71e","FUN_1001c71e","Global",251,false,false,"ok"
"1001c819","FUN_1001c819","Global",13,false,false,"ok"
"1001c826","FUN_1001c826","Global",208,false,false,"ok"
"1001c8f6","FUN_1001c8f6","Global",9,false,false,"ok"
"1001c900","__alloca_probe","Global",43,false,false,"ok"
"1001c92b","dllmain_crt_dispatch","Global",83,false,false,"ok"
"1001c97e","FUN_1001c97e","Global",252,false,false,"ok"
"1001ca64","FUN_1001ca64","Global",10,false,false,"ok"
"1001ca88","FUN_1001ca88","Global",160,false,false,"ok"
"1001cb24","FUN_1001cb24","Global",10,false,false,"ok"
"1001cb31","FUN_1001cb31","Global",6,false,false,"ok"
"1001cb3f","FUN_1001cb3f","Global",234,false,false,"ok"
"1001cc4d","dllmain_raw","Global",43,false,false,"ok"
"1001cc78","entry","Global",35,false,false,"ok"
"1001cca0","__allrem","Global",178,false,false,"ok"
"1001cd52","FUN_1001cd52","Global",794,false,false,"ok"
"1001d070","__aulldiv","Global",104,false,false,"ok"
"1001d0e0","__aullrem","Global",117,false,false,"ok"
"1001d160","__alloca_probe_16","Global",22,false,false,"ok"
"1001d176","__alloca_probe_8","Global",22,false,false,"ok"
"1001d18c","thunk_FUN_100225ce","Global",5,false,true,"ok"
"1001d191","___scrt_is_ucrt_dll_in_use","Global",12,false,false,"ok"
"1001d19d","FUN_1001d19d","Global",277,false,false,"ok"
"1001d2b2","FUN_1001d2b2","Global",11,false,false,"ok"
"1001d2c0","__SEH_prolog4","Global",69,false,false,"ok"
"1001d305","FUN_1001d305","Global",77,false,false,"ok"
"1001d352","___security_init_cookie","Global",75,false,false,"ok"
"1001d39d","FUN_1001d39d","Global",12,false,false,"ok"
"1001d3a9","__scrt_uninitialize_type_info","Global",12,false,false,"ok"
"1001d3b5","FUN_1001d3b5","Global",29,false,false,"ok"
"1001d3d2","FUN_1001d3d2","Global",6,false,false,"ok"
"1001d3d8","FUN_1001d3d8","Global",44,false,false,"ok"
"1001d404","FUN_1001d404","Global",44,false,false,"ok"
"1001d430","FUN_1001d430","Global",1330,false,false,"ok"
"1001d9b0","_memset","Global",346,false,false,"ok"
"1001db0a","___std_exception_copy","Global",99,false,false,"ok"
"1001db6d","FUN_1001db6d","Global",34,false,false,"ok"
"1001db8f","FUN_1001db8f","Global",109,false,false,"ok"
"1001dbfc","FUN_1001dbfc","Global",110,false,false,"ok"
"1001dc6b","FUN_1001dc6b","Global",96,false,false,"ok"
"1001dccb","FUN_1001dccb","Global",255,false,false,"ok"
"1001ddca","_JumpToContinuation","Global",43,false,false,"ok"
"1001ddfa","_UnwindNestedFrames","Global",84,false,false,"ok"
"1001de4e","FUN_1001de4e","Global",49,false,false,"ok"
"1001de7f","__CreateFrameInfo","Global",36,false,false,"ok"
"1001dea3","FUN_1001dea3","Global",71,false,false,"ok"
"1001deeb","FID_conflict:TranslatorGuardHandler","Global",154,false,false,"ok"
"1001df8a","FID_conflict:___CxxFrameHandler3","Global",54,false,false,"ok"
"1001dfc0","FUN_1001dfc0","Global",7,false,false,"ok"
"1001dfc7","FUN_1001dfc7","Global",27,false,false,"ok"
"1001dfe3","FUN_1001dfe3","Global",149,false,false,"ok"
"1001e08b","FUN_1001e08b","Global",87,false,false,"ok"
"1001e0e3","__IsExceptionObjectToBeDestroyed","Global",38,false,false,"ok"
"1001e109","___AdjustPointer","Global",37,false,false,"ok"
"1001e12e","FUN_1001e12e","Global",85,false,false,"ok"
"1001e184","FUN_1001e184","Global",9,false,false,"ok"
"1001e18d","Unwind@1001e18d","Global",5,false,true,"ok"
"1001e1a0","FUN_1001e1a0","Global",4929,false,false,"ok"
"1001f564","FUN_1001f564","Global",16,false,false,"ok"
"1001f574","___vcrt_initialize","Global",31,false,false,"ok"
"1001f593","___vcrt_thread_attach","Global",11,false,false,"ok"
"1001f59e","FUN_1001f59e","Global",8,false,false,"ok"
"1001f5a6","___vcrt_uninitialize","Global",23,false,false,"ok"
"1001f5bd","FUN_1001f5bd","Global",8,false,false,"ok"
"1001f5d0","_ValidateLocalCookies","Global",50,false,false,"ok"
"1001f610","__except_handler4","Global",350,false,false,"ok"
"1001f76e","___std_type_info_compare","Global",60,false,false,"ok"
"1001f7aa","___std_type_info_destroy_list","Global",35,false,false,"ok"
"1001f7cd","FUN_1001f7cd","Global",28,false,false,"ok"
"1001f7e9","FUN_1001f7e9","Global",43,false,false,"ok"
"1001f814","___vcrt_getptd","Global",14,false,false,"ok"
"1001f822","___vcrt_getptd_noexit","Global",146,false,false,"ok"
"1001f8b4","FUN_1001f8b4","Global",56,false,false,"ok"
"1001f8ec","___vcrt_initialize_ptd","Global",51,false,false,"ok"
"1001f91f","FUN_1001f91f","Global",30,false,false,"ok"
"1001f93d","FUN_1001f93d","Global",308,false,false,"ok"
"1001fa7b","FUN_1001fa7b","Global",143,false,false,"ok"
"1001fb17","FUN_1001fb17","Global",129,false,false,"ok"
"1001fb98","FUN_1001fb98","Global",930,false,false,"ok"
"1001ff3b","FUN_1001ff3b","Global",309,false,false,"ok"
"10020071","FID_conflict:___TypeMatch","Global",142,false,false,"ok"
"100200ff","__InternalCxxFrameHandler<__FrameHandler3>","Global",258,false,false,"ok"
"10020201","FUN_10020201","Global",9,false,false,"ok"
"1002020a","operator==","type_info",31,false,false,"ok"
"10020229","FUN_10020229","Global",176,false,false,"ok"
"1002037d","FUN_1002037d","Global",123,false,false,"ok"
"100203f8","FUN_100203f8","Global",40,false,false,"ok"
"1002041b","Catch_All@1002041b","Global",20,false,false,"ok"
"1002043a","ExFilterRethrow","Global",74,false,false,"ok"
"10020484","FrameUnwindToEmptyState","__FrameHandler3",24,false,false,"ok"
"1002049c","FUN_1002049c","Global",201,false,false,"ok"
"10020570","FUN_10020570","Global",20,false,false,"ok"
"1002058a","FUN_1002058a","Global",153,false,false,"ok"
"10020624","FUN_10020624","Global",11,false,false,"ok"
"10020630","__CallSettingFrame@12","Global",76,false,false,"ok"
"1002067c","FUN_1002067c","Global",48,false,false,"ok"
"100206ac","___vcrt_initialize_locks","Global",60,false,false,"ok"
"100206e8","___vcrt_uninitialize_locks","Global",47,false,false,"ok"
"10020720","FUN_10020720","Global",159,false,false,"ok"
"10020810","_EH4_CallFilterFunc","Global",23,false,false,"ok"
"10020830","_EH4_TransferToHandler","Global",25,false,false,"ok"
"10020850","_EH4_GlobalUnwind2","Global",26,false,false,"ok"
"10020870","_EH4_LocalUnwind","Global",23,false,false,"ok"
"10020887","FUN_10020887","Global",160,false,false,"ok"
"10020927","try_load_library_from_system_directory","Global",75,false,false,"ok"
"10020972","___vcrt_FlsAlloc","Global",59,false,false,"ok"
"100209ad","___vcrt_FlsFree","Global",59,false,false,"ok"
"100209e8","___vcrt_FlsGetValue","Global",59,false,false,"ok"
"10020a23","___vcrt_FlsSetValue","Global",62,false,false,"ok"
"10020a61","___vcrt_InitializeCriticalSectionEx","Global",71,false,false,"ok"
"10020aa8","FUN_10020aa8","Global",28,false,false,"ok"
"10020ac5","GetCurrentState","__FrameHandler3",29,false,false,"ok"
"10020ae2","FUN_10020ae2","Global",14,false,false,"ok"
"10020af0","FUN_10020af0","Global",12,false,false,"ok"
"10020b00","__NLG_Notify","Global",31,false,false,"ok"
"10020b20","FUN_10020b20","Global",3,false,false,"ok"
"10020b23","FUN_10020b23","Global",72,false,false,"ok"
"10020b6b","FUN_10020b6b","Global",60,false,false,"ok"
"10020ba7","FUN_10020ba7","Global",41,false,false,"ok"
"10020bd0","FUN_10020bd0","Global",70,false,false,"ok"
"10020c16","FUN_10020c16","Global",28,false,false,"ok"
"10020c33","___acrt_call_reportfault","Global",313,false,false,"ok"
"10020d6c","FUN_10020d6c","Global",15,false,false,"ok"
"10020d7b","FUN_10020d7b","Global",55,false,false,"ok"
"10020db2","FUN_10020db2","Global",124,false,false,"ok"
"10020e2f","FUN_10020e2f","Global",16,false,false,"ok"
"10020e3f","__invoke_watson","Global",52,false,false,"ok"
"10020f3b","FUN_10020f3b","Global",16,false,false,"ok"
"10020f97","__get_stream_buffer_pointers","Global",70,false,false,"ok"
"10020fdd","__lock_file","Global",20,false,false,"ok"
"10020ff2","__unlock_file","Global",20,false,false,"ok"
"10021006","FUN_10021006","Global",137,false,false,"ok"
"10021095","FUN_10021095","Global",8,false,false,"ok"
"1002109d","FUN_1002109d","Global",142,false,false,"ok"
"1002112b","FUN_1002112b","Global",48,false,false,"ok"
"1002115b","operator()<<lambda_2866be3712abc81a800a822484c830d8>,<lambda_39ca0ed439415581b5b15c265174cece>&,<lambda_2b24c74d71094a6cd0cb82e44167d71b>_>","__crt_seh_guarded_call<void>",128,false,false,"ok"
"100211db","FUN_100211db","Global",12,false,false,"ok"
"100211e7","operator()<<lambda_2cc53f568c5a2bb6f192f930a45d44ea>,<lambda_ab61a845afdef5b7c387490eaf3616ee>&,<lambda_c2ffc0b7726aa6be21d5f0026187e748>_>","__crt_seh_guarded_call<void>",160,false,false,"ok"
"10021287","FUN_10021287","Global",12,false,false,"ok"
"10021293","operator()<<lambda_6d20deecaf4856105ebacbad442d1079>,<lambda_9a32fed5bf61b6b509b2d3f6003082a1>&,<lambda_63ea2239ed67c638ddbae41947fdf875>_>","__crt_seh_guarded_call<int>",81,false,false,"ok"
"100212e7","FUN_100212e7","Global",12,false,false,"ok"
"100212f3","common_flush_all","Global",77,false,false,"ok"
"10021340","FUN_10021340","Global",49,false,false,"ok"
"10021371","FUN_10021371","Global",35,false,false,"ok"
"10021394","FUN_10021394","Global",105,false,false,"ok"
"100213fd","FUN_100213fd","Global",101,false,false,"ok"
"10021462","__flushall","Global",9,false,false,"ok"
"1002146b","FUN_1002146b","Global",83,false,false,"ok"
"100214be","__fgetc_nolock","Global",60,false,false,"ok"
"100214fa","FUN_100214fa","Global",11,false,false,"ok"
"10021505","FUN_10021505","Global",267,false,false,"ok"
"10021616","FUN_10021616","Global",8,false,false,"ok"
"1002161e","_fgetpos","Global",91,false,false,"ok"
"10021679","FUN_10021679","Global",294,false,false,"ok"
"100217a5","FUN_100217a5","Global",8,false,false,"ok"
"100217ad","FUN_100217ad","Global",45,false,false,"ok"
"100217da","FUN_100217da","Global",52,false,false,"ok"
"1002180e","FUN_1002180e","Global",473,false,false,"ok"
"100219e7","_fread","Global",29,false,false,"ok"
"10021a04","_fread_s","Global",143,false,false,"ok"
"10021a99","FUN_10021a99","Global",8,false,false,"ok"
"10021aa1","_memcpy_s","Global",129,false,false,"ok"
"10021b22","_fsetpos","Global",59,false,false,"ok"
"10021b5d","LongLongSub","Global",122,false,false,"ok"
"10021bd7","FUN_10021bd7","Global",157,false,false,"ok"
"10021c77","FUN_10021c77","Global",10,false,false,"ok"
"10021c81","common_fseek_binary_mode_read_only_fast_track_nolock","Global",217,false,false,"ok"
"10021d5a","FUN_10021d5a","Global",236,false,false,"ok"
"10021e46","FUN_10021e46","Global",58,false,false,"ok"
"10021e80","FUN_10021e80","Global",58,false,false,"ok"
"10021eba","operator()<>","Global",76,false,false,"ok"
"10021f09","FUN_10021f09","Global",12,false,false,"ok"
"10021f15","FUN_10021f15","Global",76,false,false,"ok"
"10021f61","FUN_10021f61","Global",119,false,false,"ok"
"10021fd8","FUN_10021fd8","Global",423,false,false,"ok"
"1002217f","FUN_1002217f","Global",58,false,false,"ok"
"100221b9","operator()<>","Global",76,false,false,"ok"
"10022208","FUN_10022208","Global",12,false,false,"ok"
"10022214","FUN_10022214","Global",160,false,false,"ok"
"100222b4","FUN_100222b4","Global",150,false,false,"ok"
"1002234a","set_buffer","Global",51,false,false,"ok"
"1002237d","FUN_1002237d","Global",58,false,false,"ok"
"100223b7","FUN_100223b7","Global",244,false,false,"ok"
"100224ab","_ungetc","Global",101,false,false,"ok"
"10022516","FUN_10022516","Global",8,false,false,"ok"
"1002251e","FID_conflict:___acrt_errno_from_os_error","Global",67,false,false,"ok"
"10022561","___acrt_errno_map_os_error","Global",35,false,false,"ok"
"10022584","FUN_10022584","Global",36,false,false,"ok"
"100225a8","FUN_100225a8","Global",19,false,false,"ok"
"100225bb","FUN_100225bb","Global",19,false,false,"ok"
"100225ce","FUN_100225ce","Global",27,false,false,"ok"
"100225e9","FUN_100225e9","Global",52,false,false,"ok"
"1002261d","make_c_string_character_source<>","Global",27,false,false,"ok"
"10022638","FUN_10022638","Global",583,false,false,"ok"
"1002287f","FUN_1002287f","Global",1550,false,false,"ok"
"10022e8d","unget","__crt_strtox::c_string_character_source<char>",41,false,false,"ok"
"10022eb6","unget","__crt_strtox::c_string_character_source<wchar_t>",46,false,false,"ok"
"10022ef0","FUN_10022ef0","Global",91,false,false,"ok"
"10022f4b","FUN_10022f4b","Global",27,false,false,"ok"
"10022f66","___acrt_locale_get_ctype_array_value","Global",34,false,false,"ok"
"10022f88","FUN_10022f88","Global",87,false,false,"ok"
"10022fdf","FUN_10022fdf","Global",70,false,false,"ok"
"10023025","FUN_10023025","Global",70,false,false,"ok"
"1002306b","FUN_1002306b","Global",372,false,false,"ok"
"100231df","FUN_100231df","Global",372,false,false,"ok"
"10023353","FUN_10023353","Global",159,false,false,"ok"
"100233f2","count<char>","__crt_stdio_output::formatting_buffer",24,false,false,"ok"
"1002340a","FUN_1002340a","Global",129,false,false,"ok"
"1002348b","is_wide_character_specifier<char>","__crt_stdio_output",49,false,false,"ok"
"100234bc","FUN_100234bc","Global",527,false,false,"ok"
"100236cb","scratch_data<char>","__crt_stdio_output::formatting_buffer",30,false,false,"ok"
"100236e9","FUN_100236e9","Global",397,false,false,"ok"
"10023876","FUN_10023876","Global",397,false,false,"ok"
"10023a03","FUN_10023a03","Global",397,false,false,"ok"
"10023b90","FUN_10023b90","Global",99,false,false,"ok"
"10023bf3","FUN_10023bf3","Global",135,false,false,"ok"
"10023c7a","FUN_10023c7a","Global",125,false,false,"ok"
"10023cf7","FUN_10023cf7","Global",120,false,false,"ok"
"10023d6f","FUN_10023d6f","Global",167,false,false,"ok"
"10023e16","FUN_10023e16","Global",138,false,false,"ok"
"10023ea0","FUN_10023ea0","Global",103,false,false,"ok"
"10023f07","FUN_10023f07","Global",26,false,false,"ok"
"10023f21","FUN_10023f21","Global",36,false,false,"ok"
"10023f45","FUN_10023f45","Global",96,false,false,"ok"
"10023fa5","FUN_10023fa5","Global",61,false,false,"ok"
"10023fe5","FUN_10023fe5","Global",59,false,false,"ok"
"10024020","force_decimal_point","__crt_stdio_output",92,false,false,"ok"
"1002407c","FUN_1002407c","Global",120,false,false,"ok"
"100240f4","FUN_100240f4","Global",707,false,false,"ok"
"100243d8","FUN_100243d8","Global",692,false,false,"ok"
"100246ac","FUN_100246ac","Global",345,false,false,"ok"
"10024805","FUN_10024805","Global",863,false,false,"ok"
"10024b64","to_integer_size","__crt_stdio_output",49,false,false,"ok"
"10024bb8","FUN_10024bb8","Global",99,false,false,"ok"
"10024c1b","FUN_10024c1b","Global",401,false,false,"ok"
"10024dac","FUN_10024dac","Global",149,false,false,"ok"
"10024e41","FUN_10024e41","Global",133,false,false,"ok"
"10024ec6","FUN_10024ec6","Global",29,false,false,"ok"
"10024ee3","FUN_10024ee3","Global",22,false,false,"ok"
"10024ef9","FUN_10024ef9","Global",114,false,false,"ok"
"10024f6b","FUN_10024f6b","Global",49,false,false,"ok"
"10024f9c","validate_stream_is_ansi_if_required","__acrt_stdio_char_traits<char>",135,false,false,"ok"
"10025023","write_string","__crt_stdio_output::string_output_adapter<char>",103,false,false,"ok"
"1002508a","FUN_1002508a","Global",65,false,false,"ok"
"100250cb","FUN_100250cb","Global",65,false,false,"ok"
"1002510c","FUN_1002510c","Global",130,false,false,"ok"
"10025190","FUN_10025190","Global",1195,false,false,"ok"
"10025640","_strcspn","Global",70,false,false,"ok"
"10025690","_strlen","Global",139,false,false,"ok"
"1002571b","FUN_1002571b","Global",11,false,false,"ok"
"10025726","FUN_10025726","Global",15,false,false,"ok"
"10025735","FUN_10025735","Global",63,false,false,"ok"
"10025774","FUN_10025774","Global",63,false,false,"ok"
"100257b3","FID_conflict:__dtest","Global",100,false,false,"ok"
"10025817","FUN_10025817","Global",11,false,false,"ok"
"10025822","_fabs","Global",71,false,false,"ok"
"10025869","FUN_10025869","Global",250,false,false,"ok"
"10025963","_localeconv","Global",40,false,false,"ok"
"1002598b","_abort","Global",67,false,false,"ok"
"10025a86","FUN_10025a86","Global",194,false,false,"ok"
"10025a91","FUN_10025a91","Global",52,false,false,"ok"
"10025b4b","~__crt_unique_heap_ptr<__acrt_thread_parameter,_anon_4E93FCDD::thread_parameter_free_policy>","__crt_unique_heap_ptr<__acrt_thread_parameter,_anon_4E93FCDD::thread_parameter_free_policy>",55,false,false,"ok"
"10025b82","common_end_thread","Global",86,false,false,"ok"
"10025bd9","create_thread_parameter","Global",80,false,false,"ok"
"10025c29","__beginthreadex","Global",131,false,false,"ok"
"10025cac","__endthreadex","Global",14,false,false,"ok"
"10025cc0","_isdigit","Global",132,false,false,"ok"
"10025d50","_islower","Global",132,false,false,"ok"
"10025de0","_isupper","Global",132,false,false,"ok"
"10025e64","FUN_10025e64","Global",290,false,false,"ok"
"10025f86","FUN_10025f86","Global",296,false,false,"ok"
"100260ae","FUN_100260ae","Global",432,false,false,"ok"
"10026260","FUN_10026260","Global",292,false,false,"ok"
"10026384","FID_conflict:__wctime64","Global",115,false,false,"ok"
"100263f7","FUN_100263f7","Global",104,false,false,"ok"
"1002645f","FUN_1002645f","Global",197,false,false,"ok"
"10026527","FUN_10026527","Global",10,false,false,"ok"
"10026531","FUN_10026531","Global",11,false,false,"ok"
"1002653c","common_fsopen<char>","Global",157,false,false,"ok"
"100265dc","FUN_100265dc","Global",23,false,false,"ok"
"100265f3","common_fsopen<wchar_t>","Global",156,false,false,"ok"
"10026692","FUN_10026692","Global",23,false,false,"ok"
"100266a9","FUN_100266a9","Global",11,false,false,"ok"
"100266b4","FUN_100266b4","Global",11,false,false,"ok"
"100266bf","_fopen","Global",23,false,false,"ok"
"100266d6","FUN_100266d6","Global",11,false,false,"ok"
"100266e1","FUN_100266e1","Global",11,false,false,"ok"
"1002673f","___acrt_lock","Global",23,false,false,"ok"
"10026756","FUN_10026756","Global",49,false,false,"ok"
"10026787","___acrt_unlock","Global",23,false,false,"ok"
"1002679e","__lock_locales","Global",14,false,false,"ok"
"100267b5","operator()<<lambda_646e26742ed01d5bc03234f44bb6d3d3>,<lambda_b37934c380d97b75fd242ea49540127a>&,<lambda_bbd9d45274666fbb50f81a29ad795c13>_>","__crt_seh_guarded_call<char*>",76,false,false,"ok"
"10026804","FUN_10026804","Global",12,false,false,"ok"
"10026810","FUN_10026810","Global",350,false,false,"ok"
"1002696f","FUN_1002696f","Global",154,false,false,"ok"
"10026a0a","_setlocale","Global",56,false,false,"ok"
"10026a42","___pctype_func","Global",36,false,false,"ok"
"10026a66","____lc_codepage_func","Global",37,false,false,"ok"
"10026a8b","____lc_locale_name_func","Global",39,false,false,"ok"
"10026ab2","____mb_cur_max_func","Global",37,false,false,"ok"
"10026ad7","FUN_10026ad7","Global",1117,false,false,"ok"
"10026f34","FUN_10026f34","Global",94,false,false,"ok"
"10026f93","FUN_10026f93","Global",368,false,false,"ok"
"10027103","_fgetwc","Global",104,false,false,"ok"
"10027172","FUN_10027172","Global",8,false,false,"ok"
"1002717a","FUN_1002717a","Global",129,false,false,"ok"
"10027202","FUN_10027202","Global",8,false,false,"ok"
"1002720a","FUN_1002720a","Global",52,false,false,"ok"
"1002723e","FUN_1002723e","Global",312,false,false,"ok"
"10027376","FUN_10027376","Global",54,false,false,"ok"
"100273ac","FUN_100273ac","Global",121,false,false,"ok"
"10027425","FUN_10027425","Global",269,false,false,"ok"
"10027532","__ungetwc_nolock","Global",182,false,false,"ok"
"100275e8","_ungetwc","Global",111,false,false,"ok"
"1002765e","FUN_1002765e","Global",8,false,false,"ok"
"10027666","FUN_10027666","Global",16,false,false,"ok"
"10027676","___strncnt","Global",28,false,false,"ok"
"10027692","__acrt_convert_wcs_mbs_cp<char,wchar_t,<lambda_62f6974d9771e494a5ea317cc32e971c>,__crt_win32_buffer_internal_dynamic_resizing>","Global",178,false,false,"ok"
"10027744","FUN_10027744","Global",194,false,false,"ok"
"10027806","__acrt_mbs_to_wcs_cp<__crt_win32_buffer_internal_dynamic_resizing>","Global",29,false,false,"ok"
"10027823","FUN_10027823","Global",36,false,false,"ok"
"10027847","_deallocate","__crt_win32_buffer<wchar_t,__crt_win32_buffer_internal_dynamic_resizing>",26,false,false,"ok"
"10027861","allocate","Global",39,false,false,"ok"
"10027888","allocate","__crt_win32_buffer<wchar_t,__crt_win32_buffer_internal_dynamic_resizing>",63,false,false,"ok"
"100278c7","allocate","__crt_win32_buffer_internal_dynamic_resizing",31,false,false,"ok"
"100278e6","FUN_100278e6","Global",20,false,false,"ok"
"100278fa","FUN_100278fa","Global",67,false,false,"ok"
"1002793d","__seh_filter_dll","Global",32,false,false,"ok"
"1002795d","FUN_1002795d","Global",326,false,false,"ok"
"10027aa3","operator()<>","Global",65,false,false,"ok"
"10027ae4","FUN_10027ae4","Global",12,false,false,"ok"
"10027af0","FUN_10027af0","Global",27,false,false,"ok"
"10027b0b","FUN_10027b0b","Global",196,false,false,"ok"
"10027bf3","FUN_10027bf3","Global",146,false,false,"ok"
"10027c8a","FUN_10027c8a","Global",48,false,false,"ok"
"10027cbb","FUN_10027cbb","Global",66,false,false,"ok"
"10027cfd","FUN_10027cfd","Global",25,false,false,"ok"
"10027d16","FUN_10027d16","Global",125,false,false,"ok"
"10027d98","FUN_10027d98","Global",15,false,false,"ok"
"10027db6","__exit","Global",22,false,false,"ok"
"10027dcc","FUN_10027dcc","Global",7,false,false,"ok"
"10027dd3","FUN_10027dd3","Global",317,false,false,"ok"
"10027f10","FUN_10027f10","Global",372,false,false,"ok"
"10028084","___acrt_allocate_buffer_for_argv","Global",79,false,false,"ok"
"100280d3","FUN_100280d3","Global",11,false,false,"ok"
"100280de","FUN_100280de","Global",44,false,false,"ok"
"1002810a","FUN_1002810a","Global",90,false,false,"ok"
"10028164","FUN_10028164","Global",85,false,false,"ok"
"100281b9","FUN_100281b9","Global",225,false,false,"ok"
"1002829b","FUN_1002829b","Global",285,false,false,"ok"
"100283b9","free_environment<>","Global",47,false,false,"ok"
"100283e8","FUN_100283e8","Global",129,false,false,"ok"
"10028469","uninitialize_environment_internal<>","Global",27,false,false,"ok"
"10028484","uninitialize_environment_internal<>","Global",27,false,false,"ok"
"1002849f","thunk_FUN_100280de","Global",5,false,true,"ok"
"100284a4","FUN_100284a4","Global",76,false,false,"ok"
"100284f5","thunk_FUN_1002810a","Global",5,false,true,"ok"
"100284fa","operator()<<lambda_69a2805e680e0e292e8ba93315fe43a8>,<lambda_f03950bc5685219e0bcd2087efbe011e>&,<lambda_03fcd07e894ec930e3f35da366ca99d6>_>","__crt_seh_guarded_call<int>",76,false,false,"ok"
"10028549","FUN_10028549","Global",12,false,false,"ok"
"10028555","operator()<<lambda_8e746cf0007f6ed984d6f78af1fec997>,<lambda_22ebabd17bc4fa466a2aca6d8deb888d>&,<lambda_18ed0c0b38a6dc0daf1e7ac6d6adf05e>_>","__crt_seh_guarded_call<int>",76,false,false,"ok"
"100285a4","FUN_100285a4","Global",12,false,false,"ok"
"100285b0","__crt_fast_encode_pointer<int_(__stdcall*)(wchar_t*,unsigned_long,long)>","Global",31,false,false,"ok"
"100285cf","FUN_100285cf","Global",258,false,false,"ok"
"100286d1","operator()","<lambda_f03950bc5685219e0bcd2087efbe011e>",218,false,false,"ok"
"100287ab","FUN_100287ab","Global",22,false,false,"ok"
"100287c1","FUN_100287c1","Global",57,false,false,"ok"
"100287ff","__initialize_onexit_table","Global",41,false,false,"ok"
"10028828","__register_onexit_function","Global",51,false,false,"ok"
"100288c1","uninitialize_allocated_memory","Global",23,false,false,"ok"
"10028928","operator()","<lambda_af42a3ee9806e9a7305d451646e05244>",46,false,false,"ok"
"10028956","___acrt_initialize","Global",18,false,false,"ok"
"10028968","FUN_10028968","Global",11,false,false,"ok"
"10028973","FUN_10028973","Global",8,false,false,"ok"
"1002897b","___acrt_uninitialize","Global",48,false,false,"ok"
"100289ab","___acrt_uninitialize_critical","Global",18,false,false,"ok"
"100289bd","FUN_100289bd","Global",15,false,false,"ok"
"100289cc","FUN_100289cc","Global",44,false,false,"ok"
"100289f8","FUN_100289f8","Global",75,false,false,"ok"
"10028a46","FUN_10028a46","Global",9,false,false,"ok"
"10028a4f","__errcode","Global",52,false,false,"ok"
"10028a83","__except1","Global",206,false,false,"ok"
"10028b51","FUN_10028b51","Global",640,false,false,"ok"
"10028dd1","__raise_exc","Global",35,false,false,"ok"
"10028df4","__raise_exc_ex","Global",753,false,false,"ok"
"100290e5","FUN_100290e5","Global",49,false,false,"ok"
"10029116","FUN_10029116","Global",160,false,false,"ok"
"100291b6","FUN_100291b6","Global",43,false,false,"ok"
"100291e1","__initterm_e","Global",46,false,false,"ok"
"1002920f","FUN_1002920f","Global",90,false,false,"ok"
"10029270","_strncmp","Global",115,false,false,"ok"
"100292e8","_wcsncmp","Global",58,false,false,"ok"
"10029322","operator()<<lambda_15ade71b0218206bbe3333a0c9b79046>,<lambda_da44e0f8b0f19ba52fefafb335991732>&,<lambda_207f2d024fc103971653565357d6cd41>_>","__crt_seh_guarded_call<void>",70,false,false,"ok"
"10029368","FUN_10029368","Global",12,false,false,"ok"
"10029374","operator()<<lambda_38edbb1296d33220d7e4dd0ed76b244a>,<lambda_5ce1d447e08cb34b2473517608e21441>&,<lambda_fb385d3da700c9147fc39e65dd577a8c>_>","__crt_seh_guarded_call<void>",95,false,false,"ok"
"100293d3","FUN_100293d3","Global",12,false,false,"ok"
"100293df","operator()<<lambda_6affb1475c98b40b75cdec977db92e3c>,<lambda_b8d4b9c228a6ecc3f80208dbb4b4a104>&,<lambda_608742c3c92a14382c1684fc64f96c88>_>","__crt_seh_guarded_call<void>",73,false,false,"ok"
"10029428","FUN_10029428","Global",12,false,false,"ok"
"10029434","operator()<<lambda_a7e850c220f1c8d1e6efeecdedd162c6>,<lambda_46720907175c18b6c9d2717bc0d2d362>&,<lambda_9048902d66e8d99359bc9897bbb930a8>_>","__crt_seh_guarded_call<void>",78,false,false,"ok"
"10029482","FUN_10029482","Global",12,false,false,"ok"
"1002948e","construct_ptd","Global",153,false,false,"ok"
"10029527","destroy_fls","Global",33,false,false,"ok"
"10029548","destroy_ptd","Global",205,false,false,"ok"
"10029615","replace_current_thread_locale_nolock","Global",75,false,false,"ok"
"10029660","___acrt_freeptd","Global",44,false,false,"ok"
"1002968c","FUN_1002968c","Global",186,false,false,"ok"
"10029747","FUN_10029747","Global",149,false,false,"ok"
"100297dd","FUN_100297dd","Global",177,false,false,"ok"
"1002988e","FUN_1002988e","Global",163,false,false,"ok"
"1002995d","___acrt_uninitialize_ptd","Global",26,false,false,"ok"
"10029977","operator()<<lambda_4fdada1b837b2abbf20876fac97688ad>,<lambda_b57350f2640456a0859d250846f69caf>&,<lambda_eed5e4f92b5b7d55fa22c48c484aaa54>_>","__crt_seh_guarded_call<void>",65,false,false,"ok"
"100299b8","FUN_100299b8","Global",12,false,false,"ok"
"100299c4","operator()<<lambda_135d2772fca65dc1248eeaa1b56e886a>,<lambda_2a444430fde8c29194d880d93eed5e8f>&,<lambda_8dff2cf36a5417162780cd64fa2883ef>&>","__crt_seh_guarded_call<void>",54,false,false,"ok"
"100299fa","FUN_100299fa","Global",15,false,false,"ok"
"10029a09","operator()<<lambda_e5124f882df8998aaf41531e079ba474>,<lambda_3e16ef9562a7dcce91392c22ab16ea36>&,<lambda_e25ca0880e6ef98be67edffd8c599615>_>","__crt_seh_guarded_call<void>",98,false,false,"ok"
"10029a6b","FUN_10029a6b","Global",12,false,false,"ok"
"10029a77","FUN_10029a77","Global",73,false,false,"ok"
"10029ac1","FUN_10029ac1","Global",47,false,false,"ok"
"10029af1","operator()","<lambda_2a444430fde8c29194d880d93eed5e8f>",106,false,false,"ok"
"10029b5b","operator()","<lambda_b57350f2640456a0859d250846f69caf>",254,false,false,"ok"
"10029c59","FUN_10029c59","Global",67,false,false,"ok"
"10029c9d","FUN_10029c9d","Global",52,false,false,"ok"
"10029cd2","FUN_10029cd2","Global",95,false,false,"ok"
"10029d32","FUN_10029d32","Global",11,false,false,"ok"
"10029d3d","___acrt_uninitialize_locale","Global",39,false,false,"ok"
"10029d64","FUN_10029d64","Global",111,false,false,"ok"
"10029dd4","FUN_10029dd4","Global",316,false,false,"ok"
"10029f11","__copytlocinfo_nolock","Global",47,false,false,"ok"
"10029f40","FUN_10029f40","Global",965,false,false,"ok"
"1002a306","FUN_1002a306","Global",64,false,false,"ok"
"1002a347","__wsetlocale","Global",131,false,false,"ok"
"1002a3ca","FUN_1002a3ca","Global",410,false,false,"ok"
"1002a565","FUN_1002a565","Global",751,false,false,"ok"
"1002a855","FUN_1002a855","Global",959,false,false,"ok"
"1002ac15","get_default_code_page","Global",47,false,false,"ok"
"1002ac44","FUN_1002ac44","Global",474,false,false,"ok"
"1002ae1e","FUN_1002ae1e","Global",62,false,false,"ok"
"1002ae5d","FUN_1002ae5d","Global",113,false,false,"ok"
"1002aecf","FUN_1002aecf","Global",189,false,false,"ok"
"1002af8d","FUN_1002af8d","Global",111,false,false,"ok"
"1002affd","FUN_1002affd","Global",63,false,false,"ok"
"1002b03c","__calloc_base","Global",93,false,false,"ok"
"1002b099","FUN_1002b099","Global",58,false,false,"ok"
"1002b0d3","FUN_1002b0d3","Global",13,false,false,"ok"
"1002b0e0","operator()<<lambda_6b4b7855443974f2b4b77000ea21c99c>,<lambda_8f7d3b162ab39427f4fa9995c67a7986>&,<lambda_cc9a5ba8a5d8428b9634eab82665e5dc>_>","__crt_seh_guarded_call<int>",109,false,false,"ok"
"1002b150","FUN_1002b150","Global",12,false,false,"ok"
"1002b15c","FUN_1002b15c","Global",51,false,false,"ok"
"1002b18f","try_get_AreFileApisANSI","Global",26,false,false,"ok"
"1002b1a9","try_get_CompareStringEx","Global",26,false,false,"ok"
"1002b1c3","try_get_EnumSystemLocalesEx","Global",26,false,false,"ok"
"1002b1dd","FUN_1002b1dd","Global",26,false,false,"ok"
"1002b1f7","try_get_GetLocaleInfoEx","Global",26,false,false,"ok"
"1002b211","FUN_1002b211","Global",26,false,false,"ok"
"1002b22b","try_get_GetUserDefaultLocaleName","Global",26,false,false,"ok"
"1002b245","try_get_IsValidLocaleName","Global",26,false,false,"ok"
"1002b25f","try_get_LCIDToLocaleName","Global",26,false,false,"ok"
"1002b279","try_get_LCMapStringEx","Global",26,false,false,"ok"
"1002b293","try_get_LocaleNameToLCID","Global",26,false,false,"ok"
"1002b2ad","FUN_1002b2ad","Global",203,false,false,"ok"
"1002b378","FUN_1002b378","Global",133,false,false,"ok"
"1002b3fd","FUN_1002b3fd","Global",64,false,false,"ok"
"1002b43d","FUN_1002b43d","Global",64,false,false,"ok"
"1002b47d","___acrt_AreFileApisANSI@0","Global",31,false,false,"ok"
"1002b49c","___acrt_CompareStringEx@36","Global",93,false,false,"ok"
"1002b4f9","___acrt_EnumSystemLocalesEx@16","Global",84,false,false,"ok"
"1002b54d","___acrt_FlsAlloc@4","Global",63,false,false,"ok"
"1002b58c","___acrt_FlsFree@4","Global",63,false,false,"ok"
"1002b5cb","___acrt_FlsGetValue@4","Global",63,false,false,"ok"
"1002b60a","___acrt_FlsSetValue@8","Global",66,false,false,"ok"
"1002b64c","___acrt_GetLocaleInfoEx@16","Global",63,false,false,"ok"
"1002b68b","___acrt_GetUserDefaultLocaleName@8","Global",60,false,false,"ok"
"1002b6c7","___acrt_InitializeCriticalSectionEx@12","Global",75,false,false,"ok"
"1002b712","___acrt_IsValidLocaleName@4","Global",56,false,false,"ok"
"1002b74a","___acrt_LCIDToLocaleName@16","Global",63,false,false,"ok"
"1002b789","___acrt_LCMapStringEx@36","Global",93,false,false,"ok"
"1002b7e6","___acrt_LocaleNameToLCID@8","Global",49,false,false,"ok"
"1002b817","FUN_1002b817","Global",59,false,false,"ok"
"1002b852","___acrt_RoUninitialize@0","Global",46,false,false,"ok"
"1002b880","FUN_1002b880","Global",11,false,false,"ok"
"1002b88b","___acrt_eagerly_load_locale_apis","Global",55,false,false,"ok"
"1002b8d6","___acrt_uninitialize_winapi_thunks","Global",54,false,false,"ok"
"1002b90c","FUN_1002b90c","Global",162,false,false,"ok"
"1002b9ae","FUN_1002b9ae","Global",9,false,false,"ok"
"1002b9b7","___acrt_stdio_free_buffer_nolock","Global",64,false,false,"ok"
"1002b9f7","initialize_inherited_file_handles_nolock","Global",182,false,false,"ok"
"1002baad","FUN_1002baad","Global",176,false,false,"ok"
"1002bbb4","FUN_1002bbb4","Global",9,false,false,"ok"
"1002bbe9","__fileno","Global",39,false,false,"ok"
"1002bc10","FUN_1002bc10","Global",130,false,false,"ok"
"1002bc95","FUN_1002bc95","Global",12,false,false,"ok"
"1002bca1","FUN_1002bca1","Global",163,false,false,"ok"
"1002bd44","FUN_1002bd44","Global",48,false,false,"ok"
"1002bd74","FUN_1002bd74","Global",160,false,false,"ok"
"1002be14","__acrt_stdio_allocate_stream","Global",93,false,false,"ok"
"1002be74","FUN_1002be74","Global",9,false,false,"ok"
"1002be7d","__acrt_stdio_free_stream","Global",59,false,false,"ok"
"1002beb8","find_or_allocate_unused_stream_nolock","Global",194,false,false,"ok"
"1002bf7a","FUN_1002bf7a","Global",147,false,false,"ok"
"1002c010","FUN_1002c010","Global",12,false,false,"ok"
"1002c01c","__commit","Global",125,false,false,"ok"
"1002c099","FUN_1002c099","Global",962,false,false,"ok"
"1002c460","write_double_translated_unicode_nolock","Global",104,false,false,"ok"
"1002c4c8","FUN_1002c4c8","Global",125,false,false,"ok"
"1002c545","write_text_ansi_nolock","Global",219,false,false,"ok"
"1002c620","write_text_utf16le_nolock","Global",233,false,false,"ok"
"1002c709","write_text_utf8_nolock","Global",306,false,false,"ok"
"1002c83b","FUN_1002c83b","Global",55,false,false,"ok"
"1002c872","FUN_1002c872","Global",259,false,false,"ok"
"1002c97b","FUN_1002c97b","Global",8,false,false,"ok"
"1002c983","FUN_1002c983","Global",540,false,false,"ok"
"1002cb9f","FUN_1002cb9f","Global",399,false,false,"ok"
"1002cd2e","FUN_1002cd2e","Global",463,false,false,"ok"
"1002cefd","FUN_1002cefd","Global",11,false,false,"ok"
"1002cf08","FUN_1002cf08","Global",11,false,false,"ok"
"1002cf13","FUN_1002cf13","Global",127,false,false,"ok"
"1002cf98","FUN_1002cf98","Global",10,false,false,"ok"
"1002cfa2","FUN_1002cfa2","Global",417,false,false,"ok"
"1002d143","FUN_1002d143","Global",459,false,false,"ok"
"1002d30e","FUN_1002d30e","Global",427,false,false,"ok"
"1002d4b9","FUN_1002d4b9","Global",81,false,false,"ok"
"1002d50a","FUN_1002d50a","Global",54,false,false,"ok"
"1002d540","FUN_1002d540","Global",11,false,false,"ok"
"1002d54b","FUN_1002d54b","Global",246,false,false,"ok"
"1002d641","FUN_1002d641","Global",250,false,false,"ok"
"1002d73b","FUN_1002d73b","Global",210,false,false,"ok"
"1002d80d","FUN_1002d80d","Global",212,false,false,"ok"
"1002d8e1","stream_is_at_end_of_file_nolock","Global",133,false,false,"ok"
"1002d966","FUN_1002d966","Global",11,false,false,"ok"
"1002d971","FUN_1002d971","Global",11,false,false,"ok"
"1002d97c","FUN_1002d97c","Global",333,false,false,"ok"
"1002dac9","FUN_1002dac9","Global",442,false,false,"ok"
"1002dc83","FUN_1002dc83","Global",343,false,false,"ok"
"1002ddda","FUN_1002ddda","Global",126,false,false,"ok"
"1002de58","FUN_1002de58","Global",267,false,false,"ok"
"1002df69","FUN_1002df69","Global",8,false,false,"ok"
"1002df71","FUN_1002df71","Global",907,false,false,"ok"
"1002e2fc","FUN_1002e2fc","Global",276,false,false,"ok"
"1002e419","FUN_1002e419","Global",8,false,false,"ok"
"1002e421","FUN_1002e421","Global",131,false,false,"ok"
"1002e4a4","FUN_1002e4a4","Global",64,false,false,"ok"
"1002e4e4","FUN_1002e4e4","Global",30,false,false,"ok"
"1002e502","FUN_1002e502","Global",64,false,false,"ok"
"1002e542","FUN_1002e542","Global",30,false,false,"ok"
"1002e560","FUN_1002e560","Global",62,false,false,"ok"
"1002e59e","FUN_1002e59e","Global",171,false,false,"ok"
"1002e649","FUN_1002e649","Global",62,false,false,"ok"
"1002e687","___acrt_stdio_allocate_buffer_nolock","Global",92,false,false,"ok"
"1002e6e3","_iswctype","Global",105,false,false,"ok"
"1002e74c","__isctype_l","Global",203,false,false,"ok"
"1002e817","___acrt_update_locale_info","Global",45,false,false,"ok"
"1002e844","FUN_1002e844","Global",49,false,false,"ok"
"1002e875","FUN_1002e875","Global",45,false,false,"ok"
"1002e8a2","FUN_1002e8a2","Global",49,false,false,"ok"
"1002e8d3","__malloc_base","Global",78,false,false,"ok"
"1002e921","__acrt_fp_classify","Global",98,false,false,"ok"
"1002e983","fe_to_nearest","Global",163,false,false,"ok"
"1002ea26","FUN_1002ea26","Global",813,false,false,"ok"
"1002ed53","FUN_1002ed53","Global",164,false,false,"ok"
"1002edf7","FUN_1002edf7","Global",338,false,false,"ok"
"1002ef4a","FUN_1002ef4a","Global",150,false,false,"ok"
"1002efe0","FUN_1002efe0","Global",238,false,false,"ok"
"1002f0ce","FUN_1002f0ce","Global",207,false,false,"ok"
"1002f19d","FUN_1002f19d","Global",148,false,false,"ok"
"1002f232","shift_bytes","Global",52,false,false,"ok"
"1002f266","FUN_1002f266","Global",147,false,false,"ok"
"1002f2f9","FUN_1002f2f9","Global",385,false,false,"ok"
"1002f47a","FUN_1002f47a","Global",362,false,false,"ok"
"1002f5e4","FUN_1002f5e4","Global",58,false,false,"ok"
"1002f61e","FUN_1002f61e","Global",307,false,false,"ok"
"1002f751","FUN_1002f751","Global",55,false,false,"ok"
"1002f788","FUN_1002f788","Global",21,false,false,"ok"
"1002f79d","fegetround","Global",13,false,false,"ok"
"1002f7aa","FUN_1002f7aa","Global",176,false,false,"ok"
"1002f85a","FUN_1002f85a","Global",173,false,false,"ok"
"1002f907","FUN_1002f907","Global",182,false,false,"ok"
"1002f9bd","FUN_1002f9bd","Global",182,false,false,"ok"
"1002fa73","___acrt_fenv_get_common_round_control","Global",34,false,false,"ok"
"1002fa95","___acrt_fenv_get_control","Global",128,false,false,"ok"
"1002fb15","FUN_1002fb15","Global",170,false,false,"ok"
"1002fbbf","FUN_1002fbbf","Global",123,false,false,"ok"
"1002fc3a","FUN_1002fc3a","Global",252,false,false,"ok"
"1002fd36","FUN_1002fd36","Global",210,false,false,"ok"
"1002fe08","__set_exp","Global",45,false,false,"ok"
"1002fe35","FUN_1002fe35","Global",99,false,false,"ok"
"1002fe98","___set_fpsr_sse2","Global",80,false,false,"ok"
"1002ff18","FUN_1002ff18","Global",17,false,false,"ok"
"1002ff29","__ctrlfp","Global",42,false,false,"ok"
"1002ff53","FUN_1002ff53","Global",89,false,false,"ok"
"1002ffac","FUN_1002ffac","Global",16,false,false,"ok"
"1002ffbc","FUN_1002ffbc","Global",89,false,false,"ok"
"10030018","FUN_10030018","Global",12,false,false,"ok"
"10030024","get_global_action_nolock","Global",66,false,false,"ok"
"10030066","siglookup","Global",40,false,false,"ok"
"1003008e","___acrt_get_sigabrt_handler","Global",39,false,false,"ok"
"100300b5","FUN_100300b5","Global",30,false,false,"ok"
"100300d3","FUN_100300d3","Global",463,false,false,"ok"
"1003025d","FUN_1003025d","Global",16,false,false,"ok"
"100302c5","FUN_100302c5","Global",58,false,false,"ok"
"100302ff","FUN_100302ff","Global",39,false,false,"ok"
"10030326","FUN_10030326","Global",339,false,false,"ok"
"10030479","common_asctime_s_write_value<char>","Global",57,false,false,"ok"
"100304b2","FUN_100304b2","Global",70,false,false,"ok"
"100304f8","FUN_100304f8","Global",84,false,false,"ok"
"1003054c","FUN_1003054c","Global",656,false,false,"ok"
"100307dd","FUN_100307dd","Global",11,false,false,"ok"
"100307e8","__acrt_stdio_parse_mode<char>","Global",554,false,false,"ok"
"10030a12","__acrt_stdio_parse_mode<wchar_t>","Global",619,false,false,"ok"
"10030c7d","common_openfile<char>","Global",131,false,false,"ok"
"10030d00","common_openfile<wchar_t>","Global",131,false,false,"ok"
"10030d83","__acrt_stdio_parse_mode_D","Global",27,false,false,"ok"
"10030d9e","__acrt_stdio_parse_mode_T","Global",31,false,false,"ok"
"10030dbd","FID_conflict:__acrt_stdio_parse_mode_b","Global",32,false,false,"ok"
"10030ddd","__acrt_stdio_parse_mode_c","Global",34,false,false,"ok"
"10030dff","__acrt_stdio_parse_mode_n","Global",34,false,false,"ok"
"10030e21","__acrt_stdio_parse_mode_plus","Global",54,false,false,"ok"
"10030e57","FID_conflict:__acrt_stdio_parse_mode_b","Global",32,false,false,"ok"
"10030e77","__acrt_stdio_parse_mode_x","Global",32,false,false,"ok"
"10030e97","FUN_10030e97","Global",11,false,false,"ok"
"10030ea2","FUN_10030ea2","Global",11,false,false,"ok"
"10030ead","__realloc_base","Global",105,false,false,"ok"
"10030f35","FUN_10030f35","Global",23,false,false,"ok"
"10030f4c","FUN_10030f4c","Global",25,false,false,"ok"
"10030fa8","FUN_10030fa8","Global",22,false,false,"ok"
"10030fcb","__math_exit","Global",42,false,false,"ok"
"100310b0","FUN_100310b0","Global",20,false,false,"ok"
"100310c4","FUN_100310c4","Global",170,false,false,"ok"
"10031161","FUN_10031161","Global",220,false,false,"ok"
"1003123d","FUN_1003123d","Global",450,false,false,"ok"
"10031404","FUN_10031404","Global",61,false,false,"ok"
"10031441","FUN_10031441","Global",213,false,false,"ok"
"10031516","FUN_10031516","Global",679,false,false,"ok"
"100317bd","FUN_100317bd","Global",62,false,false,"ok"
"100317fb","FUN_100317fb","Global",223,false,false,"ok"
"100318da","FUN_100318da","Global",431,false,false,"ok"
"10031a8a","FUN_10031a8a","Global",257,false,false,"ok"
"10031b8b","FUN_10031b8b","Global",495,false,false,"ok"
"10031d7a","___acrt_LCMapStringA","Global",73,false,false,"ok"
"10031dc3","FUN_10031dc3","Global",100,false,false,"ok"
"10031e27","FUN_10031e27","Global",152,false,false,"ok"
"10031ebf","FUN_10031ebf","Global",42,false,false,"ok"
"10031ee9","FUN_10031ee9","Global",144,false,false,"ok"
"10031f79","FUN_10031f79","Global",108,false,false,"ok"
"10031fe5","FUN_10031fe5","Global",61,false,false,"ok"
"10032022","__towlower_internal","Global",63,false,false,"ok"
"10032061","__wcsicmp","Global",73,false,false,"ok"
"100320aa","FUN_100320aa","Global",184,false,false,"ok"
"10032197","FUN_10032197","Global",6,false,false,"ok"
"1003219d","FUN_1003219d","Global",6,false,false,"ok"
"100321a3","FUN_100321a3","Global",6,false,false,"ok"
"100321a9","FUN_100321a9","Global",6,false,false,"ok"
"100321af","FUN_100321af","Global",6,false,false,"ok"
"100321b5","FUN_100321b5","Global",44,false,false,"ok"
"100321e1","FUN_100321e1","Global",44,false,false,"ok"
"1003220d","FUN_1003220d","Global",44,false,false,"ok"
"10032239","__crt_time_elapsed_leap_years<>","Global",58,false,false,"ok"
"10032273","__acrt_get_utf8_acp_compatibility_codepage","Global",63,false,false,"ok"
"100322b2","FUN_100322b2","Global",537,false,false,"ok"
"100324cc","FUN_100324cc","Global",322,false,false,"ok"
"1003260f","FUN_1003260f","Global",119,false,false,"ok"
"10032686","FUN_10032686","Global",70,false,false,"ok"
"100326cd","FUN_100326cd","Global",657,false,false,"ok"
"1003295f","FUN_1003295f","Global",345,false,false,"ok"
"10032ab9","FUN_10032ab9","Global",118,false,false,"ok"
"10032b2f","FUN_10032b2f","Global",65,false,false,"ok"
"10032b71","___tzset","Global",84,false,false,"ok"
"10032bc5","FUN_10032bc5","Global",9,false,false,"ok"
"10032bce","__isindst","Global",72,false,false,"ok"
"10032c19","FUN_10032c19","Global",9,false,false,"ok"
"10032c22","FUN_10032c22","Global",18,false,false,"ok"
"10032c34","FUN_10032c34","Global",19,false,false,"ok"
"10032c47","FUN_10032c47","Global",24,false,false,"ok"
"10032c5f","FUN_10032c5f","Global",198,false,false,"ok"
"10032d25","FUN_10032d25","Global",380,false,false,"ok"
"10032ea2","FUN_10032ea2","Global",176,false,false,"ok"
"10032f53","FUN_10032f53","Global",645,false,false,"ok"
"100331d8","~argument_list<>","Global",37,false,false,"ok"
"100331fd","allocate","Global",60,false,false,"ok"
"10033239","expand_if_necessary","Global",135,false,false,"ok"
"100332c0","FUN_100332c0","Global",11,false,false,"ok"
"100332cb","___acrt_GetModuleFileNameA","Global",161,false,false,"ok"
"1003336c","operator()<<lambda_ceb1ee4838e85a9d631eb091e2fbe199>,<lambda_ae742caa10f662c28703da3d2ea5e57e>&,<lambda_cd08b5d6af4937fe54fc07d0c9bf6b37>_>","__crt_seh_guarded_call<void>",65,false,false,"ok"
"100333ad","FUN_100333ad","Global",12,false,false,"ok"
"100333b9","operator()","<lambda_ae742caa10f662c28703da3d2ea5e57e>",131,false,false,"ok"
"1003343c","CPtoLocaleName","Global",62,false,false,"ok"
"1003347a","getSystemCP","Global",113,false,false,"ok"
"100334eb","FUN_100334eb","Global",99,false,false,"ok"
"1003354e","FUN_1003354e","Global",421,false,false,"ok"
"100336f3","FUN_100336f3","Global",341,false,false,"ok"
"10033848","FUN_10033848","Global",129,false,false,"ok"
"100338c7","FUN_100338c7","Global",9,false,false,"ok"
"100338d0","FUN_100338d0","Global",18,false,false,"ok"
"100338e8","___acrt_initialize_multibyte","Global",72,false,false,"ok"
"10033930","FUN_10033930","Global",19,false,false,"ok"
"10033943","FUN_10033943","Global",517,false,false,"ok"
"10033b48","FUN_10033b48","Global",80,false,false,"ok"
"10033b98","FUN_10033b98","Global",24,false,false,"ok"
"10033bc9","find_end_of_double_null_terminated_sequence","Global",55,false,false,"ok"
"10033c00","FUN_10033c00","Global",160,false,false,"ok"
"10033ca0","FUN_10033ca0","Global",78,false,false,"ok"
"10033cee","FUN_10033cee","Global",650,false,false,"ok"
"10033f79","FUN_10033f79","Global",189,false,false,"ok"
"10034037","FUN_10034037","Global",26,false,false,"ok"
"10034051","find_in_environment_nolock<wchar_t>","Global",88,false,false,"ok"
"100340a9","FUN_100340a9","Global",11,false,false,"ok"
"100340b4","__recalloc_base","Global",109,false,false,"ok"
"1003413c","___acrt_execute_initializers","Global",104,false,false,"ok"
"100341a4","___acrt_execute_uninitializers","Global",49,false,false,"ok"
"100341d5","FUN_100341d5","Global",29,false,false,"ok"
"100341f2","FUN_100341f2","Global",15,false,false,"ok"
"10034201","FUN_10034201","Global",54,false,false,"ok"
"10034237","___acrt_add_locale_ref","Global",125,false,false,"ok"
"100342b4","___acrt_free_locale","Global",328,false,false,"ok"
"100343fc","___acrt_locale_add_lc_time_reference","Global",41,false,false,"ok"
"10034425","___acrt_locale_free_lc_time_if_unreferenced","Global",49,false,false,"ok"
"10034456","___acrt_locale_release_lc_time_reference","Global",41,false,false,"ok"
"1003447f","___acrt_release_locale_ref","Global",129,false,false,"ok"
"10034500","FUN_10034500","Global",98,false,false,"ok"
"10034560","FUN_10034560","Global",9,false,false,"ok"
"10034569","FUN_10034569","Global",18,false,false,"ok"
"10034581","__updatetlocinfoEx_nolock","Global",80,false,false,"ok"
"100345d1","___acrt_locale_free_monetary","Global",254,false,false,"ok"
"100346cf","FUN_100346cf","Global",865,false,false,"ok"
"10034a30","___acrt_locale_free_numeric","Global",105,false,false,"ok"
"10034a99","FUN_10034a99","Global",541,false,false,"ok"
"10034cb6","FUN_10034cb6","Global",37,false,false,"ok"
"10034cdb","initialize_lc_time","Global",636,false,false,"ok"
"10034f57","___acrt_locale_free_time","Global",228,false,false,"ok"
"1003503b","___acrt_locale_initialize_time","Global",123,false,false,"ok"
"100350b6","FUN_100350b6","Global",111,false,false,"ok"
"10035125","FUN_10035125","Global",232,false,false,"ok"
"1003520d","FUN_1003520d","Global",11,false,false,"ok"
"10035218","FUN_10035218","Global",206,false,false,"ok"
"100352e6","FUN_100352e6","Global",11,false,false,"ok"
"100352f1","_wcscspn","Global",89,false,false,"ok"
"1003534a","_wcspbrk","Global",78,false,false,"ok"
"10035398","FUN_10035398","Global",134,false,false,"ok"
"1003541f","_GetLocaleNameFromLangCountry","Global",153,false,false,"ok"
"100354b8","_GetLocaleNameFromLanguage","Global",89,false,false,"ok"
"10035511","_GetPrimaryLen","Global",52,false,false,"ok"
"10035545","FUN_10035545","Global",736,false,false,"ok"
"10035826","FUN_10035826","Global",190,false,false,"ok"
"100358e5","FUN_100358e5","Global",240,false,false,"ok"
"100359d5","FUN_100359d5","Global",77,false,false,"ok"
"10035a22","_TranslateName","Global",109,false,false,"ok"
"10035a8f","FUN_10035a8f","Global",516,false,false,"ok"
"10035c94","_CountryEnumProc@4","Global",167,false,false,"ok"
"10035d3b","_GetLcidFromCountry","Global",75,false,false,"ok"
"10035d86","_GetLcidFromLangCountry","Global",155,false,false,"ok"
"10035e21","_GetLcidFromLanguage","Global",95,false,false,"ok"
"10035e80","_GetPrimaryLen","Global",44,false,false,"ok"
"10035eac","_LangCountryEnumProc@4","Global",595,false,false,"ok"
"100360ff","_LanguageEnumProc@4","Global",213,false,false,"ok"
"100361d4","FUN_100361d4","Global",84,false,false,"ok"
"10036228","_ProcessCodePage","Global",225,false,false,"ok"
"10036309","_TestDefaultCountry","Global",37,false,false,"ok"
"1003632e","FUN_1003632e","Global",117,false,false,"ok"
"100363a3","_TranslateName","Global",97,false,false,"ok"
"10036404","FUN_10036404","Global",496,false,false,"ok"
"100365f4","FUN_100365f4","Global",7,false,false,"ok"
"100365fb","FID_conflict:GetTableIndexFromLocaleName","Global",80,false,false,"ok"
"1003664b","FUN_1003664b","Global",162,false,false,"ok"
"100366ee","___acrt_DownlevelLocaleNameToLCID","Global",44,false,false,"ok"
"1003671a","___acrt_lowio_create_handle_array","Global",123,false,false,"ok"
"10036795","___acrt_lowio_destroy_handle_array","Global",53,false,false,"ok"
"100367ca","___acrt_lowio_ensure_fh_exists","Global",146,false,false,"ok"
"1003685f","FUN_1003685f","Global",9,false,false,"ok"
"10036868","___acrt_lowio_lock_fh","Global",35,false,false,"ok"
"1003688b","FUN_1003688b","Global",146,false,false,"ok"
"1003691d","___acrt_lowio_unlock_fh","Global",35,false,false,"ok"
"10036940","__alloc_osfhnd","Global",263,false,false,"ok"
"10036a4a","FUN_10036a4a","Global",9,false,false,"ok"
"10036a53","FUN_10036a53","Global",145,false,false,"ok"
"10036ae4","FUN_10036ae4","Global",106,false,false,"ok"
"10036b4e","FUN_10036b4e","Global",86,false,false,"ok"
"10036ba4","FUN_10036ba4","Global",44,false,false,"ok"
"10036bd0","FUN_10036bd0","Global",67,false,false,"ok"
"10036c13","FUN_10036c13","Global",264,false,false,"ok"
"10036d1b","__putwch_nolock","Global",50,false,false,"ok"
"10036d4d","___acrt_GetStringTypeW","Global",25,false,false,"ok"
"10036d66","FUN_10036d66","Global",35,false,false,"ok"
"10036d89","FUN_10036d89","Global",142,false,false,"ok"
"10036e17","FUN_10036e17","Global",250,false,false,"ok"
"10036f11","FUN_10036f11","Global",5607,false,false,"ok"
"100384f9","FUN_100384f9","Global",176,false,false,"ok"
"100385a9","common_gmtime_s<__int64>","Global",330,false,false,"ok"
"100386f3","FUN_100386f3","Global",185,false,false,"ok"
"100387ac","FUN_100387ac","Global",11,false,false,"ok"
"100387b7","FUN_100387b7","Global",79,false,false,"ok"
"10038806","__wcsnicmp","Global",76,false,false,"ok"
"10038852","FUN_10038852","Global",211,false,false,"ok"
"10038925","__strnicmp","Global",109,false,false,"ok"
"10038992","FUN_10038992","Global",203,false,false,"ok"
"10038a5d","common_sopen_dispatch<char>","Global",143,false,false,"ok"
"10038af2","FUN_10038af2","Global",70,false,false,"ok"
"10038b38","common_sopen_dispatch<wchar_t>","Global",143,false,false,"ok"
"10038bcd","FUN_10038bcd","Global",70,false,false,"ok"
"10038c13","FUN_10038c13","Global",597,false,false,"ok"
"10038e69","create_file","Global",37,false,false,"ok"
"10038e8e","decode_open_create_flags","Global",112,false,false,"ok"
"10038efe","FUN_10038efe","Global",377,false,false,"ok"
"10039078","truncate_ctrl_z_if_present","Global",170,false,false,"ok"
"10039122","__sopen_nolock","Global",110,false,false,"ok"
"10039190","FID_conflict:__sopen_s","Global",32,false,false,"ok"
"100391b0","__wsopen_nolock","Global",810,false,false,"ok"
"100394da","FID_conflict:__sopen_s","Global",32,false,false,"ok"
"10039500","FUN_10039500","Global",23,false,false,"ok"
"10039517","__startOneArgErrorHandling","Global",60,false,false,"ok"
"100397b4","FUN_100397b4","Global",271,false,false,"ok"
"100398c3","FUN_100398c3","Global",212,false,false,"ok"
"10039997","common_getenv_nolock<wchar_t>","Global",132,false,false,"ok"
"10039a1b","common_getenv_s<>","Global",83,false,false,"ok"
"10039a71","FUN_10039a71","Global",9,false,false,"ok"
"10039a7a","FUN_10039a7a","Global",173,false,false,"ok"
"10039b28","FUN_10039b28","Global",11,false,false,"ok"
"10039b40","_qsort","Global",1229,false,false,"ok"
"1003a030","_strpbrk","Global",64,false,false,"ok"
"1003a070","__mbsdec","Global",23,false,false,"ok"
"1003a087","__mbsdec_l","Global",141,false,false,"ok"
"1003a123","__wcsnicoll","Global",109,false,false,"ok"
"1003a190","__wcsnicoll_l","Global",192,false,false,"ok"
"1003a250","FID_conflict:__msize_base","Global",51,false,false,"ok"
"1003a283","FUN_1003a283","Global",188,false,false,"ok"
"1003a33f","common_xtox_s<unsigned_long,wchar_t>","Global",114,false,false,"ok"
"1003a3b1","FID_conflict:__itow_s","Global",51,false,false,"ok"
"1003a3e4","FUN_1003a3e4","Global",6,false,false,"ok"
"1003a3ea","FUN_1003a3ea","Global",433,false,false,"ok"
"1003a59b","__dcrt_lowio_initialize_console_output","Global",31,false,false,"ok"
"1003a5ba","___dcrt_lowio_ensure_console_output_initialized","Global",31,false,false,"ok"
"1003a5d9","FID_conflict:___dcrt_terminate_console_output","Global",23,false,false,"ok"
"1003a5f0","___dcrt_write_console","Global",85,false,false,"ok"
"1003a645","__controlfp_s","Global",95,false,false,"ok"
"1003a6a4","fegetenv","Global",29,false,false,"ok"
"1003a6c1","FUN_1003a6c1","Global",76,false,false,"ok"
"1003a70d","FUN_1003a70d","Global",77,false,false,"ok"
"1003a760","FUN_1003a760","Global",79,false,false,"ok"
"1003a7b8","FUN_1003a7b8","Global",184,false,false,"ok"
"1003a870","FUN_1003a870","Global",285,false,false,"ok"
"1003a98d","FUN_1003a98d","Global",20,false,false,"ok"
"1003a9a1","FUN_1003a9a1","Global",34,false,false,"ok"
"1003a9d0","___ascii_strnicmp","Global",97,false,false,"ok"
"1003aa31","FUN_1003aa31","Global",45,false,false,"ok"
"1003aa5e","__setmode_nolock","Global",207,false,false,"ok"
"1003ab2d","__crt_seek_guard","__crt_seek_guard",77,false,false,"ok"
"1003ab7a","FUN_1003ab7a","Global",55,false,false,"ok"
"1003abb1","FUN_1003abb1","Global",407,false,false,"ok"
"1003ad48","FUN_1003ad48","Global",272,false,false,"ok"
"1003ae58","FUN_1003ae58","Global",170,false,false,"ok"
"1003af02","___acrt_LCMapStringW","Global",62,false,false,"ok"
"1003af40","___acrt_CompareStringW","Global",101,false,false,"ok"
"1003afa5","___hw_cw_sse2","Global",167,false,false,"ok"
"1003b04c","__clearfp","Global",222,false,false,"ok"
"1003b12a","__control87","Global",769,false,false,"ok"
"1003b42b","__hw_cw","Global",158,false,false,"ok"
"1003b4e0","FUN_1003b4e0","Global",24,false,false,"ok"
"1003b4fe","FUN_1003b4fe","Global",614,false,false,"ok"
"1003b976","___libm_error_support","Global",500,false,false,"ok"
"1003bb6a","FUN_1003bb6a","Global",190,false,false,"ok"
"1003bc3e","FUN_1003bc3e","Global",104,false,false,"ok"
"1003bca6","FUN_1003bca6","Global",299,false,false,"ok"
"1003bdd1","__frnd","Global",20,false,false,"ok"
"1003bde5","__fpclass","Global",164,false,false,"ok"
"1003be89","guard_check_icall","Global",7,false,true,"ok"
"1003be90","__FindPESection","Global",67,false,false,"ok"
"1003bee0","__IsNonwritableInCurrentImage","Global",164,false,false,"ok"
"1003bfa0","FUN_1003bfa0","Global",49,false,false,"ok"
"1003bfe0","__allshl","Global",31,false,false,"ok"
"1003c000","__aullshr","Global",31,false,false,"ok"
"1003c020","thunk_FUN_1003c030","Global",5,false,true,"ok"
"1003c030","FUN_1003c030","Global",17,false,false,"ok"
"1003c041","FUN_1003c041","Global",107,false,false,"ok"
"1003c0b0","FUN_1003c0b0","Global",311,false,false,"ok"
"1003c1f0","FUN_1003c1f0","Global",154,false,false,"ok"
"1003c28a","FUN_1003c28a","Global",119,false,false,"ok"
"1003c301","Unwind@1003c301","Global",8,false,false,"ok"
"1003c309","Unwind@1003c309","Global",8,false,false,"ok"
"1003c311","Unwind@1003c311","Global",8,false,false,"ok"
"1003c348","Unwind@1003c348","Global",8,false,false,"ok"
"1003c372","Unwind@1003c372","Global",8,false,false,"ok"
"1003c37a","Unwind@1003c37a","Global",8,false,false,"ok"
"1003c3a4","Unwind@1003c3a4","Global",28,false,false,"ok"
"1003c3c0","Unwind@1003c3c0","Global",11,false,false,"ok"
"1003c3cb","Unwind@1003c3cb","Global",11,false,false,"ok"
"1003c3f8","Unwind@1003c3f8","Global",28,false,false,"ok"
"1003c414","Unwind@1003c414","Global",11,false,false,"ok"
"1003c441","Unwind@1003c441","Global",28,false,false,"ok"
"1003c49c","Unwind@1003c49c","Global",8,false,false,"ok"
"1003c4a4","Unwind@1003c4a4","Global",11,false,false,"ok"
"1003c4af","Unwind@1003c4af","Global",11,false,false,"ok"
"1003c4ba","Unwind@1003c4ba","Global",11,false,false,"ok"
"1003c4c5","Unwind@1003c4c5","Global",11,false,false,"ok"
"1003c4d0","Unwind@1003c4d0","Global",11,false,false,"ok"
"1003c4db","Unwind@1003c4db","Global",11,false,false,"ok"
"1003c508","Unwind@1003c508","Global",8,false,false,"ok"
"1003c532","Unwind@1003c532","Global",8,false,false,"ok"
"1003c5da","Unwind@1003c5da","Global",8,false,false,"ok"
"1003c5e2","Unwind@1003c5e2","Global",11,false,false,"ok"
"1003c5ed","Unwind@1003c5ed","Global",8,false,false,"ok"
"1003c5f5","Unwind@1003c5f5","Global",8,false,false,"ok"
"1003c62c","Unwind@1003c62c","Global",13,false,false,"ok"
"1003c65b","Unwind@1003c65b","Global",13,false,false,"ok"
"1003c68a","Unwind@1003c68a","Global",8,false,false,"ok"
"1003c6b4","Unwind@1003c6b4","Global",8,false,false,"ok"
"1003c6bc","Unwind@1003c6bc","Global",8,false,false,"ok"
"1003c70d","Unwind@1003c70d","Global",8,false,false,"ok"
"1003c737","Unwind@1003c737","Global",8,false,false,"ok"
"1003c761","Unwind@1003c761","Global",8,false,false,"ok"
"1003c795","Unwind@1003c795","Global",8,false,false,"ok"
"1003c7bf","Unwind@1003c7bf","Global",8,false,false,"ok"
"1003c7c7","Unwind@1003c7c7","Global",8,false,false,"ok"
"1003c7cf","Unwind@1003c7cf","Global",8,false,false,"ok"
"1003c7d7","Unwind@1003c7d7","Global",8,false,false,"ok"
"1003c80b","Unwind@1003c80b","Global",8,false,false,"ok"
"1003c835","Unwind@1003c835","Global",8,false,false,"ok"
"1003c85f","Unwind@1003c85f","Global",8,false,false,"ok"
"1003c867","Unwind@1003c867","Global",8,false,false,"ok"
"1003c891","Unwind@1003c891","Global",8,false,false,"ok"
"1003c899","Unwind@1003c899","Global",8,false,false,"ok"
"1003c8c3","Unwind@1003c8c3","Global",13,false,false,"ok"
"1003c8d0","Unwind@1003c8d0","Global",25,false,false,"ok"
"1003c90b","Unwind@1003c90b","Global",8,false,false,"ok"
"1003c935","Unwind@1003c935","Global",8,false,false,"ok"
"1003c93d","Unwind@1003c93d","Global",8,false,false,"ok"
"1003c945","Unwind@1003c945","Global",8,false,false,"ok"
"1003c94d","Unwind@1003c94d","Global",8,false,false,"ok"
"1003c981","Unwind@1003c981","Global",8,false,false,"ok"
"1003c9b5","Unwind@1003c9b5","Global",8,false,false,"ok"
"1003c9bd","Unwind@1003c9bd","Global",8,false,false,"ok"
"1003c9f1","Unwind@1003c9f1","Global",8,false,false,"ok"
"1003ca1b","Unwind@1003ca1b","Global",8,false,false,"ok"
"1003ca23","Unwind@1003ca23","Global",8,false,false,"ok"
"1003ca2b","Unwind@1003ca2b","Global",25,false,false,"ok"
"1003ca44","Unwind@1003ca44","Global",25,false,false,"ok"
"1003ca7f","Unwind@1003ca7f","Global",8,false,false,"ok"
"1003caa9","Unwind@1003caa9","Global",8,false,false,"ok"
"1003cab1","Unwind@1003cab1","Global",14,false,false,"ok"
"1003cae1","Unwind@1003cae1","Global",16,false,false,"ok"
"1003cb13","Unwind@1003cb13","Global",8,false,false,"ok"
"1003cb3d","Unwind@1003cb3d","Global",8,false,false,"ok"
"1003cb67","Unwind@1003cb67","Global",8,false,false,"ok"
"1003cb6f","Unwind@1003cb6f","Global",8,false,false,"ok"
"1003cb99","Unwind@1003cb99","Global",13,false,false,"ok"
"1003cbc8","Unwind@1003cbc8","Global",11,false,false,"ok"
"1003cbf5","Unwind@1003cbf5","Global",8,false,false,"ok"
"1003cbfd","Unwind@1003cbfd","Global",11,false,false,"ok"
"1003cc47","Unwind@1003cc47","Global",11,false,false,"ok"
"1003cc81","Unwind@1003cc81","Global",8,false,false,"ok"
"1003ccab","Unwind@1003ccab","Global",8,false,false,"ok"
"1003ccb3","Unwind@1003ccb3","Global",8,false,false,"ok"
"1003ccbb","Unwind@1003ccbb","Global",8,false,false,"ok"
"1003cce5","Unwind@1003cce5","Global",8,false,false,"ok"
"1003cd0f","Unwind@1003cd0f","Global",11,false,false,"ok"
"1003cd1a","Unwind@1003cd1a","Global",11,false,false,"ok"
"1003cd54","Unwind@1003cd54","Global",11,false,false,"ok"
"1003cd8e","Unwind@1003cd8e","Global",8,false,false,"ok"
"1003cdb8","Unwind@1003cdb8","Global",8,false,false,"ok"
"1003cdff","Unwind@1003cdff","Global",8,false,false,"ok"
"1003ce29","Unwind@1003ce29","Global",8,false,false,"ok"
"1003ce31","Unwind@1003ce31","Global",8,false,false,"ok"
"1003ce65","Unwind@1003ce65","Global",8,false,false,"ok"
"1003ce6d","Unwind@1003ce6d","Global",8,false,false,"ok"
"1003ce97","Unwind@1003ce97","Global",25,false,false,"ok"
"1003ced2","Unwind@1003ced2","Global",8,false,false,"ok"
"1003cefc","Unwind@1003cefc","Global",8,false,false,"ok"
"1003cf26","Unwind@1003cf26","Global",8,false,false,"ok"
"1003cf50","Unwind@1003cf50","Global",8,false,false,"ok"
"1003cf58","Unwind@1003cf58","Global",8,false,false,"ok"
"1003cf82","Unwind@1003cf82","Global",8,false,false,"ok"
"1003cfac","Unwind@1003cfac","Global",8,false,false,"ok"
"1003cfe0","Unwind@1003cfe0","Global",8,false,false,"ok"
"1003d00a","Unwind@1003d00a","Global",8,false,false,"ok"
"1003d034","Unwind@1003d034","Global",8,false,false,"ok"
"1003d03c","Unwind@1003d03c","Global",8,false,false,"ok"
"1003d066","Unwind@1003d066","Global",8,false,false,"ok"
"1003d090","Unwind@1003d090","Global",8,false,false,"ok"
"1003d0c4","Unwind@1003d0c4","Global",13,false,false,"ok"
"1003d0f3","Unwind@1003d0f3","Global",8,false,false,"ok"
"1003d11d","Unwind@1003d11d","Global",8,false,false,"ok"
"1003d125","Unwind@1003d125","Global",8,false,false,"ok"
"1003d14f","Unwind@1003d14f","Global",8,false,false,"ok"
"1003d179","Unwind@1003d179","Global",8,false,false,"ok"
"1003d1a3","Unwind@1003d1a3","Global",8,false,false,"ok"
"1003d1cd","Unwind@1003d1cd","Global",8,false,false,"ok"
"1003d1f7","Unwind@1003d1f7","Global",28,false,false,"ok"
"1003d235","Unwind@1003d235","Global",28,false,false,"ok"
"1003d251","Unwind@1003d251","Global",11,false,false,"ok"
"1003d27e","Unwind@1003d27e","Global",8,false,false,"ok"
"1003d286","Unwind@1003d286","Global",8,false,false,"ok"
"1003d2b0","Unwind@1003d2b0","Global",25,false,false,"ok"
"1003d2c9","Unwind@1003d2c9","Global",8,false,false,"ok"
"1003d2d1","Unwind@1003d2d1","Global",8,false,false,"ok"
"1003d2d9","Unwind@1003d2d9","Global",8,false,false,"ok"
"1003d2e1","Unwind@1003d2e1","Global",8,false,false,"ok"
"1003d315","Unwind@1003d315","Global",8,false,false,"ok"
"1003d31d","Unwind@1003d31d","Global",8,false,false,"ok"
"1003d325","Unwind@1003d325","Global",8,false,false,"ok"
"1003d32d","Unwind@1003d32d","Global",8,false,false,"ok"
"1003d361","Unwind@1003d361","Global",25,false,false,"ok"
"1003d39c","Unwind@1003d39c","Global",11,false,false,"ok"
"1003d3a7","Unwind@1003d3a7","Global",11,false,false,"ok"
"1003d3b2","Unwind@1003d3b2","Global",11,false,false,"ok"
"1003d3ec","Unwind@1003d3ec","Global",8,false,false,"ok"
"1003d416","Unwind@1003d416","Global",11,false,false,"ok"
"1003d421","Unwind@1003d421","Global",11,false,false,"ok"
"1003d42c","Unwind@1003d42c","Global",11,false,false,"ok"
"1003d466","Unwind@1003d466","Global",8,false,false,"ok"
"1003d46e","Unwind@1003d46e","Global",8,false,false,"ok"
"1003d498","Unwind@1003d498","Global",8,false,false,"ok"
"1003d4a0","Unwind@1003d4a0","Global",8,false,false,"ok"
"1003d4ca","Unwind@1003d4ca","Global",8,false,false,"ok"
"1003d4d2","Unwind@1003d4d2","Global",8,false,false,"ok"
"1003d4da","Unwind@1003d4da","Global",8,false,false,"ok"
"1003d4e2","Unwind@1003d4e2","Global",8,false,false,"ok"
"1003d516","Unwind@1003d516","Global",8,false,false,"ok"
"1003d51e","Unwind@1003d51e","Global",8,false,false,"ok"
"1003d548","Unwind@1003d548","Global",8,false,false,"ok"
"1003d550","Unwind@1003d550","Global",8,false,false,"ok"
"1003d584","Unwind@1003d584","Global",11,false,false,"ok"
"1003d5be","Unwind@1003d5be","Global",11,false,false,"ok"
"1003d5f8","Unwind@1003d5f8","Global",11,false,false,"ok"
"1003d632","Unwind@1003d632","Global",13,false,false,"ok"
"1003d661","Unwind@1003d661","Global",8,false,false,"ok"
"1003d695","Unwind@1003d695","Global",8,false,false,"ok"
"1003d69d","Unwind@1003d69d","Global",8,false,false,"ok"
"1003d6a5","Unwind@1003d6a5","Global",8,false,false,"ok"
"1003d6ad","Unwind@1003d6ad","Global",8,false,false,"ok"
"1003d6e1","Unwind@1003d6e1","Global",8,false,false,"ok"
"1003d6e9","Unwind@1003d6e9","Global",8,false,false,"ok"
"1003d71d","Unwind@1003d71d","Global",8,false,false,"ok"
"1003d747","Unwind@1003d747","Global",8,false,false,"ok"
"1003d77b","Unwind@1003d77b","Global",25,false,false,"ok"
"1003d7b6","Unwind@1003d7b6","Global",25,false,false,"ok"
"1003d7fb","Unwind@1003d7fb","Global",8,false,false,"ok"
"1003d825","Unwind@1003d825","Global",28,false,false,"ok"
"1003d841","Unwind@1003d841","Global",11,false,false,"ok"
"1003d84c","Unwind@1003d84c","Global",11,false,false,"ok"
"1003d879","Unwind@1003d879","Global",28,false,false,"ok"
"1003d895","Unwind@1003d895","Global",11,false,false,"ok"
"1003d8c2","Unwind@1003d8c2","Global",8,false,false,"ok"
"1003d8ca","Unwind@1003d8ca","Global",11,false,false,"ok"
"1003d8d5","Unwind@1003d8d5","Global",11,false,false,"ok"
"1003d902","Unwind@1003d902","Global",8,false,false,"ok"
"1003d90a","Unwind@1003d90a","Global",11,false,false,"ok"
"1003d915","Unwind@1003d915","Global",11,false,false,"ok"
"1003d920","Unwind@1003d920","Global",8,false,false,"ok"
"1003d954","Unwind@1003d954","Global",25,false,false,"ok"
"1003d96d","Unwind@1003d96d","Global",25,false,false,"ok"
"1003d9b2","Unwind@1003d9b2","Global",8,false,false,"ok"
"1003d9ba","Unwind@1003d9ba","Global",8,false,false,"ok"
"1003d9c2","Unwind@1003d9c2","Global",11,false,false,"ok"
"1003d9cd","Unwind@1003d9cd","Global",11,false,false,"ok"
"1003d9d8","Unwind@1003d9d8","Global",8,false,false,"ok"
"1003d9e0","Unwind@1003d9e0","Global",8,false,false,"ok"
"1003d9e8","Unwind@1003d9e8","Global",11,false,false,"ok"
"1003da22","Unwind@1003da22","Global",8,false,false,"ok"
"1003da2a","Unwind@1003da2a","Global",8,false,false,"ok"
"1003da5e","Unwind@1003da5e","Global",8,false,false,"ok"
"1003da66","Unwind@1003da66","Global",8,false,false,"ok"
"1003da6e","Unwind@1003da6e","Global",8,false,false,"ok"
"1003da76","Unwind@1003da76","Global",8,false,false,"ok"
"1003da7e","Unwind@1003da7e","Global",8,false,false,"ok"
"1003da86","Unwind@1003da86","Global",8,false,false,"ok"
"1003daba","Unwind@1003daba","Global",25,false,false,"ok"
"1003daff","Unwind@1003daff","Global",25,false,false,"ok"
"1003db18","Unwind@1003db18","Global",8,false,false,"ok"
"1003db20","Unwind@1003db20","Global",8,false,false,"ok"
"1003db71","Unwind@1003db71","Global",8,false,false,"ok"
"1003dbbb","Unwind@1003dbbb","Global",8,false,false,"ok"
"1003dbe5","Unwind@1003dbe5","Global",8,false,false,"ok"
"1003dbed","Unwind@1003dbed","Global",8,false,false,"ok"
"1003dc21","Unwind@1003dc21","Global",8,false,false,"ok"
"1003dc55","Unwind@1003dc55","Global",8,false,false,"ok"
"1003dc5d","Unwind@1003dc5d","Global",8,false,false,"ok"
"1003dc94","Unwind@1003dc94","Global",16,false,false,"ok"
"1003dca4","Unwind@1003dca4","Global",8,false,false,"ok"
"1003dcac","Unwind@1003dcac","Global",11,false,false,"ok"
"1003dcb7","Unwind@1003dcb7","Global",11,false,false,"ok"
"1003dcc2","Unwind@1003dcc2","Global",8,false,false,"ok"
"1003dcca","Unwind@1003dcca","Global",8,false,false,"ok"
"1003dcd2","Unwind@1003dcd2","Global",8,false,false,"ok"
"1003dcda","Unwind@1003dcda","Global",11,false,false,"ok"
"1003dce5","Unwind@1003dce5","Global",11,false,false,"ok"
"1003dcf0","Unwind@1003dcf0","Global",11,false,false,"ok"
"1003dd2a","Unwind@1003dd2a","Global",8,false,false,"ok"
"1003dd5e","Unwind@1003dd5e","Global",11,false,false,"ok"
"1003dd98","Unwind@1003dd98","Global",8,false,false,"ok"
"1003ddcc","Unwind@1003ddcc","Global",11,false,false,"ok"
"1003de06","Unwind@1003de06","Global",13,false,false,"ok"
"1003de35","Unwind@1003de35","Global",11,false,false,"ok"
"1003de40","Unwind@1003de40","Global",11,false,false,"ok"
"1003de4b","Unwind@1003de4b","Global",16,false,false,"ok"
"1003de5b","Unwind@1003de5b","Global",8,false,false,"ok"
"1003de92","Unwind@1003de92","Global",11,false,false,"ok"
"1003de9d","Unwind@1003de9d","Global",14,false,false,"ok"
"1003deab","Unwind@1003deab","Global",8,false,false,"ok"
"1003deb3","Unwind@1003deb3","Global",8,false,false,"ok"
"1003debb","Unwind@1003debb","Global",8,false,false,"ok"
"1003dec3","Unwind@1003dec3","Global",11,false,false,"ok"
"1003dece","Unwind@1003dece","Global",11,false,false,"ok"
"1003ded9","Unwind@1003ded9","Global",11,false,false,"ok"
"1003dee4","Unwind@1003dee4","Global",8,false,false,"ok"
"1003df1b","Unwind@1003df1b","Global",8,false,false,"ok"
"1003df23","Unwind@1003df23","Global",11,false,false,"ok"
"1003df50","Unwind@1003df50","Global",8,false,false,"ok"
"1003df58","Unwind@1003df58","Global",11,false,false,"ok"
"1003df85","Unwind@1003df85","Global",8,false,false,"ok"
"1003dfaf","Unwind@1003dfaf","Global",8,false,false,"ok"
"1003dfe3","Unwind@1003dfe3","Global",8,false,false,"ok"
"1003e017","Unwind@1003e017","Global",8,false,false,"ok"
"1003e044","Unwind@1003e044","Global",8,false,false,"ok"
"1003e06e","Unwind@1003e06e","Global",8,false,false,"ok"
"1003e098","Unwind@1003e098","Global",8,false,false,"ok"
"1003e0c2","Unwind@1003e0c2","Global",11,false,false,"ok"
"1003e0ef","Unwind@1003e0ef","Global",11,false,false,"ok"
"1003e11c","Unwind@1003e11c","Global",8,false,false,"ok"
"1003e146","Unwind@1003e146","Global",8,false,false,"ok"
"1003e170","Unwind@1003e170","Global",11,false,false,"ok"
"1003e19d","Unwind@1003e19d","Global",11,false,false,"ok"
"1003e1ca","Unwind@1003e1ca","Global",11,false,false,"ok"
"1003e1d5","Unwind@1003e1d5","Global",10,false,false,"ok"
"1003e201","Unwind@1003e201","Global",11,false,false,"ok"
"1003e20c","Unwind@1003e20c","Global",10,false,false,"ok"
"1003e238","Unwind@1003e238","Global",8,false,false,"ok"
"1003e240","Unwind@1003e240","Global",8,false,false,"ok"
"1003e248","Unwind@1003e248","Global",8,false,false,"ok"
"1003e250","Unwind@1003e250","Global",8,false,false,"ok"
"1003e2b4","Unwind@1003e2b4","Global",25,false,false,"ok"
"1003e329","Unwind@1003e329","Global",8,false,false,"ok"
"1003e353","Unwind@1003e353","Global",13,false,false,"ok"
"1003e382","Unwind@1003e382","Global",8,false,false,"ok"
