address,name,namespace,type,source,external,primary
"004020bc","DAT_004020bc","Global","Label","DEFAULT",false,true
"00403da7","DAT_00403da7","Global","Label","DEFAULT",false,true
"00468ec5","DAT_00468ec5","Global","Label","DEFAULT",false,true
"00489a46","DAT_00489a46","Global","Label","DEFAULT",false,true
"004986b7","DAT_004986b7","Global","Label","DEFAULT",false,true
"004c8723","DAT_004c8723","Global","Label","DEFAULT",false,true
"004c8761","DAT_004c8761","Global","Label","DEFAULT",false,true
"004dc2d9","DAT_004dc2d9","Global","Label","DEFAULT",false,true
"004e098e","DAT_004e098e","Global","Label","DEFAULT",false,true
"004e0a0e","DAT_004e0a0e","Global","Label","DEFAULT",false,true
"00550f46","DAT_00550f46","Global","Label","DEFAULT",false,true
"00550f82","DAT_00550f82","Global","Label","DEFAULT",false,true
"00551107","DAT_00551107","Global","Label","DEFAULT",false,true
"005534b9","DAT_005534b9","Global","Label","DEFAULT",false,true
"0057526c","DAT_0057526c","Global","Label","DEFAULT",false,true
"005752ee","DAT_005752ee","Global","Label","DEFAULT",false,true
"00575313","DAT_00575313","Global","Label","DEFAULT",false,true
"0057532c","DAT_0057532c","Global","Label","DEFAULT",false,true
"0057533e","DAT_0057533e","Global","Label","DEFAULT",false,true
"00575363","DAT_00575363","Global","Label","DEFAULT",false,true
"0058ffe4","DAT_0058ffe4","Global","Label","DEFAULT",false,true
"00590004","DAT_00590004","Global","Label","DEFAULT",false,true
"00590042","DAT_00590042","Global","Label","DEFAULT",false,true
"00590d2b","DAT_00590d2b","Global","Label","DEFAULT",false,true
"00590d68","DAT_00590d68","Global","Label","DEFAULT",false,true
"005b685a","DAT_005b685a","Global","Label","DEFAULT",false,true
"005b8e55","DAT_005b8e55","Global","Label","DEFAULT",false,true
"005b8eb0","DAT_005b8eb0","Global","Label","DEFAULT",false,true
"006df95e","DAT_006df95e","Global","Label","DEFAULT",false,true
"006e32cd","DAT_006e32cd","Global","Label","DEFAULT",false,true
"00731f60","DAT_00731f60","Global","Label","DEFAULT",false,true
"00744f8d","DAT_00744f8d","Global","Label","DEFAULT",false,true
"0074503f","DAT_0074503f","Global","Label","DEFAULT",false,true
"00781d18","DAT_00781d18","Global","Label","DEFAULT",false,true
"00781e32","DAT_00781e32","Global","Label","DEFAULT",false,true
"008341da","DAT_008341da","Global","Label","DEFAULT",false,true
"008a5a80","DAT_008a5a80","Global","Label","DEFAULT",false,true
"008e4bb0","DAT_008e4bb0","Global","Label","DEFAULT",false,true
"008e4cac","DAT_008e4cac","Global","Label","DEFAULT",false,true
"008e4cb4","DAT_008e4cb4","Global","Label","DEFAULT",false,true
"008e4cb8","DAT_008e4cb8","Global","Label","DEFAULT",false,true
"00b71804","DAT_00b71804","Global","Label","DEFAULT",false,true
"00b74490","DAT_00b74490","Global","Label","DEFAULT",false,true
"00b74494","DAT_00b74494","Global","Label","DEFAULT",false,true
"00b7449c","DAT_00b7449c","Global","Label","DEFAULT",false,true
"00ba6794","DAT_00ba6794","Global","Label","DEFAULT",false,true
"00c17044","DAT_00c17044","Global","Label","DEFAULT",false,true
"00c17048","DAT_00c17048","Global","Label","DEFAULT",false,true
"00c71a80","DAT_00c71a80","Global","Label","DEFAULT",false,true
"00c8d4c0","DAT_00c8d4c0","Global","Label","DEFAULT",false,true
"00c97c1c","DAT_00c97c1c","Global","Label","DEFAULT",false,true
"0156a119","DAT_0156a119","Global","Label","DEFAULT",false,true
"0156c986","DAT_0156c986","Global","Label","DEFAULT",false,true
"10000000","IMAGE_DOS_HEADER_10000000","Global","Label","DEFAULT",false,true
"1000003c","IMAGE_DOS_HEADER_10000000.e_lfanew","Global","Label","DEFAULT",false,true
"10000120","IMAGE_NT_HEADERS32_10000120","Global","Label","DEFAULT",false,true
"10000138","IMAGE_NT_HEADERS32_10000120.OptionalHeader.Magic","Global","Label","DEFAULT",false,true
"10001000","LAB_10001000","Global","Label","DEFAULT",false,true
"10001012","LAB_10001012","Global","Label","DEFAULT",false,true
"1000101e","LAB_1000101e","Global","Label","DEFAULT",false,true
"10001030","LAB_10001030","Global","Label","DEFAULT",false,true
"10001048","LAB_10001048","Global","Label","DEFAULT",false,true
"10001063","LAB_10001063","Global","Label","DEFAULT",false,true
"1000106f","LAB_1000106f","Global","Label","DEFAULT",false,true
"1000108a","LAB_1000108a","Global","Label","DEFAULT",false,true
"10001096","LAB_10001096","Global","Label","DEFAULT",false,true
"100010ae","LAB_100010ae","Global","Label","DEFAULT",false,true
"100010ba","LAB_100010ba","Global","Label","DEFAULT",false,true
"100010ca","LAB_100010ca","Global","Label","DEFAULT",false,true
"100010d6","LAB_100010d6","Global","Label","DEFAULT",false,true
"100010e0","LAB_100010e0","Global","Label","DEFAULT",false,true
"100010eb","LAB_100010eb","Global","Label","DEFAULT",false,true
"10001101","LAB_10001101","Global","Label","DEFAULT",false,true
"1000110d","LAB_1000110d","Global","Label","DEFAULT",false,true
"10001119","LAB_10001119","Global","Label","DEFAULT",false,true
"10001138","LAB_10001138","Global","Label","DEFAULT",false,true
"10001172","LAB_10001172","Global","Label","DEFAULT",false,true
"1000117c","LAB_1000117c","Global","Label","DEFAULT",false,true
"10001192","LAB_10001192","Global","Label","DEFAULT",false,true
"100011e2","LAB_100011e2","Global","Label","DEFAULT",false,true
"10001232","LAB_10001232","Global","Label","DEFAULT",false,true
"1000123e","LAB_1000123e","Global","Label","DEFAULT",false,true
"10001254","LAB_10001254","Global","Label","DEFAULT",false,true
"1000125e","LAB_1000125e","Global","Label","DEFAULT",false,true
"10001274","LAB_10001274","Global","Label","DEFAULT",false,true
"10001293","LAB_10001293","Global","Label","DEFAULT",false,true
"100012fe","LAB_100012fe","Global","Label","DEFAULT",false,true
"1000130a","LAB_1000130a","Global","Label","DEFAULT",false,true
"10001320","_Deallocate<>","Global","Function","ANALYSIS",false,true
"1000133f","LAB_1000133f","Global","Label","DEFAULT",false,true
"1000134c","FUN_1000134c","Global","Function","DEFAULT",false,true
"1000136b","LAB_1000136b","Global","Label","DEFAULT",false,true
"10001378","FUN_10001378","Global","Function","DEFAULT",false,true
"10001388","LAB_10001388","Global","Label","DEFAULT",false,true
"10001399","LAB_10001399","Global","Label","DEFAULT",false,true
"100013aa","LAB_100013aa","Global","Label","DEFAULT",false,true
"100013bb","LAB_100013bb","Global","Label","DEFAULT",false,true
"100013cd","LAB_100013cd","Global","Label","DEFAULT",false,true
"100013d3","LAB_100013d3","Global","Label","DEFAULT",false,true
"100013e5","LAB_100013e5","Global","Label","DEFAULT",false,true
"100013eb","LAB_100013eb","Global","Label","DEFAULT",false,true
"1000141d","LAB_1000141d","Global","Label","DEFAULT",false,true
"1000142e","LAB_1000142e","Global","Label","DEFAULT",false,true
"1000143b","FUN_1000143b","Global","Function","DEFAULT",false,true
"10001447","LAB_10001447","Global","Label","DEFAULT",false,true
"10001475","FUN_10001475","Global","Function","DEFAULT",false,true
"1000149f","LAB_1000149f","Global","Label","DEFAULT",false,true
"100014ad","LAB_100014ad","Global","Label","DEFAULT",false,true
"100014b5","FUN_100014b5","Global","Function","DEFAULT",false,true
"100014bf","LAB_100014bf","Global","Label","DEFAULT",false,true
"100014e4","FUN_100014e4","Global","Function","DEFAULT",false,true
"10001525","FUN_10001525","Global","Function","DEFAULT",false,true
"1000156c","FUN_1000156c","Global","Function","DEFAULT",false,true
"100015b0","FUN_100015b0","Global","Function","DEFAULT",false,true
"100015bb","FUN_100015bb","Global","Function","DEFAULT",false,true
"100015df","FUN_100015df","Global","Function","DEFAULT",false,true
"100015eb","LAB_100015eb","Global","Label","DEFAULT",false,true
"100015fa","LAB_100015fa","Global","Label","DEFAULT",false,true
"100015ff","LAB_100015ff","Global","Label","DEFAULT",false,true
"10001602","FUN_10001602","Global","Function","DEFAULT",false,true
"1000162b","LAB_1000162b","Global","Label","DEFAULT",false,true
"10001638","FUN_10001638","Global","Function","DEFAULT",false,true
"1000166f","LAB_1000166f","Global","Label","DEFAULT",false,true
"100016a2","LAB_100016a2","Global","Label","DEFAULT",false,true
"100016a8","LAB_100016a8","Global","Label","DEFAULT",false,true
"100016ae","FUN_100016ae","Global","Function","DEFAULT",false,true
"100016f3","FUN_100016f3","Global","Function","DEFAULT",false,true
"10001751","LAB_10001751","Global","Label","DEFAULT",false,true
"1000175c","LAB_1000175c","Global","Label","DEFAULT",false,true
"10001762","FUN_10001762","Global","Function","DEFAULT",false,true
"100017d8","LAB_100017d8","Global","Label","DEFAULT",false,true
"100017df","LAB_100017df","Global","Label","DEFAULT",false,true
"100017ed","LAB_100017ed","Global","Label","DEFAULT",false,true
"100017f3","FUN_100017f3","Global","Function","DEFAULT",false,true
"100017fd","LAB_100017fd","Global","Label","DEFAULT",false,true
"10001813","FUN_10001813","Global","Function","DEFAULT",false,true
"10001840","FUN_10001840","Global","Function","DEFAULT",false,true
"10001864","FUN_10001864","Global","Function","DEFAULT",false,true
"1000187f","FUN_1000187f","Global","Function","DEFAULT",false,true
"1000189a","FUN_1000189a","Global","Function","DEFAULT",false,true
"100018b8","FUN_100018b8","Global","Function","DEFAULT",false,true
"100018ea","thunk_FUN_10002753","Global","Function","DEFAULT",false,true
"100018ef","FUN_100018ef","Global","Function","DEFAULT",false,true
"10001900","FUN_10001900","Global","Function","DEFAULT",false,true
"10001947","FUN_10001947","Global","Function","DEFAULT",false,true
"1000196d","LAB_1000196d","Global","Label","DEFAULT",false,true
"10001974","FUN_10001974","Global","Function","DEFAULT",false,true
"10001a15","LAB_10001a15","Global","Label","DEFAULT",false,true
"10001a4e","LAB_10001a4e","Global","Label","DEFAULT",false,true
"10001a54","LAB_10001a54","Global","Label","DEFAULT",false,true
"10001a96","LAB_10001a96","Global","Label","DEFAULT",false,true
"10001a9c","LAB_10001a9c","Global","Label","DEFAULT",false,true
"10001acc","LAB_10001acc","Global","Label","DEFAULT",false,true
"10001ad2","LAB_10001ad2","Global","Label","DEFAULT",false,true
"10001ad8","LAB_10001ad8","Global","Label","DEFAULT",false,true
"10001afe","LAB_10001afe","Global","Label","DEFAULT",false,true
"10001b04","LAB_10001b04","Global","Label","DEFAULT",false,true
"10001b42","LAB_10001b42","Global","Label","DEFAULT",false,true
"10001b48","LAB_10001b48","Global","Label","DEFAULT",false,true
"10001b86","LAB_10001b86","Global","Label","DEFAULT",false,true
"10001b8c","LAB_10001b8c","Global","Label","DEFAULT",false,true
"10001bb6","LAB_10001bb6","Global","Label","DEFAULT",false,true
"10001bbc","LAB_10001bbc","Global","Label","DEFAULT",false,true
"10001cfe","LAB_10001cfe","Global","Label","DEFAULT",false,true
"10001d06","LAB_10001d06","Global","Label","DEFAULT",false,true
"10001d19","LAB_10001d19","Global","Label","DEFAULT",false,true
"10001d1b","LAB_10001d1b","Global","Label","DEFAULT",false,true
"10001d5f","LAB_10001d5f","Global","Label","DEFAULT",false,true
"10001d65","LAB_10001d65","Global","Label","DEFAULT",false,true
"10001e7b","LAB_10001e7b","Global","Label","DEFAULT",false,true
"10001e94","LAB_10001e94","Global","Label","DEFAULT",false,true
"10001eb9","LAB_10001eb9","Global","Label","DEFAULT",false,true
"10001f2b","LAB_10001f2b","Global","Label","DEFAULT",false,true
"10001f33","LAB_10001f33","Global","Label","DEFAULT",false,true
"10001f77","LAB_10001f77","Global","Label","DEFAULT",false,true
"1000200e","LAB_1000200e","Global","Label","DEFAULT",false,true
"1000201c","LAB_1000201c","Global","Label","DEFAULT",false,true
"10002087","LAB_10002087","Global","Label","DEFAULT",false,true
"10002090","LAB_10002090","Global","Label","DEFAULT",false,true
"10002095","LAB_10002095","Global","Label","DEFAULT",false,true
"100020a6","LAB_100020a6","Global","Label","DEFAULT",false,true
"100021ca","LAB_100021ca","Global","Label","DEFAULT",false,true
"100021e2","LAB_100021e2","Global","Label","DEFAULT",false,true
"100021e8","LAB_100021e8","Global","Label","DEFAULT",false,true
"100021ef","LAB_100021ef","Global","Label","DEFAULT",false,true
"10002206","LAB_10002206","Global","Label","DEFAULT",false,true
"1000220d","LAB_1000220d","Global","Label","DEFAULT",false,true
"10002224","LAB_10002224","Global","Label","DEFAULT",false,true
"1000222b","LAB_1000222b","Global","Label","DEFAULT",false,true
"10002242","LAB_10002242","Global","Label","DEFAULT",false,true
"10002249","LAB_10002249","Global","Label","DEFAULT",false,true
"10002260","LAB_10002260","Global","Label","DEFAULT",false,true
"10002267","LAB_10002267","Global","Label","DEFAULT",false,true
"1000227e","LAB_1000227e","Global","Label","DEFAULT",false,true
"10002285","LAB_10002285","Global","Label","DEFAULT",false,true
"1000229c","LAB_1000229c","Global","Label","DEFAULT",false,true
"100022a3","LAB_100022a3","Global","Label","DEFAULT",false,true
"100022ba","LAB_100022ba","Global","Label","DEFAULT",false,true
"100022c1","LAB_100022c1","Global","Label","DEFAULT",false,true
"100022d8","LAB_100022d8","Global","Label","DEFAULT",false,true
"100022df","LAB_100022df","Global","Label","DEFAULT",false,true
"100022f6","LAB_100022f6","Global","Label","DEFAULT",false,true
"100022fd","LAB_100022fd","Global","Label","DEFAULT",false,true
"10002314","LAB_10002314","Global","Label","DEFAULT",false,true
"1000231b","LAB_1000231b","Global","Label","DEFAULT",false,true
"10002332","LAB_10002332","Global","Label","DEFAULT",false,true
"10002339","LAB_10002339","Global","Label","DEFAULT",false,true
"10002350","LAB_10002350","Global","Label","DEFAULT",false,true
"10002357","LAB_10002357","Global","Label","DEFAULT",false,true
"10002378","LAB_10002378","Global","Label","DEFAULT",false,true
"10002384","LAB_10002384","Global","Label","DEFAULT",false,true
"10002390","LAB_10002390","Global","Label","DEFAULT",false,true
"1000239c","LAB_1000239c","Global","Label","DEFAULT",false,true
"100023a8","LAB_100023a8","Global","Label","DEFAULT",false,true
"100023b4","LAB_100023b4","Global","Label","DEFAULT",false,true
"100023be","LAB_100023be","Global","Label","DEFAULT",false,true
"100023c1","LAB_100023c1","Global","Label","DEFAULT",false,true
"100023d0","LAB_100023d0","Global","Label","DEFAULT",false,true
"10002438","LAB_10002438","Global","Label","DEFAULT",false,true
"1000244f","LAB_1000244f","Global","Label","DEFAULT",false,true
"10002459","FUN_10002459","Global","Function","DEFAULT",false,true
"100025b8","FUN_100025b8","Global","Function","DEFAULT",false,true
"10002649","LAB_10002649","Global","Label","DEFAULT",false,true
"1000264e","LAB_1000264e","Global","Label","DEFAULT",false,true
"10002650","LAB_10002650","Global","Label","DEFAULT",false,true
"10002654","LAB_10002654","Global","Label","DEFAULT",false,true
"100026d5","LAB_100026d5","Global","Label","DEFAULT",false,true
"100026d9","LAB_100026d9","Global","Label","DEFAULT",false,true
"100026dc","FUN_100026dc","Global","Function","DEFAULT",false,true
"10002707","LAB_10002707","Global","Label","DEFAULT",false,true
"1000270a","LAB_1000270a","Global","Label","DEFAULT",false,true
"1000270d","FUN_1000270d","Global","Function","DEFAULT",false,true
"10002736","FUN_10002736","Global","Function","DEFAULT",false,true
"10002753","FUN_10002753","Global","Function","DEFAULT",false,true
"10002769","LAB_10002769","Global","Label","DEFAULT",false,true
"1000277c","FUN_1000277c","Global","Function","DEFAULT",false,true
"10002787","FUN_10002787","Global","Function","DEFAULT",false,true
"10002792","FUN_10002792","Global","Function","DEFAULT",false,true
"100027d0","LAB_100027d0","Global","Label","DEFAULT",false,true
"100027ee","LAB_100027ee","Global","Label","DEFAULT",false,true
"100027f2","LAB_100027f2","Global","Label","DEFAULT",false,true
"100027f4","LAB_100027f4","Global","Label","DEFAULT",false,true
"1000283b","LAB_1000283b","Global","Label","DEFAULT",false,true
"1000284b","LAB_1000284b","Global","Label","DEFAULT",false,true
"10002852","LAB_10002852","Global","Label","DEFAULT",false,true
"10002858","FUN_10002858","Global","Function","DEFAULT",false,true
"10002866","FUN_10002866","Global","Function","DEFAULT",false,true
"1000289c","FUN_1000289c","Global","Function","DEFAULT",false,true
"100028cb","FUN_100028cb","Global","Function","DEFAULT",false,true
"100028fe","FUN_100028fe","Global","Function","DEFAULT",false,true
"1000291e","LAB_1000291e","Global","Label","DEFAULT",false,true
"10002920","LAB_10002920","Global","Label","DEFAULT",false,true
"10002928","LAB_10002928","Global","Label","DEFAULT",false,true
"1000292c","LAB_1000292c","Global","Label","DEFAULT",false,true
"1000292e","LAB_1000292e","Global","Label","DEFAULT",false,true
"10002931","FUN_10002931","Global","Function","DEFAULT",false,true
"1000295c","LAB_1000295c","Global","Label","DEFAULT",false,true
"10002966","LAB_10002966","Global","Label","DEFAULT",false,true
"1000296a","LAB_1000296a","Global","Label","DEFAULT",false,true
"1000296c","LAB_1000296c","Global","Label","DEFAULT",false,true
"1000296e","LAB_1000296e","Global","Label","DEFAULT",false,true
"10002975","FUN_10002975","Global","Function","DEFAULT",false,true
"1000299c","LAB_1000299c","Global","Label","DEFAULT",false,true
"100029a7","LAB_100029a7","Global","Label","DEFAULT",false,true
"100029ab","LAB_100029ab","Global","Label","DEFAULT",false,true
"100029ad","LAB_100029ad","Global","Label","DEFAULT",false,true
"100029af","LAB_100029af","Global","Label","DEFAULT",false,true
"100029b4","FUN_100029b4","Global","Function","DEFAULT",false,true
"100029e7","LAB_100029e7","Global","Label","DEFAULT",false,true
"100029ff","LAB_100029ff","Global","Label","DEFAULT",false,true
"10002a02","FUN_10002a02","Global","Function","DEFAULT",false,true
"10002a32","LAB_10002a32","Global","Label","DEFAULT",false,true
"10002a5f","LAB_10002a5f","Global","Label","DEFAULT",false,true
"10002a65","LAB_10002a65","Global","Label","DEFAULT",false,true
"10002a6b","??$_Fgetc@D@std@@YA_NAADPAU_iobuf@@@Z","Global","Label","ANALYSIS",false,false
"10002a6b","_Fgetc<char>","std","Function","ANALYSIS",false,true
"10002a82","LAB_10002a82","Global","Label","DEFAULT",false,true
"10002a8b","FUN_10002a8b","Global","Function","DEFAULT",false,true
"10002aa5","??Bid@locale@std@@QAEIXZ","Global","Label","ANALYSIS",false,false
"10002aa5","operator_unsigned_int","std::locale::id","Function","ANALYSIS",false,true
"10002acd","LAB_10002acd","Global","Label","DEFAULT",false,true
"10002ad5","LAB_10002ad5","Global","Label","DEFAULT",false,true
"10002ada","FUN_10002ada","Global","Function","DEFAULT",false,true
"10002ae0","FUN_10002ae0","Global","Function","DEFAULT",false,true
"10002b53","LAB_10002b53","Global","Label","DEFAULT",false,true
"10002b5a","LAB_10002b5a","Global","Label","DEFAULT",false,true
"10002b68","LAB_10002b68","Global","Label","DEFAULT",false,true
"10002b6e","FUN_10002b6e","Global","Function","DEFAULT",false,true
"10002be5","LAB_10002be5","Global","Label","DEFAULT",false,true
"10002bfa","LAB_10002bfa","Global","Label","DEFAULT",false,true
"10002c08","LAB_10002c08","Global","Label","DEFAULT",false,true
"10002c0e","FUN_10002c0e","Global","Function","DEFAULT",false,true
"10002c24","FUN_10002c24","Global","Function","DEFAULT",false,true
"10002ca7","LAB_10002ca7","Global","Label","DEFAULT",false,true
"10002cb4","LAB_10002cb4","Global","Label","DEFAULT",false,true
"10002cbb","FUN_10002cbb","Global","Function","DEFAULT",false,true
"10002cf6","LAB_10002cf6","Global","Label","DEFAULT",false,true
"10002cf9","LAB_10002cf9","Global","Label","DEFAULT",false,true
"10002cfd","FUN_10002cfd","Global","Function","DEFAULT",false,true
"10002d17","LAB_10002d17","Global","Label","DEFAULT",false,true
"10002d19","FUN_10002d19","Global","Function","DEFAULT",false,true
"10002d58","LAB_10002d58","Global","Label","DEFAULT",false,true
"10002d62","FUN_10002d62","Global","Function","DEFAULT",false,true
"10002db5","LAB_10002db5","Global","Label","DEFAULT",false,true
"10002dbf","LAB_10002dbf","Global","Label","DEFAULT",false,true
"10002dd8","LAB_10002dd8","Global","Label","DEFAULT",false,true
"10002de9","LAB_10002de9","Global","Label","DEFAULT",false,true
"10002e03","Catch_All@10002e03","Global","Function","ANALYSIS",false,true
"10002e2f","DAT_10002e2f","Global","Label","DEFAULT",false,true
"10002e35","FUN_10002e35","Global","Function","DEFAULT",false,true
"10002e42","LAB_10002e42","Global","Label","DEFAULT",false,true
"10002e45","LAB_10002e45","Global","Label","DEFAULT",false,true
"10002e82","LAB_10002e82","Global","Label","DEFAULT",false,true
"10002e8a","??$getline@DU?$char_traits@D@std@@V?$allocator@D@2@@std@@YAAAV?$basic_istream@DU?$char_traits@D@std@@@0@AAV10@AAV?$basic_string@DU?$char_traits@D@std@@V?$allocator@D@2@V_STL70@@@0@@Z","Global","Label","ANALYSIS",false,false
"10002e8a","getline<char,std::char_traits<char>,std::allocator<char>_>","std","Function","ANALYSIS",false,true
"10002eb2","FUN_10002eb2","Global","Function","DEFAULT",false,true
"10002ece","FUN_10002ece","Global","Function","DEFAULT",false,true
"10002ee3","LAB_10002ee3","Global","Label","DEFAULT",false,true
"10002f0d","LAB_10002f0d","Global","Label","DEFAULT",false,true
"10002f21","FUN_10002f21","Global","Function","DEFAULT",false,true
"10002f68","LAB_10002f68","Global","Label","DEFAULT",false,true
"10002f99","LAB_10002f99","Global","Label","DEFAULT",false,true
"10002fa9","LAB_10002fa9","Global","Label","DEFAULT",false,true
"10002faf","FUN_10002faf","Global","Function","DEFAULT",false,true
"10002ff6","LAB_10002ff6","Global","Label","DEFAULT",false,true
"10003027","LAB_10003027","Global","Label","DEFAULT",false,true
"10003037","LAB_10003037","Global","Label","DEFAULT",false,true
"1000303d","FUN_1000303d","Global","Function","DEFAULT",false,true
"1000307f","FUN_1000307f","Global","Function","DEFAULT",false,true
"100030b9","LAB_100030b9","Global","Label","DEFAULT",false,true
"10003122","LAB_10003122","Global","Label","DEFAULT",false,true
"1000312c","FUN_1000312c","Global","Function","DEFAULT",false,true
"10003151","FUN_10003151","Global","Function","DEFAULT",false,true
"1000318b","LAB_1000318b","Global","Label","DEFAULT",false,true
"100031d4","FUN_100031d4","Global","Function","DEFAULT",false,true
"10003207","LAB_10003207","Global","Label","DEFAULT",false,true
"10003241","FUN_10003241","Global","Function","DEFAULT",false,true
"10003299","LAB_10003299","Global","Label","DEFAULT",false,true
"1000329b","LAB_1000329b","Global","Label","DEFAULT",false,true
"100032b2","FUN_100032b2","Global","Function","DEFAULT",false,true
"100032dd","LAB_100032dd","Global","Label","DEFAULT",false,true
"100032ee","FUN_100032ee","Global","Function","DEFAULT",false,true
"1000332a","LAB_1000332a","Global","Label","DEFAULT",false,true
"1000333d","LAB_1000333d","Global","Label","DEFAULT",false,true
"10003343","FUN_10003343","Global","Function","DEFAULT",false,true
"10003366","LAB_10003366","Global","Label","DEFAULT",false,true
"10003382","FUN_10003382","Global","Function","DEFAULT",false,true
"100033b2","??0?$ctype@D@std@@QAE@ABV_Locinfo@1@I@Z","Global","Label","ANALYSIS",false,false
"100033b2","ctype<char>","std::ctype<char>","Function","ANALYSIS",false,true
"100033e8","FUN_100033e8","Global","Function","DEFAULT",false,true
"1000341a","FUN_1000341a","Global","Function","DEFAULT",false,true
"1000347c","LAB_1000347c","Global","Label","DEFAULT",false,true
"10003487","Sentry_base","Global","Function","ANALYSIS",false,true
"100034a4","LAB_100034a4","Global","Label","DEFAULT",false,true
"100034ab","FUN_100034ab","Global","Function","DEFAULT",false,true
"10003517","FUN_10003517","Global","Function","DEFAULT",false,true
"10003541","FUN_10003541","Global","Function","DEFAULT",false,true
"1000355c","FUN_1000355c","Global","Function","DEFAULT",false,true
"1000357a","FUN_1000357a","Global","Function","DEFAULT",false,true
"100035b5","FUN_100035b5","Global","Function","DEFAULT",false,true
"100035d0","??0failure@ios_base@std@@QAE@PBDABVerror_code@2@@Z","Global","Label","ANALYSIS",false,false
"100035d0","failure","std::ios_base::failure","Function","ANALYSIS",false,true
"100035f7","FUN_100035f7","Global","Function","DEFAULT",false,true
"10003623","FUN_10003623","Global","Function","DEFAULT",false,true
"1000363e","FUN_1000363e","Global","Function","DEFAULT",false,true
"10003653","LAB_10003653","Global","Label","DEFAULT",false,true
"10003666","FUN_10003666","Global","Function","DEFAULT",false,true
"1000369d","sentry","Global","Function","ANALYSIS",false,true
"100036e6","LAB_100036e6","Global","Label","DEFAULT",false,true
"100036e8","LAB_100036e8","Global","Label","DEFAULT",false,true
"100036f5","FUN_100036f5","Global","Function","DEFAULT",false,true
"10003710","FUN_10003710","Global","Function","DEFAULT",false,true
"10003760","thunk_FUN_10004512","Global","Function","DEFAULT",false,true
"10003765","??1?$basic_filebuf@DU?$char_traits@D@std@@@std@@UAE@XZ","Global","Label","ANALYSIS",false,false
"10003765","~basic_filebuf<char,std::char_traits<char>_>","std::basic_filebuf<char,std::char_traits<char>_>","Function","ANALYSIS",false,true
"1000379b","LAB_1000379b","Global","Label","DEFAULT",false,true
"100037a8","LAB_100037a8","Global","Label","DEFAULT",false,true
"100037c2","??1?$basic_stringstream@DU?$char_traits@D@std@@V?$allocator@D@2@@std@@UAE@XZ","Global","Label","ANALYSIS",false,false
"100037c2","~basic_stringstream<char,std::char_traits<char>,std::allocator<char>_>","std::basic_stringstream<char,std::char_traits<char>,std::allocator<char>_>","Function","ANALYSIS",false,true
"100037f1","FUN_100037f1","Global","Function","DEFAULT",false,true
"10003839","??1?$basic_iostream@DU?$char_traits@D@std@@@std@@UAE@XZ","Global","Label","ANALYSIS",false,false
"10003839","~basic_iostream<char,std::char_traits<char>_>","std::basic_iostream<char,std::char_traits<char>_>","Function","ANALYSIS",false,true
"1000388f","FUN_1000388f","Global","Function","DEFAULT",false,true
"100038ab","FUN_100038ab","Global","Function","DEFAULT",false,true
"100038c7","??1?$basic_streambuf@DU?$char_traits@D@std@@@std@@UAE@XZ","Global","Label","ANALYSIS",false,false
"100038c7","~basic_streambuf<char,std::char_traits<char>_>","std::basic_streambuf<char,std::char_traits<char>_>","Function","ANALYSIS",false,true
"100038e6","LAB_100038e6","Global","Label","DEFAULT",false,true
"100038e8","FUN_100038e8","Global","Function","DEFAULT",false,true
"100038f4","LAB_100038f4","Global","Label","DEFAULT",false,true
"100038f5","FUN_100038f5","Global","Function","DEFAULT",false,true
"1000396b","FUN_1000396b","Global","Function","DEFAULT",false,true
"100039a1","LAB_100039a1","Global","Label","DEFAULT",false,true
"100039b3","FUN_100039b3","Global","Function","DEFAULT",false,true
"100039ba","FUN_100039ba","Global","Function","DEFAULT",false,true
"100039d2","LAB_100039d2","Global","Label","DEFAULT",false,true
"100039d3","FUN_100039d3","Global","Function","DEFAULT",false,true
"100039d8","FUN_100039d8","Global","Function","DEFAULT",false,true
"100039eb","LAB_100039eb","Global","Label","DEFAULT",false,true
"100039f3","??8std@@YA_NABVerror_condition@0@0@Z","Global","Label","ANALYSIS",false,false
"100039f3","operator==","std","Function","ANALYSIS",false,true
"10003a15","LAB_10003a15","Global","Label","DEFAULT",false,true
"10003a17","LAB_10003a17","Global","Label","DEFAULT",false,true
"10003a1a","FUN_10003a1a","Global","Function","DEFAULT",false,true
"10003a4b","FUN_10003a4b","Global","Function","DEFAULT",false,true
"10003a5e","FUN_10003a5e","Global","Function","DEFAULT",false,true
"10003a80","FUN_10003a80","Global","Function","DEFAULT",false,true
"10003aa2","FUN_10003aa2","Global","Function","DEFAULT",false,true
"10003aaa","FUN_10003aaa","Global","Function","DEFAULT",false,true
"10003ab2","FUN_10003ab2","Global","Function","DEFAULT",false,true
"10003aba","FUN_10003aba","Global","Function","DEFAULT",false,true
"10003ac2","??_G?$basic_filebuf@DU?$char_traits@D@std@@@std@@UAEPAXI@Z","Global","Label","ANALYSIS",false,false
"10003ac2","??_G?$basic_filebuf@GU?$char_traits@G@std@@@std@@UAEPAXI@Z","Global","Label","ANALYSIS",false,false
"10003ac2","??_G?$basic_filebuf@_WU?$char_traits@_W@std@@@std@@UAEPAXI@Z","Global","Label","ANALYSIS",false,false
"10003ac2","FID_conflict:`scalar_deleting_destructor'","Global","Function","ANALYSIS",false,true
"10003add","LAB_10003add","Global","Label","DEFAULT",false,true
"10003ae4","FUN_10003ae4","Global","Function","DEFAULT",false,true
"10003b0d","LAB_10003b0d","Global","Label","DEFAULT",false,true
"10003b15","??_GCRectTracker@@UAEPAXI@Z","Global","Label","ANALYSIS",false,false
"10003b15","`scalar_deleting_destructor'","CRectTracker","Function","ANALYSIS",false,true
"10003b30","LAB_10003b30","Global","Label","DEFAULT",false,true
"10003b37","FUN_10003b37","Global","Function","DEFAULT",false,true
"10003b5d","LAB_10003b5d","Global","Label","DEFAULT",false,true
"10003b65","FUN_10003b65","Global","Function","DEFAULT",false,true
"10003b83","LAB_10003b83","Global","Label","DEFAULT",false,true
"10003b8a","FUN_10003b8a","Global","Function","DEFAULT",false,true
"10003ba8","LAB_10003ba8","Global","Label","DEFAULT",false,true
"10003baf","FUN_10003baf","Global","Function","DEFAULT",false,true
"10003bca","LAB_10003bca","Global","Label","DEFAULT",false,true
"10003bd1","FUN_10003bd1","Global","Function","DEFAULT",false,true
"10003bed","LAB_10003bed","Global","Label","DEFAULT",false,true
"10003bf4","??_G?$ctype@D@std@@MAEPAXI@Z","Global","Label","ANALYSIS",false,false
"10003bf4","`scalar_deleting_destructor'","std::ctype<char>","Function","ANALYSIS",false,true
"10003c1b","LAB_10003c1b","Global","Label","DEFAULT",false,true
"10003c22","FUN_10003c22","Global","Function","DEFAULT",false,true
"10003c3e","LAB_10003c3e","Global","Label","DEFAULT",false,true
"10003c45","FUN_10003c45","Global","Function","DEFAULT",false,true
"10003c5b","LAB_10003c5b","Global","Label","DEFAULT",false,true
"10003c62","FUN_10003c62","Global","Function","DEFAULT",false,true
"10003c88","LAB_10003c88","Global","Label","DEFAULT",false,true
"10003c8f","FUN_10003c8f","Global","Function","DEFAULT",false,true
"10003cd8","LAB_10003cd8","Global","Label","DEFAULT",false,true
"10003cef","FUN_10003cef","Global","Function","DEFAULT",false,true
"10003d70","LAB_10003d70","Global","Label","DEFAULT",false,true
"10003da4","LAB_10003da4","Global","Label","DEFAULT",false,true
"10003dc6","LAB_10003dc6","Global","Label","DEFAULT",false,true
"10003e1a","LAB_10003e1a","Global","Label","DEFAULT",false,true
"10003e52","LAB_10003e52","Global","Label","DEFAULT",false,true
"10003e5b","LAB_10003e5b","Global","Label","DEFAULT",false,true
"10003e91","LAB_10003e91","Global","Label","DEFAULT",false,true
"10003e9a","LAB_10003e9a","Global","Label","DEFAULT",false,true
"10003ec9","FUN_10003ec9","Global","Function","DEFAULT",false,true
"10003ed5","FUN_10003ed5","Global","Function","DEFAULT",false,true
"10003ee7","LAB_10003ee7","Global","Label","DEFAULT",false,true
"10003eec","LAB_10003eec","Global","Label","DEFAULT",false,true
"10003eed","FUN_10003eed","Global","Function","DEFAULT",false,true
"10003efc","FUN_10003efc","Global","Function","DEFAULT",false,true
"10003f55","LAB_10003f55","Global","Label","DEFAULT",false,true
"10003f57","LAB_10003f57","Global","Label","DEFAULT",false,true
"10003f66","LAB_10003f66","Global","Label","DEFAULT",false,true
"10003f69","LAB_10003f69","Global","Label","DEFAULT",false,true
"10003f86","LAB_10003f86","Global","Label","DEFAULT",false,true
"10003f8e","LAB_10003f8e","Global","Label","DEFAULT",false,true
"10003f92","FUN_10003f92","Global","Function","DEFAULT",false,true
"10003fb6","LAB_10003fb6","Global","Label","DEFAULT",false,true
"10003fdb","FUN_10003fdb","Global","Function","DEFAULT",false,true
"1000402c","LAB_1000402c","Global","Label","DEFAULT",false,true
"1000402e","LAB_1000402e","Global","Label","DEFAULT",false,true
"1000403d","LAB_1000403d","Global","Label","DEFAULT",false,true
"10004046","?_Getcat@?$ctype@D@std@@SAIPAPBVfacet@locale@2@PBV42@@Z","Global","Label","ANALYSIS",false,false
"10004046","_Getcat","std::ctype<char>","Function","ANALYSIS",false,true
"10004094","LAB_10004094","Global","Label","DEFAULT",false,true
"100040a3","LAB_100040a3","Global","Label","DEFAULT",false,true
"100040ac","FUN_100040ac","Global","Function","DEFAULT",false,true
"100040ca","LAB_100040ca","Global","Label","DEFAULT",false,true
"100040cc","LAB_100040cc","Global","Label","DEFAULT",false,true
"100040e4","LAB_100040e4","Global","Label","DEFAULT",false,true
"100040e6","LAB_100040e6","Global","Label","DEFAULT",false,true
"100040ec","FUN_100040ec","Global","Function","DEFAULT",false,true
"100040f1","FUN_100040f1","Global","Function","DEFAULT",false,true
"1000414e","LAB_1000414e","Global","Label","DEFAULT",false,true
"1000416c","FUN_1000416c","Global","Function","DEFAULT",false,true
"100041ac","?_Init@ios_base@std@@IAEXXZ","Global","Label","ANALYSIS",false,false
"100041ac","_Init","std::ios_base","Function","ANALYSIS",false,true
"10004207","LAB_10004207","Global","Label","DEFAULT",false,true
"10004209","LAB_10004209","Global","Label","DEFAULT",false,true
"10004217","FUN_10004217","Global","Function","DEFAULT",false,true
"10004235","LAB_10004235","Global","Label","DEFAULT",false,true
"1000423f","LAB_1000423f","Global","Label","DEFAULT",false,true
"10004245","FUN_10004245","Global","Function","DEFAULT",false,true
"10004282","LAB_10004282","Global","Label","DEFAULT",false,true
"10004290","LAB_10004290","Global","Label","DEFAULT",false,true
"100042e8","LAB_100042e8","Global","Label","DEFAULT",false,true
"100042f1","LAB_100042f1","Global","Label","DEFAULT",false,true
"100042fd","LAB_100042fd","Global","Label","DEFAULT",false,true
"10004329","LAB_10004329","Global","Label","DEFAULT",false,true
"10004339","Catch_All@10004339","Global","Function","ANALYSIS",false,true
"10004365","DAT_10004365","Global","Label","DEFAULT",false,true
"1000436f","FUN_1000436f","Global","Function","DEFAULT",false,true
"1000437c","LAB_1000437c","Global","Label","DEFAULT",false,true
"10004384","FUN_10004384","Global","Function","DEFAULT",false,true
"10004393","LAB_10004393","Global","Label","DEFAULT",false,true
"10004394","_guard_check_icall","Global","Label","IMPORTED",false,false
"10004394","guard_check_icall","Global","Function","ANALYSIS",false,true
"10004397","FUN_10004397","Global","Function","DEFAULT",false,true
"100043c5","LAB_100043c5","Global","Label","DEFAULT",false,true
"10004412","FUN_10004412","Global","Function","DEFAULT",false,true
"1000447a","LAB_1000447a","Global","Label","DEFAULT",false,true
"1000448a","Catch_All@1000448a","Global","Function","ANALYSIS",false,true
"10004495","?_Reset_back@?$basic_filebuf@DU?$char_traits@D@std@@@std@@AAEXXZ","Global","Label","ANALYSIS",false,false
"10004495","_Reset_back","std::basic_filebuf<char,std::char_traits<char>_>","Function","ANALYSIS",false,true
"100044b6","LAB_100044b6","Global","Label","DEFAULT",false,true
"100044b8","FUN_100044b8","Global","Function","DEFAULT",false,true
"100044e0","LAB_100044e0","Global","Label","DEFAULT",false,true
"100044f5","FUN_100044f5","Global","Function","DEFAULT",false,true
"10004512","FUN_10004512","Global","Function","DEFAULT",false,true
"10004522","LAB_10004522","Global","Label","DEFAULT",false,true
"1000452a","?_Tidy@?$ctype@D@std@@IAEXXZ","Global","Label","ANALYSIS",false,false
"1000452a","_Tidy","std::ctype<char>","Function","ANALYSIS",false,true
"1000453e","LAB_1000453e","Global","Label","DEFAULT",false,true
"10004548","LAB_10004548","Global","Label","DEFAULT",false,true
"10004549","LAB_10004549","Global","Label","DEFAULT",false,true
"10004554","FUN_10004554","Global","Function","DEFAULT",false,true
"10004563","LAB_10004563","Global","Label","DEFAULT",false,true
"10004564","FUN_10004564","Global","Function","DEFAULT",false,true
"1000458a","LAB_1000458a","Global","Label","DEFAULT",false,true
"100045a4","LAB_100045a4","Global","Label","DEFAULT",false,true
"100045b3","LAB_100045b3","Global","Label","DEFAULT",false,true
"100045b9","FUN_100045b9","Global","Function","DEFAULT",false,true
"100045e2","LAB_100045e2","Global","Label","DEFAULT",false,true
"100045f2","LAB_100045f2","Global","Label","DEFAULT",false,true
"10004614","LAB_10004614","Global","Label","DEFAULT",false,true
"10004619","LAB_10004619","Global","Label","DEFAULT",false,true
"1000461d","LAB_1000461d","Global","Label","DEFAULT",false,true
"10004623","FUN_10004623","Global","Function","DEFAULT",false,true
"10004654","LAB_10004654","Global","Label","DEFAULT",false,true
"10004656","LAB_10004656","Global","Label","DEFAULT",false,true
"1000468a","FUN_1000468a","Global","Function","DEFAULT",false,true
"100046b8","LAB_100046b8","Global","Label","DEFAULT",false,true
"100046ba","FUN_100046ba","Global","Function","DEFAULT",false,true
"100046cc","FUN_100046cc","Global","Function","DEFAULT",false,true
"100046cf","FUN_100046cf","Global","Function","DEFAULT",false,true
"100046d3","FUN_100046d3","Global","Function","DEFAULT",false,true
"100046ed","FUN_100046ed","Global","Function","DEFAULT",false,true
"10004702","FUN_10004702","Global","Function","DEFAULT",false,true
"1000470c","?do_narrow@?$ctype@D@std@@MBEPBDPBD0DPAD@Z","Global","Label","ANALYSIS",false,false
"1000470c","do_narrow","std::ctype<char>","Function","ANALYSIS",false,true
"1000472b","FUN_1000472b","Global","Function","DEFAULT",false,true
"10004742","FUN_10004742","Global","Function","DEFAULT",false,true
"10004752","LAB_10004752","Global","Label","DEFAULT",false,true
"10004767","LAB_10004767","Global","Label","DEFAULT",false,true
"1000476e","FUN_1000476e","Global","Function","DEFAULT",false,true
"10004785","FUN_10004785","Global","Function","DEFAULT",false,true
"10004795","LAB_10004795","Global","Label","DEFAULT",false,true
"100047aa","LAB_100047aa","Global","Label","DEFAULT",false,true
"100047b1","FUN_100047b1","Global","Function","DEFAULT",false,true
"100047c3","FUN_100047c3","Global","Function","DEFAULT",false,true
"100047cd","?do_widen@?$ctype@D@std@@MBEPBDPBD0PAD@Z","Global","Label","ANALYSIS",false,false
"100047cd","do_widen","std::ctype<char>","Function","ANALYSIS",false,true
"100047ec","?equivalent@error_category@std@@UBE_NABVerror_code@2@H@Z","Global","Label","ANALYSIS",false,false
"100047ec","equivalent","std::error_category","Function","ANALYSIS",false,true
"10004809","LAB_10004809","Global","Label","DEFAULT",false,true
"1000480b","LAB_1000480b","Global","Label","DEFAULT",false,true
"10004810","FUN_10004810","Global","Function","DEFAULT",false,true
"10004830","FUN_10004830","Global","Function","DEFAULT",false,true
"10004848","LAB_10004848","Global","Label","DEFAULT",false,true
"10004852","LAB_10004852","Global","Label","DEFAULT",false,true
"10004858","FUN_10004858","Global","Function","DEFAULT",false,true
"1000486a","LAB_1000486a","Global","Label","DEFAULT",false,true
"10004875","LAB_10004875","Global","Label","DEFAULT",false,true
"10004889","FUN_10004889","Global","Function","DEFAULT",false,true
"100048d8","Catch_All@100048d8","Global","Function","ANALYSIS",false,true
"10004904","DAT_10004904","Global","Label","DEFAULT",false,true
"1000490e","FUN_1000490e","Global","Function","DEFAULT",false,true
"1000492c","LAB_1000492c","Global","Label","DEFAULT",false,true
"10004934","LAB_10004934","Global","Label","DEFAULT",false,true
"1000493c","FUN_1000493c","Global","Function","DEFAULT",false,true
"10004958","FUN_10004958","Global","Function","DEFAULT",false,true
"1000495b","FUN_1000495b","Global","Function","DEFAULT",false,true
"10004995","LAB_10004995","Global","Label","DEFAULT",false,true
"100049a2","LAB_100049a2","Global","Label","DEFAULT",false,true
"100049a7","FUN_100049a7","Global","Function","DEFAULT",false,true
"100049c0","FUN_100049c0","Global","Function","DEFAULT",false,true
"100049db","LAB_100049db","Global","Label","DEFAULT",false,true
"100049ed","LAB_100049ed","Global","Label","DEFAULT",false,true
"100049f4","FUN_100049f4","Global","Function","DEFAULT",false,true
"100049fa","FUN_100049fa","Global","Function","DEFAULT",false,true
"10004a37","LAB_10004a37","Global","Label","DEFAULT",false,true
"10004a7e","LAB_10004a7e","Global","Label","DEFAULT",false,true
"10004ab5","LAB_10004ab5","Global","Label","DEFAULT",false,true
"10004acb","LAB_10004acb","Global","Label","DEFAULT",false,true
"10004acf","FUN_10004acf","Global","Function","DEFAULT",false,true
"10004b35","LAB_10004b35","Global","Label","DEFAULT",false,true
"10004b37","LAB_10004b37","Global","Label","DEFAULT",false,true
"10004b3f","FUN_10004b3f","Global","Function","DEFAULT",false,true
"10004b65","LAB_10004b65","Global","Label","DEFAULT",false,true
"10004b87","LAB_10004b87","Global","Label","DEFAULT",false,true
"10004b8e","LAB_10004b8e","Global","Label","DEFAULT",false,true
"10004bac","LAB_10004bac","Global","Label","DEFAULT",false,true
"10004bba","LAB_10004bba","Global","Label","DEFAULT",false,true
"10004bf8","LAB_10004bf8","Global","Label","DEFAULT",false,true
"10004c1b","LAB_10004c1b","Global","Label","DEFAULT",false,true
"10004c28","LAB_10004c28","Global","Label","DEFAULT",false,true
"10004c2a","LAB_10004c2a","Global","Label","DEFAULT",false,true
"10004c3b","FUN_10004c3b","Global","Function","DEFAULT",false,true
"10004c41","FUN_10004c41","Global","Function","DEFAULT",false,true
"10004c6b","LAB_10004c6b","Global","Label","DEFAULT",false,true
"10004c7c","LAB_10004c7c","Global","Label","DEFAULT",false,true
"10004c80","LAB_10004c80","Global","Label","DEFAULT",false,true
"10004ca2","LAB_10004ca2","Global","Label","DEFAULT",false,true
"10004cb7","LAB_10004cb7","Global","Label","DEFAULT",false,true
"10004cb9","LAB_10004cb9","Global","Label","DEFAULT",false,true
"10004cc0","FUN_10004cc0","Global","Function","DEFAULT",false,true
"10004cd9","LAB_10004cd9","Global","Label","DEFAULT",false,true
"10004ce6","LAB_10004ce6","Global","Label","DEFAULT",false,true
"10004cf3","LAB_10004cf3","Global","Label","DEFAULT",false,true
"10004cf7","FUN_10004cf7","Global","Function","DEFAULT",false,true
"10004d17","LAB_10004d17","Global","Label","DEFAULT",false,true
"10004d1c","FUN_10004d1c","Global","Function","DEFAULT",false,true
"10004d48","LAB_10004d48","Global","Label","DEFAULT",false,true
"10004d4e","LAB_10004d4e","Global","Label","DEFAULT",false,true
"10004d69","LAB_10004d69","Global","Label","DEFAULT",false,true
"10004d7d","LAB_10004d7d","Global","Label","DEFAULT",false,true
"10004daf","LAB_10004daf","Global","Label","DEFAULT",false,true
"10004ddb","LAB_10004ddb","Global","Label","DEFAULT",false,true
"10004de2","FUN_10004de2","Global","Function","DEFAULT",false,true
"10004e07","FUN_10004e07","Global","Function","DEFAULT",false,true
"10004e70","LAB_10004e70","Global","Label","DEFAULT",false,true
"10004e8c","LAB_10004e8c","Global","Label","DEFAULT",false,true
"10004e92","FUN_10004e92","Global","Function","DEFAULT",false,true
"10004eb7","?setbuf@?$basic_filebuf@DU?$char_traits@D@std@@@std@@MAEPAV?$basic_streambuf@DU?$char_traits@D@std@@@2@PAD_J@Z","Global","Label","ANALYSIS",false,false
"10004eb7","setbuf","std::basic_filebuf<char,std::char_traits<char>_>","Function","ANALYSIS",false,true
"10004ed0","LAB_10004ed0","Global","Label","DEFAULT",false,true
"10004ed2","LAB_10004ed2","Global","Label","DEFAULT",false,true
"10004efe","LAB_10004efe","Global","Label","DEFAULT",false,true
"10004f00","LAB_10004f00","Global","Label","DEFAULT",false,true
"10004f05","FUN_10004f05","Global","Function","DEFAULT",false,true
"10004f0a","FUN_10004f0a","Global","Function","DEFAULT",false,true
"10004f1f","LAB_10004f1f","Global","Label","DEFAULT",false,true
"10004f24","FUN_10004f24","Global","Function","DEFAULT",false,true
"10004f29","FUN_10004f29","Global","Function","DEFAULT",false,true
"10004f4a","LAB_10004f4a","Global","Label","DEFAULT",false,true
"10004f5f","LAB_10004f5f","Global","Label","DEFAULT",false,true
"10004f63","FUN_10004f63","Global","Function","DEFAULT",false,true
"10004f7b","LAB_10004f7b","Global","Label","DEFAULT",false,true
"10004faa","LAB_10004faa","Global","Label","DEFAULT",false,true
"10004fb0","LAB_10004fb0","Global","Label","DEFAULT",false,true
"10004fba","LAB_10004fba","Global","Label","DEFAULT",false,true
"10004fc5","FUN_10004fc5","Global","Function","DEFAULT",false,true
"10004fef","LAB_10004fef","Global","Label","DEFAULT",false,true
"10004ff3","FUN_10004ff3","Global","Function","DEFAULT",false,true
"10004ff6","FUN_10004ff6","Global","Function","DEFAULT",false,true
"10005030","LAB_10005030","Global","Label","DEFAULT",false,true
"10005036","LAB_10005036","Global","Label","DEFAULT",false,true
"1000503e","LAB_1000503e","Global","Label","DEFAULT",false,true
"10005068","LAB_10005068","Global","Label","DEFAULT",false,true
"10005084","LAB_10005084","Global","Label","DEFAULT",false,true
"100050d0","LAB_100050d0","Global","Label","DEFAULT",false,true
"100050f6","LAB_100050f6","Global","Label","DEFAULT",false,true
"1000510e","LAB_1000510e","Global","Label","DEFAULT",false,true
"10005118","LAB_10005118","Global","Label","DEFAULT",false,true
"1000511e","LAB_1000511e","Global","Label","DEFAULT",false,true
"10005129","LAB_10005129","Global","Label","DEFAULT",false,true
"10005139","LAB_10005139","Global","Label","DEFAULT",false,true
"1000514d","LAB_1000514d","Global","Label","DEFAULT",false,true
"10005166","LAB_10005166","Global","Label","DEFAULT",false,true
"1000516c","?uflow@?$basic_streambuf@DU?$char_traits@D@std@@@std@@MAEHXZ","Global","Label","ANALYSIS",false,false
"1000516c","uflow","std::basic_streambuf<char,std::char_traits<char>_>","Function","ANALYSIS",false,true
"1000518d","LAB_1000518d","Global","Label","DEFAULT",false,true
"10005191","FUN_10005191","Global","Function","DEFAULT",false,true
"100051ad","LAB_100051ad","Global","Label","DEFAULT",false,true
"100051c8","LAB_100051c8","Global","Label","DEFAULT",false,true
"100051cb","FUN_100051cb","Global","Function","DEFAULT",false,true
"100051cf","FUN_100051cf","Global","Function","DEFAULT",false,true
"1000521a","FUN_1000521a","Global","Function","DEFAULT",false,true
"10005235","LAB_10005235","Global","Label","DEFAULT",false,true
"1000523e","LAB_1000523e","Global","Label","DEFAULT",false,true
"10005253","LAB_10005253","Global","Label","DEFAULT",false,true
"10005291","LAB_10005291","Global","Label","DEFAULT",false,true
"10005297","LAB_10005297","Global","Label","DEFAULT",false,true
"100052a9","LAB_100052a9","Global","Label","DEFAULT",false,true
"100052d6","LAB_100052d6","Global","Label","DEFAULT",false,true
"100052eb","LAB_100052eb","Global","Label","DEFAULT",false,true
"100052f6","LAB_100052f6","Global","Label","DEFAULT",false,true
"100052fc","FUN_100052fc","Global","Function","DEFAULT",false,true
"10005329","LAB_10005329","Global","Label","DEFAULT",false,true
"1000532d","LAB_1000532d","Global","Label","DEFAULT",false,true
"10005345","LAB_10005345","Global","Label","DEFAULT",false,true
"1000534a","LAB_1000534a","Global","Label","DEFAULT",false,true
"1000535c","LAB_1000535c","Global","Label","DEFAULT",false,true
"10005366","LAB_10005366","Global","Label","DEFAULT",false,true
"1000536b","LAB_1000536b","Global","Label","DEFAULT",false,true
"10005393","LAB_10005393","Global","Label","DEFAULT",false,true
"100053b0","LAB_100053b0","Global","Label","DEFAULT",false,true
"100053cd","LAB_100053cd","Global","Label","DEFAULT",false,true
"100053d4","LAB_100053d4","Global","Label","DEFAULT",false,true
"100053de","FUN_100053de","Global","Function","DEFAULT",false,true
"10005400","LAB_10005400","Global","Label","DEFAULT",false,true
"10005426","LAB_10005426","Global","Label","DEFAULT",false,true
"1000542b","LAB_1000542b","Global","Label","DEFAULT",false,true
"10005440","LAB_10005440","Global","Label","DEFAULT",false,true
"1000544a","LAB_1000544a","Global","Label","DEFAULT",false,true
"10005454","LAB_10005454","Global","Label","DEFAULT",false,true
"1000545c","LAB_1000545c","Global","Label","DEFAULT",false,true
"10005490","LAB_10005490","Global","Label","DEFAULT",false,true
"10005493","LAB_10005493","Global","Label","DEFAULT",false,true
"100054ad","LAB_100054ad","Global","Label","DEFAULT",false,true
"100054b9","LAB_100054b9","Global","Label","DEFAULT",false,true
"100054be","FUN_100054be","Global","Function","DEFAULT",false,true
"100054eb","LAB_100054eb","Global","Label","DEFAULT",false,true
"100054ef","LAB_100054ef","Global","Label","DEFAULT",false,true
"10005507","LAB_10005507","Global","Label","DEFAULT",false,true
"1000550c","LAB_1000550c","Global","Label","DEFAULT",false,true
"1000551e","LAB_1000551e","Global","Label","DEFAULT",false,true
"10005528","LAB_10005528","Global","Label","DEFAULT",false,true
"1000552d","LAB_1000552d","Global","Label","DEFAULT",false,true
"10005553","LAB_10005553","Global","Label","DEFAULT",false,true
"10005572","LAB_10005572","Global","Label","DEFAULT",false,true
"1000558d","LAB_1000558d","Global","Label","DEFAULT",false,true
"10005594","LAB_10005594","Global","Label","DEFAULT",false,true
"1000559e","FUN_1000559e","Global","Function","DEFAULT",false,true
"100055af","LAB_100055af","Global","Label","DEFAULT",false,true
"100055be","FUN_100055be","Global","Function","DEFAULT",false,true
"100055da","LAB_100055da","Global","Label","DEFAULT",false,true
"1000560a","LAB_1000560a","Global","Label","DEFAULT",false,true
"10005610","LAB_10005610","Global","Label","DEFAULT",false,true
"1000561e","LAB_1000561e","Global","Label","DEFAULT",false,true
"10005640","LAB_10005640","Global","Label","DEFAULT",false,true
"1000565a","LAB_1000565a","Global","Label","DEFAULT",false,true
"10005664","LAB_10005664","Global","Label","DEFAULT",false,true
"10005681","LAB_10005681","Global","Label","DEFAULT",false,true
"10005693","LAB_10005693","Global","Label","DEFAULT",false,true
"100056a4","LAB_100056a4","Global","Label","DEFAULT",false,true
"100056d1","LAB_100056d1","Global","Label","DEFAULT",false,true
"100056ec","LAB_100056ec","Global","Label","DEFAULT",false,true
"100056f6","LAB_100056f6","Global","Label","DEFAULT",false,true
"10005718","LAB_10005718","Global","Label","DEFAULT",false,true
"1000572c","Catch_All@1000572c","Global","Function","ANALYSIS",false,true
"10005758","DAT_10005758","Global","Label","DEFAULT",false,true
"10005763","FUN_10005763","Global","Function","DEFAULT",false,true
"10005766","LAB_10005766","Global","Label","DEFAULT",false,true
"10005791","FUN_10005791","Global","Function","DEFAULT",false,true
"100057cf","LAB_100057cf","Global","Label","DEFAULT",false,true
"10005802","LAB_10005802","Global","Label","DEFAULT",false,true
"10005808","LAB_10005808","Global","Label","DEFAULT",false,true
"1000580e","FUN_1000580e","Global","Function","DEFAULT",false,true
"1000581e","LAB_1000581e","Global","Label","DEFAULT",false,true
"1000582d","LAB_1000582d","Global","Label","DEFAULT",false,true
"1000583a","LAB_1000583a","Global","Label","DEFAULT",false,true
"1000583c","LAB_1000583c","Global","Label","DEFAULT",false,true
"1000583d","LAB_1000583d","Global","Label","DEFAULT",false,true
"1000583f","FUN_1000583f","Global","Function","DEFAULT",false,true
"10005874","LAB_10005874","Global","Label","DEFAULT",false,true
"10005879","LAB_10005879","Global","Label","DEFAULT",false,true
"1000587b","LAB_1000587b","Global","Label","DEFAULT",false,true
"10005890","LAB_10005890","Global","Label","DEFAULT",false,true
"100058b0","LAB_100058b0","Global","Label","DEFAULT",false,true
"100058b2","LAB_100058b2","Global","Label","DEFAULT",false,true
"100059a8","LAB_100059a8","Global","Label","DEFAULT",false,true
"100059c1","LAB_100059c1","Global","Label","DEFAULT",false,true
"100059e9","LAB_100059e9","Global","Label","DEFAULT",false,true
"100059ef","LAB_100059ef","Global","Label","DEFAULT",false,true
"10005a06","LAB_10005a06","Global","Label","DEFAULT",false,true
"10005a11","LAB_10005a11","Global","Label","DEFAULT",false,true
"10005a13","LAB_10005a13","Global","Label","DEFAULT",false,true
"10005a6e","LAB_10005a6e","Global","Label","DEFAULT",false,true
"10005ab1","LAB_10005ab1","Global","Label","DEFAULT",false,true
"10005ad3","LAB_10005ad3","Global","Label","DEFAULT",false,true
"10005b47","FUN_10005b47","Global","Function","DEFAULT",false,true
"10005b6e","LAB_10005b6e","Global","Label","DEFAULT",false,true
"10005b80","LAB_10005b80","Global","Label","DEFAULT",false,true
"10005b85","LAB_10005b85","Global","Label","DEFAULT",false,true
"10005ba1","LAB_10005ba1","Global","Label","DEFAULT",false,true
"10005bb8","LAB_10005bb8","Global","Label","DEFAULT",false,true
"10005bdc","LAB_10005bdc","Global","Label","DEFAULT",false,true
"10005be2","LAB_10005be2","Global","Label","DEFAULT",false,true
"10005c05","LAB_10005c05","Global","Label","DEFAULT",false,true
"10005c08","LAB_10005c08","Global","Label","DEFAULT",false,true
"10005c27","LAB_10005c27","Global","Label","DEFAULT",false,true
"10005c2b","LAB_10005c2b","Global","Label","DEFAULT",false,true
"10005c34","LAB_10005c34","Global","Label","DEFAULT",false,true
"10005c3b","LAB_10005c3b","Global","Label","DEFAULT",false,true
"10005c3e","LAB_10005c3e","Global","Label","DEFAULT",false,true
"10005c4d","Catch_All@10005c4d","Global","Function","ANALYSIS",false,true
"10005c79","DAT_10005c79","Global","Label","DEFAULT",false,true
"10005c84","FUN_10005c84","Global","Function","DEFAULT",false,true
"10005c87","LAB_10005c87","Global","Label","DEFAULT",false,true
"10005cb2","FUN_10005cb2","Global","Function","DEFAULT",false,true
"10005cba","FUN_10005cba","Global","Function","DEFAULT",false,true
"10005cec","LAB_10005cec","Global","Label","DEFAULT",false,true
"10005cf2","LAB_10005cf2","Global","Label","DEFAULT",false,true
"10005cf8","FUN_10005cf8","Global","Function","DEFAULT",false,true
"10005d6b","LAB_10005d6b","Global","Label","DEFAULT",false,true
"10005d72","LAB_10005d72","Global","Label","DEFAULT",false,true
"10005d80","LAB_10005d80","Global","Label","DEFAULT",false,true
"10005d86","FUN_10005d86","Global","Function","DEFAULT",false,true
"10005dfc","LAB_10005dfc","Global","Label","DEFAULT",false,true
"10005e03","LAB_10005e03","Global","Label","DEFAULT",false,true
"10005e11","LAB_10005e11","Global","Label","DEFAULT",false,true
"10005e17","FUN_10005e17","Global","Function","DEFAULT",false,true
"10005e43","FUN_10005e43","Global","Function","DEFAULT",false,true
"10005e8a","LAB_10005e8a","Global","Label","DEFAULT",false,true
"10005ebb","LAB_10005ebb","Global","Label","DEFAULT",false,true
"10005ecb","LAB_10005ecb","Global","Label","DEFAULT",false,true
"10005ed1","FUN_10005ed1","Global","Function","DEFAULT",false,true
"10005f18","LAB_10005f18","Global","Label","DEFAULT",false,true
"10005f49","LAB_10005f49","Global","Label","DEFAULT",false,true
"10005f59","LAB_10005f59","Global","Label","DEFAULT",false,true
"10005f5f","FUN_10005f5f","Global","Function","DEFAULT",false,true
"10005f8f","FUN_10005f8f","Global","Function","DEFAULT",false,true
"10005fc8","FUN_10005fc8","Global","Function","DEFAULT",false,true
"10005fd3","??4?$ostreambuf_iterator@DU?$char_traits@D@std@@@std@@QAEAAV01@D@Z","Global","Label","ANALYSIS",false,false
"10005fd3","operator=","std::ostreambuf_iterator<char,std::char_traits<char>_>","Function","ANALYSIS",false,true
"10005fed","LAB_10005fed","Global","Label","DEFAULT",false,true
"10005ff0","LAB_10005ff0","Global","Label","DEFAULT",false,true
"10005ff7","FUN_10005ff7","Global","Function","DEFAULT",false,true
"10006093","Catch_All@10006093","Global","Function","ANALYSIS",false,true
"100060bf","DAT_100060bf","Global","Label","DEFAULT",false,true
"100060c9","LAB_100060c9","Global","Label","DEFAULT",false,true
"100060cc","LAB_100060cc","Global","Label","DEFAULT",false,true
"100060fe","FUN_100060fe","Global","Function","DEFAULT",false,true
"10006198","Catch_All@10006198","Global","Function","ANALYSIS",false,true
"100061c4","LAB_100061c4","Global","Label","DEFAULT",false,true
"100061ce","LAB_100061ce","Global","Label","DEFAULT",false,true
"100061d1","LAB_100061d1","Global","Label","DEFAULT",false,true
"10006203","FUN_10006203","Global","Function","DEFAULT",false,true
"10006236","FUN_10006236","Global","Function","DEFAULT",false,true
"1000627f","FUN_1000627f","Global","Function","DEFAULT",false,true
"100062a6","LAB_100062a6","Global","Label","DEFAULT",false,true
"100062ad","FUN_100062ad","Global","Function","DEFAULT",false,true
"100062c7","LAB_100062c7","Global","Label","DEFAULT",false,true
"100062d0","LAB_100062d0","Global","Label","DEFAULT",false,true
"100062e2","LAB_100062e2","Global","Label","DEFAULT",false,true
"100062fc","LAB_100062fc","Global","Label","DEFAULT",false,true
"10006304","LAB_10006304","Global","Label","DEFAULT",false,true
"10006316","LAB_10006316","Global","Label","DEFAULT",false,true
"10006322","LAB_10006322","Global","Label","DEFAULT",false,true
"1000632a","LAB_1000632a","Global","Label","DEFAULT",false,true
"1000633a","LAB_1000633a","Global","Label","DEFAULT",false,true
"10006346","FUN_10006346","Global","Function","DEFAULT",false,true
"10006397","LAB_10006397","Global","Label","DEFAULT",false,true
"10006399","LAB_10006399","Global","Label","DEFAULT",false,true
"100063a8","LAB_100063a8","Global","Label","DEFAULT",false,true
"100063b1","FUN_100063b1","Global","Function","DEFAULT",false,true
"10006406","LAB_10006406","Global","Label","DEFAULT",false,true
"10006415","LAB_10006415","Global","Label","DEFAULT",false,true
"1000641e","?_Ifmt@?$num_put@DV?$ostreambuf_iterator@DU?$char_traits@D@std@@@std@@@std@@ABAPADPADPBDH@Z","Global","Label","ANALYSIS",false,false
"1000641e","_Ifmt","std::num_put<char,std::ostreambuf_iterator<char,std::char_traits<char>_>_>","Function","ANALYSIS",false,true
"10006437","LAB_10006437","Global","Label","DEFAULT",false,true
"1000643f","LAB_1000643f","Global","Label","DEFAULT",false,true
"10006451","LAB_10006451","Global","Label","DEFAULT",false,true
"1000645c","LAB_1000645c","Global","Label","DEFAULT",false,true
"10006471","LAB_10006471","Global","Label","DEFAULT",false,true
"1000647e","LAB_1000647e","Global","Label","DEFAULT",false,true
"10006487","LAB_10006487","Global","Label","DEFAULT",false,true
"10006493","FUN_10006493","Global","Function","DEFAULT",false,true
"100064d2","LAB_100064d2","Global","Label","DEFAULT",false,true
"10006524","LAB_10006524","Global","Label","DEFAULT",false,true
"1000653a","LAB_1000653a","Global","Label","DEFAULT",false,true
"10006559","FUN_10006559","Global","Function","DEFAULT",false,true
"1000658b","LAB_1000658b","Global","Label","DEFAULT",false,true
"10006590","LAB_10006590","Global","Label","DEFAULT",false,true
"10006592","LAB_10006592","Global","Label","DEFAULT",false,true
"100065bc","LAB_100065bc","Global","Label","DEFAULT",false,true
"100065be","LAB_100065be","Global","Label","DEFAULT",false,true
"10006686","LAB_10006686","Global","Label","DEFAULT",false,true
"100066b4","LAB_100066b4","Global","Label","DEFAULT",false,true
"100066b7","LAB_100066b7","Global","Label","DEFAULT",false,true
"100066cb","LAB_100066cb","Global","Label","DEFAULT",false,true
"100066d6","LAB_100066d6","Global","Label","DEFAULT",false,true
"100066d8","LAB_100066d8","Global","Label","DEFAULT",false,true
"10006733","LAB_10006733","Global","Label","DEFAULT",false,true
"10006776","LAB_10006776","Global","Label","DEFAULT",false,true
"10006798","LAB_10006798","Global","Label","DEFAULT",false,true
"1000680f","FUN_1000680f","Global","Function","DEFAULT",false,true
"1000681e","LAB_1000681e","Global","Label","DEFAULT",false,true
"10006831","LAB_10006831","Global","Label","DEFAULT",false,true
"10006842","FUN_10006842","Global","Function","DEFAULT",false,true
"1000684d","LAB_1000684d","Global","Label","DEFAULT",false,true
"1000685d","LAB_1000685d","Global","Label","DEFAULT",false,true
"1000686e","Tidy","Global","Function","ANALYSIS",false,true
"1000688e","FUN_1000688e","Global","Function","DEFAULT",false,true
"100068b4","LAB_100068b4","Global","Label","DEFAULT",false,true
"100068d0","LAB_100068d0","Global","Label","DEFAULT",false,true
"100068df","LAB_100068df","Global","Label","DEFAULT",false,true
"100068e5","FUN_100068e5","Global","Function","DEFAULT",false,true
"100068e9","FUN_100068e9","Global","Function","DEFAULT",false,true
"100068ff","FUN_100068ff","Global","Function","DEFAULT",false,true
"10006915","do_put","Global","Function","ANALYSIS",false,true
"10006980","do_put","Global","Function","ANALYSIS",false,true
"100069eb","FUN_100069eb","Global","Function","DEFAULT",false,true
"10006a33","LAB_10006a33","Global","Label","DEFAULT",false,true
"10006a39","LAB_10006a39","Global","Label","DEFAULT",false,true
"10006aad","LAB_10006aad","Global","Label","DEFAULT",false,true
"10006ab0","LAB_10006ab0","Global","Label","DEFAULT",false,true
"10006b72","LAB_10006b72","Global","Label","DEFAULT",false,true
"10006b7b","LAB_10006b7b","Global","Label","DEFAULT",false,true
"10006b85","FUN_10006b85","Global","Function","DEFAULT",false,true
"10006bcd","LAB_10006bcd","Global","Label","DEFAULT",false,true
"10006bd3","LAB_10006bd3","Global","Label","DEFAULT",false,true
"10006c47","LAB_10006c47","Global","Label","DEFAULT",false,true
"10006c4a","LAB_10006c4a","Global","Label","DEFAULT",false,true
"10006d0c","LAB_10006d0c","Global","Label","DEFAULT",false,true
"10006d15","LAB_10006d15","Global","Label","DEFAULT",false,true
"10006d1f","do_put","Global","Function","ANALYSIS",false,true
"10006d7a","do_put","Global","Function","ANALYSIS",false,true
"10006de8","do_put","Global","Function","ANALYSIS",false,true
"10006e56","FUN_10006e56","Global","Function","DEFAULT",false,true
"10006e99","LAB_10006e99","Global","Label","DEFAULT",false,true
"10006ef7","LAB_10006ef7","Global","Label","DEFAULT",false,true
"10006efa","LAB_10006efa","Global","Label","DEFAULT",false,true
"10006f27","LAB_10006f27","Global","Label","DEFAULT",false,true
"10006f32","LAB_10006f32","Global","Label","DEFAULT",false,true
"10006f34","LAB_10006f34","Global","Label","DEFAULT",false,true
"10006f6d","LAB_10006f6d","Global","Label","DEFAULT",false,true
"10006f73","LAB_10006f73","Global","Label","DEFAULT",false,true
"10006feb","LAB_10006feb","Global","Label","DEFAULT",false,true
"10006ff4","LAB_10006ff4","Global","Label","DEFAULT",false,true
"10006ff6","LAB_10006ff6","Global","Label","DEFAULT",false,true
"10006ffe","FUN_10006ffe","Global","Function","DEFAULT",false,true
"10007002","FUN_10007002","Global","Function","DEFAULT",false,true
"10007018","FUN_10007018","Global","Function","DEFAULT",false,true
"10007047","LAB_10007047","Global","Label","DEFAULT",false,true
"1000706b","LAB_1000706b","Global","Label","DEFAULT",false,true
"1000707b","LAB_1000707b","Global","Label","DEFAULT",false,true
"10007082","LAB_10007082","Global","Label","DEFAULT",false,true
"10007088","FUN_10007088","Global","Function","DEFAULT",false,true
"100070b3","LAB_100070b3","Global","Label","DEFAULT",false,true
"100070d7","Catch_All@100070d7","Global","Function","ANALYSIS",false,true
"10007103","DAT_10007103","Global","Label","DEFAULT",false,true
"1000710d","FUN_1000710d","Global","Function","DEFAULT",false,true
"10007110","LAB_10007110","Global","Label","DEFAULT",false,true
"1000713d","FUN_1000713d","Global","Function","DEFAULT",false,true
"10007153","LAB_10007153","Global","Label","DEFAULT",false,true
"10007159","LAB_10007159","Global","Label","DEFAULT",false,true
"10007165","LAB_10007165","Global","Label","DEFAULT",false,true
"10007169","FUN_10007169","Global","Function","DEFAULT",false,true
"1000717f","LAB_1000717f","Global","Label","DEFAULT",false,true
"10007199","LAB_10007199","Global","Label","DEFAULT",false,true
"100071a1","LAB_100071a1","Global","Label","DEFAULT",false,true
"100071a9","FUN_100071a9","Global","Function","DEFAULT",false,true
"100071e3","LAB_100071e3","Global","Label","DEFAULT",false,true
"10007204","FUN_10007204","Global","Function","DEFAULT",false,true
"1000720a","FUN_1000720a","Global","Function","DEFAULT",false,true
"10007210","FUN_10007210","Global","Function","DEFAULT",false,true
"10007226","FUN_10007226","Global","Function","DEFAULT",false,true
"10007256","FUN_10007256","Global","Function","DEFAULT",false,true
"10007284","FUN_10007284","Global","Function","DEFAULT",false,true
"100072a0","FUN_100072a0","Global","Function","DEFAULT",false,true
"100072ce","FUN_100072ce","Global","Function","DEFAULT",false,true
"100072f9","FUN_100072f9","Global","Function","DEFAULT",false,true
"1000730e","FUN_1000730e","Global","Function","DEFAULT",false,true
"10007338","FUN_10007338","Global","Function","DEFAULT",false,true
"1000735a","FUN_1000735a","Global","Function","DEFAULT",false,true
"10007389","LAB_10007389","Global","Label","DEFAULT",false,true
"100073cd","LAB_100073cd","Global","Label","DEFAULT",false,true
"100073fc","LAB_100073fc","Global","Label","DEFAULT",false,true
"1000741e","LAB_1000741e","Global","Label","DEFAULT",false,true
"1000744e","LAB_1000744e","Global","Label","DEFAULT",false,true
"10007461","LAB_10007461","Global","Label","DEFAULT",false,true
"100074ac","LAB_100074ac","Global","Label","DEFAULT",false,true
"100074ae","LAB_100074ae","Global","Label","DEFAULT",false,true
"100074c2","FUN_100074c2","Global","Function","DEFAULT",false,true
"100074f3","FUN_100074f3","Global","Function","DEFAULT",false,true
"10007535","LAB_10007535","Global","Label","DEFAULT",false,true
"1000753c","FUN_1000753c","Global","Function","DEFAULT",false,true
"10007592","LAB_10007592","Global","Label","DEFAULT",false,true
"1000759e","LAB_1000759e","Global","Label","DEFAULT",false,true
"100075ac","FUN_100075ac","Global","Function","DEFAULT",false,true
"100075ba","FUN_100075ba","Global","Function","DEFAULT",false,true
"100075bd","FUN_100075bd","Global","Function","DEFAULT",false,true
"100075d0","FUN_100075d0","Global","Function","DEFAULT",false,true
"100075e3","FUN_100075e3","Global","Function","DEFAULT",false,true
"100075f9","FUN_100075f9","Global","Function","DEFAULT",false,true
"1000760d","FUN_1000760d","Global","Function","DEFAULT",false,true
"1000762e","LAB_1000762e","Global","Label","DEFAULT",false,true
"10007631","LAB_10007631","Global","Label","DEFAULT",false,true
"10007649","LAB_10007649","Global","Label","DEFAULT",false,true
"1000766f","FUN_1000766f","Global","Function","DEFAULT",false,true
"10007677","FUN_10007677","Global","Function","DEFAULT",false,true
"10007681","FUN_10007681","Global","Function","DEFAULT",false,true
"100076a9","LAB_100076a9","Global","Label","DEFAULT",false,true
"100076ab","LAB_100076ab","Global","Label","DEFAULT",false,true
"100076b1","FUN_100076b1","Global","Function","DEFAULT",false,true
"100076e1","FUN_100076e1","Global","Function","DEFAULT",false,true
"1000770d","LAB_1000770d","Global","Label","DEFAULT",false,true
"10007712","_Copy_construct_from<>","Global","Function","ANALYSIS",false,true
"10007723","LAB_10007723","Global","Label","DEFAULT",false,true
"10007731","FUN_10007731","Global","Function","DEFAULT",false,true
"10007751","FUN_10007751","Global","Function","DEFAULT",false,true
"1000776c","FUN_1000776c","Global","Function","DEFAULT",false,true
"1000778b","FUN_1000778b","Global","Function","DEFAULT",false,true
"100077ca","LAB_100077ca","Global","Label","DEFAULT",false,true
"100077cc","LAB_100077cc","Global","Label","DEFAULT",false,true
"100077d0","LAB_100077d0","Global","Label","DEFAULT",false,true
"100077f1","LAB_100077f1","Global","Label","DEFAULT",false,true
"100077f7","FUN_100077f7","Global","Function","DEFAULT",false,true
"10007830","FUN_10007830","Global","Function","DEFAULT",false,true
"10007836","FUN_10007836","Global","Function","DEFAULT",false,true
"1000783c","FUN_1000783c","Global","Function","DEFAULT",false,true
"10007853","FUN_10007853","Global","Function","DEFAULT",false,true
"1000785f","FUN_1000785f","Global","Function","DEFAULT",false,true
"1000787e","LAB_1000787e","Global","Label","DEFAULT",false,true
"10007883","FUN_10007883","Global","Function","DEFAULT",false,true
"100078a6","LAB_100078a6","Global","Label","DEFAULT",false,true
"100078ac","FUN_100078ac","Global","Function","DEFAULT",false,true
"100078d3","LAB_100078d3","Global","Label","DEFAULT",false,true
"100078d8","FUN_100078d8","Global","Function","DEFAULT",false,true
"100078fb","LAB_100078fb","Global","Label","DEFAULT",false,true
"10007901","FUN_10007901","Global","Function","DEFAULT",false,true
"10007926","FUN_10007926","Global","Function","DEFAULT",false,true
"10007940","LAB_10007940","Global","Label","DEFAULT",false,true
"10007944","FUN_10007944","Global","Function","DEFAULT",false,true
"1000798f","LAB_1000798f","Global","Label","DEFAULT",false,true
"1000799f","FUN_1000799f","Global","Function","DEFAULT",false,true
"100079be","FUN_100079be","Global","Function","DEFAULT",false,true
"100079e4","FUN_100079e4","Global","Function","DEFAULT",false,true
"10007a1c","LAB_10007a1c","Global","Label","DEFAULT",false,true
"10007a1f","LAB_10007a1f","Global","Label","DEFAULT",false,true
"10007a24","LAB_10007a24","Global","Label","DEFAULT",false,true
"10007a2a","FUN_10007a2a","Global","Function","DEFAULT",false,true
"10007a75","LAB_10007a75","Global","Label","DEFAULT",false,true
"10007a95","FUN_10007a95","Global","Function","DEFAULT",false,true
"10007aaf","FUN_10007aaf","Global","Function","DEFAULT",false,true
"10007ad8","LAB_10007ad8","Global","Label","DEFAULT",false,true
"10007ae6","FUN_10007ae6","Global","Function","DEFAULT",false,true
"10007b15","LAB_10007b15","Global","Label","DEFAULT",false,true
"10007b26","FUN_10007b26","Global","Function","DEFAULT",false,true
"10007b3a","LAB_10007b3a","Global","Label","DEFAULT",false,true
"10007b4b","LAB_10007b4b","Global","Label","DEFAULT",false,true
"10007b51","FUN_10007b51","Global","Function","DEFAULT",false,true
"10007b7d","FUN_10007b7d","Global","Function","DEFAULT",false,true
"10007bd8","FUN_10007bd8","Global","Function","DEFAULT",false,true
"10007c33","FUN_10007c33","Global","Function","DEFAULT",false,true
"10007c44","FUN_10007c44","Global","Function","DEFAULT",false,true
"10007c8b","LAB_10007c8b","Global","Label","DEFAULT",false,true
"10007c93","FUN_10007c93","Global","Function","DEFAULT",false,true
"10007cc4","LAB_10007cc4","Global","Label","DEFAULT",false,true
"10007cce","FUN_10007cce","Global","Function","DEFAULT",false,true
"10007cf0","FUN_10007cf0","Global","Function","DEFAULT",false,true
"10007d00","FUN_10007d00","Global","Function","DEFAULT",false,true
"10007d2c","FUN_10007d2c","Global","Function","DEFAULT",false,true
"10007d73","FUN_10007d73","Global","Function","DEFAULT",false,true
"10007da4","FUN_10007da4","Global","Function","DEFAULT",false,true
"10007e02","FUN_10007e02","Global","Function","DEFAULT",false,true
"10007e4d","LAB_10007e4d","Global","Label","DEFAULT",false,true
"10007e56","FUN_10007e56","Global","Function","DEFAULT",false,true
"10007ee2","LAB_10007ee2","Global","Label","DEFAULT",false,true
"10007eee","LAB_10007eee","Global","Label","DEFAULT",false,true
"10007ef7","FUN_10007ef7","Global","Function","DEFAULT",false,true
"10007f1c","FUN_10007f1c","Global","Function","DEFAULT",false,true
"10007f37","FUN_10007f37","Global","Function","DEFAULT",false,true
"10007f61","FUN_10007f61","Global","Function","DEFAULT",false,true
"10007f90","FUN_10007f90","Global","Function","DEFAULT",false,true
"10007fab","FUN_10007fab","Global","Function","DEFAULT",false,true
"10007fc6","FUN_10007fc6","Global","Function","DEFAULT",false,true
"10007fe1","FUN_10007fe1","Global","Function","DEFAULT",false,true
"10008000","FUN_10008000","Global","Function","DEFAULT",false,true
"10008022","FUN_10008022","Global","Function","DEFAULT",false,true
"10008081","thunk_FUN_1000a65f","Global","Function","DEFAULT",false,true
"10008086","thunk_FUN_10009936","Global","Function","DEFAULT",false,true
"1000808b","FUN_1000808b","Global","Function","DEFAULT",false,true
"10008097","FUN_10008097","Global","Function","DEFAULT",false,true
"100080b6","LAB_100080b6","Global","Label","DEFAULT",false,true
"100080c2","FUN_100080c2","Global","Function","DEFAULT",false,true
"10008107","LAB_10008107","Global","Label","DEFAULT",false,true
"10008120","FUN_10008120","Global","Function","DEFAULT",false,true
"10008136","thunk_FUN_1000813b","Global","Function","DEFAULT",false,true
"1000813b","FUN_1000813b","Global","Function","DEFAULT",false,true
"1000814f","LAB_1000814f","Global","Label","DEFAULT",false,true
"10008150","FUN_10008150","Global","Function","DEFAULT",false,true
"1000818f","LAB_1000818f","Global","Label","DEFAULT",false,true
"100081a9","??1?$call@IV?$function@$$A6AXABI@Z@std@@@Concurrency@@UAE@XZ","Global","Label","ANALYSIS",false,false
"100081a9","~call<unsigned_int,std::function<void___cdecl(unsigned_int_const&)>_>","Concurrency::call<unsigned_int,std::function<void___cdecl(unsigned_int_const&)>_>","Function","ANALYSIS",false,true
"100081fe","FUN_100081fe","Global","Function","DEFAULT",false,true
"10008207","FUN_10008207","Global","Function","DEFAULT",false,true
"10008213","FUN_10008213","Global","Function","DEFAULT",false,true
"10008221","LAB_10008221","Global","Label","DEFAULT",false,true
"10008222","FUN_10008222","Global","Function","DEFAULT",false,true
"1000822f","LAB_1000822f","Global","Label","DEFAULT",false,true
"10008230","??1?$refcount_ptr@Uerror_info_container@exception_detail@boost@@@exception_detail@boost@@QAE@XZ","Global","Label","ANALYSIS",false,false
"10008230","~refcount_ptr<boost::exception_detail::error_info_container>","boost::exception_detail::refcount_ptr<boost::exception_detail::error_info_container>","Function","ANALYSIS",false,true
"10008269","FUN_10008269","Global","Function","DEFAULT",false,true
"100082bc","LAB_100082bc","Global","Label","DEFAULT",false,true
"100082cf","FUN_100082cf","Global","Function","DEFAULT",false,true
"100082df","LAB_100082df","Global","Label","DEFAULT",false,true
"100082e0","FUN_100082e0","Global","Function","DEFAULT",false,true
"100082f8","LAB_100082f8","Global","Label","DEFAULT",false,true
"100082fa","FUN_100082fa","Global","Function","DEFAULT",false,true
"10008302","FUN_10008302","Global","Function","DEFAULT",false,true
"1000833d","FUN_1000833d","Global","Function","DEFAULT",false,true
"10008375","LAB_10008375","Global","Label","DEFAULT",false,true
"1000838f","LAB_1000838f","Global","Label","DEFAULT",false,true
"1000839b","LAB_1000839b","Global","Label","DEFAULT",false,true
"100083ae","FUN_100083ae","Global","Function","DEFAULT",false,true
"100083de","LAB_100083de","Global","Label","DEFAULT",false,true
"100083f7","FUN_100083f7","Global","Function","DEFAULT",false,true
"100083ff","FUN_100083ff","Global","Function","DEFAULT",false,true
"1000844e","LAB_1000844e","Global","Label","DEFAULT",false,true
"10008461","LAB_10008461","Global","Label","DEFAULT",false,true
"10008474","FUN_10008474","Global","Function","DEFAULT",false,true
"1000847c","FUN_1000847c","Global","Function","DEFAULT",false,true
"100084a9","LAB_100084a9","Global","Label","DEFAULT",false,true
"100084b1","FUN_100084b1","Global","Function","DEFAULT",false,true
"100084e9","LAB_100084e9","Global","Label","DEFAULT",false,true
"100084f0","FUN_100084f0","Global","Function","DEFAULT",false,true
"1000850f","LAB_1000850f","Global","Label","DEFAULT",false,true
"10008516","FUN_10008516","Global","Function","DEFAULT",false,true
"10008b93","FUN_10008b93","Global","Function","DEFAULT",false,true
"10008b9e","FUN_10008b9e","Global","Function","DEFAULT",false,true
"10008c98","LAB_10008c98","Global","Label","DEFAULT",false,true
"10008d22","LAB_10008d22","Global","Label","DEFAULT",false,true
"10008d37","LAB_10008d37","Global","Label","DEFAULT",false,true
"10008d3f","LAB_10008d3f","Global","Label","DEFAULT",false,true
"10008d87","LAB_10008d87","Global","Label","DEFAULT",false,true
"10008d8f","LAB_10008d8f","Global","Label","DEFAULT",false,true
"10008da0","FUN_10008da0","Global","Function","DEFAULT",false,true
"10008dd9","LAB_10008dd9","Global","Label","DEFAULT",false,true
"10008de5","LAB_10008de5","Global","Label","DEFAULT",false,true
"10008deb","FUN_10008deb","Global","Function","DEFAULT",false,true
"10008e3d","LAB_10008e3d","Global","Label","DEFAULT",false,true
"10008e49","LAB_10008e49","Global","Label","DEFAULT",false,true
"10008e4f","LAB_10008e4f","Global","Label","DEFAULT",false,true
"10008e97","Catch_All@10008e97","Global","Function","ANALYSIS",false,true
"10008ecb","FUN_10008ecb","Global","Function","DEFAULT",false,true
"10008ee6","LAB_10008ee6","Global","Label","DEFAULT",false,true
"10008eed","FUN_10008eed","Global","Function","DEFAULT",false,true
"10008f11","LAB_10008f11","Global","Label","DEFAULT",false,true
"10008f18","??_GUMSThreadProxy@details@Concurrency@@UAEPAXI@Z","Global","Label","ANALYSIS",false,false
"10008f18","`scalar_deleting_destructor'","Concurrency::details::UMSThreadProxy","Function","ANALYSIS",false,true
"10008f36","LAB_10008f36","Global","Label","DEFAULT",false,true
"10008f3d","FUN_10008f3d","Global","Function","DEFAULT",false,true
"10008f4f","LAB_10008f4f","Global","Label","DEFAULT",false,true
"10008f5f","LAB_10008f5f","Global","Label","DEFAULT",false,true
"10008f66","FUN_10008f66","Global","Function","DEFAULT",false,true
"10008f87","LAB_10008f87","Global","Label","DEFAULT",false,true
"10008f8e","FUN_10008f8e","Global","Function","DEFAULT",false,true
"10008fa9","LAB_10008fa9","Global","Label","DEFAULT",false,true
"10008fb0","FUN_10008fb0","Global","Function","DEFAULT",false,true
"10008fcf","LAB_10008fcf","Global","Label","DEFAULT",false,true
"10008fd6","FUN_10008fd6","Global","Function","DEFAULT",false,true
"10008ff2","LAB_10008ff2","Global","Label","DEFAULT",false,true
"10008ff9","FUN_10008ff9","Global","Function","DEFAULT",false,true
"10009017","LAB_10009017","Global","Label","DEFAULT",false,true
"1000901e","??_G?$call@IV?$function@$$A6AXABI@Z@std@@@Concurrency@@UAEPAXI@Z","Global","Label","ANALYSIS",false,false
"1000901e","`scalar_deleting_destructor'","Concurrency::call<unsigned_int,std::function<void___cdecl(unsigned_int_const&)>_>","Function","ANALYSIS",false,true
"1000903c","LAB_1000903c","Global","Label","DEFAULT",false,true
"10009043","FUN_10009043","Global","Function","DEFAULT",false,true
"10009086","LAB_10009086","Global","Label","DEFAULT",false,true
"1000909d","FUN_1000909d","Global","Function","DEFAULT",false,true
"100090b9","LAB_100090b9","Global","Label","DEFAULT",false,true
"100090c0","FUN_100090c0","Global","Function","DEFAULT",false,true
"100090dc","LAB_100090dc","Global","Label","DEFAULT",false,true
"100090e3","FUN_100090e3","Global","Function","DEFAULT",false,true
"10009101","LAB_10009101","Global","Label","DEFAULT",false,true
"10009108","LAB_10009108","Global","Label","DEFAULT",false,true
"10009151","LAB_10009151","Global","Label","DEFAULT",false,true
"10009157","FUN_10009157","Global","Function","DEFAULT",false,true
"100091ba","LAB_100091ba","Global","Label","DEFAULT",false,true
"100092a8","LAB_100092a8","Global","Label","DEFAULT",false,true
"10009410","LAB_10009410","Global","Label","DEFAULT",false,true
"10009459","LAB_10009459","Global","Label","DEFAULT",false,true
"1000946a","FUN_1000946a","Global","Function","DEFAULT",false,true
"10009481","LAB_10009481","Global","Label","DEFAULT",false,true
"10009489","LAB_10009489","Global","Label","DEFAULT",false,true
"1000949c","LAB_1000949c","Global","Label","DEFAULT",false,true
"100094cf","LAB_100094cf","Global","Label","DEFAULT",false,true
"100094d5","FUN_100094d5","Global","Function","DEFAULT",false,true
"100094fe","LAB_100094fe","Global","Label","DEFAULT",false,true
"10009504","FUN_10009504","Global","Function","DEFAULT",false,true
"1000952b","LAB_1000952b","Global","Label","DEFAULT",false,true
"10009530","FUN_10009530","Global","Function","DEFAULT",false,true
"1000956c","FUN_1000956c","Global","Function","DEFAULT",false,true
"100095ad","Catch_All@100095ad","Global","Function","ANALYSIS",false,true
"100095c6","LAB_100095c6","Global","Label","DEFAULT",false,true
"100095d1","LAB_100095d1","Global","Label","DEFAULT",false,true
"10009600","FUN_10009600","Global","Function","DEFAULT",false,true
"10009648","LAB_10009648","Global","Label","DEFAULT",false,true
"1000966a","LAB_1000966a","Global","Label","DEFAULT",false,true
"1000967a","LAB_1000967a","Global","Label","DEFAULT",false,true
"1000969a","LAB_1000969a","Global","Label","DEFAULT",false,true
"100096c3","LAB_100096c3","Global","Label","DEFAULT",false,true
"10009705","LAB_10009705","Global","Label","DEFAULT",false,true
"10009709","LAB_10009709","Global","Label","DEFAULT",false,true
"10009712","LAB_10009712","Global","Label","DEFAULT",false,true
"1000971a","FUN_1000971a","Global","Function","DEFAULT",false,true
"10009779","LAB_10009779","Global","Label","DEFAULT",false,true
"1000978b","FUN_1000978b","Global","Function","DEFAULT",false,true
"100097ba","FUN_100097ba","Global","Function","DEFAULT",false,true
"100097f6","LAB_100097f6","Global","Label","DEFAULT",false,true
"10009810","LAB_10009810","Global","Label","DEFAULT",false,true
"10009816","FUN_10009816","Global","Function","DEFAULT",false,true
"1000982c","FUN_1000982c","Global","Function","DEFAULT",false,true
"10009839","FUN_10009839","Global","Function","DEFAULT",false,true
"1000984f","FUN_1000984f","Global","Function","DEFAULT",false,true
"10009862","FUN_10009862","Global","Function","DEFAULT",false,true
"10009878","FUN_10009878","Global","Function","DEFAULT",false,true
"10009893","FUN_10009893","Global","Function","DEFAULT",false,true
"100098e1","LAB_100098e1","Global","Label","DEFAULT",false,true
"100098fa","LAB_100098fa","Global","Label","DEFAULT",false,true
"10009906","LAB_10009906","Global","Label","DEFAULT",false,true
"1000990e","FUN_1000990e","Global","Function","DEFAULT",false,true
"10009933","LAB_10009933","Global","Label","DEFAULT",false,true
"10009936","FUN_10009936","Global","Function","DEFAULT",false,true
"1000994c","LAB_1000994c","Global","Label","DEFAULT",false,true
"1000994d","FUN_1000994d","Global","Function","DEFAULT",false,true
"1000995b","LAB_1000995b","Global","Label","DEFAULT",false,true
"1000995f","LAB_1000995f","Global","Label","DEFAULT",false,true
"10009962","FUN_10009962","Global","Function","DEFAULT",false,true
"10009975","LAB_10009975","Global","Label","DEFAULT",false,true
"10009979","FUN_10009979","Global","Function","DEFAULT",false,true
"10009997","LAB_10009997","Global","Label","DEFAULT",false,true
"1000999c","FUN_1000999c","Global","Function","DEFAULT",false,true
"100099b9","LAB_100099b9","Global","Label","DEFAULT",false,true
"100099be","FUN_100099be","Global","Function","DEFAULT",false,true
"100099c9","LAB_100099c9","Global","Label","DEFAULT",false,true
"100099ca","FUN_100099ca","Global","Function","DEFAULT",false,true
"10009a2c","LAB_10009a2c","Global","Label","DEFAULT",false,true
"10009a30","LAB_10009a30","Global","Label","DEFAULT",false,true
"10009aa6","LAB_10009aa6","Global","Label","DEFAULT",false,true
"10009aae","FUN_10009aae","Global","Function","DEFAULT",false,true
"10009ad1","LAB_10009ad1","Global","Label","DEFAULT",false,true
"10009ad3","FUN_10009ad3","Global","Function","DEFAULT",false,true
"10009add","FUN_10009add","Global","Function","DEFAULT",false,true
"10009ae5","FUN_10009ae5","Global","Function","DEFAULT",false,true
"10009aef","LAB_10009aef","Global","Label","DEFAULT",false,true
"10009af0","FUN_10009af0","Global","Function","DEFAULT",false,true
"10009af8","FUN_10009af8","Global","Function","DEFAULT",false,true
"10009b03","FUN_10009b03","Global","Function","DEFAULT",false,true
"10009b0b","FUN_10009b0b","Global","Function","DEFAULT",false,true
"10009b19","FUN_10009b19","Global","Function","DEFAULT",false,true
"10009b21","FUN_10009b21","Global","Function","DEFAULT",false,true
"10009b2c","FUN_10009b2c","Global","Function","DEFAULT",false,true
"10009b4a","LAB_10009b4a","Global","Label","DEFAULT",false,true
"10009b57","LAB_10009b57","Global","Label","DEFAULT",false,true
"10009b5b","FUN_10009b5b","Global","Function","DEFAULT",false,true
"10009b63","FUN_10009b63","Global","Function","DEFAULT",false,true
"10009b8c","LAB_10009b8c","Global","Label","DEFAULT",false,true
"10009baa","LAB_10009baa","Global","Label","DEFAULT",false,true
"10009bb0","?_Future_error_map@std@@YAPBDH@Z","Global","Label","ANALYSIS",false,false
"10009bb0","_Future_error_map","std","Function","ANALYSIS",false,true
"10009bce","LAB_10009bce","Global","Label","DEFAULT",false,true
"10009bd5","LAB_10009bd5","Global","Label","DEFAULT",false,true
"10009bdc","LAB_10009bdc","Global","Label","DEFAULT",false,true
"10009be3","LAB_10009be3","Global","Label","DEFAULT",false,true
"10009bea","FUN_10009bea","Global","Function","DEFAULT",false,true
"10009bee","FUN_10009bee","Global","Function","DEFAULT",false,true
"10009bf2","FUN_10009bf2","Global","Function","DEFAULT",false,true
"10009c0d","FUN_10009c0d","Global","Function","DEFAULT",false,true
"10009c2b","LAB_10009c2b","Global","Label","DEFAULT",false,true
"10009c2c","LAB_10009c2c","Global","Label","DEFAULT",false,true
"10009c32","LAB_10009c32","Global","Label","DEFAULT",false,true
"10009c5c","FUN_10009c5c","Global","Function","DEFAULT",false,true
"10009c61","FUN_10009c61","Global","Function","DEFAULT",false,true
"10009c77","LAB_10009c77","Global","Label","DEFAULT",false,true
"10009c7f","LAB_10009c7f","Global","Label","DEFAULT",false,true
"10009c81","LAB_10009c81","Global","Label","DEFAULT",false,true
"10009c87","FUN_10009c87","Global","Function","DEFAULT",false,true
"10009cbb","LAB_10009cbb","Global","Label","DEFAULT",false,true
"10009ce1","LAB_10009ce1","Global","Label","DEFAULT",false,true
"10009cea","LAB_10009cea","Global","Label","DEFAULT",false,true
"10009cfb","LAB_10009cfb","Global","Label","DEFAULT",false,true
"10009d14","LAB_10009d14","Global","Label","DEFAULT",false,true
"10009d1f","LAB_10009d1f","Global","Label","DEFAULT",false,true
"10009d26","LAB_10009d26","Global","Label","DEFAULT",false,true
"10009d36","FUN_10009d36","Global","Function","DEFAULT",false,true
"10009d52","LAB_10009d52","Global","Label","DEFAULT",false,true
"10009d5a","FUN_10009d5a","Global","Function","DEFAULT",false,true
"10009d7e","LAB_10009d7e","Global","Label","DEFAULT",false,true
"10009d84","FUN_10009d84","Global","Function","DEFAULT",false,true
"10009d8c","FUN_10009d8c","Global","Function","DEFAULT",false,true
"10009d8f","FUN_10009d8f","Global","Function","DEFAULT",false,true
"10009d97","FUN_10009d97","Global","Function","DEFAULT",false,true
"10009da1","LAB_10009da1","Global","Label","DEFAULT",false,true
"10009db4","LAB_10009db4","Global","Label","DEFAULT",false,true
"10009db8","LAB_10009db8","Global","Label","DEFAULT",false,true
"10009dbc","FUN_10009dbc","Global","Function","DEFAULT",false,true
"10009dfa","LAB_10009dfa","Global","Label","DEFAULT",false,true
"10009e5c","LAB_10009e5c","Global","Label","DEFAULT",false,true
"10009e62","FUN_10009e62","Global","Function","DEFAULT",false,true
"10009eb8","LAB_10009eb8","Global","Label","DEFAULT",false,true
"10009ec2","FUN_10009ec2","Global","Function","DEFAULT",false,true
"10009ef4","LAB_10009ef4","Global","Label","DEFAULT",false,true
"10009efd","FUN_10009efd","Global","Function","DEFAULT",false,true
"10009f44","FUN_10009f44","Global","Function","DEFAULT",false,true
"10009f64","FUN_10009f64","Global","Function","DEFAULT",false,true
"10009f7a","FUN_10009f7a","Global","Function","DEFAULT",false,true
"10009f9c","FUN_10009f9c","Global","Function","DEFAULT",false,true
"10009fd1","FUN_10009fd1","Global","Function","DEFAULT",false,true
"10009ff4","FUN_10009ff4","Global","Function","DEFAULT",false,true
"1000a06d","LAB_1000a06d","Global","Label","DEFAULT",false,true
"1000a081","LAB_1000a081","Global","Label","DEFAULT",false,true
"1000a088","LAB_1000a088","Global","Label","DEFAULT",false,true
"1000a090","FUN_1000a090","Global","Function","DEFAULT",false,true
"1000a0c1","LAB_1000a0c1","Global","Label","DEFAULT",false,true
"1000a0e1","LAB_1000a0e1","Global","Label","DEFAULT",false,true
"1000a102","LAB_1000a102","Global","Label","DEFAULT",false,true
"1000a112","FUN_1000a112","Global","Function","DEFAULT",false,true
"1000a123","LAB_1000a123","Global","Label","DEFAULT",false,true
"1000a127","FUN_1000a127","Global","Function","DEFAULT",false,true
"1000a141","LAB_1000a141","Global","Label","DEFAULT",false,true
"1000a154","FUN_1000a154","Global","Function","DEFAULT",false,true
"1000a180","LAB_1000a180","Global","Label","DEFAULT",false,true
"1000a186","FUN_1000a186","Global","Function","DEFAULT",false,true
"1000a1ca","LAB_1000a1ca","Global","Label","DEFAULT",false,true
"1000a1d7","LAB_1000a1d7","Global","Label","DEFAULT",false,true
"1000a1e1","LAB_1000a1e1","Global","Label","DEFAULT",false,true
"1000a1ea","LAB_1000a1ea","Global","Label","DEFAULT",false,true
"1000a1f6","LAB_1000a1f6","Global","Label","DEFAULT",false,true
"1000a1fe","FUN_1000a1fe","Global","Function","DEFAULT",false,true
"1000a219","LAB_1000a219","Global","Label","DEFAULT",false,true
"1000a24f","LAB_1000a24f","Global","Label","DEFAULT",false,true
"1000a257","LAB_1000a257","Global","Label","DEFAULT",false,true
"1000a263","LAB_1000a263","Global","Label","DEFAULT",false,true
"1000a269","FUN_1000a269","Global","Function","DEFAULT",false,true
"1000a27b","LAB_1000a27b","Global","Label","DEFAULT",false,true
"1000a28d","LAB_1000a28d","Global","Label","DEFAULT",false,true
"1000a28f","FUN_1000a28f","Global","Function","DEFAULT",false,true
"1000a2bf","FUN_1000a2bf","Global","Function","DEFAULT",false,true
"1000a2d6","LAB_1000a2d6","Global","Label","DEFAULT",false,true
"1000a2e3","LAB_1000a2e3","Global","Label","DEFAULT",false,true
"1000a2ff","FUN_1000a2ff","Global","Function","DEFAULT",false,true
"1000a331","LAB_1000a331","Global","Label","DEFAULT",false,true
"1000a364","LAB_1000a364","Global","Label","DEFAULT",false,true
"1000a36d","LAB_1000a36d","Global","Label","DEFAULT",false,true
"1000a375","FUN_1000a375","Global","Function","DEFAULT",false,true
"1000a3a5","LAB_1000a3a5","Global","Label","DEFAULT",false,true
"1000a3a7","LAB_1000a3a7","Global","Label","DEFAULT",false,true
"1000a3c5","FUN_1000a3c5","Global","Function","DEFAULT",false,true
"1000a3d9","LAB_1000a3d9","Global","Label","DEFAULT",false,true
"1000a3eb","LAB_1000a3eb","Global","Label","DEFAULT",false,true
"1000a3f3","LAB_1000a3f3","Global","Label","DEFAULT",false,true
"1000a3f7","FUN_1000a3f7","Global","Function","DEFAULT",false,true
"1000a423","Catch@1000a423","Global","Function","ANALYSIS",false,true
"1000a429","Catch@1000a429","Global","Function","ANALYSIS",false,true
"1000a42f","Catch_All@1000a42f","Global","Function","ANALYSIS",false,true
"1000a463","LAB_1000a463","Global","Label","DEFAULT",false,true
"1000a469","FUN_1000a469","Global","Function","DEFAULT",false,true
"1000a485","LAB_1000a485","Global","Label","DEFAULT",false,true
"1000a499","FUN_1000a499","Global","Function","DEFAULT",false,true
"1000a4ba","FUN_1000a4ba","Global","Function","DEFAULT",false,true
"1000a510","LAB_1000a510","Global","Label","DEFAULT",false,true
"1000a522","FUN_1000a522","Global","Function","DEFAULT",false,true
"1000a56b","LAB_1000a56b","Global","Label","DEFAULT",false,true
"1000a573","FUN_1000a573","Global","Function","DEFAULT",false,true
"1000a5bb","LAB_1000a5bb","Global","Label","DEFAULT",false,true
"1000a5c3","FUN_1000a5c3","Global","Function","DEFAULT",false,true
"1000a5e3","LAB_1000a5e3","Global","Label","DEFAULT",false,true
"1000a5eb","FUN_1000a5eb","Global","Function","DEFAULT",false,true
"1000a5f1","FUN_1000a5f1","Global","Function","DEFAULT",false,true
"1000a5f7","FUN_1000a5f7","Global","Function","DEFAULT",false,true
"1000a5fd","FUN_1000a5fd","Global","Function","DEFAULT",false,true
"1000a603","FUN_1000a603","Global","Function","DEFAULT",false,true
"1000a609","FUN_1000a609","Global","Function","DEFAULT",false,true
"1000a60f","FUN_1000a60f","Global","Function","DEFAULT",false,true
"1000a62f","FUN_1000a62f","Global","Function","DEFAULT",false,true
"1000a65f","FUN_1000a65f","Global","Function","DEFAULT",false,true
"1000a67e","LAB_1000a67e","Global","Label","DEFAULT",false,true
"1000a680","FUN_1000a680","Global","Function","DEFAULT",false,true
"1000a6a4","LAB_1000a6a4","Global","Label","DEFAULT",false,true
"1000a6a6","FUN_1000a6a6","Global","Function","DEFAULT",false,true
"1000a6c4","LAB_1000a6c4","Global","Label","DEFAULT",false,true
"1000a6d4","FUN_1000a6d4","Global","Function","DEFAULT",false,true
"1000a6e3","LAB_1000a6e3","Global","Label","DEFAULT",false,true
"1000a6e4","LAB_1000a6e4","Global","Label","DEFAULT",false,true
"1000a6e6","LAB_1000a6e6","Global","Label","DEFAULT",false,true
"1000a6ec","FUN_1000a6ec","Global","Function","DEFAULT",false,true
"1000a6ff","LAB_1000a6ff","Global","Label","DEFAULT",false,true
"1000a702","FUN_1000a702","Global","Function","DEFAULT",false,true
"1000a73b","LAB_1000a73b","Global","Label","DEFAULT",false,true
"1000a743","LAB_1000a743","Global","Label","DEFAULT",false,true
"1000a753","LAB_1000a753","Global","Label","DEFAULT",false,true
"1000a762","LAB_1000a762","Global","Label","DEFAULT",false,true
"1000a768","FUN_1000a768","Global","Function","DEFAULT",false,true
"1000a77b","FUN_1000a77b","Global","Function","DEFAULT",false,true
"1000a799","LAB_1000a799","Global","Label","DEFAULT",false,true
"1000a7af","Catch@1000a7af","Global","Function","ANALYSIS",false,true
"1000a7b5","Catch@1000a7b5","Global","Function","ANALYSIS",false,true
"1000a7bb","DAT_1000a7bb","Global","Label","DEFAULT",false,true
"1000a7c1","FUN_1000a7c1","Global","Function","DEFAULT",false,true
"1000a7d2","LAB_1000a7d2","Global","Label","DEFAULT",false,true
"1000a7d7","LAB_1000a7d7","Global","Label","DEFAULT",false,true
"1000a7f1","Catch_All@1000a7f1","Global","Function","ANALYSIS",false,true
"1000a821","LAB_1000a821","Global","Label","DEFAULT",false,true
"1000a824","LAB_1000a824","Global","Label","DEFAULT",false,true
"1000a831","FUN_1000a831","Global","Function","DEFAULT",false,true
"1000a83c","FUN_1000a83c","Global","Function","DEFAULT",false,true
"1000a85a","FUN_1000a85a","Global","Function","DEFAULT",false,true
"1000a875","LAB_1000a875","Global","Label","DEFAULT",false,true
"1000a87b","FUN_1000a87b","Global","Function","DEFAULT",false,true
"1000a8b7","LAB_1000a8b7","Global","Label","DEFAULT",false,true
"1000a8ca","LAB_1000a8ca","Global","Label","DEFAULT",false,true
"1000a8ce","FUN_1000a8ce","Global","Function","DEFAULT",false,true
"1000a8e7","FUN_1000a8e7","Global","Function","DEFAULT",false,true
"1000a926","LAB_1000a926","Global","Label","DEFAULT",false,true
"1000a92c","FUN_1000a92c","Global","Function","DEFAULT",false,true
"1000a964","LAB_1000a964","Global","Label","DEFAULT",false,true
"1000a977","Catch@1000a977","Global","Function","ANALYSIS",false,true
"1000a994","Catch@1000a994","Global","Function","ANALYSIS",false,true
"1000a9b1","Catch_All@1000a9b1","Global","Function","ANALYSIS",false,true
"1000a9e8","DAT_1000a9e8","Global","Label","DEFAULT",false,true
"1000a9eb","FUN_1000a9eb","Global","Function","DEFAULT",false,true
"1000a9ff","LAB_1000a9ff","Global","Label","DEFAULT",false,true
"1000aa05","FUN_1000aa05","Global","Function","DEFAULT",false,true
"1000aa28","FUN_1000aa28","Global","Function","DEFAULT",false,true
"1000aa45","LAB_1000aa45","Global","Label","DEFAULT",false,true
"1000aa47","LAB_1000aa47","Global","Label","DEFAULT",false,true
"1000aa49","LAB_1000aa49","Global","Label","DEFAULT",false,true
"1000aa4f","FUN_1000aa4f","Global","Function","DEFAULT",false,true
"1000aa68","FUN_1000aa68","Global","Function","DEFAULT",false,true
"1000aa82","LAB_1000aa82","Global","Label","DEFAULT",false,true
"1000aa92","FUN_1000aa92","Global","Function","DEFAULT",false,true
"1000aaaf","FUN_1000aaaf","Global","Function","DEFAULT",false,true
"1000aab5","FUN_1000aab5","Global","Function","DEFAULT",false,true
"1000aabb","FUN_1000aabb","Global","Function","DEFAULT",false,true
"1000aae1","LAB_1000aae1","Global","Label","DEFAULT",false,true
"1000aae3","LAB_1000aae3","Global","Label","DEFAULT",false,true
"1000aaec","LAB_1000aaec","Global","Label","DEFAULT",false,true
"1000aaf2","LAB_1000aaf2","Global","Label","DEFAULT",false,true
"1000aafa","FUN_1000aafa","Global","Function","DEFAULT",false,true
"1000ab0a","LAB_1000ab0a","Global","Label","DEFAULT",false,true
"1000ab1b","LAB_1000ab1b","Global","Label","DEFAULT",false,true
"1000ab25","LAB_1000ab25","Global","Label","DEFAULT",false,true
"1000ab28","LAB_1000ab28","Global","Label","DEFAULT",false,true
"1000ab30","LAB_1000ab30","Global","Label","DEFAULT",false,true
"1000ab3a","LAB_1000ab3a","Global","Label","DEFAULT",false,true
"1000ab3c","LAB_1000ab3c","Global","Label","DEFAULT",false,true
"1000ab40","FUN_1000ab40","Global","Function","DEFAULT",false,true
"1000ab5d","FUN_1000ab5d","Global","Function","DEFAULT",false,true
"1000ab90","LAB_1000ab90","Global","Label","DEFAULT",false,true
"1000ab92","LAB_1000ab92","Global","Label","DEFAULT",false,true
"1000ab9b","FUN_1000ab9b","Global","Function","DEFAULT",false,true
"1000abb7","LAB_1000abb7","Global","Label","DEFAULT",false,true
"1000abbf","FUN_1000abbf","Global","Function","DEFAULT",false,true
"1000abd1","LAB_1000abd1","Global","Label","DEFAULT",false,true
"1000abd4","LAB_1000abd4","Global","Label","DEFAULT",false,true
"1000abd7","?what@future_error@std@@UBEPBDXZ","Global","Label","ANALYSIS",false,false
"1000abd7","what","std::future_error","Function","ANALYSIS",false,true
"1000abe1","FUN_1000abe1","Global","Function","DEFAULT",false,true
"1000ac05","LAB_1000ac05","Global","Label","DEFAULT",false,true
"1000ac38","LAB_1000ac38","Global","Label","DEFAULT",false,true
"1000ac3f","LAB_1000ac3f","Global","Label","DEFAULT",false,true
"1000ac71","LAB_1000ac71","Global","Label","DEFAULT",false,true
"1000ac81","LAB_1000ac81","Global","Label","DEFAULT",false,true
"1000acd5","LAB_1000acd5","Global","Label","DEFAULT",false,true
"1000acfa","LAB_1000acfa","Global","Label","DEFAULT",false,true
"1000ad0b","LAB_1000ad0b","Global","Label","DEFAULT",false,true
"1000ad25","LAB_1000ad25","Global","Label","DEFAULT",false,true
"1000ad28","LAB_1000ad28","Global","Label","DEFAULT",false,true
"1000ad2f","FUN_1000ad2f","Global","Function","DEFAULT",false,true
"1000ad58","LAB_1000ad58","Global","Label","DEFAULT",false,true
"1000ad6e","LAB_1000ad6e","Global","Label","DEFAULT",false,true
"1000ad7a","LAB_1000ad7a","Global","Label","DEFAULT",false,true
"1000ad7d","LAB_1000ad7d","Global","Label","DEFAULT",false,true
"1000ad82","FUN_1000ad82","Global","Function","DEFAULT",false,true
"1000ada3","LAB_1000ada3","Global","Label","DEFAULT",false,true
"1000add7","LAB_1000add7","Global","Label","DEFAULT",false,true
"1000adda","LAB_1000adda","Global","Label","DEFAULT",false,true
"1000adde","FUN_1000adde","Global","Function","DEFAULT",false,true
"1000adfd","LAB_1000adfd","Global","Label","DEFAULT",false,true
"1000adff","LAB_1000adff","Global","Label","DEFAULT",false,true
"1000ae0d","LAB_1000ae0d","Global","Label","DEFAULT",false,true
"1000ae0f","LAB_1000ae0f","Global","Label","DEFAULT",false,true
"1000ae30","LAB_1000ae30","Global","Label","DEFAULT",false,true
"1000ae41","LAB_1000ae41","Global","Label","DEFAULT",false,true
"1000ae6a","LAB_1000ae6a","Global","Label","DEFAULT",false,true
"1000ae71","LAB_1000ae71","Global","Label","DEFAULT",false,true
"1000ae8f","LAB_1000ae8f","Global","Label","DEFAULT",false,true
"1000ae91","LAB_1000ae91","Global","Label","DEFAULT",false,true
"1000ae95","LAB_1000ae95","Global","Label","DEFAULT",false,true
"1000aeaa","LAB_1000aeaa","Global","Label","DEFAULT",false,true
"1000aeae","LAB_1000aeae","Global","Label","DEFAULT",false,true
"1000aebc","LAB_1000aebc","Global","Label","DEFAULT",false,true
"1000aed7","LAB_1000aed7","Global","Label","DEFAULT",false,true
"1000aee9","LAB_1000aee9","Global","Label","DEFAULT",false,true
"1000aef2","LAB_1000aef2","Global","Label","DEFAULT",false,true
"1000af14","LAB_1000af14","Global","Label","DEFAULT",false,true
"1000af3e","LAB_1000af3e","Global","Label","DEFAULT",false,true
"1000af4e","LAB_1000af4e","Global","Label","DEFAULT",false,true
"1000af5e","LAB_1000af5e","Global","Label","DEFAULT",false,true
"1000af73","FUN_1000af73","Global","Function","DEFAULT",false,true
"1000af92","LAB_1000af92","Global","Label","DEFAULT",false,true
"1000af94","LAB_1000af94","Global","Label","DEFAULT",false,true
"1000afa2","LAB_1000afa2","Global","Label","DEFAULT",false,true
"1000afa4","LAB_1000afa4","Global","Label","DEFAULT",false,true
"1000afd4","LAB_1000afd4","Global","Label","DEFAULT",false,true
"1000afe5","LAB_1000afe5","Global","Label","DEFAULT",false,true
"1000b001","LAB_1000b001","Global","Label","DEFAULT",false,true
"1000b014","LAB_1000b014","Global","Label","DEFAULT",false,true
"1000b01d","LAB_1000b01d","Global","Label","DEFAULT",false,true
"1000b03b","LAB_1000b03b","Global","Label","DEFAULT",false,true
"1000b065","LAB_1000b065","Global","Label","DEFAULT",false,true
"1000b072","LAB_1000b072","Global","Label","DEFAULT",false,true
"1000b082","LAB_1000b082","Global","Label","DEFAULT",false,true
"1000b097","??_G?$basic_stringbuf@DU?$char_traits@D@std@@V?$allocator@D@2@@std@@UAEPAXI@Z","Global","Label","ANALYSIS",false,false
"1000b097","`scalar_deleting_destructor'","std::basic_stringbuf<char,std::char_traits<char>,std::allocator<char>_>","Function","ANALYSIS",false,true
"1000b0b2","LAB_1000b0b2","Global","Label","DEFAULT",false,true
"1000b0b9","FUN_1000b0b9","Global","Function","DEFAULT",false,true
"1000b0c1","FUN_1000b0c1","Global","Function","DEFAULT",false,true
"1000b10b","FUN_1000b10b","Global","Function","DEFAULT",false,true
"1000b12c","LAB_1000b12c","Global","Label","DEFAULT",false,true
"1000b12f","LAB_1000b12f","Global","Label","DEFAULT",false,true
"1000b14d","LAB_1000b14d","Global","Label","DEFAULT",false,true
"1000b168","LAB_1000b168","Global","Label","DEFAULT",false,true
"1000b16b","LAB_1000b16b","Global","Label","DEFAULT",false,true
"1000b184","FUN_1000b184","Global","Function","DEFAULT",false,true
"1000b1be","LAB_1000b1be","Global","Label","DEFAULT",false,true
"1000b1f2","FUN_1000b1f2","Global","Function","DEFAULT",false,true
"1000b225","LAB_1000b225","Global","Label","DEFAULT",false,true
"1000b264","FUN_1000b264","Global","Function","DEFAULT",false,true
"1000b293","??1?$basic_ostringstream@DU?$char_traits@D@std@@V?$allocator@D@2@@std@@UAE@XZ","Global","Label","ANALYSIS",false,false
"1000b293","~basic_ostringstream<char,std::char_traits<char>,std::allocator<char>_>","std::basic_ostringstream<char,std::char_traits<char>,std::allocator<char>_>","Function","ANALYSIS",false,true
"1000b2d6","??1?$basic_stringbuf@DU?$char_traits@D@std@@V?$allocator@D@2@@std@@UAE@XZ","Global","Label","ANALYSIS",false,false
"1000b2d6","~basic_stringbuf<char,std::char_traits<char>,std::allocator<char>_>","std::basic_stringbuf<char,std::char_traits<char>,std::allocator<char>_>","Function","ANALYSIS",false,true
"1000b2ec","FUN_1000b2ec","Global","Function","DEFAULT",false,true
"1000b306","LAB_1000b306","Global","Label","DEFAULT",false,true
"1000b30d","FUN_1000b30d","Global","Function","DEFAULT",false,true
"1000b3b9","Catch_All@1000b3b9","Global","Function","ANALYSIS",false,true
"1000b3e5","LAB_1000b3e5","Global","Label","DEFAULT",false,true
"1000b3f4","LAB_1000b3f4","Global","Label","DEFAULT",false,true
"1000b3f6","LAB_1000b3f6","Global","Label","DEFAULT",false,true
"1000b3f9","LAB_1000b3f9","Global","Label","DEFAULT",false,true
"1000b427","FUN_1000b427","Global","Function","DEFAULT",false,true
"1000b450","LAB_1000b450","Global","Label","DEFAULT",false,true
"1000b458","FUN_1000b458","Global","Function","DEFAULT",false,true
"1000b515","LAB_1000b515","Global","Label","DEFAULT",false,true
"1000b54e","LAB_1000b54e","Global","Label","DEFAULT",false,true
"1000b589","LAB_1000b589","Global","Label","DEFAULT",false,true
"1000b5bc","LAB_1000b5bc","Global","Label","DEFAULT",false,true
"1000b5e3","LAB_1000b5e3","Global","Label","DEFAULT",false,true
"1000b5f0","LAB_1000b5f0","Global","Label","DEFAULT",false,true
"1000b632","LAB_1000b632","Global","Label","DEFAULT",false,true
"1000b64b","LAB_1000b64b","Global","Label","DEFAULT",false,true
"1000b662","LAB_1000b662","Global","Label","DEFAULT",false,true
"1000b7ac","LAB_1000b7ac","Global","Label","DEFAULT",false,true
"1000bab3","LAB_1000bab3","Global","Label","DEFAULT",false,true
"1000bb11","FUN_1000bb11","Global","Function","DEFAULT",false,true
"1000bb2a","LAB_1000bb2a","Global","Label","DEFAULT",false,true
"1000bb2c","LAB_1000bb2c","Global","Label","DEFAULT",false,true
"1000bb30","FUN_1000bb30","Global","Function","DEFAULT",false,true
"1000bb49","LAB_1000bb49","Global","Label","DEFAULT",false,true
"1000bb4b","LAB_1000bb4b","Global","Label","DEFAULT",false,true
"1000bb4f","FUN_1000bb4f","Global","Function","DEFAULT",false,true
"1000bb68","LAB_1000bb68","Global","Label","DEFAULT",false,true
"1000bb6a","LAB_1000bb6a","Global","Label","DEFAULT",false,true
"1000bb6e","FUN_1000bb6e","Global","Function","DEFAULT",false,true
"1000bb81","LAB_1000bb81","Global","Label","DEFAULT",false,true
"1000bb99","LAB_1000bb99","Global","Label","DEFAULT",false,true
"1000bb9f","FUN_1000bb9f","Global","Function","DEFAULT",false,true
"1000bbb2","LAB_1000bbb2","Global","Label","DEFAULT",false,true
"1000bbca","LAB_1000bbca","Global","Label","DEFAULT",false,true
"1000bbd0","FUN_1000bbd0","Global","Function","DEFAULT",false,true
"1000bbe3","LAB_1000bbe3","Global","Label","DEFAULT",false,true
"1000bbfb","LAB_1000bbfb","Global","Label","DEFAULT",false,true
"1000bc01","FUN_1000bc01","Global","Function","DEFAULT",false,true
"1000bc48","LAB_1000bc48","Global","Label","DEFAULT",false,true
"1000bc6d","LAB_1000bc6d","Global","Label","DEFAULT",false,true
"1000bc76","FUN_1000bc76","Global","Function","DEFAULT",false,true
"1000bcab","FUN_1000bcab","Global","Function","DEFAULT",false,true
"1000bcca","LAB_1000bcca","Global","Label","DEFAULT",false,true
"1000bd1e","LAB_1000bd1e","Global","Label","DEFAULT",false,true
"1000bd2f","LAB_1000bd2f","Global","Label","DEFAULT",false,true
"1000bd33","LAB_1000bd33","Global","Label","DEFAULT",false,true
"1000bd3e","FUN_1000bd3e","Global","Function","DEFAULT",false,true
"1000bd5f","LAB_1000bd5f","Global","Label","DEFAULT",false,true
"1000bd76","LAB_1000bd76","Global","Label","DEFAULT",false,true
"1000bd93","FUN_1000bd93","Global","Function","DEFAULT",false,true
"1000bdaf","LAB_1000bdaf","Global","Label","DEFAULT",false,true
"1000bdb9","LAB_1000bdb9","Global","Label","DEFAULT",false,true
"1000bdc8","LAB_1000bdc8","Global","Label","DEFAULT",false,true
"1000bdf2","FUN_1000bdf2","Global","Function","DEFAULT",false,true
"1000be0c","LAB_1000be0c","Global","Label","DEFAULT",false,true
"1000be25","LAB_1000be25","Global","Label","DEFAULT",false,true
"1000be31","LAB_1000be31","Global","Label","DEFAULT",false,true
"1000be37","FUN_1000be37","Global","Function","DEFAULT",false,true
"1000be85","LAB_1000be85","Global","Label","DEFAULT",false,true
"1000be8f","FUN_1000be8f","Global","Function","DEFAULT",false,true
"1000bea5","FUN_1000bea5","Global","Function","DEFAULT",false,true
"1000bed5","LAB_1000bed5","Global","Label","DEFAULT",false,true
"1000bedf","LAB_1000bedf","Global","Label","DEFAULT",false,true
"1000bf00","FUN_1000bf00","Global","Function","DEFAULT",false,true
"1000bf3d","LAB_1000bf3d","Global","Label","DEFAULT",false,true
"1000bf63","LAB_1000bf63","Global","Label","DEFAULT",false,true
"1000bf7f","LAB_1000bf7f","Global","Label","DEFAULT",false,true
"1000bf87","LAB_1000bf87","Global","Label","DEFAULT",false,true
"1000bf8a","FUN_1000bf8a","Global","Function","DEFAULT",false,true
"1000c018","LAB_1000c018","Global","Label","DEFAULT",false,true
"1000c03f","LAB_1000c03f","Global","Label","DEFAULT",false,true
"1000c057","LAB_1000c057","Global","Label","DEFAULT",false,true
"1000c067","LAB_1000c067","Global","Label","DEFAULT",false,true
"1000c07f","LAB_1000c07f","Global","Label","DEFAULT",false,true
"1000c087","LAB_1000c087","Global","Label","DEFAULT",false,true
"1000c0bb","LAB_1000c0bb","Global","Label","DEFAULT",false,true
"1000c0cf","LAB_1000c0cf","Global","Label","DEFAULT",false,true
"1000c0f2","LAB_1000c0f2","Global","Label","DEFAULT",false,true
"1000c130","LAB_1000c130","Global","Label","DEFAULT",false,true
"1000c131","LAB_1000c131","Global","Label","DEFAULT",false,true
"1000c135","FUN_1000c135","Global","Function","DEFAULT",false,true
"1000c209","FUN_1000c209","Global","Function","DEFAULT",false,true
"1000c2d9","LAB_1000c2d9","Global","Label","DEFAULT",false,true
"1000c405","LAB_1000c405","Global","Label","DEFAULT",false,true
"1000c493","LAB_1000c493","Global","Label","DEFAULT",false,true
"1000c4a4","LAB_1000c4a4","Global","Label","DEFAULT",false,true
"1000c4aa","FUN_1000c4aa","Global","Function","DEFAULT",false,true
"1000c4ec","LAB_1000c4ec","Global","Label","DEFAULT",false,true
"1000c54f","LAB_1000c54f","Global","Label","DEFAULT",false,true
"1000c552","LAB_1000c552","Global","Label","DEFAULT",false,true
"1000c55d","LAB_1000c55d","Global","Label","DEFAULT",false,true
"1000c560","FUN_1000c560","Global","Function","DEFAULT",false,true
"1000c61a","LAB_1000c61a","Global","Label","DEFAULT",false,true
"1000c68b","FUN_1000c68b","Global","Function","DEFAULT",false,true
"1000c735","LAB_1000c735","Global","Label","DEFAULT",false,true
"1000c73b","LAB_1000c73b","Global","Label","DEFAULT",false,true
"1000c755","LAB_1000c755","Global","Label","DEFAULT",false,true
"1000c760","LAB_1000c760","Global","Label","DEFAULT",false,true
"1000c809","LAB_1000c809","Global","Label","DEFAULT",false,true
"1000c810","LAB_1000c810","Global","Label","DEFAULT",false,true
"1000c846","LAB_1000c846","Global","Label","DEFAULT",false,true
"1000c903","LAB_1000c903","Global","Label","DEFAULT",false,true
"1000c933","LAB_1000c933","Global","Label","DEFAULT",false,true
"1000c94a","LAB_1000c94a","Global","Label","DEFAULT",false,true
"1000c94f","LAB_1000c94f","Global","Label","DEFAULT",false,true
"1000c990","LAB_1000c990","Global","Label","DEFAULT",false,true
"1000c993","FUN_1000c993","Global","Function","DEFAULT",false,true
"1000cb00","LAB_1000cb00","Global","Label","DEFAULT",false,true
"1000cb35","FUN_1000cb35","Global","Function","DEFAULT",false,true
"1000cb6b","FUN_1000cb6b","Global","Function","DEFAULT",false,true
"1000cb9a","FUN_1000cb9a","Global","Function","DEFAULT",false,true
"1000cc1d","LAB_1000cc1d","Global","Label","DEFAULT",false,true
"1000cc2a","LAB_1000cc2a","Global","Label","DEFAULT",false,true
"1000cc31","FUN_1000cc31","Global","Function","DEFAULT",false,true
"1000cc4d","FUN_1000cc4d","Global","Function","DEFAULT",false,true
"1000cc95","LAB_1000cc95","Global","Label","DEFAULT",false,true
"1000ccab","LAB_1000ccab","Global","Label","DEFAULT",false,true
"1000ccb3","LAB_1000ccb3","Global","Label","DEFAULT",false,true
"1000cccb","LAB_1000cccb","Global","Label","DEFAULT",false,true
"1000ccde","LAB_1000ccde","Global","Label","DEFAULT",false,true
"1000cd14","LAB_1000cd14","Global","Label","DEFAULT",false,true
"1000cd2b","LAB_1000cd2b","Global","Label","DEFAULT",false,true
"1000cd41","LAB_1000cd41","Global","Label","DEFAULT",false,true
"1000cd6c","LAB_1000cd6c","Global","Label","DEFAULT",false,true
"1000cd71","Catch_All@1000cd71","Global","Function","ANALYSIS",false,true
"1000cd9d","LAB_1000cd9d","Global","Label","DEFAULT",false,true
"1000cda5","LAB_1000cda5","Global","Label","DEFAULT",false,true
"1000cda8","LAB_1000cda8","Global","Label","DEFAULT",false,true
"1000cde4","FUN_1000cde4","Global","Function","DEFAULT",false,true
"1000ce1f","LAB_1000ce1f","Global","Label","DEFAULT",false,true
"1000ce2b","LAB_1000ce2b","Global","Label","DEFAULT",false,true
"1000ce43","LAB_1000ce43","Global","Label","DEFAULT",false,true
"1000ce55","LAB_1000ce55","Global","Label","DEFAULT",false,true
"1000ce5b","LAB_1000ce5b","Global","Label","DEFAULT",false,true
"1000ce5e","LAB_1000ce5e","Global","Label","DEFAULT",false,true
"1000ce61","LAB_1000ce61","Global","Label","DEFAULT",false,true
"1000ce6c","LAB_1000ce6c","Global","Label","DEFAULT",false,true
"1000ce77","LAB_1000ce77","Global","Label","DEFAULT",false,true
"1000d021","LAB_1000d021","Global","Label","DEFAULT",false,true
"1000d0c3","LAB_1000d0c3","Global","Label","DEFAULT",false,true
"1000d0d8","FUN_1000d0d8","Global","Function","DEFAULT",false,true
"1000d2be","FUN_1000d2be","Global","Function","DEFAULT",false,true
"1000d320","FUN_1000d320","Global","Function","DEFAULT",false,true
"1000d358","FUN_1000d358","Global","Function","DEFAULT",false,true
"1000d390","FUN_1000d390","Global","Function","DEFAULT",false,true
"1000d3cd","FUN_1000d3cd","Global","Function","DEFAULT",false,true
"1000d40e","LAB_1000d40e","Global","Label","DEFAULT",false,true
"1000d424","FUN_1000d424","Global","Function","DEFAULT",false,true
"1000d434","LAB_1000d434","Global","Label","DEFAULT",false,true
"1000d435","FUN_1000d435","Global","Function","DEFAULT",false,true
"1000d440","FUN_1000d440","Global","Function","DEFAULT",false,true
"1000d467","LAB_1000d467","Global","Label","DEFAULT",false,true
"1000d484","LAB_1000d484","Global","Label","DEFAULT",false,true
"1000d4d9","LAB_1000d4d9","Global","Label","DEFAULT",false,true
"1000d4e3","LAB_1000d4e3","Global","Label","DEFAULT",false,true
"1000d4e8","FUN_1000d4e8","Global","Function","DEFAULT",false,true
"1000d512","FUN_1000d512","Global","Function","DEFAULT",false,true
"1000d5cf","FUN_1000d5cf","Global","Function","DEFAULT",false,true
"1000d5e7","FUN_1000d5e7","Global","Function","DEFAULT",false,true
"1000d5ff","FUN_1000d5ff","Global","Function","DEFAULT",false,true
"1000d61d","LAB_1000d61d","Global","Label","DEFAULT",false,true
"1000d61f","LAB_1000d61f","Global","Label","DEFAULT",false,true
"1000d65e","LAB_1000d65e","Global","Label","DEFAULT",false,true
"1000d665","LAB_1000d665","Global","Label","DEFAULT",false,true
"1000d66b","LAB_1000d66b","Global","Label","DEFAULT",false,true
"1000d66c","LAB_1000d66c","Global","Label","DEFAULT",false,true
"1000d672","FUN_1000d672","Global","Function","DEFAULT",false,true
"1000d68a","FUN_1000d68a","Global","Function","DEFAULT",false,true
"1000d6b7","FUN_1000d6b7","Global","Function","DEFAULT",false,true
"1000d76c","FUN_1000d76c","Global","Function","DEFAULT",false,true
"1000d77a","FUN_1000d77a","Global","Function","DEFAULT",false,true
"1000d7b6","FUN_1000d7b6","Global","Function","DEFAULT",false,true
"1000d7f2","LAB_1000d7f2","Global","Label","DEFAULT",false,true
"1000d7fe","LAB_1000d7fe","Global","Label","DEFAULT",false,true
"1000d804","LAB_1000d804","Global","Label","DEFAULT",false,true
"1000d812","LAB_1000d812","Global","Label","DEFAULT",false,true
"1000d834","LAB_1000d834","Global","Label","DEFAULT",false,true
"1000d87c","LAB_1000d87c","Global","Label","DEFAULT",false,true
"1000d886","LAB_1000d886","Global","Label","DEFAULT",false,true
"1000d8ae","LAB_1000d8ae","Global","Label","DEFAULT",false,true
"1000d8bf","LAB_1000d8bf","Global","Label","DEFAULT",false,true
"1000d8c4","LAB_1000d8c4","Global","Label","DEFAULT",false,true
"1000d8d8","LAB_1000d8d8","Global","Label","DEFAULT",false,true
"1000d925","LAB_1000d925","Global","Label","DEFAULT",false,true
"1000d92a","LAB_1000d92a","Global","Label","DEFAULT",false,true
"1000d930","LAB_1000d930","Global","Label","DEFAULT",false,true
"1000d93a","LAB_1000d93a","Global","Label","DEFAULT",false,true
"1000d960","LAB_1000d960","Global","Label","DEFAULT",false,true
"1000d96f","LAB_1000d96f","Global","Label","DEFAULT",false,true
"1000d983","Catch_All@1000d983","Global","Function","ANALYSIS",false,true
"1000d9af","DAT_1000d9af","Global","Label","DEFAULT",false,true
"1000d9ba","FUN_1000d9ba","Global","Function","DEFAULT",false,true
"1000d9bd","LAB_1000d9bd","Global","Label","DEFAULT",false,true
"1000d9e8","FUN_1000d9e8","Global","Function","DEFAULT",false,true
"1000da07","FUN_1000da07","Global","Function","DEFAULT",false,true
"1000da1d","FUN_1000da1d","Global","Function","DEFAULT",false,true
"1000da33","FUN_1000da33","Global","Function","DEFAULT",false,true
"1000da51","FUN_1000da51","Global","Function","DEFAULT",false,true
"1000da84","FUN_1000da84","Global","Function","DEFAULT",false,true
"1000da98","FUN_1000da98","Global","Function","DEFAULT",false,true
"1000daaf","FUN_1000daaf","Global","Function","DEFAULT",false,true
"1000dae2","LAB_1000dae2","Global","Label","DEFAULT",false,true
"1000db16","LAB_1000db16","Global","Label","DEFAULT",false,true
"1000db22","LAB_1000db22","Global","Label","DEFAULT",false,true
"1000db28","FUN_1000db28","Global","Function","DEFAULT",false,true
"1000db5b","LAB_1000db5b","Global","Label","DEFAULT",false,true
"1000db8f","LAB_1000db8f","Global","Label","DEFAULT",false,true
"1000db9b","LAB_1000db9b","Global","Label","DEFAULT",false,true
"1000dba1","FUN_1000dba1","Global","Function","DEFAULT",false,true
"1000dbb4","FUN_1000dbb4","Global","Function","DEFAULT",false,true
"1000dbe9","LAB_1000dbe9","Global","Label","DEFAULT",false,true
"1000dbee","LAB_1000dbee","Global","Label","DEFAULT",false,true
"1000dbf0","LAB_1000dbf0","Global","Label","DEFAULT",false,true
"1000dc05","LAB_1000dc05","Global","Label","DEFAULT",false,true
"1000dc25","LAB_1000dc25","Global","Label","DEFAULT",false,true
"1000dc27","LAB_1000dc27","Global","Label","DEFAULT",false,true
"1000dd2a","LAB_1000dd2a","Global","Label","DEFAULT",false,true
"1000dd4d","LAB_1000dd4d","Global","Label","DEFAULT",false,true
"1000dd7c","LAB_1000dd7c","Global","Label","DEFAULT",false,true
"1000dd7f","LAB_1000dd7f","Global","Label","DEFAULT",false,true
"1000dd93","LAB_1000dd93","Global","Label","DEFAULT",false,true
"1000dd9e","LAB_1000dd9e","Global","Label","DEFAULT",false,true
"1000dda0","LAB_1000dda0","Global","Label","DEFAULT",false,true
"1000ddfb","LAB_1000ddfb","Global","Label","DEFAULT",false,true
"1000de3e","LAB_1000de3e","Global","Label","DEFAULT",false,true
"1000de60","LAB_1000de60","Global","Label","DEFAULT",false,true
"1000ded5","FUN_1000ded5","Global","Function","DEFAULT",false,true
"1000df09","FUN_1000df09","Global","Function","DEFAULT",false,true
"1000df31","LAB_1000df31","Global","Label","DEFAULT",false,true
"1000df51","LAB_1000df51","Global","Label","DEFAULT",false,true
"1000df76","LAB_1000df76","Global","Label","DEFAULT",false,true
"1000df98","LAB_1000df98","Global","Label","DEFAULT",false,true
"1000df9b","LAB_1000df9b","Global","Label","DEFAULT",false,true
"1000dfa7","LAB_1000dfa7","Global","Label","DEFAULT",false,true
"1000dfad","FUN_1000dfad","Global","Function","DEFAULT",false,true
"1000e029","LAB_1000e029","Global","Label","DEFAULT",false,true
"1000e030","LAB_1000e030","Global","Label","DEFAULT",false,true
"1000e03e","LAB_1000e03e","Global","Label","DEFAULT",false,true
"1000e044","FUN_1000e044","Global","Function","DEFAULT",false,true
"1000e07f","LAB_1000e07f","Global","Label","DEFAULT",false,true
"1000e082","LAB_1000e082","Global","Label","DEFAULT",false,true
"1000e085","FUN_1000e085","Global","Function","DEFAULT",false,true
"1000e0b1","FUN_1000e0b1","Global","Function","DEFAULT",false,true
"1000e0f8","LAB_1000e0f8","Global","Label","DEFAULT",false,true
"1000e129","LAB_1000e129","Global","Label","DEFAULT",false,true
"1000e139","LAB_1000e139","Global","Label","DEFAULT",false,true
"1000e13f","FUN_1000e13f","Global","Function","DEFAULT",false,true
"1000e186","LAB_1000e186","Global","Label","DEFAULT",false,true
"1000e1b7","LAB_1000e1b7","Global","Label","DEFAULT",false,true
"1000e1c7","LAB_1000e1c7","Global","Label","DEFAULT",false,true
"1000e1cd","FUN_1000e1cd","Global","Function","DEFAULT",false,true
"1000e214","LAB_1000e214","Global","Label","DEFAULT",false,true
"1000e245","LAB_1000e245","Global","Label","DEFAULT",false,true
"1000e255","LAB_1000e255","Global","Label","DEFAULT",false,true
"1000e25b","FUN_1000e25b","Global","Function","DEFAULT",false,true
"1000e28e","FUN_1000e28e","Global","Function","DEFAULT",false,true
"1000e2be","FUN_1000e2be","Global","Function","DEFAULT",false,true
"1000e2f7","FUN_1000e2f7","Global","Function","DEFAULT",false,true
"1000e330","FUN_1000e330","Global","Function","DEFAULT",false,true
"1000e34a","FUN_1000e34a","Global","Function","DEFAULT",false,true
"1000e376","LAB_1000e376","Global","Label","DEFAULT",false,true
"1000e380","FUN_1000e380","Global","Function","DEFAULT",false,true
"1000ea01","thunk_FUN_1001043b","Global","Function","DEFAULT",false,true
"1000ea06","~ctype<>","Global","Function","ANALYSIS",false,true
"1000ea1e","LAB_1000ea1e","Global","Label","DEFAULT",false,true
"1000ea2f","FUN_1000ea2f","Global","Function","DEFAULT",false,true
"1000ea4e","LAB_1000ea4e","Global","Label","DEFAULT",false,true
"1000ea50","FUN_1000ea50","Global","Function","DEFAULT",false,true
"1000ea6f","LAB_1000ea6f","Global","Label","DEFAULT",false,true
"1000ea72","LAB_1000ea72","Global","Label","DEFAULT",false,true
"1000ea79","FUN_1000ea79","Global","Function","DEFAULT",false,true
"1000eb01","FUN_1000eb01","Global","Function","DEFAULT",false,true
"1000eb99","Catch_All@1000eb99","Global","Function","ANALYSIS",false,true
"1000ebc5","LAB_1000ebc5","Global","Label","DEFAULT",false,true
"1000ebcf","LAB_1000ebcf","Global","Label","DEFAULT",false,true
"1000ebd2","LAB_1000ebd2","Global","Label","DEFAULT",false,true
"1000ec04","FUN_1000ec04","Global","Function","DEFAULT",false,true
"1000ec4f","FUN_1000ec4f","Global","Function","DEFAULT",false,true
"1000ec6a","LAB_1000ec6a","Global","Label","DEFAULT",false,true
"1000ec71","FUN_1000ec71","Global","Function","DEFAULT",false,true
"1000ec98","LAB_1000ec98","Global","Label","DEFAULT",false,true
"1000ec9f","FUN_1000ec9f","Global","Function","DEFAULT",false,true
"1000ed5f","FUN_1000ed5f","Global","Function","DEFAULT",false,true
"1000ed71","FUN_1000ed71","Global","Function","DEFAULT",false,true
"1000ed8f","LAB_1000ed8f","Global","Label","DEFAULT",false,true
"1000eda5","LAB_1000eda5","Global","Label","DEFAULT",false,true
"1000edb2","LAB_1000edb2","Global","Label","DEFAULT",false,true
"1000edfa","LAB_1000edfa","Global","Label","DEFAULT",false,true
"1000ee55","LAB_1000ee55","Global","Label","DEFAULT",false,true
"1000ee83","LAB_1000ee83","Global","Label","DEFAULT",false,true
"1000ee86","LAB_1000ee86","Global","Label","DEFAULT",false,true
"1000ef01","LAB_1000ef01","Global","Label","DEFAULT",false,true
"1000ef14","LAB_1000ef14","Global","Label","DEFAULT",false,true
"1000ef25","LAB_1000ef25","Global","Label","DEFAULT",false,true
"1000ef2f","LAB_1000ef2f","Global","Label","DEFAULT",false,true
"1000ef37","LAB_1000ef37","Global","Label","DEFAULT",false,true
"1000ef3d","LAB_1000ef3d","Global","Label","DEFAULT",false,true
"1000ef43","LAB_1000ef43","Global","Label","DEFAULT",false,true
"1000f025","LAB_1000f025","Global","Label","DEFAULT",false,true
"1000f060","LAB_1000f060","Global","Label","DEFAULT",false,true
"1000f0d7","LAB_1000f0d7","Global","Label","DEFAULT",false,true
"1000f0e1","FUN_1000f0e1","Global","Function","DEFAULT",false,true
"1000f14d","LAB_1000f14d","Global","Label","DEFAULT",false,true
"1000f180","LAB_1000f180","Global","Label","DEFAULT",false,true
"1000f189","LAB_1000f189","Global","Label","DEFAULT",false,true
"1000f273","LAB_1000f273","Global","Label","DEFAULT",false,true
"1000f277","LAB_1000f277","Global","Label","DEFAULT",false,true
"1000f27a","FUN_1000f27a","Global","Function","DEFAULT",false,true
"1000f331","LAB_1000f331","Global","Label","DEFAULT",false,true
"1000f336","LAB_1000f336","Global","Label","DEFAULT",false,true
"1000f33a","FUN_1000f33a","Global","Function","DEFAULT",false,true
"1000f39d","LAB_1000f39d","Global","Label","DEFAULT",false,true
"1000f3a2","LAB_1000f3a2","Global","Label","DEFAULT",false,true
"1000f3a6","FUN_1000f3a6","Global","Function","DEFAULT",false,true
"1000f3f4","LAB_1000f3f4","Global","Label","DEFAULT",false,true
"1000f414","FUN_1000f414","Global","Function","DEFAULT",false,true
"1000f471","LAB_1000f471","Global","Label","DEFAULT",false,true
"1000f47d","LAB_1000f47d","Global","Label","DEFAULT",false,true
"1000f489","LAB_1000f489","Global","Label","DEFAULT",false,true
"1000f495","LAB_1000f495","Global","Label","DEFAULT",false,true
"1000f4a1","LAB_1000f4a1","Global","Label","DEFAULT",false,true
"1000f4bd","LAB_1000f4bd","Global","Label","DEFAULT",false,true
"1000f4c6","LAB_1000f4c6","Global","Label","DEFAULT",false,true
"1000f4cd","LAB_1000f4cd","Global","Label","DEFAULT",false,true
"1000f4f3","LAB_1000f4f3","Global","Label","DEFAULT",false,true
"1000f4ff","LAB_1000f4ff","Global","Label","DEFAULT",false,true
"1000f528","LAB_1000f528","Global","Label","DEFAULT",false,true
"1000f52f","LAB_1000f52f","Global","Label","DEFAULT",false,true
"1000f535","LAB_1000f535","Global","Label","DEFAULT",false,true
"1000f53e","LAB_1000f53e","Global","Label","DEFAULT",false,true
"1000f547","LAB_1000f547","Global","Label","DEFAULT",false,true
"1000f563","LAB_1000f563","Global","Label","DEFAULT",false,true
"1000f567","LAB_1000f567","Global","Label","DEFAULT",false,true
"1000f570","LAB_1000f570","Global","Label","DEFAULT",false,true
"1000f578","LAB_1000f578","Global","Label","DEFAULT",false,true
"1000f587","LAB_1000f587","Global","Label","DEFAULT",false,true
"1000f58d","LAB_1000f58d","Global","Label","DEFAULT",false,true
"1000f594","LAB_1000f594","Global","Label","DEFAULT",false,true
"1000f597","LAB_1000f597","Global","Label","DEFAULT",false,true
"1000f599","LAB_1000f599","Global","Label","DEFAULT",false,true
"1000f59c","LAB_1000f59c","Global","Label","DEFAULT",false,true
"1000f5d3","LAB_1000f5d3","Global","Label","DEFAULT",false,true
"1000f5d9","LAB_1000f5d9","Global","Label","DEFAULT",false,true
"1000f5e6","FUN_1000f5e6","Global","Function","DEFAULT",false,true
"1000f610","LAB_1000f610","Global","Label","DEFAULT",false,true
"1000f612","FUN_1000f612","Global","Function","DEFAULT",false,true
"1000f73d","FUN_1000f73d","Global","Function","DEFAULT",false,true
"1000f7fd","LAB_1000f7fd","Global","Label","DEFAULT",false,true
"1000f80e","FUN_1000f80e","Global","Function","DEFAULT",false,true
"1000f82b","LAB_1000f82b","Global","Label","DEFAULT",false,true
"1000f8d9","LAB_1000f8d9","Global","Label","DEFAULT",false,true
"1000f8e4","LAB_1000f8e4","Global","Label","DEFAULT",false,true
"1000f8f2","LAB_1000f8f2","Global","Label","DEFAULT",false,true
"1000f8fd","LAB_1000f8fd","Global","Label","DEFAULT",false,true
"1000f942","LAB_1000f942","Global","Label","DEFAULT",false,true
"1000f98a","LAB_1000f98a","Global","Label","DEFAULT",false,true
"1000fa87","LAB_1000fa87","Global","Label","DEFAULT",false,true
"1000fb02","LAB_1000fb02","Global","Label","DEFAULT",false,true
"1000fb7d","LAB_1000fb7d","Global","Label","DEFAULT",false,true
"1000fbf8","LAB_1000fbf8","Global","Label","DEFAULT",false,true
"1000fc73","LAB_1000fc73","Global","Label","DEFAULT",false,true
"1000fce4","LAB_1000fce4","Global","Label","DEFAULT",false,true
"1000fcef","LAB_1000fcef","Global","Label","DEFAULT",false,true
"1000fd06","LAB_1000fd06","Global","Label","DEFAULT",false,true
"1000fd20","LAB_1000fd20","Global","Label","DEFAULT",false,true
"1000fd2c","LAB_1000fd2c","Global","Label","DEFAULT",false,true
"1000fd39","LAB_1000fd39","Global","Label","DEFAULT",false,true
"1000fd3f","LAB_1000fd3f","Global","Label","DEFAULT",false,true
"1000fd50","FUN_1000fd50","Global","Function","DEFAULT",false,true
"1000fd7c","FUN_1000fd7c","Global","Function","DEFAULT",false,true
"1000fda7","LAB_1000fda7","Global","Label","DEFAULT",false,true
"1000fdaa","LAB_1000fdaa","Global","Label","DEFAULT",false,true
"1000fdad","FUN_1000fdad","Global","Function","DEFAULT",false,true
"1000fdfa","FUN_1000fdfa","Global","Function","DEFAULT",false,true
"1000fe37","FUN_1000fe37","Global","Function","DEFAULT",false,true
"1000fe90","LAB_1000fe90","Global","Label","DEFAULT",false,true
"1000fe92","LAB_1000fe92","Global","Label","DEFAULT",false,true
"1000fea1","LAB_1000fea1","Global","Label","DEFAULT",false,true
"1000feaa","FUN_1000feaa","Global","Function","DEFAULT",false,true
"1000fefb","LAB_1000fefb","Global","Label","DEFAULT",false,true
"1000fefd","LAB_1000fefd","Global","Label","DEFAULT",false,true
"1000ff0c","LAB_1000ff0c","Global","Label","DEFAULT",false,true
"1000ff15","FUN_1000ff15","Global","Function","DEFAULT",false,true
"1000ff6a","LAB_1000ff6a","Global","Label","DEFAULT",false,true
"1000ff79","LAB_1000ff79","Global","Label","DEFAULT",false,true
"1000ff82","Init","Global","Function","ANALYSIS",false,true
"1000ffbb","FUN_1000ffbb","Global","Function","DEFAULT",false,true
"10010007","LAB_10010007","Global","Label","DEFAULT",false,true
"10010066","LAB_10010066","Global","Label","DEFAULT",false,true
"10010076","LAB_10010076","Global","Label","DEFAULT",false,true
"10010082","FUN_10010082","Global","Function","DEFAULT",false,true
"100100b4","LAB_100100b4","Global","Label","DEFAULT",false,true
"100100b9","LAB_100100b9","Global","Label","DEFAULT",false,true
"100100bb","LAB_100100bb","Global","Label","DEFAULT",false,true
"100100e5","LAB_100100e5","Global","Label","DEFAULT",false,true
"100100e7","LAB_100100e7","Global","Label","DEFAULT",false,true
"100101b2","LAB_100101b2","Global","Label","DEFAULT",false,true
"100101e1","LAB_100101e1","Global","Label","DEFAULT",false,true
"100101e4","LAB_100101e4","Global","Label","DEFAULT",false,true
"100101f8","LAB_100101f8","Global","Label","DEFAULT",false,true
"10010203","LAB_10010203","Global","Label","DEFAULT",false,true
"10010205","LAB_10010205","Global","Label","DEFAULT",false,true
"10010260","LAB_10010260","Global","Label","DEFAULT",false,true
"100102a3","LAB_100102a3","Global","Label","DEFAULT",false,true
"100102c5","LAB_100102c5","Global","Label","DEFAULT",false,true
"1001033d","FUN_1001033d","Global","Function","DEFAULT",false,true
"10010366","LAB_10010366","Global","Label","DEFAULT",false,true
"1001037c","LAB_1001037c","Global","Label","DEFAULT",false,true
"10010389","LAB_10010389","Global","Label","DEFAULT",false,true
"10010397","LAB_10010397","Global","Label","DEFAULT",false,true
"100103a2","LAB_100103a2","Global","Label","DEFAULT",false,true
"100103a9","LAB_100103a9","Global","Label","DEFAULT",false,true
"100103af","FUN_100103af","Global","Function","DEFAULT",false,true
"100103be","LAB_100103be","Global","Label","DEFAULT",false,true
"100103d3","LAB_100103d3","Global","Label","DEFAULT",false,true
"100103e4","FUN_100103e4","Global","Function","DEFAULT",false,true
"100103ef","LAB_100103ef","Global","Label","DEFAULT",false,true
"100103ff","LAB_100103ff","Global","Label","DEFAULT",false,true
"10010410","FUN_10010410","Global","Function","DEFAULT",false,true
"1001043b","FUN_1001043b","Global","Function","DEFAULT",false,true
"10010457","LAB_10010457","Global","Label","DEFAULT",false,true
"1001046c","FUN_1001046c","Global","Function","DEFAULT",false,true
"10010486","LAB_10010486","Global","Label","DEFAULT",false,true
"1001048c","FUN_1001048c","Global","Function","DEFAULT",false,true
"100104a8","FUN_100104a8","Global","Function","DEFAULT",false,true
"100104ad","FUN_100104ad","Global","Function","DEFAULT",false,true
"100104c3","do_is","Global","Function","ANALYSIS",false,true
"100104df","do_is","Global","Function","ANALYSIS",false,true
"100104fb","FUN_100104fb","Global","Function","DEFAULT",false,true
"10010504","do_narrow","Global","Function","ANALYSIS",false,true
"10010517","LAB_10010517","Global","Label","DEFAULT",false,true
"10010531","LAB_10010531","Global","Label","DEFAULT",false,true
"10010539","do_put","Global","Function","ANALYSIS",false,true
"100105a4","do_put","Global","Function","ANALYSIS",false,true
"1001060f","FUN_1001060f","Global","Function","DEFAULT",false,true
"10010657","LAB_10010657","Global","Label","DEFAULT",false,true
"1001065d","LAB_1001065d","Global","Label","DEFAULT",false,true
"100106d1","LAB_100106d1","Global","Label","DEFAULT",false,true
"100106d4","LAB_100106d4","Global","Label","DEFAULT",false,true
"10010796","LAB_10010796","Global","Label","DEFAULT",false,true
"1001079f","LAB_1001079f","Global","Label","DEFAULT",false,true
"100107a9","FUN_100107a9","Global","Function","DEFAULT",false,true
"100107f1","LAB_100107f1","Global","Label","DEFAULT",false,true
"100107f7","LAB_100107f7","Global","Label","DEFAULT",false,true
"1001086b","LAB_1001086b","Global","Label","DEFAULT",false,true
"1001086e","LAB_1001086e","Global","Label","DEFAULT",false,true
"10010930","LAB_10010930","Global","Label","DEFAULT",false,true
"10010939","LAB_10010939","Global","Label","DEFAULT",false,true
"10010943","do_put","Global","Function","ANALYSIS",false,true
"1001099e","do_put","Global","Function","ANALYSIS",false,true
"10010a0c","do_put","Global","Function","ANALYSIS",false,true
"10010a7a","FUN_10010a7a","Global","Function","DEFAULT",false,true
"10010ac0","LAB_10010ac0","Global","Label","DEFAULT",false,true
"10010b1e","LAB_10010b1e","Global","Label","DEFAULT",false,true
"10010b21","LAB_10010b21","Global","Label","DEFAULT",false,true
"10010b4c","LAB_10010b4c","Global","Label","DEFAULT",false,true
"10010b57","LAB_10010b57","Global","Label","DEFAULT",false,true
"10010b59","LAB_10010b59","Global","Label","DEFAULT",false,true
"10010b92","LAB_10010b92","Global","Label","DEFAULT",false,true
"10010b98","LAB_10010b98","Global","Label","DEFAULT",false,true
"10010bec","LAB_10010bec","Global","Label","DEFAULT",false,true
"10010bf4","FUN_10010bf4","Global","Function","DEFAULT",false,true
"10010c00","LAB_10010c00","Global","Label","DEFAULT",false,true
"10010c17","LAB_10010c17","Global","Label","DEFAULT",false,true
"10010c1c","LAB_10010c1c","Global","Label","DEFAULT",false,true
"10010c24","FUN_10010c24","Global","Function","DEFAULT",false,true
"10010c30","LAB_10010c30","Global","Label","DEFAULT",false,true
"10010c47","LAB_10010c47","Global","Label","DEFAULT",false,true
"10010c4c","LAB_10010c4c","Global","Label","DEFAULT",false,true
"10010c54","FUN_10010c54","Global","Function","DEFAULT",false,true
"10010c59","do_tolower","Global","Function","ANALYSIS",false,true
"10010c69","LAB_10010c69","Global","Label","DEFAULT",false,true
"10010c81","LAB_10010c81","Global","Label","DEFAULT",false,true
"10010c88","do_tolower","Global","Function","ANALYSIS",false,true
"10010c9d","do_toupper","Global","Function","ANALYSIS",false,true
"10010cad","LAB_10010cad","Global","Label","DEFAULT",false,true
"10010cc5","LAB_10010cc5","Global","Label","DEFAULT",false,true
"10010ccc","do_toupper","Global","Function","ANALYSIS",false,true
"10010ce1","FUN_10010ce1","Global","Function","DEFAULT",false,true
"10010cf7","do_widen","Global","Function","ANALYSIS",false,true
"10010d0a","LAB_10010d0a","Global","Label","DEFAULT",false,true
"10010d22","LAB_10010d22","Global","Label","DEFAULT",false,true
"10010d2a","FUN_10010d2a","Global","Function","DEFAULT",false,true
"10010d33","FUN_10010d33","Global","Function","DEFAULT",false,true
"10010d62","LAB_10010d62","Global","Label","DEFAULT",false,true
"10010d84","LAB_10010d84","Global","Label","DEFAULT",false,true
"10010d94","LAB_10010d94","Global","Label","DEFAULT",false,true
"10010d9b","LAB_10010d9b","Global","Label","DEFAULT",false,true
"10010da1","FUN_10010da1","Global","Function","DEFAULT",false,true
"10010dcc","LAB_10010dcc","Global","Label","DEFAULT",false,true
"10010df8","Catch_All@10010df8","Global","Function","ANALYSIS",false,true
"10010e24","DAT_10010e24","Global","Label","DEFAULT",false,true
"10010e2e","FUN_10010e2e","Global","Function","DEFAULT",false,true
"10010e31","LAB_10010e31","Global","Label","DEFAULT",false,true
"10010e5e","FUN_10010e5e","Global","Function","DEFAULT",false,true
"10010e82","LAB_10010e82","Global","Label","DEFAULT",false,true
"10010e83","LAB_10010e83","Global","Label","DEFAULT",false,true
"10010e87","LAB_10010e87","Global","Label","DEFAULT",false,true
"10010ead","FUN_10010ead","Global","Function","DEFAULT",false,true
"10010ed4","LAB_10010ed4","Global","Label","DEFAULT",false,true
"10010edc","LAB_10010edc","Global","Label","DEFAULT",false,true
"10010ee3","FUN_10010ee3","Global","Function","DEFAULT",false,true
"10010f30","_wmemset","Global","Function","ANALYSIS",false,true
"10010f55","LAB_10010f55","Global","Label","DEFAULT",false,true
"10010f5a","LAB_10010f5a","Global","Label","DEFAULT",false,true
"10010f64","LAB_10010f64","Global","Label","DEFAULT",false,true
"10010f6e","LAB_10010f6e","Global","Label","DEFAULT",false,true
"10010f78","LAB_10010f78","Global","Label","DEFAULT",false,true
"10010f82","FUN_10010f82","Global","Function","DEFAULT",false,true
"10011125","FUN_10011125","Global","Function","DEFAULT",false,true
"100112da","FUN_100112da","Global","Function","DEFAULT",false,true
"100114d4","FUN_100114d4","Global","Function","DEFAULT",false,true
"1001156a","FUN_1001156a","Global","Function","DEFAULT",false,true
"10011600","FUN_10011600","Global","Function","DEFAULT",false,true
"100116be","FUN_100116be","Global","Function","DEFAULT",false,true
"10011766","LAB_10011766","Global","Label","DEFAULT",false,true
"1001178d","LAB_1001178d","Global","Label","DEFAULT",false,true
"100117ad","LAB_100117ad","Global","Label","DEFAULT",false,true
"100117cb","FUN_100117cb","Global","Function","DEFAULT",false,true
"10011835","LAB_10011835","Global","Label","DEFAULT",false,true
"1001184c","LAB_1001184c","Global","Label","DEFAULT",false,true
"1001187f","LAB_1001187f","Global","Label","DEFAULT",false,true
"10011885","thunk_FUN_1000a680","Global","Function","DEFAULT",false,true
"1001188a","FUN_1001188a","Global","Function","DEFAULT",false,true
"100118a1","LAB_100118a1","Global","Label","DEFAULT",false,true
"100118a2","FUN_100118a2","Global","Function","DEFAULT",false,true
"100118d5","LAB_100118d5","Global","Label","DEFAULT",false,true
"100118de","LAB_100118de","Global","Label","DEFAULT",false,true
"100118f6","LAB_100118f6","Global","Label","DEFAULT",false,true
"100118fd","LAB_100118fd","Global","Label","DEFAULT",false,true
"10011903","LAB_10011903","Global","Label","DEFAULT",false,true
"10011905","LAB_10011905","Global","Label","DEFAULT",false,true
"10011914","FUN_10011914","Global","Function","DEFAULT",false,true
"10011931","LAB_10011931","Global","Label","DEFAULT",false,true
"1001194d","FUN_1001194d","Global","Function","DEFAULT",false,true
"10011989","LAB_10011989","Global","Label","DEFAULT",false,true
"1001199b","LAB_1001199b","Global","Label","DEFAULT",false,true
"100119b2","LAB_100119b2","Global","Label","DEFAULT",false,true
"100119d0","LAB_100119d0","Global","Label","DEFAULT",false,true
"100119d6","LAB_100119d6","Global","Label","DEFAULT",false,true
"100119e2","LAB_100119e2","Global","Label","DEFAULT",false,true
"100119ef","LAB_100119ef","Global","Label","DEFAULT",false,true
"100119f7","FUN_100119f7","Global","Function","DEFAULT",false,true
"100119ff","FUN_100119ff","Global","Function","DEFAULT",false,true
"10011a14","LAB_10011a14","Global","Label","DEFAULT",false,true
"10011a42","FUN_10011a42","Global","Function","DEFAULT",false,true
"10011a54","LAB_10011a54","Global","Label","DEFAULT",false,true
"10011a6e","FUN_10011a6e","Global","Function","DEFAULT",false,true
"10011a88","LAB_10011a88","Global","Label","DEFAULT",false,true
"10011aa3","LAB_10011aa3","Global","Label","DEFAULT",false,true
"10011aa9","FUN_10011aa9","Global","Function","DEFAULT",false,true
"10011ab9","LAB_10011ab9","Global","Label","DEFAULT",false,true
"10011ac2","LAB_10011ac2","Global","Label","DEFAULT",false,true
"10011ae6","LAB_10011ae6","Global","Label","DEFAULT",false,true
"10011ae9","FUN_10011ae9","Global","Function","DEFAULT",false,true
"10011b19","LAB_10011b19","Global","Label","DEFAULT",false,true
"10011b4b","LAB_10011b4b","Global","Label","DEFAULT",false,true
"10011b51","LAB_10011b51","Global","Label","DEFAULT",false,true
"10011b57","FUN_10011b57","Global","Function","DEFAULT",false,true
"10011b81","FUN_10011b81","Global","Function","DEFAULT",false,true
"10011bab","FUN_10011bab","Global","Function","DEFAULT",false,true
"10011bcb","FUN_10011bcb","Global","Function","DEFAULT",false,true
"10011c37","LAB_10011c37","Global","Label","DEFAULT",false,true
"10011c50","LAB_10011c50","Global","Label","DEFAULT",false,true
"10011c58","LAB_10011c58","Global","Label","DEFAULT",false,true
"10011c60","FUN_10011c60","Global","Function","DEFAULT",false,true
"10011c66","FUN_10011c66","Global","Function","DEFAULT",false,true
"10011cb4","FUN_10011cb4","Global","Function","DEFAULT",false,true
"10011cf5","LAB_10011cf5","Global","Label","DEFAULT",false,true
"10011d0b","FUN_10011d0b","Global","Function","DEFAULT",false,true
"10011d76","LAB_10011d76","Global","Label","DEFAULT",false,true
"10011d81","LAB_10011d81","Global","Label","DEFAULT",false,true
"10011d87","FUN_10011d87","Global","Function","DEFAULT",false,true
"10011e00","LAB_10011e00","Global","Label","DEFAULT",false,true
"10011e07","LAB_10011e07","Global","Label","DEFAULT",false,true
"10011e15","LAB_10011e15","Global","Label","DEFAULT",false,true
"10011e1b","FUN_10011e1b","Global","Function","DEFAULT",false,true
"10011e94","LAB_10011e94","Global","Label","DEFAULT",false,true
"10011e9b","LAB_10011e9b","Global","Label","DEFAULT",false,true
"10011ea9","LAB_10011ea9","Global","Label","DEFAULT",false,true
"10011eaf","FUN_10011eaf","Global","Function","DEFAULT",false,true
"10011f25","LAB_10011f25","Global","Label","DEFAULT",false,true
"10011f2c","LAB_10011f2c","Global","Label","DEFAULT",false,true
"10011f3a","LAB_10011f3a","Global","Label","DEFAULT",false,true
"10011f40","FUN_10011f40","Global","Function","DEFAULT",false,true
"10011fad","LAB_10011fad","Global","Label","DEFAULT",false,true
"10011fb7","LAB_10011fb7","Global","Label","DEFAULT",false,true
"10011fc5","LAB_10011fc5","Global","Label","DEFAULT",false,true
"10011fcb","FUN_10011fcb","Global","Function","DEFAULT",false,true
"1001203e","LAB_1001203e","Global","Label","DEFAULT",false,true
"10012048","LAB_10012048","Global","Label","DEFAULT",false,true
"10012056","LAB_10012056","Global","Label","DEFAULT",false,true
"1001205c","FUN_1001205c","Global","Function","DEFAULT",false,true
"100120a0","LAB_100120a0","Global","Label","DEFAULT",false,true
"100120aa","FUN_100120aa","Global","Function","DEFAULT",false,true
"100120b9","LAB_100120b9","Global","Label","DEFAULT",false,true
"100120c8","FUN_100120c8","Global","Function","DEFAULT",false,true
"100120d9","LAB_100120d9","Global","Label","DEFAULT",false,true
"100120e3","FUN_100120e3","Global","Function","DEFAULT",false,true
"10012110","LAB_10012110","Global","Label","DEFAULT",false,true
"10012114","LAB_10012114","Global","Label","DEFAULT",false,true
"10012117","FUN_10012117","Global","Function","DEFAULT",false,true
"10012120","LAB_10012120","Global","Label","DEFAULT",false,true
"10012131","LAB_10012131","Global","Label","DEFAULT",false,true
"10012136","LAB_10012136","Global","Label","DEFAULT",false,true
"1001213b","FUN_1001213b","Global","Function","DEFAULT",false,true
"10012154","LAB_10012154","Global","Label","DEFAULT",false,true
"10012156","LAB_10012156","Global","Label","DEFAULT",false,true
"1001215d","FUN_1001215d","Global","Function","DEFAULT",false,true
"1001217c","LAB_1001217c","Global","Label","DEFAULT",false,true
"1001217f","LAB_1001217f","Global","Label","DEFAULT",false,true
"10012189","LAB_10012189","Global","Label","DEFAULT",false,true
"1001219e","LAB_1001219e","Global","Label","DEFAULT",false,true
"100121aa","FUN_100121aa","Global","Function","DEFAULT",false,true
"100121dd","LAB_100121dd","Global","Label","DEFAULT",false,true
"1001224a","LAB_1001224a","Global","Label","DEFAULT",false,true
"10012254","FUN_10012254","Global","Function","DEFAULT",false,true
"10012287","LAB_10012287","Global","Label","DEFAULT",false,true
"100122c4","FUN_100122c4","Global","Function","DEFAULT",false,true
"10012316","LAB_10012316","Global","Label","DEFAULT",false,true
"1001234b","FUN_1001234b","Global","Function","DEFAULT",false,true
"10012376","LAB_10012376","Global","Label","DEFAULT",false,true
"10012387","FUN_10012387","Global","Function","DEFAULT",false,true
"10012404","FUN_10012404","Global","Function","DEFAULT",false,true
"10012483","LAB_10012483","Global","Label","DEFAULT",false,true
"100124ad","FUN_100124ad","Global","Function","DEFAULT",false,true
"100124d6","LAB_100124d6","Global","Label","DEFAULT",false,true
"100124d8","LAB_100124d8","Global","Label","DEFAULT",false,true
"100124de","??1?$basic_ofstream@DU?$char_traits@D@std@@@std@@UAE@XZ","Global","Label","ANALYSIS",false,false
"100124de","~basic_ofstream<char,std::char_traits<char>_>","std::basic_ofstream<char,std::char_traits<char>_>","Function","ANALYSIS",false,true
"10012521","FUN_10012521","Global","Function","DEFAULT",false,true
"10012531","LAB_10012531","Global","Label","DEFAULT",false,true
"10012532","FUN_10012532","Global","Function","DEFAULT",false,true
"1001253a","FUN_1001253a","Global","Function","DEFAULT",false,true
"10012567","FUN_10012567","Global","Function","DEFAULT",false,true
"1001257f","LAB_1001257f","Global","Label","DEFAULT",false,true
"10012585","FUN_10012585","Global","Function","DEFAULT",false,true
"100125c3","LAB_100125c3","Global","Label","DEFAULT",false,true
"100125c4","LAB_100125c4","Global","Label","DEFAULT",false,true
"100125c6","FUN_100125c6","Global","Function","DEFAULT",false,true
"100125de","LAB_100125de","Global","Label","DEFAULT",false,true
"100125e7","LAB_100125e7","Global","Label","DEFAULT",false,true
"100125ee","FUN_100125ee","Global","Function","DEFAULT",false,true
"10012613","LAB_10012613","Global","Label","DEFAULT",false,true
"10012652","LAB_10012652","Global","Label","DEFAULT",false,true
"10012662","LAB_10012662","Global","Label","DEFAULT",false,true
"10012664","LAB_10012664","Global","Label","DEFAULT",false,true
"100126b6","LAB_100126b6","Global","Label","DEFAULT",false,true
"100126ba","LAB_100126ba","Global","Label","DEFAULT",false,true
"100126ce","LAB_100126ce","Global","Label","DEFAULT",false,true
"100126ec","LAB_100126ec","Global","Label","DEFAULT",false,true
"100126f5","FUN_100126f5","Global","Function","DEFAULT",false,true
"1001276f","LAB_1001276f","Global","Label","DEFAULT",false,true
"10012785","LAB_10012785","Global","Label","DEFAULT",false,true
"1001278d","LAB_1001278d","Global","Label","DEFAULT",false,true
"1001278e","LAB_1001278e","Global","Label","DEFAULT",false,true
"1001282a","LAB_1001282a","Global","Label","DEFAULT",false,true
"1001288d","FUN_1001288d","Global","Function","DEFAULT",false,true
"100128c6","FUN_100128c6","Global","Function","DEFAULT",false,true
"100128ff","FUN_100128ff","Global","Function","DEFAULT",false,true
"1001292c","FUN_1001292c","Global","Function","DEFAULT",false,true
"1001295c","LAB_1001295c","Global","Label","DEFAULT",false,true
"10012977","?is_slash@@YA_N_W@Z","Global","Label","ANALYSIS",false,false
"10012977","is_slash","Global","Function","ANALYSIS",false,true
"1001298c","LAB_1001298c","Global","Label","DEFAULT",false,true
"10012990","FUN_10012990","Global","Function","DEFAULT",false,true
"100129bd","LAB_100129bd","Global","Label","DEFAULT",false,true
"100129d6","LAB_100129d6","Global","Label","DEFAULT",false,true
"10012a22","LAB_10012a22","Global","Label","DEFAULT",false,true
"10012a46","LAB_10012a46","Global","Label","DEFAULT",false,true
"10012a5a","LAB_10012a5a","Global","Label","DEFAULT",false,true
"10012a69","LAB_10012a69","Global","Label","DEFAULT",false,true
"10012a72","LAB_10012a72","Global","Label","DEFAULT",false,true
"10012a84","LAB_10012a84","Global","Label","DEFAULT",false,true
"10012a8c","LAB_10012a8c","Global","Label","DEFAULT",false,true
"10012a95","FUN_10012a95","Global","Function","DEFAULT",false,true
"10012aa8","FUN_10012aa8","Global","Function","DEFAULT",false,true
"10012ad1","LAB_10012ad1","Global","Label","DEFAULT",false,true
"10012ad9","??_GCDataSourceControl@@UAEPAXI@Z","Global","Label","ANALYSIS",false,false
"10012ad9","`scalar_deleting_destructor'","CDataSourceControl","Function","ANALYSIS",false,true
"10012af4","LAB_10012af4","Global","Label","DEFAULT",false,true
"10012afb","FUN_10012afb","Global","Function","DEFAULT",false,true
"10012b16","LAB_10012b16","Global","Label","DEFAULT",false,true
"10012b29","LAB_10012b29","Global","Label","DEFAULT",false,true
"10012b3f","LAB_10012b3f","Global","Label","DEFAULT",false,true
"10012b55","LAB_10012b55","Global","Label","DEFAULT",false,true
"10012b64","FUN_10012b64","Global","Function","DEFAULT",false,true
"10012bb9","LAB_10012bb9","Global","Label","DEFAULT",false,true
"10012bcf","LAB_10012bcf","Global","Label","DEFAULT",false,true
"10012bd7","LAB_10012bd7","Global","Label","DEFAULT",false,true
"10012bd8","LAB_10012bd8","Global","Label","DEFAULT",false,true
"10012c20","FUN_10012c20","Global","Function","DEFAULT",false,true
"10012ecd","LAB_10012ecd","Global","Label","DEFAULT",false,true
"10012ed5","LAB_10012ed5","Global","Label","DEFAULT",false,true
"10012ee5","LAB_10012ee5","Global","Label","DEFAULT",false,true
"10012ee9","LAB_10012ee9","Global","Label","DEFAULT",false,true
"10012ef0","LAB_10012ef0","Global","Label","DEFAULT",false,true
"10012ef6","LAB_10012ef6","Global","Label","DEFAULT",false,true
"10012ef8","LAB_10012ef8","Global","Label","DEFAULT",false,true
"10012efd","LAB_10012efd","Global","Label","DEFAULT",false,true
"10012f03","FUN_10012f03","Global","Function","DEFAULT",false,true
"10012f18","FUN_10012f18","Global","Function","DEFAULT",false,true
"10012f2d","FUN_10012f2d","Global","Function","DEFAULT",false,true
"10012f58","LAB_10012f58","Global","Label","DEFAULT",false,true
"10012f5a","LAB_10012f5a","Global","Label","DEFAULT",false,true
"10012f5c","FUN_10012f5c","Global","Function","DEFAULT",false,true
"10012f79","LAB_10012f79","Global","Label","DEFAULT",false,true
"10012f7e","FUN_10012f7e","Global","Function","DEFAULT",false,true
"10012f8c","LAB_10012f8c","Global","Label","DEFAULT",false,true
"10012f95","FUN_10012f95","Global","Function","DEFAULT",false,true
"10012ff4","LAB_10012ff4","Global","Label","DEFAULT",false,true
"1001300d","LAB_1001300d","Global","Label","DEFAULT",false,true
"10013015","LAB_10013015","Global","Label","DEFAULT",false,true
"1001301d","FUN_1001301d","Global","Function","DEFAULT",false,true
"1001304d","LAB_1001304d","Global","Label","DEFAULT",false,true
"10013087","LAB_10013087","Global","Label","DEFAULT",false,true
"100130b3","LAB_100130b3","Global","Label","DEFAULT",false,true
"100130c2","LAB_100130c2","Global","Label","DEFAULT",false,true
"100130cd","LAB_100130cd","Global","Label","DEFAULT",false,true
"10013102","LAB_10013102","Global","Label","DEFAULT",false,true
"10013104","LAB_10013104","Global","Label","DEFAULT",false,true
"10013109","FUN_10013109","Global","Function","DEFAULT",false,true
"10013135","LAB_10013135","Global","Label","DEFAULT",false,true
"10013162","FUN_10013162","Global","Function","DEFAULT",false,true
"10013184","LAB_10013184","Global","Label","DEFAULT",false,true
"10013188","FUN_10013188","Global","Function","DEFAULT",false,true
"100131b0","FUN_100131b0","Global","Function","DEFAULT",false,true
"100131c2","LAB_100131c2","Global","Label","DEFAULT",false,true
"100131c7","LAB_100131c7","Global","Label","DEFAULT",false,true
"100131dd","LAB_100131dd","Global","Label","DEFAULT",false,true
"10013201","LAB_10013201","Global","Label","DEFAULT",false,true
"1001321c","LAB_1001321c","Global","Label","DEFAULT",false,true
"10013231","LAB_10013231","Global","Label","DEFAULT",false,true
"10013238","LAB_10013238","Global","Label","DEFAULT",false,true
"1001323f","LAB_1001323f","Global","Label","DEFAULT",false,true
"10013245","FUN_10013245","Global","Function","DEFAULT",false,true
"1001325e","FUN_1001325e","Global","Function","DEFAULT",false,true
"100132a7","LAB_100132a7","Global","Label","DEFAULT",false,true
"100132d0","LAB_100132d0","Global","Label","DEFAULT",false,true
"10013361","LAB_10013361","Global","Label","DEFAULT",false,true
"10013382","FUN_10013382","Global","Function","DEFAULT",false,true
"100133bc","LAB_100133bc","Global","Label","DEFAULT",false,true
"100133bf","LAB_100133bf","Global","Label","DEFAULT",false,true
"100133cc","LAB_100133cc","Global","Label","DEFAULT",false,true
"100133d7","LAB_100133d7","Global","Label","DEFAULT",false,true
"10013403","LAB_10013403","Global","Label","DEFAULT",false,true
"10013406","LAB_10013406","Global","Label","DEFAULT",false,true
"1001340d","FUN_1001340d","Global","Function","DEFAULT",false,true
"1001344a","LAB_1001344a","Global","Label","DEFAULT",false,true
"1001345f","LAB_1001345f","Global","Label","DEFAULT",false,true
"100134ab","LAB_100134ab","Global","Label","DEFAULT",false,true
"100134c0","LAB_100134c0","Global","Label","DEFAULT",false,true
"100134f2","LAB_100134f2","Global","Label","DEFAULT",false,true
"100134fd","LAB_100134fd","Global","Label","DEFAULT",false,true
"10013512","FUN_10013512","Global","Function","DEFAULT",false,true
"10013542","LAB_10013542","Global","Label","DEFAULT",false,true
"10013548","FUN_10013548","Global","Function","DEFAULT",false,true
"100135b8","FUN_100135b8","Global","Function","DEFAULT",false,true
"100135e8","FUN_100135e8","Global","Function","DEFAULT",false,true
"10013622","LAB_10013622","Global","Label","DEFAULT",false,true
"10013635","FUN_10013635","Global","Function","DEFAULT",false,true
"1001365c","LAB_1001365c","Global","Label","DEFAULT",false,true
"10013678","LAB_10013678","Global","Label","DEFAULT",false,true
"10013687","LAB_10013687","Global","Label","DEFAULT",false,true
"1001368c","FUN_1001368c","Global","Function","DEFAULT",false,true
"100136b3","LAB_100136b3","Global","Label","DEFAULT",false,true
"100136cf","LAB_100136cf","Global","Label","DEFAULT",false,true
"100136de","LAB_100136de","Global","Label","DEFAULT",false,true
"100136e3","FUN_100136e3","Global","Function","DEFAULT",false,true
"100136fd","LAB_100136fd","Global","Label","DEFAULT",false,true
"10013718","LAB_10013718","Global","Label","DEFAULT",false,true
"10013724","LAB_10013724","Global","Label","DEFAULT",false,true
"1001372a","FUN_1001372a","Global","Function","DEFAULT",false,true
"1001373b","LAB_1001373b","Global","Label","DEFAULT",false,true
"10013748","LAB_10013748","Global","Label","DEFAULT",false,true
"10013755","FUN_10013755","Global","Function","DEFAULT",false,true
"10013787","LAB_10013787","Global","Label","DEFAULT",false,true
"1001379b","LAB_1001379b","Global","Label","DEFAULT",false,true
"1001379d","LAB_1001379d","Global","Label","DEFAULT",false,true
"100137a2","LAB_100137a2","Global","Label","DEFAULT",false,true
"100137bd","FUN_100137bd","Global","Function","DEFAULT",false,true
"100137dd","LAB_100137dd","Global","Label","DEFAULT",false,true
"100137e5","FUN_100137e5","Global","Function","DEFAULT",false,true
"100137fd","LAB_100137fd","Global","Label","DEFAULT",false,true
"1001380b","LAB_1001380b","Global","Label","DEFAULT",false,true
"10013811","FUN_10013811","Global","Function","DEFAULT",false,true
"1001381e","LAB_1001381e","Global","Label","DEFAULT",false,true
"1001384e","LAB_1001384e","Global","Label","DEFAULT",false,true
"10013852","LAB_10013852","Global","Label","DEFAULT",false,true
"10013860","LAB_10013860","Global","Label","DEFAULT",false,true
"10013864","FUN_10013864","Global","Function","DEFAULT",false,true
"10013881","LAB_10013881","Global","Label","DEFAULT",false,true
"10013897","LAB_10013897","Global","Label","DEFAULT",false,true
"1001389f","LAB_1001389f","Global","Label","DEFAULT",false,true
"100138a1","LAB_100138a1","Global","Label","DEFAULT",false,true
"100138a7","FUN_100138a7","Global","Function","DEFAULT",false,true
"100138e0","LAB_100138e0","Global","Label","DEFAULT",false,true
"100138e7","LAB_100138e7","Global","Label","DEFAULT",false,true
"10013902","FUN_10013902","Global","Function","DEFAULT",false,true
"10013908","FUN_10013908","Global","Function","DEFAULT",false,true
"1001396e","LAB_1001396e","Global","Label","DEFAULT",false,true
"10013970","LAB_10013970","Global","Label","DEFAULT",false,true
"10013978","FUN_10013978","Global","Function","DEFAULT",false,true
"10013991","LAB_10013991","Global","Label","DEFAULT",false,true
"100139a2","LAB_100139a2","Global","Label","DEFAULT",false,true
"100139af","LAB_100139af","Global","Label","DEFAULT",false,true
"100139b3","FUN_100139b3","Global","Function","DEFAULT",false,true
"100139c5","LAB_100139c5","Global","Label","DEFAULT",false,true
"100139c8","FUN_100139c8","Global","Function","DEFAULT",false,true
"100139e9","LAB_100139e9","Global","Label","DEFAULT",false,true
"100139ee","FUN_100139ee","Global","Function","DEFAULT",false,true
"10013a04","LAB_10013a04","Global","Label","DEFAULT",false,true
"10013a0c","LAB_10013a0c","Global","Label","DEFAULT",false,true
"10013a18","LAB_10013a18","Global","Label","DEFAULT",false,true
"10013a1c","FUN_10013a1c","Global","Function","DEFAULT",false,true
"10013a52","LAB_10013a52","Global","Label","DEFAULT",false,true
"10013a5f","LAB_10013a5f","Global","Label","DEFAULT",false,true
"10013a70","FUN_10013a70","Global","Function","DEFAULT",false,true
"10013b39","LAB_10013b39","Global","Label","DEFAULT",false,true
"10013b58","LAB_10013b58","Global","Label","DEFAULT",false,true
"10013b63","LAB_10013b63","Global","Label","DEFAULT",false,true
"10013b66","LAB_10013b66","Global","Label","DEFAULT",false,true
"10013bcf","LAB_10013bcf","Global","Label","DEFAULT",false,true
"10013be9","LAB_10013be9","Global","Label","DEFAULT",false,true
"10013bf4","LAB_10013bf4","Global","Label","DEFAULT",false,true
"10013bf7","LAB_10013bf7","Global","Label","DEFAULT",false,true
"10013c41","LAB_10013c41","Global","Label","DEFAULT",false,true
"10013c47","FUN_10013c47","Global","Function","DEFAULT",false,true
"10013c75","FUN_10013c75","Global","Function","DEFAULT",false,true
"10013c95","LAB_10013c95","Global","Label","DEFAULT",false,true
"10013c9b","FUN_10013c9b","Global","Function","DEFAULT",false,true
"10013cbb","LAB_10013cbb","Global","Label","DEFAULT",false,true
"10013cbf","FUN_10013cbf","Global","Function","DEFAULT",false,true
"10013d47","LAB_10013d47","Global","Label","DEFAULT",false,true
"10013d4d","FUN_10013d4d","Global","Function","DEFAULT",false,true
"10013d58","LAB_10013d58","Global","Label","DEFAULT",false,true
"10013d59","FUN_10013d59","Global","Function","DEFAULT",false,true
"10013d6e","LAB_10013d6e","Global","Label","DEFAULT",false,true
"10013d84","LAB_10013d84","Global","Label","DEFAULT",false,true
"10013d86","LAB_10013d86","Global","Label","DEFAULT",false,true
"10013d8b","LAB_10013d8b","Global","Label","DEFAULT",false,true
"10013d96","FUN_10013d96","Global","Function","DEFAULT",false,true
"10013dcc","FUN_10013dcc","Global","Function","DEFAULT",false,true
"10013dfb","FUN_10013dfb","Global","Function","DEFAULT",false,true
"10013e2e","FUN_10013e2e","Global","Function","DEFAULT",false,true
"10013e6f","LAB_10013e6f","Global","Label","DEFAULT",false,true
"10013e85","FUN_10013e85","Global","Function","DEFAULT",false,true
"10013ec6","LAB_10013ec6","Global","Label","DEFAULT",false,true
"10013edc","FUN_10013edc","Global","Function","DEFAULT",false,true
"10013f1d","LAB_10013f1d","Global","Label","DEFAULT",false,true
"10013f33","FUN_10013f33","Global","Function","DEFAULT",false,true
"10013fb6","LAB_10013fb6","Global","Label","DEFAULT",false,true
"10013fc3","LAB_10013fc3","Global","Label","DEFAULT",false,true
"10013fca","FUN_10013fca","Global","Function","DEFAULT",false,true
"10013fe6","FUN_10013fe6","Global","Function","DEFAULT",false,true
"10014005","FUN_10014005","Global","Function","DEFAULT",false,true
"10014212","LAB_10014212","Global","Label","DEFAULT",false,true
"10014215","FUN_10014215","Global","Function","DEFAULT",false,true
"10014228","LAB_10014228","Global","Label","DEFAULT",false,true
"1001423f","LAB_1001423f","Global","Label","DEFAULT",false,true
"10014255","LAB_10014255","Global","Label","DEFAULT",false,true
"100142e6","FUN_100142e6","Global","Function","DEFAULT",false,true
"100142f9","LAB_100142f9","Global","Label","DEFAULT",false,true
"10014307","LAB_10014307","Global","Label","DEFAULT",false,true
"1001431d","LAB_1001431d","Global","Label","DEFAULT",false,true
"100143b1","LAB_100143b1","Global","Label","DEFAULT",false,true
"100143e2","LAB_100143e2","Global","Label","DEFAULT",false,true
"100143e8","FUN_100143e8","Global","Function","DEFAULT",false,true
"1001443c","LAB_1001443c","Global","Label","DEFAULT",false,true
"10014475","LAB_10014475","Global","Label","DEFAULT",false,true
"100144ae","LAB_100144ae","Global","Label","DEFAULT",false,true
"100144e4","LAB_100144e4","Global","Label","DEFAULT",false,true
"100144e5","LAB_100144e5","Global","Label","DEFAULT",false,true
"100144e8","FUN_100144e8","Global","Function","DEFAULT",false,true
"100145ca","LAB_100145ca","Global","Label","DEFAULT",false,true
"100145f8","LAB_100145f8","Global","Label","DEFAULT",false,true
"10014624","LAB_10014624","Global","Label","DEFAULT",false,true
"100146c0","LAB_100146c0","Global","Label","DEFAULT",false,true
"100146ce","FUN_100146ce","Global","Function","DEFAULT",false,true
"10014731","LAB_10014731","Global","Label","DEFAULT",false,true
"1001473d","FUN_1001473d","Global","Function","DEFAULT",false,true
"10014772","FUN_10014772","Global","Function","DEFAULT",false,true
"10014906","LAB_10014906","Global","Label","DEFAULT",false,true
"1001490c","FUN_1001490c","Global","Function","DEFAULT",false,true
"1001495a","LAB_1001495a","Global","Label","DEFAULT",false,true
"1001495d","FUN_1001495d","Global","Function","DEFAULT",false,true
"10014992","FUN_10014992","Global","Function","DEFAULT",false,true
"100149ed","FUN_100149ed","Global","Function","DEFAULT",false,true
"10014a4b","FUN_10014a4b","Global","Function","DEFAULT",false,true
"10014ad0","LAB_10014ad0","Global","Label","DEFAULT",false,true
"10014b0b","LAB_10014b0b","Global","Label","DEFAULT",false,true
"10014b70","FUN_10014b70","Global","Function","DEFAULT",false,true
"10014c2c","LAB_10014c2c","Global","Label","DEFAULT",false,true
"10014c2e","LAB_10014c2e","Global","Label","DEFAULT",false,true
"10014c55","LAB_10014c55","Global","Label","DEFAULT",false,true
"10014d54","LAB_10014d54","Global","Label","DEFAULT",false,true
"10014d71","LAB_10014d71","Global","Label","DEFAULT",false,true
"10014dae","LAB_10014dae","Global","Label","DEFAULT",false,true
"10014dc3","LAB_10014dc3","Global","Label","DEFAULT",false,true
"10014eb1","LAB_10014eb1","Global","Label","DEFAULT",false,true
"10014ef5","LAB_10014ef5","Global","Label","DEFAULT",false,true
"10014f03","LAB_10014f03","Global","Label","DEFAULT",false,true
"10014f08","LAB_10014f08","Global","Label","DEFAULT",false,true
"10014f16","FUN_10014f16","Global","Function","DEFAULT",false,true
"100150be","FUN_100150be","Global","Function","DEFAULT",false,true
"10015138","FUN_10015138","Global","Function","DEFAULT",false,true
"10015183","FUN_10015183","Global","Function","DEFAULT",false,true
"1001520a","LAB_1001520a","Global","Label","DEFAULT",false,true
"10015270","LAB_10015270","Global","Label","DEFAULT",false,true
"10015276","FUN_10015276","Global","Function","DEFAULT",false,true
"10015433","LAB_10015433","Global","Label","DEFAULT",false,true
"10015435","LAB_10015435","Global","Label","DEFAULT",false,true
"1001567a","LAB_1001567a","Global","Label","DEFAULT",false,true
"10015682","LAB_10015682","Global","Label","DEFAULT",false,true
"10015689","LAB_10015689","Global","Label","DEFAULT",false,true
"1001568f","LAB_1001568f","Global","Label","DEFAULT",false,true
"10015694","LAB_10015694","Global","Label","DEFAULT",false,true
"10015695","LAB_10015695","Global","Label","DEFAULT",false,true
"1001569b","FUN_1001569b","Global","Function","DEFAULT",false,true
"10015708","LAB_10015708","Global","Label","DEFAULT",false,true
"10015709","FUN_10015709","Global","Function","DEFAULT",false,true
"10015728","LAB_10015728","Global","Label","DEFAULT",false,true
"10015777","LAB_10015777","Global","Label","DEFAULT",false,true
"100157a0","FUN_100157a0","Global","Function","DEFAULT",false,true
"100157d8","FUN_100157d8","Global","Function","DEFAULT",false,true
"100157f4","LAB_100157f4","Global","Label","DEFAULT",false,true
"10015804","LAB_10015804","Global","Label","DEFAULT",false,true
"10015827","LAB_10015827","Global","Label","DEFAULT",false,true
"1001582b","FUN_1001582b","Global","Function","DEFAULT",false,true
"1001586b","FUN_1001586b","Global","Function","DEFAULT",false,true
"10015879","LAB_10015879","Global","Label","DEFAULT",false,true
"1001587e","LAB_1001587e","Global","Label","DEFAULT",false,true
"10015884","LAB_10015884","Global","Label","DEFAULT",false,true
"10015892","LAB_10015892","Global","Label","DEFAULT",false,true
"100158a1","LAB_100158a1","Global","Label","DEFAULT",false,true
"100158a5","LAB_100158a5","Global","Label","DEFAULT",false,true
"100158ab","FUN_100158ab","Global","Function","DEFAULT",false,true
"100159d1","FUN_100159d1","Global","Function","DEFAULT",false,true
"10015a1e","FUN_10015a1e","Global","Function","DEFAULT",false,true
"10015aa8","FUN_10015aa8","Global","Function","DEFAULT",false,true
"10015ab8","LAB_10015ab8","Global","Label","DEFAULT",false,true
"10015ad4","LAB_10015ad4","Global","Label","DEFAULT",false,true
"10015ad7","LAB_10015ad7","Global","Label","DEFAULT",false,true
"10015adb","FUN_10015adb","Global","Function","DEFAULT",false,true
"10015b2e","FUN_10015b2e","Global","Function","DEFAULT",false,true
"10015b3e","FUN_10015b3e","Global","Function","DEFAULT",false,true
"10015bb2","LAB_10015bb2","Global","Label","DEFAULT",false,true
"10015bb4","LAB_10015bb4","Global","Label","DEFAULT",false,true
"10015bb7","FUN_10015bb7","Global","Function","DEFAULT",false,true
"10015bf8","LAB_10015bf8","Global","Label","DEFAULT",false,true
"10015c11","LAB_10015c11","Global","Label","DEFAULT",false,true
"10015c2c","LAB_10015c2c","Global","Label","DEFAULT",false,true
"10015c3b","LAB_10015c3b","Global","Label","DEFAULT",false,true
"10015c3f","FUN_10015c3f","Global","Function","DEFAULT",false,true
"10015cbb","FUN_10015cbb","Global","Function","DEFAULT",false,true
"10015cca","LAB_10015cca","Global","Label","DEFAULT",false,true
"10015ce4","FUN_10015ce4","Global","Function","DEFAULT",false,true
"10015d4f","FUN_10015d4f","Global","Function","DEFAULT",false,true
"10015d62","FUN_10015d62","Global","Function","DEFAULT",false,true
"10015d93","LAB_10015d93","Global","Label","DEFAULT",false,true
"10015dbd","FUN_10015dbd","Global","Function","DEFAULT",false,true
"10015dde","FUN_10015dde","Global","Function","DEFAULT",false,true
"10015e0e","LAB_10015e0e","Global","Label","DEFAULT",false,true
"10015e1e","LAB_10015e1e","Global","Label","DEFAULT",false,true
"10015e39","LAB_10015e39","Global","Label","DEFAULT",false,true
"10015ec9","LAB_10015ec9","Global","Label","DEFAULT",false,true
"10015ee6","LAB_10015ee6","Global","Label","DEFAULT",false,true
"10015f1a","LAB_10015f1a","Global","Label","DEFAULT",false,true
"10015f25","LAB_10015f25","Global","Label","DEFAULT",false,true
"10015f84","LAB_10015f84","Global","Label","DEFAULT",false,true
"10015f8f","LAB_10015f8f","Global","Label","DEFAULT",false,true
"10015fb2","LAB_10015fb2","Global","Label","DEFAULT",false,true
"10015fb9","LAB_10015fb9","Global","Label","DEFAULT",false,true
"10015fc4","LAB_10015fc4","Global","Label","DEFAULT",false,true
"1001611a","LAB_1001611a","Global","Label","DEFAULT",false,true
"1001611f","LAB_1001611f","Global","Label","DEFAULT",false,true
"10016121","LAB_10016121","Global","Label","DEFAULT",false,true
"10016124","LAB_10016124","Global","Label","DEFAULT",false,true
"100161e6","LAB_100161e6","Global","Label","DEFAULT",false,true
"100161ec","FUN_100161ec","Global","Function","DEFAULT",false,true
"10016203","FUN_10016203","Global","Function","DEFAULT",false,true
"1001622f","FUN_1001622f","Global","Function","DEFAULT",false,true
"10016261","FUN_10016261","Global","Function","DEFAULT",false,true
"10016273","FUN_10016273","Global","Function","DEFAULT",false,true
"100162bd","FUN_100162bd","Global","Function","DEFAULT",false,true
"100162e7","FUN_100162e7","Global","Function","DEFAULT",false,true
"10016301","FUN_10016301","Global","Function","DEFAULT",false,true
"10016324","FUN_10016324","Global","Function","DEFAULT",false,true
"10016390","LAB_10016390","Global","Label","DEFAULT",false,true
"100163a9","LAB_100163a9","Global","Label","DEFAULT",false,true
"100163b1","LAB_100163b1","Global","Label","DEFAULT",false,true
"100163b9","FUN_100163b9","Global","Function","DEFAULT",false,true
"100163d8","LAB_100163d8","Global","Label","DEFAULT",false,true
"100163e3","LAB_100163e3","Global","Label","DEFAULT",false,true
"100163e7","FUN_100163e7","Global","Function","DEFAULT",false,true
"10016453","LAB_10016453","Global","Label","DEFAULT",false,true
"10016474","FUN_10016474","Global","Function","DEFAULT",false,true
"10016489","FUN_10016489","Global","Function","DEFAULT",false,true
"10016492","LAB_10016492","Global","Label","DEFAULT",false,true
"100164a3","LAB_100164a3","Global","Label","DEFAULT",false,true
"100164a8","LAB_100164a8","Global","Label","DEFAULT",false,true
"100164ad","FUN_100164ad","Global","Function","DEFAULT",false,true
"100164dc","LAB_100164dc","Global","Label","DEFAULT",false,true
"100164ed","FUN_100164ed","Global","Function","DEFAULT",false,true
"100164fb","LAB_100164fb","Global","Label","DEFAULT",false,true
"10016514","LAB_10016514","Global","Label","DEFAULT",false,true
"10016668","LAB_10016668","Global","Label","DEFAULT",false,true
"1001666a","LAB_1001666a","Global","Label","DEFAULT",false,true
"10016731","LAB_10016731","Global","Label","DEFAULT",false,true
"10016747","LAB_10016747","Global","Label","DEFAULT",false,true
"1001678e","LAB_1001678e","Global","Label","DEFAULT",false,true
"100167a8","LAB_100167a8","Global","Label","DEFAULT",false,true
"100167b7","LAB_100167b7","Global","Label","DEFAULT",false,true
"100167c4","LAB_100167c4","Global","Label","DEFAULT",false,true
"100167ca","FUN_100167ca","Global","Function","DEFAULT",false,true
"10016872","LAB_10016872","Global","Label","DEFAULT",false,true
"10016908","LAB_10016908","Global","Label","DEFAULT",false,true
"1001697f","LAB_1001697f","Global","Label","DEFAULT",false,true
"100169ba","LAB_100169ba","Global","Label","DEFAULT",false,true
"100169c6","LAB_100169c6","Global","Label","DEFAULT",false,true
"100169d5","LAB_100169d5","Global","Label","DEFAULT",false,true
"100169e0","LAB_100169e0","Global","Label","DEFAULT",false,true
"100169ef","LAB_100169ef","Global","Label","DEFAULT",false,true
"100169f7","FUN_100169f7","Global","Function","DEFAULT",false,true
"10016a3d","LAB_10016a3d","Global","Label","DEFAULT",false,true
"10016a45","LAB_10016a45","Global","Label","DEFAULT",false,true
"10016a53","LAB_10016a53","Global","Label","DEFAULT",false,true
"10016a66","FUN_10016a66","Global","Function","DEFAULT",false,true
"10016ab5","FUN_10016ab5","Global","Function","DEFAULT",false,true
"10016ad7","FUN_10016ad7","Global","Function","DEFAULT",false,true
"10016b0d","LAB_10016b0d","Global","Label","DEFAULT",false,true
"10016b1c","FUN_10016b1c","Global","Function","DEFAULT",false,true
"10016b7c","FUN_10016b7c","Global","Function","DEFAULT",false,true
"10016b8f","FUN_10016b8f","Global","Function","DEFAULT",false,true
"10016b97","FUN_10016b97","Global","Function","DEFAULT",false,true
"10016b9f","FUN_10016b9f","Global","Function","DEFAULT",false,true
"10016bb9","LAB_10016bb9","Global","Label","DEFAULT",false,true
"10016bc0","FUN_10016bc0","Global","Function","DEFAULT",false,true
"10016bd2","LAB_10016bd2","Global","Label","DEFAULT",false,true
"10016bde","FUN_10016bde","Global","Function","DEFAULT",false,true
"10016bfa","LAB_10016bfa","Global","Label","DEFAULT",false,true
"10016c01","FUN_10016c01","Global","Function","DEFAULT",false,true
"10016c27","LAB_10016c27","Global","Label","DEFAULT",false,true
"10016c2e","FUN_10016c2e","Global","Function","DEFAULT",false,true
"10016c48","LAB_10016c48","Global","Label","DEFAULT",false,true
"10016c81","LAB_10016c81","Global","Label","DEFAULT",false,true
"10016c88","LAB_10016c88","Global","Label","DEFAULT",false,true
"10016c8a","LAB_10016c8a","Global","Label","DEFAULT",false,true
"10016c98","FUN_10016c98","Global","Function","DEFAULT",false,true
"10016ca3","FUN_10016ca3","Global","Function","DEFAULT",false,true
"10016cbd","LAB_10016cbd","Global","Label","DEFAULT",false,true
"10016cd3","LAB_10016cd3","Global","Label","DEFAULT",false,true
"10016cd4","LAB_10016cd4","Global","Label","DEFAULT",false,true
"10016cda","FUN_10016cda","Global","Function","DEFAULT",false,true
"10016d02","FUN_10016d02","Global","Function","DEFAULT",false,true
"10016d1e","LAB_10016d1e","Global","Label","DEFAULT",false,true
"10016d2d","LAB_10016d2d","Global","Label","DEFAULT",false,true
"10016d31","FUN_10016d31","Global","Function","DEFAULT",false,true
"10016d50","LAB_10016d50","Global","Label","DEFAULT",false,true
"10016d99","LAB_10016d99","Global","Label","DEFAULT",false,true
"10016db5","LAB_10016db5","Global","Label","DEFAULT",false,true
"10016dc8","LAB_10016dc8","Global","Label","DEFAULT",false,true
"10016de4","LAB_10016de4","Global","Label","DEFAULT",false,true
"10016df0","LAB_10016df0","Global","Label","DEFAULT",false,true
"10016df3","LAB_10016df3","Global","Label","DEFAULT",false,true
"10016df9","FUN_10016df9","Global","Function","DEFAULT",false,true
"10016e61","FUN_10016e61","Global","Function","DEFAULT",false,true
"10016ea9","LAB_10016ea9","Global","Label","DEFAULT",false,true
"10016eae","FUN_10016eae","Global","Function","DEFAULT",false,true
"10016eb3","LAB_10016eb3","Global","Label","DEFAULT",false,true
"10016ec2","LAB_10016ec2","Global","Label","DEFAULT",false,true
"10016ed1","LAB_10016ed1","Global","Label","DEFAULT",false,true
"10016ed3","FUN_10016ed3","Global","Function","DEFAULT",false,true
"10016f34","FUN_10016f34","Global","Function","DEFAULT",false,true
"10016f58","LAB_10016f58","Global","Label","DEFAULT",false,true
"10016f5a","FUN_10016f5a","Global","Function","DEFAULT",false,true
"10016f7a","LAB_10016f7a","Global","Label","DEFAULT",false,true
"10016f7f","FUN_10016f7f","Global","Function","DEFAULT",false,true
"10016fb5","LAB_10016fb5","Global","Label","DEFAULT",false,true
"10016fb7","LAB_10016fb7","Global","Label","DEFAULT",false,true
"10016fbb","FUN_10016fbb","Global","Function","DEFAULT",false,true
"10016feb","LAB_10016feb","Global","Label","DEFAULT",false,true
"1001701c","FUN_1001701c","Global","Function","DEFAULT",false,true
"10017037","LAB_10017037","Global","Label","DEFAULT",false,true
"10017038","FUN_10017038","Global","Function","DEFAULT",false,true
"1001707b","FUN_1001707b","Global","Function","DEFAULT",false,true
"1001708b","LAB_1001708b","Global","Label","DEFAULT",false,true
"10017091","FUN_10017091","Global","Function","DEFAULT",false,true
"100170a6","MH_CreateHook","MINHOOK.X86.DLL","Function","DEFAULT",false,true
"100170ac","MH_EnableHook","MINHOOK.X86.DLL","Function","DEFAULT",false,true
"100170b2","MH_Initialize","MINHOOK.X86.DLL","Function","DEFAULT",false,true
"100170b8","FUN_100170b8","Global","Function","DEFAULT",false,true
"100170f5","LAB_100170f5","Global","Label","DEFAULT",false,true
"100170fc","LAB_100170fc","Global","Label","DEFAULT",false,true
"1001710e","LAB_1001710e","Global","Label","DEFAULT",false,true
"10017117","LAB_10017117","Global","Label","DEFAULT",false,true
"1001711d","LAB_1001711d","Global","Label","DEFAULT",false,true
"10017125","FUN_10017125","Global","Function","DEFAULT",false,true
"10017146","FUN_10017146","Global","Function","DEFAULT",false,true
"1001715e","LAB_1001715e","Global","Label","DEFAULT",false,true
"1001715f","FUN_1001715f","Global","Function","DEFAULT",false,true
"100171bd","LAB_100171bd","Global","Label","DEFAULT",false,true
"100171cb","LAB_100171cb","Global","Label","DEFAULT",false,true
"100171cc","LAB_100171cc","Global","Label","DEFAULT",false,true
"100171d4","LAB_100171d4","Global","Label","DEFAULT",false,true
"100171d5","LAB_100171d5","Global","Label","DEFAULT",false,true
"100171da","FUN_100171da","Global","Function","DEFAULT",false,true
"100171fc","LAB_100171fc","Global","Label","DEFAULT",false,true
"10017216","LAB_10017216","Global","Label","DEFAULT",false,true
"10017223","LAB_10017223","Global","Label","DEFAULT",false,true
"10017229","FUN_10017229","Global","Function","DEFAULT",false,true
"10017272","LAB_10017272","Global","Label","DEFAULT",false,true
"100172a5","LAB_100172a5","Global","Label","DEFAULT",false,true
"100172b8","LAB_100172b8","Global","Label","DEFAULT",false,true
"100172c0","LAB_100172c0","Global","Label","DEFAULT",false,true
"100172c4","LAB_100172c4","Global","Label","DEFAULT",false,true
"100172d4","LAB_100172d4","Global","Label","DEFAULT",false,true
"100172d6","LAB_100172d6","Global","Label","DEFAULT",false,true
"100172dc","FUN_100172dc","Global","Function","DEFAULT",false,true
"10017310","LAB_10017310","Global","Label","DEFAULT",false,true
"10017320","LAB_10017320","Global","Label","DEFAULT",false,true
"1001732e","LAB_1001732e","Global","Label","DEFAULT",false,true
"10017353","LAB_10017353","Global","Label","DEFAULT",false,true
"10017356","LAB_10017356","Global","Label","DEFAULT",false,true
"10017372","LAB_10017372","Global","Label","DEFAULT",false,true
"10017375","LAB_10017375","Global","Label","DEFAULT",false,true
"10017385","LAB_10017385","Global","Label","DEFAULT",false,true
"100173aa","LAB_100173aa","Global","Label","DEFAULT",false,true
"100173ad","LAB_100173ad","Global","Label","DEFAULT",false,true
"100173c7","LAB_100173c7","Global","Label","DEFAULT",false,true
"100173c8","LAB_100173c8","Global","Label","DEFAULT",false,true
"100173ce","FUN_100173ce","Global","Function","DEFAULT",false,true
"100173ee","LAB_100173ee","Global","Label","DEFAULT",false,true
"1001741f","FUN_1001741f","Global","Function","DEFAULT",false,true
"1001743b","FUN_1001743b","Global","Function","DEFAULT",false,true
"1001744d","FUN_1001744d","Global","Function","DEFAULT",false,true
"1001745f","FUN_1001745f","Global","Function","DEFAULT",false,true
"10017471","FUN_10017471","Global","Function","DEFAULT",false,true
"10017483","FUN_10017483","Global","Function","DEFAULT",false,true
"1001748e","FUN_1001748e","Global","Function","DEFAULT",false,true
"100174a0","FUN_100174a0","Global","Function","DEFAULT",false,true
"100174b7","FUN_100174b7","Global","Function","DEFAULT",false,true
"100174d3","FUN_100174d3","Global","Function","DEFAULT",false,true
"100174e5","FUN_100174e5","Global","Function","DEFAULT",false,true
"1001750f","FUN_1001750f","Global","Function","DEFAULT",false,true
"1001752b","FUN_1001752b","Global","Function","DEFAULT",false,true
"1001753d","FUN_1001753d","Global","Function","DEFAULT",false,true
"1001755c","FUN_1001755c","Global","Function","DEFAULT",false,true
"10017578","FUN_10017578","Global","Function","DEFAULT",false,true
"10017594","FUN_10017594","Global","Function","DEFAULT",false,true
"100175a6","FUN_100175a6","Global","Function","DEFAULT",false,true
"100175b1","FUN_100175b1","Global","Function","DEFAULT",false,true
"100175d0","FUN_100175d0","Global","Function","DEFAULT",false,true
"100175ef","FUN_100175ef","Global","Function","DEFAULT",false,true
"1001760b","FUN_1001760b","Global","Function","DEFAULT",false,true
"1001762a","FUN_1001762a","Global","Function","DEFAULT",false,true
"10017635","FUN_10017635","Global","Function","DEFAULT",false,true
"1001765d","FUN_1001765d","Global","Function","DEFAULT",false,true
"10017668","FUN_10017668","Global","Function","DEFAULT",false,true
"1001767a","FUN_1001767a","Global","Function","DEFAULT",false,true
"1001768c","FUN_1001768c","Global","Function","DEFAULT",false,true
"1001769e","FUN_1001769e","Global","Function","DEFAULT",false,true
"100176b0","FUN_100176b0","Global","Function","DEFAULT",false,true
"100176c2","FUN_100176c2","Global","Function","DEFAULT",false,true
"100176d4","FUN_100176d4","Global","Function","DEFAULT",false,true
"100176e6","FUN_100176e6","Global","Function","DEFAULT",false,true
"10017702","FUN_10017702","Global","Function","DEFAULT",false,true
"1001771e","FUN_1001771e","Global","Function","DEFAULT",false,true
"1001773e","FUN_1001773e","Global","Function","DEFAULT",false,true
"10017773","FUN_10017773","Global","Function","DEFAULT",false,true
"1001777e","FUN_1001777e","Global","Function","DEFAULT",false,true
"1001779a","FUN_1001779a","Global","Function","DEFAULT",false,true
"100177bc","FUN_100177bc","Global","Function","DEFAULT",false,true
"100177ce","FUN_100177ce","Global","Function","DEFAULT",false,true
"100177e0","FUN_100177e0","Global","Function","DEFAULT",false,true
"100177f2","FUN_100177f2","Global","Function","DEFAULT",false,true
"100177fd","FUN_100177fd","Global","Function","DEFAULT",false,true
"1001780d","FUN_1001780d","Global","Function","DEFAULT",false,true
"1001782b","LAB_1001782b","Global","Label","DEFAULT",false,true
"1001782c","LAB_1001782c","Global","Label","DEFAULT",false,true
"10017832","LAB_10017832","Global","Label","DEFAULT",false,true
"10017861","FUN_10017861","Global","Function","DEFAULT",false,true
"10017894","FUN_10017894","Global","Function","DEFAULT",false,true
"100178a2","FUN_100178a2","Global","Function","DEFAULT",false,true
"100178a9","FUN_100178a9","Global","Function","DEFAULT",false,true
"100178b4","FUN_100178b4","Global","Function","DEFAULT",false,true
"100178e8","FUN_100178e8","Global","Function","DEFAULT",false,true
"100178eb","FUN_100178eb","Global","Function","DEFAULT",false,true
"100178f6","FUN_100178f6","Global","Function","DEFAULT",false,true
"10017901","FUN_10017901","Global","Function","DEFAULT",false,true
"1001790c","FUN_1001790c","Global","Function","DEFAULT",false,true
"10017917","FUN_10017917","Global","Function","DEFAULT",false,true
"10017922","FUN_10017922","Global","Function","DEFAULT",false,true
"1001792d","FUN_1001792d","Global","Function","DEFAULT",false,true
"1001793b","FUN_1001793b","Global","Function","DEFAULT",false,true
"10017964","FUN_10017964","Global","Function","DEFAULT",false,true
"1001796f","FUN_1001796f","Global","Function","DEFAULT",false,true
"10017987","FUN_10017987","Global","Function","DEFAULT",false,true
"10017992","FUN_10017992","Global","Function","DEFAULT",false,true
"1001799d","FUN_1001799d","Global","Function","DEFAULT",false,true
"100179a8","FUN_100179a8","Global","Function","DEFAULT",false,true
"100179b3","FUN_100179b3","Global","Function","DEFAULT",false,true
"100179be","FUN_100179be","Global","Function","DEFAULT",false,true
"100179e3","FUN_100179e3","Global","Function","DEFAULT",false,true
"100179fb","FUN_100179fb","Global","Function","DEFAULT",false,true
"10017a06","FUN_10017a06","Global","Function","DEFAULT",false,true
"10017a11","FUN_10017a11","Global","Function","DEFAULT",false,true
"10017a18","FUN_10017a18","Global","Function","DEFAULT",false,true
"10017a23","FUN_10017a23","Global","Function","DEFAULT",false,true
"10017a48","FUN_10017a48","Global","Function","DEFAULT",false,true
"10017a6b","FUN_10017a6b","Global","Function","DEFAULT",false,true
"10017a76","FUN_10017a76","Global","Function","DEFAULT",false,true
"10017a7f","FUN_10017a7f","Global","Function","DEFAULT",false,true
"10017a8d","FUN_10017a8d","Global","Function","DEFAULT",false,true
"10017a95","FUN_10017a95","Global","Function","DEFAULT",false,true
"10017aaa","FUN_10017aaa","Global","Function","DEFAULT",false,true
"10017ac6","K32GetProcessMemoryInfo","KERNEL32.DLL","Function","DEFAULT",false,true
"10017acc","FUN_10017acc","Global","Function","DEFAULT",false,true
"10017aea","FUN_10017aea","Global","Function","DEFAULT",false,true
"10017b05","FUN_10017b05","Global","Function","DEFAULT",false,true
"10017b1c","FUN_10017b1c","Global","Function","DEFAULT",false,true
"10017b37","FUN_10017b37","Global","Function","DEFAULT",false,true
"10017b56","FUN_10017b56","Global","Function","DEFAULT",false,true
"10017b71","FUN_10017b71","Global","Function","DEFAULT",false,true
"10017b90","FUN_10017b90","Global","Function","DEFAULT",false,true
"10017bab","FUN_10017bab","Global","Function","DEFAULT",false,true
"10017bca","FUN_10017bca","Global","Function","DEFAULT",false,true
"10017be7","FUN_10017be7","Global","Function","DEFAULT",false,true
"10017c04","FUN_10017c04","Global","Function","DEFAULT",false,true
"10017c24","FUN_10017c24","Global","Function","DEFAULT",false,true
"10017c44","FUN_10017c44","Global","Function","DEFAULT",false,true
"10017c64","FUN_10017c64","Global","Function","DEFAULT",false,true
"10017c84","FUN_10017c84","Global","Function","DEFAULT",false,true
"10017c8a","FUN_10017c8a","Global","Function","DEFAULT",false,true
"10017ca0","LAB_10017ca0","Global","Label","DEFAULT",false,true
"10017cb3","LAB_10017cb3","Global","Label","DEFAULT",false,true
"10017cb7","??0_Lockit@std@@QAE@H@Z","Global","Label","ANALYSIS",false,false
"10017cb7","_Lockit","std::_Lockit","Function","ANALYSIS",false,true
"10017ccd","LAB_10017ccd","Global","Label","DEFAULT",false,true
"10017ce1","LAB_10017ce1","Global","Label","DEFAULT",false,true
"10017ce8","LAB_10017ce8","Global","Label","DEFAULT",false,true
"10017cfb","LAB_10017cfb","Global","Label","DEFAULT",false,true
"10017d0e","LAB_10017d0e","Global","Label","DEFAULT",false,true
"10017d0f","FUN_10017d0f","Global","Function","DEFAULT",false,true
"10017d2d","LAB_10017d2d","Global","Label","DEFAULT",false,true
"10017d30","FUN_10017d30","Global","Function","DEFAULT",false,true
"10017d81","LAB_10017d81","Global","Label","DEFAULT",false,true
"10017dd3","LAB_10017dd3","Global","Label","DEFAULT",false,true
"10017dd6","LAB_10017dd6","Global","Label","DEFAULT",false,true
"10017dd9","LAB_10017dd9","Global","Label","DEFAULT",false,true
"10017de0","LAB_10017de0","Global","Label","DEFAULT",false,true
"10017de9","LAB_10017de9","Global","Label","DEFAULT",false,true
"10017deb","LAB_10017deb","Global","Label","DEFAULT",false,true
"10017df3","LAB_10017df3","Global","Label","DEFAULT",false,true
"10017e07","LAB_10017e07","Global","Label","DEFAULT",false,true
"10017e0d","LAB_10017e0d","Global","Label","DEFAULT",false,true
"10017e30","LAB_10017e30","Global","Label","DEFAULT",false,true
"10017e49","LAB_10017e49","Global","Label","DEFAULT",false,true
"10017e60","FUN_10017e60","Global","Function","DEFAULT",false,true
"10017eb0","LAB_10017eb0","Global","Label","DEFAULT",false,true
"10017eef","LAB_10017eef","Global","Label","DEFAULT",false,true
"10017ef2","LAB_10017ef2","Global","Label","DEFAULT",false,true
"10017ef5","LAB_10017ef5","Global","Label","DEFAULT",false,true
"10017f00","LAB_10017f00","Global","Label","DEFAULT",false,true
"10017f09","LAB_10017f09","Global","Label","DEFAULT",false,true
"10017f11","LAB_10017f11","Global","Label","DEFAULT",false,true
"10017f22","LAB_10017f22","Global","Label","DEFAULT",false,true
"10017f43","LAB_10017f43","Global","Label","DEFAULT",false,true
"10017f5b","LAB_10017f5b","Global","Label","DEFAULT",false,true
"10017f70","FUN_10017f70","Global","Function","DEFAULT",false,true
"10017fa8","LAB_10017fa8","Global","Label","DEFAULT",false,true
"10017faf","LAB_10017faf","Global","Label","DEFAULT",false,true
"10017fc4","LAB_10017fc4","Global","Label","DEFAULT",false,true
"10018013","LAB_10018013","Global","Label","DEFAULT",false,true
"10018029","LAB_10018029","Global","Label","DEFAULT",false,true
"10018034","LAB_10018034","Global","Label","DEFAULT",false,true
"1001807a","LAB_1001807a","Global","Label","DEFAULT",false,true
"10018090","LAB_10018090","Global","Label","DEFAULT",false,true
"100180a9","LAB_100180a9","Global","Label","DEFAULT",false,true
"100180c5","LAB_100180c5","Global","Label","DEFAULT",false,true
"100180d6","LAB_100180d6","Global","Label","DEFAULT",false,true
"100180e7","LAB_100180e7","Global","Label","DEFAULT",false,true
"100180f0","LAB_100180f0","Global","Label","DEFAULT",false,true
"1001812d","LAB_1001812d","Global","Label","DEFAULT",false,true
"1001812e","LAB_1001812e","Global","Label","DEFAULT",false,true
"10018139","LAB_10018139","Global","Label","DEFAULT",false,true
"10018150","LAB_10018150","Global","Label","DEFAULT",false,true
"10018160","LAB_10018160","Global","Label","DEFAULT",false,true
"10018172","LAB_10018172","Global","Label","DEFAULT",false,true
"10018178","LAB_10018178","Global","Label","DEFAULT",false,true
"1001817e","LAB_1001817e","Global","Label","DEFAULT",false,true
"10018181","LAB_10018181","Global","Label","DEFAULT",false,true
"100181a0","FUN_100181a0","Global","Function","DEFAULT",false,true
"100181b0","FUN_100181b0","Global","Function","DEFAULT",false,true
"100181b9","thunk_FUN_1001f564","Global","Function","DEFAULT",false,true
"100181be","FUN_100181be","Global","Function","DEFAULT",false,true
"100181d5","FUN_100181d5","Global","Function","DEFAULT",false,true
"10018216","LAB_10018216","Global","Label","DEFAULT",false,true
"1001821a","FUN_1001821a","Global","Function","DEFAULT",false,true
"10018258","__Xtime_get_ticks","Global","Function","ANALYSIS",false,true
"1001827f","FUN_1001827f","Global","Function","DEFAULT",false,true
"100182a2","Sleep","KERNEL32.DLL","Function","DEFAULT",false,true
"100182a8","?_Syserror_map@std@@YAPBDH@Z","Global","Label","ANALYSIS",false,false
"100182a8","_Syserror_map","std","Function","ANALYSIS",false,true
"100182b3","LAB_100182b3","Global","Label","DEFAULT",false,true
"100182c8","LAB_100182c8","Global","Label","DEFAULT",false,true
"100182cd","?_Winerror_map@std@@YAHH@Z","Global","Label","ANALYSIS",false,false
"100182cd","_Winerror_map","std","Function","ANALYSIS",false,true
"100182d8","LAB_100182d8","Global","Label","DEFAULT",false,true
"100182ea","LAB_100182ea","Global","Label","DEFAULT",false,true
"100182ef","??0_Locimp@locale@std@@AAE@_N@Z","Global","Label","ANALYSIS",false,false
"100182ef","_Locimp","std::locale::_Locimp","Function","ANALYSIS",false,true
"10018330","FUN_10018330","Global","Function","DEFAULT",false,true
"1001835e","LAB_1001835e","Global","Label","DEFAULT",false,true
"10018361","LAB_10018361","Global","Label","DEFAULT",false,true
"10018364","LAB_10018364","Global","Label","DEFAULT",false,true
"10018379","LAB_10018379","Global","Label","DEFAULT",false,true
"10018385","FUN_10018385","Global","Function","DEFAULT",false,true
"100183a5","FUN_100183a5","Global","Function","DEFAULT",false,true
"100183c4","LAB_100183c4","Global","Label","DEFAULT",false,true
"100183ca","LAB_100183ca","Global","Label","DEFAULT",false,true
"100183e5","LAB_100183e5","Global","Label","DEFAULT",false,true
"100183e6","LAB_100183e6","Global","Label","DEFAULT",false,true
"100183ee","FUN_100183ee","Global","Function","DEFAULT",false,true
"10018409","LAB_10018409","Global","Label","DEFAULT",false,true
"10018410","FUN_10018410","Global","Function","DEFAULT",false,true
"10018437","LAB_10018437","Global","Label","DEFAULT",false,true
"1001843d","FUN_1001843d","Global","Function","DEFAULT",false,true
"10018443","FUN_10018443","Global","Function","DEFAULT",false,true
"100184a9","LAB_100184a9","Global","Label","DEFAULT",false,true
"100184c0","LAB_100184c0","Global","Label","DEFAULT",false,true
"100184d0","FUN_100184d0","Global","Function","DEFAULT",false,true
"100184ef","LAB_100184ef","Global","Label","DEFAULT",false,true
"10018528","LAB_10018528","Global","Label","DEFAULT",false,true
"1001852d","LAB_1001852d","Global","Label","DEFAULT",false,true
"10018541","FUN_10018541","Global","Function","DEFAULT",false,true
"10018577","LAB_10018577","Global","Label","DEFAULT",false,true
"1001858d","?_Locinfo_dtor@_Locinfo@std@@SAXPAV12@@Z","Global","Label","ANALYSIS",false,false
"1001858d","_Locinfo_dtor","std::_Locinfo","Function","ANALYSIS",false,true
"100185a5","LAB_100185a5","Global","Label","DEFAULT",false,true
"100185a7","?_New_Locimp@_Locimp@locale@std@@CAPAV123@_N@Z","Global","Label","ANALYSIS",false,false
"100185a7","_New_Locimp","std::locale::_Locimp","Function","ANALYSIS",false,true
"100185c6","LAB_100185c6","Global","Label","DEFAULT",false,true
"100185ca","?_Setgloballocale@locale@std@@CAXPAX@Z","Global","Label","ANALYSIS",false,false
"100185ca","_Setgloballocale","std::locale","Function","ANALYSIS",false,true
"100185e8","LAB_100185e8","Global","Label","DEFAULT",false,true
"100185f2","__Deletegloballocale","Global","Function","ANALYSIS",false,true
"10018629","LAB_10018629","Global","Label","DEFAULT",false,true
"1001862a","LAB_1001862a","Global","Label","DEFAULT",false,true
"1001862d","FUN_1001862d","Global","Function","DEFAULT",false,true
"1001865a","FUN_1001865a","Global","Function","DEFAULT",false,true
"1001869b","LAB_1001869b","Global","Label","DEFAULT",false,true
"100186aa","LAB_100186aa","Global","Label","DEFAULT",false,true
"100186c3","LAB_100186c3","Global","Label","DEFAULT",false,true
"100186c8","FUN_100186c8","Global","Function","DEFAULT",false,true
"100186ea","LAB_100186ea","Global","Label","DEFAULT",false,true
"100186ef","LAB_100186ef","Global","Label","DEFAULT",false,true
"10018709","LAB_10018709","Global","Label","DEFAULT",false,true
"10018720","LAB_10018720","Global","Label","DEFAULT",false,true
"10018727","LAB_10018727","Global","Label","DEFAULT",false,true
"10018729","LAB_10018729","Global","Label","DEFAULT",false,true
"1001874d","LAB_1001874d","Global","Label","DEFAULT",false,true
"1001875a","LAB_1001875a","Global","Label","DEFAULT",false,true
"1001876d","LAB_1001876d","Global","Label","DEFAULT",false,true
"10018777","LAB_10018777","Global","Label","DEFAULT",false,true
"10018799","LAB_10018799","Global","Label","DEFAULT",false,true
"1001879d","LAB_1001879d","Global","Label","DEFAULT",false,true
"100187af","LAB_100187af","Global","Label","DEFAULT",false,true
"100187b4","FUN_100187b4","Global","Function","DEFAULT",false,true
"100187d6","LAB_100187d6","Global","Label","DEFAULT",false,true
"100187db","LAB_100187db","Global","Label","DEFAULT",false,true
"100187f5","LAB_100187f5","Global","Label","DEFAULT",false,true
"1001880c","LAB_1001880c","Global","Label","DEFAULT",false,true
"10018813","LAB_10018813","Global","Label","DEFAULT",false,true
"10018815","LAB_10018815","Global","Label","DEFAULT",false,true
"10018839","LAB_10018839","Global","Label","DEFAULT",false,true
"10018846","LAB_10018846","Global","Label","DEFAULT",false,true
"10018859","LAB_10018859","Global","Label","DEFAULT",false,true
"10018863","LAB_10018863","Global","Label","DEFAULT",false,true
"10018885","LAB_10018885","Global","Label","DEFAULT",false,true
"10018889","LAB_10018889","Global","Label","DEFAULT",false,true
"1001889b","LAB_1001889b","Global","Label","DEFAULT",false,true
"100188a0","?_Addstd@ios_base@std@@SAXPAV12@@Z","Global","Label","ANALYSIS",false,false
"100188a0","_Addstd","std::ios_base","Function","ANALYSIS",false,true
"100188b8","LAB_100188b8","Global","Label","DEFAULT",false,true
"100188d4","LAB_100188d4","Global","Label","DEFAULT",false,true
"100188ec","?_Callfns@ios_base@std@@AAEXW4event@12@@Z","Global","Label","ANALYSIS",false,false
"100188ec","_Callfns","std::ios_base","Function","ANALYSIS",false,true
"100188fb","LAB_100188fb","Global","Label","DEFAULT",false,true
"10018919","LAB_10018919","Global","Label","DEFAULT",false,true
"1001891f","?_Ios_base_dtor@ios_base@std@@CAXPAV12@@Z","Global","Label","ANALYSIS",false,false
"1001891f","_Ios_base_dtor","std::ios_base","Function","ANALYSIS",false,true
"1001893d","LAB_1001893d","Global","Label","DEFAULT",false,true
"1001895c","LAB_1001895c","Global","Label","DEFAULT",false,true
"1001895f","FUN_1001895f","Global","Function","DEFAULT",false,true
"10018993","LAB_10018993","Global","Label","DEFAULT",false,true
"100189a5","LAB_100189a5","Global","Label","DEFAULT",false,true
"100189b3","LAB_100189b3","Global","Label","DEFAULT",false,true
"100189c5","LAB_100189c5","Global","Label","DEFAULT",false,true
"100189e0","FUN_100189e0","Global","Function","DEFAULT",false,true
"10018a13","LAB_10018a13","Global","Label","DEFAULT",false,true
"10018a22","LAB_10018a22","Global","Label","DEFAULT",false,true
"10018a3d","LAB_10018a3d","Global","Label","DEFAULT",false,true
"10018a41","LAB_10018a41","Global","Label","DEFAULT",false,true
"10018a5f","LAB_10018a5f","Global","Label","DEFAULT",false,true
"10018a61","LAB_10018a61","Global","Label","DEFAULT",false,true
"10018a65","FUN_10018a65","Global","Function","DEFAULT",false,true
"10018a98","LAB_10018a98","Global","Label","DEFAULT",false,true
"10018aa7","LAB_10018aa7","Global","Label","DEFAULT",false,true
"10018ac2","LAB_10018ac2","Global","Label","DEFAULT",false,true
"10018ac6","LAB_10018ac6","Global","Label","DEFAULT",false,true
"10018ae4","LAB_10018ae4","Global","Label","DEFAULT",false,true
"10018ae6","LAB_10018ae6","Global","Label","DEFAULT",false,true
"10018aea","FUN_10018aea","Global","Function","DEFAULT",false,true
"10018af3","FUN_10018af3","Global","Function","DEFAULT",false,true
"10018afc","__Getcvt","Global","Function","ANALYSIS",false,true
"10018b41","LAB_10018b41","Global","Label","DEFAULT",false,true
"10018b5f","LAB_10018b5f","Global","Label","DEFAULT",false,true
"10018b69","LAB_10018b69","Global","Label","DEFAULT",false,true
"10018b6f","__Wcrtomb","Global","Function","ANALYSIS",false,true
"10018b96","LAB_10018b96","Global","Label","DEFAULT",false,true
"10018bba","LAB_10018bba","Global","Label","DEFAULT",false,true
"10018bc8","LAB_10018bc8","Global","Label","DEFAULT",false,true
"10018bcb","LAB_10018bcb","Global","Label","DEFAULT",false,true
"10018bf3","LAB_10018bf3","Global","Label","DEFAULT",false,true
"10018c06","LAB_10018c06","Global","Label","DEFAULT",false,true
"10018c0b","FUN_10018c0b","Global","Function","DEFAULT",false,true
"10018c23","FUN_10018c23","Global","Function","DEFAULT",false,true
"10018c94","FUN_10018c94","Global","Function","DEFAULT",false,true
"10018ceb","FUN_10018ceb","Global","Function","DEFAULT",false,true
"10018d42","FUN_10018d42","Global","Function","DEFAULT",false,true
"10018d84","FUN_10018d84","Global","Function","DEFAULT",false,true
"10018dc6","FUN_10018dc6","Global","Function","DEFAULT",false,true
"10018e10","FUN_10018e10","Global","Function","DEFAULT",false,true
"10018e76","LAB_10018e76","Global","Label","DEFAULT",false,true
"10018e89","FUN_10018e89","Global","Function","DEFAULT",false,true
"10018ef6","LAB_10018ef6","Global","Label","DEFAULT",false,true
"10018f08","FUN_10018f08","Global","Function","DEFAULT",false,true
"10018f50","LAB_10018f50","Global","Label","DEFAULT",false,true
"10018f62","FUN_10018f62","Global","Function","DEFAULT",false,true
"10018faa","LAB_10018faa","Global","Label","DEFAULT",false,true
"10018fbc","FUN_10018fbc","Global","Function","DEFAULT",false,true
"10018fce","LAB_10018fce","Global","Label","DEFAULT",false,true
"10018fde","LAB_10018fde","Global","Label","DEFAULT",false,true
"10018fe5","FUN_10018fe5","Global","Function","DEFAULT",false,true
"10018ffb","LAB_10018ffb","Global","Label","DEFAULT",false,true
"10019002","FUN_10019002","Global","Function","DEFAULT",false,true
"1001901d","LAB_1001901d","Global","Label","DEFAULT",false,true
"10019024","FUN_10019024","Global","Function","DEFAULT",false,true
"100190a2","LAB_100190a2","Global","Label","DEFAULT",false,true
"100190d8","LAB_100190d8","Global","Label","DEFAULT",false,true
"100190e8","Catch@100190e8","Global","Function","ANALYSIS",false,true
"10019148","LAB_10019148","Global","Label","DEFAULT",false,true
"1001919c","LAB_1001919c","Global","Label","DEFAULT",false,true
"100191a2","DAT_100191a2","Global","Label","DEFAULT",false,true
"100191a7","LAB_100191a7","Global","Label","DEFAULT",false,true
"100191aa","LAB_100191aa","Global","Label","DEFAULT",false,true
"100191e4","DAT_100191e4","Global","Label","DEFAULT",false,true
"100191e9","Catch@100191e9","Global","Function","ANALYSIS",false,true
"10019219","LAB_10019219","Global","Label","DEFAULT",false,true
"1001921f","LAB_1001921f","Global","Label","DEFAULT",false,true
"1001922c","DAT_1001922c","Global","Label","DEFAULT",false,true
"10019231","LAB_10019231","Global","Label","DEFAULT",false,true
"1001924b","DAT_1001924b","Global","Label","DEFAULT",false,true
"10019250","LAB_10019250","Global","Label","DEFAULT",false,true
"10019280","LAB_10019280","Global","Label","DEFAULT",false,true
"10019286","FUN_10019286","Global","Function","DEFAULT",false,true
"10019293","?_CallMemberFunction1@@YGXQAX00@Z","Global","Label","ANALYSIS",false,false
"10019293","_CallMemberFunction1","Global","Function","ANALYSIS",false,true
"100192a3","?_CallMemberFunction2@@YGXQAX00H@Z","Global","Label","ANALYSIS",false,false
"100192a3","_CallMemberFunction2","Global","Function","ANALYSIS",false,true
"100192b6","?_CopyExceptionObject@?A0x026ba49f@@YAXPAXPBXQBU_s_CatchableType@@@Z","Global","Label","ANALYSIS",false,false
"100192b6","_CopyExceptionObject","_anon_026BA49F","Function","ANALYSIS",false,true
"100192eb","LAB_100192eb","Global","Label","DEFAULT",false,true
"100192f7","LAB_100192f7","Global","Label","DEFAULT",false,true
"10019324","LAB_10019324","Global","Label","DEFAULT",false,true
"10019328","FUN_10019328","Global","Function","DEFAULT",false,true
"10019363","FUN_10019363","Global","Function","DEFAULT",false,true
"100193b4","LAB_100193b4","Global","Label","DEFAULT",false,true
"100193d9","LAB_100193d9","Global","Label","DEFAULT",false,true
"100193f4","LAB_100193f4","Global","Label","DEFAULT",false,true
"10019402","LAB_10019402","Global","Label","DEFAULT",false,true
"1001940d","FUN_1001940d","Global","Function","DEFAULT",false,true
"1001946b","FUN_1001946b","Global","Function","DEFAULT",false,true
"100194c9","FUN_100194c9","Global","Function","DEFAULT",false,true
"10019512","LAB_10019512","Global","Label","DEFAULT",false,true
"10019525","LAB_10019525","Global","Label","DEFAULT",false,true
"10019527","FUN_10019527","Global","Function","DEFAULT",false,true
"10019537","FUN_10019537","Global","Function","DEFAULT",false,true
"10019547","FUN_10019547","Global","Function","DEFAULT",false,true
"1001955c","FUN_1001955c","Global","Function","DEFAULT",false,true
"100195d5","LAB_100195d5","Global","Label","DEFAULT",false,true
"100195e2","LAB_100195e2","Global","Label","DEFAULT",false,true
"1001961d","LAB_1001961d","Global","Label","DEFAULT",false,true
"10019630","LAB_10019630","Global","Label","DEFAULT",false,true
"1001963e","?__ExceptionPtrDestroy@@YAXPAX@Z","Global","Label","ANALYSIS",false,false
"1001963e","__ExceptionPtrDestroy","Global","Function","ANALYSIS",false,true
"1001964d","FUN_1001964d","Global","Function","DEFAULT",false,true
"1001967e","LAB_1001967e","Global","Label","DEFAULT",false,true
"100196b6","LAB_100196b6","Global","Label","DEFAULT",false,true
"100196ef","LAB_100196ef","Global","Label","DEFAULT",false,true
"10019711","LAB_10019711","Global","Label","DEFAULT",false,true
"10019717","FUN_10019717","Global","Function","DEFAULT",false,true
"10019725","_abort","Global","Function","DEFAULT",false,true
"1001972a","FUN_1001972a","Global","Function","DEFAULT",false,true
"1001973b","FUN_1001973b","Global","Function","DEFAULT",false,true
"10019759","LAB_10019759","Global","Label","DEFAULT",false,true
"1001975d","FUN_1001975d","Global","Function","DEFAULT",false,true
"1001979c","LAB_1001979c","Global","Label","DEFAULT",false,true
"100197a6","LAB_100197a6","Global","Label","DEFAULT",false,true
"100197c6","LAB_100197c6","Global","Label","DEFAULT",false,true
"100197d4","LAB_100197d4","Global","Label","DEFAULT",false,true
"100197de","LAB_100197de","Global","Label","DEFAULT",false,true
"100197f9","LAB_100197f9","Global","Label","DEFAULT",false,true
"1001980b","LAB_1001980b","Global","Label","DEFAULT",false,true
"10019825","LAB_10019825","Global","Label","DEFAULT",false,true
"1001983a","LAB_1001983a","Global","Label","DEFAULT",false,true
"10019857","LAB_10019857","Global","Label","DEFAULT",false,true
"1001986a","LAB_1001986a","Global","Label","DEFAULT",false,true
"1001986e","LAB_1001986e","Global","Label","DEFAULT",false,true
"10019870","LAB_10019870","Global","Label","DEFAULT",false,true
"10019873","LAB_10019873","Global","Label","DEFAULT",false,true
"10019878","LAB_10019878","Global","Label","DEFAULT",false,true
"1001987a","LAB_1001987a","Global","Label","DEFAULT",false,true
"1001987c","LAB_1001987c","Global","Label","DEFAULT",false,true
"10019889","FUN_10019889","Global","Function","DEFAULT",false,true
"100198a6","FUN_100198a6","Global","Function","DEFAULT",false,true
"100198ba","FUN_100198ba","Global","Function","DEFAULT",false,true
"100198e2","FUN_100198e2","Global","Function","DEFAULT",false,true
"100198f6","FUN_100198f6","Global","Function","DEFAULT",false,true
"10019933","LAB_10019933","Global","Label","DEFAULT",false,true
"10019942","LAB_10019942","Global","Label","DEFAULT",false,true
"10019963","LAB_10019963","Global","Label","DEFAULT",false,true
"10019986","LAB_10019986","Global","Label","DEFAULT",false,true
"10019990","LAB_10019990","Global","Label","DEFAULT",false,true
"100199ba","FUN_100199ba","Global","Function","DEFAULT",false,true
"100199f0","LAB_100199f0","Global","Label","DEFAULT",false,true
"10019a1d","LAB_10019a1d","Global","Label","DEFAULT",false,true
"10019a22","LAB_10019a22","Global","Label","DEFAULT",false,true
"10019a32","LAB_10019a32","Global","Label","DEFAULT",false,true
"10019a5a","LAB_10019a5a","Global","Label","DEFAULT",false,true
"10019a76","FUN_10019a76","Global","Function","DEFAULT",false,true
"10019aaf","LAB_10019aaf","Global","Label","DEFAULT",false,true
"10019abe","LAB_10019abe","Global","Label","DEFAULT",false,true
"10019ad9","LAB_10019ad9","Global","Label","DEFAULT",false,true
"10019ae1","LAB_10019ae1","Global","Label","DEFAULT",false,true
"10019b07","FUN_10019b07","Global","Function","DEFAULT",false,true
"10019b3c","FUN_10019b3c","Global","Function","DEFAULT",false,true
"10019b6d","LAB_10019b6d","Global","Label","DEFAULT",false,true
"10019b79","LAB_10019b79","Global","Label","DEFAULT",false,true
"10019b9c","Call_get_module_handle_ex","Global","Function","ANALYSIS",false,true
"10019bb9","Get_STL_host_status","Global","Function","ANALYSIS",false,true
"10019be3","LAB_10019be3","Global","Label","DEFAULT",false,true
"10019be8","FUN_10019be8","Global","Function","DEFAULT",false,true
"10019c02","LAB_10019c02","Global","Label","DEFAULT",false,true
"10019c05","?_Reschedule_chore@details@Concurrency@@YAHPBU_Threadpool_chore@12@@Z","Global","Label","ANALYSIS",false,false
"10019c05","_Reschedule_chore","Concurrency::details","Function","ANALYSIS",false,true
"10019c21","LAB_10019c21","Global","Label","DEFAULT",false,true
"10019c2e","?_Schedule_chore@details@Concurrency@@YAHPAU_Threadpool_chore@12@@Z","Global","Label","ANALYSIS",false,false
"10019c2e","_Schedule_chore","Concurrency::details","Function","ANALYSIS",false,true
"10019c53","LAB_10019c53","Global","Label","DEFAULT",false,true
"10019c5b","LAB_10019c5b","Global","Label","DEFAULT",false,true
"10019ca2","LAB_10019ca2","Global","Label","DEFAULT",false,true
"10019cc8","LAB_10019cc8","Global","Label","DEFAULT",false,true
"10019d0d","LAB_10019d0d","Global","Label","DEFAULT",false,true
"10019d23","FUN_10019d23","Global","Function","DEFAULT",false,true
"10019d30","FUN_10019d30","Global","Function","DEFAULT",false,true
"10019d4d","LAB_10019d4d","Global","Label","DEFAULT",false,true
"10019d53","GetCurrentThreadId","KERNEL32.DLL","Function","DEFAULT",false,true
"10019d59","FUN_10019d59","Global","Function","DEFAULT",false,true
"10019d9a","FUN_10019d9a","Global","Function","DEFAULT",false,true
"10019db2","FUN_10019db2","Global","Function","DEFAULT",false,true
"10019de6","LAB_10019de6","Global","Label","DEFAULT",false,true
"10019dfb","LAB_10019dfb","Global","Label","DEFAULT",false,true
"10019dfe","LAB_10019dfe","Global","Label","DEFAULT",false,true
"10019e01","__Mbrtowc","Global","Function","ANALYSIS",false,true
"10019e0f","LAB_10019e0f","Global","Label","DEFAULT",false,true
"10019e28","LAB_10019e28","Global","Label","DEFAULT",false,true
"10019e7c","LAB_10019e7c","Global","Label","DEFAULT",false,true
"10019eb4","LAB_10019eb4","Global","Label","DEFAULT",false,true
"10019eb8","LAB_10019eb8","Global","Label","DEFAULT",false,true
"10019ed5","LAB_10019ed5","Global","Label","DEFAULT",false,true
"10019eda","LAB_10019eda","Global","Label","DEFAULT",false,true
"10019edf","LAB_10019edf","Global","Label","DEFAULT",false,true
"10019ee1","LAB_10019ee1","Global","Label","DEFAULT",false,true
"10019efb","LAB_10019efb","Global","Label","DEFAULT",false,true
"10019f12","LAB_10019f12","Global","Label","DEFAULT",false,true
"10019f22","LAB_10019f22","Global","Label","DEFAULT",false,true
"10019f2e","LAB_10019f2e","Global","Label","DEFAULT",false,true
"10019f30","LAB_10019f30","Global","Label","DEFAULT",false,true
"10019f33","__Utf8_trailing_byte_count","Global","Function","ANALYSIS",false,true
"10019f41","LAB_10019f41","Global","Label","DEFAULT",false,true
"10019f59","LAB_10019f59","Global","Label","DEFAULT",false,true
"10019f69","LAB_10019f69","Global","Label","DEFAULT",false,true
"10019f71","LAB_10019f71","Global","Label","DEFAULT",false,true
"10019f83","LAB_10019f83","Global","Label","DEFAULT",false,true
"10019f8a","__Getwctype","Global","Function","ANALYSIS",false,true
"10019faa","__Getwctypes","Global","Function","ANALYSIS",false,true
"10019fc9","__Towlower","Global","Function","ANALYSIS",false,true
"1001a002","LAB_1001a002","Global","Label","DEFAULT",false,true
"1001a024","LAB_1001a024","Global","Label","DEFAULT",false,true
"1001a029","__Towupper","Global","Function","ANALYSIS",false,true
"1001a062","LAB_1001a062","Global","Label","DEFAULT",false,true
"1001a088","LAB_1001a088","Global","Label","DEFAULT",false,true
"1001a08d","_Fgetc<>","Global","Function","ANALYSIS",false,true
"1001a0aa","LAB_1001a0aa","Global","Label","DEFAULT",false,true
"1001a0b4","FUN_1001a0b4","Global","Function","DEFAULT",false,true
"1001a0d1","_Ungetc<>","Global","Function","ANALYSIS",false,true
"1001a0f2","FUN_1001a0f2","Global","Function","DEFAULT",false,true
"1001a139","LAB_1001a139","Global","Label","DEFAULT",false,true
"1001a174","LAB_1001a174","Global","Label","DEFAULT",false,true
"1001a184","LAB_1001a184","Global","Label","DEFAULT",false,true
"1001a18a","FUN_1001a18a","Global","Function","DEFAULT",false,true
"1001a1b8","FUN_1001a1b8","Global","Function","DEFAULT",false,true
"1001a1f2","LAB_1001a1f2","Global","Label","DEFAULT",false,true
"1001a226","FUN_1001a226","Global","Function","DEFAULT",false,true
"1001a27e","LAB_1001a27e","Global","Label","DEFAULT",false,true
"1001a280","LAB_1001a280","Global","Label","DEFAULT",false,true
"1001a297","codecvt<>","Global","Function","ANALYSIS",false,true
"1001a2ce","LAB_1001a2ce","Global","Label","DEFAULT",false,true
"1001a2f6","LAB_1001a2f6","Global","Label","DEFAULT",false,true
"1001a309","LAB_1001a309","Global","Label","DEFAULT",false,true
"1001a30e","~basic_filebuf<>","Global","Function","ANALYSIS",false,true
"1001a344","LAB_1001a344","Global","Label","DEFAULT",false,true
"1001a351","LAB_1001a351","Global","Label","DEFAULT",false,true
"1001a36b","~basic_streambuf<>","Global","Function","ANALYSIS",false,true
"1001a38a","LAB_1001a38a","Global","Label","DEFAULT",false,true
"1001a38c","FUN_1001a38c","Global","Function","DEFAULT",false,true
"1001a3ae","FUN_1001a3ae","Global","Function","DEFAULT",false,true
"1001a3b6","??_G?$basic_filebuf@DU?$char_traits@D@std@@@std@@UAEPAXI@Z","Global","Label","ANALYSIS",false,false
"1001a3b6","??_G?$basic_filebuf@GU?$char_traits@G@std@@@std@@UAEPAXI@Z","Global","Label","ANALYSIS",false,false
"1001a3b6","??_G?$basic_filebuf@_WU?$char_traits@_W@std@@@std@@UAEPAXI@Z","Global","Label","ANALYSIS",false,false
"1001a3b6","FID_conflict:`scalar_deleting_destructor'","Global","Function","ANALYSIS",false,true
"1001a3d1","LAB_1001a3d1","Global","Label","DEFAULT",false,true
"1001a3d8","FUN_1001a3d8","Global","Function","DEFAULT",false,true
"1001a3f6","LAB_1001a3f6","Global","Label","DEFAULT",false,true
"1001a3fd","FUN_1001a3fd","Global","Function","DEFAULT",false,true
"1001a418","LAB_1001a418","Global","Label","DEFAULT",false,true
"1001a41f","FUN_1001a41f","Global","Function","DEFAULT",false,true
"1001a43b","LAB_1001a43b","Global","Label","DEFAULT",false,true
"1001a442","Endwrite","Global","Function","ANALYSIS",false,true
"1001a4b7","LAB_1001a4b7","Global","Label","DEFAULT",false,true
"1001a4b9","LAB_1001a4b9","Global","Label","DEFAULT",false,true
"1001a4c8","LAB_1001a4c8","Global","Label","DEFAULT",false,true
"1001a4cb","LAB_1001a4cb","Global","Label","DEFAULT",false,true
"1001a4e8","LAB_1001a4e8","Global","Label","DEFAULT",false,true
"1001a4f1","LAB_1001a4f1","Global","Label","DEFAULT",false,true
"1001a4f5","Getcat","Global","Function","ANALYSIS",false,true
"1001a543","LAB_1001a543","Global","Label","DEFAULT",false,true
"1001a552","LAB_1001a552","Global","Label","DEFAULT",false,true
"1001a55b","FUN_1001a55b","Global","Function","DEFAULT",false,true
"1001a597","FUN_1001a597","Global","Function","DEFAULT",false,true
"1001a5b5","LAB_1001a5b5","Global","Label","DEFAULT",false,true
"1001a5bf","LAB_1001a5bf","Global","Label","DEFAULT",false,true
"1001a5c5","Reset_back","Global","Function","ANALYSIS",false,true
"1001a5e8","LAB_1001a5e8","Global","Label","DEFAULT",false,true
"1001a5ea","FUN_1001a5ea","Global","Function","DEFAULT",false,true
"1001a615","LAB_1001a615","Global","Label","DEFAULT",false,true
"1001a62a","FUN_1001a62a","Global","Function","DEFAULT",false,true
"1001a65b","LAB_1001a65b","Global","Label","DEFAULT",false,true
"1001a65d","LAB_1001a65d","Global","Label","DEFAULT",false,true
"1001a66d","FUN_1001a66d","Global","Function","DEFAULT",false,true
"1001a677","FUN_1001a677","Global","Function","DEFAULT",false,true
"1001a69b","LAB_1001a69b","Global","Label","DEFAULT",false,true
"1001a6d1","LAB_1001a6d1","Global","Label","DEFAULT",false,true
"1001a6da","LAB_1001a6da","Global","Label","DEFAULT",false,true
"1001a6e1","LAB_1001a6e1","Global","Label","DEFAULT",false,true
"1001a6e6","LAB_1001a6e6","Global","Label","DEFAULT",false,true
"1001a6eb","FUN_1001a6eb","Global","Function","DEFAULT",false,true
"1001a704","LAB_1001a704","Global","Label","DEFAULT",false,true
"1001a735","LAB_1001a735","Global","Label","DEFAULT",false,true
"1001a738","LAB_1001a738","Global","Label","DEFAULT",false,true
"1001a743","FUN_1001a743","Global","Function","DEFAULT",false,true
"1001a747","FUN_1001a747","Global","Function","DEFAULT",false,true
"1001a792","LAB_1001a792","Global","Label","DEFAULT",false,true
"1001a7be","LAB_1001a7be","Global","Label","DEFAULT",false,true
"1001a800","LAB_1001a800","Global","Label","DEFAULT",false,true
"1001a810","LAB_1001a810","Global","Label","DEFAULT",false,true
"1001a81a","LAB_1001a81a","Global","Label","DEFAULT",false,true
"1001a82b","LAB_1001a82b","Global","Label","DEFAULT",false,true
"1001a83b","LAB_1001a83b","Global","Label","DEFAULT",false,true
"1001a840","do_unshift","Global","Function","ANALYSIS",false,true
"1001a88b","LAB_1001a88b","Global","Label","DEFAULT",false,true
"1001a8a8","LAB_1001a8a8","Global","Label","DEFAULT",false,true
"1001a8bd","LAB_1001a8bd","Global","Label","DEFAULT",false,true
"1001a8d0","FUN_1001a8d0","Global","Function","DEFAULT",false,true
"1001a8ec","FUN_1001a8ec","Global","Function","DEFAULT",false,true
"1001a927","LAB_1001a927","Global","Label","DEFAULT",false,true
"1001a934","LAB_1001a934","Global","Label","DEFAULT",false,true
"1001a939","FUN_1001a939","Global","Function","DEFAULT",false,true
"1001a967","LAB_1001a967","Global","Label","DEFAULT",false,true
"1001a997","LAB_1001a997","Global","Label","DEFAULT",false,true
"1001a9b8","LAB_1001a9b8","Global","Label","DEFAULT",false,true
"1001aa00","LAB_1001aa00","Global","Label","DEFAULT",false,true
"1001aa19","LAB_1001aa19","Global","Label","DEFAULT",false,true
"1001aa36","LAB_1001aa36","Global","Label","DEFAULT",false,true
"1001aa53","LAB_1001aa53","Global","Label","DEFAULT",false,true
"1001aa58","LAB_1001aa58","Global","Label","DEFAULT",false,true
"1001aa59","LAB_1001aa59","Global","Label","DEFAULT",false,true
"1001aa69","FUN_1001aa69","Global","Function","DEFAULT",false,true
"1001aa71","FUN_1001aa71","Global","Function","DEFAULT",false,true
"1001aa9e","LAB_1001aa9e","Global","Label","DEFAULT",false,true
"1001aab6","LAB_1001aab6","Global","Label","DEFAULT",false,true
"1001aadd","LAB_1001aadd","Global","Label","DEFAULT",false,true
"1001aae2","LAB_1001aae2","Global","Label","DEFAULT",false,true
"1001aaf8","LAB_1001aaf8","Global","Label","DEFAULT",false,true
"1001aafb","LAB_1001aafb","Global","Label","DEFAULT",false,true
"1001ab02","FUN_1001ab02","Global","Function","DEFAULT",false,true
"1001ab30","LAB_1001ab30","Global","Label","DEFAULT",false,true
"1001ab36","LAB_1001ab36","Global","Label","DEFAULT",false,true
"1001ab51","LAB_1001ab51","Global","Label","DEFAULT",false,true
"1001ab65","LAB_1001ab65","Global","Label","DEFAULT",false,true
"1001ab97","LAB_1001ab97","Global","Label","DEFAULT",false,true
"1001abc3","LAB_1001abc3","Global","Label","DEFAULT",false,true
"1001abca","FUN_1001abca","Global","Function","DEFAULT",false,true
"1001ac33","LAB_1001ac33","Global","Label","DEFAULT",false,true
"1001ac4f","LAB_1001ac4f","Global","Label","DEFAULT",false,true
"1001ac55","setbuf","Global","Function","ANALYSIS",false,true
"1001ac70","LAB_1001ac70","Global","Label","DEFAULT",false,true
"1001ac72","LAB_1001ac72","Global","Label","DEFAULT",false,true
"1001ac9f","LAB_1001ac9f","Global","Label","DEFAULT",false,true
"1001aca1","LAB_1001aca1","Global","Label","DEFAULT",false,true
"1001aca6","FUN_1001aca6","Global","Function","DEFAULT",false,true
"1001ace4","LAB_1001ace4","Global","Label","DEFAULT",false,true
"1001ace8","FUN_1001ace8","Global","Function","DEFAULT",false,true
"1001ad25","LAB_1001ad25","Global","Label","DEFAULT",false,true
"1001ad2b","LAB_1001ad2b","Global","Label","DEFAULT",false,true
"1001ad35","LAB_1001ad35","Global","Label","DEFAULT",false,true
"1001ad60","LAB_1001ad60","Global","Label","DEFAULT",false,true
"1001ad8f","LAB_1001ad8f","Global","Label","DEFAULT",false,true
"1001ade4","LAB_1001ade4","Global","Label","DEFAULT",false,true
"1001ae1c","LAB_1001ae1c","Global","Label","DEFAULT",false,true
"1001ae21","LAB_1001ae21","Global","Label","DEFAULT",false,true
"1001ae27","LAB_1001ae27","Global","Label","DEFAULT",false,true
"1001ae32","LAB_1001ae32","Global","Label","DEFAULT",false,true
"1001ae38","LAB_1001ae38","Global","Label","DEFAULT",false,true
"1001ae45","LAB_1001ae45","Global","Label","DEFAULT",false,true
"1001ae56","LAB_1001ae56","Global","Label","DEFAULT",false,true
"1001ae6d","LAB_1001ae6d","Global","Label","DEFAULT",false,true
"1001ae86","LAB_1001ae86","Global","Label","DEFAULT",false,true
"1001ae8c","uflow","Global","Function","ANALYSIS",false,true
"1001aebd","LAB_1001aebd","Global","Label","DEFAULT",false,true
"1001aec3","underflow","Global","Function","ANALYSIS",false,true
"1001aee0","LAB_1001aee0","Global","Label","DEFAULT",false,true
"1001af15","LAB_1001af15","Global","Label","DEFAULT",false,true
"1001af19","FUN_1001af19","Global","Function","DEFAULT",false,true
"1001af1f","FUN_1001af1f","Global","Function","DEFAULT",false,true
"1001af34","FUN_1001af34","Global","Function","DEFAULT",false,true
"1001af64","LAB_1001af64","Global","Label","DEFAULT",false,true
"1001af67","LAB_1001af67","Global","Label","DEFAULT",false,true
"1001af7f","LAB_1001af7f","Global","Label","DEFAULT",false,true
"1001af84","LAB_1001af84","Global","Label","DEFAULT",false,true
"1001af97","LAB_1001af97","Global","Label","DEFAULT",false,true
"1001afa1","LAB_1001afa1","Global","Label","DEFAULT",false,true
"1001afa9","LAB_1001afa9","Global","Label","DEFAULT",false,true
"1001afd9","LAB_1001afd9","Global","Label","DEFAULT",false,true
"1001b00a","LAB_1001b00a","Global","Label","DEFAULT",false,true
"1001b027","LAB_1001b027","Global","Label","DEFAULT",false,true
"1001b02d","LAB_1001b02d","Global","Label","DEFAULT",false,true
"1001b03a","FUN_1001b03a","Global","Function","DEFAULT",false,true
"1001b04f","FUN_1001b04f","Global","Function","DEFAULT",false,true
"1001b07f","LAB_1001b07f","Global","Label","DEFAULT",false,true
"1001b082","LAB_1001b082","Global","Label","DEFAULT",false,true
"1001b09a","LAB_1001b09a","Global","Label","DEFAULT",false,true
"1001b09f","LAB_1001b09f","Global","Label","DEFAULT",false,true
"1001b0b2","LAB_1001b0b2","Global","Label","DEFAULT",false,true
"1001b0bc","LAB_1001b0bc","Global","Label","DEFAULT",false,true
"1001b0c4","LAB_1001b0c4","Global","Label","DEFAULT",false,true
"1001b0f2","LAB_1001b0f2","Global","Label","DEFAULT",false,true
"1001b121","LAB_1001b121","Global","Label","DEFAULT",false,true
"1001b13c","LAB_1001b13c","Global","Label","DEFAULT",false,true
"1001b142","LAB_1001b142","Global","Label","DEFAULT",false,true
"1001b14f","FUN_1001b14f","Global","Function","DEFAULT",false,true
"1001b15c","LAB_1001b15c","Global","Label","DEFAULT",false,true
"1001b16f","LAB_1001b16f","Global","Label","DEFAULT",false,true
"1001b173","FUN_1001b173","Global","Function","DEFAULT",false,true
"1001b188","LAB_1001b188","Global","Label","DEFAULT",false,true
"1001b197","LAB_1001b197","Global","Label","DEFAULT",false,true
"1001b1bb","LAB_1001b1bb","Global","Label","DEFAULT",false,true
"1001b1bd","LAB_1001b1bd","Global","Label","DEFAULT",false,true
"1001b1c0","LAB_1001b1c0","Global","Label","DEFAULT",false,true
"1001b1d8","LAB_1001b1d8","Global","Label","DEFAULT",false,true
"1001b1de","LAB_1001b1de","Global","Label","DEFAULT",false,true
"1001b1ed","LocalFree","KERNEL32.DLL","Function","DEFAULT",false,true
"1001b1f3","FUN_1001b1f3","Global","Function","DEFAULT",false,true
"1001b205","LAB_1001b205","Global","Label","DEFAULT",false,true
"1001b206","FUN_1001b206","Global","Function","DEFAULT",false,true
"1001b245","LAB_1001b245","Global","Label","DEFAULT",false,true
"1001b249","LAB_1001b249","Global","Label","DEFAULT",false,true
"1001b255","LAB_1001b255","Global","Label","DEFAULT",false,true
"1001b263","LAB_1001b263","Global","Label","DEFAULT",false,true
"1001b26d","LAB_1001b26d","Global","Label","DEFAULT",false,true
"1001b270","LAB_1001b270","Global","Label","DEFAULT",false,true
"1001b274","LAB_1001b274","Global","Label","DEFAULT",false,true
"1001b27a","FUN_1001b27a","Global","Function","DEFAULT",false,true
"1001b282","LAB_1001b282","Global","Label","DEFAULT",false,true
"1001b29d","LAB_1001b29d","Global","Label","DEFAULT",false,true
"1001b2ff","LAB_1001b2ff","Global","Label","DEFAULT",false,true
"1001b300","LAB_1001b300","Global","Label","DEFAULT",false,true
"1001b30a","LAB_1001b30a","Global","Label","DEFAULT",false,true
"1001b30d","FUN_1001b30d","Global","Function","DEFAULT",false,true
"1001b344","LAB_1001b344","Global","Label","DEFAULT",false,true
"1001b354","LAB_1001b354","Global","Label","DEFAULT",false,true
"1001b369","FUN_1001b369","Global","Function","DEFAULT",false,true
"1001b3a3","LAB_1001b3a3","Global","Label","DEFAULT",false,true
"1001b3b4","LAB_1001b3b4","Global","Label","DEFAULT",false,true
"1001b3bb","LAB_1001b3bb","Global","Label","DEFAULT",false,true
"1001b3bc","LAB_1001b3bc","Global","Label","DEFAULT",false,true
"1001b3c9","FUN_1001b3c9","Global","Function","DEFAULT",false,true
"1001b410","LAB_1001b410","Global","Label","DEFAULT",false,true
"1001b429","LAB_1001b429","Global","Label","DEFAULT",false,true
"1001b43e","FUN_1001b43e","Global","Function","DEFAULT",false,true
"1001b498","LAB_1001b498","Global","Label","DEFAULT",false,true
"1001b4b9","LAB_1001b4b9","Global","Label","DEFAULT",false,true
"1001b4d3","LAB_1001b4d3","Global","Label","DEFAULT",false,true
"1001b4ed","LAB_1001b4ed","Global","Label","DEFAULT",false,true
"1001b506","LAB_1001b506","Global","Label","DEFAULT",false,true
"1001b517","LAB_1001b517","Global","Label","DEFAULT",false,true
"1001b536","FUN_1001b536","Global","Function","DEFAULT",false,true
"1001b54c","LAB_1001b54c","Global","Label","DEFAULT",false,true
"1001b550","LAB_1001b550","Global","Label","DEFAULT",false,true
"1001b556","___std_fs_code_page@0","Global","Function","ANALYSIS",false,true
"1001b567","LAB_1001b567","Global","Label","DEFAULT",false,true
"1001b573","___std_fs_convert_narrow_to_wide@20","Global","Function","ANALYSIS",false,true
"1001b59e","LAB_1001b59e","Global","Label","DEFAULT",false,true
"1001b5a0","LAB_1001b5a0","Global","Label","DEFAULT",false,true
"1001b5a7","___std_fs_convert_wide_to_narrow@20","Global","Function","ANALYSIS",false,true
"1001b5f3","LAB_1001b5f3","Global","Label","DEFAULT",false,true
"1001b611","LAB_1001b611","Global","Label","DEFAULT",false,true
"1001b61f","LAB_1001b61f","Global","Label","DEFAULT",false,true
"1001b621","LAB_1001b621","Global","Label","DEFAULT",false,true
"1001b64f","LAB_1001b64f","Global","Label","DEFAULT",false,true
"1001b651","LAB_1001b651","Global","Label","DEFAULT",false,true
"1001b653","LAB_1001b653","Global","Label","DEFAULT",false,true
"1001b65a","FUN_1001b65a","Global","Function","DEFAULT",false,true
"1001b68d","LAB_1001b68d","Global","Label","DEFAULT",false,true
"1001b68f","LAB_1001b68f","Global","Label","DEFAULT",false,true
"1001b6bf","LAB_1001b6bf","Global","Label","DEFAULT",false,true
"1001b6c1","LAB_1001b6c1","Global","Label","DEFAULT",false,true
"1001b6c9","FUN_1001b6c9","Global","Function","DEFAULT",false,true
"1001b6e8","LAB_1001b6e8","Global","Label","DEFAULT",false,true
"1001b71b","LAB_1001b71b","Global","Label","DEFAULT",false,true
"1001b71f","LAB_1001b71f","Global","Label","DEFAULT",false,true
"1001b727","FUN_1001b727","Global","Function","DEFAULT",false,true
"1001b73e","LAB_1001b73e","Global","Label","DEFAULT",false,true
"1001b744","LAB_1001b744","Global","Label","DEFAULT",false,true
"1001b748","FUN_1001b748","Global","Function","DEFAULT",false,true
"1001b75e","LAB_1001b75e","Global","Label","DEFAULT",false,true
"1001b762","LAB_1001b762","Global","Label","DEFAULT",false,true
"1001b768","___std_fs_directory_iterator_open@12","Global","Function","ANALYSIS",false,true
"1001b795","LAB_1001b795","Global","Label","DEFAULT",false,true
"1001b79b","LAB_1001b79b","Global","Label","DEFAULT",false,true
"1001b79f","FUN_1001b79f","Global","Function","DEFAULT",false,true
"1001b7e7","LAB_1001b7e7","Global","Label","DEFAULT",false,true
"1001b804","LAB_1001b804","Global","Label","DEFAULT",false,true
"1001b80a","LAB_1001b80a","Global","Label","DEFAULT",false,true
"1001b830","LAB_1001b830","Global","Label","DEFAULT",false,true
"1001b86e","LAB_1001b86e","Global","Label","DEFAULT",false,true
"1001b8a7","LAB_1001b8a7","Global","Label","DEFAULT",false,true
"1001b8c8","LAB_1001b8c8","Global","Label","DEFAULT",false,true
"1001b8dc","LAB_1001b8dc","Global","Label","DEFAULT",false,true
"1001b91b","LAB_1001b91b","Global","Label","DEFAULT",false,true
"1001b929","LAB_1001b929","Global","Label","DEFAULT",false,true
"1001b95f","LAB_1001b95f","Global","Label","DEFAULT",false,true
"1001b977","LAB_1001b977","Global","Label","DEFAULT",false,true
"1001b984","LAB_1001b984","Global","Label","DEFAULT",false,true
"1001b9ca","LAB_1001b9ca","Global","Label","DEFAULT",false,true
"1001b9d1","LAB_1001b9d1","Global","Label","DEFAULT",false,true
"1001b9d4","LAB_1001b9d4","Global","Label","DEFAULT",false,true
"1001ba01","LAB_1001ba01","Global","Label","DEFAULT",false,true
"1001ba09","LAB_1001ba09","Global","Label","DEFAULT",false,true
"1001ba0c","LAB_1001ba0c","Global","Label","DEFAULT",false,true
"1001ba16","LAB_1001ba16","Global","Label","DEFAULT",false,true
"1001ba18","LAB_1001ba18","Global","Label","DEFAULT",false,true
"1001ba29","___std_fs_open_handle@16","Global","Function","ANALYSIS",false,true
"1001ba56","LAB_1001ba56","Global","Label","DEFAULT",false,true
"1001ba5d","FUN_1001ba5d","Global","Function","DEFAULT",false,true
"1001ba6b","FUN_1001ba6b","Global","Function","DEFAULT",false,true
"1001ba80","__Mtxlock","Global","Function","ANALYSIS",false,true
"1001ba8e","FUN_1001ba8e","Global","Function","DEFAULT",false,true
"1001ba9c","LAB_1001ba9c","Global","Label","DEFAULT",false,true
"1001bad0","FUN_1001bad0","Global","Function","DEFAULT",false,true
"1001bb0c","LAB_1001bb0c","Global","Label","DEFAULT",false,true
"1001bb12","LAB_1001bb12","Global","Label","DEFAULT",false,true
"1001bb25","??1_Init_atexit@@QAE@XZ","Global","Label","ANALYSIS",false,false
"1001bb25","~_Init_atexit","_Init_atexit","Function","ANALYSIS",false,true
"1001bb4a","LAB_1001bb4a","Global","Label","DEFAULT",false,true
"1001bb6f","LAB_1001bb6f","Global","Label","DEFAULT",false,true
"1001bb8d","?_Atexit@@YAXP6AXXZ@Z","Global","Label","ANALYSIS",false,false
"1001bb8d","_Atexit","Global","Function","ANALYSIS",false,true
"1001bbbc","FUN_1001bbbc","Global","Function","DEFAULT",false,true
"1001bbd4","LAB_1001bbd4","Global","Label","DEFAULT",false,true
"1001bbd5","FUN_1001bbd5","Global","Function","DEFAULT",false,true
"1001bc03","LAB_1001bc03","Global","Label","DEFAULT",false,true
"1001bc5b","LAB_1001bc5b","Global","Label","DEFAULT",false,true
"1001bc6e","LAB_1001bc6e","Global","Label","DEFAULT",false,true
"1001bc71","LAB_1001bc71","Global","Label","DEFAULT",false,true
"1001bcee","LAB_1001bcee","Global","Label","DEFAULT",false,true
"1001bd13","LAB_1001bd13","Global","Label","DEFAULT",false,true
"1001bd26","LAB_1001bd26","Global","Label","DEFAULT",false,true
"1001bd29","LAB_1001bd29","Global","Label","DEFAULT",false,true
"1001bd59","LAB_1001bd59","Global","Label","DEFAULT",false,true
"1001bd5f","LAB_1001bd5f","Global","Label","DEFAULT",false,true
"1001bd6f","LAB_1001bd6f","Global","Label","DEFAULT",false,true
"1001bd76","LAB_1001bd76","Global","Label","DEFAULT",false,true
"1001bd80","LAB_1001bd80","Global","Label","DEFAULT",false,true
"1001bd87","LAB_1001bd87","Global","Label","DEFAULT",false,true
"1001bd89","LAB_1001bd89","Global","Label","DEFAULT",false,true
"1001bd93","LAB_1001bd93","Global","Label","DEFAULT",false,true
"1001bda5","FUN_1001bda5","Global","Function","DEFAULT",false,true
"1001bdc1","LAB_1001bdc1","Global","Label","DEFAULT",false,true
"1001bdc3","___crtLCMapStringW","Global","Function","ANALYSIS",false,true
"1001bde2","LAB_1001bde2","Global","Label","DEFAULT",false,true
"1001be00","FUN_1001be00","Global","Function","DEFAULT",false,true
"1001be0e","FUN_1001be0e","Global","Function","DEFAULT",false,true
"1001be2e","LAB_1001be2e","Global","Label","DEFAULT",false,true
"1001be40","LAB_1001be40","Global","Label","DEFAULT",false,true
"1001be43","LAB_1001be43","Global","Label","DEFAULT",false,true
"1001be49","LAB_1001be49","Global","Label","DEFAULT",false,true
"1001be4c","LAB_1001be4c","Global","Label","DEFAULT",false,true
"1001be50","___scrt_acquire_startup_lock","Global","Function","ANALYSIS",false,true
"1001be6a","LAB_1001be6a","Global","Label","DEFAULT",false,true
"1001be6e","LAB_1001be6e","Global","Label","DEFAULT",false,true
"1001be7a","LAB_1001be7a","Global","Label","DEFAULT",false,true
"1001be7e","LAB_1001be7e","Global","Label","DEFAULT",false,true
"1001be82","___scrt_dllmain_after_initialize_c","Global","Function","ANALYSIS",false,true
"1001be92","LAB_1001be92","Global","Label","DEFAULT",false,true
"1001bea5","LAB_1001bea5","Global","Label","DEFAULT",false,true
"1001beaa","LAB_1001beaa","Global","Label","DEFAULT",false,true
"1001bead","FUN_1001bead","Global","Function","DEFAULT",false,true
"1001bebb","___scrt_dllmain_crt_thread_attach","Global","Function","ANALYSIS",false,true
"1001bec4","LAB_1001bec4","Global","Label","DEFAULT",false,true
"1001bec7","LAB_1001bec7","Global","Label","DEFAULT",false,true
"1001bed7","LAB_1001bed7","Global","Label","DEFAULT",false,true
"1001beda","___scrt_dllmain_crt_thread_detach","Global","Function","ANALYSIS",false,true
"1001bee7","___scrt_dllmain_exception_filter","Global","Function","ANALYSIS",false,true
"1001bf0c","LAB_1001bf0c","Global","Label","DEFAULT",false,true
"1001bf1b","FUN_1001bf1b","Global","Function","DEFAULT",false,true
"1001bf30","LAB_1001bf30","Global","Label","DEFAULT",false,true
"1001bf3e","FUN_1001bf3e","Global","Function","DEFAULT",false,true
"1001bf4b","___scrt_initialize_crt","Global","Function","ANALYSIS",false,true
"1001bf5b","LAB_1001bf5b","Global","Label","DEFAULT",false,true
"1001bf69","LAB_1001bf69","Global","Label","DEFAULT",false,true
"1001bf6d","LAB_1001bf6d","Global","Label","DEFAULT",false,true
"1001bf80","LAB_1001bf80","Global","Label","DEFAULT",false,true
"1001bf84","FUN_1001bf84","Global","Function","DEFAULT",false,true
"1001bf94","LAB_1001bf94","Global","Label","DEFAULT",false,true
"1001bfa1","LAB_1001bfa1","Global","Label","DEFAULT",false,true
"1001bfcc","LAB_1001bfcc","Global","Label","DEFAULT",false,true
"1001bfd0","LAB_1001bfd0","Global","Label","DEFAULT",false,true
"1001bff7","LAB_1001bff7","Global","Label","DEFAULT",false,true
"1001c000","LAB_1001c000","Global","Label","DEFAULT",false,true
"1001c003","LAB_1001c003","Global","Label","DEFAULT",false,true
"1001c00b","FUN_1001c00b","Global","Function","DEFAULT",false,true
"1001c089","LAB_1001c089","Global","Label","DEFAULT",false,true
"1001c092","LAB_1001c092","Global","Label","DEFAULT",false,true
"1001c0a2","___scrt_release_startup_lock","Global","Function","ANALYSIS",false,true
"1001c0bd","LAB_1001c0bd","Global","Label","DEFAULT",false,true
"1001c0bf","___scrt_uninitialize_crt","Global","Function","ANALYSIS",false,true
"1001c0d1","LAB_1001c0d1","Global","Label","DEFAULT",false,true
"1001c0e3","LAB_1001c0e3","Global","Label","DEFAULT",false,true
"1001c0e7","FUN_1001c0e7","Global","Function","DEFAULT",false,true
"1001c0fd","LAB_1001c0fd","Global","Label","DEFAULT",false,true
"1001c108","LAB_1001c108","Global","Label","DEFAULT",false,true
"1001c115","FUN_1001c115","Global","Function","DEFAULT",false,true
"1001c12a","??2@YAPAXI@Z","Global","Label","ANALYSIS",false,false
"1001c12a","operator_new","Global","Function","ANALYSIS",false,true
"1001c12f","LAB_1001c12f","Global","Label","DEFAULT",false,true
"1001c13c","LAB_1001c13c","Global","Label","DEFAULT",false,true
"1001c14b","LAB_1001c14b","Global","Label","DEFAULT",false,true
"1001c15a","__security_check_cookie","Global","Function","ANALYSIS",false,true
"1001c163","LAB_1001c163","Global","Label","DEFAULT",false,true
"1001c168","__EH_epilog3","Global","Function","ANALYSIS",false,true
"1001c17c","FUN_1001c17c","Global","Function","DEFAULT",false,true
"1001c18b","__EH_prolog3","Global","Function","ANALYSIS",false,true
"1001c1be","__EH_prolog3_GS","Global","Function","ANALYSIS",false,true
"1001c1f4","__EH_prolog3_catch","Global","Function","ANALYSIS",false,true
"1001c22a","FUN_1001c22a","Global","Function","DEFAULT",false,true
"1001c246","LAB_1001c246","Global","Label","DEFAULT",false,true
"1001c24d","thunk_FUN_100225ce","Global","Function","DEFAULT",false,true
"1001c260","__alldiv","Global","Function","ANALYSIS",false,true
"1001c281","LAB_1001c281","Global","Label","DEFAULT",false,true
"1001c29d","LAB_1001c29d","Global","Label","DEFAULT",false,true
"1001c2b9","LAB_1001c2b9","Global","Label","DEFAULT",false,true
"1001c2c7","LAB_1001c2c7","Global","Label","DEFAULT",false,true
"1001c2f5","LAB_1001c2f5","Global","Label","DEFAULT",false,true
"1001c2f6","LAB_1001c2f6","Global","Label","DEFAULT",false,true
"1001c2fa","LAB_1001c2fa","Global","Label","DEFAULT",false,true
"1001c304","LAB_1001c304","Global","Label","DEFAULT",false,true
"1001c310","__alldvrm","Global","Function","ANALYSIS",false,true
"1001c334","LAB_1001c334","Global","Label","DEFAULT",false,true
"1001c350","LAB_1001c350","Global","Label","DEFAULT",false,true
"1001c37c","LAB_1001c37c","Global","Label","DEFAULT",false,true
"1001c38a","LAB_1001c38a","Global","Label","DEFAULT",false,true
"1001c3b8","LAB_1001c3b8","Global","Label","DEFAULT",false,true
"1001c3c1","LAB_1001c3c1","Global","Label","DEFAULT",false,true
"1001c3c3","LAB_1001c3c3","Global","Label","DEFAULT",false,true
"1001c3d5","LAB_1001c3d5","Global","Label","DEFAULT",false,true
"1001c3e9","LAB_1001c3e9","Global","Label","DEFAULT",false,true
"1001c3f0","__allmul","Global","Function","ANALYSIS",false,true
"1001c409","LAB_1001c409","Global","Label","DEFAULT",false,true
"1001c424","FUN_1001c424","Global","Function","DEFAULT",false,true
"1001c475","FUN_1001c475","Global","Function","DEFAULT",false,true
"1001c489","LAB_1001c489","Global","Label","DEFAULT",false,true
"1001c496","LAB_1001c496","Global","Label","DEFAULT",false,true
"1001c49d","LAB_1001c49d","Global","Label","DEFAULT",false,true
"1001c4bc","LAB_1001c4bc","Global","Label","DEFAULT",false,true
"1001c4c7","FUN_1001c4c7","Global","Function","DEFAULT",false,true
"1001c4dc","FUN_1001c4dc","Global","Function","DEFAULT",false,true
"1001c4e8","LAB_1001c4e8","Global","Label","DEFAULT",false,true
"1001c4fe","FUN_1001c4fe","Global","Function","DEFAULT",false,true
"1001c570","__aulldvrm","Global","Function","ANALYSIS",false,true
"1001c5a1","LAB_1001c5a1","Global","Label","DEFAULT",false,true
"1001c5af","LAB_1001c5af","Global","Label","DEFAULT",false,true
"1001c5dd","LAB_1001c5dd","Global","Label","DEFAULT",false,true
"1001c5e6","LAB_1001c5e6","Global","Label","DEFAULT",false,true
"1001c5e8","LAB_1001c5e8","Global","Label","DEFAULT",false,true
"1001c610","FUN_1001c610","Global","Function","DEFAULT",false,true
"1001c62f","LAB_1001c62f","Global","Label","DEFAULT",false,true
"1001c643","LAB_1001c643","Global","Label","DEFAULT",false,true
"1001c663","LAB_1001c663","Global","Label","DEFAULT",false,true
"1001c669","LAB_1001c669","Global","Label","DEFAULT",false,true
"1001c671","LAB_1001c671","Global","Label","DEFAULT",false,true
"1001c680","FUN_1001c680","Global","Function","DEFAULT",false,true
"1001c69a","LAB_1001c69a","Global","Label","DEFAULT",false,true
"1001c6a9","LAB_1001c6a9","Global","Label","DEFAULT",false,true
"1001c6c6","FUN_1001c6c6","Global","Function","DEFAULT",false,true
"1001c6f6","FUN_1001c6f6","Global","Function","DEFAULT",false,true
"1001c71e","FUN_1001c71e","Global","Function","DEFAULT",false,true
"1001c738","LAB_1001c738","Global","Label","DEFAULT",false,true
"1001c819","FUN_1001c819","Global","Function","DEFAULT",false,true
"1001c826","FUN_1001c826","Global","Function","DEFAULT",false,true
"1001c840","LAB_1001c840","Global","Label","DEFAULT",false,true
"1001c8f6","FUN_1001c8f6","Global","Function","DEFAULT",false,true
"1001c900","__alloca_probe","Global","Function","ANALYSIS",false,true
"1001c900","__chkstk","Global","Label","ANALYSIS",false,false
"1001c914","LAB_1001c914","Global","Label","DEFAULT",false,true
"1001c922","LAB_1001c922","Global","Label","DEFAULT",false,true
"1001c92b","?dllmain_crt_dispatch@@YGHQAUHINSTANCE__@@KQAX@Z","Global","Label","ANALYSIS",false,false
"1001c92b","dllmain_crt_dispatch","Global","Function","ANALYSIS",false,true
"1001c94a","LAB_1001c94a","Global","Label","DEFAULT",false,true
"1001c951","LAB_1001c951","Global","Label","DEFAULT",false,true
"1001c956","LAB_1001c956","Global","Label","DEFAULT",false,true
"1001c95b","LAB_1001c95b","Global","Label","DEFAULT",false,true
"1001c969","LAB_1001c969","Global","Label","DEFAULT",false,true
"1001c979","LAB_1001c979","Global","Label","DEFAULT",false,true
"1001c97a","LAB_1001c97a","Global","Label","DEFAULT",false,true
"1001c97e","FUN_1001c97e","Global","Function","DEFAULT",false,true
"1001ca1b","LAB_1001ca1b","Global","Label","DEFAULT",false,true
"1001ca56","LAB_1001ca56","Global","Label","DEFAULT",false,true
"1001ca64","FUN_1001ca64","Global","Function","DEFAULT",false,true
"1001ca6e","LAB_1001ca6e","Global","Label","DEFAULT",false,true
"1001ca70","LAB_1001ca70","Global","Label","DEFAULT",false,true
"1001ca80","LAB_1001ca80","Global","Label","DEFAULT",false,true
"1001ca88","FUN_1001ca88","Global","Function","DEFAULT",false,true
"1001caa1","LAB_1001caa1","Global","Label","DEFAULT",false,true
"1001cb11","LAB_1001cb11","Global","Label","DEFAULT",false,true
"1001cb24","FUN_1001cb24","Global","Function","DEFAULT",false,true
"1001cb31","FUN_1001cb31","Global","Function","DEFAULT",false,true
"1001cb37","LAB_1001cb37","Global","Label","DEFAULT",false,true
"1001cb3f","FUN_1001cb3f","Global","Function","DEFAULT",false,true
"1001cb61","LAB_1001cb61","Global","Label","DEFAULT",false,true
"1001cb77","LAB_1001cb77","Global","Label","DEFAULT",false,true
"1001cba8","LAB_1001cba8","Global","Label","DEFAULT",false,true
"1001cbe3","LAB_1001cbe3","Global","Label","DEFAULT",false,true
"1001cbec","LAB_1001cbec","Global","Label","DEFAULT",false,true
"1001cc31","LAB_1001cc31","Global","Label","DEFAULT",false,true
"1001cc34","LAB_1001cc34","Global","Label","DEFAULT",false,true
"1001cc3d","LAB_1001cc3d","Global","Label","DEFAULT",false,true
"1001cc4d","?dllmain_raw@@YGHQAUHINSTANCE__@@KQAX@Z","Global","Label","ANALYSIS",false,false
"1001cc4d","dllmain_raw","Global","Function","ANALYSIS",false,true
"1001cc60","LAB_1001cc60","Global","Label","DEFAULT",false,true
"1001cc73","LAB_1001cc73","Global","Label","DEFAULT",false,true
"1001cc78","entry","Global","Function","IMPORTED",false,true
"1001cc86","LAB_1001cc86","Global","Label","DEFAULT",false,true
"1001cca0","__allrem","Global","Function","ANALYSIS",false,true
"1001ccc0","LAB_1001ccc0","Global","Label","DEFAULT",false,true
"1001ccdb","LAB_1001ccdb","Global","Label","DEFAULT",false,true
"1001ccfa","LAB_1001ccfa","Global","Label","DEFAULT",false,true
"1001cd08","LAB_1001cd08","Global","Label","DEFAULT",false,true
"1001cd33","LAB_1001cd33","Global","Label","DEFAULT",false,true
"1001cd3b","LAB_1001cd3b","Global","Label","DEFAULT",false,true
"1001cd46","LAB_1001cd46","Global","Label","DEFAULT",false,true
"1001cd4d","LAB_1001cd4d","Global","Label","DEFAULT",false,true
"1001cd52","FUN_1001cd52","Global","Function","DEFAULT",false,true
"1001ce04","LAB_1001ce04","Global","Label","DEFAULT",false,true
"1001ce0b","LAB_1001ce0b","Global","Label","DEFAULT",false,true
"1001ce5a","LAB_1001ce5a","Global","Label","DEFAULT",false,true
"1001ce84","LAB_1001ce84","Global","Label","DEFAULT",false,true
"1001cea9","LAB_1001cea9","Global","Label","DEFAULT",false,true
"1001ceac","LAB_1001ceac","Global","Label","DEFAULT",false,true
"1001cfd8","LAB_1001cfd8","Global","Label","DEFAULT",false,true
"1001cfe3","LAB_1001cfe3","Global","Label","DEFAULT",false,true
"1001cffc","LAB_1001cffc","Global","Label","DEFAULT",false,true
"1001d065","LAB_1001d065","Global","Label","DEFAULT",false,true
"1001d068","LAB_1001d068","Global","Label","DEFAULT",false,true
"1001d070","__aulldiv","Global","Function","ANALYSIS",false,true
"1001d092","LAB_1001d092","Global","Label","DEFAULT",false,true
"1001d0a0","LAB_1001d0a0","Global","Label","DEFAULT",false,true
"1001d0ce","LAB_1001d0ce","Global","Label","DEFAULT",false,true
"1001d0cf","LAB_1001d0cf","Global","Label","DEFAULT",false,true
"1001d0d3","LAB_1001d0d3","Global","Label","DEFAULT",false,true
"1001d0e0","__aullrem","Global","Function","ANALYSIS",false,true
"1001d101","LAB_1001d101","Global","Label","DEFAULT",false,true
"1001d10f","LAB_1001d10f","Global","Label","DEFAULT",false,true
"1001d13a","LAB_1001d13a","Global","Label","DEFAULT",false,true
"1001d142","LAB_1001d142","Global","Label","DEFAULT",false,true
"1001d151","LAB_1001d151","Global","Label","DEFAULT",false,true
"1001d160","__alloca_probe_16","Global","Function","ANALYSIS",false,true
"1001d176","__alloca_probe_8","Global","Function","ANALYSIS",false,true
"1001d18c","thunk_FUN_100225ce","Global","Function","DEFAULT",false,true
"1001d191","___scrt_is_ucrt_dll_in_use","Global","Function","ANALYSIS",false,true
"1001d19d","FUN_1001d19d","Global","Function","DEFAULT",false,true
"1001d1b8","LAB_1001d1b8","Global","Label","DEFAULT",false,true
"1001d2af","LAB_1001d2af","Global","Label","DEFAULT",false,true
"1001d2b2","FUN_1001d2b2","Global","Function","DEFAULT",false,true
"1001d2c0","__SEH_prolog4","Global","Function","ANALYSIS",false,true
"1001d305","FUN_1001d305","Global","Function","DEFAULT",false,true
"1001d352","___security_init_cookie","Global","Function","ANALYSIS",false,true
"1001d36c","LAB_1001d36c","Global","Label","DEFAULT",false,true
"1001d37e","LAB_1001d37e","Global","Label","DEFAULT",false,true
"1001d38c","LAB_1001d38c","Global","Label","DEFAULT",false,true
"1001d392","LAB_1001d392","Global","Label","DEFAULT",false,true
"1001d39d","FUN_1001d39d","Global","Function","DEFAULT",false,true
"1001d3a9","?__scrt_uninitialize_type_info@@YAXXZ","Global","Label","ANALYSIS",false,false
"1001d3a9","__scrt_uninitialize_type_info","Global","Function","ANALYSIS",false,true
"1001d3b5","FUN_1001d3b5","Global","Function","DEFAULT",false,true
"1001d3d2","FUN_1001d3d2","Global","Function","DEFAULT",false,true
"1001d3d8","FUN_1001d3d8","Global","Function","DEFAULT",false,true
"1001d3e9","LAB_1001d3e9","Global","Label","DEFAULT",false,true
"1001d3f9","LAB_1001d3f9","Global","Label","DEFAULT",false,true
"1001d401","LAB_1001d401","Global","Label","DEFAULT",false,true
"1001d404","FUN_1001d404","Global","Function","DEFAULT",false,true
"1001d415","LAB_1001d415","Global","Label","DEFAULT",false,true
"1001d425","LAB_1001d425","Global","Label","DEFAULT",false,true
"1001d42d","LAB_1001d42d","Global","Label","DEFAULT",false,true
"1001d430","FUN_1001d430","Global","Function","DEFAULT",false,true
"1001d450","LAB_1001d450","Global","Label","DEFAULT",false,true
"1001d474","LAB_1001d474","Global","Label","DEFAULT",false,true
"1001d487","LAB_1001d487","Global","Label","DEFAULT",false,true
"1001d4a0","LAB_1001d4a0","Global","Label","DEFAULT",false,true
"1001d4d9","LAB_1001d4d9","Global","Label","DEFAULT",false,true
"1001d4f0","LAB_1001d4f0","Global","Label","DEFAULT",false,true
"1001d50c","LAB_1001d50c","Global","Label","DEFAULT",false,true
"1001d55d","LAB_1001d55d","Global","Label","DEFAULT",false,true
"1001d568","LAB_1001d568","Global","Label","DEFAULT",false,true
"1001d5b6","LAB_1001d5b6","Global","Label","DEFAULT",false,true
"1001d5c0","LAB_1001d5c0","Global","Label","DEFAULT",false,true
"1001d60c","LAB_1001d60c","Global","Label","DEFAULT",false,true
"1001d624","LAB_1001d624","Global","Label","DEFAULT",false,true
"1001d637","LAB_1001d637","Global","Label","DEFAULT",false,true
"1001d64e","LAB_1001d64e","Global","Label","DEFAULT",false,true
"1001d657","LAB_1001d657","Global","Label","DEFAULT",false,true
"1001d65f","LAB_1001d65f","Global","Label","DEFAULT",false,true
"1001d672","LAB_1001d672","Global","Label","DEFAULT",false,true
"1001d685","switchD","switchD_1001d685","Label","ANALYSIS",false,true
"1001d694","switchdataD_1001d694","switchD_1001d685","Label","ANALYSIS",false,true
"1001d6a4","caseD_0","switchD_1001d685","Label","ANALYSIS",false,true
"1001d6ac","caseD_1","switchD_1001d685","Label","ANALYSIS",false,true
"1001d6b8","caseD_2","switchD_1001d685","Label","ANALYSIS",false,true
"1001d6cc","caseD_3","switchD_1001d685","Label","ANALYSIS",false,true
"1001d6e4","LAB_1001d6e4","Global","Label","DEFAULT",false,true
"1001d710","LAB_1001d710","Global","Label","DEFAULT",false,true
"1001d71d","LAB_1001d71d","Global","Label","DEFAULT",false,true
"1001d738","switchD","switchD_1001d738","Label","ANALYSIS",false,true
"1001d740","switchdataD_1001d740","switchD_1001d738","Label","ANALYSIS",false,true
"1001d750","caseD_0","switchD_1001d738","Label","ANALYSIS",false,true
"1001d758","caseD_1","switchD_1001d738","Label","ANALYSIS",false,true
"1001d768","caseD_2","switchD_1001d738","Label","ANALYSIS",false,true
"1001d77c","caseD_3","switchD_1001d738","Label","ANALYSIS",false,true
"1001d795","LAB_1001d795","Global","Label","DEFAULT",false,true
"1001d79d","LAB_1001d79d","Global","Label","DEFAULT",false,true
"1001d7ac","LAB_1001d7ac","Global","Label","DEFAULT",false,true
"1001d81c","LAB_1001d81c","Global","Label","DEFAULT",false,true
"1001d821","LAB_1001d821","Global","Label","DEFAULT",false,true
"1001d844","LAB_1001d844","Global","Label","DEFAULT",false,true
"1001d84c","LAB_1001d84c","Global","Label","DEFAULT",false,true
"1001d861","LAB_1001d861","Global","Label","DEFAULT",false,true
"1001d865","LAB_1001d865","Global","Label","DEFAULT",false,true
"1001d874","LAB_1001d874","Global","Label","DEFAULT",false,true
"1001d880","LAB_1001d880","Global","Label","DEFAULT",false,true
"1001d88d","LAB_1001d88d","Global","Label","DEFAULT",false,true
"1001d8a0","LAB_1001d8a0","Global","Label","DEFAULT",false,true
"1001d8fd","LAB_1001d8fd","Global","Label","DEFAULT",false,true
"1001d910","LAB_1001d910","Global","Label","DEFAULT",false,true
"1001d92b","LAB_1001d92b","Global","Label","DEFAULT",false,true
"1001d937","LAB_1001d937","Global","Label","DEFAULT",false,true
"1001d946","LAB_1001d946","Global","Label","DEFAULT",false,true
"1001d94d","LAB_1001d94d","Global","Label","DEFAULT",false,true
"1001d960","LAB_1001d960","Global","Label","DEFAULT",false,true
"1001d970","LAB_1001d970","Global","Label","DEFAULT",false,true
"1001d983","LAB_1001d983","Global","Label","DEFAULT",false,true
"1001d98c","LAB_1001d98c","Global","Label","DEFAULT",false,true
"1001d991","LAB_1001d991","Global","Label","DEFAULT",false,true
"1001d99e","LAB_1001d99e","Global","Label","DEFAULT",false,true
"1001d9b0","_memset","Global","Function","ANALYSIS",false,true
"1001d9f5","LAB_1001d9f5","Global","Label","DEFAULT",false,true
"1001da30","LAB_1001da30","Global","Label","DEFAULT",false,true
"1001da6d","LAB_1001da6d","Global","Label","DEFAULT",false,true
"1001da80","LAB_1001da80","Global","Label","DEFAULT",false,true
"1001da85","LAB_1001da85","Global","Label","DEFAULT",false,true
"1001daa1","LAB_1001daa1","Global","Label","DEFAULT",false,true
"1001dab5","LAB_1001dab5","Global","Label","DEFAULT",false,true
"1001dabd","LAB_1001dabd","Global","Label","DEFAULT",false,true
"1001dacb","LAB_1001dacb","Global","Label","DEFAULT",false,true
"1001dadb","LAB_1001dadb","Global","Label","DEFAULT",false,true
"1001daf0","LAB_1001daf0","Global","Label","DEFAULT",false,true
"1001db03","LAB_1001db03","Global","Label","DEFAULT",false,true
"1001db0a","___std_exception_copy","Global","Function","ANALYSIS",false,true
"1001db20","LAB_1001db20","Global","Label","DEFAULT",false,true
"1001db54","LAB_1001db54","Global","Label","DEFAULT",false,true
"1001db5f","LAB_1001db5f","Global","Label","DEFAULT",false,true
"1001db6a","LAB_1001db6a","Global","Label","DEFAULT",false,true
"1001db6d","FUN_1001db6d","Global","Function","DEFAULT",false,true
"1001db82","LAB_1001db82","Global","Label","DEFAULT",false,true
"1001db8f","FUN_1001db8f","Global","Function","DEFAULT",false,true
"1001dbcc","LAB_1001dbcc","Global","Label","DEFAULT",false,true
"1001dbd7","LAB_1001dbd7","Global","Label","DEFAULT",false,true
"1001dbfc","FUN_1001dbfc","Global","Function","DEFAULT",false,true
"1001dc23","LAB_1001dc23","Global","Label","DEFAULT",false,true
"1001dc35","LAB_1001dc35","Global","Label","DEFAULT",false,true
"1001dc3a","LAB_1001dc3a","Global","Label","DEFAULT",false,true
"1001dc41","LAB_1001dc41","Global","Label","DEFAULT",false,true
"1001dc45","LAB_1001dc45","Global","Label","DEFAULT",false,true
"1001dc65","LAB_1001dc65","Global","Label","DEFAULT",false,true
"1001dc6b","FUN_1001dc6b","Global","Function","DEFAULT",false,true
"1001dccb","FUN_1001dccb","Global","Function","DEFAULT",false,true
"1001dced","LAB_1001dced","Global","Label","DEFAULT",false,true
"1001ddbb","LAB_1001ddbb","Global","Label","DEFAULT",false,true
"1001ddc4","LAB_1001ddc4","Global","Label","DEFAULT",false,true
"1001ddc7","LAB_1001ddc7","Global","Label","DEFAULT",false,true
"1001ddca","?_JumpToContinuation@@YGXPAXPAUEHRegistrationNode@@@Z","Global","Label","ANALYSIS",false,false
"1001ddca","_JumpToContinuation","Global","Function","ANALYSIS",false,true
"1001ddfa","?_UnwindNestedFrames@@YGXPAUEHRegistrationNode@@PAUEHExceptionRecord@@@Z","Global","Label","ANALYSIS",false,false
"1001ddfa","_UnwindNestedFrames","Global","Function","ANALYSIS",false,true
"1001de4e","FUN_1001de4e","Global","Function","DEFAULT",false,true
"1001de7f","__CreateFrameInfo","Global","Function","ANALYSIS",false,true
"1001dea3","FUN_1001dea3","Global","Function","DEFAULT",false,true
"1001debf","LAB_1001debf","Global","Label","DEFAULT",false,true
"1001dec2","LAB_1001dec2","Global","Label","DEFAULT",false,true
"1001decf","LAB_1001decf","Global","Label","DEFAULT",false,true
"1001ded6","LAB_1001ded6","Global","Label","DEFAULT",false,true
"1001dede","LAB_1001dede","Global","Label","DEFAULT",false,true
"1001dee5","LAB_1001dee5","Global","Label","DEFAULT",false,true
"1001deeb","?TranslatorGuardHandler@@YA?AW4_EXCEPTION_DISPOSITION@@PAUEHExceptionRecord@@PAUTranslatorGuardRN@@PAX2@Z","Global","Label","ANALYSIS",false,false
"1001deeb","FID_conflict:TranslatorGuardHandler","Global","Function","ANALYSIS",false,true
"1001deeb","__TranslatorGuardHandler","Global","Label","ANALYSIS",false,false
"1001df1c","LAB_1001df1c","Global","Label","DEFAULT",false,true
"1001df5b","LAB_1001df5b","Global","Label","DEFAULT",false,true
"1001df87","LAB_1001df87","Global","Label","DEFAULT",false,true
"1001df8a","FID_conflict:___CxxFrameHandler3","Global","Function","ANALYSIS",false,true
"1001df8a","___CxxFrameHandler","Global","Label","ANALYSIS",false,false
"1001df8a","___CxxFrameHandler2","Global","Label","ANALYSIS",false,false
"1001df8a","___CxxFrameHandler3","Global","Label","ANALYSIS",false,false
"1001dfc0","FUN_1001dfc0","Global","Function","DEFAULT",false,true
"1001dfc7","FUN_1001dfc7","Global","Function","DEFAULT",false,true
"1001dfdd","LAB_1001dfdd","Global","Label","DEFAULT",false,true
"1001dfe3","FUN_1001dfe3","Global","Function","DEFAULT",false,true
"1001e023","LAB_1001e023","Global","Label","DEFAULT",false,true
"1001e05d","LAB_1001e05d","Global","Label","DEFAULT",false,true
"1001e07b","LAB_1001e07b","Global","Label","DEFAULT",false,true
"1001e08b","FUN_1001e08b","Global","Function","DEFAULT",false,true
"1001e0c4","LAB_1001e0c4","Global","Label","DEFAULT",false,true
"1001e0c6","LAB_1001e0c6","Global","Label","DEFAULT",false,true
"1001e0ca","LAB_1001e0ca","Global","Label","DEFAULT",false,true
"1001e0e3","__IsExceptionObjectToBeDestroyed","Global","Function","ANALYSIS",false,true
"1001e0f5","LAB_1001e0f5","Global","Label","DEFAULT",false,true
"1001e100","LAB_1001e100","Global","Label","DEFAULT",false,true
"1001e105","LAB_1001e105","Global","Label","DEFAULT",false,true
"1001e109","___AdjustPointer","Global","Function","ANALYSIS",false,true
"1001e12b","LAB_1001e12b","Global","Label","DEFAULT",false,true
"1001e12e","FUN_1001e12e","Global","Function","DEFAULT",false,true
"1001e152","LAB_1001e152","Global","Label","DEFAULT",false,true
"1001e165","LAB_1001e165","Global","Label","DEFAULT",false,true
"1001e16b","LAB_1001e16b","Global","Label","DEFAULT",false,true
"1001e184","FUN_1001e184","Global","Function","DEFAULT",false,true
"1001e18d","Unwind@1001e18d","Global","Function","ANALYSIS",false,true
"1001e1a0","FUN_1001e1a0","Global","Function","DEFAULT",false,true
"1001e1ed","default","switchD_1001e5e1","Label","ANALYSIS",false,true
"1001e206","LAB_1001e206","Global","Label","DEFAULT",false,true
"1001e223","LAB_1001e223","Global","Label","DEFAULT",false,true
"1001e240","LAB_1001e240","Global","Label","DEFAULT",false,true
"1001e25d","LAB_1001e25d","Global","Label","DEFAULT",false,true
"1001e265","LAB_1001e265","Global","Label","DEFAULT",false,true
"1001e282","LAB_1001e282","Global","Label","DEFAULT",false,true
"1001e29f","LAB_1001e29f","Global","Label","DEFAULT",false,true
"1001e2bc","LAB_1001e2bc","Global","Label","DEFAULT",false,true
"1001e2d9","LAB_1001e2d9","Global","Label","DEFAULT",false,true
"1001e2e1","LAB_1001e2e1","Global","Label","DEFAULT",false,true
"1001e2fd","LAB_1001e2fd","Global","Label","DEFAULT",false,true
"1001e31a","LAB_1001e31a","Global","Label","DEFAULT",false,true
"1001e337","LAB_1001e337","Global","Label","DEFAULT",false,true
"1001e354","LAB_1001e354","Global","Label","DEFAULT",false,true
"1001e35c","LAB_1001e35c","Global","Label","DEFAULT",false,true
"1001e379","LAB_1001e379","Global","Label","DEFAULT",false,true
"1001e396","LAB_1001e396","Global","Label","DEFAULT",false,true
"1001e3b3","LAB_1001e3b3","Global","Label","DEFAULT",false,true
"1001e3d0","LAB_1001e3d0","Global","Label","DEFAULT",false,true
"1001e3d8","LAB_1001e3d8","Global","Label","DEFAULT",false,true
"1001e3f4","LAB_1001e3f4","Global","Label","DEFAULT",false,true
"1001e411","LAB_1001e411","Global","Label","DEFAULT",false,true
"1001e42e","LAB_1001e42e","Global","Label","DEFAULT",false,true
"1001e44b","LAB_1001e44b","Global","Label","DEFAULT",false,true
"1001e453","LAB_1001e453","Global","Label","DEFAULT",false,true
"1001e470","LAB_1001e470","Global","Label","DEFAULT",false,true
"1001e48d","LAB_1001e48d","Global","Label","DEFAULT",false,true
"1001e4aa","LAB_1001e4aa","Global","Label","DEFAULT",false,true
"1001e4c7","LAB_1001e4c7","Global","Label","DEFAULT",false,true
"1001e4cf","LAB_1001e4cf","Global","Label","DEFAULT",false,true
"1001e4eb","LAB_1001e4eb","Global","Label","DEFAULT",false,true
"1001e508","LAB_1001e508","Global","Label","DEFAULT",false,true
"1001e525","LAB_1001e525","Global","Label","DEFAULT",false,true
"1001e542","LAB_1001e542","Global","Label","DEFAULT",false,true
"1001e54a","LAB_1001e54a","Global","Label","DEFAULT",false,true
"1001e567","LAB_1001e567","Global","Label","DEFAULT",false,true
"1001e584","LAB_1001e584","Global","Label","DEFAULT",false,true
"1001e5a1","LAB_1001e5a1","Global","Label","DEFAULT",false,true
"1001e5be","LAB_1001e5be","Global","Label","DEFAULT",false,true
"1001e5c6","LAB_1001e5c6","Global","Label","DEFAULT",false,true
"1001e5dd","LAB_1001e5dd","Global","Label","DEFAULT",false,true
"1001e5e1","switchD","switchD_1001e5e1","Label","ANALYSIS",false,true
"1001e5e8","caseD_1c","switchD_1001e5e1","Label","ANALYSIS",false,true
"1001e605","LAB_1001e605","Global","Label","DEFAULT",false,true
"1001e622","LAB_1001e622","Global","Label","DEFAULT",false,true
"1001e63f","LAB_1001e63f","Global","Label","DEFAULT",false,true
"1001e65c","LAB_1001e65c","Global","Label","DEFAULT",false,true
"1001e664","caseD_18","switchD_1001e5e1","Label","ANALYSIS",false,true
"1001e681","LAB_1001e681","Global","Label","DEFAULT",false,true
"1001e69e","LAB_1001e69e","Global","Label","DEFAULT",false,true
"1001e6bb","LAB_1001e6bb","Global","Label","DEFAULT",false,true
"1001e6d8","LAB_1001e6d8","Global","Label","DEFAULT",false,true
"1001e6e0","caseD_14","switchD_1001e5e1","Label","ANALYSIS",false,true
"1001e6fd","LAB_1001e6fd","Global","Label","DEFAULT",false,true
"1001e71a","LAB_1001e71a","Global","Label","DEFAULT",false,true
"1001e737","LAB_1001e737","Global","Label","DEFAULT",false,true
"1001e754","LAB_1001e754","Global","Label","DEFAULT",false,true
"1001e75c","caseD_10","switchD_1001e5e1","Label","ANALYSIS",false,true
"1001e779","LAB_1001e779","Global","Label","DEFAULT",false,true
"1001e796","LAB_1001e796","Global","Label","DEFAULT",false,true
"1001e7b3","LAB_1001e7b3","Global","Label","DEFAULT",false,true
"1001e7d0","LAB_1001e7d0","Global","Label","DEFAULT",false,true
"1001e7d8","caseD_c","switchD_1001e5e1","Label","ANALYSIS",false,true
"1001e7f5","LAB_1001e7f5","Global","Label","DEFAULT",false,true
"1001e812","LAB_1001e812","Global","Label","DEFAULT",false,true
"1001e82f","LAB_1001e82f","Global","Label","DEFAULT",false,true
"1001e84c","LAB_1001e84c","Global","Label","DEFAULT",false,true
"1001e854","caseD_8","switchD_1001e5e1","Label","ANALYSIS",false,true
"1001e871","LAB_1001e871","Global","Label","DEFAULT",false,true
"1001e88e","LAB_1001e88e","Global","Label","DEFAULT",false,true
"1001e8ab","LAB_1001e8ab","Global","Label","DEFAULT",false,true
"1001e8c8","LAB_1001e8c8","Global","Label","DEFAULT",false,true
"1001e8d0","caseD_4","switchD_1001e5e1","Label","ANALYSIS",false,true
"1001e8ec","LAB_1001e8ec","Global","Label","DEFAULT",false,true
"1001e909","LAB_1001e909","Global","Label","DEFAULT",false,true
"1001e926","LAB_1001e926","Global","Label","DEFAULT",false,true
"1001e941","LAB_1001e941","Global","Label","DEFAULT",false,true
"1001e949","caseD_0","switchD_1001e5e1","Label","ANALYSIS",false,true
"1001e950","caseD_1d","switchD_1001e5e1","Label","ANALYSIS",false,true
"1001e96c","LAB_1001e96c","Global","Label","DEFAULT",false,true
"1001e989","LAB_1001e989","Global","Label","DEFAULT",false,true
"1001e9a6","LAB_1001e9a6","Global","Label","DEFAULT",false,true
"1001e9c3","LAB_1001e9c3","Global","Label","DEFAULT",false,true
"1001e9cb","caseD_19","switchD_1001e5e1","Label","ANALYSIS",false,true
"1001e9e8","LAB_1001e9e8","Global","Label","DEFAULT",false,true
"1001ea05","LAB_1001ea05","Global","Label","DEFAULT",false,true
"1001ea22","LAB_1001ea22","Global","Label","DEFAULT",false,true
"1001ea3f","LAB_1001ea3f","Global","Label","DEFAULT",false,true
"1001ea47","caseD_15","switchD_1001e5e1","Label","ANALYSIS",false,true
"1001ea64","LAB_1001ea64","Global","Label","DEFAULT",false,true
"1001ea81","LAB_1001ea81","Global","Label","DEFAULT",false,true
"1001ea9e","LAB_1001ea9e","Global","Label","DEFAULT",false,true
"1001eabb","LAB_1001eabb","Global","Label","DEFAULT",false,true
"1001eac3","caseD_11","switchD_1001e5e1","Label","ANALYSIS",false,true
"1001eadf","LAB_1001eadf","Global","Label","DEFAULT",false,true
"1001eafc","LAB_1001eafc","Global","Label","DEFAULT",false,true
"1001eb19","LAB_1001eb19","Global","Label","DEFAULT",false,true
"1001eb36","LAB_1001eb36","Global","Label","DEFAULT",false,true
"1001eb3e","caseD_d","switchD_1001e5e1","Label","ANALYSIS",false,true
"1001eb5b","LAB_1001eb5b","Global","Label","DEFAULT",false,true
"1001eb78","LAB_1001eb78","Global","Label","DEFAULT",false,true
"1001eb95","LAB_1001eb95","Global","Label","DEFAULT",false,true
"1001ebb2","LAB_1001ebb2","Global","Label","DEFAULT",false,true
"1001ebba","caseD_9","switchD_1001e5e1","Label","ANALYSIS",false,true
"1001ebd6","LAB_1001ebd6","Global","Label","DEFAULT",false,true
"1001ebf3","LAB_1001ebf3","Global","Label","DEFAULT",false,true
"1001ec10","LAB_1001ec10","Global","Label","DEFAULT",false,true
"1001ec2d","LAB_1001ec2d","Global","Label","DEFAULT",false,true
"1001ec35","caseD_5","switchD_1001e5e1","Label","ANALYSIS",false,true
"1001ec52","LAB_1001ec52","Global","Label","DEFAULT",false,true
"1001ec6f","LAB_1001ec6f","Global","Label","DEFAULT",false,true
"1001ec8c","LAB_1001ec8c","Global","Label","DEFAULT",false,true
"1001eca9","LAB_1001eca9","Global","Label","DEFAULT",false,true
"1001ecb1","caseD_1","switchD_1001e5e1","Label","ANALYSIS",false,true
"1001ecbe","caseD_1e","switchD_1001e5e1","Label","ANALYSIS",false,true
"1001ecda","LAB_1001ecda","Global","Label","DEFAULT",false,true
"1001ecf7","LAB_1001ecf7","Global","Label","DEFAULT",false,true
"1001ed14","LAB_1001ed14","Global","Label","DEFAULT",false,true
"1001ed31","LAB_1001ed31","Global","Label","DEFAULT",false,true
"1001ed39","caseD_1a","switchD_1001e5e1","Label","ANALYSIS",false,true
"1001ed55","LAB_1001ed55","Global","Label","DEFAULT",false,true
"1001ed72","LAB_1001ed72","Global","Label","DEFAULT",false,true
"1001ed8f","LAB_1001ed8f","Global","Label","DEFAULT",false,true
"1001edac","LAB_1001edac","Global","Label","DEFAULT",false,true
"1001edb4","caseD_16","switchD_1001e5e1","Label","ANALYSIS",false,true
"1001edd0","LAB_1001edd0","Global","Label","DEFAULT",false,true
"1001eded","LAB_1001eded","Global","Label","DEFAULT",false,true
"1001ee0a","LAB_1001ee0a","Global","Label","DEFAULT",false,true
"1001ee27","LAB_1001ee27","Global","Label","DEFAULT",false,true
"1001ee2f","caseD_12","switchD_1001e5e1","Label","ANALYSIS",false,true
"1001ee4b","LAB_1001ee4b","Global","Label","DEFAULT",false,true
"1001ee68","LAB_1001ee68","Global","Label","DEFAULT",false,true
"1001ee85","LAB_1001ee85","Global","Label","DEFAULT",false,true
"1001eea2","LAB_1001eea2","Global","Label","DEFAULT",false,true
"1001eeaa","caseD_e","switchD_1001e5e1","Label","ANALYSIS",false,true
"1001eec6","LAB_1001eec6","Global","Label","DEFAULT",false,true
"1001eee3","LAB_1001eee3","Global","Label","DEFAULT",false,true
"1001ef00","LAB_1001ef00","Global","Label","DEFAULT",false,true
"1001ef1d","LAB_1001ef1d","Global","Label","DEFAULT",false,true
"1001ef25","caseD_a","switchD_1001e5e1","Label","ANALYSIS",false,true
"1001ef42","LAB_1001ef42","Global","Label","DEFAULT",false,true
"1001ef5f","LAB_1001ef5f","Global","Label","DEFAULT",false,true
"1001ef7c","LAB_1001ef7c","Global","Label","DEFAULT",false,true
"1001ef99","LAB_1001ef99","Global","Label","DEFAULT",false,true
"1001efa1","caseD_6","switchD_1001e5e1","Label","ANALYSIS",false,true
"1001efbd","LAB_1001efbd","Global","Label","DEFAULT",false,true
"1001efda","LAB_1001efda","Global","Label","DEFAULT",false,true
"1001eff7","LAB_1001eff7","Global","Label","DEFAULT",false,true
"1001f014","LAB_1001f014","Global","Label","DEFAULT",false,true
"1001f01c","caseD_2","switchD_1001e5e1","Label","ANALYSIS",false,true
"1001f02f","caseD_1f","switchD_1001e5e1","Label","ANALYSIS",false,true
"1001f04c","LAB_1001f04c","Global","Label","DEFAULT",false,true
"1001f069","LAB_1001f069","Global","Label","DEFAULT",false,true
"1001f086","LAB_1001f086","Global","Label","DEFAULT",false,true
"1001f0a3","LAB_1001f0a3","Global","Label","DEFAULT",false,true
"1001f0ab","caseD_1b","switchD_1001e5e1","Label","ANALYSIS",false,true
"1001f0c7","LAB_1001f0c7","Global","Label","DEFAULT",false,true
"1001f0e4","LAB_1001f0e4","Global","Label","DEFAULT",false,true
"1001f101","LAB_1001f101","Global","Label","DEFAULT",false,true
"1001f11e","LAB_1001f11e","Global","Label","DEFAULT",false,true
"1001f126","caseD_17","switchD_1001e5e1","Label","ANALYSIS",false,true
"1001f142","LAB_1001f142","Global","Label","DEFAULT",false,true
"1001f15f","LAB_1001f15f","Global","Label","DEFAULT",false,true
"1001f17c","LAB_1001f17c","Global","Label","DEFAULT",false,true
"1001f199","LAB_1001f199","Global","Label","DEFAULT",false,true
"1001f1a1","caseD_13","switchD_1001e5e1","Label","ANALYSIS",false,true
"1001f1be","LAB_1001f1be","Global","Label","DEFAULT",false,true
"1001f1db","LAB_1001f1db","Global","Label","DEFAULT",false,true
"1001f1f8","LAB_1001f1f8","Global","Label","DEFAULT",false,true
"1001f215","LAB_1001f215","Global","Label","DEFAULT",false,true
"1001f21d","caseD_f","switchD_1001e5e1","Label","ANALYSIS",false,true
"1001f239","LAB_1001f239","Global","Label","DEFAULT",false,true
"1001f256","LAB_1001f256","Global","Label","DEFAULT",false,true
"1001f273","LAB_1001f273","Global","Label","DEFAULT",false,true
"1001f290","LAB_1001f290","Global","Label","DEFAULT",false,true
"1001f298","caseD_b","switchD_1001e5e1","Label","ANALYSIS",false,true
"1001f2b4","LAB_1001f2b4","Global","Label","DEFAULT",false,true
"1001f2d1","LAB_1001f2d1","Global","Label","DEFAULT",false,true
"1001f2ee","LAB_1001f2ee","Global","Label","DEFAULT",false,true
"1001f30b","LAB_1001f30b","Global","Label","DEFAULT",false,true
"1001f313","caseD_7","switchD_1001e5e1","Label","ANALYSIS",false,true
"1001f330","LAB_1001f330","Global","Label","DEFAULT",false,true
"1001f34d","LAB_1001f34d","Global","Label","DEFAULT",false,true
"1001f36a","LAB_1001f36a","Global","Label","DEFAULT",false,true
"1001f387","LAB_1001f387","Global","Label","DEFAULT",false,true
"1001f38f","caseD_3","switchD_1001e5e1","Label","ANALYSIS",false,true
"1001f3a4","LAB_1001f3a4","Global","Label","DEFAULT",false,true
"1001f3ac","LAB_1001f3ac","Global","Label","DEFAULT",false,true
"1001f3c1","LAB_1001f3c1","Global","Label","DEFAULT",false,true
"1001f3cf","LAB_1001f3cf","Global","Label","DEFAULT",false,true
"1001f3ee","LAB_1001f3ee","Global","Label","DEFAULT",false,true
"1001f407","LAB_1001f407","Global","Label","DEFAULT",false,true
"1001f420","LAB_1001f420","Global","Label","DEFAULT",false,true
"1001f42c","LAB_1001f42c","Global","Label","DEFAULT",false,true
"1001f437","LAB_1001f437","Global","Label","DEFAULT",false,true
"1001f43e","LAB_1001f43e","Global","Label","DEFAULT",false,true
"1001f45d","LAB_1001f45d","Global","Label","DEFAULT",false,true
"1001f476","LAB_1001f476","Global","Label","DEFAULT",false,true
"1001f484","LAB_1001f484","Global","Label","DEFAULT",false,true
"1001f4a3","LAB_1001f4a3","Global","Label","DEFAULT",false,true
"1001f4b4","LAB_1001f4b4","Global","Label","DEFAULT",false,true
"1001f4da","LAB_1001f4da","Global","Label","DEFAULT",false,true
"1001f4dc","LAB_1001f4dc","Global","Label","DEFAULT",false,true
"1001f4e4","switchdataD_1001f4e4","switchD_1001e5e1","Label","ANALYSIS",false,true
"1001f564","FUN_1001f564","Global","Function","DEFAULT",false,true
"1001f571","LAB_1001f571","Global","Label","DEFAULT",false,true
"1001f574","___vcrt_initialize","Global","Function","ANALYSIS",false,true
"1001f57d","LAB_1001f57d","Global","Label","DEFAULT",false,true
"1001f580","LAB_1001f580","Global","Label","DEFAULT",false,true
"1001f590","LAB_1001f590","Global","Label","DEFAULT",false,true
"1001f593","___vcrt_thread_attach","Global","Function","ANALYSIS",false,true
"1001f59e","FUN_1001f59e","Global","Function","DEFAULT",false,true
"1001f5a6","___vcrt_uninitialize","Global","Function","ANALYSIS",false,true
"1001f5b9","LAB_1001f5b9","Global","Label","DEFAULT",false,true
"1001f5bd","FUN_1001f5bd","Global","Function","DEFAULT",false,true
"1001f5d0","_ValidateLocalCookies","Global","Function","ANALYSIS",false,true
"1001f5ef","LAB_1001f5ef","Global","Label","DEFAULT",false,true
"1001f610","__except_handler4","Global","Function","ANALYSIS",false,true
"1001f677","LAB_1001f677","Global","Label","DEFAULT",false,true
"1001f6a4","LAB_1001f6a4","Global","Label","DEFAULT",false,true
"1001f6a7","LAB_1001f6a7","Global","Label","DEFAULT",false,true
"1001f6b4","LAB_1001f6b4","Global","Label","DEFAULT",false,true
"1001f6bd","LAB_1001f6bd","Global","Label","DEFAULT",false,true
"1001f6d4","LAB_1001f6d4","Global","Label","DEFAULT",false,true
"1001f6e0","LAB_1001f6e0","Global","Label","DEFAULT",false,true
"1001f6ea","LAB_1001f6ea","Global","Label","DEFAULT",false,true
"1001f72a","LAB_1001f72a","Global","Label","DEFAULT",false,true
"1001f72d","LAB_1001f72d","Global","Label","DEFAULT",false,true
"1001f751","LAB_1001f751","Global","Label","DEFAULT",false,true
"1001f76e","___std_type_info_compare","Global","Function","ANALYSIS",false,true
"1001f77b","LAB_1001f77b","Global","Label","DEFAULT",false,true
"1001f77f","LAB_1001f77f","Global","Label","DEFAULT",false,true
"1001f785","LAB_1001f785","Global","Label","DEFAULT",false,true
"1001f7a3","LAB_1001f7a3","Global","Label","DEFAULT",false,true
"1001f7aa","___std_type_info_destroy_list","Global","Function","ANALYSIS",false,true
"1001f7bb","LAB_1001f7bb","Global","Label","DEFAULT",false,true
"1001f7cb","LAB_1001f7cb","Global","Label","DEFAULT",false,true
"1001f7cd","FUN_1001f7cd","Global","Function","DEFAULT",false,true
"1001f7e5","LAB_1001f7e5","Global","Label","DEFAULT",false,true
"1001f7e9","FUN_1001f7e9","Global","Function","DEFAULT",false,true
"1001f813","LAB_1001f813","Global","Label","DEFAULT",false,true
"1001f814","___vcrt_getptd","Global","Function","ANALYSIS",false,true
"1001f822","___vcrt_getptd_noexit","Global","Function","ANALYSIS",false,true
"1001f82e","LAB_1001f82e","Global","Label","DEFAULT",false,true
"1001f862","LAB_1001f862","Global","Label","DEFAULT",false,true
"1001f866","LAB_1001f866","Global","Label","DEFAULT",false,true
"1001f88a","LAB_1001f88a","Global","Label","DEFAULT",false,true
"1001f89c","LAB_1001f89c","Global","Label","DEFAULT",false,true
"1001f8a0","LAB_1001f8a0","Global","Label","DEFAULT",false,true
"1001f8a8","LAB_1001f8a8","Global","Label","DEFAULT",false,true
"1001f8b4","FUN_1001f8b4","Global","Function","DEFAULT",false,true
"1001f8c0","LAB_1001f8c0","Global","Label","DEFAULT",false,true
"1001f8ec","___vcrt_initialize_ptd","Global","Function","ANALYSIS",false,true
"1001f901","LAB_1001f901","Global","Label","DEFAULT",false,true
"1001f904","LAB_1001f904","Global","Label","DEFAULT",false,true
"1001f91c","LAB_1001f91c","Global","Label","DEFAULT",false,true
"1001f91f","FUN_1001f91f","Global","Function","DEFAULT",false,true
"1001f93a","LAB_1001f93a","Global","Label","DEFAULT",false,true
"1001f93d","FUN_1001f93d","Global","Function","DEFAULT",false,true
"1001f971","LAB_1001f971","Global","Label","DEFAULT",false,true
"1001f97f","LAB_1001f97f","Global","Label","DEFAULT",false,true
"1001f9a9","LAB_1001f9a9","Global","Label","DEFAULT",false,true
"1001f9b4","LAB_1001f9b4","Global","Label","DEFAULT",false,true
"1001f9cd","LAB_1001f9cd","Global","Label","DEFAULT",false,true
"1001fa04","LAB_1001fa04","Global","Label","DEFAULT",false,true
"1001fa0f","LAB_1001fa0f","Global","Label","DEFAULT",false,true
"1001fa3a","LAB_1001fa3a","Global","Label","DEFAULT",false,true
"1001fa4f","LAB_1001fa4f","Global","Label","DEFAULT",false,true
"1001fa63","LAB_1001fa63","Global","Label","DEFAULT",false,true
"1001fa65","LAB_1001fa65","Global","Label","DEFAULT",false,true
"1001fa75","LAB_1001fa75","Global","Label","DEFAULT",false,true
"1001fa7b","FUN_1001fa7b","Global","Function","DEFAULT",false,true
"1001fa96","LAB_1001fa96","Global","Label","DEFAULT",false,true
"1001fa9c","LAB_1001fa9c","Global","Label","DEFAULT",false,true
"1001fadb","LAB_1001fadb","Global","Label","DEFAULT",false,true
"1001faf3","LAB_1001faf3","Global","Label","DEFAULT",false,true
"1001fb17","FUN_1001fb17","Global","Function","DEFAULT",false,true
"1001fb39","LAB_1001fb39","Global","Label","DEFAULT",false,true
"1001fb93","LAB_1001fb93","Global","Label","DEFAULT",false,true
"1001fb98","FUN_1001fb98","Global","Function","DEFAULT",false,true
"1001fc0a","LAB_1001fc0a","Global","Label","DEFAULT",false,true
"1001fc6b","LAB_1001fc6b","Global","Label","DEFAULT",false,true
"1001fc74","LAB_1001fc74","Global","Label","DEFAULT",false,true
"1001fcab","LAB_1001fcab","Global","Label","DEFAULT",false,true
"1001fcd8","LAB_1001fcd8","Global","Label","DEFAULT",false,true
"1001fce0","LAB_1001fce0","Global","Label","DEFAULT",false,true
"1001fce6","LAB_1001fce6","Global","Label","DEFAULT",false,true
"1001fd23","LAB_1001fd23","Global","Label","DEFAULT",false,true
"1001fd5f","LAB_1001fd5f","Global","Label","DEFAULT",false,true
"1001fda8","LAB_1001fda8","Global","Label","DEFAULT",false,true
"1001fdbb","LAB_1001fdbb","Global","Label","DEFAULT",false,true
"1001fddf","LAB_1001fddf","Global","Label","DEFAULT",false,true
"1001fdf0","LAB_1001fdf0","Global","Label","DEFAULT",false,true
"1001fe1b","LAB_1001fe1b","Global","Label","DEFAULT",false,true
"1001fe1e","LAB_1001fe1e","Global","Label","DEFAULT",false,true
"1001fe3a","LAB_1001fe3a","Global","Label","DEFAULT",false,true
"1001fe4a","LAB_1001fe4a","Global","Label","DEFAULT",false,true
"1001fe70","LAB_1001fe70","Global","Label","DEFAULT",false,true
"1001fe74","LAB_1001fe74","Global","Label","DEFAULT",false,true
"1001fe89","LAB_1001fe89","Global","Label","DEFAULT",false,true
"1001fe9a","LAB_1001fe9a","Global","Label","DEFAULT",false,true
"1001fec0","LAB_1001fec0","Global","Label","DEFAULT",false,true
"1001fecb","LAB_1001fecb","Global","Label","DEFAULT",false,true
"1001fed0","LAB_1001fed0","Global","Label","DEFAULT",false,true
"1001fed5","LAB_1001fed5","Global","Label","DEFAULT",false,true
"1001fef5","LAB_1001fef5","Global","Label","DEFAULT",false,true
"1001ff35","LAB_1001ff35","Global","Label","DEFAULT",false,true
"1001ff3b","FUN_1001ff3b","Global","Function","DEFAULT",false,true
"1001ffa5","LAB_1001ffa5","Global","Label","DEFAULT",false,true
"1001ffec","LAB_1001ffec","Global","Label","DEFAULT",false,true
"10020023","LAB_10020023","Global","Label","DEFAULT",false,true
"10020051","LAB_10020051","Global","Label","DEFAULT",false,true
"10020066","LAB_10020066","Global","Label","DEFAULT",false,true
"10020068","LAB_10020068","Global","Label","DEFAULT",false,true
"1002006b","LAB_1002006b","Global","Label","DEFAULT",false,true
"10020071","??$TypeMatchHelper@$$CBU_s_HandlerType@@@@YAHPBU_s_HandlerType@@PBU_s_CatchableType@@PBU_s_ThrowInfo@@@Z","Global","Label","ANALYSIS",false,false
"10020071","??$TypeMatchHelper@V__FrameHandler3@@@@YAHPBU_s_HandlerType@@PBU_s_CatchableType@@PBU_s_ThrowInfo@@@Z","Global","Label","ANALYSIS",false,false
"10020071","FID_conflict:___TypeMatch","Global","Function","ANALYSIS",false,true
"10020071","___TypeMatch","Global","Label","ANALYSIS",false,false
"10020096","LAB_10020096","Global","Label","DEFAULT",false,true
"100200a2","LAB_100200a2","Global","Label","DEFAULT",false,true
"100200be","LAB_100200be","Global","Label","DEFAULT",false,true
"100200c2","LAB_100200c2","Global","Label","DEFAULT",false,true
"100200c7","LAB_100200c7","Global","Label","DEFAULT",false,true
"100200cf","LAB_100200cf","Global","Label","DEFAULT",false,true
"100200d9","LAB_100200d9","Global","Label","DEFAULT",false,true
"100200e6","LAB_100200e6","Global","Label","DEFAULT",false,true
"100200f0","LAB_100200f0","Global","Label","DEFAULT",false,true
"100200f3","LAB_100200f3","Global","Label","DEFAULT",false,true
"100200f7","LAB_100200f7","Global","Label","DEFAULT",false,true
"100200fa","LAB_100200fa","Global","Label","DEFAULT",false,true
"100200ff","??$__InternalCxxFrameHandler@V__FrameHandler3@@@@YA?AW4_EXCEPTION_DISPOSITION@@PAUEHExceptionRecord@@PAUEHRegistrationNode@@PAU_CONTEXT@@PAXPBU_s_FuncInfo@@H1E@Z","Global","Label","ANALYSIS",false,false
"100200ff","__InternalCxxFrameHandler<__FrameHandler3>","Global","Function","ANALYSIS",false,true
"1002014c","LAB_1002014c","Global","Label","DEFAULT",false,true
"10020178","LAB_10020178","Global","Label","DEFAULT",false,true
"1002018d","LAB_1002018d","Global","Label","DEFAULT",false,true
"1002019b","LAB_1002019b","Global","Label","DEFAULT",false,true
"100201dd","LAB_100201dd","Global","Label","DEFAULT",false,true
"100201f9","LAB_100201f9","Global","Label","DEFAULT",false,true
"100201fc","LAB_100201fc","Global","Label","DEFAULT",false,true
"10020201","FUN_10020201","Global","Function","DEFAULT",false,true
"1002020a","??8type_info@@QBE_NABV0@@Z","Global","Label","ANALYSIS",false,false
"1002020a","operator==","type_info","Function","ANALYSIS",false,true
"10020229","FUN_10020229","Global","Function","DEFAULT",false,true
"10020350","LAB_10020350","Global","Label","DEFAULT",false,true
"1002037d","FUN_1002037d","Global","Function","DEFAULT",false,true
"100203ce","LAB_100203ce","Global","Label","DEFAULT",false,true
"100203f7","LAB_100203f7","Global","Label","DEFAULT",false,true
"100203f8","FUN_100203f8","Global","Function","DEFAULT",false,true
"1002041b","Catch_All@1002041b","Global","Function","ANALYSIS",false,true
"1002042f","LAB_1002042f","Global","Label","DEFAULT",false,true
"1002043a","?ExFilterRethrow@@YAHPAU_EXCEPTION_POINTERS@@@Z","Global","Label","ANALYSIS",false,false
"1002043a","ExFilterRethrow","Global","Function","ANALYSIS",false,true
"1002046b","LAB_1002046b","Global","Label","DEFAULT",false,true
"10020480","LAB_10020480","Global","Label","DEFAULT",false,true
"10020484","?FrameUnwindToEmptyState@__FrameHandler3@@SAXPAUEHRegistrationNode@@PAXPBU_s_FuncInfo@@@Z","Global","Label","ANALYSIS",false,false
"10020484","FrameUnwindToEmptyState","__FrameHandler3","Function","ANALYSIS",false,true
"1002049c","FUN_1002049c","Global","Function","DEFAULT",false,true
"100204cd","LAB_100204cd","Global","Label","DEFAULT",false,true
"1002052e","LAB_1002052e","Global","Label","DEFAULT",false,true
"1002053d","LAB_1002053d","Global","Label","DEFAULT",false,true
"10020570","FUN_10020570","Global","Function","DEFAULT",false,true
"10020583","LAB_10020583","Global","Label","DEFAULT",false,true
"10020584","LAB_10020584","Global","Label","DEFAULT",false,true
"1002058a","FUN_1002058a","Global","Function","DEFAULT",false,true
"100205c2","LAB_100205c2","Global","Label","DEFAULT",false,true
"100205d9","LAB_100205d9","Global","Label","DEFAULT",false,true
"10020604","LAB_10020604","Global","Label","DEFAULT",false,true
"10020606","LAB_10020606","Global","Label","DEFAULT",false,true
"10020609","LAB_10020609","Global","Label","DEFAULT",false,true
"10020617","LAB_10020617","Global","Label","DEFAULT",false,true
"1002061e","LAB_1002061e","Global","Label","DEFAULT",false,true
"10020624","FUN_10020624","Global","Function","DEFAULT",false,true
"10020630","__CallSettingFrame@12","Global","Function","ANALYSIS",false,true
"1002066f","LAB_1002066f","Global","Label","DEFAULT",false,true
"1002067c","FUN_1002067c","Global","Function","DEFAULT",false,true
"100206a5","LAB_100206a5","Global","Label","DEFAULT",false,true
"100206aa","LAB_100206aa","Global","Label","DEFAULT",false,true
"100206ac","___vcrt_initialize_locks","Global","Function","ANALYSIS",false,true
"100206b5","LAB_100206b5","Global","Label","DEFAULT",false,true
"100206de","LAB_100206de","Global","Label","DEFAULT",false,true
"100206e5","LAB_100206e5","Global","Label","DEFAULT",false,true
"100206e8","___vcrt_uninitialize_locks","Global","Function","ANALYSIS",false,true
"100206fd","LAB_100206fd","Global","Label","DEFAULT",false,true
"10020713","LAB_10020713","Global","Label","DEFAULT",false,true
"10020720","FUN_10020720","Global","Function","DEFAULT",false,true
"10020752","LAB_10020752","Global","Label","DEFAULT",false,true
"1002077c","LAB_1002077c","Global","Label","DEFAULT",false,true
"100207b1","LAB_100207b1","Global","Label","DEFAULT",false,true
"100207c0","LAB_100207c0","Global","Label","DEFAULT",false,true
"10020805","LAB_10020805","Global","Label","DEFAULT",false,true
"10020810","@_EH4_CallFilterFunc@8","Global","Label","ANALYSIS",false,false
"10020810","_EH4_CallFilterFunc","Global","Function","ANALYSIS",false,true
"10020830","@_EH4_TransferToHandler@8","Global","Label","ANALYSIS",false,false
"10020830","_EH4_TransferToHandler","Global","Function","ANALYSIS",false,true
"10020850","@_EH4_GlobalUnwind2@8","Global","Label","ANALYSIS",false,false
"10020850","_EH4_GlobalUnwind2","Global","Function","ANALYSIS",false,true
"10020870","@_EH4_LocalUnwind@16","Global","Label","ANALYSIS",false,false
"10020870","_EH4_LocalUnwind","Global","Function","ANALYSIS",false,true
"10020887","FUN_10020887","Global","Function","DEFAULT",false,true
"100208a8","LAB_100208a8","Global","Label","DEFAULT",false,true
"100208b3","LAB_100208b3","Global","Label","DEFAULT",false,true
"100208cc","LAB_100208cc","Global","Label","DEFAULT",false,true
"100208ed","LAB_100208ed","Global","Label","DEFAULT",false,true
"100208f0","LAB_100208f0","Global","Label","DEFAULT",false,true
"100208f5","LAB_100208f5","Global","Label","DEFAULT",false,true
"100208fc","LAB_100208fc","Global","Label","DEFAULT",false,true
"100208fe","LAB_100208fe","Global","Label","DEFAULT",false,true
"10020901","LAB_10020901","Global","Label","DEFAULT",false,true
"10020910","LAB_10020910","Global","Label","DEFAULT",false,true
"10020927","?try_load_library_from_system_directory@@YAPAUHINSTANCE__@@QB_W@Z","Global","Label","ANALYSIS",false,false
"10020927","try_load_library_from_system_directory","Global","Function","ANALYSIS",false,true
"1002096e","LAB_1002096e","Global","Label","DEFAULT",false,true
"10020970","LAB_10020970","Global","Label","DEFAULT",false,true
"10020972","___vcrt_FlsAlloc","Global","Function","ANALYSIS",false,true
"100209a5","LAB_100209a5","Global","Label","DEFAULT",false,true
"100209ad","___vcrt_FlsFree","Global","Function","ANALYSIS",false,true
"100209df","LAB_100209df","Global","Label","DEFAULT",false,true
"100209e5","LAB_100209e5","Global","Label","DEFAULT",false,true
"100209e8","___vcrt_FlsGetValue","Global","Function","ANALYSIS",false,true
"10020a1a","LAB_10020a1a","Global","Label","DEFAULT",false,true
"10020a20","LAB_10020a20","Global","Label","DEFAULT",false,true
"10020a23","___vcrt_FlsSetValue","Global","Function","ANALYSIS",false,true
"10020a58","LAB_10020a58","Global","Label","DEFAULT",false,true
"10020a5e","LAB_10020a5e","Global","Label","DEFAULT",false,true
"10020a61","___vcrt_InitializeCriticalSectionEx","Global","Function","ANALYSIS",false,true
"10020a99","LAB_10020a99","Global","Label","DEFAULT",false,true
"10020aa5","LAB_10020aa5","Global","Label","DEFAULT",false,true
"10020aa8","FUN_10020aa8","Global","Function","DEFAULT",false,true
"10020abf","LAB_10020abf","Global","Label","DEFAULT",false,true
"10020ac5","?GetCurrentState@__FrameHandler3@@SAHPAUEHRegistrationNode@@PAXPBU_s_FuncInfo@@@Z","Global","Label","ANALYSIS",false,false
"10020ac5","GetCurrentState","__FrameHandler3","Function","ANALYSIS",false,true
"10020add","LAB_10020add","Global","Label","DEFAULT",false,true
"10020ae2","FUN_10020ae2","Global","Function","DEFAULT",false,true
"10020af0","FUN_10020af0","Global","Function","DEFAULT",false,true
"10020b00","__NLG_Notify","Global","Function","ANALYSIS",false,true
"10020b0b","LAB_10020b0b","Global","Label","DEFAULT",false,true
"10020b20","FUN_10020b20","Global","Function","DEFAULT",false,true
"10020b23","FUN_10020b23","Global","Function","DEFAULT",false,true
"10020b48","LAB_10020b48","Global","Label","DEFAULT",false,true
"10020b5b","LAB_10020b5b","Global","Label","DEFAULT",false,true
"10020b65","LAB_10020b65","Global","Label","DEFAULT",false,true
"10020b6b","FUN_10020b6b","Global","Function","DEFAULT",false,true
"10020b80","LAB_10020b80","Global","Label","DEFAULT",false,true
"10020b91","LAB_10020b91","Global","Label","DEFAULT",false,true
"10020ba4","LAB_10020ba4","Global","Label","DEFAULT",false,true
"10020ba7","FUN_10020ba7","Global","Function","DEFAULT",false,true
"10020bcb","LAB_10020bcb","Global","Label","DEFAULT",false,true
"10020bd0","FUN_10020bd0","Global","Function","DEFAULT",false,true
"10020bf4","LAB_10020bf4","Global","Label","DEFAULT",false,true
"10020bf7","LAB_10020bf7","Global","Label","DEFAULT",false,true
"10020c16","FUN_10020c16","Global","Function","DEFAULT",false,true
"10020c29","LAB_10020c29","Global","Label","DEFAULT",false,true
"10020c2d","LAB_10020c2d","Global","Label","DEFAULT",false,true
"10020c33","___acrt_call_reportfault","Global","Function","ANALYSIS",false,true
"10020c58","LAB_10020c58","Global","Label","DEFAULT",false,true
"10020d5f","LAB_10020d5f","Global","Label","DEFAULT",false,true
"10020d6c","FUN_10020d6c","Global","Function","DEFAULT",false,true
"10020d7b","FUN_10020d7b","Global","Function","DEFAULT",false,true
"10020db2","FUN_10020db2","Global","Function","DEFAULT",false,true
"10020dcd","LAB_10020dcd","Global","Label","DEFAULT",false,true
"10020de6","LAB_10020de6","Global","Label","DEFAULT",false,true
"10020df7","LAB_10020df7","Global","Label","DEFAULT",false,true
"10020e2f","FUN_10020e2f","Global","Function","DEFAULT",false,true
"10020e3f","__invoke_watson","Global","Function","ANALYSIS",false,true
"10020e50","LAB_10020e50","Global","Label","DEFAULT",false,true
"10020e73","LAB_10020e73","Global","Label","DEFAULT",false,true
"10020e87","LAB_10020e87","Global","Label","DEFAULT",false,true
"10020e8d","LAB_10020e8d","Global","Label","DEFAULT",false,true
"10020e92","LAB_10020e92","Global","Label","DEFAULT",false,true
"10020edd","LAB_10020edd","Global","Label","DEFAULT",false,true
"10020ee5","LAB_10020ee5","Global","Label","DEFAULT",false,true
"10020f23","LAB_10020f23","Global","Label","DEFAULT",false,true
"10020f2a","LAB_10020f2a","Global","Label","DEFAULT",false,true
"10020f3b","FUN_10020f3b","Global","Function","DEFAULT",false,true
"10020f4b","LAB_10020f4b","Global","Label","DEFAULT",false,true
"10020f5a","LAB_10020f5a","Global","Label","DEFAULT",false,true
"10020f97","__get_stream_buffer_pointers","Global","Function","ANALYSIS",false,true
"10020fb8","LAB_10020fb8","Global","Label","DEFAULT",false,true
"10020fc4","LAB_10020fc4","Global","Label","DEFAULT",false,true
"10020fcd","LAB_10020fcd","Global","Label","DEFAULT",false,true
"10020fd9","LAB_10020fd9","Global","Label","DEFAULT",false,true
"10020fdd","__lock_file","Global","Function","ANALYSIS",false,true
"10020ff2","__unlock_file","Global","Function","ANALYSIS",false,true
"10021006","FUN_10021006","Global","Function","DEFAULT",false,true
"1002103a","LAB_1002103a","Global","Label","DEFAULT",false,true
"1002103f","LAB_1002103f","Global","Label","DEFAULT",false,true
"10021053","LAB_10021053","Global","Label","DEFAULT",false,true
"1002107f","LAB_1002107f","Global","Label","DEFAULT",false,true
"10021095","FUN_10021095","Global","Function","DEFAULT",false,true
"1002109d","FUN_1002109d","Global","Function","DEFAULT",false,true
"100210cd","LAB_100210cd","Global","Label","DEFAULT",false,true
"1002110b","LAB_1002110b","Global","Label","DEFAULT",false,true
"1002111e","LAB_1002111e","Global","Label","DEFAULT",false,true
"10021128","LAB_10021128","Global","Label","DEFAULT",false,true
"1002112b","FUN_1002112b","Global","Function","DEFAULT",false,true
"1002115b","??$?RV<lambda_2866be3712abc81a800a822484c830d8>@@AAV<lambda_39ca0ed439415581b5b15c265174cece>@@V<lambda_2b24c74d71094a6cd0cb82e44167d71b>@@@?$__crt_seh_guarded_call@X@@QAEX$$QAV<lambda_2866be3712abc81a800a822484c830d8>@@AAV<lambda_39ca0ed439415581b5b15c265174cece>@@$$QAV<lambda_2b24c74d71094a6cd0cb82e44167d71b>@@@Z","Global","Label","ANALYSIS",false,false
"1002115b","operator()<<lambda_2866be3712abc81a800a822484c830d8>,<lambda_39ca0ed439415581b5b15c265174cece>&,<lambda_2b24c74d71094a6cd0cb82e44167d71b>_>","__crt_seh_guarded_call<void>","Function","ANALYSIS",false,true
"100211a1","LAB_100211a1","Global","Label","DEFAULT",false,true
"100211b7","LAB_100211b7","Global","Label","DEFAULT",false,true
"100211bd","LAB_100211bd","Global","Label","DEFAULT",false,true
"100211db","FUN_100211db","Global","Function","DEFAULT",false,true
"100211e7","??$?RV<lambda_2cc53f568c5a2bb6f192f930a45d44ea>@@AAV<lambda_ab61a845afdef5b7c387490eaf3616ee>@@V<lambda_c2ffc0b7726aa6be21d5f0026187e748>@@@?$__crt_seh_guarded_call@X@@QAEX$$QAV<lambda_2cc53f568c5a2bb6f192f930a45d44ea>@@AAV<lambda_ab61a845afdef5b7c387490eaf3616ee>@@$$QAV<lambda_c2ffc0b7726aa6be21d5f0026187e748>@@@Z","Global","Label","ANALYSIS",false,false
"100211e7","operator()<<lambda_2cc53f568c5a2bb6f192f930a45d44ea>,<lambda_ab61a845afdef5b7c387490eaf3616ee>&,<lambda_c2ffc0b7726aa6be21d5f0026187e748>_>","__crt_seh_guarded_call<void>","Function","ANALYSIS",false,true
"10021213","LAB_10021213","Global","Label","DEFAULT",false,true
"10021264","LAB_10021264","Global","Label","DEFAULT",false,true
"10021269","LAB_10021269","Global","Label","DEFAULT",false,true
"10021287","FUN_10021287","Global","Function","DEFAULT",false,true
"10021293","??$?RV<lambda_6d20deecaf4856105ebacbad442d1079>@@AAV<lambda_9a32fed5bf61b6b509b2d3f6003082a1>@@V<lambda_63ea2239ed67c638ddbae41947fdf875>@@@?$__crt_seh_guarded_call@H@@QAEH$$QAV<lambda_6d20deecaf4856105ebacbad442d1079>@@AAV<lambda_9a32fed5bf61b6b509b2d3f6003082a1>@@$$QAV<lambda_63ea2239ed67c638ddbae41947fdf875>@@@Z","Global","Label","ANALYSIS",false,false
"10021293","operator()<<lambda_6d20deecaf4856105ebacbad442d1079>,<lambda_9a32fed5bf61b6b509b2d3f6003082a1>&,<lambda_63ea2239ed67c638ddbae41947fdf875>_>","__crt_seh_guarded_call<int>","Function","ANALYSIS",false,true
"100212e7","FUN_100212e7","Global","Function","DEFAULT",false,true
"100212f3","?common_flush_all@@YAH_N@Z","Global","Label","ANALYSIS",false,false
"100212f3","common_flush_all","Global","Function","ANALYSIS",false,true
"1002133e","LAB_1002133e","Global","Label","DEFAULT",false,true
"10021340","FUN_10021340","Global","Function","DEFAULT",false,true
"10021369","LAB_10021369","Global","Label","DEFAULT",false,true
"1002136d","LAB_1002136d","Global","Label","DEFAULT",false,true
"10021371","FUN_10021371","Global","Function","DEFAULT",false,true
"1002138a","LAB_1002138a","Global","Label","DEFAULT",false,true
"10021394","FUN_10021394","Global","Function","DEFAULT",false,true
"100213e6","LAB_100213e6","Global","Label","DEFAULT",false,true
"100213f6","LAB_100213f6","Global","Label","DEFAULT",false,true
"100213f8","LAB_100213f8","Global","Label","DEFAULT",false,true
"100213fd","FUN_100213fd","Global","Function","DEFAULT",false,true
"10021424","LAB_10021424","Global","Label","DEFAULT",false,true
"10021451","LAB_10021451","Global","Label","DEFAULT",false,true
"10021454","LAB_10021454","Global","Label","DEFAULT",false,true
"10021462","__flushall","Global","Function","ANALYSIS",false,true
"1002146b","FUN_1002146b","Global","Function","DEFAULT",false,true
"10021486","LAB_10021486","Global","Label","DEFAULT",false,true
"10021499","LAB_10021499","Global","Label","DEFAULT",false,true
"100214be","__fgetc_nolock","Global","Function","ANALYSIS",false,true
"100214df","LAB_100214df","Global","Label","DEFAULT",false,true
"100214ee","LAB_100214ee","Global","Label","DEFAULT",false,true
"100214fa","FUN_100214fa","Global","Function","DEFAULT",false,true
"10021505","FUN_10021505","Global","Function","DEFAULT",false,true
"1002152b","LAB_1002152b","Global","Label","DEFAULT",false,true
"10021533","LAB_10021533","Global","Label","DEFAULT",false,true
"1002157f","LAB_1002157f","Global","Label","DEFAULT",false,true
"10021591","LAB_10021591","Global","Label","DEFAULT",false,true
"100215b1","LAB_100215b1","Global","Label","DEFAULT",false,true
"100215b7","LAB_100215b7","Global","Label","DEFAULT",false,true
"100215ba","LAB_100215ba","Global","Label","DEFAULT",false,true
"100215e6","LAB_100215e6","Global","Label","DEFAULT",false,true
"10021600","LAB_10021600","Global","Label","DEFAULT",false,true
"10021616","FUN_10021616","Global","Function","DEFAULT",false,true
"1002161e","_fgetpos","Global","Function","ANALYSIS",false,true
"1002163e","LAB_1002163e","Global","Label","DEFAULT",false,true
"1002165b","LAB_1002165b","Global","Label","DEFAULT",false,true
"10021676","LAB_10021676","Global","Label","DEFAULT",false,true
"10021679","FUN_10021679","Global","Function","DEFAULT",false,true
"100216aa","LAB_100216aa","Global","Label","DEFAULT",false,true
"100216b2","LAB_100216b2","Global","Label","DEFAULT",false,true
"100216f9","LAB_100216f9","Global","Label","DEFAULT",false,true
"1002170b","LAB_1002170b","Global","Label","DEFAULT",false,true
"1002172b","LAB_1002172b","Global","Label","DEFAULT",false,true
"10021731","LAB_10021731","Global","Label","DEFAULT",false,true
"10021735","LAB_10021735","Global","Label","DEFAULT",false,true
"10021738","LAB_10021738","Global","Label","DEFAULT",false,true
"1002176d","LAB_1002176d","Global","Label","DEFAULT",false,true
"1002178f","LAB_1002178f","Global","Label","DEFAULT",false,true
"100217a5","FUN_100217a5","Global","Function","DEFAULT",false,true
"100217ad","FUN_100217ad","Global","Function","DEFAULT",false,true
"100217cc","LAB_100217cc","Global","Label","DEFAULT",false,true
"100217da","FUN_100217da","Global","Function","DEFAULT",false,true
"1002180e","FUN_1002180e","Global","Function","DEFAULT",false,true
"1002182d","LAB_1002182d","Global","Label","DEFAULT",false,true
"10021838","LAB_10021838","Global","Label","DEFAULT",false,true
"1002183d","LAB_1002183d","Global","Label","DEFAULT",false,true
"1002183f","LAB_1002183f","Global","Label","DEFAULT",false,true
"10021844","LAB_10021844","Global","Label","DEFAULT",false,true
"10021859","LAB_10021859","Global","Label","DEFAULT",false,true
"1002186f","LAB_1002186f","Global","Label","DEFAULT",false,true
"1002187e","LAB_1002187e","Global","Label","DEFAULT",false,true
"10021896","LAB_10021896","Global","Label","DEFAULT",false,true
"1002189d","LAB_1002189d","Global","Label","DEFAULT",false,true
"100218b4","LAB_100218b4","Global","Label","DEFAULT",false,true
"100218d8","LAB_100218d8","Global","Label","DEFAULT",false,true
"10021906","LAB_10021906","Global","Label","DEFAULT",false,true
"10021919","LAB_10021919","Global","Label","DEFAULT",false,true
"1002191e","LAB_1002191e","Global","Label","DEFAULT",false,true
"10021931","LAB_10021931","Global","Label","DEFAULT",false,true
"1002196d","LAB_1002196d","Global","Label","DEFAULT",false,true
"10021993","LAB_10021993","Global","Label","DEFAULT",false,true
"10021998","LAB_10021998","Global","Label","DEFAULT",false,true
"100219a9","LAB_100219a9","Global","Label","DEFAULT",false,true
"100219bc","LAB_100219bc","Global","Label","DEFAULT",false,true
"100219cc","LAB_100219cc","Global","Label","DEFAULT",false,true
"100219ce","LAB_100219ce","Global","Label","DEFAULT",false,true
"100219d5","LAB_100219d5","Global","Label","DEFAULT",false,true
"100219e3","LAB_100219e3","Global","Label","DEFAULT",false,true
"100219e7","_fread","Global","Function","ANALYSIS",false,true
"10021a04","_fread_s","Global","Function","ANALYSIS",false,true
"10021a38","LAB_10021a38","Global","Label","DEFAULT",false,true
"10021a48","LAB_10021a48","Global","Label","DEFAULT",false,true
"10021a4a","LAB_10021a4a","Global","Label","DEFAULT",false,true
"10021a5a","LAB_10021a5a","Global","Label","DEFAULT",false,true
"10021a99","FUN_10021a99","Global","Function","DEFAULT",false,true
"10021aa1","_memcpy_s","Global","Function","ANALYSIS",false,true
"10021ab2","LAB_10021ab2","Global","Label","DEFAULT",false,true
"10021acc","LAB_10021acc","Global","Label","DEFAULT",false,true
"10021ae8","LAB_10021ae8","Global","Label","DEFAULT",false,true
"10021b03","LAB_10021b03","Global","Label","DEFAULT",false,true
"10021b0f","LAB_10021b0f","Global","Label","DEFAULT",false,true
"10021b1b","LAB_10021b1b","Global","Label","DEFAULT",false,true
"10021b1e","LAB_10021b1e","Global","Label","DEFAULT",false,true
"10021b1f","LAB_10021b1f","Global","Label","DEFAULT",false,true
"10021b22","_fsetpos","Global","Function","ANALYSIS",false,true
"10021b2d","LAB_10021b2d","Global","Label","DEFAULT",false,true
"10021b42","LAB_10021b42","Global","Label","DEFAULT",false,true
"10021b5d","?LongLongSub@@YAJ_J0PA_J@Z","Global","Label","ANALYSIS",false,false
"10021b5d","LongLongSub","Global","Function","ANALYSIS",false,true
"10021b82","LAB_10021b82","Global","Label","DEFAULT",false,true
"10021b86","LAB_10021b86","Global","Label","DEFAULT",false,true
"10021b88","LAB_10021b88","Global","Label","DEFAULT",false,true
"10021b94","LAB_10021b94","Global","Label","DEFAULT",false,true
"10021b98","LAB_10021b98","Global","Label","DEFAULT",false,true
"10021b9a","LAB_10021b9a","Global","Label","DEFAULT",false,true
"10021baa","LAB_10021baa","Global","Label","DEFAULT",false,true
"10021bae","LAB_10021bae","Global","Label","DEFAULT",false,true
"10021bb0","LAB_10021bb0","Global","Label","DEFAULT",false,true
"10021bba","LAB_10021bba","Global","Label","DEFAULT",false,true
"10021bbc","LAB_10021bbc","Global","Label","DEFAULT",false,true
"10021bca","LAB_10021bca","Global","Label","DEFAULT",false,true
"10021bd7","FUN_10021bd7","Global","Function","DEFAULT",false,true
"10021beb","LAB_10021beb","Global","Label","DEFAULT",false,true
"10021c0c","LAB_10021c0c","Global","Label","DEFAULT",false,true
"10021c23","LAB_10021c23","Global","Label","DEFAULT",false,true
"10021c28","LAB_10021c28","Global","Label","DEFAULT",false,true
"10021c64","LAB_10021c64","Global","Label","DEFAULT",false,true
"10021c77","FUN_10021c77","Global","Function","DEFAULT",false,true
"10021c81","?common_fseek_binary_mode_read_only_fast_track_nolock@@YA_NV__crt_stdio_stream@@_JH@Z","Global","Label","ANALYSIS",false,false
"10021c81","common_fseek_binary_mode_read_only_fast_track_nolock","Global","Function","ANALYSIS",false,true
"10021cfb","LAB_10021cfb","Global","Label","DEFAULT",false,true
"10021d1e","LAB_10021d1e","Global","Label","DEFAULT",false,true
"10021d20","LAB_10021d20","Global","Label","DEFAULT",false,true
"10021d24","LAB_10021d24","Global","Label","DEFAULT",false,true
"10021d27","LAB_10021d27","Global","Label","DEFAULT",false,true
"10021d3d","LAB_10021d3d","Global","Label","DEFAULT",false,true
"10021d4c","LAB_10021d4c","Global","Label","DEFAULT",false,true
"10021d5a","FUN_10021d5a","Global","Function","DEFAULT",false,true
"10021d80","LAB_10021d80","Global","Label","DEFAULT",false,true
"10021dc6","LAB_10021dc6","Global","Label","DEFAULT",false,true
"10021dfb","LAB_10021dfb","Global","Label","DEFAULT",false,true
"10021e1e","LAB_10021e1e","Global","Label","DEFAULT",false,true
"10021e3f","LAB_10021e3f","Global","Label","DEFAULT",false,true
"10021e41","LAB_10021e41","Global","Label","DEFAULT",false,true
"10021e46","FUN_10021e46","Global","Function","DEFAULT",false,true
"10021e80","FUN_10021e80","Global","Function","DEFAULT",false,true
"10021eba","operator()<>","Global","Function","ANALYSIS",false,true
"10021f09","FUN_10021f09","Global","Function","DEFAULT",false,true
"10021f15","FUN_10021f15","Global","Function","DEFAULT",false,true
"10021f61","FUN_10021f61","Global","Function","DEFAULT",false,true
"10021f9a","LAB_10021f9a","Global","Label","DEFAULT",false,true
"10021f9e","LAB_10021f9e","Global","Label","DEFAULT",false,true
"10021fd8","FUN_10021fd8","Global","Function","DEFAULT",false,true
"10021ff8","LAB_10021ff8","Global","Label","DEFAULT",false,true
"10022016","LAB_10022016","Global","Label","DEFAULT",false,true
"10022018","LAB_10022018","Global","Label","DEFAULT",false,true
"1002201d","LAB_1002201d","Global","Label","DEFAULT",false,true
"10022043","LAB_10022043","Global","Label","DEFAULT",false,true
"10022048","LAB_10022048","Global","Label","DEFAULT",false,true
"1002205a","LAB_1002205a","Global","Label","DEFAULT",false,true
"10022085","LAB_10022085","Global","Label","DEFAULT",false,true
"1002209f","LAB_1002209f","Global","Label","DEFAULT",false,true
"100220c3","LAB_100220c3","Global","Label","DEFAULT",false,true
"100220d7","LAB_100220d7","Global","Label","DEFAULT",false,true
"100220da","LAB_100220da","Global","Label","DEFAULT",false,true
"100220e5","LAB_100220e5","Global","Label","DEFAULT",false,true
"10022110","LAB_10022110","Global","Label","DEFAULT",false,true
"10022116","LAB_10022116","Global","Label","DEFAULT",false,true
"10022119","LAB_10022119","Global","Label","DEFAULT",false,true
"1002211e","LAB_1002211e","Global","Label","DEFAULT",false,true
"1002214c","LAB_1002214c","Global","Label","DEFAULT",false,true
"1002214d","LAB_1002214d","Global","Label","DEFAULT",false,true
"10022158","LAB_10022158","Global","Label","DEFAULT",false,true
"10022160","LAB_10022160","Global","Label","DEFAULT",false,true
"10022166","LAB_10022166","Global","Label","DEFAULT",false,true
"10022174","LAB_10022174","Global","Label","DEFAULT",false,true
"1002217f","FUN_1002217f","Global","Function","DEFAULT",false,true
"100221b9","operator()<>","Global","Function","ANALYSIS",false,true
"10022208","FUN_10022208","Global","Function","DEFAULT",false,true
"10022214","FUN_10022214","Global","Function","DEFAULT",false,true
"10022267","LAB_10022267","Global","Label","DEFAULT",false,true
"10022293","LAB_10022293","Global","Label","DEFAULT",false,true
"1002229c","LAB_1002229c","Global","Label","DEFAULT",false,true
"100222a3","LAB_100222a3","Global","Label","DEFAULT",false,true
"100222a8","LAB_100222a8","Global","Label","DEFAULT",false,true
"100222b0","LAB_100222b0","Global","Label","DEFAULT",false,true
"100222b4","FUN_100222b4","Global","Function","DEFAULT",false,true
"100222c6","LAB_100222c6","Global","Label","DEFAULT",false,true
"100222e9","LAB_100222e9","Global","Label","DEFAULT",false,true
"100222fa","LAB_100222fa","Global","Label","DEFAULT",false,true
"10022303","LAB_10022303","Global","Label","DEFAULT",false,true
"10022310","LAB_10022310","Global","Label","DEFAULT",false,true
"1002234a","?set_buffer@@YAHV__crt_stdio_stream@@QADIH@Z","Global","Label","ANALYSIS",false,false
"1002234a","set_buffer","Global","Function","ANALYSIS",false,true
"1002237d","FUN_1002237d","Global","Function","DEFAULT",false,true
"100223b7","FUN_100223b7","Global","Function","DEFAULT",false,true
"100223fb","LAB_100223fb","Global","Label","DEFAULT",false,true
"10022407","LAB_10022407","Global","Label","DEFAULT",false,true
"10022421","LAB_10022421","Global","Label","DEFAULT",false,true
"10022427","LAB_10022427","Global","Label","DEFAULT",false,true
"10022437","LAB_10022437","Global","Label","DEFAULT",false,true
"1002243a","LAB_1002243a","Global","Label","DEFAULT",false,true
"1002243f","LAB_1002243f","Global","Label","DEFAULT",false,true
"10022442","LAB_10022442","Global","Label","DEFAULT",false,true
"1002245c","LAB_1002245c","Global","Label","DEFAULT",false,true
"1002246c","LAB_1002246c","Global","Label","DEFAULT",false,true
"1002247c","LAB_1002247c","Global","Label","DEFAULT",false,true
"10022495","LAB_10022495","Global","Label","DEFAULT",false,true
"10022497","LAB_10022497","Global","Label","DEFAULT",false,true
"100224ab","_ungetc","Global","Function","ANALYSIS",false,true
"100224d3","LAB_100224d3","Global","Label","DEFAULT",false,true
"10022500","LAB_10022500","Global","Label","DEFAULT",false,true
"10022516","FUN_10022516","Global","Function","DEFAULT",false,true
"1002251e","FID_conflict:___acrt_errno_from_os_error","Global","Function","ANALYSIS",false,true
"1002251e","___acrt_errno_from_os_error","Global","Label","ANALYSIS",false,false
"1002251e","__get_errno_from_oserr","Global","Label","ANALYSIS",false,false
"10022528","LAB_10022528","Global","Label","DEFAULT",false,true
"10022544","LAB_10022544","Global","Label","DEFAULT",false,true
"10022558","LAB_10022558","Global","Label","DEFAULT",false,true
"10022561","___acrt_errno_map_os_error","Global","Function","ANALYSIS",false,true
"10022584","FUN_10022584","Global","Function","DEFAULT",false,true
"100225a8","FUN_100225a8","Global","Function","DEFAULT",false,true
"100225b7","LAB_100225b7","Global","Label","DEFAULT",false,true
"100225bb","FUN_100225bb","Global","Function","DEFAULT",false,true
"100225ca","LAB_100225ca","Global","Label","DEFAULT",false,true
"100225ce","FUN_100225ce","Global","Function","DEFAULT",false,true
"100225e9","FUN_100225e9","Global","Function","DEFAULT",false,true
"10022609","LAB_10022609","Global","Label","DEFAULT",false,true
"1002260d","LAB_1002260d","Global","Label","DEFAULT",false,true
"10022619","LAB_10022619","Global","Label","DEFAULT",false,true
"1002261d","make_c_string_character_source<>","Global","Function","ANALYSIS",false,true
"10022636","LAB_10022636","Global","Label","DEFAULT",false,true
"10022638","FUN_10022638","Global","Function","DEFAULT",false,true
"1002265f","LAB_1002265f","Global","Label","DEFAULT",false,true
"1002267d","LAB_1002267d","Global","Label","DEFAULT",false,true
"10022692","LAB_10022692","Global","Label","DEFAULT",false,true
"100226b6","LAB_100226b6","Global","Label","DEFAULT",false,true
"100226bb","LAB_100226bb","Global","Label","DEFAULT",false,true
"100226c7","LAB_100226c7","Global","Label","DEFAULT",false,true
"100226ee","LAB_100226ee","Global","Label","DEFAULT",false,true
"100226f3","LAB_100226f3","Global","Label","DEFAULT",false,true
"10022701","LAB_10022701","Global","Label","DEFAULT",false,true
"10022704","LAB_10022704","Global","Label","DEFAULT",false,true
"1002270d","LAB_1002270d","Global","Label","DEFAULT",false,true
"1002271d","LAB_1002271d","Global","Label","DEFAULT",false,true
"1002272d","LAB_1002272d","Global","Label","DEFAULT",false,true
"1002273b","LAB_1002273b","Global","Label","DEFAULT",false,true
"10022757","LAB_10022757","Global","Label","DEFAULT",false,true
"10022767","LAB_10022767","Global","Label","DEFAULT",false,true
"1002276e","LAB_1002276e","Global","Label","DEFAULT",false,true
"10022779","LAB_10022779","Global","Label","DEFAULT",false,true
"10022780","LAB_10022780","Global","Label","DEFAULT",false,true
"1002278a","LAB_1002278a","Global","Label","DEFAULT",false,true
"1002279a","LAB_1002279a","Global","Label","DEFAULT",false,true
"100227aa","LAB_100227aa","Global","Label","DEFAULT",false,true
"100227ba","LAB_100227ba","Global","Label","DEFAULT",false,true
"100227bd","LAB_100227bd","Global","Label","DEFAULT",false,true
"100227f2","LAB_100227f2","Global","Label","DEFAULT",false,true
"10022812","LAB_10022812","Global","Label","DEFAULT",false,true
"10022816","LAB_10022816","Global","Label","DEFAULT",false,true
"1002283e","LAB_1002283e","Global","Label","DEFAULT",false,true
"1002284f","LAB_1002284f","Global","Label","DEFAULT",false,true
"10022856","LAB_10022856","Global","Label","DEFAULT",false,true
"1002285f","LAB_1002285f","Global","Label","DEFAULT",false,true
"10022866","LAB_10022866","Global","Label","DEFAULT",false,true
"1002286d","LAB_1002286d","Global","Label","DEFAULT",false,true
"10022879","LAB_10022879","Global","Label","DEFAULT",false,true
"1002287b","LAB_1002287b","Global","Label","DEFAULT",false,true
"1002287f","FUN_1002287f","Global","Function","DEFAULT",false,true
"100228aa","LAB_100228aa","Global","Label","DEFAULT",false,true
"100228c8","LAB_100228c8","Global","Label","DEFAULT",false,true
"100228dd","LAB_100228dd","Global","Label","DEFAULT",false,true
"10022903","LAB_10022903","Global","Label","DEFAULT",false,true
"1002290f","LAB_1002290f","Global","Label","DEFAULT",false,true
"1002292c","LAB_1002292c","Global","Label","DEFAULT",false,true
"10022932","LAB_10022932","Global","Label","DEFAULT",false,true
"10022940","LAB_10022940","Global","Label","DEFAULT",false,true
"10022943","LAB_10022943","Global","Label","DEFAULT",false,true
"10022a4f","LAB_10022a4f","Global","Label","DEFAULT",false,true
"10022a61","LAB_10022a61","Global","Label","DEFAULT",false,true
"10022a6b","LAB_10022a6b","Global","Label","DEFAULT",false,true
"10022ba8","LAB_10022ba8","Global","Label","DEFAULT",false,true
"10022bb9","LAB_10022bb9","Global","Label","DEFAULT",false,true
"10022bbe","LAB_10022bbe","Global","Label","DEFAULT",false,true
"10022bd0","LAB_10022bd0","Global","Label","DEFAULT",false,true
"10022bd8","LAB_10022bd8","Global","Label","DEFAULT",false,true
"10022be0","LAB_10022be0","Global","Label","DEFAULT",false,true
"10022be3","LAB_10022be3","Global","Label","DEFAULT",false,true
"10022c04","LAB_10022c04","Global","Label","DEFAULT",false,true
"10022c0f","LAB_10022c0f","Global","Label","DEFAULT",false,true
"10022c19","LAB_10022c19","Global","Label","DEFAULT",false,true
"10022c24","LAB_10022c24","Global","Label","DEFAULT",false,true
"10022c2e","LAB_10022c2e","Global","Label","DEFAULT",false,true
"10022c31","LAB_10022c31","Global","Label","DEFAULT",false,true
"10022c3a","LAB_10022c3a","Global","Label","DEFAULT",false,true
"10022c56","LAB_10022c56","Global","Label","DEFAULT",false,true
"10022d83","LAB_10022d83","Global","Label","DEFAULT",false,true
"10022d8a","LAB_10022d8a","Global","Label","DEFAULT",false,true
"10022d8c","LAB_10022d8c","Global","Label","DEFAULT",false,true
"10022d91","LAB_10022d91","Global","Label","DEFAULT",false,true
"10022d96","LAB_10022d96","Global","Label","DEFAULT",false,true
"10022da3","LAB_10022da3","Global","Label","DEFAULT",false,true
"10022dae","LAB_10022dae","Global","Label","DEFAULT",false,true
"10022dbc","LAB_10022dbc","Global","Label","DEFAULT",false,true
"10022dc1","LAB_10022dc1","Global","Label","DEFAULT",false,true
"10022dc4","LAB_10022dc4","Global","Label","DEFAULT",false,true
"10022e02","LAB_10022e02","Global","Label","DEFAULT",false,true
"10022e1f","LAB_10022e1f","Global","Label","DEFAULT",false,true
"10022e23","LAB_10022e23","Global","Label","DEFAULT",false,true
"10022e4b","LAB_10022e4b","Global","Label","DEFAULT",false,true
"10022e5c","LAB_10022e5c","Global","Label","DEFAULT",false,true
"10022e63","LAB_10022e63","Global","Label","DEFAULT",false,true
"10022e6c","LAB_10022e6c","Global","Label","DEFAULT",false,true
"10022e73","LAB_10022e73","Global","Label","DEFAULT",false,true
"10022e7a","LAB_10022e7a","Global","Label","DEFAULT",false,true
"10022e86","LAB_10022e86","Global","Label","DEFAULT",false,true
"10022e88","LAB_10022e88","Global","Label","DEFAULT",false,true
"10022e8d","?unget@?$c_string_character_source@D@__crt_strtox@@QAEXD@Z","Global","Label","ANALYSIS",false,false
"10022e8d","unget","__crt_strtox::c_string_character_source<char>","Function","ANALYSIS",false,true
"10022eb2","LAB_10022eb2","Global","Label","DEFAULT",false,true
"10022eb6","?unget@?$c_string_character_source@_W@__crt_strtox@@QAEX_W@Z","Global","Label","ANALYSIS",false,false
"10022eb6","unget","__crt_strtox::c_string_character_source<wchar_t>","Function","ANALYSIS",false,true
"10022ee0","LAB_10022ee0","Global","Label","DEFAULT",false,true
"10022ef0","FUN_10022ef0","Global","Function","DEFAULT",false,true
"10022f44","LAB_10022f44","Global","Label","DEFAULT",false,true
"10022f4b","FUN_10022f4b","Global","Function","DEFAULT",false,true
"10022f63","LAB_10022f63","Global","Label","DEFAULT",false,true
"10022f66","___acrt_locale_get_ctype_array_value","Global","Function","ANALYSIS",false,true
"10022f84","LAB_10022f84","Global","Label","DEFAULT",false,true
"10022f88","FUN_10022f88","Global","Function","DEFAULT",false,true
"10022faa","LAB_10022faa","Global","Label","DEFAULT",false,true
"10022fc5","LAB_10022fc5","Global","Label","DEFAULT",false,true
"10022fda","LAB_10022fda","Global","Label","DEFAULT",false,true
"10022fdc","LAB_10022fdc","Global","Label","DEFAULT",false,true
"10022fdf","FUN_10022fdf","Global","Function","DEFAULT",false,true
"10023025","FUN_10023025","Global","Function","DEFAULT",false,true
"1002306b","FUN_1002306b","Global","Function","DEFAULT",false,true
"10023097","LAB_10023097","Global","Label","DEFAULT",false,true
"100230ba","LAB_100230ba","Global","Label","DEFAULT",false,true
"100230c2","LAB_100230c2","Global","Label","DEFAULT",false,true
"10023105","LAB_10023105","Global","Label","DEFAULT",false,true
"1002310c","LAB_1002310c","Global","Label","DEFAULT",false,true
"1002315f","LAB_1002315f","Global","Label","DEFAULT",false,true
"1002316e","LAB_1002316e","Global","Label","DEFAULT",false,true
"10023178","LAB_10023178","Global","Label","DEFAULT",false,true
"1002318e","LAB_1002318e","Global","Label","DEFAULT",false,true
"1002319e","LAB_1002319e","Global","Label","DEFAULT",false,true
"100231a2","LAB_100231a2","Global","Label","DEFAULT",false,true
"100231a7","LAB_100231a7","Global","Label","DEFAULT",false,true
"100231ba","LAB_100231ba","Global","Label","DEFAULT",false,true
"100231bd","LAB_100231bd","Global","Label","DEFAULT",false,true
"100231c3","LAB_100231c3","Global","Label","DEFAULT",false,true
"100231d1","LAB_100231d1","Global","Label","DEFAULT",false,true
"100231df","FUN_100231df","Global","Function","DEFAULT",false,true
"1002320b","LAB_1002320b","Global","Label","DEFAULT",false,true
"1002322e","LAB_1002322e","Global","Label","DEFAULT",false,true
"10023236","LAB_10023236","Global","Label","DEFAULT",false,true
"10023279","LAB_10023279","Global","Label","DEFAULT",false,true
"10023280","LAB_10023280","Global","Label","DEFAULT",false,true
"100232d3","LAB_100232d3","Global","Label","DEFAULT",false,true
"100232e2","LAB_100232e2","Global","Label","DEFAULT",false,true
"100232ec","LAB_100232ec","Global","Label","DEFAULT",false,true
"10023302","LAB_10023302","Global","Label","DEFAULT",false,true
"10023312","LAB_10023312","Global","Label","DEFAULT",false,true
"10023316","LAB_10023316","Global","Label","DEFAULT",false,true
"1002331b","LAB_1002331b","Global","Label","DEFAULT",false,true
"1002332e","LAB_1002332e","Global","Label","DEFAULT",false,true
"10023331","LAB_10023331","Global","Label","DEFAULT",false,true
"10023337","LAB_10023337","Global","Label","DEFAULT",false,true
"10023345","LAB_10023345","Global","Label","DEFAULT",false,true
"10023353","FUN_10023353","Global","Function","DEFAULT",false,true
"10023382","LAB_10023382","Global","Label","DEFAULT",false,true
"100233b6","LAB_100233b6","Global","Label","DEFAULT",false,true
"100233c9","LAB_100233c9","Global","Label","DEFAULT",false,true
"100233cd","LAB_100233cd","Global","Label","DEFAULT",false,true
"100233de","LAB_100233de","Global","Label","DEFAULT",false,true
"100233ee","LAB_100233ee","Global","Label","DEFAULT",false,true
"100233ef","LAB_100233ef","Global","Label","DEFAULT",false,true
"100233f2","??$count@D@formatting_buffer@__crt_stdio_output@@QBEIXZ","Global","Label","ANALYSIS",false,false
"100233f2","count<char>","__crt_stdio_output::formatting_buffer","Function","ANALYSIS",false,true
"10023401","LAB_10023401","Global","Label","DEFAULT",false,true
"1002340a","FUN_1002340a","Global","Function","DEFAULT",false,true
"10023431","LAB_10023431","Global","Label","DEFAULT",false,true
"10023447","LAB_10023447","Global","Label","DEFAULT",false,true
"10023468","LAB_10023468","Global","Label","DEFAULT",false,true
"10023482","LAB_10023482","Global","Label","DEFAULT",false,true
"10023484","LAB_10023484","Global","Label","DEFAULT",false,true
"10023485","LAB_10023485","Global","Label","DEFAULT",false,true
"1002348b","??$is_wide_character_specifier@D@__crt_stdio_output@@YA_N_KDW4length_modifier@0@@Z","Global","Label","ANALYSIS",false,false
"1002348b","is_wide_character_specifier<char>","__crt_stdio_output","Function","ANALYSIS",false,true
"100234b4","LAB_100234b4","Global","Label","DEFAULT",false,true
"100234b8","LAB_100234b8","Global","Label","DEFAULT",false,true
"100234bc","FUN_100234bc","Global","Function","DEFAULT",false,true
"100234e3","LAB_100234e3","Global","Label","DEFAULT",false,true
"10023501","LAB_10023501","Global","Label","DEFAULT",false,true
"10023516","LAB_10023516","Global","Label","DEFAULT",false,true
"10023541","LAB_10023541","Global","Label","DEFAULT",false,true
"10023546","LAB_10023546","Global","Label","DEFAULT",false,true
"1002354f","LAB_1002354f","Global","Label","DEFAULT",false,true
"10023558","LAB_10023558","Global","Label","DEFAULT",false,true
"10023568","LAB_10023568","Global","Label","DEFAULT",false,true
"10023578","LAB_10023578","Global","Label","DEFAULT",false,true
"10023586","LAB_10023586","Global","Label","DEFAULT",false,true
"100235a2","LAB_100235a2","Global","Label","DEFAULT",false,true
"100235b4","LAB_100235b4","Global","Label","DEFAULT",false,true
"100235bb","LAB_100235bb","Global","Label","DEFAULT",false,true
"100235c6","LAB_100235c6","Global","Label","DEFAULT",false,true
"100235cd","LAB_100235cd","Global","Label","DEFAULT",false,true
"100235d7","LAB_100235d7","Global","Label","DEFAULT",false,true
"100235e7","LAB_100235e7","Global","Label","DEFAULT",false,true
"100235f7","LAB_100235f7","Global","Label","DEFAULT",false,true
"10023607","LAB_10023607","Global","Label","DEFAULT",false,true
"1002360a","LAB_1002360a","Global","Label","DEFAULT",false,true
"1002363e","LAB_1002363e","Global","Label","DEFAULT",false,true
"1002365e","LAB_1002365e","Global","Label","DEFAULT",false,true
"10023662","LAB_10023662","Global","Label","DEFAULT",false,true
"1002368a","LAB_1002368a","Global","Label","DEFAULT",false,true
"1002369b","LAB_1002369b","Global","Label","DEFAULT",false,true
"100236a2","LAB_100236a2","Global","Label","DEFAULT",false,true
"100236ab","LAB_100236ab","Global","Label","DEFAULT",false,true
"100236b2","LAB_100236b2","Global","Label","DEFAULT",false,true
"100236b9","LAB_100236b9","Global","Label","DEFAULT",false,true
"100236c5","LAB_100236c5","Global","Label","DEFAULT",false,true
"100236c7","LAB_100236c7","Global","Label","DEFAULT",false,true
"100236cb","??$scratch_data@D@formatting_buffer@__crt_stdio_output@@QAEPADXZ","Global","Label","ANALYSIS",false,false
"100236cb","scratch_data<char>","__crt_stdio_output::formatting_buffer","Function","ANALYSIS",false,true
"100236e4","LAB_100236e4","Global","Label","DEFAULT",false,true
"100236e6","LAB_100236e6","Global","Label","DEFAULT",false,true
"100236e9","FUN_100236e9","Global","Function","DEFAULT",false,true
"10023747","LAB_10023747","Global","Label","DEFAULT",false,true
"10023761","LAB_10023761","Global","Label","DEFAULT",false,true
"1002377a","LAB_1002377a","Global","Label","DEFAULT",false,true
"1002378a","LAB_1002378a","Global","Label","DEFAULT",false,true
"100237a4","LAB_100237a4","Global","Label","DEFAULT",false,true
"100237a9","LAB_100237a9","Global","Label","DEFAULT",false,true
"100237c3","LAB_100237c3","Global","Label","DEFAULT",false,true
"100237c6","LAB_100237c6","Global","Label","DEFAULT",false,true
"100237c7","LAB_100237c7","Global","Label","DEFAULT",false,true
"100237ca","LAB_100237ca","Global","Label","DEFAULT",false,true
"100237e6","LAB_100237e6","Global","Label","DEFAULT",false,true
"100237f2","LAB_100237f2","Global","Label","DEFAULT",false,true
"10023807","LAB_10023807","Global","Label","DEFAULT",false,true
"10023821","LAB_10023821","Global","Label","DEFAULT",false,true
"1002382b","LAB_1002382b","Global","Label","DEFAULT",false,true
"10023842","LAB_10023842","Global","Label","DEFAULT",false,true
"1002384a","LAB_1002384a","Global","Label","DEFAULT",false,true
"10023861","LAB_10023861","Global","Label","DEFAULT",false,true
"1002386d","LAB_1002386d","Global","Label","DEFAULT",false,true
"1002386f","LAB_1002386f","Global","Label","DEFAULT",false,true
"10023876","FUN_10023876","Global","Function","DEFAULT",false,true
"100238d4","LAB_100238d4","Global","Label","DEFAULT",false,true
"100238ee","LAB_100238ee","Global","Label","DEFAULT",false,true
"10023907","LAB_10023907","Global","Label","DEFAULT",false,true
"10023917","LAB_10023917","Global","Label","DEFAULT",false,true
"10023931","LAB_10023931","Global","Label","DEFAULT",false,true
"10023936","LAB_10023936","Global","Label","DEFAULT",false,true
"10023950","LAB_10023950","Global","Label","DEFAULT",false,true
"10023953","LAB_10023953","Global","Label","DEFAULT",false,true
"10023954","LAB_10023954","Global","Label","DEFAULT",false,true
"10023957","LAB_10023957","Global","Label","DEFAULT",false,true
"10023973","LAB_10023973","Global","Label","DEFAULT",false,true
"1002397f","LAB_1002397f","Global","Label","DEFAULT",false,true
"10023994","LAB_10023994","Global","Label","DEFAULT",false,true
"100239ae","LAB_100239ae","Global","Label","DEFAULT",false,true
"100239b8","LAB_100239b8","Global","Label","DEFAULT",false,true
"100239cf","LAB_100239cf","Global","Label","DEFAULT",false,true
"100239d7","LAB_100239d7","Global","Label","DEFAULT",false,true
"100239ee","LAB_100239ee","Global","Label","DEFAULT",false,true
"100239fa","LAB_100239fa","Global","Label","DEFAULT",false,true
"100239fc","LAB_100239fc","Global","Label","DEFAULT",false,true
"10023a03","FUN_10023a03","Global","Function","DEFAULT",false,true
"10023a61","LAB_10023a61","Global","Label","DEFAULT",false,true
"10023a7b","LAB_10023a7b","Global","Label","DEFAULT",false,true
"10023a94","LAB_10023a94","Global","Label","DEFAULT",false,true
"10023aa4","LAB_10023aa4","Global","Label","DEFAULT",false,true
"10023abe","LAB_10023abe","Global","Label","DEFAULT",false,true
"10023ac3","LAB_10023ac3","Global","Label","DEFAULT",false,true
"10023add","LAB_10023add","Global","Label","DEFAULT",false,true
"10023ae0","LAB_10023ae0","Global","Label","DEFAULT",false,true
"10023ae1","LAB_10023ae1","Global","Label","DEFAULT",false,true
"10023ae4","LAB_10023ae4","Global","Label","DEFAULT",false,true
"10023b00","LAB_10023b00","Global","Label","DEFAULT",false,true
"10023b0c","LAB_10023b0c","Global","Label","DEFAULT",false,true
"10023b21","LAB_10023b21","Global","Label","DEFAULT",false,true
"10023b3b","LAB_10023b3b","Global","Label","DEFAULT",false,true
"10023b45","LAB_10023b45","Global","Label","DEFAULT",false,true
"10023b5c","LAB_10023b5c","Global","Label","DEFAULT",false,true
"10023b64","LAB_10023b64","Global","Label","DEFAULT",false,true
"10023b7b","LAB_10023b7b","Global","Label","DEFAULT",false,true
"10023b87","LAB_10023b87","Global","Label","DEFAULT",false,true
"10023b89","LAB_10023b89","Global","Label","DEFAULT",false,true
"10023b90","FUN_10023b90","Global","Function","DEFAULT",false,true
"10023ba9","LAB_10023ba9","Global","Label","DEFAULT",false,true
"10023bbd","LAB_10023bbd","Global","Label","DEFAULT",false,true
"10023bc8","LAB_10023bc8","Global","Label","DEFAULT",false,true
"10023be3","LAB_10023be3","Global","Label","DEFAULT",false,true
"10023bf3","FUN_10023bf3","Global","Function","DEFAULT",false,true
"10023c0e","LAB_10023c0e","Global","Label","DEFAULT",false,true
"10023c24","LAB_10023c24","Global","Label","DEFAULT",false,true
"10023c2f","LAB_10023c2f","Global","Label","DEFAULT",false,true
"10023c5b","LAB_10023c5b","Global","Label","DEFAULT",false,true
"10023c67","LAB_10023c67","Global","Label","DEFAULT",false,true
"10023c7a","FUN_10023c7a","Global","Function","DEFAULT",false,true
"10023c94","LAB_10023c94","Global","Label","DEFAULT",false,true
"10023cac","LAB_10023cac","Global","Label","DEFAULT",false,true
"10023cb7","LAB_10023cb7","Global","Label","DEFAULT",false,true
"10023cd7","LAB_10023cd7","Global","Label","DEFAULT",false,true
"10023ce7","LAB_10023ce7","Global","Label","DEFAULT",false,true
"10023cf7","FUN_10023cf7","Global","Function","DEFAULT",false,true
"10023d12","LAB_10023d12","Global","Label","DEFAULT",false,true
"10023d2d","LAB_10023d2d","Global","Label","DEFAULT",false,true
"10023d3d","LAB_10023d3d","Global","Label","DEFAULT",false,true
"10023d5a","LAB_10023d5a","Global","Label","DEFAULT",false,true
"10023d6f","FUN_10023d6f","Global","Function","DEFAULT",false,true
"10023d8b","LAB_10023d8b","Global","Label","DEFAULT",false,true
"10023da7","LAB_10023da7","Global","Label","DEFAULT",false,true
"10023db2","LAB_10023db2","Global","Label","DEFAULT",false,true
"10023df1","LAB_10023df1","Global","Label","DEFAULT",false,true
"10023e01","LAB_10023e01","Global","Label","DEFAULT",false,true
"10023e16","FUN_10023e16","Global","Function","DEFAULT",false,true
"10023e31","LAB_10023e31","Global","Label","DEFAULT",false,true
"10023e4c","LAB_10023e4c","Global","Label","DEFAULT",false,true
"10023e5c","LAB_10023e5c","Global","Label","DEFAULT",false,true
"10023e7f","LAB_10023e7f","Global","Label","DEFAULT",false,true
"10023e8b","LAB_10023e8b","Global","Label","DEFAULT",false,true
"10023ea0","FUN_10023ea0","Global","Function","DEFAULT",false,true
"10023f07","FUN_10023f07","Global","Function","DEFAULT",false,true
"10023f21","FUN_10023f21","Global","Function","DEFAULT",false,true
"10023f45","FUN_10023f45","Global","Function","DEFAULT",false,true
"10023f65","LAB_10023f65","Global","Label","DEFAULT",false,true
"10023f74","LAB_10023f74","Global","Label","DEFAULT",false,true
"10023f7b","LAB_10023f7b","Global","Label","DEFAULT",false,true
"10023f84","LAB_10023f84","Global","Label","DEFAULT",false,true
"10023f8a","LAB_10023f8a","Global","Label","DEFAULT",false,true
"10023f8c","LAB_10023f8c","Global","Label","DEFAULT",false,true
"10023f98","LAB_10023f98","Global","Label","DEFAULT",false,true
"10023fa2","LAB_10023fa2","Global","Label","DEFAULT",false,true
"10023fa5","FUN_10023fa5","Global","Function","DEFAULT",false,true
"10023fc6","LAB_10023fc6","Global","Label","DEFAULT",false,true
"10023fc8","LAB_10023fc8","Global","Label","DEFAULT",false,true
"10023fe5","FUN_10023fe5","Global","Function","DEFAULT",false,true
"10024006","LAB_10024006","Global","Label","DEFAULT",false,true
"10024008","LAB_10024008","Global","Label","DEFAULT",false,true
"10024020","?force_decimal_point@__crt_stdio_output@@YAXPADQAU__crt_locale_pointers@@@Z","Global","Label","ANALYSIS",false,false
"10024020","force_decimal_point","__crt_stdio_output","Function","ANALYSIS",false,true
"10024043","LAB_10024043","Global","Label","DEFAULT",false,true
"10024050","LAB_10024050","Global","Label","DEFAULT",false,true
"1002405e","LAB_1002405e","Global","Label","DEFAULT",false,true
"1002406b","LAB_1002406b","Global","Label","DEFAULT",false,true
"1002407c","FUN_1002407c","Global","Function","DEFAULT",false,true
"100240d0","LAB_100240d0","Global","Label","DEFAULT",false,true
"100240d8","LAB_100240d8","Global","Label","DEFAULT",false,true
"100240dc","LAB_100240dc","Global","Label","DEFAULT",false,true
"100240df","LAB_100240df","Global","Label","DEFAULT",false,true
"100240f4","FUN_100240f4","Global","Function","DEFAULT",false,true
"1002411b","LAB_1002411b","Global","Label","DEFAULT",false,true
"10024129","LAB_10024129","Global","Label","DEFAULT",false,true
"10024139","default","switchD_100241a1","Label","ANALYSIS",false,true
"1002413c","LAB_1002413c","Global","Label","DEFAULT",false,true
"10024141","LAB_10024141","Global","Label","DEFAULT",false,true
"10024159","LAB_10024159","Global","Label","DEFAULT",false,true
"10024176","LAB_10024176","Global","Label","DEFAULT",false,true
"100241a1","switchD","switchD_100241a1","Label","ANALYSIS",false,true
"100241a8","caseD_0","switchD_100241a1","Label","ANALYSIS",false,true
"100241ba","LAB_100241ba","Global","Label","DEFAULT",false,true
"100241f4","LAB_100241f4","Global","Label","DEFAULT",false,true
"100241fa","LAB_100241fa","Global","Label","DEFAULT",false,true
"1002420d","LAB_1002420d","Global","Label","DEFAULT",false,true
"10024256","LAB_10024256","Global","Label","DEFAULT",false,true
"10024259","LAB_10024259","Global","Label","DEFAULT",false,true
"10024270","LAB_10024270","Global","Label","DEFAULT",false,true
"10024279","LAB_10024279","Global","Label","DEFAULT",false,true
"1002428e","caseD_1","switchD_100241a1","Label","ANALYSIS",false,true
"100242a6","caseD_2","switchD_100241a1","Label","ANALYSIS",false,true
"100242d1","LAB_100242d1","Global","Label","DEFAULT",false,true
"100242da","LAB_100242da","Global","Label","DEFAULT",false,true
"100242e0","LAB_100242e0","Global","Label","DEFAULT",false,true
"100242e6","LAB_100242e6","Global","Label","DEFAULT",false,true
"100242ec","caseD_3","switchD_100241a1","Label","ANALYSIS",false,true
"100242f5","LAB_100242f5","Global","Label","DEFAULT",false,true
"100242ff","LAB_100242ff","Global","Label","DEFAULT",false,true
"1002431a","LAB_1002431a","Global","Label","DEFAULT",false,true
"1002431e","caseD_4","switchD_100241a1","Label","ANALYSIS",false,true
"10024323","caseD_5","switchD_100241a1","Label","ANALYSIS",false,true
"1002432e","LAB_1002432e","Global","Label","DEFAULT",false,true
"10024346","caseD_6","switchD_100241a1","Label","ANALYSIS",false,true
"1002434f","caseD_7","switchD_100241a1","Label","ANALYSIS",false,true
"10024356","LAB_10024356","Global","Label","DEFAULT",false,true
"1002435e","LAB_1002435e","Global","Label","DEFAULT",false,true
"1002437a","LAB_1002437a","Global","Label","DEFAULT",false,true
"10024389","LAB_10024389","Global","Label","DEFAULT",false,true
"1002439c","LAB_1002439c","Global","Label","DEFAULT",false,true
"100243a4","LAB_100243a4","Global","Label","DEFAULT",false,true
"100243b8","switchdataD_100243b8","switchD_100241a1","Label","ANALYSIS",false,true
"100243d8","FUN_100243d8","Global","Function","DEFAULT",false,true
"1002440d","LAB_1002440d","Global","Label","DEFAULT",false,true
"1002441d","default","switchD_10024485","Label","ANALYSIS",false,true
"10024420","LAB_10024420","Global","Label","DEFAULT",false,true
"10024425","LAB_10024425","Global","Label","DEFAULT",false,true
"1002443d","LAB_1002443d","Global","Label","DEFAULT",false,true
"1002445a","LAB_1002445a","Global","Label","DEFAULT",false,true
"10024485","switchD","switchD_10024485","Label","ANALYSIS",false,true
"1002448c","caseD_0","switchD_10024485","Label","ANALYSIS",false,true
"1002449e","LAB_1002449e","Global","Label","DEFAULT",false,true
"100244d8","LAB_100244d8","Global","Label","DEFAULT",false,true
"100244de","LAB_100244de","Global","Label","DEFAULT",false,true
"100244f1","LAB_100244f1","Global","Label","DEFAULT",false,true
"1002453a","LAB_1002453a","Global","Label","DEFAULT",false,true
"1002453d","LAB_1002453d","Global","Label","DEFAULT",false,true
"10024554","LAB_10024554","Global","Label","DEFAULT",false,true
"1002455d","LAB_1002455d","Global","Label","DEFAULT",false,true
"10024572","caseD_1","switchD_10024485","Label","ANALYSIS",false,true
"1002458a","caseD_2","switchD_10024485","Label","ANALYSIS",false,true
"100245b5","LAB_100245b5","Global","Label","DEFAULT",false,true
"100245be","LAB_100245be","Global","Label","DEFAULT",false,true
"100245c4","LAB_100245c4","Global","Label","DEFAULT",false,true
"100245ca","LAB_100245ca","Global","Label","DEFAULT",false,true
"100245d0","caseD_3","switchD_10024485","Label","ANALYSIS",false,true
"100245d9","LAB_100245d9","Global","Label","DEFAULT",false,true
"100245e3","LAB_100245e3","Global","Label","DEFAULT",false,true
"100245fe","LAB_100245fe","Global","Label","DEFAULT",false,true
"10024602","caseD_4","switchD_10024485","Label","ANALYSIS",false,true
"10024607","caseD_5","switchD_10024485","Label","ANALYSIS",false,true
"10024612","LAB_10024612","Global","Label","DEFAULT",false,true
"1002462a","caseD_6","switchD_10024485","Label","ANALYSIS",false,true
"10024633","caseD_7","switchD_10024485","Label","ANALYSIS",false,true
"1002463a","LAB_1002463a","Global","Label","DEFAULT",false,true
"10024642","LAB_10024642","Global","Label","DEFAULT",false,true
"1002465e","LAB_1002465e","Global","Label","DEFAULT",false,true
"10024671","LAB_10024671","Global","Label","DEFAULT",false,true
"10024679","LAB_10024679","Global","Label","DEFAULT",false,true
"1002468c","switchdataD_1002468c","switchD_10024485","Label","ANALYSIS",false,true
"100246ac","FUN_100246ac","Global","Function","DEFAULT",false,true
"100246ca","LAB_100246ca","Global","Label","DEFAULT",false,true
"100246e1","LAB_100246e1","Global","Label","DEFAULT",false,true
"10024704","LAB_10024704","Global","Label","DEFAULT",false,true
"1002473f","LAB_1002473f","Global","Label","DEFAULT",false,true
"10024746","LAB_10024746","Global","Label","DEFAULT",false,true
"10024752","LAB_10024752","Global","Label","DEFAULT",false,true
"1002475e","LAB_1002475e","Global","Label","DEFAULT",false,true
"1002477d","LAB_1002477d","Global","Label","DEFAULT",false,true
"10024796","LAB_10024796","Global","Label","DEFAULT",false,true
"100247ae","LAB_100247ae","Global","Label","DEFAULT",false,true
"100247b5","LAB_100247b5","Global","Label","DEFAULT",false,true
"100247b8","LAB_100247b8","Global","Label","DEFAULT",false,true
"100247c1","LAB_100247c1","Global","Label","DEFAULT",false,true
"100247da","LAB_100247da","Global","Label","DEFAULT",false,true
"100247e3","LAB_100247e3","Global","Label","DEFAULT",false,true
"100247ec","LAB_100247ec","Global","Label","DEFAULT",false,true
"100247fc","LAB_100247fc","Global","Label","DEFAULT",false,true
"100247fe","LAB_100247fe","Global","Label","DEFAULT",false,true
"100247ff","LAB_100247ff","Global","Label","DEFAULT",false,true
"10024802","LAB_10024802","Global","Label","DEFAULT",false,true
"10024805","FUN_10024805","Global","Function","DEFAULT",false,true
"10024856","LAB_10024856","Global","Label","DEFAULT",false,true
"10024860","LAB_10024860","Global","Label","DEFAULT",false,true
"10024872","LAB_10024872","Global","Label","DEFAULT",false,true
"1002487a","LAB_1002487a","Global","Label","DEFAULT",false,true
"10024881","LAB_10024881","Global","Label","DEFAULT",false,true
"10024883","LAB_10024883","Global","Label","DEFAULT",false,true
"1002488a","LAB_1002488a","Global","Label","DEFAULT",false,true
"100248b0","LAB_100248b0","Global","Label","DEFAULT",false,true
"100248b4","LAB_100248b4","Global","Label","DEFAULT",false,true
"100248bc","LAB_100248bc","Global","Label","DEFAULT",false,true
"100248c3","LAB_100248c3","Global","Label","DEFAULT",false,true
"100248d9","LAB_100248d9","Global","Label","DEFAULT",false,true
"100248e0","LAB_100248e0","Global","Label","DEFAULT",false,true
"100248e5","LAB_100248e5","Global","Label","DEFAULT",false,true
"100248e9","LAB_100248e9","Global","Label","DEFAULT",false,true
"100248f0","LAB_100248f0","Global","Label","DEFAULT",false,true
"10024922","LAB_10024922","Global","Label","DEFAULT",false,true
"1002492b","LAB_1002492b","Global","Label","DEFAULT",false,true
"10024932","LAB_10024932","Global","Label","DEFAULT",false,true
"10024944","LAB_10024944","Global","Label","DEFAULT",false,true
"10024951","LAB_10024951","Global","Label","DEFAULT",false,true
"1002495d","LAB_1002495d","Global","Label","DEFAULT",false,true
"1002495f","LAB_1002495f","Global","Label","DEFAULT",false,true
"1002496b","LAB_1002496b","Global","Label","DEFAULT",false,true
"1002496d","LAB_1002496d","Global","Label","DEFAULT",false,true
"10024975","LAB_10024975","Global","Label","DEFAULT",false,true
"10024988","LAB_10024988","Global","Label","DEFAULT",false,true
"1002498b","LAB_1002498b","Global","Label","DEFAULT",false,true
"10024994","LAB_10024994","Global","Label","DEFAULT",false,true
"100249b2","LAB_100249b2","Global","Label","DEFAULT",false,true
"100249c9","LAB_100249c9","Global","Label","DEFAULT",false,true
"100249cc","LAB_100249cc","Global","Label","DEFAULT",false,true
"100249d1","LAB_100249d1","Global","Label","DEFAULT",false,true
"100249ed","LAB_100249ed","Global","Label","DEFAULT",false,true
"100249fa","LAB_100249fa","Global","Label","DEFAULT",false,true
"100249ff","LAB_100249ff","Global","Label","DEFAULT",false,true
"10024a3f","LAB_10024a3f","Global","Label","DEFAULT",false,true
"10024a5b","LAB_10024a5b","Global","Label","DEFAULT",false,true
"10024a5e","LAB_10024a5e","Global","Label","DEFAULT",false,true
"10024a62","LAB_10024a62","Global","Label","DEFAULT",false,true
"10024a72","LAB_10024a72","Global","Label","DEFAULT",false,true
"10024a82","LAB_10024a82","Global","Label","DEFAULT",false,true
"10024a84","LAB_10024a84","Global","Label","DEFAULT",false,true
"10024a95","LAB_10024a95","Global","Label","DEFAULT",false,true
"10024ae7","LAB_10024ae7","Global","Label","DEFAULT",false,true
"10024aec","LAB_10024aec","Global","Label","DEFAULT",false,true
"10024afd","LAB_10024afd","Global","Label","DEFAULT",false,true
"10024b14","LAB_10024b14","Global","Label","DEFAULT",false,true
"10024b2a","LAB_10024b2a","Global","Label","DEFAULT",false,true
"10024b2d","LAB_10024b2d","Global","Label","DEFAULT",false,true
"10024b31","LAB_10024b31","Global","Label","DEFAULT",false,true
"10024b47","LAB_10024b47","Global","Label","DEFAULT",false,true
"10024b53","LAB_10024b53","Global","Label","DEFAULT",false,true
"10024b55","LAB_10024b55","Global","Label","DEFAULT",false,true
"10024b64","?to_integer_size@__crt_stdio_output@@YAIW4length_modifier@1@@Z","Global","Label","ANALYSIS",false,false
"10024b64","to_integer_size","__crt_stdio_output","Function","ANALYSIS",false,true
"10024b78","switchD","switchD_10024b78","Label","ANALYSIS",false,true
"10024b7f","caseD_1","switchD_10024b78","Label","ANALYSIS",false,true
"10024b84","caseD_2","switchD_10024b78","Label","ANALYSIS",false,true
"10024b86","LAB_10024b86","Global","Label","DEFAULT",false,true
"10024b89","caseD_0","switchD_10024b78","Label","ANALYSIS",false,true
"10024b89","caseD_3","switchD_10024b78","Label","ANALYSIS",false,false
"10024b89","caseD_6","switchD_10024b78","Label","ANALYSIS",false,false
"10024b89","caseD_7","switchD_10024b78","Label","ANALYSIS",false,false
"10024b89","caseD_9","switchD_10024b78","Label","ANALYSIS",false,false
"10024b89","caseD_a","switchD_10024b78","Label","ANALYSIS",false,false
"10024b8d","caseD_4","switchD_10024b78","Label","ANALYSIS",false,true
"10024b8d","caseD_5","switchD_10024b78","Label","ANALYSIS",false,false
"10024b8d","caseD_b","switchD_10024b78","Label","ANALYSIS",false,false
"10024b91","caseD_8","switchD_10024b78","Label","ANALYSIS",false,true
"10024b98","switchdataD_10024b98","switchD_10024b78","Label","ANALYSIS",false,true
"10024bac","switchdataD_10024bac","switchD_10024b78","Label","ANALYSIS",false,true
"10024bb8","FUN_10024bb8","Global","Function","DEFAULT",false,true
"10024c01","LAB_10024c01","Global","Label","DEFAULT",false,true
"10024c0e","LAB_10024c0e","Global","Label","DEFAULT",false,true
"10024c12","LAB_10024c12","Global","Label","DEFAULT",false,true
"10024c1b","FUN_10024c1b","Global","Function","DEFAULT",false,true
"10024c44","LAB_10024c44","Global","Label","DEFAULT",false,true
"10024c46","LAB_10024c46","Global","Label","DEFAULT",false,true
"10024c4c","LAB_10024c4c","Global","Label","DEFAULT",false,true
"10024c5b","LAB_10024c5b","Global","Label","DEFAULT",false,true
"10024c60","LAB_10024c60","Global","Label","DEFAULT",false,true
"10024c8a","LAB_10024c8a","Global","Label","DEFAULT",false,true
"10024c8d","LAB_10024c8d","Global","Label","DEFAULT",false,true
"10024c99","LAB_10024c99","Global","Label","DEFAULT",false,true
"10024ce8","LAB_10024ce8","Global","Label","DEFAULT",false,true
"10024d2b","LAB_10024d2b","Global","Label","DEFAULT",false,true
"10024d39","LAB_10024d39","Global","Label","DEFAULT",false,true
"10024d44","LAB_10024d44","Global","Label","DEFAULT",false,true
"10024d5e","LAB_10024d5e","Global","Label","DEFAULT",false,true
"10024d6c","LAB_10024d6c","Global","Label","DEFAULT",false,true
"10024d7f","LAB_10024d7f","Global","Label","DEFAULT",false,true
"10024d8f","LAB_10024d8f","Global","Label","DEFAULT",false,true
"10024d97","LAB_10024d97","Global","Label","DEFAULT",false,true
"10024d9a","LAB_10024d9a","Global","Label","DEFAULT",false,true
"10024dac","FUN_10024dac","Global","Function","DEFAULT",false,true
"10024dee","LAB_10024dee","Global","Label","DEFAULT",false,true
"10024e0b","LAB_10024e0b","Global","Label","DEFAULT",false,true
"10024e17","LAB_10024e17","Global","Label","DEFAULT",false,true
"10024e2b","LAB_10024e2b","Global","Label","DEFAULT",false,true
"10024e37","LAB_10024e37","Global","Label","DEFAULT",false,true
"10024e41","FUN_10024e41","Global","Function","DEFAULT",false,true
"10024e5b","LAB_10024e5b","Global","Label","DEFAULT",false,true
"10024e7f","LAB_10024e7f","Global","Label","DEFAULT",false,true
"10024ea8","LAB_10024ea8","Global","Label","DEFAULT",false,true
"10024eaf","LAB_10024eaf","Global","Label","DEFAULT",false,true
"10024eb8","LAB_10024eb8","Global","Label","DEFAULT",false,true
"10024ebd","LAB_10024ebd","Global","Label","DEFAULT",false,true
"10024ec3","LAB_10024ec3","Global","Label","DEFAULT",false,true
"10024ec6","FUN_10024ec6","Global","Function","DEFAULT",false,true
"10024edb","LAB_10024edb","Global","Label","DEFAULT",false,true
"10024ee3","FUN_10024ee3","Global","Function","DEFAULT",false,true
"10024ef9","FUN_10024ef9","Global","Function","DEFAULT",false,true
"10024f1b","LAB_10024f1b","Global","Label","DEFAULT",false,true
"10024f40","LAB_10024f40","Global","Label","DEFAULT",false,true
"10024f4d","LAB_10024f4d","Global","Label","DEFAULT",false,true
"10024f59","LAB_10024f59","Global","Label","DEFAULT",false,true
"10024f60","LAB_10024f60","Global","Label","DEFAULT",false,true
"10024f6b","FUN_10024f6b","Global","Function","DEFAULT",false,true
"10024f96","LAB_10024f96","Global","Label","DEFAULT",false,true
"10024f98","LAB_10024f98","Global","Label","DEFAULT",false,true
"10024f9c","?validate_stream_is_ansi_if_required@?$__acrt_stdio_char_traits@D@@SA_NQAU_iobuf@@@Z","Global","Label","ANALYSIS",false,false
"10024f9c","validate_stream_is_ansi_if_required","__acrt_stdio_char_traits<char>","Function","ANALYSIS",false,true
"10024fdd","LAB_10024fdd","Global","Label","DEFAULT",false,true
"10024fe9","LAB_10024fe9","Global","Label","DEFAULT",false,true
"10025004","LAB_10025004","Global","Label","DEFAULT",false,true
"1002500a","LAB_1002500a","Global","Label","DEFAULT",false,true
"1002501e","LAB_1002501e","Global","Label","DEFAULT",false,true
"10025020","LAB_10025020","Global","Label","DEFAULT",false,true
"10025023","?write_string@?$string_output_adapter@D@__crt_stdio_output@@QBEXQBDHQAHAAV__crt_deferred_errno_cache@@@Z","Global","Label","ANALYSIS",false,false
"10025023","write_string","__crt_stdio_output::string_output_adapter<char>","Function","ANALYSIS",false,true
"10025049","LAB_10025049","Global","Label","DEFAULT",false,true
"10025052","LAB_10025052","Global","Label","DEFAULT",false,true
"10025074","LAB_10025074","Global","Label","DEFAULT",false,true
"10025078","LAB_10025078","Global","Label","DEFAULT",false,true
"1002507c","LAB_1002507c","Global","Label","DEFAULT",false,true
"10025081","LAB_10025081","Global","Label","DEFAULT",false,true
"10025083","LAB_10025083","Global","Label","DEFAULT",false,true
"10025084","LAB_10025084","Global","Label","DEFAULT",false,true
"1002508a","FUN_1002508a","Global","Function","DEFAULT",false,true
"100250cb","FUN_100250cb","Global","Function","DEFAULT",false,true
"1002510c","FUN_1002510c","Global","Function","DEFAULT",false,true
"1002512a","LAB_1002512a","Global","Label","DEFAULT",false,true
"1002513e","LAB_1002513e","Global","Label","DEFAULT",false,true
"10025145","LAB_10025145","Global","Label","DEFAULT",false,true
"10025186","LAB_10025186","Global","Label","DEFAULT",false,true
"10025190","FUN_10025190","Global","Function","DEFAULT",false,true
"1002520e","LAB_1002520e","Global","Label","DEFAULT",false,true
"1002525a","LAB_1002525a","Global","Label","DEFAULT",false,true
"10025280","LAB_10025280","Global","Label","DEFAULT",false,true
"100252bc","LAB_100252bc","Global","Label","DEFAULT",false,true
"10025309","LAB_10025309","Global","Label","DEFAULT",false,true
"10025325","LAB_10025325","Global","Label","DEFAULT",false,true
"10025338","LAB_10025338","Global","Label","DEFAULT",false,true
"1002533a","LAB_1002533a","Global","Label","DEFAULT",false,true
"1002533b","LAB_1002533b","Global","Label","DEFAULT",false,true
"10025364","LAB_10025364","Global","Label","DEFAULT",false,true
"10025369","LAB_10025369","Global","Label","DEFAULT",false,true
"100253a7","LAB_100253a7","Global","Label","DEFAULT",false,true
"100253e0","LAB_100253e0","Global","Label","DEFAULT",false,true
"100253ea","LAB_100253ea","Global","Label","DEFAULT",false,true
"100253ec","LAB_100253ec","Global","Label","DEFAULT",false,true
"10025446","LAB_10025446","Global","Label","DEFAULT",false,true
"10025482","LAB_10025482","Global","Label","DEFAULT",false,true
"100254ac","LAB_100254ac","Global","Label","DEFAULT",false,true
"100254b7","LAB_100254b7","Global","Label","DEFAULT",false,true
"100254d8","LAB_100254d8","Global","Label","DEFAULT",false,true
"100254fa","LAB_100254fa","Global","Label","DEFAULT",false,true
"100254fd","LAB_100254fd","Global","Label","DEFAULT",false,true
"10025500","LAB_10025500","Global","Label","DEFAULT",false,true
"1002550c","LAB_1002550c","Global","Label","DEFAULT",false,true
"10025526","LAB_10025526","Global","Label","DEFAULT",false,true
"10025550","LAB_10025550","Global","Label","DEFAULT",false,true
"1002556f","LAB_1002556f","Global","Label","DEFAULT",false,true
"10025582","LAB_10025582","Global","Label","DEFAULT",false,true
"10025590","LAB_10025590","Global","Label","DEFAULT",false,true
"100255b1","LAB_100255b1","Global","Label","DEFAULT",false,true
"100255b4","LAB_100255b4","Global","Label","DEFAULT",false,true
"100255bb","LAB_100255bb","Global","Label","DEFAULT",false,true
"100255ef","LAB_100255ef","Global","Label","DEFAULT",false,true
"100255f1","LAB_100255f1","Global","Label","DEFAULT",false,true
"10025604","LAB_10025604","Global","Label","DEFAULT",false,true
"10025612","LAB_10025612","Global","Label","DEFAULT",false,true
"10025618","LAB_10025618","Global","Label","DEFAULT",false,true
"10025625","LAB_10025625","Global","Label","DEFAULT",false,true
"10025630","LAB_10025630","Global","Label","DEFAULT",false,true
"10025640","_strcspn","Global","Function","ANALYSIS",false,true
"10025654","LAB_10025654","Global","Label","DEFAULT",false,true
"10025663","LAB_10025663","Global","Label","DEFAULT",false,true
"1002566c","LAB_1002566c","Global","Label","DEFAULT",false,true
"1002567e","LAB_1002567e","Global","Label","DEFAULT",false,true
"10025690","_strlen","Global","Function","ANALYSIS",false,true
"1002569c","LAB_1002569c","Global","Label","DEFAULT",false,true
"100256c0","LAB_100256c0","Global","Label","DEFAULT",false,true
"100256f3","LAB_100256f3","Global","Label","DEFAULT",false,true
"100256fd","LAB_100256fd","Global","Label","DEFAULT",false,true
"10025707","LAB_10025707","Global","Label","DEFAULT",false,true
"10025711","LAB_10025711","Global","Label","DEFAULT",false,true
"1002571b","FUN_1002571b","Global","Function","DEFAULT",false,true
"10025726","FUN_10025726","Global","Function","DEFAULT",false,true
"10025735","FUN_10025735","Global","Function","DEFAULT",false,true
"10025774","FUN_10025774","Global","Function","DEFAULT",false,true
"100257b3","FID_conflict:__dtest","Global","Function","ANALYSIS",false,true
"100257b3","__Dtest","Global","Label","ANALYSIS",false,false
"100257b3","__dtest","Global","Label","ANALYSIS",false,false
"100257e9","LAB_100257e9","Global","Label","DEFAULT",false,true
"100257ee","LAB_100257ee","Global","Label","DEFAULT",false,true
"1002580a","LAB_1002580a","Global","Label","DEFAULT",false,true
"10025817","FUN_10025817","Global","Function","DEFAULT",false,true
"10025822","_fabs","Global","Function","ANALYSIS",false,true
"1002584d","LAB_1002584d","Global","Label","DEFAULT",false,true
"10025862","LAB_10025862","Global","Label","DEFAULT",false,true
"10025869","FUN_10025869","Global","Function","DEFAULT",false,true
"1002588f","LAB_1002588f","Global","Label","DEFAULT",false,true
"100258f2","LAB_100258f2","Global","Label","DEFAULT",false,true
"10025900","LAB_10025900","Global","Label","DEFAULT",false,true
"10025936","LAB_10025936","Global","Label","DEFAULT",false,true
"10025940","LAB_10025940","Global","Label","DEFAULT",false,true
"10025943","LAB_10025943","Global","Label","DEFAULT",false,true
"1002595e","LAB_1002595e","Global","Label","DEFAULT",false,true
"10025960","LAB_10025960","Global","Label","DEFAULT",false,true
"10025963","_localeconv","Global","Function","ANALYSIS",false,true
"1002598b","_abort","Global","Function","ANALYSIS",false,true
"1002599c","LAB_1002599c","Global","Label","DEFAULT",false,true
"100259b6","LAB_100259b6","Global","Label","DEFAULT",false,true
"100259c7","LAB_100259c7","Global","Label","DEFAULT",false,true
"100259cf","LAB_100259cf","Global","Label","DEFAULT",false,true
"100259ee","LAB_100259ee","Global","Label","DEFAULT",false,true
"100259f5","LAB_100259f5","Global","Label","DEFAULT",false,true
"100259ff","LAB_100259ff","Global","Label","DEFAULT",false,true
"10025a04","LAB_10025a04","Global","Label","DEFAULT",false,true
"10025a08","LAB_10025a08","Global","Label","DEFAULT",false,true
"10025a16","LAB_10025a16","Global","Label","DEFAULT",false,true
"10025a1a","LAB_10025a1a","Global","Label","DEFAULT",false,true
"10025a22","LAB_10025a22","Global","Label","DEFAULT",false,true
"10025a30","LAB_10025a30","Global","Label","DEFAULT",false,true
"10025a41","LAB_10025a41","Global","Label","DEFAULT",false,true
"10025a5b","LAB_10025a5b","Global","Label","DEFAULT",false,true
"10025a61","LAB_10025a61","Global","Label","DEFAULT",false,true
"10025a77","LAB_10025a77","Global","Label","DEFAULT",false,true
"10025a86","FUN_10025a86","Global","Function","DEFAULT",false,true
"10025a91","FUN_10025a91","Global","Function","DEFAULT",false,true
"10025ac0","LAB_10025ac0","Global","Label","DEFAULT",false,true
"10025ac7","LAB_10025ac7","Global","Label","DEFAULT",false,true
"10025acd","LAB_10025acd","Global","Label","DEFAULT",false,true
"10025aed","LAB_10025aed","Global","Label","DEFAULT",false,true
"10025b12","LAB_10025b12","Global","Label","DEFAULT",false,true
"10025b4b","??1?$__crt_unique_heap_ptr@U__acrt_thread_parameter@@Uthread_parameter_free_policy@?A0x4e93fcdd@@@@QAE@XZ","Global","Label","ANALYSIS",false,false
"10025b4b","~__crt_unique_heap_ptr<__acrt_thread_parameter,_anon_4E93FCDD::thread_parameter_free_policy>","__crt_unique_heap_ptr<__acrt_thread_parameter,_anon_4E93FCDD::thread_parameter_free_policy>","Function","ANALYSIS",false,true
"10025b66","LAB_10025b66","Global","Label","DEFAULT",false,true
"10025b75","LAB_10025b75","Global","Label","DEFAULT",false,true
"10025b7c","LAB_10025b7c","Global","Label","DEFAULT",false,true
"10025b82","?common_end_thread@@YAXI@Z","Global","Label","ANALYSIS",false,false
"10025b82","common_end_thread","Global","Function","ANALYSIS",false,true
"10025ba6","LAB_10025ba6","Global","Label","DEFAULT",false,true
"10025bb9","LAB_10025bb9","Global","Label","DEFAULT",false,true
"10025bcf","LAB_10025bcf","Global","Label","DEFAULT",false,true
"10025bd9","?create_thread_parameter@@YAPAU__acrt_thread_parameter@@QAX0@Z","Global","Label","ANALYSIS",false,false
"10025bd9","create_thread_parameter","Global","Function","ANALYSIS",false,true
"10025c1b","LAB_10025c1b","Global","Label","DEFAULT",false,true
"10025c29","__beginthreadex","Global","Function","ANALYSIS",false,true
"10025c4a","LAB_10025c4a","Global","Label","DEFAULT",false,true
"10025c8b","LAB_10025c8b","Global","Label","DEFAULT",false,true
"10025c8d","LAB_10025c8d","Global","Label","DEFAULT",false,true
"10025c9a","LAB_10025c9a","Global","Label","DEFAULT",false,true
"10025ca6","LAB_10025ca6","Global","Label","DEFAULT",false,true
"10025cac","__endthreadex","Global","Function","ANALYSIS",false,true
"10025cc0","_isdigit","Global","Function","ANALYSIS",false,true
"10025cf1","LAB_10025cf1","Global","Label","DEFAULT",false,true
"10025d23","LAB_10025d23","Global","Label","DEFAULT",false,true
"10025d3c","LAB_10025d3c","Global","Label","DEFAULT",false,true
"10025d50","_islower","Global","Function","ANALYSIS",false,true
"10025d81","LAB_10025d81","Global","Label","DEFAULT",false,true
"10025db3","LAB_10025db3","Global","Label","DEFAULT",false,true
"10025dcc","LAB_10025dcc","Global","Label","DEFAULT",false,true
"10025de0","_isupper","Global","Function","ANALYSIS",false,true
"10025e11","LAB_10025e11","Global","Label","DEFAULT",false,true
"10025e43","LAB_10025e43","Global","Label","DEFAULT",false,true
"10025e5c","LAB_10025e5c","Global","Label","DEFAULT",false,true
"10025e64","FUN_10025e64","Global","Function","DEFAULT",false,true
"10025e91","LAB_10025e91","Global","Label","DEFAULT",false,true
"10025e9a","LAB_10025e9a","Global","Label","DEFAULT",false,true
"10025ea4","LAB_10025ea4","Global","Label","DEFAULT",false,true
"10025ec1","LAB_10025ec1","Global","Label","DEFAULT",false,true
"10025ed4","LAB_10025ed4","Global","Label","DEFAULT",false,true
"10025edb","LAB_10025edb","Global","Label","DEFAULT",false,true
"10025ee1","LAB_10025ee1","Global","Label","DEFAULT",false,true
"10025ee5","LAB_10025ee5","Global","Label","DEFAULT",false,true
"10025eef","LAB_10025eef","Global","Label","DEFAULT",false,true
"10025f10","LAB_10025f10","Global","Label","DEFAULT",false,true
"10025f19","LAB_10025f19","Global","Label","DEFAULT",false,true
"10025f23","LAB_10025f23","Global","Label","DEFAULT",false,true
"10025f3b","LAB_10025f3b","Global","Label","DEFAULT",false,true
"10025f51","LAB_10025f51","Global","Label","DEFAULT",false,true
"10025f58","LAB_10025f58","Global","Label","DEFAULT",false,true
"10025f5e","LAB_10025f5e","Global","Label","DEFAULT",false,true
"10025f62","LAB_10025f62","Global","Label","DEFAULT",false,true
"10025f66","LAB_10025f66","Global","Label","DEFAULT",false,true
"10025f74","LAB_10025f74","Global","Label","DEFAULT",false,true
"10025f7e","LAB_10025f7e","Global","Label","DEFAULT",false,true
"10025f80","LAB_10025f80","Global","Label","DEFAULT",false,true
"10025f86","FUN_10025f86","Global","Function","DEFAULT",false,true
"10025fa6","LAB_10025fa6","Global","Label","DEFAULT",false,true
"10025fb0","LAB_10025fb0","Global","Label","DEFAULT",false,true
"10025fb7","LAB_10025fb7","Global","Label","DEFAULT",false,true
"10025fd7","LAB_10025fd7","Global","Label","DEFAULT",false,true
"10025fe3","LAB_10025fe3","Global","Label","DEFAULT",false,true
"10025ff6","LAB_10025ff6","Global","Label","DEFAULT",false,true
"10026007","LAB_10026007","Global","Label","DEFAULT",false,true
"10026011","LAB_10026011","Global","Label","DEFAULT",false,true
"1002601e","LAB_1002601e","Global","Label","DEFAULT",false,true
"1002602e","LAB_1002602e","Global","Label","DEFAULT",false,true
"1002603c","LAB_1002603c","Global","Label","DEFAULT",false,true
"1002605c","LAB_1002605c","Global","Label","DEFAULT",false,true
"10026068","LAB_10026068","Global","Label","DEFAULT",false,true
"10026076","LAB_10026076","Global","Label","DEFAULT",false,true
"1002608a","LAB_1002608a","Global","Label","DEFAULT",false,true
"10026094","LAB_10026094","Global","Label","DEFAULT",false,true
"10026099","LAB_10026099","Global","Label","DEFAULT",false,true
"100260a3","LAB_100260a3","Global","Label","DEFAULT",false,true
"100260a6","LAB_100260a6","Global","Label","DEFAULT",false,true
"100260a8","LAB_100260a8","Global","Label","DEFAULT",false,true
"100260ae","FUN_100260ae","Global","Function","DEFAULT",false,true
"100260d9","LAB_100260d9","Global","Label","DEFAULT",false,true
"100260e5","LAB_100260e5","Global","Label","DEFAULT",false,true
"100260ec","LAB_100260ec","Global","Label","DEFAULT",false,true
"10026107","LAB_10026107","Global","Label","DEFAULT",false,true
"10026113","LAB_10026113","Global","Label","DEFAULT",false,true
"1002611f","LAB_1002611f","Global","Label","DEFAULT",false,true
"10026141","LAB_10026141","Global","Label","DEFAULT",false,true
"10026150","LAB_10026150","Global","Label","DEFAULT",false,true
"10026154","LAB_10026154","Global","Label","DEFAULT",false,true
"10026160","LAB_10026160","Global","Label","DEFAULT",false,true
"1002616c","LAB_1002616c","Global","Label","DEFAULT",false,true
"1002617a","LAB_1002617a","Global","Label","DEFAULT",false,true
"1002619d","LAB_1002619d","Global","Label","DEFAULT",false,true
"100261b2","LAB_100261b2","Global","Label","DEFAULT",false,true
"100261cd","LAB_100261cd","Global","Label","DEFAULT",false,true
"100261d9","LAB_100261d9","Global","Label","DEFAULT",false,true
"100261e5","LAB_100261e5","Global","Label","DEFAULT",false,true
"10026202","LAB_10026202","Global","Label","DEFAULT",false,true
"10026214","LAB_10026214","Global","Label","DEFAULT",false,true
"10026218","LAB_10026218","Global","Label","DEFAULT",false,true
"10026224","LAB_10026224","Global","Label","DEFAULT",false,true
"10026230","LAB_10026230","Global","Label","DEFAULT",false,true
"10026237","LAB_10026237","Global","Label","DEFAULT",false,true
"10026248","LAB_10026248","Global","Label","DEFAULT",false,true
"10026254","LAB_10026254","Global","Label","DEFAULT",false,true
"10026256","LAB_10026256","Global","Label","DEFAULT",false,true
"10026258","LAB_10026258","Global","Label","DEFAULT",false,true
"10026260","FUN_10026260","Global","Function","DEFAULT",false,true
"1002628c","LAB_1002628c","Global","Label","DEFAULT",false,true
"100262ae","LAB_100262ae","Global","Label","DEFAULT",false,true
"100262b3","LAB_100262b3","Global","Label","DEFAULT",false,true
"100262c6","LAB_100262c6","Global","Label","DEFAULT",false,true
"100262ce","LAB_100262ce","Global","Label","DEFAULT",false,true
"100262d6","LAB_100262d6","Global","Label","DEFAULT",false,true
"100262ec","LAB_100262ec","Global","Label","DEFAULT",false,true
"100262f3","LAB_100262f3","Global","Label","DEFAULT",false,true
"100262f8","LAB_100262f8","Global","Label","DEFAULT",false,true
"100262ff","LAB_100262ff","Global","Label","DEFAULT",false,true
"10026305","LAB_10026305","Global","Label","DEFAULT",false,true
"1002630f","LAB_1002630f","Global","Label","DEFAULT",false,true
"10026345","LAB_10026345","Global","Label","DEFAULT",false,true
"1002634f","LAB_1002634f","Global","Label","DEFAULT",false,true
"10026359","LAB_10026359","Global","Label","DEFAULT",false,true
"1002635d","LAB_1002635d","Global","Label","DEFAULT",false,true
"10026367","LAB_10026367","Global","Label","DEFAULT",false,true
"10026369","LAB_10026369","Global","Label","DEFAULT",false,true
"10026373","LAB_10026373","Global","Label","DEFAULT",false,true
"1002637c","LAB_1002637c","Global","Label","DEFAULT",false,true
"10026384","FID_conflict:__wctime64","Global","Function","ANALYSIS",false,true
"10026384","__ctime64","Global","Label","ANALYSIS",false,false
"10026384","__wctime64","Global","Label","ANALYSIS",false,false
"100263b2","LAB_100263b2","Global","Label","DEFAULT",false,true
"100263bf","LAB_100263bf","Global","Label","DEFAULT",false,true
"100263cc","LAB_100263cc","Global","Label","DEFAULT",false,true
"100263e8","LAB_100263e8","Global","Label","DEFAULT",false,true
"100263f7","FUN_100263f7","Global","Function","DEFAULT",false,true
"1002643e","LAB_1002643e","Global","Label","DEFAULT",false,true
"10026442","LAB_10026442","Global","Label","DEFAULT",false,true
"10026449","LAB_10026449","Global","Label","DEFAULT",false,true
"10026457","LAB_10026457","Global","Label","DEFAULT",false,true
"1002645f","FUN_1002645f","Global","Function","DEFAULT",false,true
"10026480","LAB_10026480","Global","Label","DEFAULT",false,true
"10026487","LAB_10026487","Global","Label","DEFAULT",false,true
"1002648b","LAB_1002648b","Global","Label","DEFAULT",false,true
"1002649b","LAB_1002649b","Global","Label","DEFAULT",false,true
"1002649f","LAB_1002649f","Global","Label","DEFAULT",false,true
"100264d3","LAB_100264d3","Global","Label","DEFAULT",false,true
"100264f1","LAB_100264f1","Global","Label","DEFAULT",false,true
"100264f9","LAB_100264f9","Global","Label","DEFAULT",false,true
"10026507","LAB_10026507","Global","Label","DEFAULT",false,true
"10026517","LAB_10026517","Global","Label","DEFAULT",false,true
"10026527","FUN_10026527","Global","Function","DEFAULT",false,true
"10026531","FUN_10026531","Global","Function","DEFAULT",false,true
"1002653c","??$common_fsopen@D@@YAPAU_iobuf@@QBD0H@Z","Global","Label","ANALYSIS",false,false
"1002653c","common_fsopen<char>","Global","Function","ANALYSIS",false,true
"1002654f","LAB_1002654f","Global","Label","DEFAULT",false,true
"1002655f","LAB_1002655f","Global","Label","DEFAULT",false,true
"10026563","LAB_10026563","Global","Label","DEFAULT",false,true
"10026581","LAB_10026581","Global","Label","DEFAULT",false,true
"1002659e","LAB_1002659e","Global","Label","DEFAULT",false,true
"100265c9","LAB_100265c9","Global","Label","DEFAULT",false,true
"100265dc","FUN_100265dc","Global","Function","DEFAULT",false,true
"100265e9","LAB_100265e9","Global","Label","DEFAULT",false,true
"100265f3","??$common_fsopen@_W@@YAPAU_iobuf@@QB_W0H@Z","Global","Label","ANALYSIS",false,false
"100265f3","common_fsopen<wchar_t>","Global","Function","ANALYSIS",false,true
"10026606","LAB_10026606","Global","Label","DEFAULT",false,true
"10026616","LAB_10026616","Global","Label","DEFAULT",false,true
"1002661a","LAB_1002661a","Global","Label","DEFAULT",false,true
"1002663a","LAB_1002663a","Global","Label","DEFAULT",false,true
"10026656","LAB_10026656","Global","Label","DEFAULT",false,true
"1002667f","LAB_1002667f","Global","Label","DEFAULT",false,true
"10026692","FUN_10026692","Global","Function","DEFAULT",false,true
"1002669f","LAB_1002669f","Global","Label","DEFAULT",false,true
"100266a9","FUN_100266a9","Global","Function","DEFAULT",false,true
"100266b4","FUN_100266b4","Global","Function","DEFAULT",false,true
"100266bf","_fopen","Global","Function","ANALYSIS",false,true
"100266d6","FUN_100266d6","Global","Function","DEFAULT",false,true
"100266e1","FUN_100266e1","Global","Function","DEFAULT",false,true
"100266fe","LAB_100266fe","Global","Label","DEFAULT",false,true
"10026709","LAB_10026709","Global","Label","DEFAULT",false,true
"10026732","LAB_10026732","Global","Label","DEFAULT",false,true
"1002673c","LAB_1002673c","Global","Label","DEFAULT",false,true
"1002673f","___acrt_lock","Global","Function","ANALYSIS",false,true
"10026756","FUN_10026756","Global","Function","DEFAULT",false,true
"1002676d","LAB_1002676d","Global","Label","DEFAULT",false,true
"10026783","LAB_10026783","Global","Label","DEFAULT",false,true
"10026787","___acrt_unlock","Global","Function","ANALYSIS",false,true
"1002679e","__lock_locales","Global","Function","ANALYSIS",false,true
"100267ac","LAB_100267ac","Global","Label","DEFAULT",false,true
"100267b5","??$?RV<lambda_646e26742ed01d5bc03234f44bb6d3d3>@@AAV<lambda_b37934c380d97b75fd242ea49540127a>@@V<lambda_bbd9d45274666fbb50f81a29ad795c13>@@@?$__crt_seh_guarded_call@PAD@@QAEPAD$$QAV<lambda_646e26742ed01d5bc03234f44bb6d3d3>@@AAV<lambda_b37934c380d97b75fd242ea49540127a>@@$$QAV<lambda_bbd9d45274666fbb50f81a29ad795c13>@@@Z","Global","Label","ANALYSIS",false,false
"100267b5","operator()<<lambda_646e26742ed01d5bc03234f44bb6d3d3>,<lambda_b37934c380d97b75fd242ea49540127a>&,<lambda_bbd9d45274666fbb50f81a29ad795c13>_>","__crt_seh_guarded_call<char*>","Function","ANALYSIS",false,true
"10026804","FUN_10026804","Global","Function","DEFAULT",false,true
"10026810","FUN_10026810","Global","Function","DEFAULT",false,true
"10026876","LAB_10026876","Global","Label","DEFAULT",false,true
"10026878","LAB_10026878","Global","Label","DEFAULT",false,true
"1002687d","LAB_1002687d","Global","Label","DEFAULT",false,true
"100268c7","LAB_100268c7","Global","Label","DEFAULT",false,true
"10026901","LAB_10026901","Global","Label","DEFAULT",false,true
"10026941","LAB_10026941","Global","Label","DEFAULT",false,true
"10026962","LAB_10026962","Global","Label","DEFAULT",false,true
"10026964","LAB_10026964","Global","Label","DEFAULT",false,true
"1002696f","FUN_1002696f","Global","Function","DEFAULT",false,true
"10026989","LAB_10026989","Global","Label","DEFAULT",false,true
"100269b1","LAB_100269b1","Global","Label","DEFAULT",false,true
"100269e5","LAB_100269e5","Global","Label","DEFAULT",false,true
"100269f2","LAB_100269f2","Global","Label","DEFAULT",false,true
"100269ff","LAB_100269ff","Global","Label","DEFAULT",false,true
"10026a0a","_setlocale","Global","Function","ANALYSIS",false,true
"10026a42","___pctype_func","Global","Function","ANALYSIS",false,true
"10026a66","____lc_codepage_func","Global","Function","ANALYSIS",false,true
"10026a8b","____lc_locale_name_func","Global","Function","ANALYSIS",false,true
"10026ab2","____mb_cur_max_func","Global","Function","ANALYSIS",false,true
"10026ad7","FUN_10026ad7","Global","Function","DEFAULT",false,true
"10026b39","LAB_10026b39","Global","Label","DEFAULT",false,true
"10026bcd","LAB_10026bcd","Global","Label","DEFAULT",false,true
"10026c25","LAB_10026c25","Global","Label","DEFAULT",false,true
"10026c30","LAB_10026c30","Global","Label","DEFAULT",false,true
"10026c41","LAB_10026c41","Global","Label","DEFAULT",false,true
"10026c4e","LAB_10026c4e","Global","Label","DEFAULT",false,true
"10026c55","LAB_10026c55","Global","Label","DEFAULT",false,true
"10026c58","LAB_10026c58","Global","Label","DEFAULT",false,true
"10026d52","LAB_10026d52","Global","Label","DEFAULT",false,true
"10026d88","LAB_10026d88","Global","Label","DEFAULT",false,true
"10026d93","LAB_10026d93","Global","Label","DEFAULT",false,true
"10026dc8","LAB_10026dc8","Global","Label","DEFAULT",false,true
"10026deb","LAB_10026deb","Global","Label","DEFAULT",false,true
"10026df3","LAB_10026df3","Global","Label","DEFAULT",false,true
"10026df8","LAB_10026df8","Global","Label","DEFAULT",false,true
"10026e81","LAB_10026e81","Global","Label","DEFAULT",false,true
"10026eb8","LAB_10026eb8","Global","Label","DEFAULT",false,true
"10026edc","LAB_10026edc","Global","Label","DEFAULT",false,true
"10026ee9","LAB_10026ee9","Global","Label","DEFAULT",false,true
"10026ef6","LAB_10026ef6","Global","Label","DEFAULT",false,true
"10026f25","LAB_10026f25","Global","Label","DEFAULT",false,true
"10026f34","FUN_10026f34","Global","Function","DEFAULT",false,true
"10026f49","LAB_10026f49","Global","Label","DEFAULT",false,true
"10026f80","LAB_10026f80","Global","Label","DEFAULT",false,true
"10026f82","LAB_10026f82","Global","Label","DEFAULT",false,true
"10026f86","LAB_10026f86","Global","Label","DEFAULT",false,true
"10026f93","FUN_10026f93","Global","Function","DEFAULT",false,true
"10026fec","LAB_10026fec","Global","Label","DEFAULT",false,true
"10026fee","LAB_10026fee","Global","Label","DEFAULT",false,true
"10026ff7","LAB_10026ff7","Global","Label","DEFAULT",false,true
"1002700d","LAB_1002700d","Global","Label","DEFAULT",false,true
"10027016","LAB_10027016","Global","Label","DEFAULT",false,true
"1002705f","LAB_1002705f","Global","Label","DEFAULT",false,true
"10027074","LAB_10027074","Global","Label","DEFAULT",false,true
"1002707e","LAB_1002707e","Global","Label","DEFAULT",false,true
"100270b0","LAB_100270b0","Global","Label","DEFAULT",false,true
"100270b6","LAB_100270b6","Global","Label","DEFAULT",false,true
"100270dd","LAB_100270dd","Global","Label","DEFAULT",false,true
"100270f7","LAB_100270f7","Global","Label","DEFAULT",false,true
"100270fd","LAB_100270fd","Global","Label","DEFAULT",false,true
"100270fe","LAB_100270fe","Global","Label","DEFAULT",false,true
"10027103","_fgetwc","Global","Function","ANALYSIS",false,true
"1002712d","LAB_1002712d","Global","Label","DEFAULT",false,true
"1002715b","LAB_1002715b","Global","Label","DEFAULT",false,true
"10027172","FUN_10027172","Global","Function","DEFAULT",false,true
"1002717a","FUN_1002717a","Global","Function","DEFAULT",false,true
"100271b2","LAB_100271b2","Global","Label","DEFAULT",false,true
"100271eb","LAB_100271eb","Global","Label","DEFAULT",false,true
"10027202","FUN_10027202","Global","Function","DEFAULT",false,true
"1002720a","FUN_1002720a","Global","Function","DEFAULT",false,true
"1002722d","LAB_1002722d","Global","Label","DEFAULT",false,true
"1002723e","FUN_1002723e","Global","Function","DEFAULT",false,true
"10027275","LAB_10027275","Global","Label","DEFAULT",false,true
"100272bc","LAB_100272bc","Global","Label","DEFAULT",false,true
"100272be","LAB_100272be","Global","Label","DEFAULT",false,true
"1002730b","LAB_1002730b","Global","Label","DEFAULT",false,true
"10027332","LAB_10027332","Global","Label","DEFAULT",false,true
"1002734d","LAB_1002734d","Global","Label","DEFAULT",false,true
"10027353","LAB_10027353","Global","Label","DEFAULT",false,true
"1002735a","LAB_1002735a","Global","Label","DEFAULT",false,true
"1002735b","LAB_1002735b","Global","Label","DEFAULT",false,true
"10027367","LAB_10027367","Global","Label","DEFAULT",false,true
"10027368","LAB_10027368","Global","Label","DEFAULT",false,true
"10027376","FUN_10027376","Global","Function","DEFAULT",false,true
"100273ac","FUN_100273ac","Global","Function","DEFAULT",false,true
"100273cf","LAB_100273cf","Global","Label","DEFAULT",false,true
"100273f5","LAB_100273f5","Global","Label","DEFAULT",false,true
"100273fc","LAB_100273fc","Global","Label","DEFAULT",false,true
"100273ff","LAB_100273ff","Global","Label","DEFAULT",false,true
"10027421","LAB_10027421","Global","Label","DEFAULT",false,true
"10027425","FUN_10027425","Global","Function","DEFAULT",false,true
"10027484","LAB_10027484","Global","Label","DEFAULT",false,true
"10027489","LAB_10027489","Global","Label","DEFAULT",false,true
"100274b7","LAB_100274b7","Global","Label","DEFAULT",false,true
"100274c3","LAB_100274c3","Global","Label","DEFAULT",false,true
"100274e2","LAB_100274e2","Global","Label","DEFAULT",false,true
"100274e9","LAB_100274e9","Global","Label","DEFAULT",false,true
"100274fe","LAB_100274fe","Global","Label","DEFAULT",false,true
"1002751c","LAB_1002751c","Global","Label","DEFAULT",false,true
"1002752b","LAB_1002752b","Global","Label","DEFAULT",false,true
"10027532","__ungetwc_nolock","Global","Function","ANALYSIS",false,true
"1002756a","LAB_1002756a","Global","Label","DEFAULT",false,true
"10027577","LAB_10027577","Global","Label","DEFAULT",false,true
"100275be","LAB_100275be","Global","Label","DEFAULT",false,true
"100275c3","LAB_100275c3","Global","Label","DEFAULT",false,true
"100275d2","LAB_100275d2","Global","Label","DEFAULT",false,true
"100275d6","LAB_100275d6","Global","Label","DEFAULT",false,true
"100275e1","LAB_100275e1","Global","Label","DEFAULT",false,true
"100275e4","LAB_100275e4","Global","Label","DEFAULT",false,true
"100275e8","_ungetwc","Global","Function","ANALYSIS",false,true
"10027612","LAB_10027612","Global","Label","DEFAULT",false,true
"10027647","LAB_10027647","Global","Label","DEFAULT",false,true
"1002765e","FUN_1002765e","Global","Function","DEFAULT",false,true
"10027666","FUN_10027666","Global","Function","DEFAULT",false,true
"10027676","___strncnt","Global","Function","ANALYSIS",false,true
"10027684","LAB_10027684","Global","Label","DEFAULT",false,true
"10027690","LAB_10027690","Global","Label","DEFAULT",false,true
"10027692","??$__acrt_convert_wcs_mbs_cp@D_WV<lambda_62f6974d9771e494a5ea317cc32e971c>@@U__crt_win32_buffer_internal_dynamic_resizing@@@@YAHQBDAAV?$__crt_win32_buffer@_WU__crt_win32_buffer_internal_dynamic_resizing@@@@ABV<lambda_62f6974d9771e494a5ea317cc32e971c>@@I@Z","Global","Label","ANALYSIS",false,false
"10027692","__acrt_convert_wcs_mbs_cp<char,wchar_t,<lambda_62f6974d9771e494a5ea317cc32e971c>,__crt_win32_buffer_internal_dynamic_resizing>","Global","Function","ANALYSIS",false,true
"100276b2","LAB_100276b2","Global","Label","DEFAULT",false,true
"100276ba","LAB_100276ba","Global","Label","DEFAULT",false,true
"100276d6","LAB_100276d6","Global","Label","DEFAULT",false,true
"100276e0","LAB_100276e0","Global","Label","DEFAULT",false,true
"100276f6","LAB_100276f6","Global","Label","DEFAULT",false,true
"1002770c","LAB_1002770c","Global","Label","DEFAULT",false,true
"10027720","LAB_10027720","Global","Label","DEFAULT",false,true
"1002773e","LAB_1002773e","Global","Label","DEFAULT",false,true
"10027740","LAB_10027740","Global","Label","DEFAULT",false,true
"10027744","FUN_10027744","Global","Function","DEFAULT",false,true
"10027760","LAB_10027760","Global","Label","DEFAULT",false,true
"10027781","LAB_10027781","Global","Label","DEFAULT",false,true
"1002778d","LAB_1002778d","Global","Label","DEFAULT",false,true
"100277ba","LAB_100277ba","Global","Label","DEFAULT",false,true
"100277cf","LAB_100277cf","Global","Label","DEFAULT",false,true
"100277fb","LAB_100277fb","Global","Label","DEFAULT",false,true
"10027801","LAB_10027801","Global","Label","DEFAULT",false,true
"10027802","LAB_10027802","Global","Label","DEFAULT",false,true
"10027803","LAB_10027803","Global","Label","DEFAULT",false,true
"10027806","??$__acrt_mbs_to_wcs_cp@U__crt_win32_buffer_internal_dynamic_resizing@@@@YAHQBDAAV?$__crt_win32_buffer@_WU__crt_win32_buffer_internal_dynamic_resizing@@@@I@Z","Global","Label","ANALYSIS",false,false
"10027806","__acrt_mbs_to_wcs_cp<__crt_win32_buffer_internal_dynamic_resizing>","Global","Function","ANALYSIS",false,true
"10027823","FUN_10027823","Global","Function","DEFAULT",false,true
"10027847","?_deallocate@?$__crt_win32_buffer@_WU__crt_win32_buffer_internal_dynamic_resizing@@@@AAEXXZ","Global","Label","ANALYSIS",false,false
"10027847","_deallocate","__crt_win32_buffer<wchar_t,__crt_win32_buffer_internal_dynamic_resizing>","Function","ANALYSIS",false,true
"1002785f","LAB_1002785f","Global","Label","DEFAULT",false,true
"10027861","allocate","Global","Function","ANALYSIS",false,true
"10027870","LAB_10027870","Global","Label","DEFAULT",false,true
"10027888","?allocate@?$__crt_win32_buffer@_WU__crt_win32_buffer_internal_dynamic_resizing@@@@QAEHI@Z","Global","Label","ANALYSIS",false,false
"10027888","allocate","__crt_win32_buffer<wchar_t,__crt_win32_buffer_internal_dynamic_resizing>","Function","ANALYSIS",false,true
"100278b8","LAB_100278b8","Global","Label","DEFAULT",false,true
"100278c1","LAB_100278c1","Global","Label","DEFAULT",false,true
"100278c7","?allocate@__crt_win32_buffer_internal_dynamic_resizing@@SAHQAPAXIABV__crt_win32_buffer_empty_debug_info@@@Z","Global","Label","ANALYSIS",false,false
"100278c7","allocate","__crt_win32_buffer_internal_dynamic_resizing","Function","ANALYSIS",false,true
"100278e6","FUN_100278e6","Global","Function","DEFAULT",false,true
"100278f0","LAB_100278f0","Global","Label","DEFAULT",false,true
"100278fa","FUN_100278fa","Global","Function","DEFAULT",false,true
"10027912","LAB_10027912","Global","Label","DEFAULT",false,true
"10027926","LAB_10027926","Global","Label","DEFAULT",false,true
"1002793d","__seh_filter_dll","Global","Function","ANALYSIS",false,true
"10027950","LAB_10027950","Global","Label","DEFAULT",false,true
"1002795d","FUN_1002795d","Global","Function","DEFAULT",false,true
"10027981","LAB_10027981","Global","Label","DEFAULT",false,true
"1002798c","LAB_1002798c","Global","Label","DEFAULT",false,true
"1002798e","LAB_1002798e","Global","Label","DEFAULT",false,true
"10027992","LAB_10027992","Global","Label","DEFAULT",false,true
"100279ab","LAB_100279ab","Global","Label","DEFAULT",false,true
"100279b0","LAB_100279b0","Global","Label","DEFAULT",false,true
"100279b5","LAB_100279b5","Global","Label","DEFAULT",false,true
"100279d3","LAB_100279d3","Global","Label","DEFAULT",false,true
"100279da","LAB_100279da","Global","Label","DEFAULT",false,true
"10027a16","LAB_10027a16","Global","Label","DEFAULT",false,true
"10027a1d","LAB_10027a1d","Global","Label","DEFAULT",false,true
"10027a24","LAB_10027a24","Global","Label","DEFAULT",false,true
"10027a2b","LAB_10027a2b","Global","Label","DEFAULT",false,true
"10027a32","LAB_10027a32","Global","Label","DEFAULT",false,true
"10027a5b","LAB_10027a5b","Global","Label","DEFAULT",false,true
"10027a62","LAB_10027a62","Global","Label","DEFAULT",false,true
"10027a69","LAB_10027a69","Global","Label","DEFAULT",false,true
"10027a6e","LAB_10027a6e","Global","Label","DEFAULT",false,true
"10027a71","LAB_10027a71","Global","Label","DEFAULT",false,true
"10027a86","LAB_10027a86","Global","Label","DEFAULT",false,true
"10027a98","LAB_10027a98","Global","Label","DEFAULT",false,true
"10027aa3","operator()<>","Global","Function","ANALYSIS",false,true
"10027ae4","FUN_10027ae4","Global","Function","DEFAULT",false,true
"10027af0","FUN_10027af0","Global","Function","DEFAULT",false,true
"10027b0b","FUN_10027b0b","Global","Function","DEFAULT",false,true
"10027b65","LAB_10027b65","Global","Label","DEFAULT",false,true
"10027b6c","LAB_10027b6c","Global","Label","DEFAULT",false,true
"10027b76","LAB_10027b76","Global","Label","DEFAULT",false,true
"10027b7c","LAB_10027b7c","Global","Label","DEFAULT",false,true
"10027b9a","LAB_10027b9a","Global","Label","DEFAULT",false,true
"10027bbf","LAB_10027bbf","Global","Label","DEFAULT",false,true
"10027bf3","FUN_10027bf3","Global","Function","DEFAULT",false,true
"10027c32","LAB_10027c32","Global","Label","DEFAULT",false,true
"10027c7c","LAB_10027c7c","Global","Label","DEFAULT",false,true
"10027c8a","FUN_10027c8a","Global","Function","DEFAULT",false,true
"10027ca8","LAB_10027ca8","Global","Label","DEFAULT",false,true
"10027cbb","FUN_10027cbb","Global","Function","DEFAULT",false,true
"10027cfa","LAB_10027cfa","Global","Label","DEFAULT",false,true
"10027cfd","FUN_10027cfd","Global","Function","DEFAULT",false,true
"10027d13","LAB_10027d13","Global","Label","DEFAULT",false,true
"10027d16","FUN_10027d16","Global","Function","DEFAULT",false,true
"10027d76","LAB_10027d76","Global","Label","DEFAULT",false,true
"10027d85","LAB_10027d85","Global","Label","DEFAULT",false,true
"10027d98","FUN_10027d98","Global","Function","DEFAULT",false,true
"10027da7","LAB_10027da7","Global","Label","DEFAULT",false,true
"10027db6","__exit","Global","Function","ANALYSIS",false,true
"10027dcc","FUN_10027dcc","Global","Function","DEFAULT",false,true
"10027dd3","FUN_10027dd3","Global","Function","DEFAULT",false,true
"10027dea","LAB_10027dea","Global","Label","DEFAULT",false,true
"10027e0b","LAB_10027e0b","Global","Label","DEFAULT",false,true
"10027e3c","LAB_10027e3c","Global","Label","DEFAULT",false,true
"10027e41","LAB_10027e41","Global","Label","DEFAULT",false,true
"10027e79","LAB_10027e79","Global","Label","DEFAULT",false,true
"10027ea8","LAB_10027ea8","Global","Label","DEFAULT",false,true
"10027eb3","LAB_10027eb3","Global","Label","DEFAULT",false,true
"10027ed4","LAB_10027ed4","Global","Label","DEFAULT",false,true
"10027edf","LAB_10027edf","Global","Label","DEFAULT",false,true
"10027ee7","LAB_10027ee7","Global","Label","DEFAULT",false,true
"10027efe","LAB_10027efe","Global","Label","DEFAULT",false,true
"10027f0a","LAB_10027f0a","Global","Label","DEFAULT",false,true
"10027f0c","LAB_10027f0c","Global","Label","DEFAULT",false,true
"10027f0d","LAB_10027f0d","Global","Label","DEFAULT",false,true
"10027f10","FUN_10027f10","Global","Function","DEFAULT",false,true
"10027f3e","LAB_10027f3e","Global","Label","DEFAULT",false,true
"10027f40","LAB_10027f40","Global","Label","DEFAULT",false,true
"10027f52","LAB_10027f52","Global","Label","DEFAULT",false,true
"10027f5d","LAB_10027f5d","Global","Label","DEFAULT",false,true
"10027f7c","LAB_10027f7c","Global","Label","DEFAULT",false,true
"10027f82","LAB_10027f82","Global","Label","DEFAULT",false,true
"10027f86","LAB_10027f86","Global","Label","DEFAULT",false,true
"10027f94","LAB_10027f94","Global","Label","DEFAULT",false,true
"10027f9e","LAB_10027f9e","Global","Label","DEFAULT",false,true
"10027f9f","LAB_10027f9f","Global","Label","DEFAULT",false,true
"10027fa3","LAB_10027fa3","Global","Label","DEFAULT",false,true
"10027fad","LAB_10027fad","Global","Label","DEFAULT",false,true
"10027fb5","LAB_10027fb5","Global","Label","DEFAULT",false,true
"10027fba","LAB_10027fba","Global","Label","DEFAULT",false,true
"10027fd1","LAB_10027fd1","Global","Label","DEFAULT",false,true
"10027fd6","LAB_10027fd6","Global","Label","DEFAULT",false,true
"10027fdd","LAB_10027fdd","Global","Label","DEFAULT",false,true
"10027fdf","LAB_10027fdf","Global","Label","DEFAULT",false,true
"10027fff","LAB_10027fff","Global","Label","DEFAULT",false,true
"10028002","LAB_10028002","Global","Label","DEFAULT",false,true
"1002800a","LAB_1002800a","Global","Label","DEFAULT",false,true
"1002800e","LAB_1002800e","Global","Label","DEFAULT",false,true
"10028017","LAB_10028017","Global","Label","DEFAULT",false,true
"10028019","LAB_10028019","Global","Label","DEFAULT",false,true
"10028031","LAB_10028031","Global","Label","DEFAULT",false,true
"1002803c","LAB_1002803c","Global","Label","DEFAULT",false,true
"10028059","LAB_10028059","Global","Label","DEFAULT",false,true
"1002805b","LAB_1002805b","Global","Label","DEFAULT",false,true
"10028061","LAB_10028061","Global","Label","DEFAULT",false,true
"10028069","LAB_10028069","Global","Label","DEFAULT",false,true
"10028070","LAB_10028070","Global","Label","DEFAULT",false,true
"1002807d","LAB_1002807d","Global","Label","DEFAULT",false,true
"10028084","___acrt_allocate_buffer_for_argv","Global","Function","ANALYSIS",false,true
"100280ce","LAB_100280ce","Global","Label","DEFAULT",false,true
"100280d0","LAB_100280d0","Global","Label","DEFAULT",false,true
"100280d3","FUN_100280d3","Global","Function","DEFAULT",false,true
"100280de","FUN_100280de","Global","Function","DEFAULT",false,true
"10028101","LAB_10028101","Global","Label","DEFAULT",false,true
"10028107","LAB_10028107","Global","Label","DEFAULT",false,true
"10028109","LAB_10028109","Global","Label","DEFAULT",false,true
"1002810a","FUN_1002810a","Global","Function","DEFAULT",false,true
"10028116","LAB_10028116","Global","Label","DEFAULT",false,true
"10028133","LAB_10028133","Global","Label","DEFAULT",false,true
"10028144","LAB_10028144","Global","Label","DEFAULT",false,true
"10028150","LAB_10028150","Global","Label","DEFAULT",false,true
"10028164","FUN_10028164","Global","Function","DEFAULT",false,true
"10028170","LAB_10028170","Global","Label","DEFAULT",false,true
"10028188","LAB_10028188","Global","Label","DEFAULT",false,true
"10028199","LAB_10028199","Global","Label","DEFAULT",false,true
"100281a5","LAB_100281a5","Global","Label","DEFAULT",false,true
"100281b9","FUN_100281b9","Global","Function","DEFAULT",false,true
"100281ce","LAB_100281ce","Global","Label","DEFAULT",false,true
"100281d3","LAB_100281d3","Global","Label","DEFAULT",false,true
"100281d8","LAB_100281d8","Global","Label","DEFAULT",false,true
"100281e6","LAB_100281e6","Global","Label","DEFAULT",false,true
"10028207","LAB_10028207","Global","Label","DEFAULT",false,true
"1002820c","LAB_1002820c","Global","Label","DEFAULT",false,true
"10028211","LAB_10028211","Global","Label","DEFAULT",false,true
"1002825c","LAB_1002825c","Global","Label","DEFAULT",false,true
"1002825e","LAB_1002825e","Global","Label","DEFAULT",false,true
"1002826d","LAB_1002826d","Global","Label","DEFAULT",false,true
"1002826e","LAB_1002826e","Global","Label","DEFAULT",false,true
"10028273","LAB_10028273","Global","Label","DEFAULT",false,true
"1002828e","LAB_1002828e","Global","Label","DEFAULT",false,true
"1002829b","FUN_1002829b","Global","Function","DEFAULT",false,true
"100282bf","LAB_100282bf","Global","Label","DEFAULT",false,true
"100282c5","LAB_100282c5","Global","Label","DEFAULT",false,true
"100282ca","LAB_100282ca","Global","Label","DEFAULT",false,true
"100282ef","LAB_100282ef","Global","Label","DEFAULT",false,true
"1002830c","LAB_1002830c","Global","Label","DEFAULT",false,true
"10028319","LAB_10028319","Global","Label","DEFAULT",false,true
"1002831e","LAB_1002831e","Global","Label","DEFAULT",false,true
"10028374","LAB_10028374","Global","Label","DEFAULT",false,true
"10028381","LAB_10028381","Global","Label","DEFAULT",false,true
"1002838b","LAB_1002838b","Global","Label","DEFAULT",false,true
"1002838c","LAB_1002838c","Global","Label","DEFAULT",false,true
"10028391","LAB_10028391","Global","Label","DEFAULT",false,true
"100283ac","LAB_100283ac","Global","Label","DEFAULT",false,true
"100283b9","free_environment<>","Global","Function","ANALYSIS",false,true
"100283cd","LAB_100283cd","Global","Label","DEFAULT",false,true
"100283d9","LAB_100283d9","Global","Label","DEFAULT",false,true
"100283e5","LAB_100283e5","Global","Label","DEFAULT",false,true
"100283e8","FUN_100283e8","Global","Function","DEFAULT",false,true
"100283ff","LAB_100283ff","Global","Label","DEFAULT",false,true
"10028453","LAB_10028453","Global","Label","DEFAULT",false,true
"10028457","LAB_10028457","Global","Label","DEFAULT",false,true
"10028458","LAB_10028458","Global","Label","DEFAULT",false,true
"1002845e","LAB_1002845e","Global","Label","DEFAULT",false,true
"10028461","LAB_10028461","Global","Label","DEFAULT",false,true
"10028465","LAB_10028465","Global","Label","DEFAULT",false,true
"10028469","uninitialize_environment_internal<>","Global","Function","ANALYSIS",false,true
"10028482","LAB_10028482","Global","Label","DEFAULT",false,true
"10028484","uninitialize_environment_internal<>","Global","Function","ANALYSIS",false,true
"1002849d","LAB_1002849d","Global","Label","DEFAULT",false,true
"1002849f","thunk_FUN_100280de","Global","Function","DEFAULT",false,true
"100284a4","FUN_100284a4","Global","Function","DEFAULT",false,true
"100284f5","thunk_FUN_1002810a","Global","Function","DEFAULT",false,true
"100284fa","??$?RV<lambda_69a2805e680e0e292e8ba93315fe43a8>@@AAV<lambda_f03950bc5685219e0bcd2087efbe011e>@@V<lambda_03fcd07e894ec930e3f35da366ca99d6>@@@?$__crt_seh_guarded_call@H@@QAEH$$QAV<lambda_69a2805e680e0e292e8ba93315fe43a8>@@AAV<lambda_f03950bc5685219e0bcd2087efbe011e>@@$$QAV<lambda_03fcd07e894ec930e3f35da366ca99d6>@@@Z","Global","Label","ANALYSIS",false,false
"100284fa","operator()<<lambda_69a2805e680e0e292e8ba93315fe43a8>,<lambda_f03950bc5685219e0bcd2087efbe011e>&,<lambda_03fcd07e894ec930e3f35da366ca99d6>_>","__crt_seh_guarded_call<int>","Function","ANALYSIS",false,true
"10028549","FUN_10028549","Global","Function","DEFAULT",false,true
"10028555","??$?RV<lambda_8e746cf0007f6ed984d6f78af1fec997>@@AAV<lambda_22ebabd17bc4fa466a2aca6d8deb888d>@@V<lambda_18ed0c0b38a6dc0daf1e7ac6d6adf05e>@@@?$__crt_seh_guarded_call@H@@QAEH$$QAV<lambda_8e746cf0007f6ed984d6f78af1fec997>@@AAV<lambda_22ebabd17bc4fa466a2aca6d8deb888d>@@$$QAV<lambda_18ed0c0b38a6dc0daf1e7ac6d6adf05e>@@@Z","Global","Label","ANALYSIS",false,false
"10028555","operator()<<lambda_8e746cf0007f6ed984d6f78af1fec997>,<lambda_22ebabd17bc4fa466a2aca6d8deb888d>&,<lambda_18ed0c0b38a6dc0daf1e7ac6d6adf05e>_>","__crt_seh_guarded_call<int>","Function","ANALYSIS",false,true
"100285a4","FUN_100285a4","Global","Function","DEFAULT",false,true
"100285b0","??$__crt_fast_encode_pointer@P6GHPA_WKJ@Z@@YAP6GHPA_WKJ@ZQ6GH0KJ@Z@Z","Global","Label","ANALYSIS",false,false
"100285b0","__crt_fast_encode_pointer<int_(__stdcall*)(wchar_t*,unsigned_long,long)>","Global","Function","ANALYSIS",false,true
"100285cf","FUN_100285cf","Global","Function","DEFAULT",false,true
"1002861c","LAB_1002861c","Global","Label","DEFAULT",false,true
"10028626","LAB_10028626","Global","Label","DEFAULT",false,true
"10028647","LAB_10028647","Global","Label","DEFAULT",false,true
"10028667","LAB_10028667","Global","Label","DEFAULT",false,true
"1002867e","LAB_1002867e","Global","Label","DEFAULT",false,true
"10028687","LAB_10028687","Global","Label","DEFAULT",false,true
"100286c9","LAB_100286c9","Global","Label","DEFAULT",false,true
"100286cc","LAB_100286cc","Global","Label","DEFAULT",false,true
"100286d1","??R<lambda_f03950bc5685219e0bcd2087efbe011e>@@QBEHXZ","Global","Label","ANALYSIS",false,false
"100286d1","operator()","<lambda_f03950bc5685219e0bcd2087efbe011e>","Function","ANALYSIS",false,true
"100286f0","LAB_100286f0","Global","Label","DEFAULT",false,true
"10028720","LAB_10028720","Global","Label","DEFAULT",false,true
"10028723","LAB_10028723","Global","Label","DEFAULT",false,true
"10028774","LAB_10028774","Global","Label","DEFAULT",false,true
"1002877e","LAB_1002877e","Global","Label","DEFAULT",false,true
"10028790","LAB_10028790","Global","Label","DEFAULT",false,true
"100287a4","LAB_100287a4","Global","Label","DEFAULT",false,true
"100287a7","LAB_100287a7","Global","Label","DEFAULT",false,true
"100287ab","FUN_100287ab","Global","Function","DEFAULT",false,true
"100287c1","FUN_100287c1","Global","Function","DEFAULT",false,true
"100287ff","__initialize_onexit_table","Global","Function","ANALYSIS",false,true
"10028810","LAB_10028810","Global","Label","DEFAULT",false,true
"10028824","LAB_10028824","Global","Label","DEFAULT",false,true
"10028828","__register_onexit_function","Global","Function","ANALYSIS",false,true
"1002885b","LAB_1002885b","Global","Label","DEFAULT",false,true
"10028868","LAB_10028868","Global","Label","DEFAULT",false,true
"10028882","LAB_10028882","Global","Label","DEFAULT",false,true
"100288b8","LAB_100288b8","Global","Label","DEFAULT",false,true
"100288c1","_uninitialize_allocated_memory","Global","Label","ANALYSIS",false,false
"100288c1","uninitialize_allocated_memory","Global","Function","ANALYSIS",false,true
"10028928","??R<lambda_af42a3ee9806e9a7305d451646e05244>@@QBEXAAPAU__crt_multibyte_data@@@Z","Global","Label","ANALYSIS",false,false
"10028928","operator()","<lambda_af42a3ee9806e9a7305d451646e05244>","Function","ANALYSIS",false,true
"10028950","LAB_10028950","Global","Label","DEFAULT",false,true
"10028951","LAB_10028951","Global","Label","DEFAULT",false,true
"10028956","___acrt_initialize","Global","Function","ANALYSIS",false,true
"10028968","FUN_10028968","Global","Function","DEFAULT",false,true
"10028973","FUN_10028973","Global","Function","DEFAULT",false,true
"1002897b","___acrt_uninitialize","Global","Function","ANALYSIS",false,true
"10028994","LAB_10028994","Global","Label","DEFAULT",false,true
"10028998","LAB_10028998","Global","Label","DEFAULT",false,true
"100289ab","___acrt_uninitialize_critical","Global","Function","ANALYSIS",false,true
"100289bd","FUN_100289bd","Global","Function","DEFAULT",false,true
"100289cc","FUN_100289cc","Global","Function","DEFAULT",false,true
"100289f3","LAB_100289f3","Global","Label","DEFAULT",false,true
"100289f5","LAB_100289f5","Global","Label","DEFAULT",false,true
"100289f8","FUN_100289f8","Global","Function","DEFAULT",false,true
"10028a46","FUN_10028a46","Global","Function","DEFAULT",false,true
"10028a4f","__errcode","Global","Function","ANALYSIS",false,true
"10028a5f","LAB_10028a5f","Global","Label","DEFAULT",false,true
"10028a68","LAB_10028a68","Global","Label","DEFAULT",false,true
"10028a70","LAB_10028a70","Global","Label","DEFAULT",false,true
"10028a76","LAB_10028a76","Global","Label","DEFAULT",false,true
"10028a79","LAB_10028a79","Global","Label","DEFAULT",false,true
"10028a83","__except1","Global","Function","ANALYSIS",false,true
"10028ae9","LAB_10028ae9","Global","Label","DEFAULT",false,true
"10028b26","LAB_10028b26","Global","Label","DEFAULT",false,true
"10028b3e","LAB_10028b3e","Global","Label","DEFAULT",false,true
"10028b51","FUN_10028b51","Global","Function","DEFAULT",false,true
"10028b7f","LAB_10028b7f","Global","Label","DEFAULT",false,true
"10028b98","LAB_10028b98","Global","Label","DEFAULT",false,true
"10028be6","LAB_10028be6","Global","Label","DEFAULT",false,true
"10028bfc","LAB_10028bfc","Global","Label","DEFAULT",false,true
"10028c12","LAB_10028c12","Global","Label","DEFAULT",false,true
"10028c20","LAB_10028c20","Global","Label","DEFAULT",false,true
"10028c28","LAB_10028c28","Global","Label","DEFAULT",false,true
"10028c2e","LAB_10028c2e","Global","Label","DEFAULT",false,true
"10028c30","LAB_10028c30","Global","Label","DEFAULT",false,true
"10028c32","LAB_10028c32","Global","Label","DEFAULT",false,true
"10028c3a","LAB_10028c3a","Global","Label","DEFAULT",false,true
"10028c9d","LAB_10028c9d","Global","Label","DEFAULT",false,true
"10028cb3","LAB_10028cb3","Global","Label","DEFAULT",false,true
"10028cbc","LAB_10028cbc","Global","Label","DEFAULT",false,true
"10028ce7","LAB_10028ce7","Global","Label","DEFAULT",false,true
"10028cf3","LAB_10028cf3","Global","Label","DEFAULT",false,true
"10028cf9","LAB_10028cf9","Global","Label","DEFAULT",false,true
"10028d0f","LAB_10028d0f","Global","Label","DEFAULT",false,true
"10028d25","LAB_10028d25","Global","Label","DEFAULT",false,true
"10028d28","LAB_10028d28","Global","Label","DEFAULT",false,true
"10028d3e","LAB_10028d3e","Global","Label","DEFAULT",false,true
"10028d41","LAB_10028d41","Global","Label","DEFAULT",false,true
"10028d49","LAB_10028d49","Global","Label","DEFAULT",false,true
"10028d69","LAB_10028d69","Global","Label","DEFAULT",false,true
"10028d6c","LAB_10028d6c","Global","Label","DEFAULT",false,true
"10028d70","LAB_10028d70","Global","Label","DEFAULT",false,true
"10028d80","LAB_10028d80","Global","Label","DEFAULT",false,true
"10028d82","LAB_10028d82","Global","Label","DEFAULT",false,true
"10028d91","LAB_10028d91","Global","Label","DEFAULT",false,true
"10028d94","LAB_10028d94","Global","Label","DEFAULT",false,true
"10028d97","LAB_10028d97","Global","Label","DEFAULT",false,true
"10028da2","LAB_10028da2","Global","Label","DEFAULT",false,true
"10028da4","LAB_10028da4","Global","Label","DEFAULT",false,true
"10028dac","LAB_10028dac","Global","Label","DEFAULT",false,true
"10028db0","LAB_10028db0","Global","Label","DEFAULT",false,true
"10028dc6","LAB_10028dc6","Global","Label","DEFAULT",false,true
"10028dd1","__raise_exc","Global","Function","ANALYSIS",false,true
"10028df4","__raise_exc_ex","Global","Function","ANALYSIS",false,true
"10028e2a","LAB_10028e2a","Global","Label","DEFAULT",false,true
"10028e3b","LAB_10028e3b","Global","Label","DEFAULT",false,true
"10028e4c","LAB_10028e4c","Global","Label","DEFAULT",false,true
"10028e5d","LAB_10028e5d","Global","Label","DEFAULT",false,true
"10028e6e","LAB_10028e6e","Global","Label","DEFAULT",false,true
"10028ee1","LAB_10028ee1","Global","Label","DEFAULT",false,true
"10028eed","LAB_10028eed","Global","Label","DEFAULT",false,true
"10028ef9","LAB_10028ef9","Global","Label","DEFAULT",false,true
"10028f05","LAB_10028f05","Global","Label","DEFAULT",false,true
"10028f10","LAB_10028f10","Global","Label","DEFAULT",false,true
"10028f35","LAB_10028f35","Global","Label","DEFAULT",false,true
"10028f40","LAB_10028f40","Global","Label","DEFAULT",false,true
"10028f44","LAB_10028f44","Global","Label","DEFAULT",false,true
"10028f50","LAB_10028f50","Global","Label","DEFAULT",false,true
"10028f56","LAB_10028f56","Global","Label","DEFAULT",false,true
"10028f74","LAB_10028f74","Global","Label","DEFAULT",false,true
"10028f81","LAB_10028f81","Global","Label","DEFAULT",false,true
"10028f8c","LAB_10028f8c","Global","Label","DEFAULT",false,true
"10028f8e","LAB_10028f8e","Global","Label","DEFAULT",false,true
"10028fd9","LAB_10028fd9","Global","Label","DEFAULT",false,true
"10029013","LAB_10029013","Global","Label","DEFAULT",false,true
"10029033","LAB_10029033","Global","Label","DEFAULT",false,true
"1002903c","LAB_1002903c","Global","Label","DEFAULT",false,true
"10029045","LAB_10029045","Global","Label","DEFAULT",false,true
"1002904e","LAB_1002904e","Global","Label","DEFAULT",false,true
"10029057","LAB_10029057","Global","Label","DEFAULT",false,true
"1002907d","LAB_1002907d","Global","Label","DEFAULT",false,true
"10029089","LAB_10029089","Global","Label","DEFAULT",false,true
"1002908d","LAB_1002908d","Global","Label","DEFAULT",false,true
"1002909b","LAB_1002909b","Global","Label","DEFAULT",false,true
"1002909d","LAB_1002909d","Global","Label","DEFAULT",false,true
"100290b8","LAB_100290b8","Global","Label","DEFAULT",false,true
"100290c3","LAB_100290c3","Global","Label","DEFAULT",false,true
"100290cc","LAB_100290cc","Global","Label","DEFAULT",false,true
"100290ce","LAB_100290ce","Global","Label","DEFAULT",false,true
"100290dc","LAB_100290dc","Global","Label","DEFAULT",false,true
"100290e1","LAB_100290e1","Global","Label","DEFAULT",false,true
"100290e5","FUN_100290e5","Global","Function","DEFAULT",false,true
"100290fc","LAB_100290fc","Global","Label","DEFAULT",false,true
"10029109","LAB_10029109","Global","Label","DEFAULT",false,true
"10029114","LAB_10029114","Global","Label","DEFAULT",false,true
"10029116","FUN_10029116","Global","Function","DEFAULT",false,true
"10029123","LAB_10029123","Global","Label","DEFAULT",false,true
"10029136","LAB_10029136","Global","Label","DEFAULT",false,true
"10029153","LAB_10029153","Global","Label","DEFAULT",false,true
"100291b0","LAB_100291b0","Global","Label","DEFAULT",false,true
"100291b6","FUN_100291b6","Global","Function","DEFAULT",false,true
"100291c5","LAB_100291c5","Global","Label","DEFAULT",false,true
"100291d5","LAB_100291d5","Global","Label","DEFAULT",false,true
"100291de","LAB_100291de","Global","Label","DEFAULT",false,true
"100291e1","__initterm_e","Global","Function","ANALYSIS",false,true
"100291ed","LAB_100291ed","Global","Label","DEFAULT",false,true
"10029201","LAB_10029201","Global","Label","DEFAULT",false,true
"10029204","LAB_10029204","Global","Label","DEFAULT",false,true
"1002920b","LAB_1002920b","Global","Label","DEFAULT",false,true
"1002920f","FUN_1002920f","Global","Function","DEFAULT",false,true
"1002922e","LAB_1002922e","Global","Label","DEFAULT",false,true
"10029235","LAB_10029235","Global","Label","DEFAULT",false,true
"1002923d","LAB_1002923d","Global","Label","DEFAULT",false,true
"10029243","LAB_10029243","Global","Label","DEFAULT",false,true
"10029247","LAB_10029247","Global","Label","DEFAULT",false,true
"10029265","LAB_10029265","Global","Label","DEFAULT",false,true
"10029270","_strncmp","Global","Function","ANALYSIS",false,true
"10029290","LAB_10029290","Global","Label","DEFAULT",false,true
"100292a7","LAB_100292a7","Global","Label","DEFAULT",false,true
"100292d6","LAB_100292d6","Global","Label","DEFAULT",false,true
"100292e0","LAB_100292e0","Global","Label","DEFAULT",false,true
"100292e8","_wcsncmp","Global","Function","ANALYSIS",false,true
"100292f6","LAB_100292f6","Global","Label","DEFAULT",false,true
"100292fd","LAB_100292fd","Global","Label","DEFAULT",false,true
"10029317","LAB_10029317","Global","Label","DEFAULT",false,true
"10029322","??$?RV<lambda_15ade71b0218206bbe3333a0c9b79046>@@AAV<lambda_da44e0f8b0f19ba52fefafb335991732>@@V<lambda_207f2d024fc103971653565357d6cd41>@@@?$__crt_seh_guarded_call@X@@QAEX$$QAV<lambda_15ade71b0218206bbe3333a0c9b79046>@@AAV<lambda_da44e0f8b0f19ba52fefafb335991732>@@$$QAV<lambda_207f2d024fc103971653565357d6cd41>@@@Z","Global","Label","ANALYSIS",false,false
"10029322","operator()<<lambda_15ade71b0218206bbe3333a0c9b79046>,<lambda_da44e0f8b0f19ba52fefafb335991732>&,<lambda_207f2d024fc103971653565357d6cd41>_>","__crt_seh_guarded_call<void>","Function","ANALYSIS",false,true
"10029368","FUN_10029368","Global","Function","DEFAULT",false,true
"10029374","??$?RV<lambda_38edbb1296d33220d7e4dd0ed76b244a>@@AAV<lambda_5ce1d447e08cb34b2473517608e21441>@@V<lambda_fb385d3da700c9147fc39e65dd577a8c>@@@?$__crt_seh_guarded_call@X@@QAEX$$QAV<lambda_38edbb1296d33220d7e4dd0ed76b244a>@@AAV<lambda_5ce1d447e08cb34b2473517608e21441>@@$$QAV<lambda_fb385d3da700c9147fc39e65dd577a8c>@@@Z","Global","Label","ANALYSIS",false,false
"10029374","operator()<<lambda_38edbb1296d33220d7e4dd0ed76b244a>,<lambda_5ce1d447e08cb34b2473517608e21441>&,<lambda_fb385d3da700c9147fc39e65dd577a8c>_>","__crt_seh_guarded_call<void>","Function","ANALYSIS",false,true
"100293b5","LAB_100293b5","Global","Label","DEFAULT",false,true
"100293d3","FUN_100293d3","Global","Function","DEFAULT",false,true
"100293df","??$?RV<lambda_6affb1475c98b40b75cdec977db92e3c>@@AAV<lambda_b8d4b9c228a6ecc3f80208dbb4b4a104>@@V<lambda_608742c3c92a14382c1684fc64f96c88>@@@?$__crt_seh_guarded_call@X@@QAEX$$QAV<lambda_6affb1475c98b40b75cdec977db92e3c>@@AAV<lambda_b8d4b9c228a6ecc3f80208dbb4b4a104>@@$$QAV<lambda_608742c3c92a14382c1684fc64f96c88>@@@Z","Global","Label","ANALYSIS",false,false
"100293df","operator()<<lambda_6affb1475c98b40b75cdec977db92e3c>,<lambda_b8d4b9c228a6ecc3f80208dbb4b4a104>&,<lambda_608742c3c92a14382c1684fc64f96c88>_>","__crt_seh_guarded_call<void>","Function","ANALYSIS",false,true
"10029428","FUN_10029428","Global","Function","DEFAULT",false,true
"10029434","??$?RV<lambda_a7e850c220f1c8d1e6efeecdedd162c6>@@AAV<lambda_46720907175c18b6c9d2717bc0d2d362>@@V<lambda_9048902d66e8d99359bc9897bbb930a8>@@@?$__crt_seh_guarded_call@X@@QAEX$$QAV<lambda_a7e850c220f1c8d1e6efeecdedd162c6>@@AAV<lambda_46720907175c18b6c9d2717bc0d2d362>@@$$QAV<lambda_9048902d66e8d99359bc9897bbb930a8>@@@Z","Global","Label","ANALYSIS",false,false
"10029434","operator()<<lambda_a7e850c220f1c8d1e6efeecdedd162c6>,<lambda_46720907175c18b6c9d2717bc0d2d362>&,<lambda_9048902d66e8d99359bc9897bbb930a8>_>","__crt_seh_guarded_call<void>","Function","ANALYSIS",false,true
"10029482","FUN_10029482","Global","Function","DEFAULT",false,true
"1002948e","?construct_ptd@@YAXQAU__acrt_ptd@@QAPAU__crt_locale_data@@@Z","Global","Label","ANALYSIS",false,false
"1002948e","construct_ptd","Global","Function","ANALYSIS",false,true
"10029527","?destroy_fls@@YGXPAX@Z","Global","Label","ANALYSIS",false,false
"10029527","destroy_fls","Global","Function","ANALYSIS",false,true
"10029544","LAB_10029544","Global","Label","DEFAULT",false,true
"10029548","?destroy_ptd@@YAXQAU__acrt_ptd@@@Z","Global","Label","ANALYSIS",false,false
"10029548","destroy_ptd","Global","Function","ANALYSIS",false,true
"10029567","LAB_10029567","Global","Label","DEFAULT",false,true
"10029615","?replace_current_thread_locale_nolock@@YAXQAU__acrt_ptd@@QAU__crt_locale_data@@@Z","Global","Label","ANALYSIS",false,false
"10029615","replace_current_thread_locale_nolock","Global","Function","ANALYSIS",false,true
"1002964c","LAB_1002964c","Global","Label","DEFAULT",false,true
"1002965e","LAB_1002965e","Global","Label","DEFAULT",false,true
"10029660","___acrt_freeptd","Global","Function","ANALYSIS",false,true
"1002968a","LAB_1002968a","Global","Label","DEFAULT",false,true
"1002968b","LAB_1002968b","Global","Label","DEFAULT",false,true
"1002968c","FUN_1002968c","Global","Function","DEFAULT",false,true
"100296b7","LAB_100296b7","Global","Label","DEFAULT",false,true
"100296bc","LAB_100296bc","Global","Label","DEFAULT",false,true
"100296cc","LAB_100296cc","Global","Label","DEFAULT",false,true
"100296f2","LAB_100296f2","Global","Label","DEFAULT",false,true
"10029711","LAB_10029711","Global","Label","DEFAULT",false,true
"10029719","LAB_10029719","Global","Label","DEFAULT",false,true
"10029730","LAB_10029730","Global","Label","DEFAULT",false,true
"10029731","LAB_10029731","Global","Label","DEFAULT",false,true
"10029741","LAB_10029741","Global","Label","DEFAULT",false,true
"10029747","FUN_10029747","Global","Function","DEFAULT",false,true
"10029765","LAB_10029765","Global","Label","DEFAULT",false,true
"1002976a","LAB_1002976a","Global","Label","DEFAULT",false,true
"10029797","LAB_10029797","Global","Label","DEFAULT",false,true
"1002979f","LAB_1002979f","Global","Label","DEFAULT",false,true
"100297be","LAB_100297be","Global","Label","DEFAULT",false,true
"100297d3","LAB_100297d3","Global","Label","DEFAULT",false,true
"100297d7","LAB_100297d7","Global","Label","DEFAULT",false,true
"100297dd","FUN_100297dd","Global","Function","DEFAULT",false,true
"10029808","LAB_10029808","Global","Label","DEFAULT",false,true
"1002980d","LAB_1002980d","Global","Label","DEFAULT",false,true
"1002981d","LAB_1002981d","Global","Label","DEFAULT",false,true
"10029843","LAB_10029843","Global","Label","DEFAULT",false,true
"10029862","LAB_10029862","Global","Label","DEFAULT",false,true
"1002986a","LAB_1002986a","Global","Label","DEFAULT",false,true
"10029881","LAB_10029881","Global","Label","DEFAULT",false,true
"10029882","LAB_10029882","Global","Label","DEFAULT",false,true
"1002988e","FUN_1002988e","Global","Function","DEFAULT",false,true
"100298b4","LAB_100298b4","Global","Label","DEFAULT",false,true
"100298b9","LAB_100298b9","Global","Label","DEFAULT",false,true
"100298e6","LAB_100298e6","Global","Label","DEFAULT",false,true
"100298ee","LAB_100298ee","Global","Label","DEFAULT",false,true
"1002990d","LAB_1002990d","Global","Label","DEFAULT",false,true
"10029922","LAB_10029922","Global","Label","DEFAULT",false,true
"1002992b","LAB_1002992b","Global","Label","DEFAULT",false,true
"10029931","LAB_10029931","Global","Label","DEFAULT",false,true
"10029945","LAB_10029945","Global","Label","DEFAULT",false,true
"10029948","LAB_10029948","Global","Label","DEFAULT",false,true
"1002995a","LAB_1002995a","Global","Label","DEFAULT",false,true
"1002995d","___acrt_uninitialize_ptd","Global","Function","ANALYSIS",false,true
"10029974","LAB_10029974","Global","Label","DEFAULT",false,true
"10029977","??$?RV<lambda_4fdada1b837b2abbf20876fac97688ad>@@AAV<lambda_b57350f2640456a0859d250846f69caf>@@V<lambda_eed5e4f92b5b7d55fa22c48c484aaa54>@@@?$__crt_seh_guarded_call@X@@QAEX$$QAV<lambda_4fdada1b837b2abbf20876fac97688ad>@@AAV<lambda_b57350f2640456a0859d250846f69caf>@@$$QAV<lambda_eed5e4f92b5b7d55fa22c48c484aaa54>@@@Z","Global","Label","ANALYSIS",false,false
"10029977","operator()<<lambda_4fdada1b837b2abbf20876fac97688ad>,<lambda_b57350f2640456a0859d250846f69caf>&,<lambda_eed5e4f92b5b7d55fa22c48c484aaa54>_>","__crt_seh_guarded_call<void>","Function","ANALYSIS",false,true
"100299b8","FUN_100299b8","Global","Function","DEFAULT",false,true
"100299c4","??$?RV<lambda_135d2772fca65dc1248eeaa1b56e886a>@@AAV<lambda_2a444430fde8c29194d880d93eed5e8f>@@AAV<lambda_8dff2cf36a5417162780cd64fa2883ef>@@@?$__crt_seh_guarded_call@X@@QAEX$$QAV<lambda_135d2772fca65dc1248eeaa1b56e886a>@@AAV<lambda_2a444430fde8c29194d880d93eed5e8f>@@AAV<lambda_8dff2cf36a5417162780cd64fa2883ef>@@@Z","Global","Label","ANALYSIS",false,false
"100299c4","operator()<<lambda_135d2772fca65dc1248eeaa1b56e886a>,<lambda_2a444430fde8c29194d880d93eed5e8f>&,<lambda_8dff2cf36a5417162780cd64fa2883ef>&>","__crt_seh_guarded_call<void>","Function","ANALYSIS",false,true
"100299fa","FUN_100299fa","Global","Function","DEFAULT",false,true
"10029a09","??$?RV<lambda_e5124f882df8998aaf41531e079ba474>@@AAV<lambda_3e16ef9562a7dcce91392c22ab16ea36>@@V<lambda_e25ca0880e6ef98be67edffd8c599615>@@@?$__crt_seh_guarded_call@X@@QAEX$$QAV<lambda_e5124f882df8998aaf41531e079ba474>@@AAV<lambda_3e16ef9562a7dcce91392c22ab16ea36>@@$$QAV<lambda_e25ca0880e6ef98be67edffd8c599615>@@@Z","Global","Label","ANALYSIS",false,false
"10029a09","operator()<<lambda_e5124f882df8998aaf41531e079ba474>,<lambda_3e16ef9562a7dcce91392c22ab16ea36>&,<lambda_e25ca0880e6ef98be67edffd8c599615>_>","__crt_seh_guarded_call<void>","Function","ANALYSIS",false,true
"10029a2e","LAB_10029a2e","Global","Label","DEFAULT",false,true
"10029a48","LAB_10029a48","Global","Label","DEFAULT",false,true
"10029a4d","LAB_10029a4d","Global","Label","DEFAULT",false,true
"10029a6b","FUN_10029a6b","Global","Function","DEFAULT",false,true
"10029a77","FUN_10029a77","Global","Function","DEFAULT",false,true
"10029ab6","LAB_10029ab6","Global","Label","DEFAULT",false,true
"10029ac1","FUN_10029ac1","Global","Function","DEFAULT",false,true
"10029ae3","LAB_10029ae3","Global","Label","DEFAULT",false,true
"10029ae4","LAB_10029ae4","Global","Label","DEFAULT",false,true
"10029af1","??R<lambda_2a444430fde8c29194d880d93eed5e8f>@@QBE@XZ","Global","Label","ANALYSIS",false,false
"10029af1","operator()","<lambda_2a444430fde8c29194d880d93eed5e8f>","Function","ANALYSIS",false,true
"10029b57","LAB_10029b57","Global","Label","DEFAULT",false,true
"10029b5b","??R<lambda_b57350f2640456a0859d250846f69caf>@@QBEXXZ","Global","Label","ANALYSIS",false,false
"10029b5b","operator()","<lambda_b57350f2640456a0859d250846f69caf>","Function","ANALYSIS",false,true
"10029ba3","LAB_10029ba3","Global","Label","DEFAULT",false,true
"10029bc8","LAB_10029bc8","Global","Label","DEFAULT",false,true
"10029bcc","LAB_10029bcc","Global","Label","DEFAULT",false,true
"10029bd0","LAB_10029bd0","Global","Label","DEFAULT",false,true
"10029bdc","LAB_10029bdc","Global","Label","DEFAULT",false,true
"10029c43","LAB_10029c43","Global","Label","DEFAULT",false,true
"10029c57","LAB_10029c57","Global","Label","DEFAULT",false,true
"10029c59","FUN_10029c59","Global","Function","DEFAULT",false,true
"10029c90","LAB_10029c90","Global","Label","DEFAULT",false,true
"10029c9d","FUN_10029c9d","Global","Function","DEFAULT",false,true
"10029cc5","LAB_10029cc5","Global","Label","DEFAULT",false,true
"10029cd2","FUN_10029cd2","Global","Function","DEFAULT",false,true
"10029d1f","LAB_10029d1f","Global","Label","DEFAULT",false,true
"10029d21","LAB_10029d21","Global","Label","DEFAULT",false,true
"10029d25","LAB_10029d25","Global","Label","DEFAULT",false,true
"10029d32","FUN_10029d32","Global","Function","DEFAULT",false,true
"10029d3d","___acrt_uninitialize_locale","Global","Function","ANALYSIS",false,true
"10029d64","FUN_10029d64","Global","Function","DEFAULT",false,true
"10029da4","LAB_10029da4","Global","Label","DEFAULT",false,true
"10029dc5","LAB_10029dc5","Global","Label","DEFAULT",false,true
"10029dc9","LAB_10029dc9","Global","Label","DEFAULT",false,true
"10029dd4","FUN_10029dd4","Global","Function","DEFAULT",false,true
"10029dfd","LAB_10029dfd","Global","Label","DEFAULT",false,true
"10029e04","LAB_10029e04","Global","Label","DEFAULT",false,true
"10029e39","LAB_10029e39","Global","Label","DEFAULT",false,true
"10029e3c","LAB_10029e3c","Global","Label","DEFAULT",false,true
"10029e8f","LAB_10029e8f","Global","Label","DEFAULT",false,true
"10029eaa","LAB_10029eaa","Global","Label","DEFAULT",false,true
"10029ebe","LAB_10029ebe","Global","Label","DEFAULT",false,true
"10029ec8","LAB_10029ec8","Global","Label","DEFAULT",false,true
"10029ed5","LAB_10029ed5","Global","Label","DEFAULT",false,true
"10029eed","LAB_10029eed","Global","Label","DEFAULT",false,true
"10029efc","LAB_10029efc","Global","Label","DEFAULT",false,true
"10029eff","LAB_10029eff","Global","Label","DEFAULT",false,true
"10029f04","LAB_10029f04","Global","Label","DEFAULT",false,true
"10029f06","LAB_10029f06","Global","Label","DEFAULT",false,true
"10029f11","__copytlocinfo_nolock","Global","Function","ANALYSIS",false,true
"10029f3d","LAB_10029f3d","Global","Label","DEFAULT",false,true
"10029f40","FUN_10029f40","Global","Function","DEFAULT",false,true
"10029fb2","LAB_10029fb2","Global","Label","DEFAULT",false,true
"10029fef","LAB_10029fef","Global","Label","DEFAULT",false,true
"1002a010","LAB_1002a010","Global","Label","DEFAULT",false,true
"1002a032","LAB_1002a032","Global","Label","DEFAULT",false,true
"1002a036","LAB_1002a036","Global","Label","DEFAULT",false,true
"1002a03b","LAB_1002a03b","Global","Label","DEFAULT",false,true
"1002a04b","LAB_1002a04b","Global","Label","DEFAULT",false,true
"1002a06d","LAB_1002a06d","Global","Label","DEFAULT",false,true
"1002a071","LAB_1002a071","Global","Label","DEFAULT",false,true
"1002a076","LAB_1002a076","Global","Label","DEFAULT",false,true
"1002a07e","LAB_1002a07e","Global","Label","DEFAULT",false,true
"1002a0b7","LAB_1002a0b7","Global","Label","DEFAULT",false,true
"1002a0bc","LAB_1002a0bc","Global","Label","DEFAULT",false,true
"1002a0e7","LAB_1002a0e7","Global","Label","DEFAULT",false,true
"1002a116","LAB_1002a116","Global","Label","DEFAULT",false,true
"1002a11c","LAB_1002a11c","Global","Label","DEFAULT",false,true
"1002a157","LAB_1002a157","Global","Label","DEFAULT",false,true
"1002a19f","LAB_1002a19f","Global","Label","DEFAULT",false,true
"1002a1b9","LAB_1002a1b9","Global","Label","DEFAULT",false,true
"1002a1d0","LAB_1002a1d0","Global","Label","DEFAULT",false,true
"1002a1e8","LAB_1002a1e8","Global","Label","DEFAULT",false,true
"1002a211","LAB_1002a211","Global","Label","DEFAULT",false,true
"1002a218","LAB_1002a218","Global","Label","DEFAULT",false,true
"1002a225","LAB_1002a225","Global","Label","DEFAULT",false,true
"1002a252","LAB_1002a252","Global","Label","DEFAULT",false,true
"1002a270","LAB_1002a270","Global","Label","DEFAULT",false,true
"1002a27b","LAB_1002a27b","Global","Label","DEFAULT",false,true
"1002a2a6","LAB_1002a2a6","Global","Label","DEFAULT",false,true
"1002a2b1","LAB_1002a2b1","Global","Label","DEFAULT",false,true
"1002a2d9","LAB_1002a2d9","Global","Label","DEFAULT",false,true
"1002a2dd","LAB_1002a2dd","Global","Label","DEFAULT",false,true
"1002a2e8","LAB_1002a2e8","Global","Label","DEFAULT",false,true
"1002a2ea","LAB_1002a2ea","Global","Label","DEFAULT",false,true
"1002a2f9","LAB_1002a2f9","Global","Label","DEFAULT",false,true
"1002a306","FUN_1002a306","Global","Function","DEFAULT",false,true
"1002a31a","LAB_1002a31a","Global","Label","DEFAULT",false,true
"1002a338","LAB_1002a338","Global","Label","DEFAULT",false,true
"1002a33c","LAB_1002a33c","Global","Label","DEFAULT",false,true
"1002a347","__wsetlocale","Global","Function","ANALYSIS",false,true
"1002a371","LAB_1002a371","Global","Label","DEFAULT",false,true
"1002a3ca","FUN_1002a3ca","Global","Function","DEFAULT",false,true
"1002a428","LAB_1002a428","Global","Label","DEFAULT",false,true
"1002a453","LAB_1002a453","Global","Label","DEFAULT",false,true
"1002a475","LAB_1002a475","Global","Label","DEFAULT",false,true
"1002a479","LAB_1002a479","Global","Label","DEFAULT",false,true
"1002a47e","LAB_1002a47e","Global","Label","DEFAULT",false,true
"1002a4df","LAB_1002a4df","Global","Label","DEFAULT",false,true
"1002a4f6","LAB_1002a4f6","Global","Label","DEFAULT",false,true
"1002a507","LAB_1002a507","Global","Label","DEFAULT",false,true
"1002a508","LAB_1002a508","Global","Label","DEFAULT",false,true
"1002a50c","LAB_1002a50c","Global","Label","DEFAULT",false,true
"1002a52e","LAB_1002a52e","Global","Label","DEFAULT",false,true
"1002a545","LAB_1002a545","Global","Label","DEFAULT",false,true
"1002a558","LAB_1002a558","Global","Label","DEFAULT",false,true
"1002a565","FUN_1002a565","Global","Function","DEFAULT",false,true
"1002a5a4","LAB_1002a5a4","Global","Label","DEFAULT",false,true
"1002a5b1","LAB_1002a5b1","Global","Label","DEFAULT",false,true
"1002a5f3","LAB_1002a5f3","Global","Label","DEFAULT",false,true
"1002a641","LAB_1002a641","Global","Label","DEFAULT",false,true
"1002a656","LAB_1002a656","Global","Label","DEFAULT",false,true
"1002a66d","LAB_1002a66d","Global","Label","DEFAULT",false,true
"1002a67e","LAB_1002a67e","Global","Label","DEFAULT",false,true
"1002a6ac","LAB_1002a6ac","Global","Label","DEFAULT",false,true
"1002a714","LAB_1002a714","Global","Label","DEFAULT",false,true
"1002a71a","LAB_1002a71a","Global","Label","DEFAULT",false,true
"1002a72d","LAB_1002a72d","Global","Label","DEFAULT",false,true
"1002a73e","LAB_1002a73e","Global","Label","DEFAULT",false,true
"1002a745","LAB_1002a745","Global","Label","DEFAULT",false,true
"1002a77f","LAB_1002a77f","Global","Label","DEFAULT",false,true
"1002a78f","LAB_1002a78f","Global","Label","DEFAULT",false,true
"1002a7ca","LAB_1002a7ca","Global","Label","DEFAULT",false,true
"1002a7d0","LAB_1002a7d0","Global","Label","DEFAULT",false,true
"1002a7d7","LAB_1002a7d7","Global","Label","DEFAULT",false,true
"1002a7fb","LAB_1002a7fb","Global","Label","DEFAULT",false,true
"1002a807","LAB_1002a807","Global","Label","DEFAULT",false,true
"1002a808","LAB_1002a808","Global","Label","DEFAULT",false,true
"1002a80e","LAB_1002a80e","Global","Label","DEFAULT",false,true
"1002a82d","LAB_1002a82d","Global","Label","DEFAULT",false,true
"1002a834","LAB_1002a834","Global","Label","DEFAULT",false,true
"1002a843","LAB_1002a843","Global","Label","DEFAULT",false,true
"1002a848","LAB_1002a848","Global","Label","DEFAULT",false,true
"1002a855","FUN_1002a855","Global","Function","DEFAULT",false,true
"1002a8da","LAB_1002a8da","Global","Label","DEFAULT",false,true
"1002a91c","LAB_1002a91c","Global","Label","DEFAULT",false,true
"1002a924","LAB_1002a924","Global","Label","DEFAULT",false,true
"1002a929","LAB_1002a929","Global","Label","DEFAULT",false,true
"1002a934","LAB_1002a934","Global","Label","DEFAULT",false,true
"1002a93d","LAB_1002a93d","Global","Label","DEFAULT",false,true
"1002a9e0","LAB_1002a9e0","Global","Label","DEFAULT",false,true
"1002a9ed","LAB_1002a9ed","Global","Label","DEFAULT",false,true
"1002aa24","LAB_1002aa24","Global","Label","DEFAULT",false,true
"1002aa60","LAB_1002aa60","Global","Label","DEFAULT",false,true
"1002aa83","LAB_1002aa83","Global","Label","DEFAULT",false,true
"1002aab5","LAB_1002aab5","Global","Label","DEFAULT",false,true
"1002aaeb","LAB_1002aaeb","Global","Label","DEFAULT",false,true
"1002aaf1","LAB_1002aaf1","Global","Label","DEFAULT",false,true
"1002ab04","LAB_1002ab04","Global","Label","DEFAULT",false,true
"1002ab07","LAB_1002ab07","Global","Label","DEFAULT",false,true
"1002ab0e","LAB_1002ab0e","Global","Label","DEFAULT",false,true
"1002ab1e","LAB_1002ab1e","Global","Label","DEFAULT",false,true
"1002ab2c","LAB_1002ab2c","Global","Label","DEFAULT",false,true
"1002ab84","LAB_1002ab84","Global","Label","DEFAULT",false,true
"1002ab86","LAB_1002ab86","Global","Label","DEFAULT",false,true
"1002ab95","LAB_1002ab95","Global","Label","DEFAULT",false,true
"1002abe7","LAB_1002abe7","Global","Label","DEFAULT",false,true
"1002abed","LAB_1002abed","Global","Label","DEFAULT",false,true
"1002ac04","LAB_1002ac04","Global","Label","DEFAULT",false,true
"1002ac15","_get_default_code_page","Global","Label","ANALYSIS",false,false
"1002ac15","get_default_code_page","Global","Function","ANALYSIS",false,true
"1002ac3d","LAB_1002ac3d","Global","Label","DEFAULT",false,true
"1002ac42","LAB_1002ac42","Global","Label","DEFAULT",false,true
"1002ac44","FUN_1002ac44","Global","Function","DEFAULT",false,true
"1002ac81","LAB_1002ac81","Global","Label","DEFAULT",false,true
"1002ac83","LAB_1002ac83","Global","Label","DEFAULT",false,true
"1002aca8","LAB_1002aca8","Global","Label","DEFAULT",false,true
"1002acad","LAB_1002acad","Global","Label","DEFAULT",false,true
"1002acbc","LAB_1002acbc","Global","Label","DEFAULT",false,true
"1002acf4","LAB_1002acf4","Global","Label","DEFAULT",false,true
"1002ad58","LAB_1002ad58","Global","Label","DEFAULT",false,true
"1002ad60","LAB_1002ad60","Global","Label","DEFAULT",false,true
"1002ada4","LAB_1002ada4","Global","Label","DEFAULT",false,true
"1002adb9","LAB_1002adb9","Global","Label","DEFAULT",false,true
"1002adec","LAB_1002adec","Global","Label","DEFAULT",false,true
"1002adf9","LAB_1002adf9","Global","Label","DEFAULT",false,true
"1002adfb","LAB_1002adfb","Global","Label","DEFAULT",false,true
"1002adff","LAB_1002adff","Global","Label","DEFAULT",false,true
"1002ae0d","LAB_1002ae0d","Global","Label","DEFAULT",false,true
"1002ae0f","LAB_1002ae0f","Global","Label","DEFAULT",false,true
"1002ae1e","FUN_1002ae1e","Global","Function","DEFAULT",false,true
"1002ae30","LAB_1002ae30","Global","Label","DEFAULT",false,true
"1002ae50","LAB_1002ae50","Global","Label","DEFAULT",false,true
"1002ae5d","FUN_1002ae5d","Global","Function","DEFAULT",false,true
"1002aebe","LAB_1002aebe","Global","Label","DEFAULT",false,true
"1002aec0","LAB_1002aec0","Global","Label","DEFAULT",false,true
"1002aec4","LAB_1002aec4","Global","Label","DEFAULT",false,true
"1002aecf","FUN_1002aecf","Global","Function","DEFAULT",false,true
"1002aefb","LAB_1002aefb","Global","Label","DEFAULT",false,true
"1002af06","LAB_1002af06","Global","Label","DEFAULT",false,true
"1002af2a","LAB_1002af2a","Global","Label","DEFAULT",false,true
"1002af7b","LAB_1002af7b","Global","Label","DEFAULT",false,true
"1002af7d","LAB_1002af7d","Global","Label","DEFAULT",false,true
"1002af82","LAB_1002af82","Global","Label","DEFAULT",false,true
"1002af8d","FUN_1002af8d","Global","Function","DEFAULT",false,true
"1002afec","LAB_1002afec","Global","Label","DEFAULT",false,true
"1002afee","LAB_1002afee","Global","Label","DEFAULT",false,true
"1002aff2","LAB_1002aff2","Global","Label","DEFAULT",false,true
"1002affd","FUN_1002affd","Global","Function","DEFAULT",false,true
"1002b00f","LAB_1002b00f","Global","Label","DEFAULT",false,true
"1002b031","LAB_1002b031","Global","Label","DEFAULT",false,true
"1002b033","LAB_1002b033","Global","Label","DEFAULT",false,true
"1002b038","LAB_1002b038","Global","Label","DEFAULT",false,true
"1002b03c","__calloc_base","Global","Function","ANALYSIS",false,true
"1002b055","LAB_1002b055","Global","Label","DEFAULT",false,true
"1002b060","LAB_1002b060","Global","Label","DEFAULT",false,true
"1002b074","LAB_1002b074","Global","Label","DEFAULT",false,true
"1002b089","LAB_1002b089","Global","Label","DEFAULT",false,true
"1002b096","LAB_1002b096","Global","Label","DEFAULT",false,true
"1002b099","FUN_1002b099","Global","Function","DEFAULT",false,true
"1002b0d1","LAB_1002b0d1","Global","Label","DEFAULT",false,true
"1002b0d3","FUN_1002b0d3","Global","Function","DEFAULT",false,true
"1002b0e0","??$?RV<lambda_6b4b7855443974f2b4b77000ea21c99c>@@AAV<lambda_8f7d3b162ab39427f4fa9995c67a7986>@@V<lambda_cc9a5ba8a5d8428b9634eab82665e5dc>@@@?$__crt_seh_guarded_call@H@@QAEH$$QAV<lambda_6b4b7855443974f2b4b77000ea21c99c>@@AAV<lambda_8f7d3b162ab39427f4fa9995c67a7986>@@$$QAV<lambda_cc9a5ba8a5d8428b9634eab82665e5dc>@@@Z","Global","Label","ANALYSIS",false,false
"1002b0e0","operator()<<lambda_6b4b7855443974f2b4b77000ea21c99c>,<lambda_8f7d3b162ab39427f4fa9995c67a7986>&,<lambda_cc9a5ba8a5d8428b9634eab82665e5dc>_>","__crt_seh_guarded_call<int>","Function","ANALYSIS",false,true
"1002b150","FUN_1002b150","Global","Function","DEFAULT",false,true
"1002b15c","FUN_1002b15c","Global","Function","DEFAULT",false,true
"1002b18f","?try_get_AreFileApisANSI@@YAP6GHXZXZ","Global","Label","ANALYSIS",false,false
"1002b18f","try_get_AreFileApisANSI","Global","Function","ANALYSIS",false,true
"1002b1a9","?try_get_CompareStringEx@@YAP6GHPB_WK0H0HPAU_nlsversioninfo@@PAXJ@ZXZ","Global","Label","ANALYSIS",false,false
"1002b1a9","try_get_CompareStringEx","Global","Function","ANALYSIS",false,true
"1002b1c3","?try_get_EnumSystemLocalesEx@@YAP6GHP6GHPA_WKJ@ZKJPAX@ZXZ","Global","Label","ANALYSIS",false,false
"1002b1c3","try_get_EnumSystemLocalesEx","Global","Function","ANALYSIS",false,true
"1002b1dd","FUN_1002b1dd","Global","Function","DEFAULT",false,true
"1002b1f7","?try_get_GetLocaleInfoEx@@YAP6GHPB_WKPA_WH@ZXZ","Global","Label","ANALYSIS",false,false
"1002b1f7","try_get_GetLocaleInfoEx","Global","Function","ANALYSIS",false,true
"1002b211","FUN_1002b211","Global","Function","DEFAULT",false,true
"1002b22b","?try_get_GetUserDefaultLocaleName@@YAP6GHPA_WH@ZXZ","Global","Label","ANALYSIS",false,false
"1002b22b","try_get_GetUserDefaultLocaleName","Global","Function","ANALYSIS",false,true
"1002b245","?try_get_IsValidLocaleName@@YAP6GHPB_W@ZXZ","Global","Label","ANALYSIS",false,false
"1002b245","try_get_IsValidLocaleName","Global","Function","ANALYSIS",false,true
"1002b25f","?try_get_LCIDToLocaleName@@YAP6GHKPA_WHK@ZXZ","Global","Label","ANALYSIS",false,false
"1002b25f","try_get_LCIDToLocaleName","Global","Function","ANALYSIS",false,true
"1002b279","?try_get_LCMapStringEx@@YAP6GHPB_WK0HPA_WHPAU_nlsversioninfo@@PAXJ@ZXZ","Global","Label","ANALYSIS",false,false
"1002b279","try_get_LCMapStringEx","Global","Function","ANALYSIS",false,true
"1002b293","?try_get_LocaleNameToLCID@@YAP6GKPB_WK@ZXZ","Global","Label","ANALYSIS",false,false
"1002b293","try_get_LocaleNameToLCID","Global","Function","ANALYSIS",false,true
"1002b2ad","FUN_1002b2ad","Global","Function","DEFAULT",false,true
"1002b2be","LAB_1002b2be","Global","Label","DEFAULT",false,true
"1002b2dc","LAB_1002b2dc","Global","Label","DEFAULT",false,true
"1002b339","LAB_1002b339","Global","Label","DEFAULT",false,true
"1002b348","LAB_1002b348","Global","Label","DEFAULT",false,true
"1002b34b","LAB_1002b34b","Global","Label","DEFAULT",false,true
"1002b356","LAB_1002b356","Global","Label","DEFAULT",false,true
"1002b35b","LAB_1002b35b","Global","Label","DEFAULT",false,true
"1002b374","LAB_1002b374","Global","Label","DEFAULT",false,true
"1002b378","FUN_1002b378","Global","Function","DEFAULT",false,true
"1002b3a8","LAB_1002b3a8","Global","Label","DEFAULT",false,true
"1002b3b0","LAB_1002b3b0","Global","Label","DEFAULT",false,true
"1002b3df","LAB_1002b3df","Global","Label","DEFAULT",false,true
"1002b3f8","LAB_1002b3f8","Global","Label","DEFAULT",false,true
"1002b3f9","LAB_1002b3f9","Global","Label","DEFAULT",false,true
"1002b3fd","FUN_1002b3fd","Global","Function","DEFAULT",false,true
"1002b433","LAB_1002b433","Global","Label","DEFAULT",false,true
"1002b438","LAB_1002b438","Global","Label","DEFAULT",false,true
"1002b43d","FUN_1002b43d","Global","Function","DEFAULT",false,true
"1002b473","LAB_1002b473","Global","Label","DEFAULT",false,true
"1002b478","LAB_1002b478","Global","Label","DEFAULT",false,true
"1002b47d","___acrt_AreFileApisANSI@0","Global","Function","ANALYSIS",false,true
"1002b497","LAB_1002b497","Global","Label","DEFAULT",false,true
"1002b49c","___acrt_CompareStringEx@36","Global","Function","ANALYSIS",false,true
"1002b4d4","LAB_1002b4d4","Global","Label","DEFAULT",false,true
"1002b4f4","LAB_1002b4f4","Global","Label","DEFAULT",false,true
"1002b4f9","___acrt_EnumSystemLocalesEx@16","Global","Function","ANALYSIS",false,true
"1002b525","LAB_1002b525","Global","Label","DEFAULT",false,true
"1002b548","LAB_1002b548","Global","Label","DEFAULT",false,true
"1002b54d","___acrt_FlsAlloc@4","Global","Function","ANALYSIS",false,true
"1002b581","LAB_1002b581","Global","Label","DEFAULT",false,true
"1002b587","LAB_1002b587","Global","Label","DEFAULT",false,true
"1002b58c","___acrt_FlsFree@4","Global","Function","ANALYSIS",false,true
"1002b5c3","LAB_1002b5c3","Global","Label","DEFAULT",false,true
"1002b5cb","___acrt_FlsGetValue@4","Global","Function","ANALYSIS",false,true
"1002b602","LAB_1002b602","Global","Label","DEFAULT",false,true
"1002b60a","___acrt_FlsSetValue@8","Global","Function","ANALYSIS",false,true
"1002b644","LAB_1002b644","Global","Label","DEFAULT",false,true
"1002b64c","___acrt_GetLocaleInfoEx@16","Global","Function","ANALYSIS",false,true
"1002b675","LAB_1002b675","Global","Label","DEFAULT",false,true
"1002b686","LAB_1002b686","Global","Label","DEFAULT",false,true
"1002b68b","___acrt_GetUserDefaultLocaleName@8","Global","Function","ANALYSIS",false,true
"1002b6ae","LAB_1002b6ae","Global","Label","DEFAULT",false,true
"1002b6c2","LAB_1002b6c2","Global","Label","DEFAULT",false,true
"1002b6c7","___acrt_InitializeCriticalSectionEx@12","Global","Function","ANALYSIS",false,true
"1002b701","LAB_1002b701","Global","Label","DEFAULT",false,true
"1002b70d","LAB_1002b70d","Global","Label","DEFAULT",false,true
"1002b712","___acrt_IsValidLocaleName@4","Global","Function","ANALYSIS",false,true
"1002b732","LAB_1002b732","Global","Label","DEFAULT",false,true
"1002b745","LAB_1002b745","Global","Label","DEFAULT",false,true
"1002b74a","___acrt_LCIDToLocaleName@16","Global","Function","ANALYSIS",false,true
"1002b773","LAB_1002b773","Global","Label","DEFAULT",false,true
"1002b784","LAB_1002b784","Global","Label","DEFAULT",false,true
"1002b789","___acrt_LCMapStringEx@36","Global","Function","ANALYSIS",false,true
"1002b7c1","LAB_1002b7c1","Global","Label","DEFAULT",false,true
"1002b7e1","LAB_1002b7e1","Global","Label","DEFAULT",false,true
"1002b7e6","___acrt_LocaleNameToLCID@8","Global","Function","ANALYSIS",false,true
"1002b809","LAB_1002b809","Global","Label","DEFAULT",false,true
"1002b812","LAB_1002b812","Global","Label","DEFAULT",false,true
"1002b817","FUN_1002b817","Global","Function","DEFAULT",false,true
"1002b84b","LAB_1002b84b","Global","Label","DEFAULT",false,true
"1002b84d","LAB_1002b84d","Global","Label","DEFAULT",false,true
"1002b852","___acrt_RoUninitialize@0","Global","Function","ANALYSIS",false,true
"1002b87e","LAB_1002b87e","Global","Label","DEFAULT",false,true
"1002b880","FUN_1002b880","Global","Function","DEFAULT",false,true
"1002b88b","___acrt_eagerly_load_locale_apis","Global","Function","ANALYSIS",false,true
"1002b8c2","LAB_1002b8c2","Global","Label","DEFAULT",false,true
"1002b8d6","___acrt_uninitialize_winapi_thunks","Global","Function","ANALYSIS",false,true
"1002b8e7","LAB_1002b8e7","Global","Label","DEFAULT",false,true
"1002b8f9","LAB_1002b8f9","Global","Label","DEFAULT",false,true
"1002b8fc","LAB_1002b8fc","Global","Label","DEFAULT",false,true
"1002b908","LAB_1002b908","Global","Label","DEFAULT",false,true
"1002b90c","FUN_1002b90c","Global","Function","DEFAULT",false,true
"1002b92b","LAB_1002b92b","Global","Label","DEFAULT",false,true
"1002b963","LAB_1002b963","Global","Label","DEFAULT",false,true
"1002b98c","LAB_1002b98c","Global","Label","DEFAULT",false,true
"1002b98f","LAB_1002b98f","Global","Label","DEFAULT",false,true
"1002b9ae","FUN_1002b9ae","Global","Function","DEFAULT",false,true
"1002b9b7","___acrt_stdio_free_buffer_nolock","Global","Function","ANALYSIS",false,true
"1002b9f3","LAB_1002b9f3","Global","Label","DEFAULT",false,true
"1002b9f7","?initialize_inherited_file_handles_nolock@@YAXXZ","Global","Label","ANALYSIS",false,false
"1002b9f7","initialize_inherited_file_handles_nolock","Global","Function","ANALYSIS",false,true
"1002ba36","LAB_1002ba36","Global","Label","DEFAULT",false,true
"1002ba48","LAB_1002ba48","Global","Label","DEFAULT",false,true
"1002ba52","LAB_1002ba52","Global","Label","DEFAULT",false,true
"1002ba77","LAB_1002ba77","Global","Label","DEFAULT",false,true
"1002ba9a","LAB_1002ba9a","Global","Label","DEFAULT",false,true
"1002ba9d","LAB_1002ba9d","Global","Label","DEFAULT",false,true
"1002baa8","LAB_1002baa8","Global","Label","DEFAULT",false,true
"1002baaa","LAB_1002baaa","Global","Label","DEFAULT",false,true
"1002baab","LAB_1002baab","Global","Label","DEFAULT",false,true
"1002baad","FUN_1002baad","Global","Function","DEFAULT",false,true
"1002bab4","LAB_1002bab4","Global","Label","DEFAULT",false,true
"1002bada","LAB_1002bada","Global","Label","DEFAULT",false,true
"1002baf1","LAB_1002baf1","Global","Label","DEFAULT",false,true
"1002baf5","LAB_1002baf5","Global","Label","DEFAULT",false,true
"1002baf7","LAB_1002baf7","Global","Label","DEFAULT",false,true
"1002bb26","LAB_1002bb26","Global","Label","DEFAULT",false,true
"1002bb31","LAB_1002bb31","Global","Label","DEFAULT",false,true
"1002bb4f","LAB_1002bb4f","Global","Label","DEFAULT",false,true
"1002bb5d","LAB_1002bb5d","Global","Label","DEFAULT",false,true
"1002bb93","LAB_1002bb93","Global","Label","DEFAULT",false,true
"1002bbb4","FUN_1002bbb4","Global","Function","DEFAULT",false,true
"1002bbbd","LAB_1002bbbd","Global","Label","DEFAULT",false,true
"1002bbc2","LAB_1002bbc2","Global","Label","DEFAULT",false,true
"1002bbda","LAB_1002bbda","Global","Label","DEFAULT",false,true
"1002bbe9","__fileno","Global","Function","ANALYSIS",false,true
"1002bc0a","LAB_1002bc0a","Global","Label","DEFAULT",false,true
"1002bc10","FUN_1002bc10","Global","Function","DEFAULT",false,true
"1002bc61","LAB_1002bc61","Global","Label","DEFAULT",false,true
"1002bc6f","LAB_1002bc6f","Global","Label","DEFAULT",false,true
"1002bc95","FUN_1002bc95","Global","Function","DEFAULT",false,true
"1002bca1","FUN_1002bca1","Global","Function","DEFAULT",false,true
"1002bcca","LAB_1002bcca","Global","Label","DEFAULT",false,true
"1002bd19","LAB_1002bd19","Global","Label","DEFAULT",false,true
"1002bd3e","LAB_1002bd3e","Global","Label","DEFAULT",false,true
"1002bd41","LAB_1002bd41","Global","Label","DEFAULT",false,true
"1002bd44","FUN_1002bd44","Global","Function","DEFAULT",false,true
"1002bd74","FUN_1002bd74","Global","Function","DEFAULT",false,true
"1002bd8a","LAB_1002bd8a","Global","Label","DEFAULT",false,true
"1002bd8e","LAB_1002bd8e","Global","Label","DEFAULT",false,true
"1002bda1","LAB_1002bda1","Global","Label","DEFAULT",false,true
"1002bdac","LAB_1002bdac","Global","Label","DEFAULT",false,true
"1002bdc2","LAB_1002bdc2","Global","Label","DEFAULT",false,true
"1002bddc","LAB_1002bddc","Global","Label","DEFAULT",false,true
"1002be0e","LAB_1002be0e","Global","Label","DEFAULT",false,true
"1002be10","LAB_1002be10","Global","Label","DEFAULT",false,true
"1002be14","?__acrt_stdio_allocate_stream@@YA?AV__crt_stdio_stream@@XZ","Global","Label","ANALYSIS",false,false
"1002be14","__acrt_stdio_allocate_stream","Global","Function","ANALYSIS",false,true
"1002be53","LAB_1002be53","Global","Label","DEFAULT",false,true
"1002be74","FUN_1002be74","Global","Function","DEFAULT",false,true
"1002be7d","?__acrt_stdio_free_stream@@YAXV__crt_stdio_stream@@@Z","Global","Label","ANALYSIS",false,false
"1002be7d","__acrt_stdio_free_stream","Global","Function","ANALYSIS",false,true
"1002beb8","?find_or_allocate_unused_stream_nolock@@YA?AV__crt_stdio_stream@@XZ","Global","Label","ANALYSIS",false,false
"1002beb8","find_or_allocate_unused_stream_nolock","Global","Function","ANALYSIS",false,true
"1002bedb","LAB_1002bedb","Global","Label","DEFAULT",false,true
"1002befd","LAB_1002befd","Global","Label","DEFAULT",false,true
"1002bf1a","LAB_1002bf1a","Global","Label","DEFAULT",false,true
"1002bf1d","LAB_1002bf1d","Global","Label","DEFAULT",false,true
"1002bf21","LAB_1002bf21","Global","Label","DEFAULT",false,true
"1002bf27","LAB_1002bf27","Global","Label","DEFAULT",false,true
"1002bf2c","LAB_1002bf2c","Global","Label","DEFAULT",false,true
"1002bf33","LAB_1002bf33","Global","Label","DEFAULT",false,true
"1002bf7a","FUN_1002bf7a","Global","Function","DEFAULT",false,true
"1002bfdc","LAB_1002bfdc","Global","Label","DEFAULT",false,true
"1002bfea","LAB_1002bfea","Global","Label","DEFAULT",false,true
"1002c010","FUN_1002c010","Global","Function","DEFAULT",false,true
"1002c01c","__commit","Global","Function","ANALYSIS",false,true
"1002c03a","LAB_1002c03a","Global","Label","DEFAULT",false,true
"1002c083","LAB_1002c083","Global","Label","DEFAULT",false,true
"1002c093","LAB_1002c093","Global","Label","DEFAULT",false,true
"1002c096","LAB_1002c096","Global","Label","DEFAULT",false,true
"1002c099","FUN_1002c099","Global","Function","DEFAULT",false,true
"1002c112","LAB_1002c112","Global","Label","DEFAULT",false,true
"1002c13e","LAB_1002c13e","Global","Label","DEFAULT",false,true
"1002c16d","LAB_1002c16d","Global","Label","DEFAULT",false,true
"1002c179","LAB_1002c179","Global","Label","DEFAULT",false,true
"1002c1ac","LAB_1002c1ac","Global","Label","DEFAULT",false,true
"1002c1d4","LAB_1002c1d4","Global","Label","DEFAULT",false,true
"1002c1dc","LAB_1002c1dc","Global","Label","DEFAULT",false,true
"1002c22d","LAB_1002c22d","Global","Label","DEFAULT",false,true
"1002c27c","LAB_1002c27c","Global","Label","DEFAULT",false,true
"1002c288","LAB_1002c288","Global","Label","DEFAULT",false,true
"1002c2b9","LAB_1002c2b9","Global","Label","DEFAULT",false,true
"1002c2f9","LAB_1002c2f9","Global","Label","DEFAULT",false,true
"1002c2ff","LAB_1002c2ff","Global","Label","DEFAULT",false,true
"1002c317","LAB_1002c317","Global","Label","DEFAULT",false,true
"1002c3bb","LAB_1002c3bb","Global","Label","DEFAULT",false,true
"1002c3c8","LAB_1002c3c8","Global","Label","DEFAULT",false,true
"1002c3d2","LAB_1002c3d2","Global","Label","DEFAULT",false,true
"1002c3ed","LAB_1002c3ed","Global","Label","DEFAULT",false,true
"1002c3f0","LAB_1002c3f0","Global","Label","DEFAULT",false,true
"1002c3f5","LAB_1002c3f5","Global","Label","DEFAULT",false,true
"1002c3fc","LAB_1002c3fc","Global","Label","DEFAULT",false,true
"1002c416","LAB_1002c416","Global","Label","DEFAULT",false,true
"1002c437","LAB_1002c437","Global","Label","DEFAULT",false,true
"1002c43f","LAB_1002c43f","Global","Label","DEFAULT",false,true
"1002c460","?write_double_translated_unicode_nolock@@YA?AUwrite_result@?A0x17268360@@QBDI@Z","Global","Label","ANALYSIS",false,false
"1002c460","write_double_translated_unicode_nolock","Global","Function","ANALYSIS",false,true
"1002c482","LAB_1002c482","Global","Label","DEFAULT",false,true
"1002c4af","LAB_1002c4af","Global","Label","DEFAULT",false,true
"1002c4b9","LAB_1002c4b9","Global","Label","DEFAULT",false,true
"1002c4c1","LAB_1002c4c1","Global","Label","DEFAULT",false,true
"1002c4c8","FUN_1002c4c8","Global","Function","DEFAULT",false,true
"1002c508","LAB_1002c508","Global","Label","DEFAULT",false,true
"1002c522","LAB_1002c522","Global","Label","DEFAULT",false,true
"1002c53e","LAB_1002c53e","Global","Label","DEFAULT",false,true
"1002c540","LAB_1002c540","Global","Label","DEFAULT",false,true
"1002c545","?write_text_ansi_nolock@@YA?AUwrite_result@?A0x17268360@@HQBDI@Z","Global","Label","ANALYSIS",false,false
"1002c545","write_text_ansi_nolock","Global","Function","ANALYSIS",false,true
"1002c5a2","LAB_1002c5a2","Global","Label","DEFAULT",false,true
"1002c5a8","LAB_1002c5a8","Global","Label","DEFAULT",false,true
"1002c5ba","LAB_1002c5ba","Global","Label","DEFAULT",false,true
"1002c5c4","LAB_1002c5c4","Global","Label","DEFAULT",false,true
"1002c607","LAB_1002c607","Global","Label","DEFAULT",false,true
"1002c60f","LAB_1002c60f","Global","Label","DEFAULT",false,true
"1002c620","?write_text_utf16le_nolock@@YA?AUwrite_result@?A0x17268360@@HQBDI@Z","Global","Label","ANALYSIS",false,false
"1002c620","write_text_utf16le_nolock","Global","Function","ANALYSIS",false,true
"1002c675","LAB_1002c675","Global","Label","DEFAULT",false,true
"1002c67b","LAB_1002c67b","Global","Label","DEFAULT",false,true
"1002c697","LAB_1002c697","Global","Label","DEFAULT",false,true
"1002c6a4","LAB_1002c6a4","Global","Label","DEFAULT",false,true
"1002c6ea","LAB_1002c6ea","Global","Label","DEFAULT",false,true
"1002c6f0","LAB_1002c6f0","Global","Label","DEFAULT",false,true
"1002c6f8","LAB_1002c6f8","Global","Label","DEFAULT",false,true
"1002c709","?write_text_utf8_nolock@@YA?AUwrite_result@?A0x17268360@@HQBDI@Z","Global","Label","ANALYSIS",false,false
"1002c709","write_text_utf8_nolock","Global","Function","ANALYSIS",false,true
"1002c766","LAB_1002c766","Global","Label","DEFAULT",false,true
"1002c772","LAB_1002c772","Global","Label","DEFAULT",false,true
"1002c78a","LAB_1002c78a","Global","Label","DEFAULT",false,true
"1002c797","LAB_1002c797","Global","Label","DEFAULT",false,true
"1002c7d7","LAB_1002c7d7","Global","Label","DEFAULT",false,true
"1002c80c","LAB_1002c80c","Global","Label","DEFAULT",false,true
"1002c822","LAB_1002c822","Global","Label","DEFAULT",false,true
"1002c82a","LAB_1002c82a","Global","Label","DEFAULT",false,true
"1002c83b","FUN_1002c83b","Global","Function","DEFAULT",false,true
"1002c872","FUN_1002c872","Global","Function","DEFAULT",false,true
"1002c89c","LAB_1002c89c","Global","Label","DEFAULT",false,true
"1002c8a4","LAB_1002c8a4","Global","Label","DEFAULT",false,true
"1002c8b7","LAB_1002c8b7","Global","Label","DEFAULT",false,true
"1002c8bb","LAB_1002c8bb","Global","Label","DEFAULT",false,true
"1002c8bf","LAB_1002c8bf","Global","Label","DEFAULT",false,true
"1002c8e4","LAB_1002c8e4","Global","Label","DEFAULT",false,true
"1002c940","LAB_1002c940","Global","Label","DEFAULT",false,true
"1002c957","LAB_1002c957","Global","Label","DEFAULT",false,true
"1002c965","LAB_1002c965","Global","Label","DEFAULT",false,true
"1002c97b","FUN_1002c97b","Global","Function","DEFAULT",false,true
"1002c983","FUN_1002c983","Global","Function","DEFAULT",false,true
"1002c9af","LAB_1002c9af","Global","Label","DEFAULT",false,true
"1002c9d1","LAB_1002c9d1","Global","Label","DEFAULT",false,true
"1002c9d9","LAB_1002c9d9","Global","Label","DEFAULT",false,true
"1002ca02","LAB_1002ca02","Global","Label","DEFAULT",false,true
"1002ca0a","LAB_1002ca0a","Global","Label","DEFAULT",false,true
"1002ca2e","LAB_1002ca2e","Global","Label","DEFAULT",false,true
"1002ca56","LAB_1002ca56","Global","Label","DEFAULT",false,true
"1002ca68","LAB_1002ca68","Global","Label","DEFAULT",false,true
"1002ca6f","LAB_1002ca6f","Global","Label","DEFAULT",false,true
"1002ca87","LAB_1002ca87","Global","Label","DEFAULT",false,true
"1002cac3","LAB_1002cac3","Global","Label","DEFAULT",false,true
"1002cac8","LAB_1002cac8","Global","Label","DEFAULT",false,true
"1002cadc","LAB_1002cadc","Global","Label","DEFAULT",false,true
"1002caf0","LAB_1002caf0","Global","Label","DEFAULT",false,true
"1002cb1b","LAB_1002cb1b","Global","Label","DEFAULT",false,true
"1002cb1e","LAB_1002cb1e","Global","Label","DEFAULT",false,true
"1002cb30","LAB_1002cb30","Global","Label","DEFAULT",false,true
"1002cb36","LAB_1002cb36","Global","Label","DEFAULT",false,true
"1002cb58","LAB_1002cb58","Global","Label","DEFAULT",false,true
"1002cb66","LAB_1002cb66","Global","Label","DEFAULT",false,true
"1002cb7c","LAB_1002cb7c","Global","Label","DEFAULT",false,true
"1002cb93","LAB_1002cb93","Global","Label","DEFAULT",false,true
"1002cb98","LAB_1002cb98","Global","Label","DEFAULT",false,true
"1002cb9a","LAB_1002cb9a","Global","Label","DEFAULT",false,true
"1002cb9f","FUN_1002cb9f","Global","Function","DEFAULT",false,true
"1002cbc4","LAB_1002cbc4","Global","Label","DEFAULT",false,true
"1002cc07","LAB_1002cc07","Global","Label","DEFAULT",false,true
"1002cc24","LAB_1002cc24","Global","Label","DEFAULT",false,true
"1002ccb1","LAB_1002ccb1","Global","Label","DEFAULT",false,true
"1002ccb6","LAB_1002ccb6","Global","Label","DEFAULT",false,true
"1002cccb","LAB_1002cccb","Global","Label","DEFAULT",false,true
"1002ccfa","LAB_1002ccfa","Global","Label","DEFAULT",false,true
"1002ccfd","LAB_1002ccfd","Global","Label","DEFAULT",false,true
"1002cd0c","LAB_1002cd0c","Global","Label","DEFAULT",false,true
"1002cd27","LAB_1002cd27","Global","Label","DEFAULT",false,true
"1002cd2a","LAB_1002cd2a","Global","Label","DEFAULT",false,true
"1002cd2b","LAB_1002cd2b","Global","Label","DEFAULT",false,true
"1002cd2e","FUN_1002cd2e","Global","Function","DEFAULT",false,true
"1002cd52","LAB_1002cd52","Global","Label","DEFAULT",false,true
"1002cd94","LAB_1002cd94","Global","Label","DEFAULT",false,true
"1002cdb4","LAB_1002cdb4","Global","Label","DEFAULT",false,true
"1002cdc7","LAB_1002cdc7","Global","Label","DEFAULT",false,true
"1002cdcb","LAB_1002cdcb","Global","Label","DEFAULT",false,true
"1002ce5e","LAB_1002ce5e","Global","Label","DEFAULT",false,true
"1002ce63","LAB_1002ce63","Global","Label","DEFAULT",false,true
"1002ce78","LAB_1002ce78","Global","Label","DEFAULT",false,true
"1002cea7","LAB_1002cea7","Global","Label","DEFAULT",false,true
"1002ceaa","LAB_1002ceaa","Global","Label","DEFAULT",false,true
"1002cec8","LAB_1002cec8","Global","Label","DEFAULT",false,true
"1002ced2","LAB_1002ced2","Global","Label","DEFAULT",false,true
"1002ced9","LAB_1002ced9","Global","Label","DEFAULT",false,true
"1002cef4","LAB_1002cef4","Global","Label","DEFAULT",false,true
"1002cef9","LAB_1002cef9","Global","Label","DEFAULT",false,true
"1002cefd","FUN_1002cefd","Global","Function","DEFAULT",false,true
"1002cf08","FUN_1002cf08","Global","Function","DEFAULT",false,true
"1002cf13","FUN_1002cf13","Global","Function","DEFAULT",false,true
"1002cf49","LAB_1002cf49","Global","Label","DEFAULT",false,true
"1002cf82","LAB_1002cf82","Global","Label","DEFAULT",false,true
"1002cf98","FUN_1002cf98","Global","Function","DEFAULT",false,true
"1002cfa2","FUN_1002cfa2","Global","Function","DEFAULT",false,true
"1002cfd9","LAB_1002cfd9","Global","Label","DEFAULT",false,true
"1002cff2","LAB_1002cff2","Global","Label","DEFAULT",false,true
"1002d01f","LAB_1002d01f","Global","Label","DEFAULT",false,true
"1002d03c","LAB_1002d03c","Global","Label","DEFAULT",false,true
"1002d0a3","LAB_1002d0a3","Global","Label","DEFAULT",false,true
"1002d0cd","LAB_1002d0cd","Global","Label","DEFAULT",false,true
"1002d0e9","LAB_1002d0e9","Global","Label","DEFAULT",false,true
"1002d0f0","LAB_1002d0f0","Global","Label","DEFAULT",false,true
"1002d0f6","LAB_1002d0f6","Global","Label","DEFAULT",false,true
"1002d11e","LAB_1002d11e","Global","Label","DEFAULT",false,true
"1002d135","LAB_1002d135","Global","Label","DEFAULT",false,true
"1002d13a","LAB_1002d13a","Global","Label","DEFAULT",false,true
"1002d13c","LAB_1002d13c","Global","Label","DEFAULT",false,true
"1002d13e","LAB_1002d13e","Global","Label","DEFAULT",false,true
"1002d140","LAB_1002d140","Global","Label","DEFAULT",false,true
"1002d143","FUN_1002d143","Global","Function","DEFAULT",false,true
"1002d190","LAB_1002d190","Global","Label","DEFAULT",false,true
"1002d193","LAB_1002d193","Global","Label","DEFAULT",false,true
"1002d1ab","LAB_1002d1ab","Global","Label","DEFAULT",false,true
"1002d1ed","LAB_1002d1ed","Global","Label","DEFAULT",false,true
"1002d244","LAB_1002d244","Global","Label","DEFAULT",false,true
"1002d247","LAB_1002d247","Global","Label","DEFAULT",false,true
"1002d250","LAB_1002d250","Global","Label","DEFAULT",false,true
"1002d273","LAB_1002d273","Global","Label","DEFAULT",false,true
"1002d287","LAB_1002d287","Global","Label","DEFAULT",false,true
"1002d2a7","LAB_1002d2a7","Global","Label","DEFAULT",false,true
"1002d2b1","LAB_1002d2b1","Global","Label","DEFAULT",false,true
"1002d2d0","LAB_1002d2d0","Global","Label","DEFAULT",false,true
"1002d2d3","LAB_1002d2d3","Global","Label","DEFAULT",false,true
"1002d2db","LAB_1002d2db","Global","Label","DEFAULT",false,true
"1002d2de","LAB_1002d2de","Global","Label","DEFAULT",false,true
"1002d2ef","LAB_1002d2ef","Global","Label","DEFAULT",false,true
"1002d309","LAB_1002d309","Global","Label","DEFAULT",false,true
"1002d30e","FUN_1002d30e","Global","Function","DEFAULT",false,true
"1002d350","LAB_1002d350","Global","Label","DEFAULT",false,true
"1002d41b","LAB_1002d41b","Global","Label","DEFAULT",false,true
"1002d435","LAB_1002d435","Global","Label","DEFAULT",false,true
"1002d453","LAB_1002d453","Global","Label","DEFAULT",false,true
"1002d46d","LAB_1002d46d","Global","Label","DEFAULT",false,true
"1002d479","LAB_1002d479","Global","Label","DEFAULT",false,true
"1002d48c","LAB_1002d48c","Global","Label","DEFAULT",false,true
"1002d4a5","LAB_1002d4a5","Global","Label","DEFAULT",false,true
"1002d4aa","LAB_1002d4aa","Global","Label","DEFAULT",false,true
"1002d4ac","LAB_1002d4ac","Global","Label","DEFAULT",false,true
"1002d4b9","FUN_1002d4b9","Global","Function","DEFAULT",false,true
"1002d4d2","LAB_1002d4d2","Global","Label","DEFAULT",false,true
"1002d4dd","LAB_1002d4dd","Global","Label","DEFAULT",false,true
"1002d4de","LAB_1002d4de","Global","Label","DEFAULT",false,true
"1002d4e5","LAB_1002d4e5","Global","Label","DEFAULT",false,true
"1002d4ee","LAB_1002d4ee","Global","Label","DEFAULT",false,true
"1002d4fa","LAB_1002d4fa","Global","Label","DEFAULT",false,true
"1002d4fd","LAB_1002d4fd","Global","Label","DEFAULT",false,true
"1002d50a","FUN_1002d50a","Global","Function","DEFAULT",false,true
"1002d540","FUN_1002d540","Global","Function","DEFAULT",false,true
"1002d54b","FUN_1002d54b","Global","Function","DEFAULT",false,true
"1002d56e","LAB_1002d56e","Global","Label","DEFAULT",false,true
"1002d575","LAB_1002d575","Global","Label","DEFAULT",false,true
"1002d583","LAB_1002d583","Global","Label","DEFAULT",false,true
"1002d59d","LAB_1002d59d","Global","Label","DEFAULT",false,true
"1002d5d0","LAB_1002d5d0","Global","Label","DEFAULT",false,true
"1002d613","LAB_1002d613","Global","Label","DEFAULT",false,true
"1002d63b","LAB_1002d63b","Global","Label","DEFAULT",false,true
"1002d63e","LAB_1002d63e","Global","Label","DEFAULT",false,true
"1002d641","FUN_1002d641","Global","Function","DEFAULT",false,true
"1002d664","LAB_1002d664","Global","Label","DEFAULT",false,true
"1002d66b","LAB_1002d66b","Global","Label","DEFAULT",false,true
"1002d67b","LAB_1002d67b","Global","Label","DEFAULT",false,true
"1002d695","LAB_1002d695","Global","Label","DEFAULT",false,true
"1002d6c8","LAB_1002d6c8","Global","Label","DEFAULT",false,true
"1002d70b","LAB_1002d70b","Global","Label","DEFAULT",false,true
"1002d735","LAB_1002d735","Global","Label","DEFAULT",false,true
"1002d738","LAB_1002d738","Global","Label","DEFAULT",false,true
"1002d73b","FUN_1002d73b","Global","Function","DEFAULT",false,true
"1002d78f","LAB_1002d78f","Global","Label","DEFAULT",false,true
"1002d7a1","LAB_1002d7a1","Global","Label","DEFAULT",false,true
"1002d7c1","LAB_1002d7c1","Global","Label","DEFAULT",false,true
"1002d7c6","LAB_1002d7c6","Global","Label","DEFAULT",false,true
"1002d7f0","LAB_1002d7f0","Global","Label","DEFAULT",false,true
"1002d809","LAB_1002d809","Global","Label","DEFAULT",false,true
"1002d80d","FUN_1002d80d","Global","Function","DEFAULT",false,true
"1002d865","LAB_1002d865","Global","Label","DEFAULT",false,true
"1002d876","LAB_1002d876","Global","Label","DEFAULT",false,true
"1002d896","LAB_1002d896","Global","Label","DEFAULT",false,true
"1002d89b","LAB_1002d89b","Global","Label","DEFAULT",false,true
"1002d8c5","LAB_1002d8c5","Global","Label","DEFAULT",false,true
"1002d8da","LAB_1002d8da","Global","Label","DEFAULT",false,true
"1002d8dd","LAB_1002d8dd","Global","Label","DEFAULT",false,true
"1002d8e1","?stream_is_at_end_of_file_nolock@@YA_NV__crt_stdio_stream@@@Z","Global","Label","ANALYSIS",false,false
"1002d8e1","stream_is_at_end_of_file_nolock","Global","Function","ANALYSIS",false,true
"1002d8fb","LAB_1002d8fb","Global","Label","DEFAULT",false,true
"1002d912","LAB_1002d912","Global","Label","DEFAULT",false,true
"1002d95a","LAB_1002d95a","Global","Label","DEFAULT",false,true
"1002d95c","LAB_1002d95c","Global","Label","DEFAULT",false,true
"1002d960","LAB_1002d960","Global","Label","DEFAULT",false,true
"1002d962","LAB_1002d962","Global","Label","DEFAULT",false,true
"1002d966","FUN_1002d966","Global","Function","DEFAULT",false,true
"1002d971","FUN_1002d971","Global","Function","DEFAULT",false,true
"1002d97c","FUN_1002d97c","Global","Function","DEFAULT",false,true
"1002d9bc","LAB_1002d9bc","Global","Label","DEFAULT",false,true
"1002d9c1","LAB_1002d9c1","Global","Label","DEFAULT",false,true
"1002d9d5","LAB_1002d9d5","Global","Label","DEFAULT",false,true
"1002d9ed","LAB_1002d9ed","Global","Label","DEFAULT",false,true
"1002da13","LAB_1002da13","Global","Label","DEFAULT",false,true
"1002da21","LAB_1002da21","Global","Label","DEFAULT",false,true
"1002da63","LAB_1002da63","Global","Label","DEFAULT",false,true
"1002da74","LAB_1002da74","Global","Label","DEFAULT",false,true
"1002da78","LAB_1002da78","Global","Label","DEFAULT",false,true
"1002da87","LAB_1002da87","Global","Label","DEFAULT",false,true
"1002da9e","LAB_1002da9e","Global","Label","DEFAULT",false,true
"1002daa3","LAB_1002daa3","Global","Label","DEFAULT",false,true
"1002dabd","LAB_1002dabd","Global","Label","DEFAULT",false,true
"1002dabf","LAB_1002dabf","Global","Label","DEFAULT",false,true
"1002dac0","LAB_1002dac0","Global","Label","DEFAULT",false,true
"1002dac9","FUN_1002dac9","Global","Function","DEFAULT",false,true
"1002db0f","LAB_1002db0f","Global","Label","DEFAULT",false,true
"1002db14","LAB_1002db14","Global","Label","DEFAULT",false,true
"1002db30","LAB_1002db30","Global","Label","DEFAULT",false,true
"1002db55","LAB_1002db55","Global","Label","DEFAULT",false,true
"1002db8b","LAB_1002db8b","Global","Label","DEFAULT",false,true
"1002db99","LAB_1002db99","Global","Label","DEFAULT",false,true
"1002dbec","LAB_1002dbec","Global","Label","DEFAULT",false,true
"1002dc23","LAB_1002dc23","Global","Label","DEFAULT",false,true
"1002dc28","LAB_1002dc28","Global","Label","DEFAULT",false,true
"1002dc33","LAB_1002dc33","Global","Label","DEFAULT",false,true
"1002dc38","LAB_1002dc38","Global","Label","DEFAULT",false,true
"1002dc52","LAB_1002dc52","Global","Label","DEFAULT",false,true
"1002dc57","LAB_1002dc57","Global","Label","DEFAULT",false,true
"1002dc71","LAB_1002dc71","Global","Label","DEFAULT",false,true
"1002dc74","LAB_1002dc74","Global","Label","DEFAULT",false,true
"1002dc77","LAB_1002dc77","Global","Label","DEFAULT",false,true
"1002dc83","FUN_1002dc83","Global","Function","DEFAULT",false,true
"1002dcd2","LAB_1002dcd2","Global","Label","DEFAULT",false,true
"1002dce6","LAB_1002dce6","Global","Label","DEFAULT",false,true
"1002dcee","LAB_1002dcee","Global","Label","DEFAULT",false,true
"1002dcfc","LAB_1002dcfc","Global","Label","DEFAULT",false,true
"1002dd05","LAB_1002dd05","Global","Label","DEFAULT",false,true
"1002dd25","LAB_1002dd25","Global","Label","DEFAULT",false,true
"1002dd2e","LAB_1002dd2e","Global","Label","DEFAULT",false,true
"1002dd53","LAB_1002dd53","Global","Label","DEFAULT",false,true
"1002dd69","LAB_1002dd69","Global","Label","DEFAULT",false,true
"1002dd6d","LAB_1002dd6d","Global","Label","DEFAULT",false,true
"1002dd81","LAB_1002dd81","Global","Label","DEFAULT",false,true
"1002ddad","LAB_1002ddad","Global","Label","DEFAULT",false,true
"1002ddb2","LAB_1002ddb2","Global","Label","DEFAULT",false,true
"1002ddd5","LAB_1002ddd5","Global","Label","DEFAULT",false,true
"1002ddd6","LAB_1002ddd6","Global","Label","DEFAULT",false,true
"1002ddd7","LAB_1002ddd7","Global","Label","DEFAULT",false,true
"1002ddda","FUN_1002ddda","Global","Function","DEFAULT",false,true
"1002ddf4","LAB_1002ddf4","Global","Label","DEFAULT",false,true
"1002de16","LAB_1002de16","Global","Label","DEFAULT",false,true
"1002de18","LAB_1002de18","Global","Label","DEFAULT",false,true
"1002de32","LAB_1002de32","Global","Label","DEFAULT",false,true
"1002de4c","LAB_1002de4c","Global","Label","DEFAULT",false,true
"1002de4d","LAB_1002de4d","Global","Label","DEFAULT",false,true
"1002de58","FUN_1002de58","Global","Function","DEFAULT",false,true
"1002de7f","LAB_1002de7f","Global","Label","DEFAULT",false,true
"1002de87","LAB_1002de87","Global","Label","DEFAULT",false,true
"1002de98","LAB_1002de98","Global","Label","DEFAULT",false,true
"1002de9a","LAB_1002de9a","Global","Label","DEFAULT",false,true
"1002de9e","LAB_1002de9e","Global","Label","DEFAULT",false,true
"1002deb1","LAB_1002deb1","Global","Label","DEFAULT",false,true
"1002deb8","LAB_1002deb8","Global","Label","DEFAULT",false,true
"1002def7","LAB_1002def7","Global","Label","DEFAULT",false,true
"1002df31","LAB_1002df31","Global","Label","DEFAULT",false,true
"1002df45","LAB_1002df45","Global","Label","DEFAULT",false,true
"1002df53","LAB_1002df53","Global","Label","DEFAULT",false,true
"1002df69","FUN_1002df69","Global","Function","DEFAULT",false,true
"1002df71","FUN_1002df71","Global","Function","DEFAULT",false,true
"1002df9b","LAB_1002df9b","Global","Label","DEFAULT",false,true
"1002dfe9","LAB_1002dfe9","Global","Label","DEFAULT",false,true
"1002e001","LAB_1002e001","Global","Label","DEFAULT",false,true
"1002e03f","LAB_1002e03f","Global","Label","DEFAULT",false,true
"1002e05b","LAB_1002e05b","Global","Label","DEFAULT",false,true
"1002e065","LAB_1002e065","Global","Label","DEFAULT",false,true
"1002e078","LAB_1002e078","Global","Label","DEFAULT",false,true
"1002e0b3","LAB_1002e0b3","Global","Label","DEFAULT",false,true
"1002e0d8","LAB_1002e0d8","Global","Label","DEFAULT",false,true
"1002e1b3","LAB_1002e1b3","Global","Label","DEFAULT",false,true
"1002e209","LAB_1002e209","Global","Label","DEFAULT",false,true
"1002e210","LAB_1002e210","Global","Label","DEFAULT",false,true
"1002e213","LAB_1002e213","Global","Label","DEFAULT",false,true
"1002e222","LAB_1002e222","Global","Label","DEFAULT",false,true
"1002e22d","LAB_1002e22d","Global","Label","DEFAULT",false,true
"1002e231","LAB_1002e231","Global","Label","DEFAULT",false,true
"1002e254","LAB_1002e254","Global","Label","DEFAULT",false,true
"1002e281","LAB_1002e281","Global","Label","DEFAULT",false,true
"1002e285","LAB_1002e285","Global","Label","DEFAULT",false,true
"1002e299","LAB_1002e299","Global","Label","DEFAULT",false,true
"1002e29e","LAB_1002e29e","Global","Label","DEFAULT",false,true
"1002e2a5","LAB_1002e2a5","Global","Label","DEFAULT",false,true
"1002e2c9","LAB_1002e2c9","Global","Label","DEFAULT",false,true
"1002e2d9","LAB_1002e2d9","Global","Label","DEFAULT",false,true
"1002e2dd","LAB_1002e2dd","Global","Label","DEFAULT",false,true
"1002e2f0","LAB_1002e2f0","Global","Label","DEFAULT",false,true
"1002e2f5","LAB_1002e2f5","Global","Label","DEFAULT",false,true
"1002e2f8","LAB_1002e2f8","Global","Label","DEFAULT",false,true
"1002e2fc","FUN_1002e2fc","Global","Function","DEFAULT",false,true
"1002e326","LAB_1002e326","Global","Label","DEFAULT",false,true
"1002e330","LAB_1002e330","Global","Label","DEFAULT",false,true
"1002e343","LAB_1002e343","Global","Label","DEFAULT",false,true
"1002e347","LAB_1002e347","Global","Label","DEFAULT",false,true
"1002e34b","LAB_1002e34b","Global","Label","DEFAULT",false,true
"1002e370","LAB_1002e370","Global","Label","DEFAULT",false,true
"1002e3d1","LAB_1002e3d1","Global","Label","DEFAULT",false,true
"1002e3f0","LAB_1002e3f0","Global","Label","DEFAULT",false,true
"1002e3fe","LAB_1002e3fe","Global","Label","DEFAULT",false,true
"1002e419","FUN_1002e419","Global","Function","DEFAULT",false,true
"1002e421","FUN_1002e421","Global","Function","DEFAULT",false,true
"1002e449","LAB_1002e449","Global","Label","DEFAULT",false,true
"1002e44f","LAB_1002e44f","Global","Label","DEFAULT",false,true
"1002e47a","LAB_1002e47a","Global","Label","DEFAULT",false,true
"1002e4a0","LAB_1002e4a0","Global","Label","DEFAULT",false,true
"1002e4a4","FUN_1002e4a4","Global","Function","DEFAULT",false,true
"1002e4e4","FUN_1002e4e4","Global","Function","DEFAULT",false,true
"1002e502","FUN_1002e502","Global","Function","DEFAULT",false,true
"1002e542","FUN_1002e542","Global","Function","DEFAULT",false,true
"1002e560","FUN_1002e560","Global","Function","DEFAULT",false,true
"1002e596","LAB_1002e596","Global","Label","DEFAULT",false,true
"1002e59a","LAB_1002e59a","Global","Label","DEFAULT",false,true
"1002e59e","FUN_1002e59e","Global","Function","DEFAULT",false,true
"1002e5ce","LAB_1002e5ce","Global","Label","DEFAULT",false,true
"1002e5de","LAB_1002e5de","Global","Label","DEFAULT",false,true
"1002e613","LAB_1002e613","Global","Label","DEFAULT",false,true
"1002e627","LAB_1002e627","Global","Label","DEFAULT",false,true
"1002e62b","LAB_1002e62b","Global","Label","DEFAULT",false,true
"1002e642","LAB_1002e642","Global","Label","DEFAULT",false,true
"1002e644","LAB_1002e644","Global","Label","DEFAULT",false,true
"1002e649","FUN_1002e649","Global","Function","DEFAULT",false,true
"1002e683","LAB_1002e683","Global","Label","DEFAULT",false,true
"1002e685","LAB_1002e685","Global","Label","DEFAULT",false,true
"1002e687","___acrt_stdio_allocate_buffer_nolock","Global","Function","ANALYSIS",false,true
"1002e6c2","LAB_1002e6c2","Global","Label","DEFAULT",false,true
"1002e6d3","LAB_1002e6d3","Global","Label","DEFAULT",false,true
"1002e6e3","_iswctype","Global","Function","ANALYSIS",false,true
"1002e71a","LAB_1002e71a","Global","Label","DEFAULT",false,true
"1002e747","LAB_1002e747","Global","Label","DEFAULT",false,true
"1002e749","LAB_1002e749","Global","Label","DEFAULT",false,true
"1002e74c","__isctype_l","Global","Function","ANALYSIS",false,true
"1002e784","LAB_1002e784","Global","Label","DEFAULT",false,true
"1002e7ac","LAB_1002e7ac","Global","Label","DEFAULT",false,true
"1002e7b7","LAB_1002e7b7","Global","Label","DEFAULT",false,true
"1002e7f0","LAB_1002e7f0","Global","Label","DEFAULT",false,true
"1002e7f4","LAB_1002e7f4","Global","Label","DEFAULT",false,true
"1002e7f8","LAB_1002e7f8","Global","Label","DEFAULT",false,true
"1002e80b","LAB_1002e80b","Global","Label","DEFAULT",false,true
"1002e817","___acrt_update_locale_info","Global","Function","ANALYSIS",false,true
"1002e841","LAB_1002e841","Global","Label","DEFAULT",false,true
"1002e844","FUN_1002e844","Global","Function","DEFAULT",false,true
"1002e872","LAB_1002e872","Global","Label","DEFAULT",false,true
"1002e875","FUN_1002e875","Global","Function","DEFAULT",false,true
"1002e89f","LAB_1002e89f","Global","Label","DEFAULT",false,true
"1002e8a2","FUN_1002e8a2","Global","Function","DEFAULT",false,true
"1002e8d0","LAB_1002e8d0","Global","Label","DEFAULT",false,true
"1002e8d3","__malloc_base","Global","Function","ANALYSIS",false,true
"1002e8e8","LAB_1002e8e8","Global","Label","DEFAULT",false,true
"1002e8fc","LAB_1002e8fc","Global","Label","DEFAULT",false,true
"1002e911","LAB_1002e911","Global","Label","DEFAULT",false,true
"1002e91e","LAB_1002e91e","Global","Label","DEFAULT",false,true
"1002e921","?__acrt_fp_classify@@YA?AW4__acrt_fp_class@@ABN@Z","Global","Label","ANALYSIS",false,false
"1002e921","__acrt_fp_classify","Global","Function","ANALYSIS",false,true
"1002e953","LAB_1002e953","Global","Label","DEFAULT",false,true
"1002e962","LAB_1002e962","Global","Label","DEFAULT",false,true
"1002e96c","LAB_1002e96c","Global","Label","DEFAULT",false,true
"1002e96f","LAB_1002e96f","Global","Label","DEFAULT",false,true
"1002e979","LAB_1002e979","Global","Label","DEFAULT",false,true
"1002e97d","LAB_1002e97d","Global","Label","DEFAULT",false,true
"1002e97f","LAB_1002e97f","Global","Label","DEFAULT",false,true
"1002e983","?fe_to_nearest@@YA_NQBN_KF@Z","Global","Label","ANALYSIS",false,false
"1002e983","fe_to_nearest","Global","Function","ANALYSIS",false,true
"1002e9bf","LAB_1002e9bf","Global","Label","DEFAULT",false,true
"1002ea08","LAB_1002ea08","Global","Label","DEFAULT",false,true
"1002ea18","LAB_1002ea18","Global","Label","DEFAULT",false,true
"1002ea1f","LAB_1002ea1f","Global","Label","DEFAULT",false,true
"1002ea21","LAB_1002ea21","Global","Label","DEFAULT",false,true
"1002ea26","FUN_1002ea26","Global","Function","DEFAULT",false,true
"1002ea3b","LAB_1002ea3b","Global","Label","DEFAULT",false,true
"1002ea6a","LAB_1002ea6a","Global","Label","DEFAULT",false,true
"1002eaa9","LAB_1002eaa9","Global","Label","DEFAULT",false,true
"1002ead2","LAB_1002ead2","Global","Label","DEFAULT",false,true
"1002eadd","LAB_1002eadd","Global","Label","DEFAULT",false,true
"1002eae1","LAB_1002eae1","Global","Label","DEFAULT",false,true
"1002eb29","LAB_1002eb29","Global","Label","DEFAULT",false,true
"1002eb32","LAB_1002eb32","Global","Label","DEFAULT",false,true
"1002eb35","LAB_1002eb35","Global","Label","DEFAULT",false,true
"1002eb40","LAB_1002eb40","Global","Label","DEFAULT",false,true
"1002eb56","LAB_1002eb56","Global","Label","DEFAULT",false,true
"1002eb63","LAB_1002eb63","Global","Label","DEFAULT",false,true
"1002eb7b","LAB_1002eb7b","Global","Label","DEFAULT",false,true
"1002eb8e","LAB_1002eb8e","Global","Label","DEFAULT",false,true
"1002ebc9","LAB_1002ebc9","Global","Label","DEFAULT",false,true
"1002ebf0","LAB_1002ebf0","Global","Label","DEFAULT",false,true
"1002ec10","LAB_1002ec10","Global","Label","DEFAULT",false,true
"1002ec1c","LAB_1002ec1c","Global","Label","DEFAULT",false,true
"1002ec21","LAB_1002ec21","Global","Label","DEFAULT",false,true
"1002ec31","LAB_1002ec31","Global","Label","DEFAULT",false,true
"1002ec37","LAB_1002ec37","Global","Label","DEFAULT",false,true
"1002ec3a","LAB_1002ec3a","Global","Label","DEFAULT",false,true
"1002ec4e","LAB_1002ec4e","Global","Label","DEFAULT",false,true
"1002ec58","LAB_1002ec58","Global","Label","DEFAULT",false,true
"1002ec8b","LAB_1002ec8b","Global","Label","DEFAULT",false,true
"1002ec8f","LAB_1002ec8f","Global","Label","DEFAULT",false,true
"1002ec99","LAB_1002ec99","Global","Label","DEFAULT",false,true
"1002ecb6","LAB_1002ecb6","Global","Label","DEFAULT",false,true
"1002ece4","LAB_1002ece4","Global","Label","DEFAULT",false,true
"1002ecef","LAB_1002ecef","Global","Label","DEFAULT",false,true
"1002ed16","LAB_1002ed16","Global","Label","DEFAULT",false,true
"1002ed21","LAB_1002ed21","Global","Label","DEFAULT",false,true
"1002ed41","LAB_1002ed41","Global","Label","DEFAULT",false,true
"1002ed4c","LAB_1002ed4c","Global","Label","DEFAULT",false,true
"1002ed4e","LAB_1002ed4e","Global","Label","DEFAULT",false,true
"1002ed4f","LAB_1002ed4f","Global","Label","DEFAULT",false,true
"1002ed53","FUN_1002ed53","Global","Function","DEFAULT",false,true
"1002eda1","LAB_1002eda1","Global","Label","DEFAULT",false,true
"1002edd7","LAB_1002edd7","Global","Label","DEFAULT",false,true
"1002edf3","LAB_1002edf3","Global","Label","DEFAULT",false,true
"1002edf7","FUN_1002edf7","Global","Function","DEFAULT",false,true
"1002ee0b","LAB_1002ee0b","Global","Label","DEFAULT",false,true
"1002ee30","LAB_1002ee30","Global","Label","DEFAULT",false,true
"1002ee34","LAB_1002ee34","Global","Label","DEFAULT",false,true
"1002ee5f","LAB_1002ee5f","Global","Label","DEFAULT",false,true
"1002ee6f","LAB_1002ee6f","Global","Label","DEFAULT",false,true
"1002ee8c","LAB_1002ee8c","Global","Label","DEFAULT",false,true
"1002ee9b","LAB_1002ee9b","Global","Label","DEFAULT",false,true
"1002eeb5","LAB_1002eeb5","Global","Label","DEFAULT",false,true
"1002eed3","LAB_1002eed3","Global","Label","DEFAULT",false,true
"1002eeec","LAB_1002eeec","Global","Label","DEFAULT",false,true
"1002ef02","LAB_1002ef02","Global","Label","DEFAULT",false,true
"1002ef18","LAB_1002ef18","Global","Label","DEFAULT",false,true
"1002ef1b","LAB_1002ef1b","Global","Label","DEFAULT",false,true
"1002ef36","LAB_1002ef36","Global","Label","DEFAULT",false,true
"1002ef3d","LAB_1002ef3d","Global","Label","DEFAULT",false,true
"1002ef4a","FUN_1002ef4a","Global","Function","DEFAULT",false,true
"1002ef99","LAB_1002ef99","Global","Label","DEFAULT",false,true
"1002efc6","LAB_1002efc6","Global","Label","DEFAULT",false,true
"1002efdc","LAB_1002efdc","Global","Label","DEFAULT",false,true
"1002efe0","FUN_1002efe0","Global","Function","DEFAULT",false,true
"1002f011","LAB_1002f011","Global","Label","DEFAULT",false,true
"1002f024","LAB_1002f024","Global","Label","DEFAULT",false,true
"1002f037","LAB_1002f037","Global","Label","DEFAULT",false,true
"1002f041","LAB_1002f041","Global","Label","DEFAULT",false,true
"1002f053","LAB_1002f053","Global","Label","DEFAULT",false,true
"1002f059","LAB_1002f059","Global","Label","DEFAULT",false,true
"1002f084","LAB_1002f084","Global","Label","DEFAULT",false,true
"1002f0aa","LAB_1002f0aa","Global","Label","DEFAULT",false,true
"1002f0ac","LAB_1002f0ac","Global","Label","DEFAULT",false,true
"1002f0c7","LAB_1002f0c7","Global","Label","DEFAULT",false,true
"1002f0ce","FUN_1002f0ce","Global","Function","DEFAULT",false,true
"1002f127","LAB_1002f127","Global","Label","DEFAULT",false,true
"1002f148","LAB_1002f148","Global","Label","DEFAULT",false,true
"1002f15a","LAB_1002f15a","Global","Label","DEFAULT",false,true
"1002f164","LAB_1002f164","Global","Label","DEFAULT",false,true
"1002f17c","LAB_1002f17c","Global","Label","DEFAULT",false,true
"1002f198","LAB_1002f198","Global","Label","DEFAULT",false,true
"1002f19d","FUN_1002f19d","Global","Function","DEFAULT",false,true
"1002f1be","LAB_1002f1be","Global","Label","DEFAULT",false,true
"1002f1d2","LAB_1002f1d2","Global","Label","DEFAULT",false,true
"1002f1f8","LAB_1002f1f8","Global","Label","DEFAULT",false,true
"1002f225","LAB_1002f225","Global","Label","DEFAULT",false,true
"1002f232","?shift_bytes@@YAXQADI0H@Z","Global","Label","ANALYSIS",false,false
"1002f232","shift_bytes","Global","Function","ANALYSIS",false,true
"1002f248","LAB_1002f248","Global","Label","DEFAULT",false,true
"1002f264","LAB_1002f264","Global","Label","DEFAULT",false,true
"1002f266","FUN_1002f266","Global","Function","DEFAULT",false,true
"1002f29f","LAB_1002f29f","Global","Label","DEFAULT",false,true
"1002f2ba","LAB_1002f2ba","Global","Label","DEFAULT",false,true
"1002f2d3","LAB_1002f2d3","Global","Label","DEFAULT",false,true
"1002f2d7","LAB_1002f2d7","Global","Label","DEFAULT",false,true
"1002f2f2","LAB_1002f2f2","Global","Label","DEFAULT",false,true
"1002f2f4","LAB_1002f2f4","Global","Label","DEFAULT",false,true
"1002f2f9","FUN_1002f2f9","Global","Function","DEFAULT",false,true
"1002f318","LAB_1002f318","Global","Label","DEFAULT",false,true
"1002f31a","LAB_1002f31a","Global","Label","DEFAULT",false,true
"1002f32e","LAB_1002f32e","Global","Label","DEFAULT",false,true
"1002f334","LAB_1002f334","Global","Label","DEFAULT",false,true
"1002f344","LAB_1002f344","Global","Label","DEFAULT",false,true
"1002f361","LAB_1002f361","Global","Label","DEFAULT",false,true
"1002f37b","LAB_1002f37b","Global","Label","DEFAULT",false,true
"1002f37f","LAB_1002f37f","Global","Label","DEFAULT",false,true
"1002f3a8","LAB_1002f3a8","Global","Label","DEFAULT",false,true
"1002f3ae","LAB_1002f3ae","Global","Label","DEFAULT",false,true
"1002f3b1","LAB_1002f3b1","Global","Label","DEFAULT",false,true
"1002f3c9","LAB_1002f3c9","Global","Label","DEFAULT",false,true
"1002f3cc","LAB_1002f3cc","Global","Label","DEFAULT",false,true
"1002f3d9","LAB_1002f3d9","Global","Label","DEFAULT",false,true
"1002f3db","LAB_1002f3db","Global","Label","DEFAULT",false,true
"1002f3e6","LAB_1002f3e6","Global","Label","DEFAULT",false,true
"1002f3f7","LAB_1002f3f7","Global","Label","DEFAULT",false,true
"1002f416","LAB_1002f416","Global","Label","DEFAULT",false,true
"1002f419","LAB_1002f419","Global","Label","DEFAULT",false,true
"1002f43f","LAB_1002f43f","Global","Label","DEFAULT",false,true
"1002f459","LAB_1002f459","Global","Label","DEFAULT",false,true
"1002f472","LAB_1002f472","Global","Label","DEFAULT",false,true
"1002f475","LAB_1002f475","Global","Label","DEFAULT",false,true
"1002f47a","FUN_1002f47a","Global","Function","DEFAULT",false,true
"1002f4a6","LAB_1002f4a6","Global","Label","DEFAULT",false,true
"1002f4b0","LAB_1002f4b0","Global","Label","DEFAULT",false,true
"1002f4c3","LAB_1002f4c3","Global","Label","DEFAULT",false,true
"1002f4d6","LAB_1002f4d6","Global","Label","DEFAULT",false,true
"1002f50b","LAB_1002f50b","Global","Label","DEFAULT",false,true
"1002f51d","LAB_1002f51d","Global","Label","DEFAULT",false,true
"1002f521","LAB_1002f521","Global","Label","DEFAULT",false,true
"1002f54d","LAB_1002f54d","Global","Label","DEFAULT",false,true
"1002f557","LAB_1002f557","Global","Label","DEFAULT",false,true
"1002f55c","LAB_1002f55c","Global","Label","DEFAULT",false,true
"1002f566","LAB_1002f566","Global","Label","DEFAULT",false,true
"1002f572","LAB_1002f572","Global","Label","DEFAULT",false,true
"1002f59d","LAB_1002f59d","Global","Label","DEFAULT",false,true
"1002f5a1","LAB_1002f5a1","Global","Label","DEFAULT",false,true
"1002f5c5","LAB_1002f5c5","Global","Label","DEFAULT",false,true
"1002f5c7","LAB_1002f5c7","Global","Label","DEFAULT",false,true
"1002f5e4","FUN_1002f5e4","Global","Function","DEFAULT",false,true
"1002f61e","FUN_1002f61e","Global","Function","DEFAULT",false,true
"1002f657","LAB_1002f657","Global","Label","DEFAULT",false,true
"1002f667","LAB_1002f667","Global","Label","DEFAULT",false,true
"1002f693","LAB_1002f693","Global","Label","DEFAULT",false,true
"1002f69b","LAB_1002f69b","Global","Label","DEFAULT",false,true
"1002f6b8","LAB_1002f6b8","Global","Label","DEFAULT",false,true
"1002f6f1","LAB_1002f6f1","Global","Label","DEFAULT",false,true
"1002f6ff","LAB_1002f6ff","Global","Label","DEFAULT",false,true
"1002f707","LAB_1002f707","Global","Label","DEFAULT",false,true
"1002f717","LAB_1002f717","Global","Label","DEFAULT",false,true
"1002f737","LAB_1002f737","Global","Label","DEFAULT",false,true
"1002f73c","LAB_1002f73c","Global","Label","DEFAULT",false,true
"1002f74a","LAB_1002f74a","Global","Label","DEFAULT",false,true
"1002f74c","LAB_1002f74c","Global","Label","DEFAULT",false,true
"1002f751","FUN_1002f751","Global","Function","DEFAULT",false,true
"1002f788","FUN_1002f788","Global","Function","DEFAULT",false,true
"1002f79d","_fegetround","Global","Label","ANALYSIS",false,false
"1002f79d","fegetround","Global","Function","ANALYSIS",false,true
"1002f7aa","FUN_1002f7aa","Global","Function","DEFAULT",false,true
"1002f7cf","LAB_1002f7cf","Global","Label","DEFAULT",false,true
"1002f7dc","LAB_1002f7dc","Global","Label","DEFAULT",false,true
"1002f7e8","LAB_1002f7e8","Global","Label","DEFAULT",false,true
"1002f80c","LAB_1002f80c","Global","Label","DEFAULT",false,true
"1002f813","LAB_1002f813","Global","Label","DEFAULT",false,true
"1002f818","LAB_1002f818","Global","Label","DEFAULT",false,true
"1002f85a","FUN_1002f85a","Global","Function","DEFAULT",false,true
"1002f893","LAB_1002f893","Global","Label","DEFAULT",false,true
"1002f89a","LAB_1002f89a","Global","Label","DEFAULT",false,true
"1002f8bc","LAB_1002f8bc","Global","Label","DEFAULT",false,true
"1002f8c0","LAB_1002f8c0","Global","Label","DEFAULT",false,true
"1002f8c5","LAB_1002f8c5","Global","Label","DEFAULT",false,true
"1002f907","FUN_1002f907","Global","Function","DEFAULT",false,true
"1002f945","LAB_1002f945","Global","Label","DEFAULT",false,true
"1002f94c","LAB_1002f94c","Global","Label","DEFAULT",false,true
"1002f951","LAB_1002f951","Global","Label","DEFAULT",false,true
"1002f956","LAB_1002f956","Global","Label","DEFAULT",false,true
"1002f97a","LAB_1002f97a","Global","Label","DEFAULT",false,true
"1002f981","LAB_1002f981","Global","Label","DEFAULT",false,true
"1002f986","LAB_1002f986","Global","Label","DEFAULT",false,true
"1002f9bd","FUN_1002f9bd","Global","Function","DEFAULT",false,true
"1002fa07","LAB_1002fa07","Global","Label","DEFAULT",false,true
"1002fa0e","LAB_1002fa0e","Global","Label","DEFAULT",false,true
"1002fa10","LAB_1002fa10","Global","Label","DEFAULT",false,true
"1002fa2f","LAB_1002fa2f","Global","Label","DEFAULT",false,true
"1002fa36","LAB_1002fa36","Global","Label","DEFAULT",false,true
"1002fa3b","LAB_1002fa3b","Global","Label","DEFAULT",false,true
"1002fa73","___acrt_fenv_get_common_round_control","Global","Function","ANALYSIS",false,true
"1002fa93","LAB_1002fa93","Global","Label","DEFAULT",false,true
"1002fa95","___acrt_fenv_get_control","Global","Function","ANALYSIS",false,true
"1002facd","LAB_1002facd","Global","Label","DEFAULT",false,true
"1002fada","LAB_1002fada","Global","Label","DEFAULT",false,true
"1002fb15","FUN_1002fb15","Global","Function","DEFAULT",false,true
"1002fb6d","LAB_1002fb6d","Global","Label","DEFAULT",false,true
"1002fb77","LAB_1002fb77","Global","Label","DEFAULT",false,true
"1002fbbf","FUN_1002fbbf","Global","Function","DEFAULT",false,true
"1002fc38","LAB_1002fc38","Global","Label","DEFAULT",false,true
"1002fc3a","FUN_1002fc3a","Global","Function","DEFAULT",false,true
"1002fd34","LAB_1002fd34","Global","Label","DEFAULT",false,true
"1002fd36","FUN_1002fd36","Global","Function","DEFAULT",false,true
"1002fd53","LAB_1002fd53","Global","Label","DEFAULT",false,true
"1002fd74","LAB_1002fd74","Global","Label","DEFAULT",false,true
"1002fd86","LAB_1002fd86","Global","Label","DEFAULT",false,true
"1002fd8c","LAB_1002fd8c","Global","Label","DEFAULT",false,true
"1002fd9b","LAB_1002fd9b","Global","Label","DEFAULT",false,true
"1002fdab","LAB_1002fdab","Global","Label","DEFAULT",false,true
"1002fdc8","LAB_1002fdc8","Global","Label","DEFAULT",false,true
"1002fddc","LAB_1002fddc","Global","Label","DEFAULT",false,true
"1002fdff","LAB_1002fdff","Global","Label","DEFAULT",false,true
"1002fe00","LAB_1002fe00","Global","Label","DEFAULT",false,true
"1002fe08","__set_exp","Global","Function","ANALYSIS",false,true
"1002fe35","FUN_1002fe35","Global","Function","DEFAULT",false,true
"1002fe4d","LAB_1002fe4d","Global","Label","DEFAULT",false,true
"1002fe5c","LAB_1002fe5c","Global","Label","DEFAULT",false,true
"1002fe5f","LAB_1002fe5f","Global","Label","DEFAULT",false,true
"1002fe74","LAB_1002fe74","Global","Label","DEFAULT",false,true
"1002fe90","LAB_1002fe90","Global","Label","DEFAULT",false,true
"1002fe94","LAB_1002fe94","Global","Label","DEFAULT",false,true
"1002fe98","___set_fpsr_sse2","Global","Function","ANALYSIS",false,true
"1002fefe","LAB_1002fefe","Global","Label","DEFAULT",false,true
"1002ff08","LAB_1002ff08","Global","Label","DEFAULT",false,true
"1002ff18","FUN_1002ff18","Global","Function","DEFAULT",false,true
"1002ff29","__ctrlfp","Global","Function","ANALYSIS",false,true
"1002ff53","FUN_1002ff53","Global","Function","DEFAULT",false,true
"1002ff6d","LAB_1002ff6d","Global","Label","DEFAULT",false,true
"1002ff82","LAB_1002ff82","Global","Label","DEFAULT",false,true
"1002ff91","LAB_1002ff91","Global","Label","DEFAULT",false,true
"1002ff9f","LAB_1002ff9f","Global","Label","DEFAULT",false,true
"1002ffaa","LAB_1002ffaa","Global","Label","DEFAULT",false,true
"1002ffac","FUN_1002ffac","Global","Function","DEFAULT",false,true
"1002ffbc","FUN_1002ffbc","Global","Function","DEFAULT",false,true
"10030018","FUN_10030018","Global","Function","DEFAULT",false,true
"10030024","?get_global_action_nolock@@YAPAP6AXH@ZH@Z","Global","Label","ANALYSIS",false,false
"10030024","get_global_action_nolock","Global","Function","ANALYSIS",false,true
"1003004a","LAB_1003004a","Global","Label","DEFAULT",false,true
"10030051","LAB_10030051","Global","Label","DEFAULT",false,true
"10030058","LAB_10030058","Global","Label","DEFAULT",false,true
"1003005f","LAB_1003005f","Global","Label","DEFAULT",false,true
"10030066","?siglookup@@YAPAU__crt_signal_action_t@@HQAU1@@Z","Global","Label","ANALYSIS",false,false
"10030066","siglookup","Global","Function","ANALYSIS",false,true
"1003007e","LAB_1003007e","Global","Label","DEFAULT",false,true
"1003008a","LAB_1003008a","Global","Label","DEFAULT",false,true
"1003008c","LAB_1003008c","Global","Label","DEFAULT",false,true
"1003008e","___acrt_get_sigabrt_handler","Global","Function","ANALYSIS",false,true
"100300b5","FUN_100300b5","Global","Function","DEFAULT",false,true
"100300d3","FUN_100300d3","Global","Function","DEFAULT",false,true
"1003010b","LAB_1003010b","Global","Label","DEFAULT",false,true
"10030119","LAB_10030119","Global","Label","DEFAULT",false,true
"10030121","LAB_10030121","Global","Label","DEFAULT",false,true
"1003012f","LAB_1003012f","Global","Label","DEFAULT",false,true
"10030141","LAB_10030141","Global","Label","DEFAULT",false,true
"1003014b","LAB_1003014b","Global","Label","DEFAULT",false,true
"1003015c","LAB_1003015c","Global","Label","DEFAULT",false,true
"10030165","LAB_10030165","Global","Label","DEFAULT",false,true
"10030178","LAB_10030178","Global","Label","DEFAULT",false,true
"1003019c","LAB_1003019c","Global","Label","DEFAULT",false,true
"100301c3","LAB_100301c3","Global","Label","DEFAULT",false,true
"100301ec","LAB_100301ec","Global","Label","DEFAULT",false,true
"10030203","LAB_10030203","Global","Label","DEFAULT",false,true
"10030213","LAB_10030213","Global","Label","DEFAULT",false,true
"1003021d","LAB_1003021d","Global","Label","DEFAULT",false,true
"1003025d","FUN_1003025d","Global","Function","DEFAULT",false,true
"1003026c","LAB_1003026c","Global","Label","DEFAULT",false,true
"1003026d","LAB_1003026d","Global","Label","DEFAULT",false,true
"10030279","LAB_10030279","Global","Label","DEFAULT",false,true
"10030289","LAB_10030289","Global","Label","DEFAULT",false,true
"1003029f","LAB_1003029f","Global","Label","DEFAULT",false,true
"100302a1","LAB_100302a1","Global","Label","DEFAULT",false,true
"100302b1","LAB_100302b1","Global","Label","DEFAULT",false,true
"100302bd","LAB_100302bd","Global","Label","DEFAULT",false,true
"100302c5","FUN_100302c5","Global","Function","DEFAULT",false,true
"100302ea","LAB_100302ea","Global","Label","DEFAULT",false,true
"100302fd","LAB_100302fd","Global","Label","DEFAULT",false,true
"100302ff","FUN_100302ff","Global","Function","DEFAULT",false,true
"1003031b","LAB_1003031b","Global","Label","DEFAULT",false,true
"10030326","FUN_10030326","Global","Function","DEFAULT",false,true
"100303bf","LAB_100303bf","Global","Label","DEFAULT",false,true
"100303c5","LAB_100303c5","Global","Label","DEFAULT",false,true
"100303dc","LAB_100303dc","Global","Label","DEFAULT",false,true
"100303e2","LAB_100303e2","Global","Label","DEFAULT",false,true
"10030463","LAB_10030463","Global","Label","DEFAULT",false,true
"10030474","LAB_10030474","Global","Label","DEFAULT",false,true
"10030479","??$common_asctime_s_write_value@D@@YAPADPADH_N@Z","Global","Label","ANALYSIS",false,false
"10030479","common_asctime_s_write_value<char>","Global","Function","ANALYSIS",false,true
"10030494","LAB_10030494","Global","Label","DEFAULT",false,true
"1003049b","LAB_1003049b","Global","Label","DEFAULT",false,true
"100304b2","FUN_100304b2","Global","Function","DEFAULT",false,true
"100304ef","LAB_100304ef","Global","Label","DEFAULT",false,true
"100304f3","LAB_100304f3","Global","Label","DEFAULT",false,true
"100304f5","LAB_100304f5","Global","Label","DEFAULT",false,true
"100304f8","FUN_100304f8","Global","Function","DEFAULT",false,true
"10030528","LAB_10030528","Global","Label","DEFAULT",false,true
"1003052e","LAB_1003052e","Global","Label","DEFAULT",false,true
"10030533","LAB_10030533","Global","Label","DEFAULT",false,true
"1003054c","FUN_1003054c","Global","Function","DEFAULT",false,true
"1003056f","LAB_1003056f","Global","Label","DEFAULT",false,true
"10030594","LAB_10030594","Global","Label","DEFAULT",false,true
"100305a2","LAB_100305a2","Global","Label","DEFAULT",false,true
"100305b4","LAB_100305b4","Global","Label","DEFAULT",false,true
"100305c0","LAB_100305c0","Global","Label","DEFAULT",false,true
"100305c1","LAB_100305c1","Global","Label","DEFAULT",false,true
"100305c2","LAB_100305c2","Global","Label","DEFAULT",false,true
"100305c5","LAB_100305c5","Global","Label","DEFAULT",false,true
"1003062a","LAB_1003062a","Global","Label","DEFAULT",false,true
"1003068e","LAB_1003068e","Global","Label","DEFAULT",false,true
"100306c6","LAB_100306c6","Global","Label","DEFAULT",false,true
"100306c9","LAB_100306c9","Global","Label","DEFAULT",false,true
"100306ea","LAB_100306ea","Global","Label","DEFAULT",false,true
"1003071f","LAB_1003071f","Global","Label","DEFAULT",false,true
"10030754","LAB_10030754","Global","Label","DEFAULT",false,true
"1003076b","LAB_1003076b","Global","Label","DEFAULT",false,true
"10030781","LAB_10030781","Global","Label","DEFAULT",false,true
"1003078b","LAB_1003078b","Global","Label","DEFAULT",false,true
"100307c8","LAB_100307c8","Global","Label","DEFAULT",false,true
"100307cb","LAB_100307cb","Global","Label","DEFAULT",false,true
"100307d2","LAB_100307d2","Global","Label","DEFAULT",false,true
"100307dd","FUN_100307dd","Global","Function","DEFAULT",false,true
"100307e8","??$__acrt_stdio_parse_mode@D@@YA?AU__acrt_stdio_stream_mode@@QBD@Z","Global","Label","ANALYSIS",false,false
"100307e8","__acrt_stdio_parse_mode<char>","Global","Function","ANALYSIS",false,true
"10030807","LAB_10030807","Global","Label","DEFAULT",false,true
"10030808","LAB_10030808","Global","Label","DEFAULT",false,true
"1003082f","LAB_1003082f","Global","Label","DEFAULT",false,true
"10030837","LAB_10030837","Global","Label","DEFAULT",false,true
"10030840","LAB_10030840","Global","Label","DEFAULT",false,true
"10030846","LAB_10030846","Global","Label","DEFAULT",false,true
"1003084d","LAB_1003084d","Global","Label","DEFAULT",false,true
"1003085d","LAB_1003085d","Global","Label","DEFAULT",false,true
"100308a0","LAB_100308a0","Global","Label","DEFAULT",false,true
"100308ad","LAB_100308ad","Global","Label","DEFAULT",false,true
"100308b5","LAB_100308b5","Global","Label","DEFAULT",false,true
"100308b7","LAB_100308b7","Global","Label","DEFAULT",false,true
"100308bb","LAB_100308bb","Global","Label","DEFAULT",false,true
"100308c5","LAB_100308c5","Global","Label","DEFAULT",false,true
"100308c8","LAB_100308c8","Global","Label","DEFAULT",false,true
"100308cf","LAB_100308cf","Global","Label","DEFAULT",false,true
"100308d5","LAB_100308d5","Global","Label","DEFAULT",false,true
"100308ff","LAB_100308ff","Global","Label","DEFAULT",false,true
"10030907","LAB_10030907","Global","Label","DEFAULT",false,true
"10030913","LAB_10030913","Global","Label","DEFAULT",false,true
"1003091f","LAB_1003091f","Global","Label","DEFAULT",false,true
"10030927","LAB_10030927","Global","Label","DEFAULT",false,true
"1003092d","LAB_1003092d","Global","Label","DEFAULT",false,true
"10030930","LAB_10030930","Global","Label","DEFAULT",false,true
"10030941","LAB_10030941","Global","Label","DEFAULT",false,true
"10030945","LAB_10030945","Global","Label","DEFAULT",false,true
"10030946","LAB_10030946","Global","Label","DEFAULT",false,true
"10030951","LAB_10030951","Global","Label","DEFAULT",false,true
"10030960","LAB_10030960","Global","Label","DEFAULT",false,true
"10030980","LAB_10030980","Global","Label","DEFAULT",false,true
"10030981","LAB_10030981","Global","Label","DEFAULT",false,true
"1003098b","LAB_1003098b","Global","Label","DEFAULT",false,true
"100309ae","LAB_100309ae","Global","Label","DEFAULT",false,true
"100309cc","LAB_100309cc","Global","Label","DEFAULT",false,true
"100309e8","LAB_100309e8","Global","Label","DEFAULT",false,true
"100309ed","LAB_100309ed","Global","Label","DEFAULT",false,true
"100309ee","LAB_100309ee","Global","Label","DEFAULT",false,true
"100309fb","LAB_100309fb","Global","Label","DEFAULT",false,true
"10030a0b","LAB_10030a0b","Global","Label","DEFAULT",false,true
"10030a0c","LAB_10030a0c","Global","Label","DEFAULT",false,true
"10030a12","??$__acrt_stdio_parse_mode@_W@@YA?AU__acrt_stdio_stream_mode@@QB_W@Z","Global","Label","ANALYSIS",false,false
"10030a12","__acrt_stdio_parse_mode<wchar_t>","Global","Function","ANALYSIS",false,true
"10030a40","LAB_10030a40","Global","Label","DEFAULT",false,true
"10030a4c","LAB_10030a4c","Global","Label","DEFAULT",false,true
"10030a6b","LAB_10030a6b","Global","Label","DEFAULT",false,true
"10030a74","LAB_10030a74","Global","Label","DEFAULT",false,true
"10030a7a","LAB_10030a7a","Global","Label","DEFAULT",false,true
"10030a7d","LAB_10030a7d","Global","Label","DEFAULT",false,true
"10030a90","LAB_10030a90","Global","Label","DEFAULT",false,true
"10030ad1","LAB_10030ad1","Global","Label","DEFAULT",false,true
"10030ade","LAB_10030ade","Global","Label","DEFAULT",false,true
"10030ae6","LAB_10030ae6","Global","Label","DEFAULT",false,true
"10030ae8","LAB_10030ae8","Global","Label","DEFAULT",false,true
"10030aec","LAB_10030aec","Global","Label","DEFAULT",false,true
"10030af6","LAB_10030af6","Global","Label","DEFAULT",false,true
"10030af9","LAB_10030af9","Global","Label","DEFAULT",false,true
"10030b00","LAB_10030b00","Global","Label","DEFAULT",false,true
"10030b06","LAB_10030b06","Global","Label","DEFAULT",false,true
"10030b30","LAB_10030b30","Global","Label","DEFAULT",false,true
"10030b38","LAB_10030b38","Global","Label","DEFAULT",false,true
"10030b44","LAB_10030b44","Global","Label","DEFAULT",false,true
"10030b50","LAB_10030b50","Global","Label","DEFAULT",false,true
"10030b58","LAB_10030b58","Global","Label","DEFAULT",false,true
"10030b5e","LAB_10030b5e","Global","Label","DEFAULT",false,true
"10030b64","LAB_10030b64","Global","Label","DEFAULT",false,true
"10030b78","LAB_10030b78","Global","Label","DEFAULT",false,true
"10030b7f","LAB_10030b7f","Global","Label","DEFAULT",false,true
"10030b84","LAB_10030b84","Global","Label","DEFAULT",false,true
"10030b87","LAB_10030b87","Global","Label","DEFAULT",false,true
"10030b95","LAB_10030b95","Global","Label","DEFAULT",false,true
"10030ba4","LAB_10030ba4","Global","Label","DEFAULT",false,true
"10030bcc","LAB_10030bcc","Global","Label","DEFAULT",false,true
"10030bd9","LAB_10030bd9","Global","Label","DEFAULT",false,true
"10030be3","LAB_10030be3","Global","Label","DEFAULT",false,true
"10030c09","LAB_10030c09","Global","Label","DEFAULT",false,true
"10030c27","LAB_10030c27","Global","Label","DEFAULT",false,true
"10030c43","LAB_10030c43","Global","Label","DEFAULT",false,true
"10030c51","LAB_10030c51","Global","Label","DEFAULT",false,true
"10030c5e","LAB_10030c5e","Global","Label","DEFAULT",false,true
"10030c66","LAB_10030c66","Global","Label","DEFAULT",false,true
"10030c76","LAB_10030c76","Global","Label","DEFAULT",false,true
"10030c7d","??$common_openfile@D@@YAPAU_iobuf@@QBD0HV__crt_stdio_stream@@@Z","Global","Label","ANALYSIS",false,false
"10030c7d","common_openfile<char>","Global","Function","ANALYSIS",false,true
"10030cfc","LAB_10030cfc","Global","Label","DEFAULT",false,true
"10030d00","??$common_openfile@_W@@YAPAU_iobuf@@QB_W0HV__crt_stdio_stream@@@Z","Global","Label","ANALYSIS",false,false
"10030d00","common_openfile<wchar_t>","Global","Function","ANALYSIS",false,true
"10030d7f","LAB_10030d7f","Global","Label","DEFAULT",false,true
"10030d83","?__acrt_stdio_parse_mode_D@@YA_NAAU__acrt_stdio_stream_mode@@@Z","Global","Label","ANALYSIS",false,false
"10030d83","__acrt_stdio_parse_mode_D","Global","Function","ANALYSIS",false,true
"10030d95","LAB_10030d95","Global","Label","DEFAULT",false,true
"10030d9e","?__acrt_stdio_parse_mode_T@@YA_NAAU__acrt_stdio_stream_mode@@@Z","Global","Label","ANALYSIS",false,false
"10030d9e","__acrt_stdio_parse_mode_T","Global","Function","ANALYSIS",false,true
"10030db5","LAB_10030db5","Global","Label","DEFAULT",false,true
"10030dbd","?__acrt_stdio_parse_mode_b@@YA_NAAU__acrt_stdio_stream_mode@@@Z","Global","Label","ANALYSIS",false,false
"10030dbd","?__acrt_stdio_parse_mode_t@@YA_NAAU__acrt_stdio_stream_mode@@@Z","Global","Label","ANALYSIS",false,false
"10030dbd","FID_conflict:__acrt_stdio_parse_mode_b","Global","Function","ANALYSIS",false,true
"10030dd2","LAB_10030dd2","Global","Label","DEFAULT",false,true
"10030ddd","?__acrt_stdio_parse_mode_c@@YA_NAAU__acrt_stdio_stream_mode@@AA_N@Z","Global","Label","ANALYSIS",false,false
"10030ddd","__acrt_stdio_parse_mode_c","Global","Function","ANALYSIS",false,true
"10030dee","LAB_10030dee","Global","Label","DEFAULT",false,true
"10030dff","?__acrt_stdio_parse_mode_n@@YA_NAAU__acrt_stdio_stream_mode@@AA_N@Z","Global","Label","ANALYSIS",false,false
"10030dff","__acrt_stdio_parse_mode_n","Global","Function","ANALYSIS",false,true
"10030e10","LAB_10030e10","Global","Label","DEFAULT",false,true
"10030e21","?__acrt_stdio_parse_mode_plus@@YA_NAAU__acrt_stdio_stream_mode@@AA_N@Z","Global","Label","ANALYSIS",false,false
"10030e21","__acrt_stdio_parse_mode_plus","Global","Function","ANALYSIS",false,true
"10030e53","LAB_10030e53","Global","Label","DEFAULT",false,true
"10030e57","?__acrt_stdio_parse_mode_b@@YA_NAAU__acrt_stdio_stream_mode@@@Z","Global","Label","ANALYSIS",false,false
"10030e57","?__acrt_stdio_parse_mode_t@@YA_NAAU__acrt_stdio_stream_mode@@@Z","Global","Label","ANALYSIS",false,false
"10030e57","FID_conflict:__acrt_stdio_parse_mode_b","Global","Function","ANALYSIS",false,true
"10030e6c","LAB_10030e6c","Global","Label","DEFAULT",false,true
"10030e77","?__acrt_stdio_parse_mode_x@@YA_NAAU__acrt_stdio_stream_mode@@@Z","Global","Label","ANALYSIS",false,false
"10030e77","__acrt_stdio_parse_mode_x","Global","Function","ANALYSIS",false,true
"10030e8c","LAB_10030e8c","Global","Label","DEFAULT",false,true
"10030e97","FUN_10030e97","Global","Function","DEFAULT",false,true
"10030ea2","FUN_10030ea2","Global","Function","DEFAULT",false,true
"10030ead","__realloc_base","Global","Function","ANALYSIS",false,true
"10030ec5","LAB_10030ec5","Global","Label","DEFAULT",false,true
"10030ed6","LAB_10030ed6","Global","Label","DEFAULT",false,true
"10030edb","LAB_10030edb","Global","Label","DEFAULT",false,true
"10030ee6","LAB_10030ee6","Global","Label","DEFAULT",false,true
"10030ee8","LAB_10030ee8","Global","Label","DEFAULT",false,true
"10030ee9","LAB_10030ee9","Global","Label","DEFAULT",false,true
"10030eec","LAB_10030eec","Global","Label","DEFAULT",false,true
"10030f00","LAB_10030f00","Global","Label","DEFAULT",false,true
"10030f35","FUN_10030f35","Global","Function","DEFAULT",false,true
"10030f4c","FUN_10030f4c","Global","Function","DEFAULT",false,true
"10030f59","LAB_10030f59","Global","Label","DEFAULT",false,true
"10030fa8","FUN_10030fa8","Global","Function","DEFAULT",false,true
"10030fb9","LAB_10030fb9","Global","Label","DEFAULT",false,true
"10030fbe","LAB_10030fbe","Global","Label","DEFAULT",false,true
"10030fc9","LAB_10030fc9","Global","Label","DEFAULT",false,true
"10030fcb","__math_exit","Global","Function","ANALYSIS",false,true
"10030ff0","LAB_10030ff0","Global","Label","DEFAULT",false,true
"10030ff3","LAB_10030ff3","Global","Label","DEFAULT",false,true
"100310b0","FUN_100310b0","Global","Function","DEFAULT",false,true
"100310c4","FUN_100310c4","Global","Function","DEFAULT",false,true
"100310dc","LAB_100310dc","Global","Label","DEFAULT",false,true
"100310e5","LAB_100310e5","Global","Label","DEFAULT",false,true
"10031102","LAB_10031102","Global","Label","DEFAULT",false,true
"10031119","LAB_10031119","Global","Label","DEFAULT",false,true
"10031120","LAB_10031120","Global","Label","DEFAULT",false,true
"10031135","LAB_10031135","Global","Label","DEFAULT",false,true
"10031142","LAB_10031142","Global","Label","DEFAULT",false,true
"10031161","FUN_10031161","Global","Function","DEFAULT",false,true
"1003117a","LAB_1003117a","Global","Label","DEFAULT",false,true
"1003117e","LAB_1003117e","Global","Label","DEFAULT",false,true
"100311a0","LAB_100311a0","Global","Label","DEFAULT",false,true
"100311a5","LAB_100311a5","Global","Label","DEFAULT",false,true
"100311ae","LAB_100311ae","Global","Label","DEFAULT",false,true
"100311b6","LAB_100311b6","Global","Label","DEFAULT",false,true
"100311c5","LAB_100311c5","Global","Label","DEFAULT",false,true
"100311e3","LAB_100311e3","Global","Label","DEFAULT",false,true
"100311ee","LAB_100311ee","Global","Label","DEFAULT",false,true
"10031207","LAB_10031207","Global","Label","DEFAULT",false,true
"10031221","LAB_10031221","Global","Label","DEFAULT",false,true
"10031226","LAB_10031226","Global","Label","DEFAULT",false,true
"1003122d","LAB_1003122d","Global","Label","DEFAULT",false,true
"10031236","LAB_10031236","Global","Label","DEFAULT",false,true
"10031238","LAB_10031238","Global","Label","DEFAULT",false,true
"10031239","LAB_10031239","Global","Label","DEFAULT",false,true
"1003123d","FUN_1003123d","Global","Function","DEFAULT",false,true
"10031280","LAB_10031280","Global","Label","DEFAULT",false,true
"100312a3","LAB_100312a3","Global","Label","DEFAULT",false,true
"100312ab","LAB_100312ab","Global","Label","DEFAULT",false,true
"100312c1","LAB_100312c1","Global","Label","DEFAULT",false,true
"100312eb","LAB_100312eb","Global","Label","DEFAULT",false,true
"10031301","LAB_10031301","Global","Label","DEFAULT",false,true
"10031316","LAB_10031316","Global","Label","DEFAULT",false,true
"1003131d","LAB_1003131d","Global","Label","DEFAULT",false,true
"10031345","LAB_10031345","Global","Label","DEFAULT",false,true
"1003135a","LAB_1003135a","Global","Label","DEFAULT",false,true
"10031366","LAB_10031366","Global","Label","DEFAULT",false,true
"10031387","LAB_10031387","Global","Label","DEFAULT",false,true
"1003138d","LAB_1003138d","Global","Label","DEFAULT",false,true
"10031392","LAB_10031392","Global","Label","DEFAULT",false,true
"100313b1","LAB_100313b1","Global","Label","DEFAULT",false,true
"100313b8","LAB_100313b8","Global","Label","DEFAULT",false,true
"100313c5","LAB_100313c5","Global","Label","DEFAULT",false,true
"100313ee","LAB_100313ee","Global","Label","DEFAULT",false,true
"100313ef","LAB_100313ef","Global","Label","DEFAULT",false,true
"10031404","FUN_10031404","Global","Function","DEFAULT",false,true
"10031441","FUN_10031441","Global","Function","DEFAULT",false,true
"1003145e","LAB_1003145e","Global","Label","DEFAULT",false,true
"10031467","LAB_10031467","Global","Label","DEFAULT",false,true
"1003146f","LAB_1003146f","Global","Label","DEFAULT",false,true
"1003147e","LAB_1003147e","Global","Label","DEFAULT",false,true
"10031482","LAB_10031482","Global","Label","DEFAULT",false,true
"100314a1","LAB_100314a1","Global","Label","DEFAULT",false,true
"100314bc","LAB_100314bc","Global","Label","DEFAULT",false,true
"100314c4","LAB_100314c4","Global","Label","DEFAULT",false,true
"100314c8","LAB_100314c8","Global","Label","DEFAULT",false,true
"100314de","LAB_100314de","Global","Label","DEFAULT",false,true
"100314f8","LAB_100314f8","Global","Label","DEFAULT",false,true
"10031501","LAB_10031501","Global","Label","DEFAULT",false,true
"10031505","LAB_10031505","Global","Label","DEFAULT",false,true
"1003150e","LAB_1003150e","Global","Label","DEFAULT",false,true
"10031511","LAB_10031511","Global","Label","DEFAULT",false,true
"10031512","LAB_10031512","Global","Label","DEFAULT",false,true
"10031516","FUN_10031516","Global","Function","DEFAULT",false,true
"10031551","LAB_10031551","Global","Label","DEFAULT",false,true
"10031573","LAB_10031573","Global","Label","DEFAULT",false,true
"10031586","LAB_10031586","Global","Label","DEFAULT",false,true
"100315b8","LAB_100315b8","Global","Label","DEFAULT",false,true
"100315dd","LAB_100315dd","Global","Label","DEFAULT",false,true
"10031603","LAB_10031603","Global","Label","DEFAULT",false,true
"1003160a","LAB_1003160a","Global","Label","DEFAULT",false,true
"10031619","LAB_10031619","Global","Label","DEFAULT",false,true
"10031629","LAB_10031629","Global","Label","DEFAULT",false,true
"10031630","LAB_10031630","Global","Label","DEFAULT",false,true
"10031666","LAB_10031666","Global","Label","DEFAULT",false,true
"1003168c","LAB_1003168c","Global","Label","DEFAULT",false,true
"10031692","LAB_10031692","Global","Label","DEFAULT",false,true
"100316ac","LAB_100316ac","Global","Label","DEFAULT",false,true
"100316ba","LAB_100316ba","Global","Label","DEFAULT",false,true
"10031713","LAB_10031713","Global","Label","DEFAULT",false,true
"1003172e","LAB_1003172e","Global","Label","DEFAULT",false,true
"1003173f","LAB_1003173f","Global","Label","DEFAULT",false,true
"10031743","LAB_10031743","Global","Label","DEFAULT",false,true
"10031748","LAB_10031748","Global","Label","DEFAULT",false,true
"10031760","LAB_10031760","Global","Label","DEFAULT",false,true
"1003177d","LAB_1003177d","Global","Label","DEFAULT",false,true
"100317a0","LAB_100317a0","Global","Label","DEFAULT",false,true
"100317ab","LAB_100317ab","Global","Label","DEFAULT",false,true
"100317ae","LAB_100317ae","Global","Label","DEFAULT",false,true
"100317bd","FUN_100317bd","Global","Function","DEFAULT",false,true
"100317fb","FUN_100317fb","Global","Function","DEFAULT",false,true
"10031861","LAB_10031861","Global","Label","DEFAULT",false,true
"10031874","LAB_10031874","Global","Label","DEFAULT",false,true
"100318ad","LAB_100318ad","Global","Label","DEFAULT",false,true
"100318af","LAB_100318af","Global","Label","DEFAULT",false,true
"100318b6","LAB_100318b6","Global","Label","DEFAULT",false,true
"100318c6","LAB_100318c6","Global","Label","DEFAULT",false,true
"100318da","FUN_100318da","Global","Function","DEFAULT",false,true
"10031979","LAB_10031979","Global","Label","DEFAULT",false,true
"10031980","LAB_10031980","Global","Label","DEFAULT",false,true
"100319df","LAB_100319df","Global","Label","DEFAULT",false,true
"100319eb","LAB_100319eb","Global","Label","DEFAULT",false,true
"100319ee","LAB_100319ee","Global","Label","DEFAULT",false,true
"100319f9","LAB_100319f9","Global","Label","DEFAULT",false,true
"10031a3a","LAB_10031a3a","Global","Label","DEFAULT",false,true
"10031a6d","LAB_10031a6d","Global","Label","DEFAULT",false,true
"10031a70","LAB_10031a70","Global","Label","DEFAULT",false,true
"10031a7f","LAB_10031a7f","Global","Label","DEFAULT",false,true
"10031a8a","FUN_10031a8a","Global","Function","DEFAULT",false,true
"10031ab7","LAB_10031ab7","Global","Label","DEFAULT",false,true
"10031b0f","LAB_10031b0f","Global","Label","DEFAULT",false,true
"10031b22","LAB_10031b22","Global","Label","DEFAULT",false,true
"10031b5e","LAB_10031b5e","Global","Label","DEFAULT",false,true
"10031b60","LAB_10031b60","Global","Label","DEFAULT",false,true
"10031b67","LAB_10031b67","Global","Label","DEFAULT",false,true
"10031b77","LAB_10031b77","Global","Label","DEFAULT",false,true
"10031b8b","FUN_10031b8b","Global","Function","DEFAULT",false,true
"10031bba","LAB_10031bba","Global","Label","DEFAULT",false,true
"10031bcc","LAB_10031bcc","Global","Label","DEFAULT",false,true
"10031c27","LAB_10031c27","Global","Label","DEFAULT",false,true
"10031c3e","LAB_10031c3e","Global","Label","DEFAULT",false,true
"10031cc7","LAB_10031cc7","Global","Label","DEFAULT",false,true
"10031cec","LAB_10031cec","Global","Label","DEFAULT",false,true
"10031cff","LAB_10031cff","Global","Label","DEFAULT",false,true
"10031d2b","LAB_10031d2b","Global","Label","DEFAULT",false,true
"10031d48","LAB_10031d48","Global","Label","DEFAULT",false,true
"10031d50","LAB_10031d50","Global","Label","DEFAULT",false,true
"10031d52","LAB_10031d52","Global","Label","DEFAULT",false,true
"10031d5b","LAB_10031d5b","Global","Label","DEFAULT",false,true
"10031d5d","LAB_10031d5d","Global","Label","DEFAULT",false,true
"10031d5f","LAB_10031d5f","Global","Label","DEFAULT",false,true
"10031d68","LAB_10031d68","Global","Label","DEFAULT",false,true
"10031d7a","___acrt_LCMapStringA","Global","Function","ANALYSIS",false,true
"10031dc1","LAB_10031dc1","Global","Label","DEFAULT",false,true
"10031dc3","FUN_10031dc3","Global","Function","DEFAULT",false,true
"10031de4","LAB_10031de4","Global","Label","DEFAULT",false,true
"10031deb","LAB_10031deb","Global","Label","DEFAULT",false,true
"10031df3","LAB_10031df3","Global","Label","DEFAULT",false,true
"10031df9","LAB_10031df9","Global","Label","DEFAULT",false,true
"10031dfd","LAB_10031dfd","Global","Label","DEFAULT",false,true
"10031e23","LAB_10031e23","Global","Label","DEFAULT",false,true
"10031e27","FUN_10031e27","Global","Function","DEFAULT",false,true
"10031e5e","LAB_10031e5e","Global","Label","DEFAULT",false,true
"10031e60","LAB_10031e60","Global","Label","DEFAULT",false,true
"10031e64","LAB_10031e64","Global","Label","DEFAULT",false,true
"10031e77","LAB_10031e77","Global","Label","DEFAULT",false,true
"10031e7e","LAB_10031e7e","Global","Label","DEFAULT",false,true
"10031e9a","LAB_10031e9a","Global","Label","DEFAULT",false,true
"10031eb2","LAB_10031eb2","Global","Label","DEFAULT",false,true
"10031eb7","LAB_10031eb7","Global","Label","DEFAULT",false,true
"10031ebf","FUN_10031ebf","Global","Function","DEFAULT",false,true
"10031ee9","FUN_10031ee9","Global","Function","DEFAULT",false,true
"10031f22","LAB_10031f22","Global","Label","DEFAULT",false,true
"10031f37","LAB_10031f37","Global","Label","DEFAULT",false,true
"10031f53","LAB_10031f53","Global","Label","DEFAULT",false,true
"10031f64","LAB_10031f64","Global","Label","DEFAULT",false,true
"10031f69","LAB_10031f69","Global","Label","DEFAULT",false,true
"10031f75","LAB_10031f75","Global","Label","DEFAULT",false,true
"10031f79","FUN_10031f79","Global","Function","DEFAULT",false,true
"10031f98","LAB_10031f98","Global","Label","DEFAULT",false,true
"10031f9a","LAB_10031f9a","Global","Label","DEFAULT",false,true
"10031fca","LAB_10031fca","Global","Label","DEFAULT",false,true
"10031fe5","FUN_10031fe5","Global","Function","DEFAULT",false,true
"10031ff2","LAB_10031ff2","Global","Label","DEFAULT",false,true
"10032003","LAB_10032003","Global","Label","DEFAULT",false,true
"10032014","LAB_10032014","Global","Label","DEFAULT",false,true
"1003201e","LAB_1003201e","Global","Label","DEFAULT",false,true
"10032022","__towlower_internal","Global","Function","ANALYSIS",false,true
"1003204f","LAB_1003204f","Global","Label","DEFAULT",false,true
"10032054","LAB_10032054","Global","Label","DEFAULT",false,true
"10032061","__wcsicmp","Global","Function","ANALYSIS",false,true
"10032075","LAB_10032075","Global","Label","DEFAULT",false,true
"1003208c","LAB_1003208c","Global","Label","DEFAULT",false,true
"10032098","LAB_10032098","Global","Label","DEFAULT",false,true
"100320aa","FUN_100320aa","Global","Function","DEFAULT",false,true
"100320d4","LAB_100320d4","Global","Label","DEFAULT",false,true
"100320f3","LAB_100320f3","Global","Label","DEFAULT",false,true
"10032117","LAB_10032117","Global","Label","DEFAULT",false,true
"10032118","LAB_10032118","Global","Label","DEFAULT",false,true
"1003214b","LAB_1003214b","Global","Label","DEFAULT",false,true
"1003214c","LAB_1003214c","Global","Label","DEFAULT",false,true
"1003215c","LAB_1003215c","Global","Label","DEFAULT",false,true
"1003215e","LAB_1003215e","Global","Label","DEFAULT",false,true
"1003215f","LAB_1003215f","Global","Label","DEFAULT",false,true
"10032162","LAB_10032162","Global","Label","DEFAULT",false,true
"10032197","FUN_10032197","Global","Function","DEFAULT",false,true
"1003219d","FUN_1003219d","Global","Function","DEFAULT",false,true
"100321a3","FUN_100321a3","Global","Function","DEFAULT",false,true
"100321a9","FUN_100321a9","Global","Function","DEFAULT",false,true
"100321af","FUN_100321af","Global","Function","DEFAULT",false,true
"100321b5","FUN_100321b5","Global","Function","DEFAULT",false,true
"100321d6","LAB_100321d6","Global","Label","DEFAULT",false,true
"100321e1","FUN_100321e1","Global","Function","DEFAULT",false,true
"10032202","LAB_10032202","Global","Label","DEFAULT",false,true
"1003220d","FUN_1003220d","Global","Function","DEFAULT",false,true
"1003222e","LAB_1003222e","Global","Label","DEFAULT",false,true
"10032239","__crt_time_elapsed_leap_years<>","Global","Function","ANALYSIS",false,true
"10032273","?__acrt_get_utf8_acp_compatibility_codepage@@YAIXZ","Global","Label","ANALYSIS",false,false
"10032273","__acrt_get_utf8_acp_compatibility_codepage","Global","Function","ANALYSIS",false,true
"1003229e","LAB_1003229e","Global","Label","DEFAULT",false,true
"100322ae","LAB_100322ae","Global","Label","DEFAULT",false,true
"100322b2","FUN_100322b2","Global","Function","DEFAULT",false,true
"100322f7","LAB_100322f7","Global","Label","DEFAULT",false,true
"1003232c","LAB_1003232c","Global","Label","DEFAULT",false,true
"1003233d","LAB_1003233d","Global","Label","DEFAULT",false,true
"100323d0","LAB_100323d0","Global","Label","DEFAULT",false,true
"100323dd","LAB_100323dd","Global","Label","DEFAULT",false,true
"100323fd","LAB_100323fd","Global","Label","DEFAULT",false,true
"10032455","LAB_10032455","Global","Label","DEFAULT",false,true
"10032478","LAB_10032478","Global","Label","DEFAULT",false,true
"1003247b","LAB_1003247b","Global","Label","DEFAULT",false,true
"1003247f","LAB_1003247f","Global","Label","DEFAULT",false,true
"1003248f","LAB_1003248f","Global","Label","DEFAULT",false,true
"100324b2","LAB_100324b2","Global","Label","DEFAULT",false,true
"100324bd","LAB_100324bd","Global","Label","DEFAULT",false,true
"100324c1","LAB_100324c1","Global","Label","DEFAULT",false,true
"100324cc","FUN_100324cc","Global","Function","DEFAULT",false,true
"10032507","LAB_10032507","Global","Label","DEFAULT",false,true
"1003250a","LAB_1003250a","Global","Label","DEFAULT",false,true
"1003253e","LAB_1003253e","Global","Label","DEFAULT",false,true
"10032546","LAB_10032546","Global","Label","DEFAULT",false,true
"1003255b","LAB_1003255b","Global","Label","DEFAULT",false,true
"10032568","LAB_10032568","Global","Label","DEFAULT",false,true
"1003256f","LAB_1003256f","Global","Label","DEFAULT",false,true
"10032572","LAB_10032572","Global","Label","DEFAULT",false,true
"100325a1","LAB_100325a1","Global","Label","DEFAULT",false,true
"100325a5","LAB_100325a5","Global","Label","DEFAULT",false,true
"100325e0","LAB_100325e0","Global","Label","DEFAULT",false,true
"100325f2","LAB_100325f2","Global","Label","DEFAULT",false,true
"100325f7","LAB_100325f7","Global","Label","DEFAULT",false,true
"100325ff","LAB_100325ff","Global","Label","DEFAULT",false,true
"1003260f","FUN_1003260f","Global","Function","DEFAULT",false,true
"1003263a","LAB_1003263a","Global","Label","DEFAULT",false,true
"10032643","LAB_10032643","Global","Label","DEFAULT",false,true
"10032657","LAB_10032657","Global","Label","DEFAULT",false,true
"10032660","LAB_10032660","Global","Label","DEFAULT",false,true
"10032678","LAB_10032678","Global","Label","DEFAULT",false,true
"10032681","LAB_10032681","Global","Label","DEFAULT",false,true
"10032683","LAB_10032683","Global","Label","DEFAULT",false,true
"10032686","FUN_10032686","Global","Function","DEFAULT",false,true
"100326c0","LAB_100326c0","Global","Label","DEFAULT",false,true
"100326cd","FUN_100326cd","Global","Function","DEFAULT",false,true
"10032727","LAB_10032727","Global","Label","DEFAULT",false,true
"10032749","LAB_10032749","Global","Label","DEFAULT",false,true
"1003274d","LAB_1003274d","Global","Label","DEFAULT",false,true
"10032752","LAB_10032752","Global","Label","DEFAULT",false,true
"10032756","LAB_10032756","Global","Label","DEFAULT",false,true
"1003275b","LAB_1003275b","Global","Label","DEFAULT",false,true
"1003277e","LAB_1003277e","Global","Label","DEFAULT",false,true
"10032787","LAB_10032787","Global","Label","DEFAULT",false,true
"1003278c","LAB_1003278c","Global","Label","DEFAULT",false,true
"100327a3","LAB_100327a3","Global","Label","DEFAULT",false,true
"10032816","LAB_10032816","Global","Label","DEFAULT",false,true
"1003281e","LAB_1003281e","Global","Label","DEFAULT",false,true
"10032836","LAB_10032836","Global","Label","DEFAULT",false,true
"1003284e","LAB_1003284e","Global","Label","DEFAULT",false,true
"1003285f","LAB_1003285f","Global","Label","DEFAULT",false,true
"10032864","LAB_10032864","Global","Label","DEFAULT",false,true
"100328a2","LAB_100328a2","Global","Label","DEFAULT",false,true
"100328ba","LAB_100328ba","Global","Label","DEFAULT",false,true
"100328bd","LAB_100328bd","Global","Label","DEFAULT",false,true
"100328ef","LAB_100328ef","Global","Label","DEFAULT",false,true
"10032901","LAB_10032901","Global","Label","DEFAULT",false,true
"10032904","LAB_10032904","Global","Label","DEFAULT",false,true
"10032912","LAB_10032912","Global","Label","DEFAULT",false,true
"1003293c","LAB_1003293c","Global","Label","DEFAULT",false,true
"10032952","LAB_10032952","Global","Label","DEFAULT",false,true
"10032954","LAB_10032954","Global","Label","DEFAULT",false,true
"1003295f","FUN_1003295f","Global","Function","DEFAULT",false,true
"10032a0a","LAB_10032a0a","Global","Label","DEFAULT",false,true
"10032a24","LAB_10032a24","Global","Label","DEFAULT",false,true
"10032a28","LAB_10032a28","Global","Label","DEFAULT",false,true
"10032a8b","LAB_10032a8b","Global","Label","DEFAULT",false,true
"10032aae","LAB_10032aae","Global","Label","DEFAULT",false,true
"10032ab9","FUN_10032ab9","Global","Function","DEFAULT",false,true
"10032b15","LAB_10032b15","Global","Label","DEFAULT",false,true
"10032b1a","LAB_10032b1a","Global","Label","DEFAULT",false,true
"10032b2f","FUN_10032b2f","Global","Function","DEFAULT",false,true
"10032b64","LAB_10032b64","Global","Label","DEFAULT",false,true
"10032b71","___tzset","Global","Function","ANALYSIS",false,true
"10032ba9","LAB_10032ba9","Global","Label","DEFAULT",false,true
"10032bb5","LAB_10032bb5","Global","Label","DEFAULT",false,true
"10032bc5","FUN_10032bc5","Global","Function","DEFAULT",false,true
"10032bce","__isindst","Global","Function","ANALYSIS",false,true
"10032c19","FUN_10032c19","Global","Function","DEFAULT",false,true
"10032c22","FUN_10032c22","Global","Function","DEFAULT",false,true
"10032c34","FUN_10032c34","Global","Function","DEFAULT",false,true
"10032c47","FUN_10032c47","Global","Function","DEFAULT",false,true
"10032c59","LAB_10032c59","Global","Label","DEFAULT",false,true
"10032c5f","FUN_10032c5f","Global","Function","DEFAULT",false,true
"10032c7f","LAB_10032c7f","Global","Label","DEFAULT",false,true
"10032c89","LAB_10032c89","Global","Label","DEFAULT",false,true
"10032ca5","LAB_10032ca5","Global","Label","DEFAULT",false,true
"10032cac","LAB_10032cac","Global","Label","DEFAULT",false,true
"10032cd9","LAB_10032cd9","Global","Label","DEFAULT",false,true
"10032cee","LAB_10032cee","Global","Label","DEFAULT",false,true
"10032d1a","LAB_10032d1a","Global","Label","DEFAULT",false,true
"10032d20","LAB_10032d20","Global","Label","DEFAULT",false,true
"10032d21","LAB_10032d21","Global","Label","DEFAULT",false,true
"10032d25","FUN_10032d25","Global","Function","DEFAULT",false,true
"10032d4b","LAB_10032d4b","Global","Label","DEFAULT",false,true
"10032d66","LAB_10032d66","Global","Label","DEFAULT",false,true
"10032d9a","LAB_10032d9a","Global","Label","DEFAULT",false,true
"10032dad","LAB_10032dad","Global","Label","DEFAULT",false,true
"10032dbc","LAB_10032dbc","Global","Label","DEFAULT",false,true
"10032dca","LAB_10032dca","Global","Label","DEFAULT",false,true
"10032dce","LAB_10032dce","Global","Label","DEFAULT",false,true
"10032dd6","LAB_10032dd6","Global","Label","DEFAULT",false,true
"10032de9","LAB_10032de9","Global","Label","DEFAULT",false,true
"10032e0c","LAB_10032e0c","Global","Label","DEFAULT",false,true
"10032e18","LAB_10032e18","Global","Label","DEFAULT",false,true
"10032e31","LAB_10032e31","Global","Label","DEFAULT",false,true
"10032e39","LAB_10032e39","Global","Label","DEFAULT",false,true
"10032e78","LAB_10032e78","Global","Label","DEFAULT",false,true
"10032e90","LAB_10032e90","Global","Label","DEFAULT",false,true
"10032e92","LAB_10032e92","Global","Label","DEFAULT",false,true
"10032e95","LAB_10032e95","Global","Label","DEFAULT",false,true
"10032ea2","FUN_10032ea2","Global","Function","DEFAULT",false,true
"10032eae","LAB_10032eae","Global","Label","DEFAULT",false,true
"10032eca","LAB_10032eca","Global","Label","DEFAULT",false,true
"10032ecd","LAB_10032ecd","Global","Label","DEFAULT",false,true
"10032ef6","LAB_10032ef6","Global","Label","DEFAULT",false,true
"10032f2e","LAB_10032f2e","Global","Label","DEFAULT",false,true
"10032f39","LAB_10032f39","Global","Label","DEFAULT",false,true
"10032f46","LAB_10032f46","Global","Label","DEFAULT",false,true
"10032f53","FUN_10032f53","Global","Function","DEFAULT",false,true
"10032f7d","LAB_10032f7d","Global","Label","DEFAULT",false,true
"10032f9a","LAB_10032f9a","Global","Label","DEFAULT",false,true
"10032fa0","LAB_10032fa0","Global","Label","DEFAULT",false,true
"10032fc6","LAB_10032fc6","Global","Label","DEFAULT",false,true
"10032fcc","LAB_10032fcc","Global","Label","DEFAULT",false,true
"10032fdc","LAB_10032fdc","Global","Label","DEFAULT",false,true
"10032fde","LAB_10032fde","Global","Label","DEFAULT",false,true
"10033077","LAB_10033077","Global","Label","DEFAULT",false,true
"1003307e","LAB_1003307e","Global","Label","DEFAULT",false,true
"10033092","LAB_10033092","Global","Label","DEFAULT",false,true
"100330fb","LAB_100330fb","Global","Label","DEFAULT",false,true
"1003311b","LAB_1003311b","Global","Label","DEFAULT",false,true
"1003312f","LAB_1003312f","Global","Label","DEFAULT",false,true
"10033175","LAB_10033175","Global","Label","DEFAULT",false,true
"10033190","LAB_10033190","Global","Label","DEFAULT",false,true
"10033194","LAB_10033194","Global","Label","DEFAULT",false,true
"100331a8","LAB_100331a8","Global","Label","DEFAULT",false,true
"100331c3","LAB_100331c3","Global","Label","DEFAULT",false,true
"100331c9","LAB_100331c9","Global","Label","DEFAULT",false,true
"100331ca","LAB_100331ca","Global","Label","DEFAULT",false,true
"100331d8","~argument_list<>","Global","Function","ANALYSIS",false,true
"100331e2","LAB_100331e2","Global","Label","DEFAULT",false,true
"100331ed","LAB_100331ed","Global","Label","DEFAULT",false,true
"100331fd","allocate","Global","Function","ANALYSIS",false,true
"1003322a","LAB_1003322a","Global","Label","DEFAULT",false,true
"10033233","LAB_10033233","Global","Label","DEFAULT",false,true
"10033239","expand_if_necessary","Global","Function","ANALYSIS",false,true
"10033247","LAB_10033247","Global","Label","DEFAULT",false,true
"1003324b","LAB_1003324b","Global","Label","DEFAULT",false,true
"10033276","LAB_10033276","Global","Label","DEFAULT",false,true
"10033283","LAB_10033283","Global","Label","DEFAULT",false,true
"10033288","LAB_10033288","Global","Label","DEFAULT",false,true
"100332a2","LAB_100332a2","Global","Label","DEFAULT",false,true
"100332b2","LAB_100332b2","Global","Label","DEFAULT",false,true
"100332bd","LAB_100332bd","Global","Label","DEFAULT",false,true
"100332c0","FUN_100332c0","Global","Function","DEFAULT",false,true
"100332cb","___acrt_GetModuleFileNameA","Global","Function","ANALYSIS",false,true
"1003330b","LAB_1003330b","Global","Label","DEFAULT",false,true
"10033360","LAB_10033360","Global","Label","DEFAULT",false,true
"1003336c","??$?RV<lambda_ceb1ee4838e85a9d631eb091e2fbe199>@@AAV<lambda_ae742caa10f662c28703da3d2ea5e57e>@@V<lambda_cd08b5d6af4937fe54fc07d0c9bf6b37>@@@?$__crt_seh_guarded_call@X@@QAEX$$QAV<lambda_ceb1ee4838e85a9d631eb091e2fbe199>@@AAV<lambda_ae742caa10f662c28703da3d2ea5e57e>@@$$QAV<lambda_cd08b5d6af4937fe54fc07d0c9bf6b37>@@@Z","Global","Label","ANALYSIS",false,false
"1003336c","operator()<<lambda_ceb1ee4838e85a9d631eb091e2fbe199>,<lambda_ae742caa10f662c28703da3d2ea5e57e>&,<lambda_cd08b5d6af4937fe54fc07d0c9bf6b37>_>","__crt_seh_guarded_call<void>","Function","ANALYSIS",false,true
"100333ad","FUN_100333ad","Global","Function","DEFAULT",false,true
"100333b9","??R<lambda_ae742caa10f662c28703da3d2ea5e57e>@@QBEXXZ","Global","Label","ANALYSIS",false,false
"100333b9","operator()","<lambda_ae742caa10f662c28703da3d2ea5e57e>","Function","ANALYSIS",false,true
"10033422","LAB_10033422","Global","Label","DEFAULT",false,true
"1003343c","?CPtoLocaleName@@YAPB_WH@Z","Global","Label","ANALYSIS",false,false
"1003343c","CPtoLocaleName","Global","Function","ANALYSIS",false,true
"1003345e","LAB_1003345e","Global","Label","DEFAULT",false,true
"10033465","LAB_10033465","Global","Label","DEFAULT",false,true
"1003346c","LAB_1003346c","Global","Label","DEFAULT",false,true
"10033473","LAB_10033473","Global","Label","DEFAULT",false,true
"1003347a","?getSystemCP@@YAHH@Z","Global","Label","ANALYSIS",false,false
"1003347a","getSystemCP","Global","Function","ANALYSIS",false,true
"100334ad","LAB_100334ad","Global","Label","DEFAULT",false,true
"100334c4","LAB_100334c4","Global","Label","DEFAULT",false,true
"100334d9","LAB_100334d9","Global","Label","DEFAULT",false,true
"100334e9","LAB_100334e9","Global","Label","DEFAULT",false,true
"100334eb","FUN_100334eb","Global","Function","DEFAULT",false,true
"10033520","LAB_10033520","Global","Label","DEFAULT",false,true
"10033533","LAB_10033533","Global","Label","DEFAULT",false,true
"1003354e","FUN_1003354e","Global","Function","DEFAULT",false,true
"10033597","LAB_10033597","Global","Label","DEFAULT",false,true
"100335b8","LAB_100335b8","Global","Label","DEFAULT",false,true
"100335c1","LAB_100335c1","Global","Label","DEFAULT",false,true
"100335ce","LAB_100335ce","Global","Label","DEFAULT",false,true
"100335d2","LAB_100335d2","Global","Label","DEFAULT",false,true
"100335d7","LAB_100335d7","Global","Label","DEFAULT",false,true
"10033647","LAB_10033647","Global","Label","DEFAULT",false,true
"10033660","LAB_10033660","Global","Label","DEFAULT",false,true
"10033671","LAB_10033671","Global","Label","DEFAULT",false,true
"10033673","LAB_10033673","Global","Label","DEFAULT",false,true
"10033682","LAB_10033682","Global","Label","DEFAULT",false,true
"100336ad","LAB_100336ad","Global","Label","DEFAULT",false,true
"100336bc","LAB_100336bc","Global","Label","DEFAULT",false,true
"100336ca","LAB_100336ca","Global","Label","DEFAULT",false,true
"100336ce","LAB_100336ce","Global","Label","DEFAULT",false,true
"100336d0","LAB_100336d0","Global","Label","DEFAULT",false,true
"100336e4","LAB_100336e4","Global","Label","DEFAULT",false,true
"100336f3","FUN_100336f3","Global","Function","DEFAULT",false,true
"1003373d","LAB_1003373d","Global","Label","DEFAULT",false,true
"1003375d","LAB_1003375d","Global","Label","DEFAULT",false,true
"100337b0","LAB_100337b0","Global","Label","DEFAULT",false,true
"100337bb","LAB_100337bb","Global","Label","DEFAULT",false,true
"100337dd","LAB_100337dd","Global","Label","DEFAULT",false,true
"10033835","LAB_10033835","Global","Label","DEFAULT",false,true
"1003383e","LAB_1003383e","Global","Label","DEFAULT",false,true
"1003383f","LAB_1003383f","Global","Label","DEFAULT",false,true
"10033848","FUN_10033848","Global","Function","DEFAULT",false,true
"10033871","LAB_10033871","Global","Label","DEFAULT",false,true
"10033877","LAB_10033877","Global","Label","DEFAULT",false,true
"100338ab","LAB_100338ab","Global","Label","DEFAULT",false,true
"100338b6","LAB_100338b6","Global","Label","DEFAULT",false,true
"100338c7","FUN_100338c7","Global","Function","DEFAULT",false,true
"100338d0","FUN_100338d0","Global","Function","DEFAULT",false,true
"100338e2","LAB_100338e2","Global","Label","DEFAULT",false,true
"100338e8","___acrt_initialize_multibyte","Global","Function","ANALYSIS",false,true
"1003392d","LAB_1003392d","Global","Label","DEFAULT",false,true
"10033930","FUN_10033930","Global","Function","DEFAULT",false,true
"10033943","FUN_10033943","Global","Function","DEFAULT",false,true
"1003397a","LAB_1003397a","Global","Label","DEFAULT",false,true
"100339cb","LAB_100339cb","Global","Label","DEFAULT",false,true
"100339db","LAB_100339db","Global","Label","DEFAULT",false,true
"10033a14","LAB_10033a14","Global","Label","DEFAULT",false,true
"10033a2d","LAB_10033a2d","Global","Label","DEFAULT",false,true
"10033a36","LAB_10033a36","Global","Label","DEFAULT",false,true
"10033a3e","LAB_10033a3e","Global","Label","DEFAULT",false,true
"10033a46","LAB_10033a46","Global","Label","DEFAULT",false,true
"10033a68","LAB_10033a68","Global","Label","DEFAULT",false,true
"10033a74","LAB_10033a74","Global","Label","DEFAULT",false,true
"10033a7c","LAB_10033a7c","Global","Label","DEFAULT",false,true
"10033a9e","LAB_10033a9e","Global","Label","DEFAULT",false,true
"10033aa5","LAB_10033aa5","Global","Label","DEFAULT",false,true
"10033abb","LAB_10033abb","Global","Label","DEFAULT",false,true
"10033ad5","LAB_10033ad5","Global","Label","DEFAULT",false,true
"10033add","LAB_10033add","Global","Label","DEFAULT",false,true
"10033ae0","LAB_10033ae0","Global","Label","DEFAULT",false,true
"10033b17","LAB_10033b17","Global","Label","DEFAULT",false,true
"10033b28","LAB_10033b28","Global","Label","DEFAULT",false,true
"10033b30","LAB_10033b30","Global","Label","DEFAULT",false,true
"10033b36","LAB_10033b36","Global","Label","DEFAULT",false,true
"10033b39","LAB_10033b39","Global","Label","DEFAULT",false,true
"10033b48","FUN_10033b48","Global","Function","DEFAULT",false,true
"10033b7f","LAB_10033b7f","Global","Label","DEFAULT",false,true
"10033b83","LAB_10033b83","Global","Label","DEFAULT",false,true
"10033b86","LAB_10033b86","Global","Label","DEFAULT",false,true
"10033b96","LAB_10033b96","Global","Label","DEFAULT",false,true
"10033b98","FUN_10033b98","Global","Function","DEFAULT",false,true
"10033bb0","LAB_10033bb0","Global","Label","DEFAULT",false,true
"10033bc9","?find_end_of_double_null_terminated_sequence@@YAPB_WQB_W@Z","Global","Label","ANALYSIS",false,false
"10033bc9","find_end_of_double_null_terminated_sequence","Global","Function","ANALYSIS",false,true
"10033bda","LAB_10033bda","Global","Label","DEFAULT",false,true
"10033bdf","LAB_10033bdf","Global","Label","DEFAULT",false,true
"10033bfa","LAB_10033bfa","Global","Label","DEFAULT",false,true
"10033c00","FUN_10033c00","Global","Function","DEFAULT",false,true
"10033c4a","LAB_10033c4a","Global","Label","DEFAULT",false,true
"10033c6a","LAB_10033c6a","Global","Label","DEFAULT",false,true
"10033c89","LAB_10033c89","Global","Label","DEFAULT",false,true
"10033c91","LAB_10033c91","Global","Label","DEFAULT",false,true
"10033c9b","LAB_10033c9b","Global","Label","DEFAULT",false,true
"10033c9c","LAB_10033c9c","Global","Label","DEFAULT",false,true
"10033c9d","LAB_10033c9d","Global","Label","DEFAULT",false,true
"10033ca0","FUN_10033ca0","Global","Function","DEFAULT",false,true
"10033cb1","LAB_10033cb1","Global","Label","DEFAULT",false,true
"10033cd9","LAB_10033cd9","Global","Label","DEFAULT",false,true
"10033cee","FUN_10033cee","Global","Function","DEFAULT",false,true
"10033d12","LAB_10033d12","Global","Label","DEFAULT",false,true
"10033d77","LAB_10033d77","Global","Label","DEFAULT",false,true
"10033d7a","LAB_10033d7a","Global","Label","DEFAULT",false,true
"10033d80","LAB_10033d80","Global","Label","DEFAULT",false,true
"10033d8f","LAB_10033d8f","Global","Label","DEFAULT",false,true
"10033dc4","LAB_10033dc4","Global","Label","DEFAULT",false,true
"10033de7","LAB_10033de7","Global","Label","DEFAULT",false,true
"10033deb","LAB_10033deb","Global","Label","DEFAULT",false,true
"10033e25","LAB_10033e25","Global","Label","DEFAULT",false,true
"10033e2d","LAB_10033e2d","Global","Label","DEFAULT",false,true
"10033e50","LAB_10033e50","Global","Label","DEFAULT",false,true
"10033e5a","LAB_10033e5a","Global","Label","DEFAULT",false,true
"10033eac","LAB_10033eac","Global","Label","DEFAULT",false,true
"10033eb1","LAB_10033eb1","Global","Label","DEFAULT",false,true
"10033ebd","LAB_10033ebd","Global","Label","DEFAULT",false,true
"10033eea","LAB_10033eea","Global","Label","DEFAULT",false,true
"10033f38","LAB_10033f38","Global","Label","DEFAULT",false,true
"10033f3a","LAB_10033f3a","Global","Label","DEFAULT",false,true
"10033f43","LAB_10033f43","Global","Label","DEFAULT",false,true
"10033f4a","LAB_10033f4a","Global","Label","DEFAULT",false,true
"10033f54","LAB_10033f54","Global","Label","DEFAULT",false,true
"10033f68","LAB_10033f68","Global","Label","DEFAULT",false,true
"10033f6a","LAB_10033f6a","Global","Label","DEFAULT",false,true
"10033f6e","LAB_10033f6e","Global","Label","DEFAULT",false,true
"10033f79","FUN_10033f79","Global","Function","DEFAULT",false,true
"10033f8a","LAB_10033f8a","Global","Label","DEFAULT",false,true
"10033f8d","LAB_10033f8d","Global","Label","DEFAULT",false,true
"10033f9a","LAB_10033f9a","Global","Label","DEFAULT",false,true
"10033fa2","LAB_10033fa2","Global","Label","DEFAULT",false,true
"10033fc1","LAB_10033fc1","Global","Label","DEFAULT",false,true
"10033fc4","LAB_10033fc4","Global","Label","DEFAULT",false,true
"10034014","LAB_10034014","Global","Label","DEFAULT",false,true
"10034025","LAB_10034025","Global","Label","DEFAULT",false,true
"1003402a","LAB_1003402a","Global","Label","DEFAULT",false,true
"10034037","FUN_10034037","Global","Function","DEFAULT",false,true
"10034050","LAB_10034050","Global","Label","DEFAULT",false,true
"10034051","??$find_in_environment_nolock@_W@@YAHQB_WI@Z","Global","Label","ANALYSIS",false,false
"10034051","find_in_environment_nolock<wchar_t>","Global","Function","ANALYSIS",false,true
"1003406a","LAB_1003406a","Global","Label","DEFAULT",false,true
"1003408b","LAB_1003408b","Global","Label","DEFAULT",false,true
"10034094","LAB_10034094","Global","Label","DEFAULT",false,true
"1003409b","LAB_1003409b","Global","Label","DEFAULT",false,true
"100340a2","LAB_100340a2","Global","Label","DEFAULT",false,true
"100340a9","FUN_100340a9","Global","Function","DEFAULT",false,true
"100340b4","__recalloc_base","Global","Function","ANALYSIS",false,true
"100340dc","LAB_100340dc","Global","Label","DEFAULT",false,true
"100340f0","LAB_100340f0","Global","Label","DEFAULT",false,true
"100340f2","LAB_100340f2","Global","Label","DEFAULT",false,true
"1003411a","LAB_1003411a","Global","Label","DEFAULT",false,true
"1003411e","LAB_1003411e","Global","Label","DEFAULT",false,true
"10034121","LAB_10034121","Global","Label","DEFAULT",false,true
"10034132","LAB_10034132","Global","Label","DEFAULT",false,true
"1003413c","___acrt_execute_initializers","Global","Function","ANALYSIS",false,true
"1003414e","LAB_1003414e","Global","Label","DEFAULT",false,true
"10034162","LAB_10034162","Global","Label","DEFAULT",false,true
"1003416a","LAB_1003416a","Global","Label","DEFAULT",false,true
"10034176","LAB_10034176","Global","Label","DEFAULT",false,true
"1003418f","LAB_1003418f","Global","Label","DEFAULT",false,true
"10034199","LAB_10034199","Global","Label","DEFAULT",false,true
"1003419d","LAB_1003419d","Global","Label","DEFAULT",false,true
"1003419f","LAB_1003419f","Global","Label","DEFAULT",false,true
"100341a4","___acrt_execute_uninitializers","Global","Function","ANALYSIS",false,true
"100341b3","LAB_100341b3","Global","Label","DEFAULT",false,true
"100341c7","LAB_100341c7","Global","Label","DEFAULT",false,true
"100341d0","LAB_100341d0","Global","Label","DEFAULT",false,true
"100341d5","FUN_100341d5","Global","Function","DEFAULT",false,true
"100341f2","FUN_100341f2","Global","Function","DEFAULT",false,true
"10034201","FUN_10034201","Global","Function","DEFAULT",false,true
"10034226","LAB_10034226","Global","Label","DEFAULT",false,true
"10034234","LAB_10034234","Global","Label","DEFAULT",false,true
"10034237","___acrt_add_locale_ref","Global","Function","ANALYSIS",false,true
"1003424d","LAB_1003424d","Global","Label","DEFAULT",false,true
"1003425a","LAB_1003425a","Global","Label","DEFAULT",false,true
"10034267","LAB_10034267","Global","Label","DEFAULT",false,true
"10034274","LAB_10034274","Global","Label","DEFAULT",false,true
"1003427b","LAB_1003427b","Global","Label","DEFAULT",false,true
"1003428d","LAB_1003428d","Global","Label","DEFAULT",false,true
"1003429d","LAB_1003429d","Global","Label","DEFAULT",false,true
"100342b4","___acrt_free_locale","Global","Function","ANALYSIS",false,true
"100342ff","LAB_100342ff","Global","Label","DEFAULT",false,true
"10034321","LAB_10034321","Global","Label","DEFAULT",false,true
"10034336","LAB_10034336","Global","Label","DEFAULT",false,true
"10034385","LAB_10034385","Global","Label","DEFAULT",false,true
"100343a0","LAB_100343a0","Global","Label","DEFAULT",false,true
"100343c3","LAB_100343c3","Global","Label","DEFAULT",false,true
"100343c6","LAB_100343c6","Global","Label","DEFAULT",false,true
"100343df","LAB_100343df","Global","Label","DEFAULT",false,true
"100343e2","LAB_100343e2","Global","Label","DEFAULT",false,true
"100343fc","___acrt_locale_add_lc_time_reference","Global","Function","ANALYSIS",false,true
"1003441e","LAB_1003441e","Global","Label","DEFAULT",false,true
"10034425","___acrt_locale_free_lc_time_if_unreferenced","Global","Function","ANALYSIS",false,true
"10034453","LAB_10034453","Global","Label","DEFAULT",false,true
"10034456","___acrt_locale_release_lc_time_reference","Global","Function","ANALYSIS",false,true
"10034478","LAB_10034478","Global","Label","DEFAULT",false,true
"1003447f","___acrt_release_locale_ref","Global","Function","ANALYSIS",false,true
"10034499","LAB_10034499","Global","Label","DEFAULT",false,true
"100344a6","LAB_100344a6","Global","Label","DEFAULT",false,true
"100344b3","LAB_100344b3","Global","Label","DEFAULT",false,true
"100344c0","LAB_100344c0","Global","Label","DEFAULT",false,true
"100344c7","LAB_100344c7","Global","Label","DEFAULT",false,true
"100344d9","LAB_100344d9","Global","Label","DEFAULT",false,true
"100344e9","LAB_100344e9","Global","Label","DEFAULT",false,true
"100344fe","LAB_100344fe","Global","Label","DEFAULT",false,true
"10034500","FUN_10034500","Global","Function","DEFAULT",false,true
"1003452c","LAB_1003452c","Global","Label","DEFAULT",false,true
"10034560","FUN_10034560","Global","Function","DEFAULT",false,true
"10034569","FUN_10034569","Global","Function","DEFAULT",false,true
"1003457b","LAB_1003457b","Global","Label","DEFAULT",false,true
"10034581","__updatetlocinfoEx_nolock","Global","Function","ANALYSIS",false,true
"1003459c","LAB_1003459c","Global","Label","DEFAULT",false,true
"100345a0","LAB_100345a0","Global","Label","DEFAULT",false,true
"100345cb","LAB_100345cb","Global","Label","DEFAULT",false,true
"100345cd","LAB_100345cd","Global","Label","DEFAULT",false,true
"100345d1","___acrt_locale_free_monetary","Global","Function","ANALYSIS",false,true
"100345f4","LAB_100345f4","Global","Label","DEFAULT",false,true
"10034606","LAB_10034606","Global","Label","DEFAULT",false,true
"10034618","LAB_10034618","Global","Label","DEFAULT",false,true
"1003462a","LAB_1003462a","Global","Label","DEFAULT",false,true
"1003463c","LAB_1003463c","Global","Label","DEFAULT",false,true
"1003464e","LAB_1003464e","Global","Label","DEFAULT",false,true
"10034660","LAB_10034660","Global","Label","DEFAULT",false,true
"10034672","LAB_10034672","Global","Label","DEFAULT",false,true
"10034684","LAB_10034684","Global","Label","DEFAULT",false,true
"10034696","LAB_10034696","Global","Label","DEFAULT",false,true
"100346a8","LAB_100346a8","Global","Label","DEFAULT",false,true
"100346ba","LAB_100346ba","Global","Label","DEFAULT",false,true
"100346cc","LAB_100346cc","Global","Label","DEFAULT",false,true
"100346cf","FUN_100346cf","Global","Function","DEFAULT",false,true
"1003470e","LAB_1003470e","Global","Label","DEFAULT",false,true
"10034726","LAB_10034726","Global","Label","DEFAULT",false,true
"1003472e","LAB_1003472e","Global","Label","DEFAULT",false,true
"10034750","LAB_10034750","Global","Label","DEFAULT",false,true
"10034753","LAB_10034753","Global","Label","DEFAULT",false,true
"1003478e","LAB_1003478e","Global","Label","DEFAULT",false,true
"10034972","LAB_10034972","Global","Label","DEFAULT",false,true
"10034977","LAB_10034977","Global","Label","DEFAULT",false,true
"10034981","LAB_10034981","Global","Label","DEFAULT",false,true
"10034982","LAB_10034982","Global","Label","DEFAULT",false,true
"1003498a","LAB_1003498a","Global","Label","DEFAULT",false,true
"10034990","LAB_10034990","Global","Label","DEFAULT",false,true
"1003499e","LAB_1003499e","Global","Label","DEFAULT",false,true
"100349aa","LAB_100349aa","Global","Label","DEFAULT",false,true
"100349ea","LAB_100349ea","Global","Label","DEFAULT",false,true
"100349f7","LAB_100349f7","Global","Label","DEFAULT",false,true
"10034a18","LAB_10034a18","Global","Label","DEFAULT",false,true
"10034a2b","LAB_10034a2b","Global","Label","DEFAULT",false,true
"10034a30","___acrt_locale_free_numeric","Global","Function","ANALYSIS",false,true
"10034a4e","LAB_10034a4e","Global","Label","DEFAULT",false,true
"10034a60","LAB_10034a60","Global","Label","DEFAULT",false,true
"10034a72","LAB_10034a72","Global","Label","DEFAULT",false,true
"10034a84","LAB_10034a84","Global","Label","DEFAULT",false,true
"10034a96","LAB_10034a96","Global","Label","DEFAULT",false,true
"10034a99","FUN_10034a99","Global","Function","DEFAULT",false,true
"10034acc","LAB_10034acc","Global","Label","DEFAULT",false,true
"10034ae9","LAB_10034ae9","Global","Label","DEFAULT",false,true
"10034b25","LAB_10034b25","Global","Label","DEFAULT",false,true
"10034b5b","LAB_10034b5b","Global","Label","DEFAULT",false,true
"10034be7","LAB_10034be7","Global","Label","DEFAULT",false,true
"10034bf9","LAB_10034bf9","Global","Label","DEFAULT",false,true
"10034bfe","LAB_10034bfe","Global","Label","DEFAULT",false,true
"10034c08","LAB_10034c08","Global","Label","DEFAULT",false,true
"10034c09","LAB_10034c09","Global","Label","DEFAULT",false,true
"10034c23","LAB_10034c23","Global","Label","DEFAULT",false,true
"10034c29","LAB_10034c29","Global","Label","DEFAULT",false,true
"10034c37","LAB_10034c37","Global","Label","DEFAULT",false,true
"10034c64","LAB_10034c64","Global","Label","DEFAULT",false,true
"10034c6d","LAB_10034c6d","Global","Label","DEFAULT",false,true
"10034c7a","LAB_10034c7a","Global","Label","DEFAULT",false,true
"10034c9e","LAB_10034c9e","Global","Label","DEFAULT",false,true
"10034cb1","LAB_10034cb1","Global","Label","DEFAULT",false,true
"10034cb6","FUN_10034cb6","Global","Function","DEFAULT",false,true
"10034cc8","LAB_10034cc8","Global","Label","DEFAULT",false,true
"10034cd3","LAB_10034cd3","Global","Label","DEFAULT",false,true
"10034cdb","?initialize_lc_time@@YA_NQAU__crt_lc_time_data@@QAU__crt_locale_data@@@Z","Global","Label","ANALYSIS",false,false
"10034cdb","initialize_lc_time","Global","Function","ANALYSIS",false,true
"10034d19","LAB_10034d19","Global","Label","DEFAULT",false,true
"10034d1e","LAB_10034d1e","Global","Label","DEFAULT",false,true
"10034dc7","LAB_10034dc7","Global","Label","DEFAULT",false,true
"10034f57","___acrt_locale_free_time","Global","Function","ANALYSIS",false,true
"10035038","LAB_10035038","Global","Label","DEFAULT",false,true
"1003503b","___acrt_locale_initialize_time","Global","Function","ANALYSIS",false,true
"10035057","LAB_10035057","Global","Label","DEFAULT",false,true
"10035081","LAB_10035081","Global","Label","DEFAULT",false,true
"1003508c","LAB_1003508c","Global","Label","DEFAULT",false,true
"1003509d","LAB_1003509d","Global","Label","DEFAULT",false,true
"100350b0","LAB_100350b0","Global","Label","DEFAULT",false,true
"100350b6","FUN_100350b6","Global","Function","DEFAULT",false,true
"100350d3","LAB_100350d3","Global","Label","DEFAULT",false,true
"100350d8","LAB_100350d8","Global","Label","DEFAULT",false,true
"100350df","LAB_100350df","Global","Label","DEFAULT",false,true
"100350e7","LAB_100350e7","Global","Label","DEFAULT",false,true
"100350ee","LAB_100350ee","Global","Label","DEFAULT",false,true
"100350f2","LAB_100350f2","Global","Label","DEFAULT",false,true
"10035101","LAB_10035101","Global","Label","DEFAULT",false,true
"10035103","LAB_10035103","Global","Label","DEFAULT",false,true
"10035125","FUN_10035125","Global","Function","DEFAULT",false,true
"10035145","LAB_10035145","Global","Label","DEFAULT",false,true
"1003514c","LAB_1003514c","Global","Label","DEFAULT",false,true
"10035156","LAB_10035156","Global","Label","DEFAULT",false,true
"1003515b","LAB_1003515b","Global","Label","DEFAULT",false,true
"1003515f","LAB_1003515f","Global","Label","DEFAULT",false,true
"10035171","LAB_10035171","Global","Label","DEFAULT",false,true
"10035178","LAB_10035178","Global","Label","DEFAULT",false,true
"10035181","LAB_10035181","Global","Label","DEFAULT",false,true
"10035191","LAB_10035191","Global","Label","DEFAULT",false,true
"10035198","LAB_10035198","Global","Label","DEFAULT",false,true
"100351ae","LAB_100351ae","Global","Label","DEFAULT",false,true
"100351b2","LAB_100351b2","Global","Label","DEFAULT",false,true
"100351d3","LAB_100351d3","Global","Label","DEFAULT",false,true
"100351da","LAB_100351da","Global","Label","DEFAULT",false,true
"100351f5","LAB_100351f5","Global","Label","DEFAULT",false,true
"10035206","LAB_10035206","Global","Label","DEFAULT",false,true
"1003520d","FUN_1003520d","Global","Function","DEFAULT",false,true
"10035218","FUN_10035218","Global","Function","DEFAULT",false,true
"10035237","LAB_10035237","Global","Label","DEFAULT",false,true
"1003523e","LAB_1003523e","Global","Label","DEFAULT",false,true
"10035248","LAB_10035248","Global","Label","DEFAULT",false,true
"1003524d","LAB_1003524d","Global","Label","DEFAULT",false,true
"10035251","LAB_10035251","Global","Label","DEFAULT",false,true
"10035261","LAB_10035261","Global","Label","DEFAULT",false,true
"10035265","LAB_10035265","Global","Label","DEFAULT",false,true
"10035270","LAB_10035270","Global","Label","DEFAULT",false,true
"1003527e","LAB_1003527e","Global","Label","DEFAULT",false,true
"10035294","LAB_10035294","Global","Label","DEFAULT",false,true
"100352b3","LAB_100352b3","Global","Label","DEFAULT",false,true
"100352ba","LAB_100352ba","Global","Label","DEFAULT",false,true
"100352d5","LAB_100352d5","Global","Label","DEFAULT",false,true
"100352e6","FUN_100352e6","Global","Function","DEFAULT",false,true
"100352f1","_wcscspn","Global","Function","ANALYSIS",false,true
"1003530d","LAB_1003530d","Global","Label","DEFAULT",false,true
"1003531c","LAB_1003531c","Global","Label","DEFAULT",false,true
"10035337","LAB_10035337","Global","Label","DEFAULT",false,true
"1003533f","LAB_1003533f","Global","Label","DEFAULT",false,true
"1003534a","_wcspbrk","Global","Function","ANALYSIS",false,true
"10035362","LAB_10035362","Global","Label","DEFAULT",false,true
"1003536e","LAB_1003536e","Global","Label","DEFAULT",false,true
"10035385","LAB_10035385","Global","Label","DEFAULT",false,true
"1003538d","LAB_1003538d","Global","Label","DEFAULT",false,true
"1003538f","LAB_1003538f","Global","Label","DEFAULT",false,true
"10035394","LAB_10035394","Global","Label","DEFAULT",false,true
"10035398","FUN_10035398","Global","Function","DEFAULT",false,true
"100353d7","LAB_100353d7","Global","Label","DEFAULT",false,true
"10035407","LAB_10035407","Global","Label","DEFAULT",false,true
"10035414","LAB_10035414","Global","Label","DEFAULT",false,true
"1003541f","_GetLocaleNameFromLangCountry","Global","Function","ANALYSIS",false,true
"10035438","LAB_10035438","Global","Label","DEFAULT",false,true
"10035457","LAB_10035457","Global","Label","DEFAULT",false,true
"10035480","LAB_10035480","Global","Label","DEFAULT",false,true
"100354b3","LAB_100354b3","Global","Label","DEFAULT",false,true
"100354b8","_GetLocaleNameFromLanguage","Global","Function","ANALYSIS",false,true
"100354cd","LAB_100354cd","Global","Label","DEFAULT",false,true
"100354f2","LAB_100354f2","Global","Label","DEFAULT",false,true
"1003550c","LAB_1003550c","Global","Label","DEFAULT",false,true
"10035511","_GetPrimaryLen","Global","Function","ANALYSIS",false,true
"10035523","LAB_10035523","Global","Label","DEFAULT",false,true
"10035535","LAB_10035535","Global","Label","DEFAULT",false,true
"1003553e","LAB_1003553e","Global","Label","DEFAULT",false,true
"10035541","LAB_10035541","Global","Label","DEFAULT",false,true
"10035545","FUN_10035545","Global","Function","DEFAULT",false,true
"10035596","LAB_10035596","Global","Label","DEFAULT",false,true
"100355e5","LAB_100355e5","Global","Label","DEFAULT",false,true
"1003560b","LAB_1003560b","Global","Label","DEFAULT",false,true
"10035618","LAB_10035618","Global","Label","DEFAULT",false,true
"10035644","LAB_10035644","Global","Label","DEFAULT",false,true
"10035651","LAB_10035651","Global","Label","DEFAULT",false,true
"1003566b","LAB_1003566b","Global","Label","DEFAULT",false,true
"10035676","LAB_10035676","Global","Label","DEFAULT",false,true
"10035698","LAB_10035698","Global","Label","DEFAULT",false,true
"100356d4","LAB_100356d4","Global","Label","DEFAULT",false,true
"100356dc","LAB_100356dc","Global","Label","DEFAULT",false,true
"10035723","LAB_10035723","Global","Label","DEFAULT",false,true
"10035737","LAB_10035737","Global","Label","DEFAULT",false,true
"10035746","LAB_10035746","Global","Label","DEFAULT",false,true
"10035775","LAB_10035775","Global","Label","DEFAULT",false,true
"10035791","LAB_10035791","Global","Label","DEFAULT",false,true
"100357aa","LAB_100357aa","Global","Label","DEFAULT",false,true
"100357b9","LAB_100357b9","Global","Label","DEFAULT",false,true
"100357d1","LAB_100357d1","Global","Label","DEFAULT",false,true
"100357dc","LAB_100357dc","Global","Label","DEFAULT",false,true
"100357dd","LAB_100357dd","Global","Label","DEFAULT",false,true
"100357ed","LAB_100357ed","Global","Label","DEFAULT",false,true
"100357ef","LAB_100357ef","Global","Label","DEFAULT",false,true
"10035808","LAB_10035808","Global","Label","DEFAULT",false,true
"10035819","LAB_10035819","Global","Label","DEFAULT",false,true
"1003581b","LAB_1003581b","Global","Label","DEFAULT",false,true
"10035826","FUN_10035826","Global","Function","DEFAULT",false,true
"10035874","LAB_10035874","Global","Label","DEFAULT",false,true
"10035891","LAB_10035891","Global","Label","DEFAULT",false,true
"100358bf","LAB_100358bf","Global","Label","DEFAULT",false,true
"100358ca","LAB_100358ca","Global","Label","DEFAULT",false,true
"100358da","LAB_100358da","Global","Label","DEFAULT",false,true
"100358e5","FUN_100358e5","Global","Function","DEFAULT",false,true
"1003590a","LAB_1003590a","Global","Label","DEFAULT",false,true
"1003592c","LAB_1003592c","Global","Label","DEFAULT",false,true
"10035930","LAB_10035930","Global","Label","DEFAULT",false,true
"10035935","LAB_10035935","Global","Label","DEFAULT",false,true
"10035962","LAB_10035962","Global","Label","DEFAULT",false,true
"10035986","LAB_10035986","Global","Label","DEFAULT",false,true
"1003598b","LAB_1003598b","Global","Label","DEFAULT",false,true
"1003599c","LAB_1003599c","Global","Label","DEFAULT",false,true
"100359a4","LAB_100359a4","Global","Label","DEFAULT",false,true
"100359a9","LAB_100359a9","Global","Label","DEFAULT",false,true
"100359ad","LAB_100359ad","Global","Label","DEFAULT",false,true
"100359b6","LAB_100359b6","Global","Label","DEFAULT",false,true
"100359c1","LAB_100359c1","Global","Label","DEFAULT",false,true
"100359d5","FUN_100359d5","Global","Function","DEFAULT",false,true
"10035a13","LAB_10035a13","Global","Label","DEFAULT",false,true
"10035a15","LAB_10035a15","Global","Label","DEFAULT",false,true
"10035a22","_TranslateName","Global","Function","ANALYSIS",false,true
"10035a37","LAB_10035a37","Global","Label","DEFAULT",false,true
"10035a75","LAB_10035a75","Global","Label","DEFAULT",false,true
"10035a7c","LAB_10035a7c","Global","Label","DEFAULT",false,true
"10035a7f","LAB_10035a7f","Global","Label","DEFAULT",false,true
"10035a83","LAB_10035a83","Global","Label","DEFAULT",false,true
"10035a84","LAB_10035a84","Global","Label","DEFAULT",false,true
"10035a8f","FUN_10035a8f","Global","Function","DEFAULT",false,true
"10035adc","LAB_10035adc","Global","Label","DEFAULT",false,true
"10035af2","LAB_10035af2","Global","Label","DEFAULT",false,true
"10035af7","LAB_10035af7","Global","Label","DEFAULT",false,true
"10035b24","LAB_10035b24","Global","Label","DEFAULT",false,true
"10035b2b","LAB_10035b2b","Global","Label","DEFAULT",false,true
"10035b30","LAB_10035b30","Global","Label","DEFAULT",false,true
"10035b31","LAB_10035b31","Global","Label","DEFAULT",false,true
"10035b56","LAB_10035b56","Global","Label","DEFAULT",false,true
"10035b6b","LAB_10035b6b","Global","Label","DEFAULT",false,true
"10035b9c","LAB_10035b9c","Global","Label","DEFAULT",false,true
"10035bb8","LAB_10035bb8","Global","Label","DEFAULT",false,true
"10035c32","LAB_10035c32","Global","Label","DEFAULT",false,true
"10035c47","LAB_10035c47","Global","Label","DEFAULT",false,true
"10035c6b","LAB_10035c6b","Global","Label","DEFAULT",false,true
"10035c70","LAB_10035c70","Global","Label","DEFAULT",false,true
"10035c80","LAB_10035c80","Global","Label","DEFAULT",false,true
"10035c82","LAB_10035c82","Global","Label","DEFAULT",false,true
"10035c87","LAB_10035c87","Global","Label","DEFAULT",false,true
"10035c94","_CountryEnumProc@4","Global","Function","ANALYSIS",false,true
"10035cf7","LAB_10035cf7","Global","Label","DEFAULT",false,true
"10035d20","LAB_10035d20","Global","Label","DEFAULT",false,true
"10035d2a","LAB_10035d2a","Global","Label","DEFAULT",false,true
"10035d3b","_GetLcidFromCountry","Global","Function","ANALYSIS",false,true
"10035d51","LAB_10035d51","Global","Label","DEFAULT",false,true
"10035d82","LAB_10035d82","Global","Label","DEFAULT",false,true
"10035d86","_GetLcidFromLangCountry","Global","Function","ANALYSIS",false,true
"10035da0","LAB_10035da0","Global","Label","DEFAULT",false,true
"10035dbf","LAB_10035dbf","Global","Label","DEFAULT",false,true
"10035dee","LAB_10035dee","Global","Label","DEFAULT",false,true
"10035e1c","LAB_10035e1c","Global","Label","DEFAULT",false,true
"10035e21","_GetLcidFromLanguage","Global","Function","ANALYSIS",false,true
"10035e3b","LAB_10035e3b","Global","Label","DEFAULT",false,true
"10035e61","LAB_10035e61","Global","Label","DEFAULT",false,true
"10035e7b","LAB_10035e7b","Global","Label","DEFAULT",false,true
"10035e80","_GetPrimaryLen","Global","Function","ANALYSIS",false,true
"10035e8a","LAB_10035e8a","Global","Label","DEFAULT",false,true
"10035e9c","LAB_10035e9c","Global","Label","DEFAULT",false,true
"10035ea5","LAB_10035ea5","Global","Label","DEFAULT",false,true
"10035ea8","LAB_10035ea8","Global","Label","DEFAULT",false,true
"10035eac","_LangCountryEnumProc@4","Global","Function","ANALYSIS",false,true
"10035f7c","LAB_10035f7c","Global","Label","DEFAULT",false,true
"10035fac","LAB_10035fac","Global","Label","DEFAULT",false,true
"10035fc9","LAB_10035fc9","Global","Label","DEFAULT",false,true
"10035fe0","LAB_10035fe0","Global","Label","DEFAULT",false,true
"10035fe3","LAB_10035fe3","Global","Label","DEFAULT",false,true
"10036042","LAB_10036042","Global","Label","DEFAULT",false,true
"1003604a","LAB_1003604a","Global","Label","DEFAULT",false,true
"10036052","LAB_10036052","Global","Label","DEFAULT",false,true
"10036063","LAB_10036063","Global","Label","DEFAULT",false,true
"10036099","LAB_10036099","Global","Label","DEFAULT",false,true
"1003609d","LAB_1003609d","Global","Label","DEFAULT",false,true
"100360d8","LAB_100360d8","Global","Label","DEFAULT",false,true
"100360dd","LAB_100360dd","Global","Label","DEFAULT",false,true
"100360e9","LAB_100360e9","Global","Label","DEFAULT",false,true
"100360ee","LAB_100360ee","Global","Label","DEFAULT",false,true
"100360ff","_LanguageEnumProc@4","Global","Function","ANALYSIS",false,true
"10036162","LAB_10036162","Global","Label","DEFAULT",false,true
"10036183","LAB_10036183","Global","Label","DEFAULT",false,true
"100361a3","LAB_100361a3","Global","Label","DEFAULT",false,true
"100361b0","LAB_100361b0","Global","Label","DEFAULT",false,true
"100361b9","LAB_100361b9","Global","Label","DEFAULT",false,true
"100361c3","LAB_100361c3","Global","Label","DEFAULT",false,true
"100361d4","FUN_100361d4","Global","Function","DEFAULT",false,true
"100361ee","LAB_100361ee","Global","Label","DEFAULT",false,true
"100361fe","LAB_100361fe","Global","Label","DEFAULT",false,true
"1003620c","LAB_1003620c","Global","Label","DEFAULT",false,true
"10036223","LAB_10036223","Global","Label","DEFAULT",false,true
"10036228","_ProcessCodePage","Global","Function","ANALYSIS",false,true
"1003624d","LAB_1003624d","Global","Label","DEFAULT",false,true
"1003626f","LAB_1003626f","Global","Label","DEFAULT",false,true
"10036273","LAB_10036273","Global","Label","DEFAULT",false,true
"10036278","LAB_10036278","Global","Label","DEFAULT",false,true
"10036283","LAB_10036283","Global","Label","DEFAULT",false,true
"100362a7","LAB_100362a7","Global","Label","DEFAULT",false,true
"100362ac","LAB_100362ac","Global","Label","DEFAULT",false,true
"100362d0","LAB_100362d0","Global","Label","DEFAULT",false,true
"100362d9","LAB_100362d9","Global","Label","DEFAULT",false,true
"100362f4","LAB_100362f4","Global","Label","DEFAULT",false,true
"100362f8","LAB_100362f8","Global","Label","DEFAULT",false,true
"10036305","LAB_10036305","Global","Label","DEFAULT",false,true
"10036309","_TestDefaultCountry","Global","Function","ANALYSIS",false,true
"10036314","LAB_10036314","Global","Label","DEFAULT",false,true
"1003632a","LAB_1003632a","Global","Label","DEFAULT",false,true
"1003632e","FUN_1003632e","Global","Function","DEFAULT",false,true
"10036375","LAB_10036375","Global","Label","DEFAULT",false,true
"10036398","LAB_10036398","Global","Label","DEFAULT",false,true
"1003639d","LAB_1003639d","Global","Label","DEFAULT",false,true
"1003639f","LAB_1003639f","Global","Label","DEFAULT",false,true
"100363a3","_TranslateName","Global","Function","ANALYSIS",false,true
"100363b5","LAB_100363b5","Global","Label","DEFAULT",false,true
"100363e2","LAB_100363e2","Global","Label","DEFAULT",false,true
"100363e5","LAB_100363e5","Global","Label","DEFAULT",false,true
"100363e9","LAB_100363e9","Global","Label","DEFAULT",false,true
"100363eb","LAB_100363eb","Global","Label","DEFAULT",false,true
"100363f0","LAB_100363f0","Global","Label","DEFAULT",false,true
"10036404","FUN_10036404","Global","Function","DEFAULT",false,true
"1003647b","LAB_1003647b","Global","Label","DEFAULT",false,true
"1003649f","LAB_1003649f","Global","Label","DEFAULT",false,true
"100364a8","LAB_100364a8","Global","Label","DEFAULT",false,true
"100364e0","LAB_100364e0","Global","Label","DEFAULT",false,true
"100364e3","LAB_100364e3","Global","Label","DEFAULT",false,true
"100364ee","LAB_100364ee","Global","Label","DEFAULT",false,true
"10036505","LAB_10036505","Global","Label","DEFAULT",false,true
"10036518","LAB_10036518","Global","Label","DEFAULT",false,true
"1003651a","LAB_1003651a","Global","Label","DEFAULT",false,true
"10036570","LAB_10036570","Global","Label","DEFAULT",false,true
"100365de","LAB_100365de","Global","Label","DEFAULT",false,true
"100365e3","LAB_100365e3","Global","Label","DEFAULT",false,true
"100365e5","LAB_100365e5","Global","Label","DEFAULT",false,true
"100365f4","FUN_100365f4","Global","Function","DEFAULT",false,true
"100365fb","?GetTableIndexFromLocaleName@@YAHPB_W@Z","Global","Label","ANALYSIS",false,false
"100365fb","?_AtlGetTableIndexFromLocaleName@ATL@@YAHPB_W@Z","Global","Label","ANALYSIS",false,false
"100365fb","FID_conflict:GetTableIndexFromLocaleName","Global","Function","ANALYSIS",false,true
"100365fb","_GetTableIndexFromLocaleName","Global","Label","ANALYSIS",false,false
"1003660a","LAB_1003660a","Global","Label","DEFAULT",false,true
"10036633","LAB_10036633","Global","Label","DEFAULT",false,true
"10036636","LAB_10036636","Global","Label","DEFAULT",false,true
"1003663f","LAB_1003663f","Global","Label","DEFAULT",false,true
"10036646","LAB_10036646","Global","Label","DEFAULT",false,true
"1003664b","FUN_1003664b","Global","Function","DEFAULT",false,true
"10036677","LAB_10036677","Global","Label","DEFAULT",false,true
"10036682","LAB_10036682","Global","Label","DEFAULT",false,true
"1003669e","LAB_1003669e","Global","Label","DEFAULT",false,true
"100366a1","LAB_100366a1","Global","Label","DEFAULT",false,true
"100366a5","LAB_100366a5","Global","Label","DEFAULT",false,true
"100366a7","LAB_100366a7","Global","Label","DEFAULT",false,true
"100366ac","LAB_100366ac","Global","Label","DEFAULT",false,true
"100366dc","LAB_100366dc","Global","Label","DEFAULT",false,true
"100366e1","LAB_100366e1","Global","Label","DEFAULT",false,true
"100366ee","___acrt_DownlevelLocaleNameToLCID","Global","Function","ANALYSIS",false,true
"10036716","LAB_10036716","Global","Label","DEFAULT",false,true
"1003671a","___acrt_lowio_create_handle_array","Global","Function","ANALYSIS",false,true
"1003673d","LAB_1003673d","Global","Label","DEFAULT",false,true
"1003674d","LAB_1003674d","Global","Label","DEFAULT",false,true
"10036788","LAB_10036788","Global","Label","DEFAULT",false,true
"10036795","___acrt_lowio_destroy_handle_array","Global","Function","ANALYSIS",false,true
"100367b0","LAB_100367b0","Global","Label","DEFAULT",false,true
"100367be","LAB_100367be","Global","Label","DEFAULT",false,true
"100367c7","LAB_100367c7","Global","Label","DEFAULT",false,true
"100367ca","___acrt_lowio_ensure_fh_exists","Global","Function","ANALYSIS",false,true
"100367ee","LAB_100367ee","Global","Label","DEFAULT",false,true
"10036800","LAB_10036800","Global","Label","DEFAULT",false,true
"10036817","LAB_10036817","Global","Label","DEFAULT",false,true
"1003683e","LAB_1003683e","Global","Label","DEFAULT",false,true
"1003684c","LAB_1003684c","Global","Label","DEFAULT",false,true
"10036859","LAB_10036859","Global","Label","DEFAULT",false,true
"1003685f","FUN_1003685f","Global","Function","DEFAULT",false,true
"10036868","___acrt_lowio_lock_fh","Global","Function","ANALYSIS",false,true
"1003688b","FUN_1003688b","Global","Function","DEFAULT",false,true
"100368e2","LAB_100368e2","Global","Label","DEFAULT",false,true
"100368e7","LAB_100368e7","Global","Label","DEFAULT",false,true
"100368ea","LAB_100368ea","Global","Label","DEFAULT",false,true
"100368f0","LAB_100368f0","Global","Label","DEFAULT",false,true
"10036903","LAB_10036903","Global","Label","DEFAULT",false,true
"10036919","LAB_10036919","Global","Label","DEFAULT",false,true
"1003691d","___acrt_lowio_unlock_fh","Global","Function","ANALYSIS",false,true
"10036940","__alloc_osfhnd","Global","Function","ANALYSIS",false,true
"1003695f","LAB_1003695f","Global","Label","DEFAULT",false,true
"100369ab","LAB_100369ab","Global","Label","DEFAULT",false,true
"100369ae","LAB_100369ae","Global","Label","DEFAULT",false,true
"100369cc","LAB_100369cc","Global","Label","DEFAULT",false,true
"100369da","LAB_100369da","Global","Label","DEFAULT",false,true
"10036a01","LAB_10036a01","Global","Label","DEFAULT",false,true
"10036a05","LAB_10036a05","Global","Label","DEFAULT",false,true
"10036a41","LAB_10036a41","Global","Label","DEFAULT",false,true
"10036a4a","FUN_10036a4a","Global","Function","DEFAULT",false,true
"10036a53","FUN_10036a53","Global","Function","DEFAULT",false,true
"10036aab","LAB_10036aab","Global","Label","DEFAULT",false,true
"10036ab0","LAB_10036ab0","Global","Label","DEFAULT",false,true
"10036ab3","LAB_10036ab3","Global","Label","DEFAULT",false,true
"10036ab9","LAB_10036ab9","Global","Label","DEFAULT",false,true
"10036ac9","LAB_10036ac9","Global","Label","DEFAULT",false,true
"10036adf","LAB_10036adf","Global","Label","DEFAULT",false,true
"10036ae4","FUN_10036ae4","Global","Function","DEFAULT",false,true
"10036b06","LAB_10036b06","Global","Label","DEFAULT",false,true
"10036b31","LAB_10036b31","Global","Label","DEFAULT",false,true
"10036b49","LAB_10036b49","Global","Label","DEFAULT",false,true
"10036b4e","FUN_10036b4e","Global","Function","DEFAULT",false,true
"10036b68","LAB_10036b68","Global","Label","DEFAULT",false,true
"10036b90","LAB_10036b90","Global","Label","DEFAULT",false,true
"10036ba0","LAB_10036ba0","Global","Label","DEFAULT",false,true
"10036ba4","FUN_10036ba4","Global","Function","DEFAULT",false,true
"10036bb6","LAB_10036bb6","Global","Label","DEFAULT",false,true
"10036bc1","LAB_10036bc1","Global","Label","DEFAULT",false,true
"10036bcc","LAB_10036bcc","Global","Label","DEFAULT",false,true
"10036bd0","FUN_10036bd0","Global","Function","DEFAULT",false,true
"10036c05","LAB_10036c05","Global","Label","DEFAULT",false,true
"10036c0f","LAB_10036c0f","Global","Label","DEFAULT",false,true
"10036c13","FUN_10036c13","Global","Function","DEFAULT",false,true
"10036c36","LAB_10036c36","Global","Label","DEFAULT",false,true
"10036c94","LAB_10036c94","Global","Label","DEFAULT",false,true
"10036ca1","LAB_10036ca1","Global","Label","DEFAULT",false,true
"10036cab","LAB_10036cab","Global","Label","DEFAULT",false,true
"10036caf","LAB_10036caf","Global","Label","DEFAULT",false,true
"10036cb8","LAB_10036cb8","Global","Label","DEFAULT",false,true
"10036cd0","LAB_10036cd0","Global","Label","DEFAULT",false,true
"10036ce0","LAB_10036ce0","Global","Label","DEFAULT",false,true
"10036cea","LAB_10036cea","Global","Label","DEFAULT",false,true
"10036cf6","LAB_10036cf6","Global","Label","DEFAULT",false,true
"10036d16","LAB_10036d16","Global","Label","DEFAULT",false,true
"10036d1b","__putwch_nolock","Global","Function","ANALYSIS",false,true
"10036d46","LAB_10036d46","Global","Label","DEFAULT",false,true
"10036d4d","___acrt_GetStringTypeW","Global","Function","ANALYSIS",false,true
"10036d66","FUN_10036d66","Global","Function","DEFAULT",false,true
"10036d76","LAB_10036d76","Global","Label","DEFAULT",false,true
"10036d77","LAB_10036d77","Global","Label","DEFAULT",false,true
"10036d85","LAB_10036d85","Global","Label","DEFAULT",false,true
"10036d89","FUN_10036d89","Global","Function","DEFAULT",false,true
"10036d9f","LAB_10036d9f","Global","Label","DEFAULT",false,true
"10036dd1","LAB_10036dd1","Global","Label","DEFAULT",false,true
"10036dd5","LAB_10036dd5","Global","Label","DEFAULT",false,true
"10036df5","LAB_10036df5","Global","Label","DEFAULT",false,true
"10036e13","LAB_10036e13","Global","Label","DEFAULT",false,true
"10036e17","FUN_10036e17","Global","Function","DEFAULT",false,true
"10036e4a","LAB_10036e4a","Global","Label","DEFAULT",false,true
"10036e5d","LAB_10036e5d","Global","Label","DEFAULT",false,true
"10036e67","LAB_10036e67","Global","Label","DEFAULT",false,true
"10036e6e","LAB_10036e6e","Global","Label","DEFAULT",false,true
"10036e70","LAB_10036e70","Global","Label","DEFAULT",false,true
"10036e8d","LAB_10036e8d","Global","Label","DEFAULT",false,true
"10036e9d","LAB_10036e9d","Global","Label","DEFAULT",false,true
"10036ea6","LAB_10036ea6","Global","Label","DEFAULT",false,true
"10036ea8","LAB_10036ea8","Global","Label","DEFAULT",false,true
"10036eb3","LAB_10036eb3","Global","Label","DEFAULT",false,true
"10036ed3","LAB_10036ed3","Global","Label","DEFAULT",false,true
"10036ed6","LAB_10036ed6","Global","Label","DEFAULT",false,true
"10036ee1","LAB_10036ee1","Global","Label","DEFAULT",false,true
"10036eeb","LAB_10036eeb","Global","Label","DEFAULT",false,true
"10036ef3","LAB_10036ef3","Global","Label","DEFAULT",false,true
"10036f0a","LAB_10036f0a","Global","Label","DEFAULT",false,true
"10036f0c","LAB_10036f0c","Global","Label","DEFAULT",false,true
"10036f0d","LAB_10036f0d","Global","Label","DEFAULT",false,true
"10036f11","FUN_10036f11","Global","Function","DEFAULT",false,true
"10036f5f","LAB_10036f5f","Global","Label","DEFAULT",false,true
"10036f72","LAB_10036f72","Global","Label","DEFAULT",false,true
"10036f86","LAB_10036f86","Global","Label","DEFAULT",false,true
"10036f8b","LAB_10036f8b","Global","Label","DEFAULT",false,true
"10036f8d","LAB_10036f8d","Global","Label","DEFAULT",false,true
"10036fda","LAB_10036fda","Global","Label","DEFAULT",false,true
"10036feb","LAB_10036feb","Global","Label","DEFAULT",false,true
"1003701d","LAB_1003701d","Global","Label","DEFAULT",false,true
"10037024","LAB_10037024","Global","Label","DEFAULT",false,true
"10037029","LAB_10037029","Global","Label","DEFAULT",false,true
"10037047","LAB_10037047","Global","Label","DEFAULT",false,true
"1003706c","LAB_1003706c","Global","Label","DEFAULT",false,true
"100370e7","LAB_100370e7","Global","Label","DEFAULT",false,true
"100370f4","LAB_100370f4","Global","Label","DEFAULT",false,true
"1003714b","LAB_1003714b","Global","Label","DEFAULT",false,true
"10037152","LAB_10037152","Global","Label","DEFAULT",false,true
"100371af","LAB_100371af","Global","Label","DEFAULT",false,true
"1003722b","LAB_1003722b","Global","Label","DEFAULT",false,true
"10037232","LAB_10037232","Global","Label","DEFAULT",false,true
"10037245","LAB_10037245","Global","Label","DEFAULT",false,true
"10037270","LAB_10037270","Global","Label","DEFAULT",false,true
"100372ba","LAB_100372ba","Global","Label","DEFAULT",false,true
"100372c3","LAB_100372c3","Global","Label","DEFAULT",false,true
"100372c5","LAB_100372c5","Global","Label","DEFAULT",false,true
"100372d6","LAB_100372d6","Global","Label","DEFAULT",false,true
"100372d8","LAB_100372d8","Global","Label","DEFAULT",false,true
"10037332","LAB_10037332","Global","Label","DEFAULT",false,true
"10037338","LAB_10037338","Global","Label","DEFAULT",false,true
"10037346","LAB_10037346","Global","Label","DEFAULT",false,true
"10037352","LAB_10037352","Global","Label","DEFAULT",false,true
"1003735c","LAB_1003735c","Global","Label","DEFAULT",false,true
"1003738b","LAB_1003738b","Global","Label","DEFAULT",false,true
"100373eb","LAB_100373eb","Global","Label","DEFAULT",false,true
"100373f2","LAB_100373f2","Global","Label","DEFAULT",false,true
"10037405","LAB_10037405","Global","Label","DEFAULT",false,true
"10037430","LAB_10037430","Global","Label","DEFAULT",false,true
"1003747a","LAB_1003747a","Global","Label","DEFAULT",false,true
"10037483","LAB_10037483","Global","Label","DEFAULT",false,true
"10037485","LAB_10037485","Global","Label","DEFAULT",false,true
"10037496","LAB_10037496","Global","Label","DEFAULT",false,true
"10037498","LAB_10037498","Global","Label","DEFAULT",false,true
"100374f2","LAB_100374f2","Global","Label","DEFAULT",false,true
"100374f8","LAB_100374f8","Global","Label","DEFAULT",false,true
"10037506","LAB_10037506","Global","Label","DEFAULT",false,true
"10037512","LAB_10037512","Global","Label","DEFAULT",false,true
"10037523","LAB_10037523","Global","Label","DEFAULT",false,true
"10037551","LAB_10037551","Global","Label","DEFAULT",false,true
"1003757d","LAB_1003757d","Global","Label","DEFAULT",false,true
"1003757f","LAB_1003757f","Global","Label","DEFAULT",false,true
"100375b9","LAB_100375b9","Global","Label","DEFAULT",false,true
"100375c4","LAB_100375c4","Global","Label","DEFAULT",false,true
"100375d3","LAB_100375d3","Global","Label","DEFAULT",false,true
"100375d5","LAB_100375d5","Global","Label","DEFAULT",false,true
"100375e2","LAB_100375e2","Global","Label","DEFAULT",false,true
"100375e4","LAB_100375e4","Global","Label","DEFAULT",false,true
"10037602","LAB_10037602","Global","Label","DEFAULT",false,true
"10037608","LAB_10037608","Global","Label","DEFAULT",false,true
"10037642","LAB_10037642","Global","Label","DEFAULT",false,true
"10037666","LAB_10037666","Global","Label","DEFAULT",false,true
"10037668","LAB_10037668","Global","Label","DEFAULT",false,true
"100376a4","LAB_100376a4","Global","Label","DEFAULT",false,true
"100376af","LAB_100376af","Global","Label","DEFAULT",false,true
"100376be","LAB_100376be","Global","Label","DEFAULT",false,true
"100376c0","LAB_100376c0","Global","Label","DEFAULT",false,true
"100376cd","LAB_100376cd","Global","Label","DEFAULT",false,true
"100376cf","LAB_100376cf","Global","Label","DEFAULT",false,true
"100376ec","LAB_100376ec","Global","Label","DEFAULT",false,true
"100376f2","LAB_100376f2","Global","Label","DEFAULT",false,true
"10037727","LAB_10037727","Global","Label","DEFAULT",false,true
"10037759","LAB_10037759","Global","Label","DEFAULT",false,true
"10037782","LAB_10037782","Global","Label","DEFAULT",false,true
"1003778a","LAB_1003778a","Global","Label","DEFAULT",false,true
"10037832","LAB_10037832","Global","Label","DEFAULT",false,true
"10037834","LAB_10037834","Global","Label","DEFAULT",false,true
"1003783e","LAB_1003783e","Global","Label","DEFAULT",false,true
"1003785b","LAB_1003785b","Global","Label","DEFAULT",false,true
"10037899","LAB_10037899","Global","Label","DEFAULT",false,true
"100378ca","LAB_100378ca","Global","Label","DEFAULT",false,true
"10037928","LAB_10037928","Global","Label","DEFAULT",false,true
"1003794d","LAB_1003794d","Global","Label","DEFAULT",false,true
"10037996","LAB_10037996","Global","Label","DEFAULT",false,true
"100379b0","LAB_100379b0","Global","Label","DEFAULT",false,true
"100379c7","LAB_100379c7","Global","Label","DEFAULT",false,true
"100379ed","LAB_100379ed","Global","Label","DEFAULT",false,true
"100379ff","LAB_100379ff","Global","Label","DEFAULT",false,true
"10037a17","LAB_10037a17","Global","Label","DEFAULT",false,true
"10037a3b","LAB_10037a3b","Global","Label","DEFAULT",false,true
"10037a53","LAB_10037a53","Global","Label","DEFAULT",false,true
"10037a7a","LAB_10037a7a","Global","Label","DEFAULT",false,true
"10037ac3","LAB_10037ac3","Global","Label","DEFAULT",false,true
"10037adb","LAB_10037adb","Global","Label","DEFAULT",false,true
"10037afc","LAB_10037afc","Global","Label","DEFAULT",false,true
"10037b25","LAB_10037b25","Global","Label","DEFAULT",false,true
"10037b3a","LAB_10037b3a","Global","Label","DEFAULT",false,true
"10037b43","LAB_10037b43","Global","Label","DEFAULT",false,true
"10037b58","LAB_10037b58","Global","Label","DEFAULT",false,true
"10037b69","LAB_10037b69","Global","Label","DEFAULT",false,true
"10037b6b","LAB_10037b6b","Global","Label","DEFAULT",false,true
"10037b8e","LAB_10037b8e","Global","Label","DEFAULT",false,true
"10037bb1","LAB_10037bb1","Global","Label","DEFAULT",false,true
"10037bc2","LAB_10037bc2","Global","Label","DEFAULT",false,true
"10037bdc","LAB_10037bdc","Global","Label","DEFAULT",false,true
"10037bf4","LAB_10037bf4","Global","Label","DEFAULT",false,true
"10037c04","LAB_10037c04","Global","Label","DEFAULT",false,true
"10037c16","LAB_10037c16","Global","Label","DEFAULT",false,true
"10037c35","LAB_10037c35","Global","Label","DEFAULT",false,true
"10037c86","LAB_10037c86","Global","Label","DEFAULT",false,true
"10037c9e","LAB_10037c9e","Global","Label","DEFAULT",false,true
"10037ca6","LAB_10037ca6","Global","Label","DEFAULT",false,true
"10037d4e","LAB_10037d4e","Global","Label","DEFAULT",false,true
"10037d50","LAB_10037d50","Global","Label","DEFAULT",false,true
"10037d5a","LAB_10037d5a","Global","Label","DEFAULT",false,true
"10037d77","LAB_10037d77","Global","Label","DEFAULT",false,true
"10037db5","LAB_10037db5","Global","Label","DEFAULT",false,true
"10037de6","LAB_10037de6","Global","Label","DEFAULT",false,true
"10037e44","LAB_10037e44","Global","Label","DEFAULT",false,true
"10037e69","LAB_10037e69","Global","Label","DEFAULT",false,true
"10037eb6","LAB_10037eb6","Global","Label","DEFAULT",false,true
"10037ecd","LAB_10037ecd","Global","Label","DEFAULT",false,true
"10037ef3","LAB_10037ef3","Global","Label","DEFAULT",false,true
"10037f05","LAB_10037f05","Global","Label","DEFAULT",false,true
"10037f1d","LAB_10037f1d","Global","Label","DEFAULT",false,true
"10037f41","LAB_10037f41","Global","Label","DEFAULT",false,true
"10037f59","LAB_10037f59","Global","Label","DEFAULT",false,true
"10037f80","LAB_10037f80","Global","Label","DEFAULT",false,true
"10037fc9","LAB_10037fc9","Global","Label","DEFAULT",false,true
"10037fe1","LAB_10037fe1","Global","Label","DEFAULT",false,true
"10038002","LAB_10038002","Global","Label","DEFAULT",false,true
"1003802b","LAB_1003802b","Global","Label","DEFAULT",false,true
"10038040","LAB_10038040","Global","Label","DEFAULT",false,true
"10038049","LAB_10038049","Global","Label","DEFAULT",false,true
"1003805e","LAB_1003805e","Global","Label","DEFAULT",false,true
"1003806f","LAB_1003806f","Global","Label","DEFAULT",false,true
"10038071","LAB_10038071","Global","Label","DEFAULT",false,true
"10038094","LAB_10038094","Global","Label","DEFAULT",false,true
"100380da","LAB_100380da","Global","Label","DEFAULT",false,true
"10038124","LAB_10038124","Global","Label","DEFAULT",false,true
"10038129","LAB_10038129","Global","Label","DEFAULT",false,true
"10038156","LAB_10038156","Global","Label","DEFAULT",false,true
"10038168","LAB_10038168","Global","Label","DEFAULT",false,true
"10038177","LAB_10038177","Global","Label","DEFAULT",false,true
"10038184","LAB_10038184","Global","Label","DEFAULT",false,true
"1003818e","LAB_1003818e","Global","Label","DEFAULT",false,true
"100381ad","LAB_100381ad","Global","Label","DEFAULT",false,true
"100381f8","LAB_100381f8","Global","Label","DEFAULT",false,true
"1003821e","LAB_1003821e","Global","Label","DEFAULT",false,true
"1003826a","LAB_1003826a","Global","Label","DEFAULT",false,true
"100382bf","LAB_100382bf","Global","Label","DEFAULT",false,true
"100382c5","LAB_100382c5","Global","Label","DEFAULT",false,true
"100382ee","LAB_100382ee","Global","Label","DEFAULT",false,true
"100382f8","LAB_100382f8","Global","Label","DEFAULT",false,true
"10038310","LAB_10038310","Global","Label","DEFAULT",false,true
"10038328","LAB_10038328","Global","Label","DEFAULT",false,true
"1003837d","LAB_1003837d","Global","Label","DEFAULT",false,true
"100383a8","LAB_100383a8","Global","Label","DEFAULT",false,true
"100383b7","LAB_100383b7","Global","Label","DEFAULT",false,true
"100383c9","LAB_100383c9","Global","Label","DEFAULT",false,true
"100383ef","LAB_100383ef","Global","Label","DEFAULT",false,true
"1003841c","LAB_1003841c","Global","Label","DEFAULT",false,true
"10038461","LAB_10038461","Global","Label","DEFAULT",false,true
"10038464","LAB_10038464","Global","Label","DEFAULT",false,true
"1003846a","LAB_1003846a","Global","Label","DEFAULT",false,true
"10038484","LAB_10038484","Global","Label","DEFAULT",false,true
"10038498","LAB_10038498","Global","Label","DEFAULT",false,true
"100384a8","LAB_100384a8","Global","Label","DEFAULT",false,true
"100384aa","LAB_100384aa","Global","Label","DEFAULT",false,true
"100384c5","LAB_100384c5","Global","Label","DEFAULT",false,true
"100384dd","LAB_100384dd","Global","Label","DEFAULT",false,true
"100384ec","LAB_100384ec","Global","Label","DEFAULT",false,true
"100384f9","FUN_100384f9","Global","Function","DEFAULT",false,true
"10038507","LAB_10038507","Global","Label","DEFAULT",false,true
"1003850f","LAB_1003850f","Global","Label","DEFAULT",false,true
"10038514","LAB_10038514","Global","Label","DEFAULT",false,true
"1003851f","LAB_1003851f","Global","Label","DEFAULT",false,true
"1003852b","LAB_1003852b","Global","Label","DEFAULT",false,true
"1003853c","LAB_1003853c","Global","Label","DEFAULT",false,true
"10038554","LAB_10038554","Global","Label","DEFAULT",false,true
"1003855a","LAB_1003855a","Global","Label","DEFAULT",false,true
"1003856e","LAB_1003856e","Global","Label","DEFAULT",false,true
"1003856f","LAB_1003856f","Global","Label","DEFAULT",false,true
"10038572","LAB_10038572","Global","Label","DEFAULT",false,true
"10038598","LAB_10038598","Global","Label","DEFAULT",false,true
"100385a5","LAB_100385a5","Global","Label","DEFAULT",false,true
"100385a9","??$common_gmtime_s@_J@@YAHQAUtm@@QB_J@Z","Global","Label","ANALYSIS",false,false
"100385a9","common_gmtime_s<__int64>","Global","Function","ANALYSIS",false,true
"100385cf","LAB_100385cf","Global","Label","DEFAULT",false,true
"100385f2","LAB_100385f2","Global","Label","DEFAULT",false,true
"1003860b","LAB_1003860b","Global","Label","DEFAULT",false,true
"1003861b","LAB_1003861b","Global","Label","DEFAULT",false,true
"10038625","LAB_10038625","Global","Label","DEFAULT",false,true
"1003862c","LAB_1003862c","Global","Label","DEFAULT",false,true
"1003867d","LAB_1003867d","Global","Label","DEFAULT",false,true
"10038685","LAB_10038685","Global","Label","DEFAULT",false,true
"1003868b","LAB_1003868b","Global","Label","DEFAULT",false,true
"100386ef","LAB_100386ef","Global","Label","DEFAULT",false,true
"100386f0","LAB_100386f0","Global","Label","DEFAULT",false,true
"100386f3","FUN_100386f3","Global","Function","DEFAULT",false,true
"10038757","LAB_10038757","Global","Label","DEFAULT",false,true
"1003878c","LAB_1003878c","Global","Label","DEFAULT",false,true
"1003878f","LAB_1003878f","Global","Label","DEFAULT",false,true
"10038796","LAB_10038796","Global","Label","DEFAULT",false,true
"100387ac","FUN_100387ac","Global","Function","DEFAULT",false,true
"100387b7","FUN_100387b7","Global","Function","DEFAULT",false,true
"100387c7","LAB_100387c7","Global","Label","DEFAULT",false,true
"100387d0","LAB_100387d0","Global","Label","DEFAULT",false,true
"100387e1","LAB_100387e1","Global","Label","DEFAULT",false,true
"100387f2","LAB_100387f2","Global","Label","DEFAULT",false,true
"10038801","LAB_10038801","Global","Label","DEFAULT",false,true
"10038806","__wcsnicmp","Global","Function","ANALYSIS",false,true
"1003881a","LAB_1003881a","Global","Label","DEFAULT",false,true
"10038831","LAB_10038831","Global","Label","DEFAULT",false,true
"1003883d","LAB_1003883d","Global","Label","DEFAULT",false,true
"10038852","FUN_10038852","Global","Function","DEFAULT",false,true
"1003887c","LAB_1003887c","Global","Label","DEFAULT",false,true
"1003889e","LAB_1003889e","Global","Label","DEFAULT",false,true
"100388aa","LAB_100388aa","Global","Label","DEFAULT",false,true
"100388d0","LAB_100388d0","Global","Label","DEFAULT",false,true
"1003890e","LAB_1003890e","Global","Label","DEFAULT",false,true
"1003891e","LAB_1003891e","Global","Label","DEFAULT",false,true
"10038920","LAB_10038920","Global","Label","DEFAULT",false,true
"10038921","LAB_10038921","Global","Label","DEFAULT",false,true
"10038922","LAB_10038922","Global","Label","DEFAULT",false,true
"10038925","__strnicmp","Global","Function","ANALYSIS",false,true
"1003893a","LAB_1003893a","Global","Label","DEFAULT",false,true
"10038951","LAB_10038951","Global","Label","DEFAULT",false,true
"10038975","LAB_10038975","Global","Label","DEFAULT",false,true
"1003897c","LAB_1003897c","Global","Label","DEFAULT",false,true
"1003898f","LAB_1003898f","Global","Label","DEFAULT",false,true
"10038992","FUN_10038992","Global","Function","DEFAULT",false,true
"100389bc","LAB_100389bc","Global","Label","DEFAULT",false,true
"100389db","LAB_100389db","Global","Label","DEFAULT",false,true
"100389fe","LAB_100389fe","Global","Label","DEFAULT",false,true
"10038a06","LAB_10038a06","Global","Label","DEFAULT",false,true
"10038a1d","LAB_10038a1d","Global","Label","DEFAULT",false,true
"10038a46","LAB_10038a46","Global","Label","DEFAULT",false,true
"10038a56","LAB_10038a56","Global","Label","DEFAULT",false,true
"10038a58","LAB_10038a58","Global","Label","DEFAULT",false,true
"10038a59","LAB_10038a59","Global","Label","DEFAULT",false,true
"10038a5a","LAB_10038a5a","Global","Label","DEFAULT",false,true
"10038a5d","??$common_sopen_dispatch@D@@YAHQBDHHHQAHH@Z","Global","Label","ANALYSIS",false,false
"10038a5d","common_sopen_dispatch<char>","Global","Function","ANALYSIS",false,true
"10038a70","LAB_10038a70","Global","Label","DEFAULT",false,true
"10038a83","LAB_10038a83","Global","Label","DEFAULT",false,true
"10038a9b","LAB_10038a9b","Global","Label","DEFAULT",false,true
"10038ada","LAB_10038ada","Global","Label","DEFAULT",false,true
"10038adc","LAB_10038adc","Global","Label","DEFAULT",false,true
"10038af2","FUN_10038af2","Global","Function","DEFAULT",false,true
"10038b2f","LAB_10038b2f","Global","Label","DEFAULT",false,true
"10038b37","LAB_10038b37","Global","Label","DEFAULT",false,true
"10038b38","??$common_sopen_dispatch@_W@@YAHQB_WHHHQAHH@Z","Global","Label","ANALYSIS",false,false
"10038b38","common_sopen_dispatch<wchar_t>","Global","Function","ANALYSIS",false,true
"10038b4b","LAB_10038b4b","Global","Label","DEFAULT",false,true
"10038b5e","LAB_10038b5e","Global","Label","DEFAULT",false,true
"10038b76","LAB_10038b76","Global","Label","DEFAULT",false,true
"10038bb5","LAB_10038bb5","Global","Label","DEFAULT",false,true
"10038bb7","LAB_10038bb7","Global","Label","DEFAULT",false,true
"10038bcd","FUN_10038bcd","Global","Function","DEFAULT",false,true
"10038c0a","LAB_10038c0a","Global","Label","DEFAULT",false,true
"10038c12","LAB_10038c12","Global","Label","DEFAULT",false,true
"10038c13","FUN_10038c13","Global","Function","DEFAULT",false,true
"10038c74","LAB_10038c74","Global","Label","DEFAULT",false,true
"10038cb2","LAB_10038cb2","Global","Label","DEFAULT",false,true
"10038cb7","LAB_10038cb7","Global","Label","DEFAULT",false,true
"10038cbb","LAB_10038cbb","Global","Label","DEFAULT",false,true
"10038cc8","LAB_10038cc8","Global","Label","DEFAULT",false,true
"10038ccc","LAB_10038ccc","Global","Label","DEFAULT",false,true
"10038cce","LAB_10038cce","Global","Label","DEFAULT",false,true
"10038d06","LAB_10038d06","Global","Label","DEFAULT",false,true
"10038d33","LAB_10038d33","Global","Label","DEFAULT",false,true
"10038d5e","LAB_10038d5e","Global","Label","DEFAULT",false,true
"10038d6a","LAB_10038d6a","Global","Label","DEFAULT",false,true
"10038d73","LAB_10038d73","Global","Label","DEFAULT",false,true
"10038d92","LAB_10038d92","Global","Label","DEFAULT",false,true
"10038db1","LAB_10038db1","Global","Label","DEFAULT",false,true
"10038dc9","LAB_10038dc9","Global","Label","DEFAULT",false,true
"10038def","LAB_10038def","Global","Label","DEFAULT",false,true
"10038e09","LAB_10038e09","Global","Label","DEFAULT",false,true
"10038e0c","LAB_10038e0c","Global","Label","DEFAULT",false,true
"10038e23","LAB_10038e23","Global","Label","DEFAULT",false,true
"10038e2e","LAB_10038e2e","Global","Label","DEFAULT",false,true
"10038e31","LAB_10038e31","Global","Label","DEFAULT",false,true
"10038e57","LAB_10038e57","Global","Label","DEFAULT",false,true
"10038e59","LAB_10038e59","Global","Label","DEFAULT",false,true
"10038e5e","LAB_10038e5e","Global","Label","DEFAULT",false,true
"10038e69","?create_file@@YAPAXQB_WQAU_SECURITY_ATTRIBUTES@@Ufile_options@?A0xa9d50aae@@@Z","Global","Label","ANALYSIS",false,false
"10038e69","create_file","Global","Function","ANALYSIS",false,true
"10038e8e","?decode_open_create_flags@@YAKH@Z","Global","Label","ANALYSIS",false,false
"10038e8e","decode_open_create_flags","Global","Function","ANALYSIS",false,true
"10038ec5","LAB_10038ec5","Global","Label","DEFAULT",false,true
"10038ec9","LAB_10038ec9","Global","Label","DEFAULT",false,true
"10038ecb","LAB_10038ecb","Global","Label","DEFAULT",false,true
"10038ece","LAB_10038ece","Global","Label","DEFAULT",false,true
"10038ee0","LAB_10038ee0","Global","Label","DEFAULT",false,true
"10038ef5","LAB_10038ef5","Global","Label","DEFAULT",false,true
"10038ef9","LAB_10038ef9","Global","Label","DEFAULT",false,true
"10038efe","FUN_10038efe","Global","Function","DEFAULT",false,true
"10038f3e","LAB_10038f3e","Global","Label","DEFAULT",false,true
"10038f45","LAB_10038f45","Global","Label","DEFAULT",false,true
"10038f66","LAB_10038f66","Global","Label","DEFAULT",false,true
"10038f68","LAB_10038f68","Global","Label","DEFAULT",false,true
"10038fa5","LAB_10038fa5","Global","Label","DEFAULT",false,true
"10038faf","LAB_10038faf","Global","Label","DEFAULT",false,true
"10038fb3","LAB_10038fb3","Global","Label","DEFAULT",false,true
"10038fb5","LAB_10038fb5","Global","Label","DEFAULT",false,true
"10038fb8","LAB_10038fb8","Global","Label","DEFAULT",false,true
"10038fbd","LAB_10038fbd","Global","Label","DEFAULT",false,true
"10038fbf","LAB_10038fbf","Global","Label","DEFAULT",false,true
"10038fd4","LAB_10038fd4","Global","Label","DEFAULT",false,true
"10038ff8","LAB_10038ff8","Global","Label","DEFAULT",false,true
"10038ffb","LAB_10038ffb","Global","Label","DEFAULT",false,true
"10039019","LAB_10039019","Global","Label","DEFAULT",false,true
"10039030","LAB_10039030","Global","Label","DEFAULT",false,true
"1003903b","LAB_1003903b","Global","Label","DEFAULT",false,true
"1003904a","LAB_1003904a","Global","Label","DEFAULT",false,true
"10039058","LAB_10039058","Global","Label","DEFAULT",false,true
"10039064","LAB_10039064","Global","Label","DEFAULT",false,true
"1003906b","LAB_1003906b","Global","Label","DEFAULT",false,true
"10039078","?truncate_ctrl_z_if_present@@YAHH@Z","Global","Label","ANALYSIS",false,false
"10039078","truncate_ctrl_z_if_present","Global","Function","ANALYSIS",false,true
"100390cd","LAB_100390cd","Global","Label","DEFAULT",false,true
"100390d6","LAB_100390d6","Global","Label","DEFAULT",false,true
"10039106","LAB_10039106","Global","Label","DEFAULT",false,true
"1003911b","LAB_1003911b","Global","Label","DEFAULT",false,true
"1003911d","LAB_1003911d","Global","Label","DEFAULT",false,true
"10039122","__sopen_nolock","Global","Function","ANALYSIS",false,true
"1003915d","LAB_1003915d","Global","Label","DEFAULT",false,true
"1003917c","LAB_1003917c","Global","Label","DEFAULT",false,true
"1003918b","LAB_1003918b","Global","Label","DEFAULT",false,true
"10039190","FID_conflict:__sopen_s","Global","Function","ANALYSIS",false,true
"10039190","__sopen_s","Global","Label","ANALYSIS",false,false
"10039190","__wsopen_s","Global","Label","ANALYSIS",false,false
"100391b0","__wsopen_nolock","Global","Function","ANALYSIS",false,true
"100391ef","LAB_100391ef","Global","Label","DEFAULT",false,true
"100391fb","LAB_100391fb","Global","Label","DEFAULT",false,true
"10039220","LAB_10039220","Global","Label","DEFAULT",false,true
"100392ab","LAB_100392ab","Global","Label","DEFAULT",false,true
"100392d0","LAB_100392d0","Global","Label","DEFAULT",false,true
"100392d6","LAB_100392d6","Global","Label","DEFAULT",false,true
"10039328","LAB_10039328","Global","Label","DEFAULT",false,true
"10039334","LAB_10039334","Global","Label","DEFAULT",false,true
"1003933e","LAB_1003933e","Global","Label","DEFAULT",false,true
"1003939e","LAB_1003939e","Global","Label","DEFAULT",false,true
"100393ab","LAB_100393ab","Global","Label","DEFAULT",false,true
"100393d8","LAB_100393d8","Global","Label","DEFAULT",false,true
"1003943a","LAB_1003943a","Global","Label","DEFAULT",false,true
"100394bb","LAB_100394bb","Global","Label","DEFAULT",false,true
"100394d3","LAB_100394d3","Global","Label","DEFAULT",false,true
"100394d5","LAB_100394d5","Global","Label","DEFAULT",false,true
"100394da","FID_conflict:__sopen_s","Global","Function","ANALYSIS",false,true
"100394da","__sopen_s","Global","Label","ANALYSIS",false,false
"100394da","__wsopen_s","Global","Label","ANALYSIS",false,false
"10039500","FUN_10039500","Global","Function","DEFAULT",false,true
"10039517","__startOneArgErrorHandling","Global","Function","ANALYSIS",false,true
"10039520","LAB_10039520","Global","Label","DEFAULT",false,true
"10039551","LAB_10039551","Global","Label","DEFAULT",false,true
"100397b4","FUN_100397b4","Global","Function","DEFAULT",false,true
"100397f3","LAB_100397f3","Global","Label","DEFAULT",false,true
"10039800","LAB_10039800","Global","Label","DEFAULT",false,true
"10039805","LAB_10039805","Global","Label","DEFAULT",false,true
"10039832","LAB_10039832","Global","Label","DEFAULT",false,true
"10039847","LAB_10039847","Global","Label","DEFAULT",false,true
"10039853","LAB_10039853","Global","Label","DEFAULT",false,true
"10039855","LAB_10039855","Global","Label","DEFAULT",false,true
"1003985f","LAB_1003985f","Global","Label","DEFAULT",false,true
"1003986f","LAB_1003986f","Global","Label","DEFAULT",false,true
"10039874","LAB_10039874","Global","Label","DEFAULT",false,true
"10039881","LAB_10039881","Global","Label","DEFAULT",false,true
"10039886","LAB_10039886","Global","Label","DEFAULT",false,true
"10039891","LAB_10039891","Global","Label","DEFAULT",false,true
"10039899","LAB_10039899","Global","Label","DEFAULT",false,true
"100398b1","LAB_100398b1","Global","Label","DEFAULT",false,true
"100398b4","LAB_100398b4","Global","Label","DEFAULT",false,true
"100398c3","FUN_100398c3","Global","Function","DEFAULT",false,true
"1003991c","LAB_1003991c","Global","Label","DEFAULT",false,true
"1003991f","LAB_1003991f","Global","Label","DEFAULT",false,true
"10039924","LAB_10039924","Global","Label","DEFAULT",false,true
"10039942","LAB_10039942","Global","Label","DEFAULT",false,true
"10039947","LAB_10039947","Global","Label","DEFAULT",false,true
"10039950","LAB_10039950","Global","Label","DEFAULT",false,true
"10039958","LAB_10039958","Global","Label","DEFAULT",false,true
"1003997b","LAB_1003997b","Global","Label","DEFAULT",false,true
"10039980","LAB_10039980","Global","Label","DEFAULT",false,true
"10039984","LAB_10039984","Global","Label","DEFAULT",false,true
"10039995","LAB_10039995","Global","Label","DEFAULT",false,true
"10039997","??$common_getenv_nolock@_W@@YAPA_WQB_W@Z","Global","Label","ANALYSIS",false,false
"10039997","common_getenv_nolock<wchar_t>","Global","Function","ANALYSIS",false,true
"100399bc","LAB_100399bc","Global","Label","DEFAULT",false,true
"100399cd","LAB_100399cd","Global","Label","DEFAULT",false,true
"100399d5","LAB_100399d5","Global","Label","DEFAULT",false,true
"10039a02","LAB_10039a02","Global","Label","DEFAULT",false,true
"10039a05","LAB_10039a05","Global","Label","DEFAULT",false,true
"10039a0b","LAB_10039a0b","Global","Label","DEFAULT",false,true
"10039a0d","LAB_10039a0d","Global","Label","DEFAULT",false,true
"10039a11","LAB_10039a11","Global","Label","DEFAULT",false,true
"10039a1b","common_getenv_s<>","Global","Function","ANALYSIS",false,true
"10039a71","FUN_10039a71","Global","Function","DEFAULT",false,true
"10039a7a","FUN_10039a7a","Global","Function","DEFAULT",false,true
"10039a9d","LAB_10039a9d","Global","Label","DEFAULT",false,true
"10039ab6","LAB_10039ab6","Global","Label","DEFAULT",false,true
"10039acd","LAB_10039acd","Global","Label","DEFAULT",false,true
"10039aee","LAB_10039aee","Global","Label","DEFAULT",false,true
"10039af2","LAB_10039af2","Global","Label","DEFAULT",false,true
"10039b05","LAB_10039b05","Global","Label","DEFAULT",false,true
"10039b14","LAB_10039b14","Global","Label","DEFAULT",false,true
"10039b16","LAB_10039b16","Global","Label","DEFAULT",false,true
"10039b17","LAB_10039b17","Global","Label","DEFAULT",false,true
"10039b1b","LAB_10039b1b","Global","Label","DEFAULT",false,true
"10039b28","FUN_10039b28","Global","Function","DEFAULT",false,true
"10039b40","_qsort","Global","Function","ANALYSIS",false,true
"10039b7e","LAB_10039b7e","Global","Label","DEFAULT",false,true
"10039b8e","LAB_10039b8e","Global","Label","DEFAULT",false,true
"10039b9f","LAB_10039b9f","Global","Label","DEFAULT",false,true
"10039bbc","LAB_10039bbc","Global","Label","DEFAULT",false,true
"10039bc2","LAB_10039bc2","Global","Label","DEFAULT",false,true
"10039be5","LAB_10039be5","Global","Label","DEFAULT",false,true
"10039bf3","LAB_10039bf3","Global","Label","DEFAULT",false,true
"10039c10","LAB_10039c10","Global","Label","DEFAULT",false,true
"10039c16","LAB_10039c16","Global","Label","DEFAULT",false,true
"10039c22","LAB_10039c22","Global","Label","DEFAULT",false,true
"10039c40","LAB_10039c40","Global","Label","DEFAULT",false,true
"10039c69","LAB_10039c69","Global","Label","DEFAULT",false,true
"10039c8a","LAB_10039c8a","Global","Label","DEFAULT",false,true
"10039ce0","LAB_10039ce0","Global","Label","DEFAULT",false,true
"10039d0a","LAB_10039d0a","Global","Label","DEFAULT",false,true
"10039d50","LAB_10039d50","Global","Label","DEFAULT",false,true
"10039d71","LAB_10039d71","Global","Label","DEFAULT",false,true
"10039da4","LAB_10039da4","Global","Label","DEFAULT",false,true
"10039dc5","LAB_10039dc5","Global","Label","DEFAULT",false,true
"10039dd3","LAB_10039dd3","Global","Label","DEFAULT",false,true
"10039de0","LAB_10039de0","Global","Label","DEFAULT",false,true
"10039e0f","LAB_10039e0f","Global","Label","DEFAULT",false,true
"10039e15","LAB_10039e15","Global","Label","DEFAULT",false,true
"10039e20","LAB_10039e20","Global","Label","DEFAULT",false,true
"10039e45","LAB_10039e45","Global","Label","DEFAULT",false,true
"10039e51","LAB_10039e51","Global","Label","DEFAULT",false,true
"10039e60","LAB_10039e60","Global","Label","DEFAULT",false,true
"10039e93","LAB_10039e93","Global","Label","DEFAULT",false,true
"10039eb1","LAB_10039eb1","Global","Label","DEFAULT",false,true
"10039ed8","LAB_10039ed8","Global","Label","DEFAULT",false,true
"10039eed","LAB_10039eed","Global","Label","DEFAULT",false,true
"10039f00","LAB_10039f00","Global","Label","DEFAULT",false,true
"10039f2d","LAB_10039f2d","Global","Label","DEFAULT",false,true
"10039f40","LAB_10039f40","Global","Label","DEFAULT",false,true
"10039f6b","LAB_10039f6b","Global","Label","DEFAULT",false,true
"10039f71","LAB_10039f71","Global","Label","DEFAULT",false,true
"10039faf","LAB_10039faf","Global","Label","DEFAULT",false,true
"10039fca","LAB_10039fca","Global","Label","DEFAULT",false,true
"10039fe6","LAB_10039fe6","Global","Label","DEFAULT",false,true
"10039ffd","LAB_10039ffd","Global","Label","DEFAULT",false,true
"1003a003","LAB_1003a003","Global","Label","DEFAULT",false,true
"1003a030","_strpbrk","Global","Function","ANALYSIS",false,true
"1003a044","LAB_1003a044","Global","Label","DEFAULT",false,true
"1003a053","LAB_1003a053","Global","Label","DEFAULT",false,true
"1003a058","LAB_1003a058","Global","Label","DEFAULT",false,true
"1003a06a","LAB_1003a06a","Global","Label","DEFAULT",false,true
"1003a070","__mbsdec","Global","Function","ANALYSIS",false,true
"1003a087","__mbsdec_l","Global","Function","ANALYSIS",false,true
"1003a0a9","LAB_1003a0a9","Global","Label","DEFAULT",false,true
"1003a0c3","LAB_1003a0c3","Global","Label","DEFAULT",false,true
"1003a0c8","LAB_1003a0c8","Global","Label","DEFAULT",false,true
"1003a0cc","LAB_1003a0cc","Global","Label","DEFAULT",false,true
"1003a0e3","LAB_1003a0e3","Global","Label","DEFAULT",false,true
"1003a0f3","LAB_1003a0f3","Global","Label","DEFAULT",false,true
"1003a0ff","LAB_1003a0ff","Global","Label","DEFAULT",false,true
"1003a10f","LAB_1003a10f","Global","Label","DEFAULT",false,true
"1003a111","LAB_1003a111","Global","Label","DEFAULT",false,true
"1003a114","LAB_1003a114","Global","Label","DEFAULT",false,true
"1003a123","__wcsnicoll","Global","Function","ANALYSIS",false,true
"1003a138","LAB_1003a138","Global","Label","DEFAULT",false,true
"1003a14f","LAB_1003a14f","Global","Label","DEFAULT",false,true
"1003a173","LAB_1003a173","Global","Label","DEFAULT",false,true
"1003a17a","LAB_1003a17a","Global","Label","DEFAULT",false,true
"1003a18d","LAB_1003a18d","Global","Label","DEFAULT",false,true
"1003a190","__wcsnicoll_l","Global","Function","ANALYSIS",false,true
"1003a1a7","LAB_1003a1a7","Global","Label","DEFAULT",false,true
"1003a1ad","LAB_1003a1ad","Global","Label","DEFAULT",false,true
"1003a1c7","LAB_1003a1c7","Global","Label","DEFAULT",false,true
"1003a1e9","LAB_1003a1e9","Global","Label","DEFAULT",false,true
"1003a214","LAB_1003a214","Global","Label","DEFAULT",false,true
"1003a237","LAB_1003a237","Global","Label","DEFAULT",false,true
"1003a23a","LAB_1003a23a","Global","Label","DEFAULT",false,true
"1003a24a","LAB_1003a24a","Global","Label","DEFAULT",false,true
"1003a24d","LAB_1003a24d","Global","Label","DEFAULT",false,true
"1003a250","FID_conflict:__msize_base","Global","Function","ANALYSIS",false,true
"1003a250","__msize","Global","Label","ANALYSIS",false,false
"1003a250","__msize_base","Global","Label","ANALYSIS",false,false
"1003a270","LAB_1003a270","Global","Label","DEFAULT",false,true
"1003a283","FUN_1003a283","Global","Function","DEFAULT",false,true
"1003a2b7","LAB_1003a2b7","Global","Label","DEFAULT",false,true
"1003a2bd","LAB_1003a2bd","Global","Label","DEFAULT",false,true
"1003a2fb","LAB_1003a2fb","Global","Label","DEFAULT",false,true
"1003a31d","LAB_1003a31d","Global","Label","DEFAULT",false,true
"1003a322","LAB_1003a322","Global","Label","DEFAULT",false,true
"1003a33a","LAB_1003a33a","Global","Label","DEFAULT",false,true
"1003a33f","??$common_xtox_s@K_W@@YAHKQA_WII_N@Z","Global","Label","ANALYSIS",false,false
"1003a33f","common_xtox_s<unsigned_long,wchar_t>","Global","Function","ANALYSIS",false,true
"1003a35f","LAB_1003a35f","Global","Label","DEFAULT",false,true
"1003a380","LAB_1003a380","Global","Label","DEFAULT",false,true
"1003a38b","LAB_1003a38b","Global","Label","DEFAULT",false,true
"1003a392","LAB_1003a392","Global","Label","DEFAULT",false,true
"1003a39e","LAB_1003a39e","Global","Label","DEFAULT",false,true
"1003a3ad","LAB_1003a3ad","Global","Label","DEFAULT",false,true
"1003a3ae","LAB_1003a3ae","Global","Label","DEFAULT",false,true
"1003a3b1","FID_conflict:__itow_s","Global","Function","ANALYSIS",false,true
"1003a3b1","__itow_s","Global","Label","ANALYSIS",false,false
"1003a3b1","__ltow_s","Global","Label","ANALYSIS",false,false
"1003a3c7","LAB_1003a3c7","Global","Label","DEFAULT",false,true
"1003a3cb","LAB_1003a3cb","Global","Label","DEFAULT",false,true
"1003a3e4","FUN_1003a3e4","Global","Function","DEFAULT",false,true
"1003a3ea","FUN_1003a3ea","Global","Function","DEFAULT",false,true
"1003a41d","LAB_1003a41d","Global","Label","DEFAULT",false,true
"1003a437","LAB_1003a437","Global","Label","DEFAULT",false,true
"1003a43e","LAB_1003a43e","Global","Label","DEFAULT",false,true
"1003a446","LAB_1003a446","Global","Label","DEFAULT",false,true
"1003a449","LAB_1003a449","Global","Label","DEFAULT",false,true
"1003a462","LAB_1003a462","Global","Label","DEFAULT",false,true
"1003a46e","LAB_1003a46e","Global","Label","DEFAULT",false,true
"1003a47a","LAB_1003a47a","Global","Label","DEFAULT",false,true
"1003a486","LAB_1003a486","Global","Label","DEFAULT",false,true
"1003a494","LAB_1003a494","Global","Label","DEFAULT",false,true
"1003a4ab","LAB_1003a4ab","Global","Label","DEFAULT",false,true
"1003a4d3","LAB_1003a4d3","Global","Label","DEFAULT",false,true
"1003a4e2","LAB_1003a4e2","Global","Label","DEFAULT",false,true
"1003a4e9","LAB_1003a4e9","Global","Label","DEFAULT",false,true
"1003a50e","LAB_1003a50e","Global","Label","DEFAULT",false,true
"1003a530","LAB_1003a530","Global","Label","DEFAULT",false,true
"1003a535","LAB_1003a535","Global","Label","DEFAULT",false,true
"1003a545","LAB_1003a545","Global","Label","DEFAULT",false,true
"1003a574","LAB_1003a574","Global","Label","DEFAULT",false,true
"1003a583","LAB_1003a583","Global","Label","DEFAULT",false,true
"1003a584","LAB_1003a584","Global","Label","DEFAULT",false,true
"1003a58a","LAB_1003a58a","Global","Label","DEFAULT",false,true
"1003a58c","LAB_1003a58c","Global","Label","DEFAULT",false,true
"1003a59b","?__dcrt_lowio_initialize_console_output@@YAXXZ","Global","Label","ANALYSIS",false,false
"1003a59b","__dcrt_lowio_initialize_console_output","Global","Function","ANALYSIS",false,true
"1003a5ba","___dcrt_lowio_ensure_console_output_initialized","Global","Function","ANALYSIS",false,true
"1003a5d0","LAB_1003a5d0","Global","Label","DEFAULT",false,true
"1003a5d9","FID_conflict:___dcrt_terminate_console_output","Global","Function","ANALYSIS",false,true
"1003a5d9","___dcrt_terminate_console_input","Global","Label","ANALYSIS",false,false
"1003a5d9","___dcrt_terminate_console_output","Global","Label","ANALYSIS",false,false
"1003a5ef","LAB_1003a5ef","Global","Label","DEFAULT",false,true
"1003a5f0","___dcrt_write_console","Global","Function","ANALYSIS",false,true
"1003a640","LAB_1003a640","Global","Label","DEFAULT",false,true
"1003a645","__controlfp_s","Global","Function","ANALYSIS",false,true
"1003a674","LAB_1003a674","Global","Label","DEFAULT",false,true
"1003a687","LAB_1003a687","Global","Label","DEFAULT",false,true
"1003a698","LAB_1003a698","Global","Label","DEFAULT",false,true
"1003a69d","LAB_1003a69d","Global","Label","DEFAULT",false,true
"1003a6a1","LAB_1003a6a1","Global","Label","DEFAULT",false,true
"1003a6a4","_fegetenv","Global","Label","ANALYSIS",false,false
"1003a6a4","fegetenv","Global","Function","ANALYSIS",false,true
"1003a6c1","FUN_1003a6c1","Global","Function","DEFAULT",false,true
"1003a707","LAB_1003a707","Global","Label","DEFAULT",false,true
"1003a70a","LAB_1003a70a","Global","Label","DEFAULT",false,true
"1003a70d","FUN_1003a70d","Global","Function","DEFAULT",false,true
"1003a755","LAB_1003a755","Global","Label","DEFAULT",false,true
"1003a760","FUN_1003a760","Global","Function","DEFAULT",false,true
"1003a790","LAB_1003a790","Global","Label","DEFAULT",false,true
"1003a79b","LAB_1003a79b","Global","Label","DEFAULT",false,true
"1003a7b8","FUN_1003a7b8","Global","Function","DEFAULT",false,true
"1003a7d1","LAB_1003a7d1","Global","Label","DEFAULT",false,true
"1003a7df","LAB_1003a7df","Global","Label","DEFAULT",false,true
"1003a7e5","LAB_1003a7e5","Global","Label","DEFAULT",false,true
"1003a802","LAB_1003a802","Global","Label","DEFAULT",false,true
"1003a80b","LAB_1003a80b","Global","Label","DEFAULT",false,true
"1003a820","LAB_1003a820","Global","Label","DEFAULT",false,true
"1003a82f","LAB_1003a82f","Global","Label","DEFAULT",false,true
"1003a836","LAB_1003a836","Global","Label","DEFAULT",false,true
"1003a851","LAB_1003a851","Global","Label","DEFAULT",false,true
"1003a870","FUN_1003a870","Global","Function","DEFAULT",false,true
"1003a8a4","LAB_1003a8a4","Global","Label","DEFAULT",false,true
"1003a8b0","LAB_1003a8b0","Global","Label","DEFAULT",false,true
"1003a903","LAB_1003a903","Global","Label","DEFAULT",false,true
"1003a92d","LAB_1003a92d","Global","Label","DEFAULT",false,true
"1003a932","LAB_1003a932","Global","Label","DEFAULT",false,true
"1003a96a","LAB_1003a96a","Global","Label","DEFAULT",false,true
"1003a971","LAB_1003a971","Global","Label","DEFAULT",false,true
"1003a98d","FUN_1003a98d","Global","Function","DEFAULT",false,true
"1003a9a1","FUN_1003a9a1","Global","Function","DEFAULT",false,true
"1003a9d0","___ascii_strnicmp","Global","Function","ANALYSIS",false,true
"1003a9ec","LAB_1003a9ec","Global","Label","DEFAULT",false,true
"1003aa08","LAB_1003aa08","Global","Label","DEFAULT",false,true
"1003aa12","LAB_1003aa12","Global","Label","DEFAULT",false,true
"1003aa1b","LAB_1003aa1b","Global","Label","DEFAULT",false,true
"1003aa21","LAB_1003aa21","Global","Label","DEFAULT",false,true
"1003aa2a","LAB_1003aa2a","Global","Label","DEFAULT",false,true
"1003aa31","FUN_1003aa31","Global","Function","DEFAULT",false,true
"1003aa52","LAB_1003aa52","Global","Label","DEFAULT",false,true
"1003aa5e","__setmode_nolock","Global","Function","ANALYSIS",false,true
"1003aacf","LAB_1003aacf","Global","Label","DEFAULT",false,true
"1003aae3","LAB_1003aae3","Global","Label","DEFAULT",false,true
"1003aaeb","LAB_1003aaeb","Global","Label","DEFAULT",false,true
"1003aafd","LAB_1003aafd","Global","Label","DEFAULT",false,true
"1003ab0a","LAB_1003ab0a","Global","Label","DEFAULT",false,true
"1003ab15","LAB_1003ab15","Global","Label","DEFAULT",false,true
"1003ab28","LAB_1003ab28","Global","Label","DEFAULT",false,true
"1003ab2d","??0__crt_seek_guard@@QAE@H_J@Z","Global","Label","ANALYSIS",false,false
"1003ab2d","__crt_seek_guard","__crt_seek_guard","Function","ANALYSIS",false,true
"1003ab7a","FUN_1003ab7a","Global","Function","DEFAULT",false,true
"1003abb1","FUN_1003abb1","Global","Function","DEFAULT",false,true
"1003ac0d","LAB_1003ac0d","Global","Label","DEFAULT",false,true
"1003ac30","LAB_1003ac30","Global","Label","DEFAULT",false,true
"1003ac46","LAB_1003ac46","Global","Label","DEFAULT",false,true
"1003ac54","LAB_1003ac54","Global","Label","DEFAULT",false,true
"1003ac59","LAB_1003ac59","Global","Label","DEFAULT",false,true
"1003ac85","LAB_1003ac85","Global","Label","DEFAULT",false,true
"1003ac97","LAB_1003ac97","Global","Label","DEFAULT",false,true
"1003ac9e","LAB_1003ac9e","Global","Label","DEFAULT",false,true
"1003acb5","LAB_1003acb5","Global","Label","DEFAULT",false,true
"1003acc0","LAB_1003acc0","Global","Label","DEFAULT",false,true
"1003acc2","LAB_1003acc2","Global","Label","DEFAULT",false,true
"1003accb","LAB_1003accb","Global","Label","DEFAULT",false,true
"1003acd5","LAB_1003acd5","Global","Label","DEFAULT",false,true
"1003acf5","LAB_1003acf5","Global","Label","DEFAULT",false,true
"1003ad20","LAB_1003ad20","Global","Label","DEFAULT",false,true
"1003ad26","LAB_1003ad26","Global","Label","DEFAULT",false,true
"1003ad2b","LAB_1003ad2b","Global","Label","DEFAULT",false,true
"1003ad2e","LAB_1003ad2e","Global","Label","DEFAULT",false,true
"1003ad48","FUN_1003ad48","Global","Function","DEFAULT",false,true
"1003adaa","LAB_1003adaa","Global","Label","DEFAULT",false,true
"1003adae","LAB_1003adae","Global","Label","DEFAULT",false,true
"1003adb2","LAB_1003adb2","Global","Label","DEFAULT",false,true
"1003adb6","LAB_1003adb6","Global","Label","DEFAULT",false,true
"1003adb8","LAB_1003adb8","Global","Label","DEFAULT",false,true
"1003ade3","LAB_1003ade3","Global","Label","DEFAULT",false,true
"1003adf5","LAB_1003adf5","Global","Label","DEFAULT",false,true
"1003ae12","LAB_1003ae12","Global","Label","DEFAULT",false,true
"1003ae3d","LAB_1003ae3d","Global","Label","DEFAULT",false,true
"1003ae45","LAB_1003ae45","Global","Label","DEFAULT",false,true
"1003ae58","FUN_1003ae58","Global","Function","DEFAULT",false,true
"1003ae73","LAB_1003ae73","Global","Label","DEFAULT",false,true
"1003ae8e","LAB_1003ae8e","Global","Label","DEFAULT",false,true
"1003ae98","LAB_1003ae98","Global","Label","DEFAULT",false,true
"1003aeb6","LAB_1003aeb6","Global","Label","DEFAULT",false,true
"1003aec8","LAB_1003aec8","Global","Label","DEFAULT",false,true
"1003aefe","LAB_1003aefe","Global","Label","DEFAULT",false,true
"1003af02","___acrt_LCMapStringW","Global","Function","ANALYSIS",false,true
"1003af23","LAB_1003af23","Global","Label","DEFAULT",false,true
"1003af40","___acrt_CompareStringW","Global","Function","ANALYSIS",false,true
"1003af5a","LAB_1003af5a","Global","Label","DEFAULT",false,true
"1003af6c","LAB_1003af6c","Global","Label","DEFAULT",false,true
"1003af8e","LAB_1003af8e","Global","Label","DEFAULT",false,true
"1003af97","LAB_1003af97","Global","Label","DEFAULT",false,true
"1003afa0","LAB_1003afa0","Global","Label","DEFAULT",false,true
"1003afa2","LAB_1003afa2","Global","Label","DEFAULT",false,true
"1003afa5","___hw_cw_sse2","Global","Function","ANALYSIS",false,true
"1003afc4","LAB_1003afc4","Global","Label","DEFAULT",false,true
"1003afce","LAB_1003afce","Global","Label","DEFAULT",false,true
"1003afd8","LAB_1003afd8","Global","Label","DEFAULT",false,true
"1003afe2","LAB_1003afe2","Global","Label","DEFAULT",false,true
"1003aff1","LAB_1003aff1","Global","Label","DEFAULT",false,true
"1003b00f","LAB_1003b00f","Global","Label","DEFAULT",false,true
"1003b016","LAB_1003b016","Global","Label","DEFAULT",false,true
"1003b01b","LAB_1003b01b","Global","Label","DEFAULT",false,true
"1003b040","LAB_1003b040","Global","Label","DEFAULT",false,true
"1003b045","LAB_1003b045","Global","Label","DEFAULT",false,true
"1003b04a","LAB_1003b04a","Global","Label","DEFAULT",false,true
"1003b04c","__clearfp","Global","Function","ANALYSIS",false,true
"1003b08a","LAB_1003b08a","Global","Label","DEFAULT",false,true
"1003b091","LAB_1003b091","Global","Label","DEFAULT",false,true
"1003b098","LAB_1003b098","Global","Label","DEFAULT",false,true
"1003b09e","LAB_1003b09e","Global","Label","DEFAULT",false,true
"1003b0a4","LAB_1003b0a4","Global","Label","DEFAULT",false,true
"1003b0ca","LAB_1003b0ca","Global","Label","DEFAULT",false,true
"1003b0d1","LAB_1003b0d1","Global","Label","DEFAULT",false,true
"1003b0d8","LAB_1003b0d8","Global","Label","DEFAULT",false,true
"1003b0de","LAB_1003b0de","Global","Label","DEFAULT",false,true
"1003b0e4","LAB_1003b0e4","Global","Label","DEFAULT",false,true
"1003b0eb","LAB_1003b0eb","Global","Label","DEFAULT",false,true
"1003b106","LAB_1003b106","Global","Label","DEFAULT",false,true
"1003b10e","LAB_1003b10e","Global","Label","DEFAULT",false,true
"1003b116","LAB_1003b116","Global","Label","DEFAULT",false,true
"1003b11d","LAB_1003b11d","Global","Label","DEFAULT",false,true
"1003b127","LAB_1003b127","Global","Label","DEFAULT",false,true
"1003b12a","__control87","Global","Function","ANALYSIS",false,true
"1003b14a","LAB_1003b14a","Global","Label","DEFAULT",false,true
"1003b151","LAB_1003b151","Global","Label","DEFAULT",false,true
"1003b158","LAB_1003b158","Global","Label","DEFAULT",false,true
"1003b15f","LAB_1003b15f","Global","Label","DEFAULT",false,true
"1003b169","LAB_1003b169","Global","Label","DEFAULT",false,true
"1003b19b","LAB_1003b19b","Global","Label","DEFAULT",false,true
"1003b19f","LAB_1003b19f","Global","Label","DEFAULT",false,true
"1003b1a5","LAB_1003b1a5","Global","Label","DEFAULT",false,true
"1003b1b9","LAB_1003b1b9","Global","Label","DEFAULT",false,true
"1003b1bf","LAB_1003b1bf","Global","Label","DEFAULT",false,true
"1003b1d1","LAB_1003b1d1","Global","Label","DEFAULT",false,true
"1003b20f","LAB_1003b20f","Global","Label","DEFAULT",false,true
"1003b216","LAB_1003b216","Global","Label","DEFAULT",false,true
"1003b21d","LAB_1003b21d","Global","Label","DEFAULT",false,true
"1003b224","LAB_1003b224","Global","Label","DEFAULT",false,true
"1003b22e","LAB_1003b22e","Global","Label","DEFAULT",false,true
"1003b253","LAB_1003b253","Global","Label","DEFAULT",false,true
"1003b25b","LAB_1003b25b","Global","Label","DEFAULT",false,true
"1003b261","LAB_1003b261","Global","Label","DEFAULT",false,true
"1003b279","LAB_1003b279","Global","Label","DEFAULT",false,true
"1003b27f","LAB_1003b27f","Global","Label","DEFAULT",false,true
"1003b291","LAB_1003b291","Global","Label","DEFAULT",false,true
"1003b2be","LAB_1003b2be","Global","Label","DEFAULT",false,true
"1003b2c9","LAB_1003b2c9","Global","Label","DEFAULT",false,true
"1003b2d4","LAB_1003b2d4","Global","Label","DEFAULT",false,true
"1003b2db","LAB_1003b2db","Global","Label","DEFAULT",false,true
"1003b2e8","LAB_1003b2e8","Global","Label","DEFAULT",false,true
"1003b30e","LAB_1003b30e","Global","Label","DEFAULT",false,true
"1003b315","LAB_1003b315","Global","Label","DEFAULT",false,true
"1003b31a","LAB_1003b31a","Global","Label","DEFAULT",false,true
"1003b33a","LAB_1003b33a","Global","Label","DEFAULT",false,true
"1003b341","LAB_1003b341","Global","Label","DEFAULT",false,true
"1003b346","LAB_1003b346","Global","Label","DEFAULT",false,true
"1003b384","LAB_1003b384","Global","Label","DEFAULT",false,true
"1003b38f","LAB_1003b38f","Global","Label","DEFAULT",false,true
"1003b39a","LAB_1003b39a","Global","Label","DEFAULT",false,true
"1003b3a5","LAB_1003b3a5","Global","Label","DEFAULT",false,true
"1003b3b2","LAB_1003b3b2","Global","Label","DEFAULT",false,true
"1003b3d8","LAB_1003b3d8","Global","Label","DEFAULT",false,true
"1003b3df","LAB_1003b3df","Global","Label","DEFAULT",false,true
"1003b3e4","LAB_1003b3e4","Global","Label","DEFAULT",false,true
"1003b401","LAB_1003b401","Global","Label","DEFAULT",false,true
"1003b408","LAB_1003b408","Global","Label","DEFAULT",false,true
"1003b40d","LAB_1003b40d","Global","Label","DEFAULT",false,true
"1003b420","LAB_1003b420","Global","Label","DEFAULT",false,true
"1003b424","LAB_1003b424","Global","Label","DEFAULT",false,true
"1003b426","LAB_1003b426","Global","Label","DEFAULT",false,true
"1003b42b","__hw_cw","Global","Function","ANALYSIS",false,true
"1003b448","LAB_1003b448","Global","Label","DEFAULT",false,true
"1003b450","LAB_1003b450","Global","Label","DEFAULT",false,true
"1003b458","LAB_1003b458","Global","Label","DEFAULT",false,true
"1003b460","LAB_1003b460","Global","Label","DEFAULT",false,true
"1003b46b","LAB_1003b46b","Global","Label","DEFAULT",false,true
"1003b494","LAB_1003b494","Global","Label","DEFAULT",false,true
"1003b49b","LAB_1003b49b","Global","Label","DEFAULT",false,true
"1003b4a0","LAB_1003b4a0","Global","Label","DEFAULT",false,true
"1003b4b6","LAB_1003b4b6","Global","Label","DEFAULT",false,true
"1003b4b8","LAB_1003b4b8","Global","Label","DEFAULT",false,true
"1003b4c7","LAB_1003b4c7","Global","Label","DEFAULT",false,true
"1003b4c9","LAB_1003b4c9","Global","Label","DEFAULT",false,true
"1003b4e0","FUN_1003b4e0","Global","Function","DEFAULT",false,true
"1003b4fe","FUN_1003b4fe","Global","Function","DEFAULT",false,true
"1003b503","LAB_1003b503","Global","Label","DEFAULT",false,true
"1003b656","LAB_1003b656","Global","Label","DEFAULT",false,true
"1003b6b4","LAB_1003b6b4","Global","Label","DEFAULT",false,true
"1003b6bb","LAB_1003b6bb","Global","Label","DEFAULT",false,true
"1003b6d6","LAB_1003b6d6","Global","Label","DEFAULT",false,true
"1003b6ec","LAB_1003b6ec","Global","Label","DEFAULT",false,true
"1003b6fd","LAB_1003b6fd","Global","Label","DEFAULT",false,true
"1003b70a","LAB_1003b70a","Global","Label","DEFAULT",false,true
"1003b737","LAB_1003b737","Global","Label","DEFAULT",false,true
"1003b976","___libm_error_support","Global","Function","ANALYSIS",false,true
"1003b999","LAB_1003b999","Global","Label","DEFAULT",false,true
"1003b99e","LAB_1003b99e","Global","Label","DEFAULT",false,true
"1003b9dd","LAB_1003b9dd","Global","Label","DEFAULT",false,true
"1003b9ec","LAB_1003b9ec","Global","Label","DEFAULT",false,true
"1003b9f8","LAB_1003b9f8","Global","Label","DEFAULT",false,true
"1003ba07","LAB_1003ba07","Global","Label","DEFAULT",false,true
"1003ba1a","LAB_1003ba1a","Global","Label","DEFAULT",false,true
"1003ba34","LAB_1003ba34","Global","Label","DEFAULT",false,true
"1003ba67","LAB_1003ba67","Global","Label","DEFAULT",false,true
"1003ba73","LAB_1003ba73","Global","Label","DEFAULT",false,true
"1003ba7c","LAB_1003ba7c","Global","Label","DEFAULT",false,true
"1003ba7e","LAB_1003ba7e","Global","Label","DEFAULT",false,true
"1003ba88","LAB_1003ba88","Global","Label","DEFAULT",false,true
"1003bab5","LAB_1003bab5","Global","Label","DEFAULT",false,true
"1003babc","LAB_1003babc","Global","Label","DEFAULT",false,true
"1003bac5","LAB_1003bac5","Global","Label","DEFAULT",false,true
"1003bace","LAB_1003bace","Global","Label","DEFAULT",false,true
"1003bad7","LAB_1003bad7","Global","Label","DEFAULT",false,true
"1003bade","LAB_1003bade","Global","Label","DEFAULT",false,true
"1003bb1d","LAB_1003bb1d","Global","Label","DEFAULT",false,true
"1003bb24","LAB_1003bb24","Global","Label","DEFAULT",false,true
"1003bb2b","LAB_1003bb2b","Global","Label","DEFAULT",false,true
"1003bb61","LAB_1003bb61","Global","Label","DEFAULT",false,true
"1003bb66","LAB_1003bb66","Global","Label","DEFAULT",false,true
"1003bb6a","FUN_1003bb6a","Global","Function","DEFAULT",false,true
"1003bbcf","LAB_1003bbcf","Global","Label","DEFAULT",false,true
"1003bbd9","LAB_1003bbd9","Global","Label","DEFAULT",false,true
"1003bbe5","LAB_1003bbe5","Global","Label","DEFAULT",false,true
"1003bc14","LAB_1003bc14","Global","Label","DEFAULT",false,true
"1003bc22","LAB_1003bc22","Global","Label","DEFAULT",false,true
"1003bc24","LAB_1003bc24","Global","Label","DEFAULT",false,true
"1003bc28","LAB_1003bc28","Global","Label","DEFAULT",false,true
"1003bc3b","LAB_1003bc3b","Global","Label","DEFAULT",false,true
"1003bc3e","FUN_1003bc3e","Global","Function","DEFAULT",false,true
"1003bc9b","LAB_1003bc9b","Global","Label","DEFAULT",false,true
"1003bca0","LAB_1003bca0","Global","Label","DEFAULT",false,true
"1003bca2","LAB_1003bca2","Global","Label","DEFAULT",false,true
"1003bca6","FUN_1003bca6","Global","Function","DEFAULT",false,true
"1003bcd0","LAB_1003bcd0","Global","Label","DEFAULT",false,true
"1003bcdf","LAB_1003bcdf","Global","Label","DEFAULT",false,true
"1003bcfa","LAB_1003bcfa","Global","Label","DEFAULT",false,true
"1003bd1b","LAB_1003bd1b","Global","Label","DEFAULT",false,true
"1003bd3a","LAB_1003bd3a","Global","Label","DEFAULT",false,true
"1003bd6f","LAB_1003bd6f","Global","Label","DEFAULT",false,true
"1003bdac","LAB_1003bdac","Global","Label","DEFAULT",false,true
"1003bdc4","LAB_1003bdc4","Global","Label","DEFAULT",false,true
"1003bdc8","LAB_1003bdc8","Global","Label","DEFAULT",false,true
"1003bdcb","LAB_1003bdcb","Global","Label","DEFAULT",false,true
"1003bdcd","LAB_1003bdcd","Global","Label","DEFAULT",false,true
"1003bdd1","__frnd","Global","Function","ANALYSIS",false,true
"1003bde5","__fpclass","Global","Function","ANALYSIS",false,true
"1003be21","LAB_1003be21","Global","Label","DEFAULT",false,true
"1003be25","LAB_1003be25","Global","Label","DEFAULT",false,true
"1003be27","LAB_1003be27","Global","Label","DEFAULT",false,true
"1003be2a","LAB_1003be2a","Global","Label","DEFAULT",false,true
"1003be31","LAB_1003be31","Global","Label","DEFAULT",false,true
"1003be4e","LAB_1003be4e","Global","Label","DEFAULT",false,true
"1003be5d","LAB_1003be5d","Global","Label","DEFAULT",false,true
"1003be77","LAB_1003be77","Global","Label","DEFAULT",false,true
"1003be89","guard_check_icall","Global","Function","DEFAULT",false,true
"1003be90","__FindPESection","Global","Function","ANALYSIS",false,true
"1003beb4","LAB_1003beb4","Global","Label","DEFAULT",false,true
"1003bec4","LAB_1003bec4","Global","Label","DEFAULT",false,true
"1003becc","LAB_1003becc","Global","Label","DEFAULT",false,true
"1003bece","LAB_1003bece","Global","Label","DEFAULT",false,true
"1003bee0","__IsNonwritableInCurrentImage","Global","Function","ANALYSIS",false,true
"1003bf7f","LAB_1003bf7f","Global","Label","DEFAULT",false,true
"1003bfa0","FUN_1003bfa0","Global","Function","DEFAULT",false,true
"1003bfcd","LAB_1003bfcd","Global","Label","DEFAULT",false,true
"1003bfe0","__allshl","Global","Function","ANALYSIS",false,true
"1003bff0","LAB_1003bff0","Global","Label","DEFAULT",false,true
"1003bffa","LAB_1003bffa","Global","Label","DEFAULT",false,true
"1003c000","__aullshr","Global","Function","ANALYSIS",false,true
"1003c010","LAB_1003c010","Global","Label","DEFAULT",false,true
"1003c01a","LAB_1003c01a","Global","Label","DEFAULT",false,true
"1003c020","thunk_FUN_1003c030","Global","Function","DEFAULT",false,true
"1003c030","FUN_1003c030","Global","Function","DEFAULT",false,true
"1003c041","FUN_1003c041","Global","Function","DEFAULT",false,true
"1003c084","LAB_1003c084","Global","Label","DEFAULT",false,true
"1003c08c","LAB_1003c08c","Global","Label","DEFAULT",false,true
"1003c09f","LAB_1003c09f","Global","Label","DEFAULT",false,true
"1003c0b0","FUN_1003c0b0","Global","Function","DEFAULT",false,true
"1003c0ed","LAB_1003c0ed","Global","Label","DEFAULT",false,true
"1003c11d","LAB_1003c11d","Global","Label","DEFAULT",false,true
"1003c13d","LAB_1003c13d","Global","Label","DEFAULT",false,true
"1003c14f","LAB_1003c14f","Global","Label","DEFAULT",false,true
"1003c164","LAB_1003c164","Global","Label","DEFAULT",false,true
"1003c168","LAB_1003c168","Global","Label","DEFAULT",false,true
"1003c17b","LAB_1003c17b","Global","Label","DEFAULT",false,true
"1003c17e","LAB_1003c17e","Global","Label","DEFAULT",false,true
"1003c1a3","LAB_1003c1a3","Global","Label","DEFAULT",false,true
"1003c1b7","LAB_1003c1b7","Global","Label","DEFAULT",false,true
"1003c1be","LAB_1003c1be","Global","Label","DEFAULT",false,true
"1003c1e1","LAB_1003c1e1","Global","Label","DEFAULT",false,true
"1003c1e3","LAB_1003c1e3","Global","Label","DEFAULT",false,true
"1003c1f0","FUN_1003c1f0","Global","Function","DEFAULT",false,true
"1003c20e","LAB_1003c20e","Global","Label","DEFAULT",false,true
"1003c220","LAB_1003c220","Global","Label","DEFAULT",false,true
"1003c221","LAB_1003c221","Global","Label","DEFAULT",false,true
"1003c22b","LAB_1003c22b","Global","Label","DEFAULT",false,true
"1003c23c","LAB_1003c23c","Global","Label","DEFAULT",false,true
"1003c267","LAB_1003c267","Global","Label","DEFAULT",false,true
"1003c276","LAB_1003c276","Global","Label","DEFAULT",false,true
"1003c27b","LAB_1003c27b","Global","Label","DEFAULT",false,true
"1003c282","LAB_1003c282","Global","Label","DEFAULT",false,true
"1003c286","LAB_1003c286","Global","Label","DEFAULT",false,true
"1003c28a","FUN_1003c28a","Global","Function","DEFAULT",false,true
"1003c2aa","LAB_1003c2aa","Global","Label","DEFAULT",false,true
"1003c2c6","LAB_1003c2c6","Global","Label","DEFAULT",false,true
"1003c2db","LAB_1003c2db","Global","Label","DEFAULT",false,true
"1003c2e9","LAB_1003c2e9","Global","Label","DEFAULT",false,true
"1003c2f6","LAB_1003c2f6","Global","Label","DEFAULT",false,true
"1003c2fa","LAB_1003c2fa","Global","Label","DEFAULT",false,true
"1003c301","Unwind@1003c301","Global","Function","ANALYSIS",false,true
"1003c309","Unwind@1003c309","Global","Function","ANALYSIS",false,true
"1003c311","Unwind@1003c311","Global","Function","ANALYSIS",false,true
"1003c31e","LAB_1003c31e","Global","Label","DEFAULT",false,true
"1003c348","Unwind@1003c348","Global","Function","ANALYSIS",false,true
"1003c355","LAB_1003c355","Global","Label","DEFAULT",false,true
"1003c372","Unwind@1003c372","Global","Function","ANALYSIS",false,true
"1003c37a","Unwind@1003c37a","Global","Function","ANALYSIS",false,true
"1003c387","LAB_1003c387","Global","Label","DEFAULT",false,true
"1003c3a4","Unwind@1003c3a4","Global","Function","ANALYSIS",false,true
"1003c3bf","LAB_1003c3bf","Global","Label","DEFAULT",false,true
"1003c3c0","Unwind@1003c3c0","Global","Function","ANALYSIS",false,true
"1003c3cb","Unwind@1003c3cb","Global","Function","ANALYSIS",false,true
"1003c3db","LAB_1003c3db","Global","Label","DEFAULT",false,true
"1003c3f8","Unwind@1003c3f8","Global","Function","ANALYSIS",false,true
"1003c413","LAB_1003c413","Global","Label","DEFAULT",false,true
"1003c414","Unwind@1003c414","Global","Function","ANALYSIS",false,true
"1003c424","LAB_1003c424","Global","Label","DEFAULT",false,true
"1003c441","Unwind@1003c441","Global","Function","ANALYSIS",false,true
"1003c45c","LAB_1003c45c","Global","Label","DEFAULT",false,true
"1003c462","LAB_1003c462","Global","Label","DEFAULT",false,true
"1003c47f","LAB_1003c47f","Global","Label","DEFAULT",false,true
"1003c49c","Unwind@1003c49c","Global","Function","ANALYSIS",false,true
"1003c4a4","Unwind@1003c4a4","Global","Function","ANALYSIS",false,true
"1003c4af","Unwind@1003c4af","Global","Function","ANALYSIS",false,true
"1003c4ba","Unwind@1003c4ba","Global","Function","ANALYSIS",false,true
"1003c4c5","Unwind@1003c4c5","Global","Function","ANALYSIS",false,true
"1003c4d0","Unwind@1003c4d0","Global","Function","ANALYSIS",false,true
"1003c4db","Unwind@1003c4db","Global","Function","ANALYSIS",false,true
"1003c4eb","LAB_1003c4eb","Global","Label","DEFAULT",false,true
"1003c508","Unwind@1003c508","Global","Function","ANALYSIS",false,true
"1003c515","LAB_1003c515","Global","Label","DEFAULT",false,true
"1003c532","Unwind@1003c532","Global","Function","ANALYSIS",false,true
"1003c53f","LAB_1003c53f","Global","Label","DEFAULT",false,true
"1003c566","LAB_1003c566","Global","Label","DEFAULT",false,true
"1003c583","LAB_1003c583","Global","Label","DEFAULT",false,true
"1003c5a0","LAB_1003c5a0","Global","Label","DEFAULT",false,true
"1003c5bd","LAB_1003c5bd","Global","Label","DEFAULT",false,true
"1003c5da","Unwind@1003c5da","Global","Function","ANALYSIS",false,true
"1003c5e2","Unwind@1003c5e2","Global","Function","ANALYSIS",false,true
"1003c5ed","Unwind@1003c5ed","Global","Function","ANALYSIS",false,true
"1003c5f5","Unwind@1003c5f5","Global","Function","ANALYSIS",false,true
"1003c602","LAB_1003c602","Global","Label","DEFAULT",false,true
"1003c62c","Unwind@1003c62c","Global","Function","ANALYSIS",false,true
"1003c63e","LAB_1003c63e","Global","Label","DEFAULT",false,true
"1003c65b","Unwind@1003c65b","Global","Function","ANALYSIS",false,true
"1003c66d","LAB_1003c66d","Global","Label","DEFAULT",false,true
"1003c68a","Unwind@1003c68a","Global","Function","ANALYSIS",false,true
"1003c697","LAB_1003c697","Global","Label","DEFAULT",false,true
"1003c6b4","Unwind@1003c6b4","Global","Function","ANALYSIS",false,true
"1003c6bc","Unwind@1003c6bc","Global","Function","ANALYSIS",false,true
"1003c6c9","LAB_1003c6c9","Global","Label","DEFAULT",false,true
"1003c6f0","LAB_1003c6f0","Global","Label","DEFAULT",false,true
"1003c70d","Unwind@1003c70d","Global","Function","ANALYSIS",false,true
"1003c71a","LAB_1003c71a","Global","Label","DEFAULT",false,true
"1003c737","Unwind@1003c737","Global","Function","ANALYSIS",false,true
"1003c744","LAB_1003c744","Global","Label","DEFAULT",false,true
"1003c761","Unwind@1003c761","Global","Function","ANALYSIS",false,true
"1003c76e","LAB_1003c76e","Global","Label","DEFAULT",false,true
"1003c795","Unwind@1003c795","Global","Function","ANALYSIS",false,true
"1003c7a2","LAB_1003c7a2","Global","Label","DEFAULT",false,true
"1003c7bf","Unwind@1003c7bf","Global","Function","ANALYSIS",false,true
"1003c7c7","Unwind@1003c7c7","Global","Function","ANALYSIS",false,true
"1003c7cf","Unwind@1003c7cf","Global","Function","ANALYSIS",false,true
"1003c7d7","Unwind@1003c7d7","Global","Function","ANALYSIS",false,true
"1003c7e4","LAB_1003c7e4","Global","Label","DEFAULT",false,true
"1003c80b","Unwind@1003c80b","Global","Function","ANALYSIS",false,true
"1003c818","LAB_1003c818","Global","Label","DEFAULT",false,true
"1003c835","Unwind@1003c835","Global","Function","ANALYSIS",false,true
"1003c842","LAB_1003c842","Global","Label","DEFAULT",false,true
"1003c85f","Unwind@1003c85f","Global","Function","ANALYSIS",false,true
"1003c867","Unwind@1003c867","Global","Function","ANALYSIS",false,true
"1003c874","LAB_1003c874","Global","Label","DEFAULT",false,true
"1003c891","Unwind@1003c891","Global","Function","ANALYSIS",false,true
"1003c899","Unwind@1003c899","Global","Function","ANALYSIS",false,true
"1003c8a6","LAB_1003c8a6","Global","Label","DEFAULT",false,true
"1003c8c3","Unwind@1003c8c3","Global","Function","ANALYSIS",false,true
"1003c8d0","Unwind@1003c8d0","Global","Function","ANALYSIS",false,true
"1003c8e8","LAB_1003c8e8","Global","Label","DEFAULT",false,true
"1003c8ee","LAB_1003c8ee","Global","Label","DEFAULT",false,true
"1003c90b","Unwind@1003c90b","Global","Function","ANALYSIS",false,true
"1003c918","LAB_1003c918","Global","Label","DEFAULT",false,true
"1003c935","Unwind@1003c935","Global","Function","ANALYSIS",false,true
"1003c93d","Unwind@1003c93d","Global","Function","ANALYSIS",false,true
"1003c945","Unwind@1003c945","Global","Function","ANALYSIS",false,true
"1003c94d","Unwind@1003c94d","Global","Function","ANALYSIS",false,true
"1003c95a","LAB_1003c95a","Global","Label","DEFAULT",false,true
"1003c981","Unwind@1003c981","Global","Function","ANALYSIS",false,true
"1003c98e","LAB_1003c98e","Global","Label","DEFAULT",false,true
"1003c9b5","Unwind@1003c9b5","Global","Function","ANALYSIS",false,true
"1003c9bd","Unwind@1003c9bd","Global","Function","ANALYSIS",false,true
"1003c9ca","LAB_1003c9ca","Global","Label","DEFAULT",false,true
"1003c9f1","Unwind@1003c9f1","Global","Function","ANALYSIS",false,true
"1003c9fe","LAB_1003c9fe","Global","Label","DEFAULT",false,true
"1003ca1b","Unwind@1003ca1b","Global","Function","ANALYSIS",false,true
"1003ca23","Unwind@1003ca23","Global","Function","ANALYSIS",false,true
"1003ca2b","Unwind@1003ca2b","Global","Function","ANALYSIS",false,true
"1003ca43","LAB_1003ca43","Global","Label","DEFAULT",false,true
"1003ca44","Unwind@1003ca44","Global","Function","ANALYSIS",false,true
"1003ca5c","LAB_1003ca5c","Global","Label","DEFAULT",false,true
"1003ca62","LAB_1003ca62","Global","Label","DEFAULT",false,true
"1003ca7f","Unwind@1003ca7f","Global","Function","ANALYSIS",false,true
"1003ca8c","LAB_1003ca8c","Global","Label","DEFAULT",false,true
"1003caa9","Unwind@1003caa9","Global","Function","ANALYSIS",false,true
"1003cab1","Unwind@1003cab1","Global","Function","ANALYSIS",false,true
"1003cac4","LAB_1003cac4","Global","Label","DEFAULT",false,true
"1003cae1","Unwind@1003cae1","Global","Function","ANALYSIS",false,true
"1003caf6","LAB_1003caf6","Global","Label","DEFAULT",false,true
"1003cb13","Unwind@1003cb13","Global","Function","ANALYSIS",false,true
"1003cb20","LAB_1003cb20","Global","Label","DEFAULT",false,true
"1003cb3d","Unwind@1003cb3d","Global","Function","ANALYSIS",false,true
"1003cb4a","LAB_1003cb4a","Global","Label","DEFAULT",false,true
"1003cb67","Unwind@1003cb67","Global","Function","ANALYSIS",false,true
"1003cb6f","Unwind@1003cb6f","Global","Function","ANALYSIS",false,true
"1003cb7c","LAB_1003cb7c","Global","Label","DEFAULT",false,true
"1003cb99","Unwind@1003cb99","Global","Function","ANALYSIS",false,true
"1003cbab","LAB_1003cbab","Global","Label","DEFAULT",false,true
"1003cbc8","Unwind@1003cbc8","Global","Function","ANALYSIS",false,true
"1003cbd8","LAB_1003cbd8","Global","Label","DEFAULT",false,true
"1003cbf5","Unwind@1003cbf5","Global","Function","ANALYSIS",false,true
"1003cbfd","Unwind@1003cbfd","Global","Function","ANALYSIS",false,true
"1003cc0d","LAB_1003cc0d","Global","Label","DEFAULT",false,true
"1003cc2a","LAB_1003cc2a","Global","Label","DEFAULT",false,true
"1003cc47","Unwind@1003cc47","Global","Function","ANALYSIS",false,true
"1003cc57","LAB_1003cc57","Global","Label","DEFAULT",false,true
"1003cc81","Unwind@1003cc81","Global","Function","ANALYSIS",false,true
"1003cc8e","LAB_1003cc8e","Global","Label","DEFAULT",false,true
"1003ccab","Unwind@1003ccab","Global","Function","ANALYSIS",false,true
"1003ccb3","Unwind@1003ccb3","Global","Function","ANALYSIS",false,true
"1003ccbb","Unwind@1003ccbb","Global","Function","ANALYSIS",false,true
"1003ccc8","LAB_1003ccc8","Global","Label","DEFAULT",false,true
"1003cce5","Unwind@1003cce5","Global","Function","ANALYSIS",false,true
"1003ccf2","LAB_1003ccf2","Global","Label","DEFAULT",false,true
"1003cd0f","Unwind@1003cd0f","Global","Function","ANALYSIS",false,true
"1003cd1a","Unwind@1003cd1a","Global","Function","ANALYSIS",false,true
"1003cd2a","LAB_1003cd2a","Global","Label","DEFAULT",false,true
"1003cd54","Unwind@1003cd54","Global","Function","ANALYSIS",false,true
"1003cd64","LAB_1003cd64","Global","Label","DEFAULT",false,true
"1003cd8e","Unwind@1003cd8e","Global","Function","ANALYSIS",false,true
"1003cd9b","LAB_1003cd9b","Global","Label","DEFAULT",false,true
"1003cdb8","Unwind@1003cdb8","Global","Function","ANALYSIS",false,true
"1003cdc5","LAB_1003cdc5","Global","Label","DEFAULT",false,true
"1003cde2","LAB_1003cde2","Global","Label","DEFAULT",false,true
"1003cdff","Unwind@1003cdff","Global","Function","ANALYSIS",false,true
"1003ce0c","LAB_1003ce0c","Global","Label","DEFAULT",false,true
"1003ce29","Unwind@1003ce29","Global","Function","ANALYSIS",false,true
"1003ce31","Unwind@1003ce31","Global","Function","ANALYSIS",false,true
"1003ce3e","LAB_1003ce3e","Global","Label","DEFAULT",false,true
"1003ce65","Unwind@1003ce65","Global","Function","ANALYSIS",false,true
"1003ce6d","Unwind@1003ce6d","Global","Function","ANALYSIS",false,true
"1003ce7a","LAB_1003ce7a","Global","Label","DEFAULT",false,true
"1003ce97","Unwind@1003ce97","Global","Function","ANALYSIS",false,true
"1003ceaf","LAB_1003ceaf","Global","Label","DEFAULT",false,true
"1003ceb5","LAB_1003ceb5","Global","Label","DEFAULT",false,true
"1003ced2","Unwind@1003ced2","Global","Function","ANALYSIS",false,true
"1003cedf","LAB_1003cedf","Global","Label","DEFAULT",false,true
"1003cefc","Unwind@1003cefc","Global","Function","ANALYSIS",false,true
"1003cf09","LAB_1003cf09","Global","Label","DEFAULT",false,true
"1003cf26","Unwind@1003cf26","Global","Function","ANALYSIS",false,true
"1003cf33","LAB_1003cf33","Global","Label","DEFAULT",false,true
"1003cf50","Unwind@1003cf50","Global","Function","ANALYSIS",false,true
"1003cf58","Unwind@1003cf58","Global","Function","ANALYSIS",false,true
"1003cf65","LAB_1003cf65","Global","Label","DEFAULT",false,true
"1003cf82","Unwind@1003cf82","Global","Function","ANALYSIS",false,true
"1003cf8f","LAB_1003cf8f","Global","Label","DEFAULT",false,true
"1003cfac","Unwind@1003cfac","Global","Function","ANALYSIS",false,true
"1003cfb9","LAB_1003cfb9","Global","Label","DEFAULT",false,true
"1003cfe0","Unwind@1003cfe0","Global","Function","ANALYSIS",false,true
"1003cfed","LAB_1003cfed","Global","Label","DEFAULT",false,true
"1003d00a","Unwind@1003d00a","Global","Function","ANALYSIS",false,true
"1003d017","LAB_1003d017","Global","Label","DEFAULT",false,true
"1003d034","Unwind@1003d034","Global","Function","ANALYSIS",false,true
"1003d03c","Unwind@1003d03c","Global","Function","ANALYSIS",false,true
"1003d049","LAB_1003d049","Global","Label","DEFAULT",false,true
"1003d066","Unwind@1003d066","Global","Function","ANALYSIS",false,true
"1003d073","LAB_1003d073","Global","Label","DEFAULT",false,true
"1003d090","Unwind@1003d090","Global","Function","ANALYSIS",false,true
"1003d09d","LAB_1003d09d","Global","Label","DEFAULT",false,true
"1003d0c4","Unwind@1003d0c4","Global","Function","ANALYSIS",false,true
"1003d0d6","LAB_1003d0d6","Global","Label","DEFAULT",false,true
"1003d0f3","Unwind@1003d0f3","Global","Function","ANALYSIS",false,true
"1003d100","LAB_1003d100","Global","Label","DEFAULT",false,true
"1003d11d","Unwind@1003d11d","Global","Function","ANALYSIS",false,true
"1003d125","Unwind@1003d125","Global","Function","ANALYSIS",false,true
"1003d132","LAB_1003d132","Global","Label","DEFAULT",false,true
"1003d14f","Unwind@1003d14f","Global","Function","ANALYSIS",false,true
"1003d15c","LAB_1003d15c","Global","Label","DEFAULT",false,true
"1003d179","Unwind@1003d179","Global","Function","ANALYSIS",false,true
"1003d186","LAB_1003d186","Global","Label","DEFAULT",false,true
"1003d1a3","Unwind@1003d1a3","Global","Function","ANALYSIS",false,true
"1003d1b0","LAB_1003d1b0","Global","Label","DEFAULT",false,true
"1003d1cd","Unwind@1003d1cd","Global","Function","ANALYSIS",false,true
"1003d1da","LAB_1003d1da","Global","Label","DEFAULT",false,true
"1003d1f7","Unwind@1003d1f7","Global","Function","ANALYSIS",false,true
"1003d212","LAB_1003d212","Global","Label","DEFAULT",false,true
"1003d218","LAB_1003d218","Global","Label","DEFAULT",false,true
"1003d235","Unwind@1003d235","Global","Function","ANALYSIS",false,true
"1003d250","LAB_1003d250","Global","Label","DEFAULT",false,true
"1003d251","Unwind@1003d251","Global","Function","ANALYSIS",false,true
"1003d261","LAB_1003d261","Global","Label","DEFAULT",false,true
"1003d27e","Unwind@1003d27e","Global","Function","ANALYSIS",false,true
"1003d286","Unwind@1003d286","Global","Function","ANALYSIS",false,true
"1003d293","LAB_1003d293","Global","Label","DEFAULT",false,true
"1003d2b0","Unwind@1003d2b0","Global","Function","ANALYSIS",false,true
"1003d2c8","LAB_1003d2c8","Global","Label","DEFAULT",false,true
"1003d2c9","Unwind@1003d2c9","Global","Function","ANALYSIS",false,true
"1003d2d1","Unwind@1003d2d1","Global","Function","ANALYSIS",false,true
"1003d2d9","Unwind@1003d2d9","Global","Function","ANALYSIS",false,true
"1003d2e1","Unwind@1003d2e1","Global","Function","ANALYSIS",false,true
"1003d2ee","LAB_1003d2ee","Global","Label","DEFAULT",false,true
"1003d315","Unwind@1003d315","Global","Function","ANALYSIS",false,true
"1003d31d","Unwind@1003d31d","Global","Function","ANALYSIS",false,true
"1003d325","Unwind@1003d325","Global","Function","ANALYSIS",false,true
"1003d32d","Unwind@1003d32d","Global","Function","ANALYSIS",false,true
"1003d33a","LAB_1003d33a","Global","Label","DEFAULT",false,true
"1003d361","Unwind@1003d361","Global","Function","ANALYSIS",false,true
"1003d379","LAB_1003d379","Global","Label","DEFAULT",false,true
"1003d37f","LAB_1003d37f","Global","Label","DEFAULT",false,true
"1003d39c","Unwind@1003d39c","Global","Function","ANALYSIS",false,true
"1003d3a7","Unwind@1003d3a7","Global","Function","ANALYSIS",false,true
"1003d3b2","Unwind@1003d3b2","Global","Function","ANALYSIS",false,true
"1003d3c2","LAB_1003d3c2","Global","Label","DEFAULT",false,true
"1003d3ec","Unwind@1003d3ec","Global","Function","ANALYSIS",false,true
"1003d3f9","LAB_1003d3f9","Global","Label","DEFAULT",false,true
"1003d416","Unwind@1003d416","Global","Function","ANALYSIS",false,true
"1003d421","Unwind@1003d421","Global","Function","ANALYSIS",false,true
"1003d42c","Unwind@1003d42c","Global","Function","ANALYSIS",false,true
"1003d43c","LAB_1003d43c","Global","Label","DEFAULT",false,true
"1003d466","Unwind@1003d466","Global","Function","ANALYSIS",false,true
"1003d46e","Unwind@1003d46e","Global","Function","ANALYSIS",false,true
"1003d47b","LAB_1003d47b","Global","Label","DEFAULT",false,true
"1003d498","Unwind@1003d498","Global","Function","ANALYSIS",false,true
"1003d4a0","Unwind@1003d4a0","Global","Function","ANALYSIS",false,true
"1003d4ad","LAB_1003d4ad","Global","Label","DEFAULT",false,true
"1003d4ca","Unwind@1003d4ca","Global","Function","ANALYSIS",false,true
"1003d4d2","Unwind@1003d4d2","Global","Function","ANALYSIS",false,true
"1003d4da","Unwind@1003d4da","Global","Function","ANALYSIS",false,true
"1003d4e2","Unwind@1003d4e2","Global","Function","ANALYSIS",false,true
"1003d4ef","LAB_1003d4ef","Global","Label","DEFAULT",false,true
"1003d516","Unwind@1003d516","Global","Function","ANALYSIS",false,true
"1003d51e","Unwind@1003d51e","Global","Function","ANALYSIS",false,true
"1003d52b","LAB_1003d52b","Global","Label","DEFAULT",false,true
"1003d548","Unwind@1003d548","Global","Function","ANALYSIS",false,true
"1003d550","Unwind@1003d550","Global","Function","ANALYSIS",false,true
"1003d55d","LAB_1003d55d","Global","Label","DEFAULT",false,true
"1003d584","Unwind@1003d584","Global","Function","ANALYSIS",false,true
"1003d594","LAB_1003d594","Global","Label","DEFAULT",false,true
"1003d5be","Unwind@1003d5be","Global","Function","ANALYSIS",false,true
"1003d5ce","LAB_1003d5ce","Global","Label","DEFAULT",false,true
"1003d5f8","Unwind@1003d5f8","Global","Function","ANALYSIS",false,true
"1003d608","LAB_1003d608","Global","Label","DEFAULT",false,true
"1003d632","Unwind@1003d632","Global","Function","ANALYSIS",false,true
"1003d644","LAB_1003d644","Global","Label","DEFAULT",false,true
"1003d661","Unwind@1003d661","Global","Function","ANALYSIS",false,true
"1003d66e","LAB_1003d66e","Global","Label","DEFAULT",false,true
"1003d695","Unwind@1003d695","Global","Function","ANALYSIS",false,true
"1003d69d","Unwind@1003d69d","Global","Function","ANALYSIS",false,true
"1003d6a5","Unwind@1003d6a5","Global","Function","ANALYSIS",false,true
"1003d6ad","Unwind@1003d6ad","Global","Function","ANALYSIS",false,true
"1003d6ba","LAB_1003d6ba","Global","Label","DEFAULT",false,true
"1003d6e1","Unwind@1003d6e1","Global","Function","ANALYSIS",false,true
"1003d6e9","Unwind@1003d6e9","Global","Function","ANALYSIS",false,true
"1003d6f6","LAB_1003d6f6","Global","Label","DEFAULT",false,true
"1003d71d","Unwind@1003d71d","Global","Function","ANALYSIS",false,true
"1003d72a","LAB_1003d72a","Global","Label","DEFAULT",false,true
"1003d747","Unwind@1003d747","Global","Function","ANALYSIS",false,true
"1003d754","LAB_1003d754","Global","Label","DEFAULT",false,true
"1003d77b","Unwind@1003d77b","Global","Function","ANALYSIS",false,true
"1003d793","LAB_1003d793","Global","Label","DEFAULT",false,true
"1003d799","LAB_1003d799","Global","Label","DEFAULT",false,true
"1003d7b6","Unwind@1003d7b6","Global","Function","ANALYSIS",false,true
"1003d7ce","LAB_1003d7ce","Global","Label","DEFAULT",false,true
"1003d7d4","LAB_1003d7d4","Global","Label","DEFAULT",false,true
"1003d7fb","Unwind@1003d7fb","Global","Function","ANALYSIS",false,true
"1003d808","LAB_1003d808","Global","Label","DEFAULT",false,true
"1003d825","Unwind@1003d825","Global","Function","ANALYSIS",false,true
"1003d840","LAB_1003d840","Global","Label","DEFAULT",false,true
"1003d841","Unwind@1003d841","Global","Function","ANALYSIS",false,true
"1003d84c","Unwind@1003d84c","Global","Function","ANALYSIS",false,true
"1003d85c","LAB_1003d85c","Global","Label","DEFAULT",false,true
"1003d879","Unwind@1003d879","Global","Function","ANALYSIS",false,true
"1003d894","LAB_1003d894","Global","Label","DEFAULT",false,true
"1003d895","Unwind@1003d895","Global","Function","ANALYSIS",false,true
"1003d8a5","LAB_1003d8a5","Global","Label","DEFAULT",false,true
"1003d8c2","Unwind@1003d8c2","Global","Function","ANALYSIS",false,true
"1003d8ca","Unwind@1003d8ca","Global","Function","ANALYSIS",false,true
"1003d8d5","Unwind@1003d8d5","Global","Function","ANALYSIS",false,true
"1003d8e5","LAB_1003d8e5","Global","Label","DEFAULT",false,true
"1003d902","Unwind@1003d902","Global","Function","ANALYSIS",false,true
"1003d90a","Unwind@1003d90a","Global","Function","ANALYSIS",false,true
"1003d915","Unwind@1003d915","Global","Function","ANALYSIS",false,true
"1003d920","Unwind@1003d920","Global","Function","ANALYSIS",false,true
"1003d92d","LAB_1003d92d","Global","Label","DEFAULT",false,true
"1003d954","Unwind@1003d954","Global","Function","ANALYSIS",false,true
"1003d96c","LAB_1003d96c","Global","Label","DEFAULT",false,true
"1003d96d","Unwind@1003d96d","Global","Function","ANALYSIS",false,true
"1003d985","LAB_1003d985","Global","Label","DEFAULT",false,true
"1003d98b","LAB_1003d98b","Global","Label","DEFAULT",false,true
"1003d9b2","Unwind@1003d9b2","Global","Function","ANALYSIS",false,true
"1003d9ba","Unwind@1003d9ba","Global","Function","ANALYSIS",false,true
"1003d9c2","Unwind@1003d9c2","Global","Function","ANALYSIS",false,true
"1003d9cd","Unwind@1003d9cd","Global","Function","ANALYSIS",false,true
"1003d9d8","Unwind@1003d9d8","Global","Function","ANALYSIS",false,true
"1003d9e0","Unwind@1003d9e0","Global","Function","ANALYSIS",false,true
"1003d9e8","Unwind@1003d9e8","Global","Function","ANALYSIS",false,true
"1003d9f8","LAB_1003d9f8","Global","Label","DEFAULT",false,true
"1003da22","Unwind@1003da22","Global","Function","ANALYSIS",false,true
"1003da2a","Unwind@1003da2a","Global","Function","ANALYSIS",false,true
"1003da37","LAB_1003da37","Global","Label","DEFAULT",false,true
"1003da5e","Unwind@1003da5e","Global","Function","ANALYSIS",false,true
"1003da66","Unwind@1003da66","Global","Function","ANALYSIS",false,true
"1003da6e","Unwind@1003da6e","Global","Function","ANALYSIS",false,true
"1003da76","Unwind@1003da76","Global","Function","ANALYSIS",false,true
"1003da7e","Unwind@1003da7e","Global","Function","ANALYSIS",false,true
"1003da86","Unwind@1003da86","Global","Function","ANALYSIS",false,true
"1003da93","LAB_1003da93","Global","Label","DEFAULT",false,true
"1003daba","Unwind@1003daba","Global","Function","ANALYSIS",false,true
"1003dad2","LAB_1003dad2","Global","Label","DEFAULT",false,true
"1003dad8","LAB_1003dad8","Global","Label","DEFAULT",false,true
"1003daff","Unwind@1003daff","Global","Function","ANALYSIS",false,true
"1003db17","LAB_1003db17","Global","Label","DEFAULT",false,true
"1003db18","Unwind@1003db18","Global","Function","ANALYSIS",false,true
"1003db20","Unwind@1003db20","Global","Function","ANALYSIS",false,true
"1003db2d","LAB_1003db2d","Global","Label","DEFAULT",false,true
"1003db54","LAB_1003db54","Global","Label","DEFAULT",false,true
"1003db71","Unwind@1003db71","Global","Function","ANALYSIS",false,true
"1003db7e","LAB_1003db7e","Global","Label","DEFAULT",false,true
"1003db9e","LAB_1003db9e","Global","Label","DEFAULT",false,true
"1003dbbb","Unwind@1003dbbb","Global","Function","ANALYSIS",false,true
"1003dbc8","LAB_1003dbc8","Global","Label","DEFAULT",false,true
"1003dbe5","Unwind@1003dbe5","Global","Function","ANALYSIS",false,true
"1003dbed","Unwind@1003dbed","Global","Function","ANALYSIS",false,true
"1003dbfa","LAB_1003dbfa","Global","Label","DEFAULT",false,true
"1003dc21","Unwind@1003dc21","Global","Function","ANALYSIS",false,true
"1003dc2e","LAB_1003dc2e","Global","Label","DEFAULT",false,true
"1003dc55","Unwind@1003dc55","Global","Function","ANALYSIS",false,true
"1003dc5d","Unwind@1003dc5d","Global","Function","ANALYSIS",false,true
"1003dc6a","LAB_1003dc6a","Global","Label","DEFAULT",false,true
"1003dc94","Unwind@1003dc94","Global","Function","ANALYSIS",false,true
"1003dca4","Unwind@1003dca4","Global","Function","ANALYSIS",false,true
"1003dcac","Unwind@1003dcac","Global","Function","ANALYSIS",false,true
"1003dcb7","Unwind@1003dcb7","Global","Function","ANALYSIS",false,true
"1003dcc2","Unwind@1003dcc2","Global","Function","ANALYSIS",false,true
"1003dcca","Unwind@1003dcca","Global","Function","ANALYSIS",false,true
"1003dcd2","Unwind@1003dcd2","Global","Function","ANALYSIS",false,true
"1003dcda","Unwind@1003dcda","Global","Function","ANALYSIS",false,true
"1003dce5","Unwind@1003dce5","Global","Function","ANALYSIS",false,true
"1003dcf0","Unwind@1003dcf0","Global","Function","ANALYSIS",false,true
"1003dd00","LAB_1003dd00","Global","Label","DEFAULT",false,true
"1003dd2a","Unwind@1003dd2a","Global","Function","ANALYSIS",false,true
"1003dd37","LAB_1003dd37","Global","Label","DEFAULT",false,true
"1003dd5e","Unwind@1003dd5e","Global","Function","ANALYSIS",false,true
"1003dd6e","LAB_1003dd6e","Global","Label","DEFAULT",false,true
"1003dd98","Unwind@1003dd98","Global","Function","ANALYSIS",false,true
"1003dda5","LAB_1003dda5","Global","Label","DEFAULT",false,true
"1003ddcc","Unwind@1003ddcc","Global","Function","ANALYSIS",false,true
"1003dddc","LAB_1003dddc","Global","Label","DEFAULT",false,true
"1003de06","Unwind@1003de06","Global","Function","ANALYSIS",false,true
"1003de18","LAB_1003de18","Global","Label","DEFAULT",false,true
"1003de35","Unwind@1003de35","Global","Function","ANALYSIS",false,true
"1003de40","Unwind@1003de40","Global","Function","ANALYSIS",false,true
"1003de4b","Unwind@1003de4b","Global","Function","ANALYSIS",false,true
"1003de5b","Unwind@1003de5b","Global","Function","ANALYSIS",false,true
"1003de68","LAB_1003de68","Global","Label","DEFAULT",false,true
"1003de92","Unwind@1003de92","Global","Function","ANALYSIS",false,true
"1003de9d","Unwind@1003de9d","Global","Function","ANALYSIS",false,true
"1003deab","Unwind@1003deab","Global","Function","ANALYSIS",false,true
"1003deb3","Unwind@1003deb3","Global","Function","ANALYSIS",false,true
"1003debb","Unwind@1003debb","Global","Function","ANALYSIS",false,true
"1003dec3","Unwind@1003dec3","Global","Function","ANALYSIS",false,true
"1003dece","Unwind@1003dece","Global","Function","ANALYSIS",false,true
"1003ded9","Unwind@1003ded9","Global","Function","ANALYSIS",false,true
"1003dee4","Unwind@1003dee4","Global","Function","ANALYSIS",false,true
"1003def1","LAB_1003def1","Global","Label","DEFAULT",false,true
"1003df1b","Unwind@1003df1b","Global","Function","ANALYSIS",false,true
"1003df23","Unwind@1003df23","Global","Function","ANALYSIS",false,true
"1003df33","LAB_1003df33","Global","Label","DEFAULT",false,true
"1003df50","Unwind@1003df50","Global","Function","ANALYSIS",false,true
"1003df58","Unwind@1003df58","Global","Function","ANALYSIS",false,true
"1003df68","LAB_1003df68","Global","Label","DEFAULT",false,true
"1003df85","Unwind@1003df85","Global","Function","ANALYSIS",false,true
"1003df92","LAB_1003df92","Global","Label","DEFAULT",false,true
"1003dfaf","Unwind@1003dfaf","Global","Function","ANALYSIS",false,true
"1003dfbc","LAB_1003dfbc","Global","Label","DEFAULT",false,true
"1003dfe3","Unwind@1003dfe3","Global","Function","ANALYSIS",false,true
"1003dff0","LAB_1003dff0","Global","Label","DEFAULT",false,true
"1003e017","Unwind@1003e017","Global","Function","ANALYSIS",false,true
"1003e024","LAB_1003e024","Global","Label","DEFAULT",false,true
"1003e044","Unwind@1003e044","Global","Function","ANALYSIS",false,true
"1003e051","LAB_1003e051","Global","Label","DEFAULT",false,true
"1003e06e","Unwind@1003e06e","Global","Function","ANALYSIS",false,true
"1003e07b","LAB_1003e07b","Global","Label","DEFAULT",false,true
"1003e098","Unwind@1003e098","Global","Function","ANALYSIS",false,true
"1003e0a5","LAB_1003e0a5","Global","Label","DEFAULT",false,true
"1003e0c2","Unwind@1003e0c2","Global","Function","ANALYSIS",false,true
"1003e0d2","LAB_1003e0d2","Global","Label","DEFAULT",false,true
"1003e0ef","Unwind@1003e0ef","Global","Function","ANALYSIS",false,true
"1003e0ff","LAB_1003e0ff","Global","Label","DEFAULT",false,true
"1003e11c","Unwind@1003e11c","Global","Function","ANALYSIS",false,true
"1003e129","LAB_1003e129","Global","Label","DEFAULT",false,true
"1003e146","Unwind@1003e146","Global","Function","ANALYSIS",false,true
"1003e153","LAB_1003e153","Global","Label","DEFAULT",false,true
"1003e170","Unwind@1003e170","Global","Function","ANALYSIS",false,true
"1003e180","LAB_1003e180","Global","Label","DEFAULT",false,true
"1003e19d","Unwind@1003e19d","Global","Function","ANALYSIS",false,true
"1003e1ad","LAB_1003e1ad","Global","Label","DEFAULT",false,true
"1003e1ca","Unwind@1003e1ca","Global","Function","ANALYSIS",false,true
"1003e1d5","Unwind@1003e1d5","Global","Function","ANALYSIS",false,true
"1003e1e4","LAB_1003e1e4","Global","Label","DEFAULT",false,true
"1003e201","Unwind@1003e201","Global","Function","ANALYSIS",false,true
"1003e20c","Unwind@1003e20c","Global","Function","ANALYSIS",false,true
"1003e21b","LAB_1003e21b","Global","Label","DEFAULT",false,true
"1003e238","Unwind@1003e238","Global","Function","ANALYSIS",false,true
"1003e240","Unwind@1003e240","Global","Function","ANALYSIS",false,true
"1003e248","Unwind@1003e248","Global","Function","ANALYSIS",false,true
"1003e250","Unwind@1003e250","Global","Function","ANALYSIS",false,true
"1003e25d","LAB_1003e25d","Global","Label","DEFAULT",false,true
"1003e27a","LAB_1003e27a","Global","Label","DEFAULT",false,true
"1003e297","LAB_1003e297","Global","Label","DEFAULT",false,true
"1003e2b4","Unwind@1003e2b4","Global","Function","ANALYSIS",false,true
"1003e2cc","LAB_1003e2cc","Global","Label","DEFAULT",false,true
"1003e2d2","LAB_1003e2d2","Global","Label","DEFAULT",false,true
"1003e2ef","LAB_1003e2ef","Global","Label","DEFAULT",false,true
"1003e30c","LAB_1003e30c","Global","Label","DEFAULT",false,true
"1003e329","Unwind@1003e329","Global","Function","ANALYSIS",false,true
"1003e336","LAB_1003e336","Global","Label","DEFAULT",false,true
"1003e353","Unwind@1003e353","Global","Function","ANALYSIS",false,true
"1003e365","LAB_1003e365","Global","Label","DEFAULT",false,true
"1003e382","Unwind@1003e382","Global","Function","ANALYSIS",false,true
"1003e38f","LAB_1003e38f","Global","Label","DEFAULT",false,true
"1003e3b6","LAB_1003e3b6","Global","Label","DEFAULT",false,true
"1003e3d3","LAB_1003e3d3","Global","Label","DEFAULT",false,true
"1003e3f0","LAB_1003e3f0","Global","Label","DEFAULT",false,true
"1003e40d","LAB_1003e40d","Global","Label","DEFAULT",false,true
"1003e42a","LAB_1003e42a","Global","Label","DEFAULT",false,true
"1003e447","LAB_1003e447","Global","Label","DEFAULT",false,true
"1003e471","LAB_1003e471","Global","Label","DEFAULT",false,true
"1003e480","LAB_1003e480","Global","Label","DEFAULT",false,true
"1003e495","LAB_1003e495","Global","Label","DEFAULT",false,true
"1003e49f","LAB_1003e49f","Global","Label","DEFAULT",false,true
"1003e4a9","LAB_1003e4a9","Global","Label","DEFAULT",false,true
"1003e4b3","LAB_1003e4b3","Global","Label","DEFAULT",false,true
"1003e4bd","LAB_1003e4bd","Global","Label","DEFAULT",false,true
"1003e4d2","LAB_1003e4d2","Global","Label","DEFAULT",false,true
"1003e4dc","LAB_1003e4dc","Global","Label","DEFAULT",false,true
"1003e4e6","LAB_1003e4e6","Global","Label","DEFAULT",false,true
"1003e4f0","LAB_1003e4f0","Global","Label","DEFAULT",false,true
"1003e4fa","LAB_1003e4fa","Global","Label","DEFAULT",false,true
"1003e504","LAB_1003e504","Global","Label","DEFAULT",false,true
"1003e50e","LAB_1003e50e","Global","Label","DEFAULT",false,true
"1003e518","LAB_1003e518","Global","Label","DEFAULT",false,true
"1003e522","LAB_1003e522","Global","Label","DEFAULT",false,true
"1003e52c","DAT_1003e52c","Global","Label","DEFAULT",false,true
"1003e52f","DAT_1003e52f","Global","Label","DEFAULT",false,true
"1003e532","LAB_1003e532","Global","Label","DEFAULT",false,true
"1003e53c","LAB_1003e53c","Global","Label","DEFAULT",false,true
"1003e546","LAB_1003e546","Global","Label","DEFAULT",false,true
"1003e550","LAB_1003e550","Global","Label","DEFAULT",false,true
"1003e55a","LAB_1003e55a","Global","Label","DEFAULT",false,true
"1003e564","LAB_1003e564","Global","Label","DEFAULT",false,true
"1003e56e","LAB_1003e56e","Global","Label","DEFAULT",false,true
"1003f000","PTR_SetEndOfFile_1003f000","Global","Label","DEFAULT",false,true
"1003f004","PTR_WriteConsoleW_1003f004","Global","Label","DEFAULT",false,true
"1003f008","PTR_HeapSize_1003f008","Global","Label","DEFAULT",false,true
"1003f00c","PTR_SetStdHandle_1003f00c","Global","Label","DEFAULT",false,true
"1003f010","PTR_VirtualProtect_1003f010","Global","Label","DEFAULT",false,true
"1003f014","PTR_Sleep_1003f014","Global","Label","DEFAULT",false,true
"1003f018","PTR_GetTickCount_1003f018","Global","Label","DEFAULT",false,true
"1003f01c","PTR_GetModuleHandleA_1003f01c","Global","Label","DEFAULT",false,true
"1003f020","PTR_GetCurrentProcess_1003f020","Global","Label","DEFAULT",false,true
"1003f024","PTR_K32GetProcessMemoryInfo_1003f024","Global","Label","DEFAULT",false,true
"1003f028","PTR_CreateFileA_1003f028","Global","Label","DEFAULT",false,true
"1003f02c","PTR_SetFilePointer_1003f02c","Global","Label","DEFAULT",false,true
"1003f030","PTR_WriteFile_1003f030","Global","Label","DEFAULT",false,true
"1003f034","PTR_GetTempPathA_1003f034","Global","Label","DEFAULT",false,true
"1003f038","PTR_GetTempFileNameA_1003f038","Global","Label","DEFAULT",false,true
"1003f03c","PTR_LoadResource_1003f03c","Global","Label","DEFAULT",false,true
"1003f040","PTR_LockResource_1003f040","Global","Label","DEFAULT",false,true
"1003f044","PTR_SizeofResource_1003f044","Global","Label","DEFAULT",false,true
"1003f048","PTR_LoadLibraryA_1003f048","Global","Label","DEFAULT",false,true
"1003f04c","PTR_FindResourceA_1003f04c","Global","Label","DEFAULT",false,true
"1003f050","PTR_GetModuleHandleExA_1003f050","Global","Label","DEFAULT",false,true
"1003f054","PTR_GetProcAddress_1003f054","Global","Label","DEFAULT",false,true
"1003f058","PTR_FlushInstructionCache_1003f058","Global","Label","DEFAULT",false,true
"1003f05c","PTR_VirtualQuery_1003f05c","Global","Label","DEFAULT",false,true
"1003f060","PTR_TerminateProcess_1003f060","Global","Label","DEFAULT",false,true
"1003f064","PTR_QueryPerformanceCounter_1003f064","Global","Label","DEFAULT",false,true
"1003f068","PTR_QueryPerformanceFrequency_1003f068","Global","Label","DEFAULT",false,true
"1003f06c","PTR_GetProcessHeap_1003f06c","Global","Label","DEFAULT",false,true
"1003f070","PTR_SetEnvironmentVariableW_1003f070","Global","Label","DEFAULT",false,true
"1003f074","PTR_FreeEnvironmentStringsW_1003f074","Global","Label","DEFAULT",false,true
"1003f078","PTR_GetEnvironmentStringsW_1003f078","Global","Label","DEFAULT",false,true
"1003f07c","PTR_GetCommandLineW_1003f07c","Global","Label","DEFAULT",false,true
"1003f080","PTR_GetCommandLineA_1003f080","Global","Label","DEFAULT",false,true
"1003f084","PTR_GetOEMCP_1003f084","Global","Label","DEFAULT",false,true
"1003f088","PTR_GetACP_1003f088","Global","Label","DEFAULT",false,true
"1003f08c","PTR_ReleaseSRWLockExclusive_1003f08c","Global","Label","DEFAULT",false,true
"1003f090","PTR_AcquireSRWLockExclusive_1003f090","Global","Label","DEFAULT",false,true
"1003f094","PTR_TryAcquireSRWLockExclusive_1003f094","Global","Label","DEFAULT",false,true
"1003f098","PTR_SleepConditionVariableSRW_1003f098","Global","Label","DEFAULT",false,true
"1003f09c","PTR_GetCurrentThreadId_1003f09c","Global","Label","DEFAULT",false,true
"1003f0a0","PTR_FormatMessageA_1003f0a0","Global","Label","DEFAULT",false,true
"1003f0a4","PTR_WideCharToMultiByte_1003f0a4","Global","Label","DEFAULT",false,true
"1003f0a8","PTR_RaiseException_1003f0a8","Global","Label","DEFAULT",false,true
"1003f0ac","PTR_InitOnceBeginInitialize_1003f0ac","Global","Label","DEFAULT",false,true
"1003f0b0","PTR_InitOnceComplete_1003f0b0","Global","Label","DEFAULT",false,true
"1003f0b4","PTR_WakeAllConditionVariable_1003f0b4","Global","Label","DEFAULT",false,true
"1003f0b8","PTR_GetLastError_1003f0b8","Global","Label","DEFAULT",false,true
"1003f0bc","PTR_FreeLibraryWhenCallbackReturns_1003f0bc","Global","Label","DEFAULT",false,true
"1003f0c0","PTR_CreateThreadpoolWork_1003f0c0","Global","Label","DEFAULT",false,true
"1003f0c4","PTR_SubmitThreadpoolWork_1003f0c4","Global","Label","DEFAULT",false,true
"1003f0c8","PTR_CloseThreadpoolWork_1003f0c8","Global","Label","DEFAULT",false,true
"1003f0cc","PTR_GetModuleHandleExW_1003f0cc","Global","Label","DEFAULT",false,true
"1003f0d0","PTR_IsProcessorFeaturePresent_1003f0d0","Global","Label","DEFAULT",false,true
"1003f0d4","PTR_CloseHandle_1003f0d4","Global","Label","DEFAULT",false,true
"1003f0d8","PTR_WaitForSingleObjectEx_1003f0d8","Global","Label","DEFAULT",false,true
"1003f0dc","PTR_GetExitCodeThread_1003f0dc","Global","Label","DEFAULT",false,true
"1003f0e0","PTR_MultiByteToWideChar_1003f0e0","Global","Label","DEFAULT",false,true
"1003f0e4","PTR_GetStringTypeW_1003f0e4","Global","Label","DEFAULT",false,true
"1003f0e8","PTR_LocalFree_1003f0e8","Global","Label","DEFAULT",false,true
"1003f0ec","PTR_GetLocaleInfoEx_1003f0ec","Global","Label","DEFAULT",false,true
"1003f0f0","PTR_GetModuleHandleW_1003f0f0","Global","Label","DEFAULT",false,true
"1003f0f4","PTR_CreateDirectoryW_1003f0f4","Global","Label","DEFAULT",false,true
"1003f0f8","PTR_CreateFileW_1003f0f8","Global","Label","DEFAULT",false,true
"1003f0fc","PTR_FindClose_1003f0fc","Global","Label","DEFAULT",false,true
"1003f100","PTR_FindFirstFileW_1003f100","Global","Label","DEFAULT",false,true
"1003f104","PTR_FindFirstFileExW_1003f104","Global","Label","DEFAULT",false,true
"1003f108","PTR_FindNextFileW_1003f108","Global","Label","DEFAULT",false,true
"1003f10c","PTR_GetFileAttributesExW_1003f10c","Global","Label","DEFAULT",false,true
"1003f110","PTR_AreFileApisANSI_1003f110","Global","Label","DEFAULT",false,true
"1003f114","PTR_GetFileInformationByHandleEx_1003f114","Global","Label","DEFAULT",false,true
"1003f118","PTR_EnterCriticalSection_1003f118","Global","Label","DEFAULT",false,true
"1003f11c","PTR_LeaveCriticalSection_1003f11c","Global","Label","DEFAULT",false,true
"1003f120","PTR_InitializeCriticalSectionEx_1003f120","Global","Label","DEFAULT",false,true
"1003f124","PTR_DeleteCriticalSection_1003f124","Global","Label","DEFAULT",false,true
"1003f128","PTR_GetSystemTimeAsFileTime_1003f128","Global","Label","DEFAULT",false,true
"1003f12c","PTR_EncodePointer_1003f12c","Global","Label","DEFAULT",false,true
"1003f130","PTR_DecodePointer_1003f130","Global","Label","DEFAULT",false,true
"1003f134","PTR_LCMapStringEx_1003f134","Global","Label","DEFAULT",false,true
"1003f138","PTR_GetCPInfo_1003f138","Global","Label","DEFAULT",false,true
"1003f13c","PTR_UnhandledExceptionFilter_1003f13c","Global","Label","DEFAULT",false,true
"1003f140","PTR_SetUnhandledExceptionFilter_1003f140","Global","Label","DEFAULT",false,true
"1003f144","PTR_IsDebuggerPresent_1003f144","Global","Label","DEFAULT",false,true
"1003f148","PTR_GetStartupInfoW_1003f148","Global","Label","DEFAULT",false,true
"1003f14c","PTR_GetCurrentProcessId_1003f14c","Global","Label","DEFAULT",false,true
"1003f150","PTR_InitializeSListHead_1003f150","Global","Label","DEFAULT",false,true
"1003f154","PTR_RtlUnwind_1003f154","Global","Label","DEFAULT",false,true
"1003f158","PTR_InterlockedFlushSList_1003f158","Global","Label","DEFAULT",false,true
"1003f15c","PTR_SetLastError_1003f15c","Global","Label","DEFAULT",false,true
"1003f160","PTR_InitializeCriticalSectionAndSpinCount_1003f160","Global","Label","DEFAULT",false,true
"1003f164","PTR_TlsAlloc_1003f164","Global","Label","DEFAULT",false,true
"1003f168","PTR_TlsGetValue_1003f168","Global","Label","DEFAULT",false,true
"1003f16c","PTR_TlsSetValue_1003f16c","Global","Label","DEFAULT",false,true
"1003f170","PTR_TlsFree_1003f170","Global","Label","DEFAULT",false,true
"1003f174","PTR_FreeLibrary_1003f174","Global","Label","DEFAULT",false,true
"1003f178","PTR_LoadLibraryExW_1003f178","Global","Label","DEFAULT",false,true
"1003f17c","PTR_CreateThread_1003f17c","Global","Label","DEFAULT",false,true
"1003f180","PTR_ExitThread_1003f180","Global","Label","DEFAULT",false,true
"1003f184","PTR_FreeLibraryAndExitThread_1003f184","Global","Label","DEFAULT",false,true
"1003f188","PTR_ExitProcess_1003f188","Global","Label","DEFAULT",false,true
"1003f18c","PTR_GetModuleFileNameW_1003f18c","Global","Label","DEFAULT",false,true
"1003f190","PTR_HeapAlloc_1003f190","Global","Label","DEFAULT",false,true
"1003f194","PTR_HeapFree_1003f194","Global","Label","DEFAULT",false,true
"1003f198","PTR_CompareStringW_1003f198","Global","Label","DEFAULT",false,true
"1003f19c","PTR_LCMapStringW_1003f19c","Global","Label","DEFAULT",false,true
"1003f1a0","PTR_GetLocaleInfoW_1003f1a0","Global","Label","DEFAULT",false,true
"1003f1a4","PTR_IsValidLocale_1003f1a4","Global","Label","DEFAULT",false,true
"1003f1a8","PTR_GetUserDefaultLCID_1003f1a8","Global","Label","DEFAULT",false,true
"1003f1ac","PTR_EnumSystemLocalesW_1003f1ac","Global","Label","DEFAULT",false,true
"1003f1b0","PTR_GetStdHandle_1003f1b0","Global","Label","DEFAULT",false,true
"1003f1b4","PTR_GetFileType_1003f1b4","Global","Label","DEFAULT",false,true
"1003f1b8","PTR_FlushFileBuffers_1003f1b8","Global","Label","DEFAULT",false,true
"1003f1bc","PTR_GetConsoleOutputCP_1003f1bc","Global","Label","DEFAULT",false,true
"1003f1c0","PTR_GetConsoleMode_1003f1c0","Global","Label","DEFAULT",false,true
"1003f1c4","PTR_ReadFile_1003f1c4","Global","Label","DEFAULT",false,true
"1003f1c8","PTR_GetFileSizeEx_1003f1c8","Global","Label","DEFAULT",false,true
"1003f1cc","PTR_SetFilePointerEx_1003f1cc","Global","Label","DEFAULT",false,true
"1003f1d0","PTR_ReadConsoleW_1003f1d0","Global","Label","DEFAULT",false,true
"1003f1d4","PTR_HeapReAlloc_1003f1d4","Global","Label","DEFAULT",false,true
"1003f1d8","PTR_GetTimeZoneInformation_1003f1d8","Global","Label","DEFAULT",false,true
"1003f1dc","PTR_IsValidCodePage_1003f1dc","Global","Label","DEFAULT",false,true
"1003f1e4","PTR_MH_Initialize_1003f1e4","Global","Label","DEFAULT",false,true
"1003f1e8","PTR_MH_CreateHook_1003f1e8","Global","Label","DEFAULT",false,true
"1003f1ec","PTR_MH_EnableHook_1003f1ec","Global","Label","DEFAULT",false,true
"1003f1f4","PTR_PtInRect_1003f1f4","Global","Label","DEFAULT",false,true
"1003f1f8","PTR_ScreenToClient_1003f1f8","Global","Label","DEFAULT",false,true
"1003f1fc","PTR_GetCursorPos_1003f1fc","Global","Label","DEFAULT",false,true
"1003f204","PTR_guard_check_icall_1003f204","Global","Label","DEFAULT",false,true
"1003f20c","DAT_1003f20c","Global","Label","DEFAULT",false,true
"1003f28c","DAT_1003f28c","Global","Label","DEFAULT",false,true
"1003f290","DAT_1003f290","Global","Label","DEFAULT",false,true
"1003f2ac","DAT_1003f2ac","Global","Label","DEFAULT",false,true
"1003f2b8","DAT_1003f2b8","Global","Label","DEFAULT",false,true
"1003f2c8","DAT_1003f2c8","Global","Label","DEFAULT",false,true
"1003f2cc","DAT_1003f2cc","Global","Label","DEFAULT",false,true
"1003f2d0","DAT_1003f2d0","Global","Label","DEFAULT",false,true
"1003f2e0","vftable_meta_ptr","std::exception","Label","IMPORTED",false,true
"1003f2e4","vftable","std::exception","Label","IMPORTED",false,true
"1003f2ec","s_Unknown_exception_1003f2ec","Global","Label","DEFAULT",false,true
"1003f2ed","s_nknown_exception_1003f2ec+1","Global","Label","DEFAULT",false,true
"1003f300","vftable_meta_ptr","std::bad_alloc","Label","IMPORTED",false,true
"1003f304","vftable","std::bad_alloc","Label","IMPORTED",false,true
"1003f30c","vftable_meta_ptr","std::bad_array_new_length","Label","IMPORTED",false,true
"1003f310","vftable","std::bad_array_new_length","Label","IMPORTED",false,true
"1003f318","s_bad_array_new_length_1003f318","Global","Label","DEFAULT",false,true
"1003f330","s_string_too_long_1003f330","Global","Label","DEFAULT",false,true
"1003f340","s_Warning:_couldn't_create_vehicle_1003f340","Global","Label","DEFAULT",false,true
"1003f368","s_Warning:_bad_train_carriages_1003f368","Global","Label","DEFAULT",false,true
"1003f388","s_invalid_string_position_1003f388","Global","Label","DEFAULT",false,true
"1003f3a0","DAT_1003f3a0","Global","Label","DEFAULT",false,true
"1003f3a8","DAT_1003f3a8","Global","Label","DEFAULT",false,true
"1003f3ac","vftable_meta_ptr","std::runtime_error","Label","IMPORTED",false,true
"1003f3b0","vftable","std::runtime_error","Label","IMPORTED",false,true
"1003f3b8","vftable_meta_ptr","std::_System_error","Label","IMPORTED",false,true
"1003f3bc","vftable","std::_System_error","Label","IMPORTED",false,true
"1003f3c4","DAT_1003f3c4","Global","Label","DEFAULT",false,true
"1003f3c8","vftable_meta_ptr","std::system_error","Label","IMPORTED",false,true
"1003f3cc","vftable","std::system_error","Label","IMPORTED",false,true
"1003f3d4","vftable_meta_ptr","std::_Iostream_error_category2","Label","IMPORTED",false,true
"1003f3d8","vftable","std::_Iostream_error_category2","Label","IMPORTED",false,true
"1003f3f0","s_iostream_1003f3f0","Global","Label","DEFAULT",false,true
"1003f3fc","s_iostream_stream_error_1003f3fc","Global","Label","DEFAULT",false,true
"1003f414","vftable_meta_ptr","std::bad_cast","Label","IMPORTED",false,true
"1003f418","vftable","std::bad_cast","Label","IMPORTED",false,true
"1003f420","s_bad_cast_1003f420","Global","Label","DEFAULT",false,true
"1003f42c","vftable_meta_ptr","std::_Facet_base","Label","IMPORTED",false,true
"1003f430","vftable","std::_Facet_base","Label","IMPORTED",false,true
"1003f43c","s_bad_locale_name_1003f43c","Global","Label","DEFAULT",false,true
"1003f44c","DAT_1003f44c","Global","Label","DEFAULT",false,true
"1003f44d","DAT_1003f44d","Global","Label","DEFAULT",false,true
"1003f450","vftable_meta_ptr","std::ctype<char>","Label","IMPORTED",false,true
"1003f454","vftable","std::ctype<char>","Label","IMPORTED",false,true
"1003f480","vftable_meta_ptr","std::ios_base::failure","Label","IMPORTED",false,true
"1003f484","vftable","std::ios_base::failure","Label","IMPORTED",false,true
"1003f48c","vftable_meta_ptr","std::ios_base","Label","IMPORTED",false,true
"1003f490","vftable","std::ios_base","Label","IMPORTED",false,true
"1003f494","s_ios_base::badbit_set_1003f494","Global","Label","DEFAULT",false,true
"1003f4ac","s_ios_base::failbit_set_1003f4ac","Global","Label","DEFAULT",false,true
"1003f4c4","s_ios_base::eofbit_set_1003f4c4","Global","Label","DEFAULT",false,true
"1003f4dc","vftable_meta_ptr","std::basic_ios<char,std::char_traits<char>_>","Label","IMPORTED",false,true
"1003f4e0","vftable","std::basic_ios<char,std::char_traits<char>_>","Label","IMPORTED",false,true
"1003f4e4","vftable_meta_ptr","std::basic_ostream<char,std::char_traits<char>_>","Label","IMPORTED",false,true
"1003f4e8","vftable","std::basic_ostream<char,std::char_traits<char>_>","Label","IMPORTED",false,true
"1003f4ec","PTR_1003f4ec","Global","Label","DEFAULT",false,true
"1003f4f0","DAT_1003f4f0","Global","Label","DEFAULT",false,true
"1003f4f4","vftable_meta_ptr","std::basic_streambuf<char,std::char_traits<char>_>","Label","IMPORTED",false,true
"1003f4f8","vftable","std::basic_streambuf<char,std::char_traits<char>_>","Label","IMPORTED",false,true
"1003f534","s_invalid_stoul_argument_1003f534","Global","Label","DEFAULT",false,true
"1003f54c","s_stoul_argument_out_of_range_1003f54c","Global","Label","DEFAULT",false,true
"1003f568","s_samp.dll_1003f568","Global","Label","DEFAULT",false,true
"1003f574","vftable_meta_ptr","std::basic_istream<char,std::char_traits<char>_>","Label","IMPORTED",false,true
"1003f578","vftable","std::basic_istream<char,std::char_traits<char>_>","Label","IMPORTED",false,true
"1003f57c","PTR_1003f57c","Global","Label","DEFAULT",false,true
"1003f580","DAT_1003f580","Global","Label","DEFAULT",false,true
"1003f584","vftable_meta_ptr","std::basic_iostream<char,std::char_traits<char>_>","Label","IMPORTED",false,true
"1003f588","vftable","std::basic_iostream<char,std::char_traits<char>_>","Label","IMPORTED",false,true
"1003f58c","PTR_1003f58c","Global","Label","DEFAULT",false,true
"1003f590","DAT_1003f590","Global","Label","DEFAULT",false,true
"1003f594","DAT_1003f594","Global","Label","DEFAULT",false,true
"1003f598","DAT_1003f598","Global","Label","DEFAULT",false,true
"1003f59c","vftable_meta_ptr","std::basic_filebuf<char,std::char_traits<char>_>","Label","IMPORTED",false,true
"1003f5a0","vftable","std::basic_filebuf<char,std::char_traits<char>_>","Label","IMPORTED",false,true
"1003f5dc","vftable_meta_ptr","std::basic_fstream<char,std::char_traits<char>_>","Label","IMPORTED",false,true
"1003f5e0","vftable","std::basic_fstream<char,std::char_traits<char>_>","Label","IMPORTED",false,true
"1003f5e4","PTR_1003f5e4","Global","Label","DEFAULT",false,true
"1003f5e8","DAT_1003f5e8","Global","Label","DEFAULT",false,true
"1003f5ec","DAT_1003f5ec","Global","Label","DEFAULT",false,true
"1003f5f4","s_fastman92limitAdjuster_GTASA.ini_1003f5f4","Global","Label","DEFAULT",false,true
"1003f618","vftable_meta_ptr","std::codecvt<char,char,_Mbstatet>","Label","IMPORTED",false,true
"1003f61c","vftable","std::codecvt<char,char,_Mbstatet>","Label","IMPORTED",false,true
"1003f644","s_false_1003f644","Global","Label","DEFAULT",false,true
"1003f64c","DAT_1003f64c","Global","Label","DEFAULT",false,true
"1003f654","DAT_1003f654","Global","Label","DEFAULT",false,true
"1003f658","s_(null)_1003f658","Global","Label","DEFAULT",false,true
"1003f660","vftable_meta_ptr","std::num_put<char,std::ostreambuf_iterator<char,std::char_traits<char>_>_>","Label","IMPORTED",false,true
"1003f664","vftable","std::num_put<char,std::ostreambuf_iterator<char,std::char_traits<char>_>_>","Label","IMPORTED",false,true
"1003f690","DAT_1003f690","Global","Label","DEFAULT",false,true
"1003f694","DAT_1003f694","Global","Label","DEFAULT",false,true
"1003f698","DAT_1003f698","Global","Label","DEFAULT",false,true
"1003f69c","DAT_1003f69c","Global","Label","DEFAULT",false,true
"1003f6a0","DAT_1003f6a0","Global","Label","DEFAULT",false,true
"1003f6a4","vftable_meta_ptr","std::numpunct<char>","Label","IMPORTED",false,true
"1003f6a8","vftable","std::numpunct<char>","Label","IMPORTED",false,true
"1003f6c8","DAT_1003f6c8","Global","Label","DEFAULT",false,true
"1003f6cc","DAT_1003f6cc","Global","Label","DEFAULT",false,true
"1003f6d0","DAT_1003f6d0","Global","Label","DEFAULT",false,true
"1003f6d8","vftable_meta_ptr","std::logic_error","Label","IMPORTED",false,true
"1003f6dc","vftable","std::logic_error","Label","IMPORTED",false,true
"1003f6e4","vftable_meta_ptr","std::_Generic_error_category","Label","IMPORTED",false,true
"1003f6e8","vftable","std::_Generic_error_category","Label","IMPORTED",false,true
"1003f700","s_generic_1003f700","Global","Label","DEFAULT",false,true
"1003f708","vftable_meta_ptr","Concurrency::invalid_operation","Label","IMPORTED",false,true
"1003f70c","vftable","Concurrency::invalid_operation","Label","IMPORTED",false,true
"1003f714","s_Fail_to_schedule_the_chore!_1003f714","Global","Label","DEFAULT",false,true
"1003f730","vftable_meta_ptr","Concurrency::details::_RefCounter","Label","IMPORTED",false,true
"1003f734","vftable","Concurrency::details::_RefCounter","Label","IMPORTED",false,true
"1003f73c","vftable_meta_ptr","Concurrency::details::_TaskProcHandle","Label","IMPORTED",false,true
"1003f740","vftable","Concurrency::details::_TaskProcHandle","Label","IMPORTED",false,true
"1003f748","s_This_function_cannot_be_called_o_1003f748","Global","Label","DEFAULT",false,true
"1003f788","vftable_meta_ptr","Concurrency::details::_Task_impl_base","Label","IMPORTED",false,true
"1003f78c","vftable","Concurrency::details::_Task_impl_base","Label","IMPORTED",false,true
"1003f794","vftable_meta_ptr","Concurrency::details::_CancellationTokenCallback<`public:_void___thiscall_Concurrency::details::_Task_impl_base::_RegisterCancellation(std::weak_ptr<Concurrency::details::_Task_impl_base>)'::`2'::<lambda_1>_>","Label","IMPORTED",false,true
"1003f798","vftable","Concurrency::details::_CancellationTokenCallback<`public:_void___thiscall_Concurrency::details::_Task_impl_base::_RegisterCancellation(std::weak_ptr<Concurrency::details::_Task_impl_base>)'::`2'::<lambda_1>_>","Label","IMPORTED",false,true
"1003f7a4","vftable_meta_ptr","Concurrency::details::_Task_impl<unsigned_char>","Label","IMPORTED",false,true
"1003f7a8","vftable","Concurrency::details::_Task_impl<unsigned_char>","Label","IMPORTED",false,true
"1003f7b0","s_broken_promise_1003f7b0","Global","Label","DEFAULT",false,true
"1003f7c0","s_future_already_retrieved_1003f7c0","Global","Label","DEFAULT",false,true
"1003f7dc","s_promise_already_satisfied_1003f7dc","Global","Label","DEFAULT",false,true
"1003f7f8","s_no_state_1003f7f8","Global","Label","DEFAULT",false,true
"1003f804","vftable_meta_ptr","std::future_error","Label","IMPORTED",false,true
"1003f808","vftable","std::future_error","Label","IMPORTED",false,true
"1003f810","vftable_meta_ptr","std::_Future_error_category2","Label","IMPORTED",false,true
"1003f814","vftable","std::_Future_error_category2","Label","IMPORTED",false,true
"1003f82c","s_future_1003f82c","Global","Label","DEFAULT",false,true
"1003f834","vftable_meta_ptr","std::_Associated_state<int>","Label","IMPORTED",false,true
"1003f838","vftable","std::_Associated_state<int>","Label","IMPORTED",false,true
"1003f850","vftable_meta_ptr","std::_Ref_count_obj2<Concurrency::details::_ExceptionHolder>","Label","IMPORTED",false,true
"1003f854","vftable","std::_Ref_count_obj2<Concurrency::details::_ExceptionHolder>","Label","IMPORTED",false,true
"1003f864","vftable_meta_ptr","std::_Func_impl_no_alloc<`public:___thiscall_`public:_void___thiscall_Concurrency::details::_Task_impl_base::_ScheduleContinuationTask(Concurrency::details::_ContinuationTaskHandleBase*)'::`5'::<lambda_1>::operator()(void)const_'::`8'::<lambda_1>,void>","Label","IMPORTED",false,true
"1003f868","vftable","std::_Func_impl_no_alloc<`public:___thiscall_`public:_void___thiscall_Concurrency::details::_Task_impl_base::_ScheduleContinuationTask(Concurrency::details::_ContinuationTaskHandleBase*)'::`5'::<lambda_1>::operator()(void)const_'::`8'::<lambda_1>,void>","Label","IMPORTED",false,true
"1003f880","vftable_meta_ptr","std::_Func_impl_no_alloc<`public:_void___thiscall_Concurrency::details::_Task_impl_base::_ScheduleContinuationTask(Concurrency::details::_ContinuationTaskHandleBase*)'::`5'::<lambda_1>,void>","Label","IMPORTED",false,true
"1003f884","vftable","std::_Func_impl_no_alloc<`public:_void___thiscall_Concurrency::details::_Task_impl_base::_ScheduleContinuationTask(Concurrency::details::_ContinuationTaskHandleBase*)'::`5'::<lambda_1>,void>","Label","IMPORTED",false,true
"1003f89c","vftable_meta_ptr","std::_Func_impl_no_alloc<`class_std::function<unsigned_char___cdecl(void)>___cdecl_Concurrency::details::_MakeVoidToUnitFunc(std::function<void___cdecl(void)>_const&)'::`2'::<lambda_1>,unsigned_char>","Label","IMPORTED",false,true
"1003f8a0","vftable","std::_Func_impl_no_alloc<`class_std::function<unsigned_char___cdecl(void)>___cdecl_Concurrency::details::_MakeVoidToUnitFunc(std::function<void___cdecl(void)>_const&)'::`2'::<lambda_1>,unsigned_char>","Label","IMPORTED",false,true
"1003f8b8","vftable_meta_ptr","std::_Packaged_state<void___cdecl(void)>","Label","IMPORTED",false,true
"1003f8bc","vftable","std::_Packaged_state<void___cdecl(void)>","Label","IMPORTED",false,true
"1003f8d4","vftable_meta_ptr","std::_Deferred_async_state<void>","Label","IMPORTED",false,true
"1003f8d8","vftable","std::_Deferred_async_state<void>","Label","IMPORTED",false,true
"1003f8f0","vftable_meta_ptr","std::_Task_async_state<void>","Label","IMPORTED",false,true
"1003f8f4","vftable","std::_Task_async_state<void>","Label","IMPORTED",false,true
"1003f90c","s_vector_too_long_1003f90c","Global","Label","DEFAULT",false,true
"1003f91c","vftable_meta_ptr","std::_Func_impl_no_alloc<`public:_virtual_bool___thiscall_Concurrency::details::_Task_impl<unsigned_char>::_CancelAndRunContinuations(bool,bool,bool,std::shared_ptr<Concurrency::details::_ExceptionHolder>_const&)'::`34'::<lambda_1>,void>","Label","IMPORTED",false,true
"1003f920","vftable","std::_Func_impl_no_alloc<`public:_virtual_bool___thiscall_Concurrency::details::_Task_impl<unsigned_char>::_CancelAndRunContinuations(bool,bool,bool,std::shared_ptr<Concurrency::details::_ExceptionHolder>_const&)'::`34'::<lambda_1>,void>","Label","IMPORTED",false,true
"1003f938","vftable_meta_ptr","std::_Ref_count_obj2<Concurrency::details::_Task_impl<unsigned_char>_>","Label","IMPORTED",false,true
"1003f93c","vftable","std::_Ref_count_obj2<Concurrency::details::_Task_impl<unsigned_char>_>","Label","IMPORTED",false,true
"1003f94c","vftable_meta_ptr","std::_Func_impl_no_alloc<std::_Fake_no_copy_callable_adapter<`void___cdecl_CustomRPC::RecieveHandling(RPCParameters*)'::`2'::<lambda_1>_>,void>","Label","IMPORTED",false,true
"1003f950","vftable","std::_Func_impl_no_alloc<std::_Fake_no_copy_callable_adapter<`void___cdecl_CustomRPC::RecieveHandling(RPCParameters*)'::`2'::<lambda_1>_>,void>","Label","IMPORTED",false,true
"1003f968","vftable_meta_ptr","Concurrency::details::_PPLTaskHandle<unsigned_char,Concurrency::task<unsigned_char>::_InitialTaskHandle<void,`public:___thiscall_std::_Task_async_state<void>::_Task_async_state<void><std::_Fake_no_copy_callable_adapter<`void___cdecl_CustomRPC::RecieveHandling(RPCParameters*)'::`2'::<lambda_1>_>_>(std::_Fake_no_copy_callable_adapter<`void___cdecl_CustomRPC::RecieveHandling(RPCParameters*)'::`2'::<lambda_1>_>&&)'::`2'::<lambda_1>,Concurrency::details::_TypeSelectorNoAsync>,Concurrency::details::_TaskProcHandle>","Label","IMPORTED",false,true
"1003f96c","vftable","Concurrency::details::_PPLTaskHandle<unsigned_char,Concurrency::task<unsigned_char>::_InitialTaskHandle<void,`public:___thiscall_std::_Task_async_state<void>::_Task_async_state<void><std::_Fake_no_copy_callable_adapter<`void___cdecl_CustomRPC::RecieveHandling(RPCParameters*)'::`2'::<lambda_1>_>_>(std::_Fake_no_copy_callable_adapter<`void___cdecl_CustomRPC::RecieveHandling(RPCParameters*)'::`2'::<lambda_1>_>&&)'::`2'::<lambda_1>,Concurrency::details::_TypeSelectorNoAsync>,Concurrency::details::_TaskProcHandle>","Label","IMPORTED",false,true
"1003f974","vftable_meta_ptr","Concurrency::task<unsigned_char>::_InitialTaskHandle<void,`public:___thiscall_std::_Task_async_state<void>::_Task_async_state<void><std::_Fake_no_copy_callable_adapter<`void___cdecl_CustomRPC::RecieveHandling(RPCParameters*)'::`2'::<lambda_1>_>_>(std::_Fake_no_copy_callable_adapter<`void___cdecl_CustomRPC::RecieveHandling(RPCParameters*)'::`2'::<lambda_1>_>&&)'::`2'::<lambda_1>,Concurrency::details::_TypeSelectorNoAsync>","Label","IMPORTED",false,true
"1003f978","vftable","Concurrency::task<unsigned_char>::_InitialTaskHandle<void,`public:___thiscall_std::_Task_async_state<void>::_Task_async_state<void><std::_Fake_no_copy_callable_adapter<`void___cdecl_CustomRPC::RecieveHandling(RPCParameters*)'::`2'::<lambda_1>_>_>(std::_Fake_no_copy_callable_adapter<`void___cdecl_CustomRPC::RecieveHandling(RPCParameters*)'::`2'::<lambda_1>_>&&)'::`2'::<lambda_1>,Concurrency::details::_TypeSelectorNoAsync>","Label","IMPORTED",false,true
"1003f980","vftable_meta_ptr","std::_Func_impl_no_alloc<`public:___thiscall_std::_Task_async_state<void>::_Task_async_state<void><std::_Fake_no_copy_callable_adapter<`void___cdecl_CustomRPC::RecieveHandling(RPCParameters*)'::`2'::<lambda_1>_>_>(std::_Fake_no_copy_callable_adapter<`void___cdecl_CustomRPC::RecieveHandling(RPCParameters*)'::`2'::<lambda_1>_>&&)'::`2'::<lambda_1>,void>","Label","IMPORTED",false,true
"1003f984","vftable","std::_Func_impl_no_alloc<`public:___thiscall_std::_Task_async_state<void>::_Task_async_state<void><std::_Fake_no_copy_callable_adapter<`void___cdecl_CustomRPC::RecieveHandling(RPCParameters*)'::`2'::<lambda_1>_>_>(std::_Fake_no_copy_callable_adapter<`void___cdecl_CustomRPC::RecieveHandling(RPCParameters*)'::`2'::<lambda_1>_>&&)'::`2'::<lambda_1>,void>","Label","IMPORTED",false,true
"1003f99c","DAT_1003f99c","Global","Label","DEFAULT",false,true
"1003f9a0","vftable_meta_ptr","std::basic_stringbuf<char,std::char_traits<char>,std::allocator<char>_>","Label","IMPORTED",false,true
"1003f9a4","vftable","std::basic_stringbuf<char,std::char_traits<char>,std::allocator<char>_>","Label","IMPORTED",false,true
"1003f9e0","vftable_meta_ptr","std::basic_ostringstream<char,std::char_traits<char>,std::allocator<char>_>","Label","IMPORTED",false,true
"1003f9e4","vftable","std::basic_ostringstream<char,std::char_traits<char>,std::allocator<char>_>","Label","IMPORTED",false,true
"1003f9e8","PTR_1003f9e8","Global","Label","DEFAULT",false,true
"1003f9ec","DAT_1003f9ec","Global","Label","DEFAULT",false,true
"1003f9f0","DAT_1003f9f0","Global","Label","DEFAULT",false,true
"1003f9f4","DAT_1003f9f4","Global","Label","DEFAULT",false,true
"1003f9f8","DAT_1003f9f8","Global","Label","DEFAULT",false,true
"1003f9fc","s_Bytes_1003f9fc","Global","Label","DEFAULT",false,true
"1003fa04","DAT_1003fa04","Global","Label","DEFAULT",false,true
"1003fa08","DAT_1003fa08","Global","Label","DEFAULT",false,true
"1003fa0c","s_Total_Streaming_memory:_1003fa0c","Global","Label","DEFAULT",false,true
"1003fa28","s_Using_Streaming_memory:_1003fa28","Global","Label","DEFAULT",false,true
"1003fa44","s_Streaming_Buffer:_1003fa44","Global","Label","DEFAULT",false,true
"1003fa5c","DAT_1003fa5c","Global","Label","DEFAULT",false,true
"1003fa64","s_System_Memory_Used:_1003fa64","Global","Label","DEFAULT",false,true
"1003fa7c","s_MB_1003fa7c","Global","Label","DEFAULT",false,true
"1003fa84","s_System_Memory_Allocated:_1003fa84","Global","Label","DEFAULT",false,true
"1003faa4","s_Peds_Loaded:_1003faa4","Global","Label","DEFAULT",false,true
"1003fab8","DAT_1003fab8","Global","Label","DEFAULT",false,true
"1003fabc","s_RW_Object_Instances:_1003fabc","Global","Label","DEFAULT",false,true
"1003fad8","s_Models_Requested:_1003fad8","Global","Label","DEFAULT",false,true
"1003faf0","s_Players_in_stream:_1003faf0","Global","Label","DEFAULT",false,true
"1003fb08","s_Vehicles_in_Stream:_1003fb08","Global","Label","DEFAULT",false,true
"1003fb20","s_Objects_in_Stream:_1003fb20","Global","Label","DEFAULT",false,true
"1003fb38","s_Sent_Data:_1003fb38","Global","Label","DEFAULT",false,true
"1003fb48","s_Recieve_Data:_1003fb48","Global","Label","DEFAULT",false,true
"1003fb5c","DAT_1003fb5c","Global","Label","DEFAULT",false,true
"1003fb60","s_Packets_Loss:_1003fb60","Global","Label","DEFAULT",false,true
"1003fb74","DAT_1003fb74","Global","Label","DEFAULT",false,true
"1003fb78","DAT_1003fb78","Global","Label","DEFAULT",false,true
"1003fb7c","DAT_1003fb7c","Global","Label","DEFAULT",false,true
"1003fb80","DAT_1003fb80","Global","Label","DEFAULT",false,true
"1003fb90","s_Warning:_ignoring_large_TextDraw_1003fb8f+1","Global","Label","DEFAULT",false,true
"1003fbb8","DAT_1003fbb8","Global","Label","DEFAULT",false,true
"1003fbbc","DAT_1003fbbc","Global","Label","DEFAULT",false,true
"1003fbc0","DAT_1003fbc0","Global","Label","DEFAULT",false,true
"1003fbc8","DAT_1003fbc8","Global","Label","DEFAULT",false,true
"1003fbd0","DAT_1003fbd0","Global","Label","DEFAULT",false,true
"1003fbd4","s_fastman92_limit_adjuster_7.6_1003fbd3+1","Global","Label","DEFAULT",false,true
"1003fbf4","s_data\script\samp.scm_1003fbf4","Global","Label","DEFAULT",false,true
"1003fc0c","DAT_1003fc0c","Global","Label","DEFAULT",false,true
"1003fc14","DAT_1003fc14","Global","Label","DEFAULT",false,true
"1003fc18","s_Empty_Loaded_1003fc18","Global","Label","DEFAULT",false,true
"1003fc28","s_kernel32.dll_1003fc28","Global","Label","DEFAULT",false,true
"1003fc38","s_CreateFileA_1003fc38","Global","Label","DEFAULT",false,true
"1003fc44","s_Installing_Vehicle_Hooks_1003fc44","Global","Label","DEFAULT",false,true
"1003fc60","s_SanViveLuaHudSA.asi_1003fc60","Global","Label","DEFAULT",false,true
"1003fc78","s_55_8B_EC_6A_?_68_?_?_?_?_64_A1_?_1003fc78","Global","Label","DEFAULT",false,true
"1003fd1c","vftable_meta_ptr","std::ctype<wchar_t>","Label","IMPORTED",false,true
"1003fd20","vftable","std::ctype<wchar_t>","Label","IMPORTED",false,true
"1003fd5c","s_Plugin-SDK_Plugin_1003fd5c","Global","Label","DEFAULT",false,true
"1003fd70","s_PECore.asi_1003fd70","Global","Label","DEFAULT",false,true
"1003fd80","s_53_8B_DC_83_EC_?_83_E4_?_83_C4_?_1003fd80","Global","Label","DEFAULT",false,true
"1003fe40","s_Waiting_Loadeing_model:_1003fe40","Global","Label","DEFAULT",false,true
"1003fe60","s_53_8B_DC_83_EC_?_83_E4_?_83_C4_?_1003fe60","Global","Label","DEFAULT",false,true
"1003ff08","s_ColModels_=_1003ff08","Global","Label","DEFAULT",false,true
"1003ff18","vftable_meta_ptr","std::num_put<wchar_t,std::ostreambuf_iterator<wchar_t,std::char_traits<wchar_t>_>_>","Label","IMPORTED",false,true
"1003ff1c","vftable","std::num_put<wchar_t,std::ostreambuf_iterator<wchar_t,std::char_traits<wchar_t>_>_>","Label","IMPORTED",false,true
"1003ff48","vftable_meta_ptr","std::numpunct<wchar_t>","Label","IMPORTED",false,true
"1003ff4c","vftable","std::numpunct<wchar_t>","Label","IMPORTED",false,true
"1003ff6c","s_Player_Z_Pos:_1003ff6c","Global","Label","DEFAULT",false,true
"1003ff7c","s_Player_Y_Pos:_1003ff7c","Global","Label","DEFAULT",false,true
"1003ff8c","s_Player_X_Pos:_1003ff8c","Global","Label","DEFAULT",false,true
"1003ff9c","DAT_1003ff9c","Global","Label","DEFAULT",false,true
"1003ffa0","vftable_meta_ptr","std::basic_ofstream<char,std::char_traits<char>_>","Label","IMPORTED",false,true
"1003ffa4","vftable","std::basic_ofstream<char,std::char_traits<char>_>","Label","IMPORTED",false,true
"1003ffa8","PTR_1003ffa8","Global","Label","DEFAULT",false,true
"1003ffac","DAT_1003ffac","Global","Label","DEFAULT",false,true
"1003ffb0","vftable_meta_ptr","std::_System_error_category","Label","IMPORTED",false,true
"1003ffb4","vftable","std::_System_error_category","Label","IMPORTED",false,true
"1003ffcc","s_system_1003ffcc","Global","Label","DEFAULT",false,true
"1003ffd4","s_unknown_error_1003ffd4","Global","Label","DEFAULT",false,true
"1003ffe2","DAT_1003ffe2","Global","Label","DEFAULT",false,true
"1003ffe4","vftable_meta_ptr","std::filesystem::filesystem_error","Label","IMPORTED",false,true
"1003ffe8","vftable","std::filesystem::filesystem_error","Label","IMPORTED",false,true
"1003fff0","DAT_1003fff0","Global","Label","DEFAULT",false,true
"1003fff4","DAT_1003fff4","Global","Label","DEFAULT",false,true
"1003fffc","s_status_1003fffc","Global","Label","DEFAULT",false,true
"10040004","s_create_directory_10040004","Global","Label","DEFAULT",false,true
"10040018","s_S&SMP_Logs_10040018","Global","Label","DEFAULT",false,true
"10040024","DAT_10040024","Global","Label","DEFAULT",false,true
"1004002c","s_Buildings_=_1004002c","Global","Label","DEFAULT",false,true
"1004003c","s_FILE_TYPE_TXD_=_1004003c","Global","Label","DEFAULT",false,true
"10040050","s_FILE_TYPE_DFF_=_10040050","Global","Label","DEFAULT",false,true
"10040064","s_MaxModels:_10040064","Global","Label","DEFAULT",false,true
"10040070","s_PtrNode_Singles_=_10040070","Global","Label","DEFAULT",false,true
"10040084","s_PtrNode_Doubles_=_10040084","Global","Label","DEFAULT",false,true
"10040098","s_Events_=_10040098","Global","Label","DEFAULT",false,true
"100400a4","s_Tasks_=_100400a4","Global","Label","DEFAULT",false,true
"100400b0","DAT_100400b0","Global","Label","DEFAULT",false,true
"100400b4","s_Map_ssmpchanged_100400b4","Global","Label","DEFAULT",false,true
"100400c4","s_Matrices_=_100400c4","Global","Label","DEFAULT",false,true
"100400d0","s_Objects_=_100400d0","Global","Label","DEFAULT",false,true
"100400dc","s_Dummies_=_100400dc","Global","Label","DEFAULT",false,true
"100400e8","s_EntryInfoNodes_=_100400e8","Global","Label","DEFAULT",false,true
"100400fc","s_rwObjectInstances_=_100400fc","Global","Label","DEFAULT",false,true
"10040114","s_Enable_pickup_limit_patch_=_10040114","Global","Label","DEFAULT",false,true
"10040134","s_SAMPFUNCS.asi_10040134","Global","Label","DEFAULT",false,true
"10040144","s_Set_New_Config_fps_limit_:_10040144","Global","Label","DEFAULT",false,true
"10040160","s_Setting_old_fps_limit_10040160","Global","Label","DEFAULT",false,true
"10040178","s_->_Frame_Limiter:_valid_amounts_a_10040178","Global","Label","DEFAULT",false,true
"100401a4","s_\SSMP\sa-mp.cfg_100401a4","Global","Label","DEFAULT",false,true
"100401b4","DAT_100401b4","Global","Label","DEFAULT",false,true
"100401b8","s_fpslimit=_100401b8","Global","Label","DEFAULT",false,true
"100401c4","s_Readed_fps_limit_100401c4","Global","Label","DEFAULT",false,true
"100401d8","s_Radio_patched_100401d8","Global","Label","DEFAULT",false,true
"100401e8","s_33_C0_C7_05_?_?_?_?_?_?_?_?_C7_0_100401e8","Global","Label","DEFAULT",false,true
"1004024c","s_55_8B_EC_51_68_?_?_?_?_83_EC_?_C_1004024c","Global","Label","DEFAULT",false,true
"10040274","s_83_C1_?_E9_?_?_?_?_?_?_?_?_?_?_?_10040274","Global","Label","DEFAULT",false,true
"100402a0","s_E9_?_?_?_?_?_?_?_?_?_?_?_?_?_?_?_100402a0","Global","Label","DEFAULT",false,true
"100402e8","s_E9_?_?_?_?_?_?_?_?_?_?_?_?_?_?_?_100402e8","Global","Label","DEFAULT",false,true
"10040330","s_RtlGetVersion_10040330","Global","Label","DEFAULT",false,true
"10040340","s_ntdll.dll_10040340","Global","Label","DEFAULT",false,true
"1004034c","s_build_number_1004034c","Global","Label","DEFAULT",false,true
"1004035c","s_Setted_car_creating_fix_1004035c","Global","Label","DEFAULT",false,true
"10040378","DAT_10040378","Global","Label","DEFAULT",false,true
"1004037c","DAT_1004037c","Global","Label","DEFAULT",false,true
"10040380","DAT_10040380","Global","Label","DEFAULT",false,true
"10040384","DAT_10040384","Global","Label","DEFAULT",false,true
"10040388","DAT_10040388","Global","Label","DEFAULT",false,true
"1004038c","DAT_1004038c","Global","Label","DEFAULT",false,true
"10040e04","s_AreDifficultIDsExtended_10040e04","Global","Label","DEFAULT",false,true
"10040e1c","s_GetExtendedIDfrom16bitBefore_10040e1c","Global","Label","DEFAULT",false,true
"10040e3c","s_SetExtendedIDfrom16bitBefore_10040e3c","Global","Label","DEFAULT",false,true
"10040e5c","s_AreVehicleColourIDsextended_10040e5c","Global","Label","DEFAULT",false,true
"10040e78","s_GetExtendedIDfrom8bitBefore_10040e78","Global","Label","DEFAULT",false,true
"10040e94","s_SetExtendedIDfrom8bitBefore_10040e94","Global","Label","DEFAULT",false,true
"10040eb0","DAT_10040eb0","Global","Label","DEFAULT",false,true
"10040eb4","DAT_10040eb4","Global","Label","DEFAULT",false,true
"10040eb8","s_directory_iterator::directory_it_10040eb8","Global","Label","DEFAULT",false,true
"10040ee0","s_directory_iterator::operator++_10040ee0","Global","Label","DEFAULT",false,true
"10040f00","s_plugins_10040f00","Global","Label","DEFAULT",false,true
"10040f08","s_CreatePlugin_10040f08","Global","Label","DEFAULT",false,true
"10040f18","s_55_8B_EC_8B_45_?_85_C0_75_?_32_C_10040f18","Global","Label","DEFAULT",false,true
"10040f3c","s_$fastman92limitAdjuster.asi_10040f3c","Global","Label","DEFAULT",false,true
"10040f58","s_E8_?_?_?_?_83_FE_?_74_?_83_FE_?_7_10040f58","Global","Label","DEFAULT",false,true
"1004107c","s_E8_?_?_?_?_83_C4_?_EB_?_?_?_8B_F_1004107c","Global","Label","DEFAULT",false,true
"100410a0","vftable_meta_ptr","std::_Ref_count_obj2<std::filesystem::_Dir_enum_impl>","Label","IMPORTED",false,true
"100410a4","vftable","std::_Ref_count_obj2<std::filesystem::_Dir_enum_impl>","Label","IMPORTED",false,true
"100410b8","s_bad_allocation_100410b8","Global","Label","DEFAULT",false,true
"100410c8","vftable_meta_ptr","std::bad_function_call","Label","IMPORTED",false,true
"100410cc","vftable","std::bad_function_call","Label","IMPORTED",false,true
"100410d4","s_bad_function_call_100410d4","Global","Label","DEFAULT",false,true
"100410e8","vftable_meta_ptr","std::invalid_argument","Label","IMPORTED",false,true
"100410ec","vftable","std::invalid_argument","Label","IMPORTED",false,true
"100410f4","vftable_meta_ptr","std::length_error","Label","IMPORTED",false,true
"100410f8","vftable","std::length_error","Label","IMPORTED",false,true
"10041100","vftable_meta_ptr","std::out_of_range","Label","IMPORTED",false,true
"10041104","vftable","std::out_of_range","Label","IMPORTED",false,true
"10043618","DAT_10043618","Global","Label","DEFAULT",false,true
"10043638","DAT_10043638","Global","Label","DEFAULT",false,true
"10043640","DAT_10043640","Global","Label","DEFAULT",false,true
"10043644","DAT_10043644","Global","Label","DEFAULT",false,true
"100438d8","DAT_100438d8","Global","Label","DEFAULT",false,true
"100438e0","DAT_100438e0","Global","Label","DEFAULT",false,true
"100438e4","PTR_s_address_family_not_supported_100438e4","Global","Label","DEFAULT",false,true
"10043b50","s_success_10043b50","Global","Label","DEFAULT",false,true
"10043b58","s_address_family_not_supported_10043b58","Global","Label","DEFAULT",false,true
"10043cac","s_device_or_resource_busy_10043cac","Global","Label","DEFAULT",false,true
"10043da8","s_invalid_argument_10043da8","Global","Label","DEFAULT",false,true
"10043f14","s_no_such_process_10043f14","Global","Label","DEFAULT",false,true
"10043f64","s_not_enough_memory_10043f64","Global","Label","DEFAULT",false,true
"10043fb4","s_operation_not_permitted_10043fb4","Global","Label","DEFAULT",false,true
"1004405c","s_resource_deadlock_would_occur_1004405c","Global","Label","DEFAULT",false,true
"1004407c","s_resource_unavailable_try_again_1004407c","Global","Label","DEFAULT",false,true
"1004417c","s_unknown_error_1004417c","Global","Label","DEFAULT",false,true
"1004418c","vftable_meta_ptr","std::locale::_Locimp","Label","IMPORTED",false,true
"10044190","vftable","std::locale::_Locimp","Label","IMPORTED",false,true
"1004419c","DAT_1004419c","Global","Label","DEFAULT",false,true
"100441a0","DAT_100441a0","Global","Label","DEFAULT",false,true
"100441b0","PTR_DAT_100441b0","Global","Label","DEFAULT",false,true
"100441b4","PTR_DAT_100441b4","Global","Label","DEFAULT",false,true
"100441b8","PTR_DAT_100441b8","Global","Label","DEFAULT",false,true
"10044204","DAT_10044204","Global","Label","DEFAULT",false,true
"10044208","DAT_10044208","Global","Label","DEFAULT",false,true
"1004420c","DAT_1004420c","Global","Label","DEFAULT",false,true
"10044210","DAT_10044210","Global","Label","DEFAULT",false,true
"10044214","DAT_10044214","Global","Label","DEFAULT",false,true
"10044218","DAT_10044218","Global","Label","DEFAULT",false,true
"1004421c","DAT_1004421c","Global","Label","DEFAULT",false,true
"10044220","DAT_10044220","Global","Label","DEFAULT",false,true
"10044224","DAT_10044224","Global","Label","DEFAULT",false,true
"10044228","DAT_10044228","Global","Label","DEFAULT",false,true
"1004422c","DAT_1004422c","Global","Label","DEFAULT",false,true
"10044230","DAT_10044230","Global","Label","DEFAULT",false,true
"10044234","DAT_10044234","Global","Label","DEFAULT",false,true
"10044238","DAT_10044238","Global","Label","DEFAULT",false,true
"1004423c","DAT_1004423c","Global","Label","DEFAULT",false,true
"10044248","PTR_DAT_10044248","Global","Label","DEFAULT",false,true
"1004424c","PTR_DAT_1004424c","Global","Label","DEFAULT",false,true
"10044250","PTR_DAT_10044250","Global","Label","DEFAULT",false,true
"1004429c","DAT_1004429c","Global","Label","DEFAULT",false,true
"100442a0","DAT_100442a0","Global","Label","DEFAULT",false,true
"100442a4","DAT_100442a4","Global","Label","DEFAULT",false,true
"100442a8","DAT_100442a8","Global","Label","DEFAULT",false,true
"100442b0","DAT_100442b0","Global","Label","DEFAULT",false,true
"100442b8","DAT_100442b8","Global","Label","DEFAULT",false,true
"100442c0","DAT_100442c0","Global","Label","DEFAULT",false,true
"100442c8","DAT_100442c8","Global","Label","DEFAULT",false,true
"100442d0","DAT_100442d0","Global","Label","DEFAULT",false,true
"100442d8","DAT_100442d8","Global","Label","DEFAULT",false,true
"100442e0","DAT_100442e0","Global","Label","DEFAULT",false,true
"100442e8","DAT_100442e8","Global","Label","DEFAULT",false,true
"100442f0","DAT_100442f0","Global","Label","DEFAULT",false,true
"100442f8","DAT_100442f8","Global","Label","DEFAULT",false,true
"10044300","DAT_10044300","Global","Label","DEFAULT",false,true
"10044308","u_w+bx_10044308","Global","Label","DEFAULT",false,true
"10044314","vftable_meta_ptr","std::bad_exception","Label","IMPORTED",false,true
"10044318","vftable","std::bad_exception","Label","IMPORTED",false,true
"10044320","s_bad_exception_10044320","Global","Label","DEFAULT",false,true
"10044330","vftable_meta_ptr","_anon_6E02EFE5::_ExceptionPtr_normal","Label","IMPORTED",false,true
"10044334","vftable","_anon_6E02EFE5::_ExceptionPtr_normal","Label","IMPORTED",false,true
"10044344","vftable_meta_ptr","_anon_6E02EFE5::_ExceptionPtr_static<std::bad_alloc>","Label","IMPORTED",false,true
"10044348","vftable","_anon_6E02EFE5::_ExceptionPtr_static<std::bad_alloc>","Label","IMPORTED",false,true
"10044358","vftable_meta_ptr","_anon_6E02EFE5::_ExceptionPtr_static<std::bad_exception>","Label","IMPORTED",false,true
"1004435c","vftable","_anon_6E02EFE5::_ExceptionPtr_static<std::bad_exception>","Label","IMPORTED",false,true
"1004436c","PTR_s_device_or_resource_busy_1004436c","Global","Label","DEFAULT",false,true
"10044388","DAT_10044388","Global","Label","DEFAULT",false,true
"100443a4","vftable_meta_ptr","std::codecvt<wchar_t,char,_Mbstatet>","Label","IMPORTED",false,true
"100443a8","vftable","std::codecvt<wchar_t,char,_Mbstatet>","Label","IMPORTED",false,true
"100443d0","vftable_meta_ptr","std::basic_streambuf<wchar_t,std::char_traits<wchar_t>_>","Label","IMPORTED",false,true
"100443d4","vftable","std::basic_streambuf<wchar_t,std::char_traits<wchar_t>_>","Label","IMPORTED",false,true
"10044410","vftable_meta_ptr","std::basic_filebuf<wchar_t,std::char_traits<wchar_t>_>","Label","IMPORTED",false,true
"10044414","vftable","std::basic_filebuf<wchar_t,std::char_traits<wchar_t>_>","Label","IMPORTED",false,true
"10044450","vftable_meta_ptr","std::basic_ios<wchar_t,std::char_traits<wchar_t>_>","Label","IMPORTED",false,true
"10044454","vftable","std::basic_ios<wchar_t,std::char_traits<wchar_t>_>","Label","IMPORTED",false,true
"10044458","vftable_meta_ptr","std::basic_ostream<wchar_t,std::char_traits<wchar_t>_>","Label","IMPORTED",false,true
"1004445c","vftable","std::basic_ostream<wchar_t,std::char_traits<wchar_t>_>","Label","IMPORTED",false,true
"10044460","PTR_10044460","Global","Label","DEFAULT",false,true
"10044464","DAT_10044464","Global","Label","DEFAULT",false,true
"10044468","DAT_10044468","Global","Label","DEFAULT",false,true
"10044568","u_!x-sys-default-locale_10044568","Global","Label","DEFAULT",false,true
"10044598","u_api-ms-win-core-synch-l1-2-0.dll_10044598","Global","Label","DEFAULT",false,true
"100445dc","s_WaitOnAddress_100445dc","Global","Label","DEFAULT",false,true
"100445ec","s_WakeByAddressSingle_100445ec","Global","Label","DEFAULT",false,true
"10044600","s_WakeByAddressAll_10044600","Global","Label","DEFAULT",false,true
"10044614","u_kernel32.dll_10044614","Global","Label","DEFAULT",false,true
"10044630","s_GetTempPath2W_10044630","Global","Label","DEFAULT",false,true
"10044640","s_GetSystemTimePreciseAsFileTime_10044640","Global","Label","DEFAULT",false,true
"10044668","DAT_10044668","Global","Label","DEFAULT",false,true
"1004470c","vftable_meta_ptr","type_info","Label","IMPORTED",false,true
"10044710","vftable","type_info","Label","IMPORTED",false,true
"10044748","DAT_10044748","Global","Label","DEFAULT",false,true
"10044750","PTR_DAT_10044750","Global","Label","DEFAULT",false,true
"10044758","DAT_10044758","Global","Label","DEFAULT",false,true
"1004475c","PTR_FUN_1004475c","Global","Label","DEFAULT",false,true
"1004510c","PTR_u_api-ms-win-core-fibers-l1-1-1_1004510c","Global","Label","DEFAULT",false,true
"10045118","u_api-ms-win-core-fibers-l1-1-1_10045118","Global","Label","DEFAULT",false,true
"10045154","u_api-ms-win-core-synch-l1-2-0_10045154","Global","Label","DEFAULT",false,true
"10045190","u_kernel32_10045190","Global","Label","DEFAULT",false,true
"100451a4","u_api-ms-_100451a4","Global","Label","DEFAULT",false,true
"100451b4","DAT_100451b4","Global","Label","DEFAULT",false,true
"100451bc","s_FlsAlloc_100451bc","Global","Label","DEFAULT",false,true
"100451c8","DAT_100451c8","Global","Label","DEFAULT",false,true
"100451d0","s_FlsFree_100451d0","Global","Label","DEFAULT",false,true
"100451d8","DAT_100451d8","Global","Label","DEFAULT",false,true
"100451e0","s_FlsGetValue_100451e0","Global","Label","DEFAULT",false,true
"100451ec","DAT_100451ec","Global","Label","DEFAULT",false,true
"100451f4","s_FlsSetValue_100451f4","Global","Label","DEFAULT",false,true
"10045200","DAT_10045200","Global","Label","DEFAULT",false,true
"10045208","s_InitializeCriticalSectionEx_10045208","Global","Label","DEFAULT",false,true
"10045228","DAT_10045228","Global","Label","DEFAULT",false,true
"10045230","DAT_10045230","Global","Label","DEFAULT",false,true
"10045234","DAT_10045234","Global","Label","DEFAULT",false,true
"10045390","DAT_10045390","Global","Label","DEFAULT",false,true
"10045391","DAT_10045391","Global","Label","DEFAULT",false,true
"10045490","DAT_10045490","Global","Label","DEFAULT",false,true
"10045491","DAT_10045491","Global","Label","DEFAULT",false,true
"10045590","u_(null)_10045590","Global","Label","DEFAULT",false,true
"10045e34","DAT_10045e34","Global","Label","DEFAULT",false,true
"10045ea6","DAT_10045ea6","Global","Label","DEFAULT",false,true
"10045ea7","DAT_10045ea7","Global","Label","DEFAULT",false,true
"10045f3c","DAT_10045f3c","Global","Label","DEFAULT",false,true
"10045f3e","DAT_10045f3e","Global","Label","DEFAULT",false,true
"10045f3f","DAT_10045f3f","Global","Label","DEFAULT",false,true
"10045f68","DAT_10045f68","Global","Label","DEFAULT",false,true
"10045f70","DAT_10045f70","Global","Label","DEFAULT",false,true
"10046078","DAT_10046078","Global","Label","DEFAULT",false,true
"100462f8","DAT_100462f8","Global","Label","DEFAULT",false,true
"10046478","DAT_10046478","Global","Label","DEFAULT",false,true
"1004657a","DAT_1004657a","Global","Label","DEFAULT",false,true
"1004657c","DAT_1004657c","Global","Label","DEFAULT",false,true
"10046780","DAT_10046780","Global","Label","DEFAULT",false,true
"10046810","DAT_10046810","Global","Label","DEFAULT",false,true
"10046814","DAT_10046814","Global","Label","DEFAULT",false,true
"10046818","DAT_10046818","Global","Label","DEFAULT",false,true
"1004681c","u_mscoree.dll_1004681c","Global","Label","DEFAULT",false,true
"10046834","s_CorExitProcess_10046834","Global","Label","DEFAULT",false,true
"10046848","PTR_LAB_10046848","Global","Label","DEFAULT",false,true
"100468c8","DAT_100468c8","Global","Label","DEFAULT",false,true
"100468d0","DAT_100468d0","Global","Label","DEFAULT",false,true
"100468d4","PTR_DAT_100468d4","Global","Label","DEFAULT",false,true
"100469b0","DAT_100469b0","Global","Label","DEFAULT",false,true
"100469b4","DAT_100469b4","Global","Label","DEFAULT",false,true
"100469b8","DAT_100469b8","Global","Label","DEFAULT",false,true
"100469bc","s_log10_100469bc","Global","Label","DEFAULT",false,true
"100469dc","DAT_100469dc","Global","Label","DEFAULT",false,true
"100469e4","DAT_100469e4","Global","Label","DEFAULT",false,true
"100469fc","DAT_100469fc","Global","Label","DEFAULT",false,true
"10046a78","DAT_10046a78","Global","Label","DEFAULT",false,true
"10046b00","PTR_FUN_10046b00","Global","Label","DEFAULT",false,true
"10046b04","PTR_u_LC_COLLATE_10046b04","Global","Label","DEFAULT",false,true
"10046b10","PTR_u_LC_CTYPE_10046b10","Global","Label","DEFAULT",false,true
"10046b34","PTR_u_LC_TIME_10046b34","Global","Label","DEFAULT",false,true
"10046b50","u_LC_COLLATE_10046b50","Global","Label","DEFAULT",false,true
"10046b52","u_C_COLLATE_10046b50+2","Global","Label","DEFAULT",false,true
"10046b68","u_LC_CTYPE_10046b68","Global","Label","DEFAULT",false,true
"10046b7c","u_LC_MONETARY_10046b7c","Global","Label","DEFAULT",false,true
"10046b94","u_LC_NUMERIC_10046b94","Global","Label","DEFAULT",false,true
"10046bac","u_LC_TIME_10046bac","Global","Label","DEFAULT",false,true
"10046bbc","DAT_10046bbc","Global","Label","DEFAULT",false,true
"10046bc4","DAT_10046bc4","Global","Label","DEFAULT",false,true
"10046bc8","DAT_10046bc8","Global","Label","DEFAULT",false,true
"10046bcc","DAT_10046bcc","Global","Label","DEFAULT",false,true
"10046bd4","DAT_10046bd4","Global","Label","DEFAULT",false,true
"10046bd8","DAT_10046bd8","Global","Label","DEFAULT",false,true
"10046be0","DAT_10046be0","Global","Label","DEFAULT",false,true
"10046be4","DAT_10046be4","Global","Label","DEFAULT",false,true
"10046be8","PTR_DAT_10046be8","Global","Label","DEFAULT",false,true
"10046d4c","DAT_10046d4c","Global","Label","DEFAULT",false,true
"10046d50","DAT_10046d50","Global","Label","DEFAULT",false,true
"10046d54","DAT_10046d54","Global","Label","DEFAULT",false,true
"10046d58","DAT_10046d58","Global","Label","DEFAULT",false,true
"10046d5c","DAT_10046d5c","Global","Label","DEFAULT",false,true
"10046d60","DAT_10046d60","Global","Label","DEFAULT",false,true
"10046d64","DAT_10046d64","Global","Label","DEFAULT",false,true
"10046d68","s_Sunday_10046d68","Global","Label","DEFAULT",false,true
"10046d70","s_Monday_10046d70","Global","Label","DEFAULT",false,true
"10046d78","s_Tuesday_10046d78","Global","Label","DEFAULT",false,true
"10046d80","s_Wednesday_10046d80","Global","Label","DEFAULT",false,true
"10046d8c","s_Thursday_10046d8c","Global","Label","DEFAULT",false,true
"10046d98","s_Friday_10046d98","Global","Label","DEFAULT",false,true
"10046da0","s_Saturday_10046da0","Global","Label","DEFAULT",false,true
"10046dac","DAT_10046dac","Global","Label","DEFAULT",false,true
"10046db0","DAT_10046db0","Global","Label","DEFAULT",false,true
"10046db4","DAT_10046db4","Global","Label","DEFAULT",false,true
"10046db8","DAT_10046db8","Global","Label","DEFAULT",false,true
"10046dbc","DAT_10046dbc","Global","Label","DEFAULT",false,true
"10046dc0","DAT_10046dc0","Global","Label","DEFAULT",false,true
"10046dc4","DAT_10046dc4","Global","Label","DEFAULT",false,true
"10046dc8","DAT_10046dc8","Global","Label","DEFAULT",false,true
"10046dcc","DAT_10046dcc","Global","Label","DEFAULT",false,true
"10046dd0","DAT_10046dd0","Global","Label","DEFAULT",false,true
"10046dd4","DAT_10046dd4","Global","Label","DEFAULT",false,true
"10046dd8","DAT_10046dd8","Global","Label","DEFAULT",false,true
"10046ddc","s_January_10046ddc","Global","Label","DEFAULT",false,true
"10046de4","s_February_10046de4","Global","Label","DEFAULT",false,true
"10046df0","s_March_10046df0","Global","Label","DEFAULT",false,true
"10046df8","s_April_10046df8","Global","Label","DEFAULT",false,true
"10046e00","DAT_10046e00","Global","Label","DEFAULT",false,true
"10046e08","DAT_10046e08","Global","Label","DEFAULT",false,true
"10046e10","s_August_10046e10","Global","Label","DEFAULT",false,true
"10046e18","s_September_10046e18","Global","Label","DEFAULT",false,true
"10046e24","s_October_10046e24","Global","Label","DEFAULT",false,true
"10046e2c","s_November_10046e2c","Global","Label","DEFAULT",false,true
"10046e38","s_December_10046e38","Global","Label","DEFAULT",false,true
"10046e44","DAT_10046e44","Global","Label","DEFAULT",false,true
"10046e48","DAT_10046e48","Global","Label","DEFAULT",false,true
"10046e4c","s_MM/dd/yy_10046e4c","Global","Label","DEFAULT",false,true
"10046e58","s_dddd,_MMMM_dd,_yyyy_10046e58","Global","Label","DEFAULT",false,true
"10046e6c","s_HH:mm:ss_10046e6c","Global","Label","DEFAULT",false,true
"10046e78","DAT_10046e78","Global","Label","DEFAULT",false,true
"10046e80","DAT_10046e80","Global","Label","DEFAULT",false,true
"10046e88","DAT_10046e88","Global","Label","DEFAULT",false,true
"10046e90","DAT_10046e90","Global","Label","DEFAULT",false,true
"10046e98","DAT_10046e98","Global","Label","DEFAULT",false,true
"10046ea0","DAT_10046ea0","Global","Label","DEFAULT",false,true
"10046ea8","DAT_10046ea8","Global","Label","DEFAULT",false,true
"10046eb0","u_Sunday_10046eb0","Global","Label","DEFAULT",false,true
"10046ec0","u_Monday_10046ec0","Global","Label","DEFAULT",false,true
"10046ed0","u_Tuesday_10046ed0","Global","Label","DEFAULT",false,true
"10046ee0","u_Wednesday_10046ee0","Global","Label","DEFAULT",false,true
"10046ef4","u_Thursday_10046ef4","Global","Label","DEFAULT",false,true
"10046f08","u_Friday_10046f08","Global","Label","DEFAULT",false,true
"10046f18","u_Saturday_10046f18","Global","Label","DEFAULT",false,true
"10046f2c","DAT_10046f2c","Global","Label","DEFAULT",false,true
"10046f34","DAT_10046f34","Global","Label","DEFAULT",false,true
"10046f3c","DAT_10046f3c","Global","Label","DEFAULT",false,true
"10046f44","DAT_10046f44","Global","Label","DEFAULT",false,true
"10046f4c","DAT_10046f4c","Global","Label","DEFAULT",false,true
"10046f54","DAT_10046f54","Global","Label","DEFAULT",false,true
"10046f5c","DAT_10046f5c","Global","Label","DEFAULT",false,true
"10046f64","DAT_10046f64","Global","Label","DEFAULT",false,true
"10046f6c","DAT_10046f6c","Global","Label","DEFAULT",false,true
"10046f74","DAT_10046f74","Global","Label","DEFAULT",false,true
"10046f7c","DAT_10046f7c","Global","Label","DEFAULT",false,true
"10046f84","DAT_10046f84","Global","Label","DEFAULT",false,true
"10046f8c","u_January_10046f8c","Global","Label","DEFAULT",false,true
"10046f9c","u_February_10046f9c","Global","Label","DEFAULT",false,true
"10046fb0","u_March_10046fb0","Global","Label","DEFAULT",false,true
"10046fbc","u_April_10046fbc","Global","Label","DEFAULT",false,true
"10046fc8","u_June_10046fc8","Global","Label","DEFAULT",false,true
"10046fd4","u_July_10046fd4","Global","Label","DEFAULT",false,true
"10046fe0","u_August_10046fe0","Global","Label","DEFAULT",false,true
"10046ff0","u_September_10046ff0","Global","Label","DEFAULT",false,true
"10047004","u_October_10047004","Global","Label","DEFAULT",false,true
"10047014","u_November_10047014","Global","Label","DEFAULT",false,true
"10047028","u_December_10047028","Global","Label","DEFAULT",false,true
"1004703c","DAT_1004703c","Global","Label","DEFAULT",false,true
"10047044","DAT_10047044","Global","Label","DEFAULT",false,true
"1004704c","u_MM/dd/yy_1004704c","Global","Label","DEFAULT",false,true
"10047060","u_dddd,_MMMM_dd,_yyyy_10047060","Global","Label","DEFAULT",false,true
"10047088","u_HH:mm:ss_10047088","Global","Label","DEFAULT",false,true
"1004709c","u_en-US_1004709c","Global","Label","DEFAULT",false,true
"100470a8","PTR_u_api-ms-win-core-datetime-l1-1-1_100470a8","Global","Label","DEFAULT",false,true
"10047100","u_api-ms-win-core-datetime-l1-1-1_10047100","Global","Label","DEFAULT",false,true
"10047140","u_api-ms-win-core-file-l1-2-4_10047140","Global","Label","DEFAULT",false,true
"10047178","u_api-ms-win-core-file-l1-2-2_10047178","Global","Label","DEFAULT",false,true
"100471b0","u_api-ms-win-core-localization-l1-_100471b0","Global","Label","DEFAULT",false,true
"100471f8","u_api-ms-win-core-localization-obs_100471f8","Global","Label","DEFAULT",false,true
"10047258","u_api-ms-win-core-processthreads-l_10047258","Global","Label","DEFAULT",false,true
"100472a4","u_api-ms-win-core-string-l1-1-0_100472a4","Global","Label","DEFAULT",false,true
"100472e0","u_api-ms-win-core-sysinfo-l1-2-1_100472e0","Global","Label","DEFAULT",false,true
"10047320","u_api-ms-win-core-winrt-l1-1-0_10047320","Global","Label","DEFAULT",false,true
"1004735c","u_api-ms-win-core-xstate-l2-1-0_1004735c","Global","Label","DEFAULT",false,true
"10047398","u_api-ms-win-rtcore-ntuser-window-_10047398","Global","Label","DEFAULT",false,true
"100473e8","u_api-ms-win-security-systemfuncti_100473e8","Global","Label","DEFAULT",false,true
"10047440","u_ext-ms-win-ntuser-dialogbox-l1-1_10047440","Global","Label","DEFAULT",false,true
"10047488","u_ext-ms-win-ntuser-windowstation-_10047488","Global","Label","DEFAULT",false,true
"100474d8","u_advapi32_100474d8","Global","Label","DEFAULT",false,true
"100474ec","u_kernelbase_100474ec","Global","Label","DEFAULT",false,true
"10047504","u_ntdll_10047504","Global","Label","DEFAULT",false,true
"10047510","u_api-ms-win-appmodel-runtime-l1-1_10047510","Global","Label","DEFAULT",false,true
"10047558","u_user32_10047558","Global","Label","DEFAULT",false,true
"10047568","u_api-ms-win-core-fibers-l1-1-0_10047568","Global","Label","DEFAULT",false,true
"100475a4","u_ext-ms-_100475a4","Global","Label","DEFAULT",false,true
"100475b4","DAT_100475b4","Global","Label","DEFAULT",false,true
"100475b8","s_AreFileApisANSI_100475b8","Global","Label","DEFAULT",false,true
"100475c8","DAT_100475c8","Global","Label","DEFAULT",false,true
"100475d0","s_CompareStringEx_100475d0","Global","Label","DEFAULT",false,true
"100475e0","DAT_100475e0","Global","Label","DEFAULT",false,true
"100475e8","s_EnumSystemLocalesEx_100475e8","Global","Label","DEFAULT",false,true
"100475fc","DAT_100475fc","Global","Label","DEFAULT",false,true
"10047604","s_GetDateFormatEx_10047604","Global","Label","DEFAULT",false,true
"10047614","DAT_10047614","Global","Label","DEFAULT",false,true
"1004761c","s_GetLocaleInfoEx_1004761c","Global","Label","DEFAULT",false,true
"1004762c","DAT_1004762c","Global","Label","DEFAULT",false,true
"10047634","s_GetTimeFormatEx_10047634","Global","Label","DEFAULT",false,true
"10047644","DAT_10047644","Global","Label","DEFAULT",false,true
"1004764c","s_GetUserDefaultLocaleName_1004764c","Global","Label","DEFAULT",false,true
"10047668","DAT_10047668","Global","Label","DEFAULT",false,true
"10047670","DAT_10047670","Global","Label","DEFAULT",false,true
"10047678","s_IsValidLocaleName_10047678","Global","Label","DEFAULT",false,true
"1004768c","DAT_1004768c","Global","Label","DEFAULT",false,true
"10047694","s_LCMapStringEx_10047694","Global","Label","DEFAULT",false,true
"100476a4","DAT_100476a4","Global","Label","DEFAULT",false,true
"100476ac","s_LCIDToLocaleName_100476ac","Global","Label","DEFAULT",false,true
"100476c0","DAT_100476c0","Global","Label","DEFAULT",false,true
"100476c8","s_LocaleNameToLCID_100476c8","Global","Label","DEFAULT",false,true
"100476dc","DAT_100476dc","Global","Label","DEFAULT",false,true
"100476e0","s_RoInitialize_100476e0","Global","Label","DEFAULT",false,true
"100476f0","DAT_100476f0","Global","Label","DEFAULT",false,true
"100476f4","s_RoUninitialize_100476f4","Global","Label","DEFAULT",false,true
"10047704","DAT_10047704","Global","Label","DEFAULT",false,true
"10047708","s_AppPolicyGetProcessTerminationMe_10047708","Global","Label","DEFAULT",false,true
"10047730","DAT_10047730","Global","Label","DEFAULT",false,true
"10047734","s_AppPolicyGetThreadInitialization_10047734","Global","Label","DEFAULT",false,true
"1004775c","DAT_1004775c","Global","Label","DEFAULT",false,true
"10047764","DAT_10047764","Global","Label","DEFAULT",false,true
"1004776c","DAT_1004776c","Global","Label","DEFAULT",false,true
"10047774","DAT_10047774","Global","Label","DEFAULT",false,true
"1004777c","DAT_1004777c","Global","Label","DEFAULT",false,true
"10047780","PTR_DAT_10047780","Global","Label","DEFAULT",false,true
"100477c0","DAT_100477c0","Global","Label","DEFAULT",false,true
"100477c4","DAT_100477c4","Global","Label","DEFAULT",false,true
"100477c8","DAT_100477c8","Global","Label","DEFAULT",false,true
"100477cc","DAT_100477cc","Global","Label","DEFAULT",false,true
"100477d0","s_NAN(SNAN)_100477d0","Global","Label","DEFAULT",false,true
"100477dc","s_nan(snan)_100477dc","Global","Label","DEFAULT",false,true
"100477e8","s_NAN(IND)_100477e8","Global","Label","DEFAULT",false,true
"100477f4","s_nan(ind)_100477f4","Global","Label","DEFAULT",false,true
"10047800","s_e+000_10047800","Global","Label","DEFAULT",false,true
"10047808","DAT_10047808","Global","Label","DEFAULT",false,true
"10047810","DAT_10047810","Global","Label","DEFAULT",false,true
"10047818","DAT_10047818","Global","Label","DEFAULT",false,true
"10047820","DAT_10047820","Global","Label","DEFAULT",false,true
"1004782c","DAT_1004782c","Global","Label","DEFAULT",false,true
"10047838","DAT_10047838","Global","Label","DEFAULT",false,true
"1004783c","s_UTF-8_1004783c","Global","Label","DEFAULT",false,true
"10047844","s_UTF-16LEUNICODE_10047844","Global","Label","DEFAULT",false,true
"1004784c","s_UNICODE_10047844+8","Global","Label","DEFAULT",false,true
"10047854","DAT_10047854","Global","Label","DEFAULT",false,true
"1004785c","u_UTF-8_1004785c","Global","Label","DEFAULT",false,true
"10047868","u_UTF-16LEUNICODE_10047868","Global","Label","DEFAULT",false,true
"10047878","u_UNICODE_10047868+0x10","Global","Label","DEFAULT",false,true
"10047890","DAT_10047890","Global","Label","DEFAULT",false,true
"10047898","DAT_10047898","Global","Label","DEFAULT",false,true
"100478e0","DAT_100478e0","Global","Label","DEFAULT",false,true
"100478e8","s_SunMonTueWedThuFriSat_100478e8","Global","Label","DEFAULT",false,true
"10047900","s_JanFebMarAprMayJunJulAugSepOctNo_10047900","Global","Label","DEFAULT",false,true
"10047928","DAT_10047928","Global","Label","DEFAULT",false,true
"10047930","PTR_u_ja-JP_10047930","Global","Label","DEFAULT",false,true
"10047934","PTR_u_zh-CN_10047934","Global","Label","DEFAULT",false,true
"10047938","PTR_u_ko-KR_10047938","Global","Label","DEFAULT",false,true
"1004793c","PTR_u_zh-TW_1004793c","Global","Label","DEFAULT",false,true
"10047940","u_ja-JP_10047940","Global","Label","DEFAULT",false,true
"1004794c","u_zh-CN_1004794c","Global","Label","DEFAULT",false,true
"10047958","u_ko-KR_10047958","Global","Label","DEFAULT",false,true
"10047964","u_zh-TW_10047964","Global","Label","DEFAULT",false,true
"10047970","PTR_u_american_10047970","Global","Label","DEFAULT",false,true
"10047c7c","DAT_10047c7c","Global","Label","DEFAULT",false,true
"10047c80","PTR_u_america_10047c80","Global","Label","DEFAULT",false,true
"10047d94","DAT_10047d94","Global","Label","DEFAULT",false,true
"10047d98","u_american_10047d98","Global","Label","DEFAULT",false,true
"10048544","u_america_10048544","Global","Label","DEFAULT",false,true
"10048704","u_utf8_10048704","Global","Label","DEFAULT",false,true
"10048710","DAT_10048710","Global","Label","DEFAULT",false,true
"10048712","DAT_10048712","Global","Label","DEFAULT",false,true
"10048714","DAT_10048714","Global","Label","DEFAULT",false,true
"10048716","DAT_10048716","Global","Label","DEFAULT",false,true
"10048718","u_utf-8_10048718","Global","Label","DEFAULT",false,true
"10048724","DAT_10048724","Global","Label","DEFAULT",false,true
"10048726","DAT_10048726","Global","Label","DEFAULT",false,true
"10048728","DAT_10048728","Global","Label","DEFAULT",false,true
"1004872a","DAT_1004872a","Global","Label","DEFAULT",false,true
"1004872c","DAT_1004872c","Global","Label","DEFAULT",false,true
"1004872e","DAT_1004872e","Global","Label","DEFAULT",false,true
"10048740","DAT_10048740","Global","Label","DEFAULT",false,true
"10048900","DAT_10048900","Global","Label","DEFAULT",false,true
"10048904","PTR_DAT_10048904","Global","Label","DEFAULT",false,true
"10048ac8","DAT_10048ac8","Global","Label","DEFAULT",false,true
"10049020","DAT_10049020","Global","Label","DEFAULT",false,true
"10049a20","PTR_u_en-tt_10049a20","Global","Label","DEFAULT",false,true
"10049be8","PTR_u_id-id_10049be8","Global","Label","DEFAULT",false,true
"10049bec","DAT_10049bec","Global","Label","DEFAULT",false,true
"1004a1ac","u_en-tt_1004a1ac","Global","Label","DEFAULT",false,true
"1004a3a4","u_id-id_1004a3a4","Global","Label","DEFAULT",false,true
"1004a7b0","s_1#INF_1004a7b0","Global","Label","DEFAULT",false,true
"1004a7b8","s_1#QNAN_1004a7b8","Global","Label","DEFAULT",false,true
"1004a7c0","s_1#SNAN_1004a7c0","Global","Label","DEFAULT",false,true
"1004a7c8","DAT_1004a7c8","Global","Label","DEFAULT",false,true
"1004a7cc","DAT_1004a7cc","Global","Label","DEFAULT",false,true
"1004a7d0","DAT_1004a7d0","Global","Label","DEFAULT",false,true
"1004a7d4","DAT_1004a7d4","Global","Label","DEFAULT",false,true
"1004a7d8","DAT_1004a7d8","Global","Label","DEFAULT",false,true
"1004a7dc","DAT_1004a7dc","Global","Label","DEFAULT",false,true
"1004a800","DAT_1004a800","Global","Label","DEFAULT",false,true
"1004a804","DAT_1004a804","Global","Label","DEFAULT",false,true
"1004a808","DAT_1004a808","Global","Label","DEFAULT",false,true
"1004a80c","DAT_1004a80c","Global","Label","DEFAULT",false,true
"1004a840","DAT_1004a840","Global","Label","DEFAULT",false,true
"1004a880","u_CONOUT$_1004a880","Global","Label","DEFAULT",false,true
"1004a890","s_log10_1004a890","Global","Label","DEFAULT",false,true
"1004a8a0","DAT_1004a8a0","Global","Label","DEFAULT",false,true
"1004a8b0","DAT_1004a8b0","Global","Label","DEFAULT",false,true
"1004a8c0","DAT_1004a8c0","Global","Label","DEFAULT",false,true
"1004a8d0","DAT_1004a8d0","Global","Label","DEFAULT",false,true
"1004a8e0","DAT_1004a8e0","Global","Label","DEFAULT",false,true
"1004a8f0","DAT_1004a8f0","Global","Label","DEFAULT",false,true
"1004a900","DAT_1004a900","Global","Label","DEFAULT",false,true
"1004a910","DAT_1004a910","Global","Label","DEFAULT",false,true
"1004a920","DAT_1004a920","Global","Label","DEFAULT",false,true
"1004a930","DAT_1004a930","Global","Label","DEFAULT",false,true
"1004a940","DAT_1004a940","Global","Label","DEFAULT",false,true
"1004a950","DAT_1004a950","Global","Label","DEFAULT",false,true
"1004a960","DAT_1004a960","Global","Label","DEFAULT",false,true
"1004a970","DAT_1004a970","Global","Label","DEFAULT",false,true
"1004a980","DAT_1004a980","Global","Label","DEFAULT",false,true
"1004a990","DAT_1004a990","Global","Label","DEFAULT",false,true
"1004a998","DAT_1004a998","Global","Label","DEFAULT",false,true
"1004a9b0","DAT_1004a9b0","Global","Label","DEFAULT",false,true
"1004a9c0","DAT_1004a9c0","Global","Label","DEFAULT",false,true
"1004a9d0","DAT_1004a9d0","Global","Label","DEFAULT",false,true
"1004a9e0","DAT_1004a9e0","Global","Label","DEFAULT",false,true
"1004a9fa","DAT_1004a9fa","Global","Label","DEFAULT",false,true
"1004aa50","DAT_1004aa50","Global","Label","DEFAULT",false,true
"1004ae60","DAT_1004ae60","Global","Label","DEFAULT",false,true
"1004b270","DAT_1004b270","Global","Label","DEFAULT",false,true
"1004b288","DAT_1004b288","Global","Label","DEFAULT",false,true
"1004b290","IMAGE_LOAD_CONFIG_DIRECTORY32_1004b290","Global","Label","DEFAULT",false,true
"1004b350","IMAGE_DEBUG_DIRECTORY_1004b350","Global","Label","DEFAULT",false,true
"1004b380","IMAGE_THUNK_DATA32_1004b380","Global","Label","DEFAULT",false,true
"1004b398","RTTI_Complete_Object_Locator","std::exception","Label","IMPORTED",false,true
"1004b3ac","RTTI_Class_Hierarchy_Descriptor","std::exception","Label","IMPORTED",false,true
"1004b3bc","RTTI_Base_Class_Array","std::exception","Label","IMPORTED",false,true
"1004b3c4","RTTI_Base_Class_Descriptor_at_(0,-1,0,64)","std::exception","Label","IMPORTED",false,true
"1004b3e0","RTTI_Complete_Object_Locator","std::bad_array_new_length","Label","IMPORTED",false,true
"1004b3f4","RTTI_Class_Hierarchy_Descriptor","std::bad_array_new_length","Label","IMPORTED",false,true
"1004b404","RTTI_Base_Class_Array","std::bad_array_new_length","Label","IMPORTED",false,true
"1004b414","RTTI_Base_Class_Descriptor_at_(0,-1,0,64)","std::bad_array_new_length","Label","IMPORTED",false,true
"1004b430","RTTI_Base_Class_Descriptor_at_(0,-1,0,64)","std::bad_alloc","Label","IMPORTED",false,true
"1004b44c","RTTI_Class_Hierarchy_Descriptor","std::bad_alloc","Label","IMPORTED",false,true
"1004b45c","RTTI_Base_Class_Array","std::bad_alloc","Label","IMPORTED",false,true
"1004b468","RTTI_Complete_Object_Locator","std::bad_alloc","Label","IMPORTED",false,true
"1004b47c","RTTI_Complete_Object_Locator","std::ios_base","Label","IMPORTED",false,true
"1004b490","RTTI_Class_Hierarchy_Descriptor","std::ios_base","Label","IMPORTED",false,true
"1004b4a0","RTTI_Base_Class_Array","std::ios_base","Label","IMPORTED",false,true
"1004b4ac","RTTI_Base_Class_Descriptor_at_(0,-1,0,64)","std::ios_base","Label","IMPORTED",false,true
"1004b4c8","RTTI_Base_Class_Descriptor_at_(8,-1,0,64)","std::_Iosb<int>","Label","IMPORTED",false,true
"1004b4e4","RTTI_Class_Hierarchy_Descriptor","std::_Iosb<int>","Label","IMPORTED",false,true
"1004b4f4","RTTI_Base_Class_Array","std::_Iosb<int>","Label","IMPORTED",false,true
"1004b4fc","RTTI_Base_Class_Descriptor_at_(0,-1,0,64)","std::_Iosb<int>","Label","IMPORTED",false,true
"1004b518","RTTI_Complete_Object_Locator","std::basic_ios<char,std::char_traits<char>_>","Label","IMPORTED",false,true
"1004b52c","RTTI_Class_Hierarchy_Descriptor","std::basic_ios<char,std::char_traits<char>_>","Label","IMPORTED",false,true
"1004b53c","RTTI_Base_Class_Array","std::basic_ios<char,std::char_traits<char>_>","Label","IMPORTED",false,true
"1004b54c","RTTI_Base_Class_Descriptor_at_(0,-1,0,64)","std::basic_ios<char,std::char_traits<char>_>","Label","IMPORTED",false,true
"1004b568","RTTI_Complete_Object_Locator","std::basic_streambuf<char,std::char_traits<char>_>","Label","IMPORTED",false,true
"1004b57c","RTTI_Class_Hierarchy_Descriptor","std::basic_streambuf<char,std::char_traits<char>_>","Label","IMPORTED",false,true
"1004b58c","RTTI_Base_Class_Array","std::basic_streambuf<char,std::char_traits<char>_>","Label","IMPORTED",false,true
"1004b594","RTTI_Base_Class_Descriptor_at_(0,-1,0,64)","std::basic_streambuf<char,std::char_traits<char>_>","Label","IMPORTED",false,true
"1004b5b0","RTTI_Complete_Object_Locator","std::basic_istream<char,std::char_traits<char>_>","Label","IMPORTED",false,true
"1004b5c4","RTTI_Class_Hierarchy_Descriptor","std::basic_istream<char,std::char_traits<char>_>","Label","IMPORTED",false,true
"1004b5d4","RTTI_Base_Class_Array","std::basic_istream<char,std::char_traits<char>_>","Label","IMPORTED",false,true
"1004b5e8","RTTI_Base_Class_Descriptor_at_(0,-1,0,64)","std::basic_istream<char,std::char_traits<char>_>","Label","IMPORTED",false,true
"1004b604","RTTI_Base_Class_Descriptor_at_(0,0,4,80)","std::basic_ios<char,std::char_traits<char>_>","Label","IMPORTED",false,true
"1004b620","RTTI_Base_Class_Descriptor_at_(0,0,4,64)","std::ios_base","Label","IMPORTED",false,true
"1004b63c","RTTI_Base_Class_Descriptor_at_(8,0,4,64)","std::_Iosb<int>","Label","IMPORTED",false,true
"1004b658","RTTI_Complete_Object_Locator","std::basic_ostream<char,std::char_traits<char>_>","Label","IMPORTED",false,true
"1004b66c","RTTI_Class_Hierarchy_Descriptor","std::basic_ostream<char,std::char_traits<char>_>","Label","IMPORTED",false,true
"1004b67c","RTTI_Base_Class_Array","std::basic_ostream<char,std::char_traits<char>_>","Label","IMPORTED",false,true
"1004b690","RTTI_Base_Class_Descriptor_at_(0,-1,0,64)","std::basic_ostream<char,std::char_traits<char>_>","Label","IMPORTED",false,true
"1004b6ac","RTTI_Complete_Object_Locator","std::basic_iostream<char,std::char_traits<char>_>","Label","IMPORTED",false,true
"1004b6c0","RTTI_Class_Hierarchy_Descriptor","std::basic_iostream<char,std::char_traits<char>_>","Label","IMPORTED",false,true
"1004b6d0","RTTI_Base_Class_Array","std::basic_iostream<char,std::char_traits<char>_>","Label","IMPORTED",false,true
"1004b6f8","RTTI_Base_Class_Descriptor_at_(0,-1,0,64)","std::basic_iostream<char,std::char_traits<char>_>","Label","IMPORTED",false,true
"1004b714","RTTI_Base_Class_Descriptor_at_(16,-1,0,64)","std::basic_ostream<char,std::char_traits<char>_>","Label","IMPORTED",false,true
"1004b730","RTTI_Complete_Object_Locator","std::basic_filebuf<char,std::char_traits<char>_>","Label","IMPORTED",false,true
"1004b744","RTTI_Class_Hierarchy_Descriptor","std::basic_filebuf<char,std::char_traits<char>_>","Label","IMPORTED",false,true
"1004b754","RTTI_Base_Class_Array","std::basic_filebuf<char,std::char_traits<char>_>","Label","IMPORTED",false,true
"1004b760","RTTI_Base_Class_Descriptor_at_(0,-1,0,64)","std::basic_filebuf<char,std::char_traits<char>_>","Label","IMPORTED",false,true
"1004b77c","RTTI_Complete_Object_Locator","std::basic_fstream<char,std::char_traits<char>_>","Label","IMPORTED",false,true
"1004b790","RTTI_Class_Hierarchy_Descriptor","std::basic_fstream<char,std::char_traits<char>_>","Label","IMPORTED",false,true
"1004b7a0","RTTI_Base_Class_Array","std::basic_fstream<char,std::char_traits<char>_>","Label","IMPORTED",false,true
"1004b7cc","RTTI_Base_Class_Descriptor_at_(0,-1,0,64)","std::basic_fstream<char,std::char_traits<char>_>","Label","IMPORTED",false,true
"1004b7e8","RTTI_Complete_Object_Locator","std::runtime_error","Label","IMPORTED",false,true
"1004b7fc","RTTI_Class_Hierarchy_Descriptor","std::runtime_error","Label","IMPORTED",false,true
"1004b80c","RTTI_Base_Class_Array","std::runtime_error","Label","IMPORTED",false,true
"1004b818","RTTI_Base_Class_Descriptor_at_(0,-1,0,64)","std::runtime_error","Label","IMPORTED",false,true
"1004b834","RTTI_Class_Hierarchy_Descriptor","std::error_category","Label","IMPORTED",false,true
"1004b844","RTTI_Base_Class_Array","std::error_category","Label","IMPORTED",false,true
"1004b84c","RTTI_Base_Class_Descriptor_at_(0,-1,0,64)","std::error_category","Label","IMPORTED",false,true
"1004b868","RTTI_Complete_Object_Locator","std::_System_error","Label","IMPORTED",false,true
"1004b87c","RTTI_Class_Hierarchy_Descriptor","std::_System_error","Label","IMPORTED",false,true
"1004b88c","RTTI_Base_Class_Array","std::_System_error","Label","IMPORTED",false,true
"1004b89c","RTTI_Base_Class_Descriptor_at_(0,-1,0,64)","std::_System_error","Label","IMPORTED",false,true
"1004b8b8","RTTI_Complete_Object_Locator","std::system_error","Label","IMPORTED",false,true
"1004b8cc","RTTI_Class_Hierarchy_Descriptor","std::system_error","Label","IMPORTED",false,true
"1004b8dc","RTTI_Base_Class_Array","std::system_error","Label","IMPORTED",false,true
"1004b8f0","RTTI_Base_Class_Descriptor_at_(0,-1,0,64)","std::system_error","Label","IMPORTED",false,true
"1004b90c","RTTI_Complete_Object_Locator","std::_Iostream_error_category2","Label","IMPORTED",false,true
"1004b920","RTTI_Class_Hierarchy_Descriptor","std::_Iostream_error_category2","Label","IMPORTED",false,true
"1004b930","RTTI_Base_Class_Array","std::_Iostream_error_category2","Label","IMPORTED",false,true
"1004b93c","RTTI_Base_Class_Descriptor_at_(0,-1,0,64)","std::_Iostream_error_category2","Label","IMPORTED",false,true
"1004b958","RTTI_Complete_Object_Locator","std::bad_cast","Label","IMPORTED",false,true
"1004b96c","RTTI_Class_Hierarchy_Descriptor","std::bad_cast","Label","IMPORTED",false,true
"1004b97c","RTTI_Base_Class_Array","std::bad_cast","Label","IMPORTED",false,true
"1004b988","RTTI_Base_Class_Descriptor_at_(0,-1,0,64)","std::bad_cast","Label","IMPORTED",false,true
"1004b9a4","RTTI_Complete_Object_Locator","std::_Facet_base","Label","IMPORTED",false,true
"1004b9b8","RTTI_Class_Hierarchy_Descriptor","std::_Facet_base","Label","IMPORTED",false,true
"1004b9c8","RTTI_Base_Class_Array","std::_Facet_base","Label","IMPORTED",false,true
"1004b9d0","RTTI_Base_Class_Descriptor_at_(0,-1,0,64)","std::_Facet_base","Label","IMPORTED",false,true
"1004b9ec","RTTI_Class_Hierarchy_Descriptor","std::locale::facet","Label","IMPORTED",false,true
"1004b9fc","RTTI_Base_Class_Array","std::locale::facet","Label","IMPORTED",false,true
"1004ba0c","RTTI_Base_Class_Descriptor_at_(0,-1,0,64)","std::locale::facet","Label","IMPORTED",false,true
"1004ba28","RTTI_Base_Class_Descriptor_at_(4,-1,0,64)","std::_Crt_new_delete","Label","IMPORTED",false,true
"1004ba44","RTTI_Class_Hierarchy_Descriptor","std::_Crt_new_delete","Label","IMPORTED",false,true
"1004ba54","RTTI_Base_Class_Array","std::_Crt_new_delete","Label","IMPORTED",false,true
"1004ba5c","RTTI_Base_Class_Descriptor_at_(0,-1,0,64)","std::_Crt_new_delete","Label","IMPORTED",false,true
"1004ba78","RTTI_Class_Hierarchy_Descriptor","std::codecvt_base","Label","IMPORTED",false,true
"1004ba88","RTTI_Base_Class_Array","std::codecvt_base","Label","IMPORTED",false,true
"1004ba9c","RTTI_Base_Class_Descriptor_at_(0,-1,0,64)","std::codecvt_base","Label","IMPORTED",false,true
"1004bab8","RTTI_Class_Hierarchy_Descriptor","std::ctype_base","Label","IMPORTED",false,true
"1004bac8","RTTI_Base_Class_Array","std::ctype_base","Label","IMPORTED",false,true
"1004badc","RTTI_Base_Class_Descriptor_at_(0,-1,0,64)","std::ctype_base","Label","IMPORTED",false,true
"1004baf8","RTTI_Complete_Object_Locator","std::ctype<char>","Label","IMPORTED",false,true
"1004bb0c","RTTI_Class_Hierarchy_Descriptor","std::ctype<char>","Label","IMPORTED",false,true
"1004bb1c","RTTI_Base_Class_Array","std::ctype<char>","Label","IMPORTED",false,true
"1004bb34","RTTI_Base_Class_Descriptor_at_(0,-1,0,64)","std::ctype<char>","Label","IMPORTED",false,true
"1004bb50","RTTI_Complete_Object_Locator","std::ios_base::failure","Label","IMPORTED",false,true
"1004bb64","RTTI_Class_Hierarchy_Descriptor","std::ios_base::failure","Label","IMPORTED",false,true
"1004bb74","RTTI_Base_Class_Array","std::ios_base::failure","Label","IMPORTED",false,true
"1004bb8c","RTTI_Base_Class_Descriptor_at_(0,-1,0,64)","std::ios_base::failure","Label","IMPORTED",false,true
"1004bba8","RTTI_Complete_Object_Locator","std::codecvt<char,char,_Mbstatet>","Label","IMPORTED",false,true
"1004bbbc","RTTI_Class_Hierarchy_Descriptor","std::codecvt<char,char,_Mbstatet>","Label","IMPORTED",false,true
"1004bbcc","RTTI_Base_Class_Array","std::codecvt<char,char,_Mbstatet>","Label","IMPORTED",false,true
"1004bbe4","RTTI_Base_Class_Descriptor_at_(0,-1,0,64)","std::codecvt<char,char,_Mbstatet>","Label","IMPORTED",false,true
"1004bc00","RTTI_Complete_Object_Locator","std::num_put<char,std::ostreambuf_iterator<char,std::char_traits<char>_>_>","Label","IMPORTED",false,true
"1004bc14","RTTI_Class_Hierarchy_Descriptor","std::num_put<char,std::ostreambuf_iterator<char,std::char_traits<char>_>_>","Label","IMPORTED",false,true
"1004bc24","RTTI_Base_Class_Array","std::num_put<char,std::ostreambuf_iterator<char,std::char_traits<char>_>_>","Label","IMPORTED",false,true
"1004bc38","RTTI_Base_Class_Descriptor_at_(0,-1,0,64)","std::num_put<char,std::ostreambuf_iterator<char,std::char_traits<char>_>_>","Label","IMPORTED",false,true
"1004bc54","RTTI_Complete_Object_Locator","std::numpunct<char>","Label","IMPORTED",false,true
"1004bc68","RTTI_Class_Hierarchy_Descriptor","std::numpunct<char>","Label","IMPORTED",false,true
"1004bc78","RTTI_Base_Class_Array","std::numpunct<char>","Label","IMPORTED",false,true
"1004bc8c","RTTI_Base_Class_Descriptor_at_(0,-1,0,64)","std::numpunct<char>","Label","IMPORTED",false,true
"1004bca8","RTTI_Complete_Object_Locator","std::logic_error","Label","IMPORTED",false,true
"1004bcbc","RTTI_Class_Hierarchy_Descriptor","std::logic_error","Label","IMPORTED",false,true
"1004bccc","RTTI_Base_Class_Array","std::logic_error","Label","IMPORTED",false,true
"1004bcd8","RTTI_Base_Class_Descriptor_at_(0,-1,0,64)","std::logic_error","Label","IMPORTED",false,true
"1004bcf4","RTTI_Complete_Object_Locator","std::_Generic_error_category","Label","IMPORTED",false,true
"1004bd08","RTTI_Class_Hierarchy_Descriptor","std::_Generic_error_category","Label","IMPORTED",false,true
"1004bd18","RTTI_Base_Class_Array","std::_Generic_error_category","Label","IMPORTED",false,true
"1004bd24","RTTI_Base_Class_Descriptor_at_(0,-1,0,64)","std::_Generic_error_category","Label","IMPORTED",false,true
"1004bd40","RTTI_Class_Hierarchy_Descriptor","std::_Ref_count_base","Label","IMPORTED",false,true
"1004bd50","RTTI_Base_Class_Array","std::_Ref_count_base","Label","IMPORTED",false,true
"1004bd58","RTTI_Base_Class_Descriptor_at_(0,-1,0,64)","std::_Ref_count_base","Label","IMPORTED",false,true
"1004bd74","RTTI_Complete_Object_Locator","Concurrency::invalid_operation","Label","IMPORTED",false,true
"1004bd88","RTTI_Class_Hierarchy_Descriptor","Concurrency::invalid_operation","Label","IMPORTED",false,true
"1004bd98","RTTI_Base_Class_Array","Concurrency::invalid_operation","Label","IMPORTED",false,true
"1004bda4","RTTI_Base_Class_Descriptor_at_(0,-1,0,64)","Concurrency::invalid_operation","Label","IMPORTED",false,true
"1004bdc0","RTTI_Complete_Object_Locator","Concurrency::details::_RefCounter","Label","IMPORTED",false,true
"1004bdd4","RTTI_Class_Hierarchy_Descriptor","Concurrency::details::_RefCounter","Label","IMPORTED",false,true
"1004bde4","RTTI_Base_Class_Array","Concurrency::details::_RefCounter","Label","IMPORTED",false,true
"1004bdec","RTTI_Base_Class_Descriptor_at_(0,-1,0,64)","Concurrency::details::_RefCounter","Label","IMPORTED",false,true
"1004be08","RTTI_Class_Hierarchy_Descriptor","Concurrency::details::_CancellationTokenRegistration","Label","IMPORTED",false,true
"1004be18","RTTI_Base_Class_Array","Concurrency::details::_CancellationTokenRegistration","Label","IMPORTED",false,true
"1004be24","RTTI_Base_Class_Descriptor_at_(0,-1,0,64)","Concurrency::details::_CancellationTokenRegistration","Label","IMPORTED",false,true
"1004be40","RTTI_Complete_Object_Locator","Concurrency::details::_TaskProcHandle","Label","IMPORTED",false,true
"1004be54","RTTI_Class_Hierarchy_Descriptor","Concurrency::details::_TaskProcHandle","Label","IMPORTED",false,true
"1004be64","RTTI_Base_Class_Array","Concurrency::details::_TaskProcHandle","Label","IMPORTED",false,true
"1004be6c","RTTI_Base_Class_Descriptor_at_(0,-1,0,64)","Concurrency::details::_TaskProcHandle","Label","IMPORTED",false,true
"1004be88","RTTI_Class_Hierarchy_Descriptor","std::_Func_base<void>","Label","IMPORTED",false,true
"1004be98","RTTI_Base_Class_Array","std::_Func_base<void>","Label","IMPORTED",false,true
"1004bea0","RTTI_Base_Class_Descriptor_at_(0,-1,0,64)","std::_Func_base<void>","Label","IMPORTED",false,true
"1004bebc","RTTI_Complete_Object_Locator","Concurrency::details::_Task_impl_base","Label","IMPORTED",false,true
"1004bed0","RTTI_Class_Hierarchy_Descriptor","Concurrency::details::_Task_impl_base","Label","IMPORTED",false,true
"1004bee0","RTTI_Base_Class_Array","Concurrency::details::_Task_impl_base","Label","IMPORTED",false,true
"1004bee8","RTTI_Base_Class_Descriptor_at_(0,-1,0,64)","Concurrency::details::_Task_impl_base","Label","IMPORTED",false,true
"1004bf04","RTTI_Complete_Object_Locator","Concurrency::details::_CancellationTokenCallback<`public:_void___thiscall_Concurrency::details::_Task_impl_base::_RegisterCancellation(std::weak_ptr<Concurrency::details::_Task_impl_base>)'::`2'::<lambda_1>_>","Label","IMPORTED",false,true
"1004bf18","RTTI_Class_Hierarchy_Descriptor","Concurrency::details::_CancellationTokenCallback<`public:_void___thiscall_Concurrency::details::_Task_impl_base::_RegisterCancellation(std::weak_ptr<Concurrency::details::_Task_impl_base>)'::`2'::<lambda_1>_>","Label","IMPORTED",false,true
"1004bf28","RTTI_Base_Class_Array","Concurrency::details::_CancellationTokenCallback<`public:_void___thiscall_Concurrency::details::_Task_impl_base::_RegisterCancellation(std::weak_ptr<Concurrency::details::_Task_impl_base>)'::`2'::<lambda_1>_>","Label","IMPORTED",false,true
"1004bf38","RTTI_Base_Class_Descriptor_at_(0,-1,0,64)","Concurrency::details::_CancellationTokenCallback<`public:_void___thiscall_Concurrency::details::_Task_impl_base::_RegisterCancellation(std::weak_ptr<Concurrency::details::_Task_impl_base>)'::`2'::<lambda_1>_>","Label","IMPORTED",false,true
"1004bf54","RTTI_Class_Hierarchy_Descriptor","std::_Func_base<unsigned_char>","Label","IMPORTED",false,true
"1004bf64","RTTI_Base_Class_Array","std::_Func_base<unsigned_char>","Label","IMPORTED",false,true
"1004bf6c","RTTI_Base_Class_Descriptor_at_(0,-1,0,64)","std::_Func_base<unsigned_char>","Label","IMPORTED",false,true
"1004bf88","RTTI_Complete_Object_Locator","Concurrency::details::_Task_impl<unsigned_char>","Label","IMPORTED",false,true
"1004bf9c","RTTI_Class_Hierarchy_Descriptor","Concurrency::details::_Task_impl<unsigned_char>","Label","IMPORTED",false,true
"1004bfac","RTTI_Base_Class_Array","Concurrency::details::_Task_impl<unsigned_char>","Label","IMPORTED",false,true
"1004bfb8","RTTI_Base_Class_Descriptor_at_(0,-1,0,64)","Concurrency::details::_Task_impl<unsigned_char>","Label","IMPORTED",false,true
"1004bfd4","RTTI_Complete_Object_Locator","std::future_error","Label","IMPORTED",false,true
"1004bfe8","RTTI_Class_Hierarchy_Descriptor","std::future_error","Label","IMPORTED",false,true
"1004bff8","RTTI_Base_Class_Array","std::future_error","Label","IMPORTED",false,true
"1004c008","RTTI_Base_Class_Descriptor_at_(0,-1,0,64)","std::future_error","Label","IMPORTED",false,true
"1004c024","RTTI_Complete_Object_Locator","std::_Future_error_category2","Label","IMPORTED",false,true
"1004c038","RTTI_Class_Hierarchy_Descriptor","std::_Future_error_category2","Label","IMPORTED",false,true
"1004c048","RTTI_Base_Class_Array","std::_Future_error_category2","Label","IMPORTED",false,true
"1004c054","RTTI_Base_Class_Descriptor_at_(0,-1,0,64)","std::_Future_error_category2","Label","IMPORTED",false,true
"1004c070","RTTI_Complete_Object_Locator","std::_Associated_state<int>","Label","IMPORTED",false,true
"1004c084","RTTI_Class_Hierarchy_Descriptor","std::_Associated_state<int>","Label","IMPORTED",false,true
"1004c094","RTTI_Base_Class_Array","std::_Associated_state<int>","Label","IMPORTED",false,true
"1004c09c","RTTI_Base_Class_Descriptor_at_(0,-1,0,64)","std::_Associated_state<int>","Label","IMPORTED",false,true
"1004c0b8","RTTI_Complete_Object_Locator","std::_Ref_count_obj2<Concurrency::details::_ExceptionHolder>","Label","IMPORTED",false,true
"1004c0cc","RTTI_Class_Hierarchy_Descriptor","std::_Ref_count_obj2<Concurrency::details::_ExceptionHolder>","Label","IMPORTED",false,true
"1004c0dc","RTTI_Base_Class_Array","std::_Ref_count_obj2<Concurrency::details::_ExceptionHolder>","Label","IMPORTED",false,true
"1004c0e8","RTTI_Base_Class_Descriptor_at_(0,-1,0,64)","std::_Ref_count_obj2<Concurrency::details::_ExceptionHolder>","Label","IMPORTED",false,true
"1004c104","RTTI_Complete_Object_Locator","std::_Func_impl_no_alloc<`public:___thiscall_`public:_void___thiscall_Concurrency::details::_Task_impl_base::_ScheduleContinuationTask(Concurrency::details::_ContinuationTaskHandleBase*)'::`5'::<lambda_1>::operator()(void)const_'::`8'::<lambda_1>,void>","Label","IMPORTED",false,true
"1004c118","RTTI_Class_Hierarchy_Descriptor","std::_Func_impl_no_alloc<`public:___thiscall_`public:_void___thiscall_Concurrency::details::_Task_impl_base::_ScheduleContinuationTask(Concurrency::details::_ContinuationTaskHandleBase*)'::`5'::<lambda_1>::operator()(void)const_'::`8'::<lambda_1>,void>","Label","IMPORTED",false,true
"1004c128","RTTI_Base_Class_Array","std::_Func_impl_no_alloc<`public:___thiscall_`public:_void___thiscall_Concurrency::details::_Task_impl_base::_ScheduleContinuationTask(Concurrency::details::_ContinuationTaskHandleBase*)'::`5'::<lambda_1>::operator()(void)const_'::`8'::<lambda_1>,void>","Label","IMPORTED",false,true
"1004c134","RTTI_Base_Class_Descriptor_at_(0,-1,0,64)","std::_Func_impl_no_alloc<`public:___thiscall_`public:_void___thiscall_Concurrency::details::_Task_impl_base::_ScheduleContinuationTask(Concurrency::details::_ContinuationTaskHandleBase*)'::`5'::<lambda_1>::operator()(void)const_'::`8'::<lambda_1>,void>","Label","IMPORTED",false,true
"1004c150","RTTI_Complete_Object_Locator","std::_Func_impl_no_alloc<`public:_void___thiscall_Concurrency::details::_Task_impl_base::_ScheduleContinuationTask(Concurrency::details::_ContinuationTaskHandleBase*)'::`5'::<lambda_1>,void>","Label","IMPORTED",false,true
"1004c164","RTTI_Class_Hierarchy_Descriptor","std::_Func_impl_no_alloc<`public:_void___thiscall_Concurrency::details::_Task_impl_base::_ScheduleContinuationTask(Concurrency::details::_ContinuationTaskHandleBase*)'::`5'::<lambda_1>,void>","Label","IMPORTED",false,true
"1004c174","RTTI_Base_Class_Array","std::_Func_impl_no_alloc<`public:_void___thiscall_Concurrency::details::_Task_impl_base::_ScheduleContinuationTask(Concurrency::details::_ContinuationTaskHandleBase*)'::`5'::<lambda_1>,void>","Label","IMPORTED",false,true
"1004c180","RTTI_Base_Class_Descriptor_at_(0,-1,0,64)","std::_Func_impl_no_alloc<`public:_void___thiscall_Concurrency::details::_Task_impl_base::_ScheduleContinuationTask(Concurrency::details::_ContinuationTaskHandleBase*)'::`5'::<lambda_1>,void>","Label","IMPORTED",false,true
"1004c19c","RTTI_Complete_Object_Locator","std::_Func_impl_no_alloc<`class_std::function<unsigned_char___cdecl(void)>___cdecl_Concurrency::details::_MakeVoidToUnitFunc(std::function<void___cdecl(void)>_const&)'::`2'::<lambda_1>,unsigned_char>","Label","IMPORTED",false,true
"1004c1b0","RTTI_Class_Hierarchy_Descriptor","std::_Func_impl_no_alloc<`class_std::function<unsigned_char___cdecl(void)>___cdecl_Concurrency::details::_MakeVoidToUnitFunc(std::function<void___cdecl(void)>_const&)'::`2'::<lambda_1>,unsigned_char>","Label","IMPORTED",false,true
"1004c1c0","RTTI_Base_Class_Array","std::_Func_impl_no_alloc<`class_std::function<unsigned_char___cdecl(void)>___cdecl_Concurrency::details::_MakeVoidToUnitFunc(std::function<void___cdecl(void)>_const&)'::`2'::<lambda_1>,unsigned_char>","Label","IMPORTED",false,true
"1004c1cc","RTTI_Base_Class_Descriptor_at_(0,-1,0,64)","std::_Func_impl_no_alloc<`class_std::function<unsigned_char___cdecl(void)>___cdecl_Concurrency::details::_MakeVoidToUnitFunc(std::function<void___cdecl(void)>_const&)'::`2'::<lambda_1>,unsigned_char>","Label","IMPORTED",false,true
"1004c1e8","RTTI_Complete_Object_Locator","std::_Deferred_async_state<void>","Label","IMPORTED",false,true
"1004c1fc","RTTI_Class_Hierarchy_Descriptor","std::_Deferred_async_state<void>","Label","IMPORTED",false,true
"1004c20c","RTTI_Base_Class_Array","std::_Deferred_async_state<void>","Label","IMPORTED",false,true
"1004c21c","RTTI_Base_Class_Descriptor_at_(0,-1,0,64)","std::_Deferred_async_state<void>","Label","IMPORTED",false,true
"1004c238","RTTI_Base_Class_Descriptor_at_(0,-1,0,64)","std::_Packaged_state<void___cdecl(void)>","Label","IMPORTED",false,true
"1004c254","RTTI_Class_Hierarchy_Descriptor","std::_Packaged_state<void___cdecl(void)>","Label","IMPORTED",false,true
"1004c264","RTTI_Base_Class_Array","std::_Packaged_state<void___cdecl(void)>","Label","IMPORTED",false,true
"1004c270","RTTI_Complete_Object_Locator","std::_Packaged_state<void___cdecl(void)>","Label","IMPORTED",false,true
"1004c284","RTTI_Complete_Object_Locator","std::_Task_async_state<void>","Label","IMPORTED",false,true
"1004c298","RTTI_Class_Hierarchy_Descriptor","std::_Task_async_state<void>","Label","IMPORTED",false,true
"1004c2a8","RTTI_Base_Class_Array","std::_Task_async_state<void>","Label","IMPORTED",false,true
"1004c2b8","RTTI_Base_Class_Descriptor_at_(0,-1,0,64)","std::_Task_async_state<void>","Label","IMPORTED",false,true
"1004c2d4","RTTI_Complete_Object_Locator","std::_Func_impl_no_alloc<`public:_virtual_bool___thiscall_Concurrency::details::_Task_impl<unsigned_char>::_CancelAndRunContinuations(bool,bool,bool,std::shared_ptr<Concurrency::details::_ExceptionHolder>_const&)'::`34'::<lambda_1>,void>","Label","IMPORTED",false,true
"1004c2e8","RTTI_Class_Hierarchy_Descriptor","std::_Func_impl_no_alloc<`public:_virtual_bool___thiscall_Concurrency::details::_Task_impl<unsigned_char>::_CancelAndRunContinuations(bool,bool,bool,std::shared_ptr<Concurrency::details::_ExceptionHolder>_const&)'::`34'::<lambda_1>,void>","Label","IMPORTED",false,true
"1004c2f8","RTTI_Base_Class_Array","std::_Func_impl_no_alloc<`public:_virtual_bool___thiscall_Concurrency::details::_Task_impl<unsigned_char>::_CancelAndRunContinuations(bool,bool,bool,std::shared_ptr<Concurrency::details::_ExceptionHolder>_const&)'::`34'::<lambda_1>,void>","Label","IMPORTED",false,true
"1004c304","RTTI_Base_Class_Descriptor_at_(0,-1,0,64)","std::_Func_impl_no_alloc<`public:_virtual_bool___thiscall_Concurrency::details::_Task_impl<unsigned_char>::_CancelAndRunContinuations(bool,bool,bool,std::shared_ptr<Concurrency::details::_ExceptionHolder>_const&)'::`34'::<lambda_1>,void>","Label","IMPORTED",false,true
"1004c320","RTTI_Complete_Object_Locator","std::_Ref_count_obj2<Concurrency::details::_Task_impl<unsigned_char>_>","Label","IMPORTED",false,true
"1004c334","RTTI_Class_Hierarchy_Descriptor","std::_Ref_count_obj2<Concurrency::details::_Task_impl<unsigned_char>_>","Label","IMPORTED",false,true
"1004c344","RTTI_Base_Class_Array","std::_Ref_count_obj2<Concurrency::details::_Task_impl<unsigned_char>_>","Label","IMPORTED",false,true
"1004c350","RTTI_Base_Class_Descriptor_at_(0,-1,0,64)","std::_Ref_count_obj2<Concurrency::details::_Task_impl<unsigned_char>_>","Label","IMPORTED",false,true
"1004c36c","RTTI_Complete_Object_Locator","std::_Func_impl_no_alloc<std::_Fake_no_copy_callable_adapter<`void___cdecl_CustomRPC::RecieveHandling(RPCParameters*)'::`2'::<lambda_1>_>,void>","Label","IMPORTED",false,true
"1004c380","RTTI_Class_Hierarchy_Descriptor","std::_Func_impl_no_alloc<std::_Fake_no_copy_callable_adapter<`void___cdecl_CustomRPC::RecieveHandling(RPCParameters*)'::`2'::<lambda_1>_>,void>","Label","IMPORTED",false,true
"1004c390","RTTI_Base_Class_Array","std::_Func_impl_no_alloc<std::_Fake_no_copy_callable_adapter<`void___cdecl_CustomRPC::RecieveHandling(RPCParameters*)'::`2'::<lambda_1>_>,void>","Label","IMPORTED",false,true
"1004c39c","RTTI_Base_Class_Descriptor_at_(0,-1,0,64)","std::_Func_impl_no_alloc<std::_Fake_no_copy_callable_adapter<`void___cdecl_CustomRPC::RecieveHandling(RPCParameters*)'::`2'::<lambda_1>_>,void>","Label","IMPORTED",false,true
"1004c3b8","RTTI_Complete_Object_Locator","Concurrency::task<unsigned_char>::_InitialTaskHandle<void,`public:___thiscall_std::_Task_async_state<void>::_Task_async_state<void><std::_Fake_no_copy_callable_adapter<`void___cdecl_CustomRPC::RecieveHandling(RPCParameters*)'::`2'::<lambda_1>_>_>(std::_Fake_no_copy_callable_adapter<`void___cdecl_CustomRPC::RecieveHandling(RPCParameters*)'::`2'::<lambda_1>_>&&)'::`2'::<lambda_1>,Concurrency::details::_TypeSelectorNoAsync>","Label","IMPORTED",false,true
"1004c3cc","RTTI_Class_Hierarchy_Descriptor","Concurrency::task<unsigned_char>::_InitialTaskHandle<void,`public:___thiscall_std::_Task_async_state<void>::_Task_async_state<void><std::_Fake_no_copy_callable_adapter<`void___cdecl_CustomRPC::RecieveHandling(RPCParameters*)'::`2'::<lambda_1>_>_>(std::_Fake_no_copy_callable_adapter<`void___cdecl_CustomRPC::RecieveHandling(RPCParameters*)'::`2'::<lambda_1>_>&&)'::`2'::<lambda_1>,Concurrency::details::_TypeSelectorNoAsync>","Label","IMPORTED",false,true
"1004c3dc","RTTI_Base_Class_Array","Concurrency::task<unsigned_char>::_InitialTaskHandle<void,`public:___thiscall_std::_Task_async_state<void>::_Task_async_state<void><std::_Fake_no_copy_callable_adapter<`void___cdecl_CustomRPC::RecieveHandling(RPCParameters*)'::`2'::<lambda_1>_>_>(std::_Fake_no_copy_callable_adapter<`void___cdecl_CustomRPC::RecieveHandling(RPCParameters*)'::`2'::<lambda_1>_>&&)'::`2'::<lambda_1>,Concurrency::details::_TypeSelectorNoAsync>","Label","IMPORTED",false,true
"1004c3ec","RTTI_Base_Class_Descriptor_at_(0,-1,0,64)","Concurrency::task<unsigned_char>::_InitialTaskHandle<void,`public:___thiscall_std::_Task_async_state<void>::_Task_async_state<void><std::_Fake_no_copy_callable_adapter<`void___cdecl_CustomRPC::RecieveHandling(RPCParameters*)'::`2'::<lambda_1>_>_>(std::_Fake_no_copy_callable_adapter<`void___cdecl_CustomRPC::RecieveHandling(RPCParameters*)'::`2'::<lambda_1>_>&&)'::`2'::<lambda_1>,Concurrency::details::_TypeSelectorNoAsync>","Label","IMPORTED",false,true
"1004c408","RTTI_Base_Class_Descriptor_at_(0,-1,0,64)","Concurrency::details::_PPLTaskHandle<unsigned_char,Concurrency::task<unsigned_char>::_InitialTaskHandle<void,`public:___thiscall_std::_Task_async_state<void>::_Task_async_state<void><std::_Fake_no_copy_callable_adapter<`void___cdecl_CustomRPC::RecieveHandling(RPCParameters*)'::`2'::<lambda_1>_>_>(std::_Fake_no_copy_callable_adapter<`void___cdecl_CustomRPC::RecieveHandling(RPCParameters*)'::`2'::<lambda_1>_>&&)'::`2'::<lambda_1>,Concurrency::details::_TypeSelectorNoAsync>,Concurrency::details::_TaskProcHandle>","Label","IMPORTED",false,true
"1004c424","RTTI_Class_Hierarchy_Descriptor","Concurrency::details::_PPLTaskHandle<unsigned_char,Concurrency::task<unsigned_char>::_InitialTaskHandle<void,`public:___thiscall_std::_Task_async_state<void>::_Task_async_state<void><std::_Fake_no_copy_callable_adapter<`void___cdecl_CustomRPC::RecieveHandling(RPCParameters*)'::`2'::<lambda_1>_>_>(std::_Fake_no_copy_callable_adapter<`void___cdecl_CustomRPC::RecieveHandling(RPCParameters*)'::`2'::<lambda_1>_>&&)'::`2'::<lambda_1>,Concurrency::details::_TypeSelectorNoAsync>,Concurrency::details::_TaskProcHandle>","Label","IMPORTED",false,true
"1004c434","RTTI_Base_Class_Array","Concurrency::details::_PPLTaskHandle<unsigned_char,Concurrency::task<unsigned_char>::_InitialTaskHandle<void,`public:___thiscall_std::_Task_async_state<void>::_Task_async_state<void><std::_Fake_no_copy_callable_adapter<`void___cdecl_CustomRPC::RecieveHandling(RPCParameters*)'::`2'::<lambda_1>_>_>(std::_Fake_no_copy_callable_adapter<`void___cdecl_CustomRPC::RecieveHandling(RPCParameters*)'::`2'::<lambda_1>_>&&)'::`2'::<lambda_1>,Concurrency::details::_TypeSelectorNoAsync>,Concurrency::details::_TaskProcHandle>","Label","IMPORTED",false,true
"1004c440","RTTI_Complete_Object_Locator","Concurrency::details::_PPLTaskHandle<unsigned_char,Concurrency::task<unsigned_char>::_InitialTaskHandle<void,`public:___thiscall_std::_Task_async_state<void>::_Task_async_state<void><std::_Fake_no_copy_callable_adapter<`void___cdecl_CustomRPC::RecieveHandling(RPCParameters*)'::`2'::<lambda_1>_>_>(std::_Fake_no_copy_callable_adapter<`void___cdecl_CustomRPC::RecieveHandling(RPCParameters*)'::`2'::<lambda_1>_>&&)'::`2'::<lambda_1>,Concurrency::details::_TypeSelectorNoAsync>,Concurrency::details::_TaskProcHandle>","Label","IMPORTED",false,true
"1004c454","RTTI_Complete_Object_Locator","std::_Func_impl_no_alloc<`public:___thiscall_std::_Task_async_state<void>::_Task_async_state<void><std::_Fake_no_copy_callable_adapter<`void___cdecl_CustomRPC::RecieveHandling(RPCParameters*)'::`2'::<lambda_1>_>_>(std::_Fake_no_copy_callable_adapter<`void___cdecl_CustomRPC::RecieveHandling(RPCParameters*)'::`2'::<lambda_1>_>&&)'::`2'::<lambda_1>,void>","Label","IMPORTED",false,true
"1004c468","RTTI_Class_Hierarchy_Descriptor","std::_Func_impl_no_alloc<`public:___thiscall_std::_Task_async_state<void>::_Task_async_state<void><std::_Fake_no_copy_callable_adapter<`void___cdecl_CustomRPC::RecieveHandling(RPCParameters*)'::`2'::<lambda_1>_>_>(std::_Fake_no_copy_callable_adapter<`void___cdecl_CustomRPC::RecieveHandling(RPCParameters*)'::`2'::<lambda_1>_>&&)'::`2'::<lambda_1>,void>","Label","IMPORTED",false,true
"1004c478","RTTI_Base_Class_Array","std::_Func_impl_no_alloc<`public:___thiscall_std::_Task_async_state<void>::_Task_async_state<void><std::_Fake_no_copy_callable_adapter<`void___cdecl_CustomRPC::RecieveHandling(RPCParameters*)'::`2'::<lambda_1>_>_>(std::_Fake_no_copy_callable_adapter<`void___cdecl_CustomRPC::RecieveHandling(RPCParameters*)'::`2'::<lambda_1>_>&&)'::`2'::<lambda_1>,void>","Label","IMPORTED",false,true
"1004c484","RTTI_Base_Class_Descriptor_at_(0,-1,0,64)","std::_Func_impl_no_alloc<`public:___thiscall_std::_Task_async_state<void>::_Task_async_state<void><std::_Fake_no_copy_callable_adapter<`void___cdecl_CustomRPC::RecieveHandling(RPCParameters*)'::`2'::<lambda_1>_>_>(std::_Fake_no_copy_callable_adapter<`void___cdecl_CustomRPC::RecieveHandling(RPCParameters*)'::`2'::<lambda_1>_>&&)'::`2'::<lambda_1>,void>","Label","IMPORTED",false,true
"1004c4a0","RTTI_Complete_Object_Locator","std::basic_stringbuf<char,std::char_traits<char>,std::allocator<char>_>","Label","IMPORTED",false,true
"1004c4b4","RTTI_Class_Hierarchy_Descriptor","std::basic_stringbuf<char,std::char_traits<char>,std::allocator<char>_>","Label","IMPORTED",false,true
"1004c4c4","RTTI_Base_Class_Array","std::basic_stringbuf<char,std::char_traits<char>,std::allocator<char>_>","Label","IMPORTED",false,true
"1004c4d0","RTTI_Base_Class_Descriptor_at_(0,-1,0,64)","std::basic_stringbuf<char,std::char_traits<char>,std::allocator<char>_>","Label","IMPORTED",false,true
"1004c4ec","RTTI_Complete_Object_Locator","std::basic_ostringstream<char,std::char_traits<char>,std::allocator<char>_>","Label","IMPORTED",false,true
"1004c500","RTTI_Class_Hierarchy_Descriptor","std::basic_ostringstream<char,std::char_traits<char>,std::allocator<char>_>","Label","IMPORTED",false,true
"1004c510","RTTI_Base_Class_Array","std::basic_ostringstream<char,std::char_traits<char>,std::allocator<char>_>","Label","IMPORTED",false,true
"1004c528","RTTI_Base_Class_Descriptor_at_(0,-1,0,64)","std::basic_ostringstream<char,std::char_traits<char>,std::allocator<char>_>","Label","IMPORTED",false,true
"1004c544","RTTI_Complete_Object_Locator","std::ctype<wchar_t>","Label","IMPORTED",false,true
"1004c558","RTTI_Class_Hierarchy_Descriptor","std::ctype<wchar_t>","Label","IMPORTED",false,true
"1004c568","RTTI_Base_Class_Array","std::ctype<wchar_t>","Label","IMPORTED",false,true
"1004c580","RTTI_Base_Class_Descriptor_at_(0,-1,0,64)","std::ctype<wchar_t>","Label","IMPORTED",false,true
"1004c59c","RTTI_Complete_Object_Locator","std::num_put<wchar_t,std::ostreambuf_iterator<wchar_t,std::char_traits<wchar_t>_>_>","Label","IMPORTED",false,true
"1004c5b0","RTTI_Class_Hierarchy_Descriptor","std::num_put<wchar_t,std::ostreambuf_iterator<wchar_t,std::char_traits<wchar_t>_>_>","Label","IMPORTED",false,true
"1004c5c0","RTTI_Base_Class_Array","std::num_put<wchar_t,std::ostreambuf_iterator<wchar_t,std::char_traits<wchar_t>_>_>","Label","IMPORTED",false,true
"1004c5d4","RTTI_Base_Class_Descriptor_at_(0,-1,0,64)","std::num_put<wchar_t,std::ostreambuf_iterator<wchar_t,std::char_traits<wchar_t>_>_>","Label","IMPORTED",false,true
"1004c5f0","RTTI_Complete_Object_Locator","std::numpunct<wchar_t>","Label","IMPORTED",false,true
"1004c604","RTTI_Class_Hierarchy_Descriptor","std::numpunct<wchar_t>","Label","IMPORTED",false,true
"1004c614","RTTI_Base_Class_Array","std::numpunct<wchar_t>","Label","IMPORTED",false,true
"1004c628","RTTI_Base_Class_Descriptor_at_(0,-1,0,64)","std::numpunct<wchar_t>","Label","IMPORTED",false,true
"1004c644","RTTI_Complete_Object_Locator","std::basic_ofstream<char,std::char_traits<char>_>","Label","IMPORTED",false,true
"1004c658","RTTI_Class_Hierarchy_Descriptor","std::basic_ofstream<char,std::char_traits<char>_>","Label","IMPORTED",false,true
"1004c668","RTTI_Base_Class_Array","std::basic_ofstream<char,std::char_traits<char>_>","Label","IMPORTED",false,true
"1004c680","RTTI_Base_Class_Descriptor_at_(0,-1,0,64)","std::basic_ofstream<char,std::char_traits<char>_>","Label","IMPORTED",false,true
"1004c69c","RTTI_Complete_Object_Locator","std::_System_error_category","Label","IMPORTED",false,true
"1004c6b0","RTTI_Class_Hierarchy_Descriptor","std::_System_error_category","Label","IMPORTED",false,true
"1004c6c0","RTTI_Base_Class_Array","std::_System_error_category","Label","IMPORTED",false,true
"1004c6cc","RTTI_Base_Class_Descriptor_at_(0,-1,0,64)","std::_System_error_category","Label","IMPORTED",false,true
"1004c6e8","RTTI_Complete_Object_Locator","std::filesystem::filesystem_error","Label","IMPORTED",false,true
"1004c6fc","RTTI_Class_Hierarchy_Descriptor","std::filesystem::filesystem_error","Label","IMPORTED",false,true
"1004c70c","RTTI_Base_Class_Array","std::filesystem::filesystem_error","Label","IMPORTED",false,true
"1004c724","RTTI_Base_Class_Descriptor_at_(0,-1,0,64)","std::filesystem::filesystem_error","Label","IMPORTED",false,true
"1004c740","RTTI_Complete_Object_Locator","std::_Ref_count_obj2<std::filesystem::_Dir_enum_impl>","Label","IMPORTED",false,true
"1004c754","RTTI_Class_Hierarchy_Descriptor","std::_Ref_count_obj2<std::filesystem::_Dir_enum_impl>","Label","IMPORTED",false,true
"1004c764","RTTI_Base_Class_Array","std::_Ref_count_obj2<std::filesystem::_Dir_enum_impl>","Label","IMPORTED",false,true
"1004c770","RTTI_Base_Class_Descriptor_at_(0,-1,0,64)","std::_Ref_count_obj2<std::filesystem::_Dir_enum_impl>","Label","IMPORTED",false,true
"1004c78c","RTTI_Complete_Object_Locator","std::bad_function_call","Label","IMPORTED",false,true
"1004c7a0","RTTI_Class_Hierarchy_Descriptor","std::bad_function_call","Label","IMPORTED",false,true
"1004c7b0","RTTI_Base_Class_Array","std::bad_function_call","Label","IMPORTED",false,true
"1004c7bc","RTTI_Base_Class_Descriptor_at_(0,-1,0,64)","std::bad_function_call","Label","IMPORTED",false,true
"1004c7d8","RTTI_Complete_Object_Locator","std::invalid_argument","Label","IMPORTED",false,true
"1004c7ec","RTTI_Class_Hierarchy_Descriptor","std::invalid_argument","Label","IMPORTED",false,true
"1004c7fc","RTTI_Base_Class_Array","std::invalid_argument","Label","IMPORTED",false,true
"1004c80c","RTTI_Base_Class_Descriptor_at_(0,-1,0,64)","std::invalid_argument","Label","IMPORTED",false,true
"1004c828","RTTI_Complete_Object_Locator","std::length_error","Label","IMPORTED",false,true
"1004c83c","RTTI_Class_Hierarchy_Descriptor","std::length_error","Label","IMPORTED",false,true
"1004c84c","RTTI_Base_Class_Array","std::length_error","Label","IMPORTED",false,true
"1004c85c","RTTI_Base_Class_Descriptor_at_(0,-1,0,64)","std::length_error","Label","IMPORTED",false,true
"1004c878","RTTI_Complete_Object_Locator","std::out_of_range","Label","IMPORTED",false,true
"1004c88c","RTTI_Class_Hierarchy_Descriptor","std::out_of_range","Label","IMPORTED",false,true
"1004c89c","RTTI_Base_Class_Array","std::out_of_range","Label","IMPORTED",false,true
"1004c8ac","RTTI_Base_Class_Descriptor_at_(0,-1,0,64)","std::out_of_range","Label","IMPORTED",false,true
"1004c8c8","RTTI_Complete_Object_Locator","std::locale::_Locimp","Label","IMPORTED",false,true
"1004c8dc","RTTI_Class_Hierarchy_Descriptor","std::locale::_Locimp","Label","IMPORTED",false,true
"1004c8ec","RTTI_Base_Class_Array","std::locale::_Locimp","Label","IMPORTED",false,true
"1004c900","RTTI_Base_Class_Descriptor_at_(0,-1,0,64)","std::locale::_Locimp","Label","IMPORTED",false,true
"1004c91c","RTTI_Complete_Object_Locator","std::bad_exception","Label","IMPORTED",false,true
"1004c930","RTTI_Class_Hierarchy_Descriptor","std::bad_exception","Label","IMPORTED",false,true
"1004c940","RTTI_Base_Class_Array","std::bad_exception","Label","IMPORTED",false,true
"1004c94c","RTTI_Base_Class_Descriptor_at_(0,-1,0,64)","std::bad_exception","Label","IMPORTED",false,true
"1004c968","RTTI_Complete_Object_Locator","_anon_6E02EFE5::_ExceptionPtr_normal","Label","IMPORTED",false,true
"1004c97c","RTTI_Class_Hierarchy_Descriptor","_anon_6E02EFE5::_ExceptionPtr_normal","Label","IMPORTED",false,true
"1004c98c","RTTI_Base_Class_Array","_anon_6E02EFE5::_ExceptionPtr_normal","Label","IMPORTED",false,true
"1004c998","RTTI_Base_Class_Descriptor_at_(0,-1,0,64)","_anon_6E02EFE5::_ExceptionPtr_normal","Label","IMPORTED",false,true
"1004c9b4","RTTI_Complete_Object_Locator","_anon_6E02EFE5::_ExceptionPtr_static<std::bad_alloc>","Label","IMPORTED",false,true
"1004c9c8","RTTI_Class_Hierarchy_Descriptor","_anon_6E02EFE5::_ExceptionPtr_static<std::bad_alloc>","Label","IMPORTED",false,true
"1004c9d8","RTTI_Base_Class_Array","_anon_6E02EFE5::_ExceptionPtr_static<std::bad_alloc>","Label","IMPORTED",false,true
"1004c9e4","RTTI_Base_Class_Descriptor_at_(0,-1,0,64)","_anon_6E02EFE5::_ExceptionPtr_static<std::bad_alloc>","Label","IMPORTED",false,true
"1004ca00","RTTI_Complete_Object_Locator","_anon_6E02EFE5::_ExceptionPtr_static<std::bad_exception>","Label","IMPORTED",false,true
"1004ca14","RTTI_Class_Hierarchy_Descriptor","_anon_6E02EFE5::_ExceptionPtr_static<std::bad_exception>","Label","IMPORTED",false,true
"1004ca24","RTTI_Base_Class_Array","_anon_6E02EFE5::_ExceptionPtr_static<std::bad_exception>","Label","IMPORTED",false,true
"1004ca30","RTTI_Base_Class_Descriptor_at_(0,-1,0,64)","_anon_6E02EFE5::_ExceptionPtr_static<std::bad_exception>","Label","IMPORTED",false,true
"1004ca4c","RTTI_Complete_Object_Locator","std::basic_ios<wchar_t,std::char_traits<wchar_t>_>","Label","IMPORTED",false,true
"1004ca60","RTTI_Class_Hierarchy_Descriptor","std::basic_ios<wchar_t,std::char_traits<wchar_t>_>","Label","IMPORTED",false,true
"1004ca70","RTTI_Base_Class_Array","std::basic_ios<wchar_t,std::char_traits<wchar_t>_>","Label","IMPORTED",false,true
"1004ca80","RTTI_Base_Class_Descriptor_at_(0,-1,0,64)","std::basic_ios<wchar_t,std::char_traits<wchar_t>_>","Label","IMPORTED",false,true
"1004ca9c","RTTI_Complete_Object_Locator","std::basic_streambuf<wchar_t,std::char_traits<wchar_t>_>","Label","IMPORTED",false,true
"1004cab0","RTTI_Class_Hierarchy_Descriptor","std::basic_streambuf<wchar_t,std::char_traits<wchar_t>_>","Label","IMPORTED",false,true
"1004cac0","RTTI_Base_Class_Array","std::basic_streambuf<wchar_t,std::char_traits<wchar_t>_>","Label","IMPORTED",false,true
"1004cac8","RTTI_Base_Class_Descriptor_at_(0,-1,0,64)","std::basic_streambuf<wchar_t,std::char_traits<wchar_t>_>","Label","IMPORTED",false,true
"1004cae4","RTTI_Base_Class_Descriptor_at_(0,0,4,80)","std::basic_ios<wchar_t,std::char_traits<wchar_t>_>","Label","IMPORTED",false,true
"1004cb00","RTTI_Complete_Object_Locator","std::basic_ostream<wchar_t,std::char_traits<wchar_t>_>","Label","IMPORTED",false,true
"1004cb14","RTTI_Class_Hierarchy_Descriptor","std::basic_ostream<wchar_t,std::char_traits<wchar_t>_>","Label","IMPORTED",false,true
"1004cb24","RTTI_Base_Class_Array","std::basic_ostream<wchar_t,std::char_traits<wchar_t>_>","Label","IMPORTED",false,true
"1004cb38","RTTI_Base_Class_Descriptor_at_(0,-1,0,64)","std::basic_ostream<wchar_t,std::char_traits<wchar_t>_>","Label","IMPORTED",false,true
"1004cb54","RTTI_Complete_Object_Locator","std::basic_filebuf<wchar_t,std::char_traits<wchar_t>_>","Label","IMPORTED",false,true
"1004cb68","RTTI_Class_Hierarchy_Descriptor","std::basic_filebuf<wchar_t,std::char_traits<wchar_t>_>","Label","IMPORTED",false,true
"1004cb78","RTTI_Base_Class_Array","std::basic_filebuf<wchar_t,std::char_traits<wchar_t>_>","Label","IMPORTED",false,true
"1004cb84","RTTI_Base_Class_Descriptor_at_(0,-1,0,64)","std::basic_filebuf<wchar_t,std::char_traits<wchar_t>_>","Label","IMPORTED",false,true
"1004cba0","RTTI_Complete_Object_Locator","std::codecvt<wchar_t,char,_Mbstatet>","Label","IMPORTED",false,true
"1004cbb4","RTTI_Class_Hierarchy_Descriptor","std::codecvt<wchar_t,char,_Mbstatet>","Label","IMPORTED",false,true
"1004cbc4","RTTI_Base_Class_Array","std::codecvt<wchar_t,char,_Mbstatet>","Label","IMPORTED",false,true
"1004cbdc","RTTI_Base_Class_Descriptor_at_(0,-1,0,64)","std::codecvt<wchar_t,char,_Mbstatet>","Label","IMPORTED",false,true
"1004cbf8","RTTI_Complete_Object_Locator","type_info","Label","IMPORTED",false,true
"1004cc0c","RTTI_Class_Hierarchy_Descriptor","type_info","Label","IMPORTED",false,true
"1004cc1c","RTTI_Base_Class_Array","type_info","Label","IMPORTED",false,true
"1004cc24","RTTI_Base_Class_Descriptor_at_(0,-1,0,64)","type_info","Label","IMPORTED",false,true
"1004cc40","DAT_1004cc40","Global","Label","DEFAULT",false,true
"1004d410","DAT_1004d410","Global","Label","DEFAULT",false,true
"1004d414","DAT_1004d414","Global","Label","DEFAULT",false,true
"1004d418","DAT_1004d418","Global","Label","DEFAULT",false,true
"1004d41c","DAT_1004d41c","Global","Label","DEFAULT",false,true
"1004d430","UnwindMapEntry_ARRAY_1004d430","Global","Label","DEFAULT",false,true
"1004d450","FuncInfo_1004d450","Global","Label","DEFAULT",false,true
"1004d474","DAT_1004d474","Global","Label","DEFAULT",false,true
"1004d490","DAT_1004d490","Global","Label","DEFAULT",false,true
"1004d4b0","DAT_1004d4b0","Global","Label","DEFAULT",false,true
"1004d4cc","DAT_1004d4cc","Global","Label","DEFAULT",false,true
"1004d4e8","UnwindMapEntry_ARRAY_1004d4e8","Global","Label","DEFAULT",false,true
"1004d4f8","FuncInfo_1004d4f8","Global","Label","DEFAULT",false,true
"1004d51c","UnwindMapEntry_1004d51c","Global","Label","DEFAULT",false,true
"1004d524","FuncInfo_1004d524","Global","Label","DEFAULT",false,true
"1004d548","FuncInfo_1004d548","Global","Label","DEFAULT",false,true
"1004d56c","UnwindMapEntry_ARRAY_1004d56c","Global","Label","DEFAULT",false,true
"1004d5a4","DAT_1004d5a4","Global","Label","DEFAULT",false,true
"1004d5c8","UnwindMapEntry_1004d5c8","Global","Label","DEFAULT",false,true
"1004d5d0","FuncInfo_1004d5d0","Global","Label","DEFAULT",false,true
"1004d5f4","UnwindMapEntry_ARRAY_1004d5f4","Global","Label","DEFAULT",false,true
"1004d604","FuncInfo_1004d604","Global","Label","DEFAULT",false,true
"1004d628","UnwindMapEntry_1004d628","Global","Label","DEFAULT",false,true
"1004d630","FuncInfo_1004d630","Global","Label","DEFAULT",false,true
"1004d654","UnwindMapEntry_1004d654","Global","Label","DEFAULT",false,true
"1004d65c","FuncInfo_1004d65c","Global","Label","DEFAULT",false,true
"1004d680","UnwindMapEntry_1004d680","Global","Label","DEFAULT",false,true
"1004d688","FuncInfo_1004d688","Global","Label","DEFAULT",false,true
"1004d6ac","HandlerType_1004d6ac","Global","Label","DEFAULT",false,true
"1004d6bc","UnwindMapEntry_ARRAY_1004d6bc","Global","Label","DEFAULT",false,true
"1004d6cc","TryBlockMapEntry_1004d6cc","Global","Label","DEFAULT",false,true
"1004d6e0","FuncInfo_1004d6e0","Global","Label","DEFAULT",false,true
"1004d704","HandlerType_1004d704","Global","Label","DEFAULT",false,true
"1004d714","TryBlockMapEntry_1004d714","Global","Label","DEFAULT",false,true
"1004d728","UnwindMapEntry_ARRAY_1004d728","Global","Label","DEFAULT",false,true
"1004d740","FuncInfo_1004d740","Global","Label","DEFAULT",false,true
"1004d764","UnwindMapEntry_1004d764","Global","Label","DEFAULT",false,true
"1004d76c","FuncInfo_1004d76c","Global","Label","DEFAULT",false,true
"1004d790","UnwindMapEntry_ARRAY_1004d790","Global","Label","DEFAULT",false,true
"1004d7b0","FuncInfo_1004d7b0","Global","Label","DEFAULT",false,true
"1004d7d4","UnwindMapEntry_1004d7d4","Global","Label","DEFAULT",false,true
"1004d7dc","FuncInfo_1004d7dc","Global","Label","DEFAULT",false,true
"1004d800","HandlerType_1004d800","Global","Label","DEFAULT",false,true
"1004d810","TryBlockMapEntry_1004d810","Global","Label","DEFAULT",false,true
"1004d824","UnwindMapEntry_ARRAY_1004d824","Global","Label","DEFAULT",false,true
"1004d83c","FuncInfo_1004d83c","Global","Label","DEFAULT",false,true
"1004d860","UnwindMapEntry_ARRAY_1004d860","Global","Label","DEFAULT",false,true
"1004d878","FuncInfo_1004d878","Global","Label","DEFAULT",false,true
"1004d89c","UnwindMapEntry_ARRAY_1004d89c","Global","Label","DEFAULT",false,true
"1004d8b4","FuncInfo_1004d8b4","Global","Label","DEFAULT",false,true
"1004d8d8","UnwindMapEntry_1004d8d8","Global","Label","DEFAULT",false,true
"1004d8e0","FuncInfo_1004d8e0","Global","Label","DEFAULT",false,true
"1004d904","HandlerType_1004d904","Global","Label","DEFAULT",false,true
"1004d914","TryBlockMapEntry_1004d914","Global","Label","DEFAULT",false,true
"1004d928","UnwindMapEntry_ARRAY_1004d928","Global","Label","DEFAULT",false,true
"1004d948","FuncInfo_1004d948","Global","Label","DEFAULT",false,true
"1004d96c","UnwindMapEntry_1004d96c","Global","Label","DEFAULT",false,true
"1004d974","FuncInfo_1004d974","Global","Label","DEFAULT",false,true
"1004d998","DAT_1004d998","Global","Label","DEFAULT",false,true
"1004d9b4","DAT_1004d9b4","Global","Label","DEFAULT",false,true
"1004d9d0","DAT_1004d9d0","Global","Label","DEFAULT",false,true
"1004d9ec","DAT_1004d9ec","Global","Label","DEFAULT",false,true
"1004da24","DAT_1004da24","Global","Label","DEFAULT",false,true
"1004da4c","DAT_1004da4c","Global","Label","DEFAULT",false,true
"1004da68","HandlerType_1004da68","Global","Label","DEFAULT",false,true
"1004da78","TryBlockMapEntry_1004da78","Global","Label","DEFAULT",false,true
"1004da8c","UnwindMapEntry_ARRAY_1004da8c","Global","Label","DEFAULT",false,true
"1004daac","FuncInfo_1004daac","Global","Label","DEFAULT",false,true
"1004dad0","HandlerType_1004dad0","Global","Label","DEFAULT",false,true
"1004dae0","TryBlockMapEntry_1004dae0","Global","Label","DEFAULT",false,true
"1004daf4","UnwindMapEntry_ARRAY_1004daf4","Global","Label","DEFAULT",false,true
"1004db14","FuncInfo_1004db14","Global","Label","DEFAULT",false,true
"1004db38","HandlerType_1004db38","Global","Label","DEFAULT",false,true
"1004db48","TryBlockMapEntry_1004db48","Global","Label","DEFAULT",false,true
"1004db5c","UnwindMapEntry_ARRAY_1004db5c","Global","Label","DEFAULT",false,true
"1004db74","FuncInfo_1004db74","Global","Label","DEFAULT",false,true
"1004db98","HandlerType_1004db98","Global","Label","DEFAULT",false,true
"1004dba8","TryBlockMapEntry_1004dba8","Global","Label","DEFAULT",false,true
"1004dbbc","UnwindMapEntry_ARRAY_1004dbbc","Global","Label","DEFAULT",false,true
"1004dbd4","FuncInfo_1004dbd4","Global","Label","DEFAULT",false,true
"1004dbf8","HandlerType_1004dbf8","Global","Label","DEFAULT",false,true
"1004dc08","TryBlockMapEntry_1004dc08","Global","Label","DEFAULT",false,true
"1004dc1c","UnwindMapEntry_ARRAY_1004dc1c","Global","Label","DEFAULT",false,true
"1004dc34","FuncInfo_1004dc34","Global","Label","DEFAULT",false,true
"1004dc58","UnwindMapEntry_ARRAY_1004dc58","Global","Label","DEFAULT",false,true
"1004dc68","FuncInfo_1004dc68","Global","Label","DEFAULT",false,true
"1004dc8c","UnwindMapEntry_1004dc8c","Global","Label","DEFAULT",false,true
"1004dc94","FuncInfo_1004dc94","Global","Label","DEFAULT",false,true
"1004dcb8","UnwindMapEntry_ARRAY_1004dcb8","Global","Label","DEFAULT",false,true
"1004dcd8","FuncInfo_1004dcd8","Global","Label","DEFAULT",false,true
"1004dcfc","UnwindMapEntry_ARRAY_1004dcfc","Global","Label","DEFAULT",false,true
"1004dd1c","FuncInfo_1004dd1c","Global","Label","DEFAULT",false,true
"1004dd40","UnwindMapEntry_1004dd40","Global","Label","DEFAULT",false,true
"1004dd48","FuncInfo_1004dd48","Global","Label","DEFAULT",false,true
"1004dd6c","UnwindMapEntry_ARRAY_1004dd6c","Global","Label","DEFAULT",false,true
"1004dd84","FuncInfo_1004dd84","Global","Label","DEFAULT",false,true
"1004dda8","UnwindMapEntry_1004dda8","Global","Label","DEFAULT",false,true
"1004ddb0","FuncInfo_1004ddb0","Global","Label","DEFAULT",false,true
"1004ddd4","UnwindMapEntry_1004ddd4","Global","Label","DEFAULT",false,true
"1004dddc","FuncInfo_1004dddc","Global","Label","DEFAULT",false,true
"1004de00","UnwindMapEntry_1004de00","Global","Label","DEFAULT",false,true
"1004de08","FuncInfo_1004de08","Global","Label","DEFAULT",false,true
"1004de2c","UnwindMapEntry_1004de2c","Global","Label","DEFAULT",false,true
"1004de34","FuncInfo_1004de34","Global","Label","DEFAULT",false,true
"1004de58","UnwindMapEntry_1004de58","Global","Label","DEFAULT",false,true
"1004de60","FuncInfo_1004de60","Global","Label","DEFAULT",false,true
"1004de84","UnwindMapEntry_1004de84","Global","Label","DEFAULT",false,true
"1004de8c","FuncInfo_1004de8c","Global","Label","DEFAULT",false,true
"1004deb0","UnwindMapEntry_1004deb0","Global","Label","DEFAULT",false,true
"1004deb8","FuncInfo_1004deb8","Global","Label","DEFAULT",false,true
"1004dedc","UnwindMapEntry_1004dedc","Global","Label","DEFAULT",false,true
"1004dee4","FuncInfo_1004dee4","Global","Label","DEFAULT",false,true
"1004df08","UnwindMapEntry_1004df08","Global","Label","DEFAULT",false,true
"1004df10","FuncInfo_1004df10","Global","Label","DEFAULT",false,true
"1004df34","UnwindMapEntry_1004df34","Global","Label","DEFAULT",false,true
"1004df3c","FuncInfo_1004df3c","Global","Label","DEFAULT",false,true
"1004df60","UnwindMapEntry_1004df60","Global","Label","DEFAULT",false,true
"1004df68","FuncInfo_1004df68","Global","Label","DEFAULT",false,true
"1004df8c","UnwindMapEntry_1004df8c","Global","Label","DEFAULT",false,true
"1004df94","FuncInfo_1004df94","Global","Label","DEFAULT",false,true
"1004dfb8","UnwindMapEntry_1004dfb8","Global","Label","DEFAULT",false,true
"1004dfc0","FuncInfo_1004dfc0","Global","Label","DEFAULT",false,true
"1004dfe4","UnwindMapEntry_ARRAY_1004dfe4","Global","Label","DEFAULT",false,true
"1004dff4","FuncInfo_1004dff4","Global","Label","DEFAULT",false,true
"1004e018","UnwindMapEntry_ARRAY_1004e018","Global","Label","DEFAULT",false,true
"1004e028","FuncInfo_1004e028","Global","Label","DEFAULT",false,true
"1004e04c","TryBlockMapEntry_1004e04c","Global","Label","DEFAULT",false,true
"1004e060","UnwindMapEntry_ARRAY_1004e060","Global","Label","DEFAULT",false,true
"1004e078","FuncInfo_1004e078","Global","Label","DEFAULT",false,true
"1004e09c","HandlerType_ARRAY_1004e09c","Global","Label","DEFAULT",false,true
"1004e0cc","UnwindMapEntry_ARRAY_1004e0cc","Global","Label","DEFAULT",false,true
"1004e0dc","FuncInfo_1004e0dc","Global","Label","DEFAULT",false,true
"1004e100","UnwindMapEntry_ARRAY_1004e100","Global","Label","DEFAULT",false,true
"1004e110","FuncInfo_1004e110","Global","Label","DEFAULT",false,true
"1004e134","TryBlockMapEntry_1004e134","Global","Label","DEFAULT",false,true
"1004e148","UnwindMapEntry_ARRAY_1004e148","Global","Label","DEFAULT",false,true
"1004e160","FuncInfo_1004e160","Global","Label","DEFAULT",false,true
"1004e184","HandlerType_ARRAY_1004e184","Global","Label","DEFAULT",false,true
"1004e1b4","UnwindMapEntry_1004e1b4","Global","Label","DEFAULT",false,true
"1004e1bc","FuncInfo_1004e1bc","Global","Label","DEFAULT",false,true
"1004e1e0","UnwindMapEntry_1004e1e0","Global","Label","DEFAULT",false,true
"1004e1e8","FuncInfo_1004e1e8","Global","Label","DEFAULT",false,true
"1004e20c","HandlerType_1004e20c","Global","Label","DEFAULT",false,true
"1004e21c","TryBlockMapEntry_1004e21c","Global","Label","DEFAULT",false,true
"1004e230","FuncInfo_1004e230","Global","Label","DEFAULT",false,true
"1004e254","UnwindMapEntry_ARRAY_1004e254","Global","Label","DEFAULT",false,true
"1004e284","UnwindMapEntry_ARRAY_1004e284","Global","Label","DEFAULT",false,true
"1004e294","FuncInfo_1004e294","Global","Label","DEFAULT",false,true
"1004e2b8","UnwindMapEntry_1004e2b8","Global","Label","DEFAULT",false,true
"1004e2c0","FuncInfo_1004e2c0","Global","Label","DEFAULT",false,true
"1004e2e4","UnwindMapEntry_1004e2e4","Global","Label","DEFAULT",false,true
"1004e2ec","FuncInfo_1004e2ec","Global","Label","DEFAULT",false,true
"1004e310","UnwindMapEntry_1004e310","Global","Label","DEFAULT",false,true
"1004e318","FuncInfo_1004e318","Global","Label","DEFAULT",false,true
"1004e33c","UnwindMapEntry_ARRAY_1004e33c","Global","Label","DEFAULT",false,true
"1004e34c","FuncInfo_1004e34c","Global","Label","DEFAULT",false,true
"1004e370","UnwindMapEntry_1004e370","Global","Label","DEFAULT",false,true
"1004e378","FuncInfo_1004e378","Global","Label","DEFAULT",false,true
"1004e39c","UnwindMapEntry_1004e39c","Global","Label","DEFAULT",false,true
"1004e3a4","FuncInfo_1004e3a4","Global","Label","DEFAULT",false,true
"1004e3c8","UnwindMapEntry_ARRAY_1004e3c8","Global","Label","DEFAULT",false,true
"1004e3d8","FuncInfo_1004e3d8","Global","Label","DEFAULT",false,true
"1004e3fc","UnwindMapEntry_ARRAY_1004e3fc","Global","Label","DEFAULT",false,true
"1004e40c","FuncInfo_1004e40c","Global","Label","DEFAULT",false,true
"1004e430","UnwindMapEntry_1004e430","Global","Label","DEFAULT",false,true
"1004e438","FuncInfo_1004e438","Global","Label","DEFAULT",false,true
"1004e45c","UnwindMapEntry_1004e45c","Global","Label","DEFAULT",false,true
"1004e464","FuncInfo_1004e464","Global","Label","DEFAULT",false,true
"1004e488","UnwindMapEntry_1004e488","Global","Label","DEFAULT",false,true
"1004e490","FuncInfo_1004e490","Global","Label","DEFAULT",false,true
"1004e4b4","UnwindMapEntry_1004e4b4","Global","Label","DEFAULT",false,true
"1004e4bc","FuncInfo_1004e4bc","Global","Label","DEFAULT",false,true
"1004e4e0","UnwindMapEntry_1004e4e0","Global","Label","DEFAULT",false,true
"1004e4e8","FuncInfo_1004e4e8","Global","Label","DEFAULT",false,true
"1004e50c","UnwindMapEntry_1004e50c","Global","Label","DEFAULT",false,true
"1004e514","FuncInfo_1004e514","Global","Label","DEFAULT",false,true
"1004e538","HandlerType_1004e538","Global","Label","DEFAULT",false,true
"1004e548","UnwindMapEntry_ARRAY_1004e548","Global","Label","DEFAULT",false,true
"1004e558","TryBlockMapEntry_1004e558","Global","Label","DEFAULT",false,true
"1004e56c","FuncInfo_1004e56c","Global","Label","DEFAULT",false,true
"1004e590","UnwindMapEntry_ARRAY_1004e590","Global","Label","DEFAULT",false,true
"1004e5a0","FuncInfo_1004e5a0","Global","Label","DEFAULT",false,true
"1004e5c4","UnwindMapEntry_ARRAY_1004e5c4","Global","Label","DEFAULT",false,true
"1004e5d4","FuncInfo_1004e5d4","Global","Label","DEFAULT",false,true
"1004e5f8","FuncInfo_1004e5f8","Global","Label","DEFAULT",false,true
"1004e61c","UnwindMapEntry_ARRAY_1004e61c","Global","Label","DEFAULT",false,true
"1004e644","TryBlockMapEntry_1004e644","Global","Label","DEFAULT",false,true
"1004e658","UnwindMapEntry_ARRAY_1004e658","Global","Label","DEFAULT",false,true
"1004e670","FuncInfo_1004e670","Global","Label","DEFAULT",false,true
"1004e694","HandlerType_ARRAY_1004e694","Global","Label","DEFAULT",false,true
"1004e6c4","UnwindMapEntry_ARRAY_1004e6c4","Global","Label","DEFAULT",false,true
"1004e6dc","FuncInfo_1004e6dc","Global","Label","DEFAULT",false,true
"1004e700","DAT_1004e700","Global","Label","DEFAULT",false,true
"1004e724","DAT_1004e724","Global","Label","DEFAULT",false,true
"1004e740","DAT_1004e740","Global","Label","DEFAULT",false,true
"1004e778","DAT_1004e778","Global","Label","DEFAULT",false,true
"1004e798","DAT_1004e798","Global","Label","DEFAULT",false,true
"1004e7b4","DAT_1004e7b4","Global","Label","DEFAULT",false,true
"1004e7d0","UnwindMapEntry_1004e7d0","Global","Label","DEFAULT",false,true
"1004e7d8","FuncInfo_1004e7d8","Global","Label","DEFAULT",false,true
"1004e7fc","HandlerType_1004e7fc","Global","Label","DEFAULT",false,true
"1004e80c","TryBlockMapEntry_1004e80c","Global","Label","DEFAULT",false,true
"1004e820","UnwindMapEntry_ARRAY_1004e820","Global","Label","DEFAULT",false,true
"1004e840","FuncInfo_1004e840","Global","Label","DEFAULT",false,true
"1004e864","UnwindMapEntry_ARRAY_1004e864","Global","Label","DEFAULT",false,true
"1004e874","FuncInfo_1004e874","Global","Label","DEFAULT",false,true
"1004e898","UnwindMapEntry_1004e898","Global","Label","DEFAULT",false,true
"1004e8a0","FuncInfo_1004e8a0","Global","Label","DEFAULT",false,true
"1004e8c4","FuncInfo_1004e8c4","Global","Label","DEFAULT",false,true
"1004e8e8","UnwindMapEntry_ARRAY_1004e8e8","Global","Label","DEFAULT",false,true
"1004e910","UnwindMapEntry_ARRAY_1004e910","Global","Label","DEFAULT",false,true
"1004e930","FuncInfo_1004e930","Global","Label","DEFAULT",false,true
"1004e954","UnwindMapEntry_ARRAY_1004e954","Global","Label","DEFAULT",false,true
"1004e974","FuncInfo_1004e974","Global","Label","DEFAULT",false,true
"1004e998","UnwindMapEntry_ARRAY_1004e998","Global","Label","DEFAULT",false,true
"1004e9b0","FuncInfo_1004e9b0","Global","Label","DEFAULT",false,true
"1004e9d4","HandlerType_1004e9d4","Global","Label","DEFAULT",false,true
"1004e9e4","TryBlockMapEntry_1004e9e4","Global","Label","DEFAULT",false,true
"1004e9f8","UnwindMapEntry_ARRAY_1004e9f8","Global","Label","DEFAULT",false,true
"1004ea10","FuncInfo_1004ea10","Global","Label","DEFAULT",false,true
"1004ea34","UnwindMapEntry_ARRAY_1004ea34","Global","Label","DEFAULT",false,true
"1004ea44","FuncInfo_1004ea44","Global","Label","DEFAULT",false,true
"1004ea68","UnwindMapEntry_1004ea68","Global","Label","DEFAULT",false,true
"1004ea70","FuncInfo_1004ea70","Global","Label","DEFAULT",false,true
"1004ea94","UnwindMapEntry_ARRAY_1004ea94","Global","Label","DEFAULT",false,true
"1004eaac","FuncInfo_1004eaac","Global","Label","DEFAULT",false,true
"1004ead0","UnwindMapEntry_1004ead0","Global","Label","DEFAULT",false,true
"1004ead8","FuncInfo_1004ead8","Global","Label","DEFAULT",false,true
"1004eafc","UnwindMapEntry_1004eafc","Global","Label","DEFAULT",false,true
"1004eb04","FuncInfo_1004eb04","Global","Label","DEFAULT",false,true
"1004eb28","UnwindMapEntry_1004eb28","Global","Label","DEFAULT",false,true
"1004eb30","FuncInfo_1004eb30","Global","Label","DEFAULT",false,true
"1004eb54","HandlerType_1004eb54","Global","Label","DEFAULT",false,true
"1004eb64","TryBlockMapEntry_1004eb64","Global","Label","DEFAULT",false,true
"1004eb78","UnwindMapEntry_ARRAY_1004eb78","Global","Label","DEFAULT",false,true
"1004eb98","FuncInfo_1004eb98","Global","Label","DEFAULT",false,true
"1004ebbc","HandlerType_1004ebbc","Global","Label","DEFAULT",false,true
"1004ebcc","TryBlockMapEntry_1004ebcc","Global","Label","DEFAULT",false,true
"1004ebe0","UnwindMapEntry_ARRAY_1004ebe0","Global","Label","DEFAULT",false,true
"1004ebf8","FuncInfo_1004ebf8","Global","Label","DEFAULT",false,true
"1004ec1c","HandlerType_1004ec1c","Global","Label","DEFAULT",false,true
"1004ec2c","TryBlockMapEntry_1004ec2c","Global","Label","DEFAULT",false,true
"1004ec40","UnwindMapEntry_ARRAY_1004ec40","Global","Label","DEFAULT",false,true
"1004ec60","FuncInfo_1004ec60","Global","Label","DEFAULT",false,true
"1004ec84","UnwindMapEntry_ARRAY_1004ec84","Global","Label","DEFAULT",false,true
"1004ec94","FuncInfo_1004ec94","Global","Label","DEFAULT",false,true
"1004ecb8","UnwindMapEntry_ARRAY_1004ecb8","Global","Label","DEFAULT",false,true
"1004ecd8","FuncInfo_1004ecd8","Global","Label","DEFAULT",false,true
"1004ecfc","UnwindMapEntry_ARRAY_1004ecfc","Global","Label","DEFAULT",false,true
"1004ed1c","FuncInfo_1004ed1c","Global","Label","DEFAULT",false,true
"1004ed40","UnwindMapEntry_1004ed40","Global","Label","DEFAULT",false,true
"1004ed48","FuncInfo_1004ed48","Global","Label","DEFAULT",false,true
"1004ed6c","UnwindMapEntry_1004ed6c","Global","Label","DEFAULT",false,true
"1004ed74","FuncInfo_1004ed74","Global","Label","DEFAULT",false,true
"1004ed98","UnwindMapEntry_1004ed98","Global","Label","DEFAULT",false,true
"1004eda0","FuncInfo_1004eda0","Global","Label","DEFAULT",false,true
"1004edc4","UnwindMapEntry_1004edc4","Global","Label","DEFAULT",false,true
"1004edcc","FuncInfo_1004edcc","Global","Label","DEFAULT",false,true
"1004edf0","FuncInfo_1004edf0","Global","Label","DEFAULT",false,true
"1004ee14","UnwindMapEntry_ARRAY_1004ee14","Global","Label","DEFAULT",false,true
"1004ee4c","UnwindMapEntry_ARRAY_1004ee4c","Global","Label","DEFAULT",false,true
"1004ee5c","FuncInfo_1004ee5c","Global","Label","DEFAULT",false,true
"1004ee80","UnwindMapEntry_1004ee80","Global","Label","DEFAULT",false,true
"1004ee88","FuncInfo_1004ee88","Global","Label","DEFAULT",false,true
"1004eeac","UnwindMapEntry_ARRAY_1004eeac","Global","Label","DEFAULT",false,true
"1004eebc","FuncInfo_1004eebc","Global","Label","DEFAULT",false,true
"1004eee0","UnwindMapEntry_ARRAY_1004eee0","Global","Label","DEFAULT",false,true
"1004ef00","FuncInfo_1004ef00","Global","Label","DEFAULT",false,true
"1004ef24","UnwindMapEntry_ARRAY_1004ef24","Global","Label","DEFAULT",false,true
"1004ef3c","FuncInfo_1004ef3c","Global","Label","DEFAULT",false,true
"1004ef60","UnwindMapEntry_ARRAY_1004ef60","Global","Label","DEFAULT",false,true
"1004ef78","FuncInfo_1004ef78","Global","Label","DEFAULT",false,true
"1004ef9c","UnwindMapEntry_1004ef9c","Global","Label","DEFAULT",false,true
"1004efa4","FuncInfo_1004efa4","Global","Label","DEFAULT",false,true
"1004efc8","UnwindMapEntry_1004efc8","Global","Label","DEFAULT",false,true
"1004efd0","FuncInfo_1004efd0","Global","Label","DEFAULT",false,true
"1004eff4","UnwindMapEntry_ARRAY_1004eff4","Global","Label","DEFAULT",false,true
"1004f004","FuncInfo_1004f004","Global","Label","DEFAULT",false,true
"1004f028","UnwindMapEntry_ARRAY_1004f028","Global","Label","DEFAULT",false,true
"1004f040","FuncInfo_1004f040","Global","Label","DEFAULT",false,true
"1004f064","FuncInfo_1004f064","Global","Label","DEFAULT",false,true
"1004f088","UnwindMapEntry_ARRAY_1004f088","Global","Label","DEFAULT",false,true
"1004f0d0","UnwindMapEntry_1004f0d0","Global","Label","DEFAULT",false,true
"1004f0d8","FuncInfo_1004f0d8","Global","Label","DEFAULT",false,true
"1004f0fc","DAT_1004f0fc","Global","Label","DEFAULT",false,true
"1004f124","DAT_1004f124","Global","Label","DEFAULT",false,true
"1004f140","UnwindMapEntry_1004f140","Global","Label","DEFAULT",false,true
"1004f148","FuncInfo_1004f148","Global","Label","DEFAULT",false,true
"1004f16c","FuncInfo_1004f16c","Global","Label","DEFAULT",false,true
"1004f190","UnwindMapEntry_ARRAY_1004f190","Global","Label","DEFAULT",false,true
"1004f1e8","UnwindMapEntry_1004f1e8","Global","Label","DEFAULT",false,true
"1004f1f0","FuncInfo_1004f1f0","Global","Label","DEFAULT",false,true
"1004f214","UnwindMapEntry_ARRAY_1004f214","Global","Label","DEFAULT",false,true
"1004f224","FuncInfo_1004f224","Global","Label","DEFAULT",false,true
"1004f248","UnwindMapEntry_ARRAY_1004f248","Global","Label","DEFAULT",false,true
"1004f258","FuncInfo_1004f258","Global","Label","DEFAULT",false,true
"1004f27c","UnwindMapEntry_1004f27c","Global","Label","DEFAULT",false,true
"1004f284","FuncInfo_1004f284","Global","Label","DEFAULT",false,true
"1004f2a8","UnwindMapEntry_1004f2a8","Global","Label","DEFAULT",false,true
"1004f2b0","FuncInfo_1004f2b0","Global","Label","DEFAULT",false,true
"1004f2d4","UnwindMapEntry_1004f2d4","Global","Label","DEFAULT",false,true
"1004f2dc","FuncInfo_1004f2dc","Global","Label","DEFAULT",false,true
"1004f300","UnwindMapEntry_1004f300","Global","Label","DEFAULT",false,true
"1004f308","FuncInfo_1004f308","Global","Label","DEFAULT",false,true
"1004f32c","UnwindMapEntry_ARRAY_1004f32c","Global","Label","DEFAULT",false,true
"1004f33c","FuncInfo_1004f33c","Global","Label","DEFAULT",false,true
"1004f360","UnwindMapEntry_1004f360","Global","Label","DEFAULT",false,true
"1004f368","FuncInfo_1004f368","Global","Label","DEFAULT",false,true
"1004f38c","UnwindMapEntry_ARRAY_1004f38c","Global","Label","DEFAULT",false,true
"1004f39c","FuncInfo_1004f39c","Global","Label","DEFAULT",false,true
"1004f3c0","UnwindMapEntry_1004f3c0","Global","Label","DEFAULT",false,true
"1004f3c8","FuncInfo_1004f3c8","Global","Label","DEFAULT",false,true
"1004f3ec","UnwindMapEntry_1004f3ec","Global","Label","DEFAULT",false,true
"1004f3f4","FuncInfo_1004f3f4","Global","Label","DEFAULT",false,true
"1004f418","FuncInfo_1004f418","Global","Label","DEFAULT",false,true
"1004f43c","UnwindMapEntry_ARRAY_1004f43c","Global","Label","DEFAULT",false,true
"1004f48c","UnwindMapEntry_ARRAY_1004f48c","Global","Label","DEFAULT",false,true
"1004f4ac","FuncInfo_1004f4ac","Global","Label","DEFAULT",false,true
"1004f4d0","UnwindMapEntry_1004f4d0","Global","Label","DEFAULT",false,true
"1004f4d8","FuncInfo_1004f4d8","Global","Label","DEFAULT",false,true
"1004f4fc","DAT_1004f4fc","Global","Label","DEFAULT",false,true
"1004f518","DAT_1004f518","Global","Label","DEFAULT",false,true
"1004f538","DAT_1004f538","Global","Label","DEFAULT",false,true
"1004f554","DAT_1004f554","Global","Label","DEFAULT",false,true
"1004f574","DAT_1004f574","Global","Label","DEFAULT",false,true
"1004f590","DAT_1004f590","Global","Label","DEFAULT",false,true
"1004f5b0","DAT_1004f5b0","Global","Label","DEFAULT",false,true
"1004f5cc","DAT_1004f5cc","Global","Label","DEFAULT",false,true
"1004f604","UnwindMapEntry_1004f604","Global","Label","DEFAULT",false,true
"1004f60c","FuncInfo_1004f60c","Global","Label","DEFAULT",false,true
"1004f630","UnwindMapEntry_1004f630","Global","Label","DEFAULT",false,true
"1004f638","FuncInfo_1004f638","Global","Label","DEFAULT",false,true
"1004f65c","UnwindMapEntry_1004f65c","Global","Label","DEFAULT",false,true
"1004f664","FuncInfo_1004f664","Global","Label","DEFAULT",false,true
"1004f688","UnwindMapEntry_1004f688","Global","Label","DEFAULT",false,true
"1004f690","FuncInfo_1004f690","Global","Label","DEFAULT",false,true
"1004f6b4","UnwindMapEntry_1004f6b4","Global","Label","DEFAULT",false,true
"1004f6bc","FuncInfo_1004f6bc","Global","Label","DEFAULT",false,true
"1004f6e0","DAT_1004f6e0","Global","Label","DEFAULT",false,true
"1004f704","UnwindMapEntry_1004f704","Global","Label","DEFAULT",false,true
"1004f70c","FuncInfo_1004f70c","Global","Label","DEFAULT",false,true
"1004f730","UnwindMapEntry_1004f730","Global","Label","DEFAULT",false,true
"1004f738","FuncInfo_1004f738","Global","Label","DEFAULT",false,true
"1004f75c","UnwindMapEntry_1004f75c","Global","Label","DEFAULT",false,true
"1004f764","FuncInfo_1004f764","Global","Label","DEFAULT",false,true
"1004f788","HandlerType_1004f788","Global","Label","DEFAULT",false,true
"1004f798","HandlerType_1004f798","Global","Label","DEFAULT",false,true
"1004f7a8","FuncInfo_1004f7a8","Global","Label","DEFAULT",false,true
"1004f7cc","TryBlockMapEntry_ARRAY_1004f7cc","Global","Label","DEFAULT",false,true
"1004f7f4","UnwindMapEntry_ARRAY_1004f7f4","Global","Label","DEFAULT",false,true
"1004f83c","UnwindMapEntry_1004f83c","Global","Label","DEFAULT",false,true
"1004f844","FuncInfo_1004f844","Global","Label","DEFAULT",false,true
"1004f868","UnwindMapEntry_1004f868","Global","Label","DEFAULT",false,true
"1004f870","FuncInfo_1004f870","Global","Label","DEFAULT",false,true
"1004f894","UnwindMapEntry_ARRAY_1004f894","Global","Label","DEFAULT",false,true
"1004f8a4","FuncInfo_1004f8a4","Global","Label","DEFAULT",false,true
"1004f8c8","UnwindMapEntry_ARRAY_1004f8c8","Global","Label","DEFAULT",false,true
"1004f8d8","FuncInfo_1004f8d8","Global","Label","DEFAULT",false,true
"1004f8fc","DAT_1004f8fc","Global","Label","DEFAULT",false,true
"1004f934","UnwindMapEntry_1004f934","Global","Label","DEFAULT",false,true
"1004f93c","FuncInfo_1004f93c","Global","Label","DEFAULT",false,true
"1004f960","UnwindMapEntry_1004f960","Global","Label","DEFAULT",false,true
"1004f968","FuncInfo_1004f968","Global","Label","DEFAULT",false,true
"1004f98c","UnwindMapEntry_1004f98c","Global","Label","DEFAULT",false,true
"1004f994","FuncInfo_1004f994","Global","Label","DEFAULT",false,true
"1004f9b8","DAT_1004f9b8","Global","Label","DEFAULT",false,true
"1004f9d8","DAT_1004f9d8","Global","Label","DEFAULT",false,true
"1004f9f8","DAT_1004f9f8","Global","Label","DEFAULT",false,true
"1004fa20","DAT_1004fa20","Global","Label","DEFAULT",false,true
"1004fa40","DAT_1004fa40","Global","Label","DEFAULT",false,true
"1004fa60","DAT_1004fa60","Global","Label","DEFAULT",false,true
"1004fa88","DAT_1004fa88","Global","Label","DEFAULT",false,true
"1004fab0","HandlerType_1004fab0","Global","Label","DEFAULT",false,true
"1004fac0","UnwindMapEntry_ARRAY_1004fac0","Global","Label","DEFAULT",false,true
"1004fad0","TryBlockMapEntry_1004fad0","Global","Label","DEFAULT",false,true
"1004fae4","FuncInfo_1004fae4","Global","Label","DEFAULT",false,true
"1004fb08","DAT_1004fb08","Global","Label","DEFAULT",false,true
"1004fb28","DAT_1004fb28","Global","Label","DEFAULT",false,true
"1004fb48","DAT_1004fb48","Global","Label","DEFAULT",false,true
"1004fb68","DAT_1004fb68","Global","Label","DEFAULT",false,true
"1004fb88","DAT_1004fb88","Global","Label","DEFAULT",false,true
"1004fba8","DAT_1004fba8","Global","Label","DEFAULT",false,true
"1004fbc8","DAT_1004fbc8","Global","Label","DEFAULT",false,true
"1004fbe8","DAT_1004fbe8","Global","Label","DEFAULT",false,true
"1004fc08","DAT_1004fc08","Global","Label","DEFAULT",false,true
"1004fc28","DAT_1004fc28","Global","Label","DEFAULT",false,true
"1004fc48","DAT_1004fc48","Global","Label","DEFAULT",false,true
"1004fc68","DAT_1004fc68","Global","Label","DEFAULT",false,true
"1004fc88","DAT_1004fc88","Global","Label","DEFAULT",false,true
"1004fca8","DAT_1004fca8","Global","Label","DEFAULT",false,true
"1004fcc8","DAT_1004fcc8","Global","Label","DEFAULT",false,true
"1004fce8","DAT_1004fce8","Global","Label","DEFAULT",false,true
"1004fd08","DAT_1004fd08","Global","Label","DEFAULT",false,true
"1004fd28","DAT_1004fd28","Global","Label","DEFAULT",false,true
"1004fd48","DAT_1004fd48","Global","Label","DEFAULT",false,true
"1004fd68","DAT_1004fd68","Global","Label","DEFAULT",false,true
"1004fd88","DAT_1004fd88","Global","Label","DEFAULT",false,true
"1004fda8","DAT_1004fda8","Global","Label","DEFAULT",false,true
"1004fdc8","DAT_1004fdc8","Global","Label","DEFAULT",false,true
"1004fde8","DAT_1004fde8","Global","Label","DEFAULT",false,true
"1004fe04","UnwindMapEntry_ARRAY_1004fe04","Global","Label","DEFAULT",false,true
"1004fe14","FuncInfo_1004fe14","Global","Label","DEFAULT",false,true
"1004fe38","DAT_1004fe38","Global","Label","DEFAULT",false,true
"1004fe58","DAT_1004fe58","Global","Label","DEFAULT",false,true
"1004fe78","DAT_1004fe78","Global","Label","DEFAULT",false,true
"1004fe98","DAT_1004fe98","Global","Label","DEFAULT",false,true
"1004feb8","DAT_1004feb8","Global","Label","DEFAULT",false,true
"1004fed8","DAT_1004fed8","Global","Label","DEFAULT",false,true
"1004fef8","DAT_1004fef8","Global","Label","DEFAULT",false,true
"1004ff18","DAT_1004ff18","Global","Label","DEFAULT",false,true
"1004ff38","DAT_1004ff38","Global","Label","DEFAULT",false,true
"1004ff58","DAT_1004ff58","Global","Label","DEFAULT",false,true
"1004ff78","DAT_1004ff78","Global","Label","DEFAULT",false,true
"1004ff98","DAT_1004ff98","Global","Label","DEFAULT",false,true
"1004ffb8","DAT_1004ffb8","Global","Label","DEFAULT",false,true
"1004ffd8","DAT_1004ffd8","Global","Label","DEFAULT",false,true
"1004fff8","DAT_1004fff8","Global","Label","DEFAULT",false,true
"10050018","DAT_10050018","Global","Label","DEFAULT",false,true
"10050038","DAT_10050038","Global","Label","DEFAULT",false,true
"10050058","DAT_10050058","Global","Label","DEFAULT",false,true
"10050078","DAT_10050078","Global","Label","DEFAULT",false,true
"10050098","DAT_10050098","Global","Label","DEFAULT",false,true
"100500b8","DAT_100500b8","Global","Label","DEFAULT",false,true
"100500d8","DAT_100500d8","Global","Label","DEFAULT",false,true
"100500f8","DAT_100500f8","Global","Label","DEFAULT",false,true
"10050118","DAT_10050118","Global","Label","DEFAULT",false,true
"10050138","DAT_10050138","Global","Label","DEFAULT",false,true
"10050158","DAT_10050158","Global","Label","DEFAULT",false,true
"10050178","DAT_10050178","Global","Label","DEFAULT",false,true
"10050198","DAT_10050198","Global","Label","DEFAULT",false,true
"100501b8","DAT_100501b8","Global","Label","DEFAULT",false,true
"100501d8","DAT_100501d8","Global","Label","DEFAULT",false,true
"100501f8","DAT_100501f8","Global","Label","DEFAULT",false,true
"10050218","DAT_10050218","Global","Label","DEFAULT",false,true
"10050238","DAT_10050238","Global","Label","DEFAULT",false,true
"10050258","DAT_10050258","Global","Label","DEFAULT",false,true
"10050280","IMAGE_DIRECTORY_ENTRY_EXPORT_10050280","Global","Label","DEFAULT",false,true
"100502a8","DAT_100502a8","Global","Label","DEFAULT",false,true
"100502b0","DAT_100502b0","Global","Label","DEFAULT",false,true
"100502b8","WORD_100502b8","Global","Label","DEFAULT",false,true
"100502bc","s_ssmptw.asi_100502bc","Global","Label","DEFAULT",false,true
"100502c7","s_?BaseModelsAddress@SSmpCore@@2KA_100502c7","Global","Label","DEFAULT",false,true
"100502e8","s_?ModelPointers@SSmpCore@@2PAPAVC_100502e8","Global","Label","DEFAULT",false,true
"1005031c","DWORD_1005031c","Global","Label","DEFAULT",false,true
"10051000","PTR_vftable_10051000","Global","Label","DEFAULT",false,true
"10051008","DAT_10051008","Global","Label","DEFAULT",false,true
"10051014","PTR_vftable_10051014","Global","Label","DEFAULT",false,true
"1005101c","PTR_vftable_1005101c","Global","Label","DEFAULT",false,true
"10051024","DAT_10051024","Global","Label","DEFAULT",false,true
"10051028","DAT_10051028","Global","Label","DEFAULT",false,true
"1005102c","DAT_1005102c","Global","Label","DEFAULT",false,true
"10051030","DAT_10051030","Global","Label","DEFAULT",false,true
"10051034","DAT_10051034","Global","Label","DEFAULT",false,true
"10051038","DAT_10051038","Global","Label","DEFAULT",false,true
"10051040","DAT_10051040","Global","Label","DEFAULT",false,true
"10051044","s_samp.scm_10051043+1","Global","Label","DEFAULT",false,true
"10051058","DAT_10051058","Global","Label","DEFAULT",false,true
"1005105c","PTR_s_kernel32.dll_1005105c","Global","Label","DEFAULT",false,true
"10051060","PTR_s_CreateFileA_10051060","Global","Label","DEFAULT",false,true
"10051068","PTR_s_53_8B_DC_83_EC_?_83_E4_?_83_C4_?_10051068","Global","Label","DEFAULT",false,true
"1005109c","PTR_vftable_1005109c","Global","Label","DEFAULT",false,true
"100510a8","DAT_100510a8","Global","Label","DEFAULT",false,true
"100510c4","DAT_100510c4","Global","Label","DEFAULT",false,true
"100510e0","DAT_100510e0","Global","Label","DEFAULT",false,true
"100510fc","DAT_100510fc","Global","Label","DEFAULT",false,true
"10051100","DAT_10051100","Global","Label","DEFAULT",false,true
"10051108","DAT_10051108","Global","Label","DEFAULT",false,true
"1005110c","DAT_1005110c","Global","Label","DEFAULT",false,true
"10051120","DAT_10051120","Global","Label","DEFAULT",false,true
"1005112c","s_{FFFFFF}S&SMP{B9C9BF}_1.3.1-R3_P_1005112c","Global","Label","DEFAULT",false,true
"10051164","s_\Project_Eagle_User_Files_10051164","Global","Label","DEFAULT",false,true
"10051180","s_%s\SSMP_10051180","Global","Label","DEFAULT",false,true
"100511c8","DAT_100511c8","Global","Label","DEFAULT",false,true
"100511cc","s_0.3.7_100511cc","Global","Label","DEFAULT",false,true
"100511d4","PTR_LOOP_100511d4","Global","Label","DEFAULT",false,true
"100511dc","PTR_LOOP_100511dc","Global","Label","DEFAULT",false,true
"100511e4","PTR_LOOP_100511e4","Global","Label","DEFAULT",false,true
"100511ec","PTR_LOOP_100511ec","Global","Label","DEFAULT",false,true
"100511f4","PTR_LOOP_100511f4","Global","Label","DEFAULT",false,true
"100511fc","PTR_LOOP_100511fc","Global","Label","DEFAULT",false,true
"10051204","PTR_LOOP_10051204","Global","Label","DEFAULT",false,true
"1005120c","PTR_LOOP_1005120c","Global","Label","DEFAULT",false,true
"10051214","PTR_LOOP_10051214","Global","Label","DEFAULT",false,true
"1005121c","PTR_LOOP_1005121c","Global","Label","DEFAULT",false,true
"10051224","PTR_LOOP_10051224","Global","Label","DEFAULT",false,true
"1005122c","PTR_LOOP_1005122c","Global","Label","DEFAULT",false,true
"10051234","PTR_LOOP_10051234","Global","Label","DEFAULT",false,true
"1005123c","PTR_LOOP_1005123c","Global","Label","DEFAULT",false,true
"10051244","PTR_LOOP_10051244","Global","Label","DEFAULT",false,true
"1005124c","PTR_LOOP_1005124c","Global","Label","DEFAULT",false,true
"10051254","PTR_LOOP_10051254","Global","Label","DEFAULT",false,true
"1005125c","PTR_LOOP_1005125c","Global","Label","DEFAULT",false,true
"10051264","PTR_LOOP_10051264","Global","Label","DEFAULT",false,true
"1005126c","PTR_LOOP_1005126c","Global","Label","DEFAULT",false,true
"10051274","PTR_LOOP_10051274","Global","Label","DEFAULT",false,true
"1005127c","PTR_LOOP_1005127c","Global","Label","DEFAULT",false,true
"10051284","PTR_LOOP_10051284","Global","Label","DEFAULT",false,true
"1005128c","PTR_LOOP_1005128c","Global","Label","DEFAULT",false,true
"10051294","PTR_LOOP_10051294","Global","Label","DEFAULT",false,true
"1005129c","PTR_LOOP_1005129c","Global","Label","DEFAULT",false,true
"100512a4","PTR_LOOP_100512a4","Global","Label","DEFAULT",false,true
"100512ac","PTR_LOOP_100512ac","Global","Label","DEFAULT",false,true
"100512b4","PTR_LOOP_100512b4","Global","Label","DEFAULT",false,true
"100512bc","PTR_LOOP_100512bc","Global","Label","DEFAULT",false,true
"100512c4","PTR_LOOP_100512c4","Global","Label","DEFAULT",false,true
"100512cc","PTR_LOOP_100512cc","Global","Label","DEFAULT",false,true
"100512d4","PTR_LOOP_100512d4","Global","Label","DEFAULT",false,true
"100512dc","s_GTA_S&SMP_100512dc","Global","Label","DEFAULT",false,true
"100512f0","DAT_100512f0","Global","Label","DEFAULT",false,true
"100512f4","DAT_100512f4","Global","Label","DEFAULT",false,true
"100512f8","DAT_100512f8","Global","Label","DEFAULT",false,true
"100512fc","DAT_100512fc","Global","Label","DEFAULT",false,true
"10051300","DAT_10051300","Global","Label","DEFAULT",false,true
"10051304","DAT_10051304","Global","Label","DEFAULT",false,true
"10051308","DAT_10051308","Global","Label","DEFAULT",false,true
"1005130c","DAT_1005130c","Global","Label","DEFAULT",false,true
"1005131c","PTR_LOOP_1005131c","Global","Label","DEFAULT",false,true
"10051324","PTR_LOOP_10051324","Global","Label","DEFAULT",false,true
"1005132c","PTR_LOOP_1005132c","Global","Label","DEFAULT",false,true
"10051334","PTR_LOOP_10051334","Global","Label","DEFAULT",false,true
"1005133c","PTR_LOOP_1005133c","Global","Label","DEFAULT",false,true
"10051344","PTR_LOOP_10051344","Global","Label","DEFAULT",false,true
"1005134c","PTR_LOOP_1005134c","Global","Label","DEFAULT",false,true
"10051354","PTR_LOOP_10051354","Global","Label","DEFAULT",false,true
"1005135c","PTR_LOOP_1005135c","Global","Label","DEFAULT",false,true
"10051364","PTR_LOOP_10051364","Global","Label","DEFAULT",false,true
"1005136c","PTR_LOOP_1005136c","Global","Label","DEFAULT",false,true
"10051374","PTR_LOOP_10051374","Global","Label","DEFAULT",false,true
"1005137c","PTR_LOOP_1005137c","Global","Label","DEFAULT",false,true
"10051384","PTR_LOOP_10051384","Global","Label","DEFAULT",false,true
"1005138c","PTR_LOOP_1005138c","Global","Label","DEFAULT",false,true
"10051394","PTR_LOOP_10051394","Global","Label","DEFAULT",false,true
"1005139c","PTR_LOOP_1005139c","Global","Label","DEFAULT",false,true
"100513a4","PTR_LOOP_100513a4","Global","Label","DEFAULT",false,true
"100513ac","PTR_LOOP_100513ac","Global","Label","DEFAULT",false,true
"100513b4","PTR_LOOP_100513b4","Global","Label","DEFAULT",false,true
"100513bc","PTR_LOOP_100513bc","Global","Label","DEFAULT",false,true
"100513c4","PTR_LOOP_100513c4","Global","Label","DEFAULT",false,true
"100513cc","PTR_LOOP_100513cc","Global","Label","DEFAULT",false,true
"100513d4","PTR_LOOP_100513d4","Global","Label","DEFAULT",false,true
"100513dc","PTR_LOOP_100513dc","Global","Label","DEFAULT",false,true
"100513e4","PTR_LOOP_100513e4","Global","Label","DEFAULT",false,true
"100513ec","PTR_LOOP_100513ec","Global","Label","DEFAULT",false,true
"100513f4","PTR_LOOP_100513f4","Global","Label","DEFAULT",false,true
"100513fc","PTR_LOOP_100513fc","Global","Label","DEFAULT",false,true
"10051404","PTR_LOOP_10051404","Global","Label","DEFAULT",false,true
"1005140c","PTR_LOOP_1005140c","Global","Label","DEFAULT",false,true
"10051414","PTR_LOOP_10051414","Global","Label","DEFAULT",false,true
"1005141c","PTR_LOOP_1005141c","Global","Label","DEFAULT",false,true
"1005145c","DAT_1005145c","Global","Label","DEFAULT",false,true
"10051460","DAT_10051460","Global","Label","DEFAULT",false,true
"10051468","DAT_10051468","Global","Label","DEFAULT",false,true
"100514fc","DAT_100514fc","Global","Label","DEFAULT",false,true
"100516bc","DAT_100516bc","Global","Label","DEFAULT",false,true
"100516c8","DAT_100516c8","Global","Label","DEFAULT",false,true
"100516cc","DAT_100516cc","Global","Label","DEFAULT",false,true
"100516d0","DAT_100516d0","Global","Label","DEFAULT",false,true
"10051718","DAT_10051718","Global","Label","DEFAULT",false,true
"1005171c","DAT_1005171c","Global","Label","DEFAULT",false,true
"10051720","DAT_10051720","Global","Label","DEFAULT",false,true
"10051768","PTR_vftable_10051768","Global","Label","DEFAULT",false,true
"1005176c","DAT_1005176c","Global","Label","DEFAULT",false,true
"10051774","DAT_10051774","Global","Label","DEFAULT",false,true
"100517c4","DAT_100517c4","Global","Label","DEFAULT",false,true
"100517d0","PTR_vftable_100517d0","Global","Label","DEFAULT",false,true
"100517d4","DAT_100517d4","Global","Label","DEFAULT",false,true
"100517dc","DAT_100517dc","Global","Label","DEFAULT",false,true
"1005182c","DAT_1005182c","Global","Label","DEFAULT",false,true
"10051838","DAT_10051838","Global","Label","DEFAULT",false,true
"10051868","DAT_10051868","Global","Label","DEFAULT",false,true
"10051898","DAT_10051898","Global","Label","DEFAULT",false,true
"100518c0","DAT_100518c0","Global","Label","DEFAULT",false,true
"10051900","DAT_10051900","Global","Label","DEFAULT",false,true
"10051910","DAT_10051910","Global","Label","DEFAULT",false,true
"10051920","DAT_10051920","Global","Label","DEFAULT",false,true
"10051924","DAT_10051924","Global","Label","DEFAULT",false,true
"10051928","DAT_10051928","Global","Label","DEFAULT",false,true
"10051930","DAT_10051930","Global","Label","DEFAULT",false,true
"10051940","DAT_10051940","Global","Label","DEFAULT",false,true
"10051944","DAT_10051944","Global","Label","DEFAULT",false,true
"10051948","DAT_10051948","Global","Label","DEFAULT",false,true
"1005194c","DAT_1005194c","Global","Label","DEFAULT",false,true
"10051950","DAT_10051950","Global","Label","DEFAULT",false,true
"10051960","DAT_10051960","Global","Label","DEFAULT",false,true
"10051970","DAT_10051970","Global","Label","DEFAULT",false,true
"100519a8","DAT_100519a8","Global","Label","DEFAULT",false,true
"100519f8","DAT_100519f8","Global","Label","DEFAULT",false,true
"100519fc","DAT_100519fc","Global","Label","DEFAULT",false,true
"10051a00","PTR_DAT_10051a00","Global","Label","DEFAULT",false,true
"10051a04","PTR_DAT_10051a04","Global","Label","DEFAULT",false,true
"10051a08","PTR_DAT_10051a08","Global","Label","DEFAULT",false,true
"10051a0c","PTR_DAT_10051a0c","Global","Label","DEFAULT",false,true
"10051a10","PTR_DAT_10051a10","Global","Label","DEFAULT",false,true
"10051a14","PTR_DAT_10051a14","Global","Label","DEFAULT",false,true
"10051a18","PTR_DAT_10051a18","Global","Label","DEFAULT",false,true
"10051a1c","PTR_DAT_10051a1c","Global","Label","DEFAULT",false,true
"10051a20","PTR_DAT_10051a20","Global","Label","DEFAULT",false,true
"10051a24","PTR_DAT_10051a24","Global","Label","DEFAULT",false,true
"10051a30","PTR_DAT_10051a30","Global","Label","DEFAULT",false,true
"10051a34","PTR_DAT_10051a34","Global","Label","DEFAULT",false,true
"10051a38","PTR_DAT_10051a38","Global","Label","DEFAULT",false,true
"10051a3c","PTR_DAT_10051a3c","Global","Label","DEFAULT",false,true
"10051a40","PTR_DAT_10051a40","Global","Label","DEFAULT",false,true
"10051a44","PTR_DAT_10051a44","Global","Label","DEFAULT",false,true
"10051a48","PTR_DAT_10051a48","Global","Label","DEFAULT",false,true
"10051a4c","PTR_DAT_10051a4c","Global","Label","DEFAULT",false,true
"10051a50","PTR_PTR_10051a50","Global","Label","DEFAULT",false,true
"10051a54","DAT_10051a54","Global","Label","DEFAULT",false,true
"10051a58","DAT_10051a58","Global","Label","DEFAULT",false,true
"10051a5c","DAT_10051a5c","Global","Label","DEFAULT",false,true
"10051a60","PTR_DAT_10051a60","Global","Label","DEFAULT",false,true
"10051a64","PTR_DAT_10051a64","Global","Label","DEFAULT",false,true
"10051a70","DAT_10051a70","Global","Label","DEFAULT",false,true
"10051a74","PTR_DAT_10051a74","Global","Label","DEFAULT",false,true
"10051a78","PTR_DAT_10051a78","Global","Label","DEFAULT",false,true
"10051b30","PTR_PTR_10051b30","Global","Label","DEFAULT",false,true
"10051b34","PTR_DAT_10051b34","Global","Label","DEFAULT",false,true
"10051b38","DAT_10051b38","Global","Label","DEFAULT",false,true
"10051b3a","DAT_10051b3a","Global","Label","DEFAULT",false,true
"10051b3c","DAT_10051b3c","Global","Label","DEFAULT",false,true
"10051b3e","DAT_10051b3e","Global","Label","DEFAULT",false,true
"10051b40","DAT_10051b40","Global","Label","DEFAULT",false,true
"10051b68","DAT_10051b68","Global","Label","DEFAULT",false,true
"10051b69","DAT_10051b69","Global","Label","DEFAULT",false,true
"10051b6d","DAT_10051b6d","Global","Label","DEFAULT",false,true
"10051b78","DAT_10051b78","Global","Label","DEFAULT",false,true
"10051c78","DAT_10051c78","Global","Label","DEFAULT",false,true
"10051c80","DAT_10051c80","Global","Label","DEFAULT",false,true
"10051c88","DAT_10051c88","Global","Label","DEFAULT",false,true
"10051d08","DAT_10051d08","Global","Label","DEFAULT",false,true
"10051e08","PTR_DAT_10051e08","Global","Label","DEFAULT",false,true
"10051e10","PTR_DAT_10051e10","Global","Label","DEFAULT",false,true
"10051e18","DAT_10051e18","Global","Label","DEFAULT",false,true
"10051e1c","DAT_10051e1c","Global","Label","DEFAULT",false,true
"10051e20","DAT_10051e20","Global","Label","DEFAULT",false,true
"10051e24","DAT_10051e24","Global","Label","DEFAULT",false,true
"10051e28","DAT_10051e28","Global","Label","DEFAULT",false,true
"10051e2c","DAT_10051e2c","Global","Label","DEFAULT",false,true
"10051e30","DAT_10051e30","Global","Label","DEFAULT",false,true
"10051e48","DAT_10051e48","Global","Label","DEFAULT",false,true
"10051e49","DAT_10051e49","Global","Label","DEFAULT",false,true
"10051f49","DAT_10051f49","Global","Label","DEFAULT",false,true
"10051f4a","DAT_10051f4a","Global","Label","DEFAULT",false,true
"10052050","DAT_10052050","Global","Label","DEFAULT",false,true
"10052158","DAT_10052158","Global","Label","DEFAULT",false,true
"10052258","DAT_10052258","Global","Label","DEFAULT",false,true
"10052259","DAT_10052259","Global","Label","DEFAULT",false,true
"10052260","DAT_10052260","Global","Label","DEFAULT",false,true
"10052290","DAT_10052290","Global","Label","DEFAULT",false,true
"10052294","DAT_10052294","Global","Label","DEFAULT",false,true
"10052296","DAT_10052296","Global","Label","DEFAULT",false,true
"100522a0","DAT_100522a0","Global","Label","DEFAULT",false,true
"100522a1","DAT_100522a1","Global","Label","DEFAULT",false,true
"100522a2","DAT_100522a2","Global","Label","DEFAULT",false,true
"100522a8","DAT_100522a8","Global","Label","DEFAULT",false,true
"100522a9","DAT_100522a9","Global","Label","DEFAULT",false,true
"100522aa","DAT_100522aa","Global","Label","DEFAULT",false,true
"100522ab","DAT_100522ab","Global","Label","DEFAULT",false,true
"100522b0","DAT_100522b0","Global","Label","DEFAULT",false,true
"10052350","DAT_10052350","Global","Label","DEFAULT",false,true
"10052360","RTTI_Type_Descriptor","std::exception","Label","IMPORTED",false,true
"1005237c","RTTI_Type_Descriptor","std::bad_array_new_length","Label","IMPORTED",false,true
"100523a4","RTTI_Type_Descriptor","std::bad_alloc","Label","IMPORTED",false,true
"100523c0","RTTI_Type_Descriptor","std::runtime_error","Label","IMPORTED",false,true
"100523e0","RTTI_Type_Descriptor","std::system_error","Label","IMPORTED",false,true
"10052400","RTTI_Type_Descriptor","std::_System_error","Label","IMPORTED",false,true
"10052420","RTTI_Type_Descriptor","std::bad_cast","Label","IMPORTED",false,true
"1005243c","RTTI_Type_Descriptor","std::ios_base::failure","Label","IMPORTED",false,true
"10052460","RTTI_Type_Descriptor","Concurrency::task_canceled","Label","IMPORTED",false,true
"10052488","RTTI_Type_Descriptor","Concurrency::invalid_operation","Label","IMPORTED",false,true
"100524b4","RTTI_Type_Descriptor","Concurrency::details::_Interruption_exception","Label","IMPORTED",false,true
"100524f0","RTTI_Type_Descriptor","std::future_error","Label","IMPORTED",false,true
"10052510","RTTI_Type_Descriptor","std::logic_error","Label","IMPORTED",false,true
"10052530","RTTI_Type_Descriptor","`class_std::function<unsigned_char___cdecl(void)>___cdecl_Concurrency::details::_MakeVoidToUnitFunc(std::function<void___cdecl(void)>_const&)'::__l2::<lambda_1>","Label","IMPORTED",false,true
"100525b0","RTTI_Type_Descriptor","`public:_void___thiscall_Concurrency::details::_Task_impl_base::_ScheduleContinuationTask(Concurrency::details::_ContinuationTaskHandleBase*)'::__l5::<lambda_1>","Label","IMPORTED",false,true
"10052638","RTTI_Type_Descriptor","`public:___thiscall_`public:_void___thiscall_Concurrency::details::_Task_impl_base::_ScheduleContinuationTask(Concurrency::details::_ContinuationTaskHandleBase*)'::`5'::<lambda_1>::operator()(void)const_'::__l8::<lambda_1>","Label","IMPORTED",false,true
"100526d0","RTTI_Type_Descriptor","`public:_virtual_bool___thiscall_Concurrency::details::_Task_impl<unsigned_char>::_CancelAndRunContinuations(bool,bool,bool,std::shared_ptr<Concurrency::details::_ExceptionHolder>_const&)'::__l34::<lambda_1>","Label","IMPORTED",false,true
"10052778","RTTI_Type_Descriptor","std::_Fake_no_copy_callable_adapter<`void___cdecl_CustomRPC::RecieveHandling(RPCParameters*)'::`2'::<lambda_1>_>","Label","IMPORTED",false,true
"100527f0","RTTI_Type_Descriptor","`public:___thiscall_std::_Task_async_state<void>::_Task_async_state<void><std::_Fake_no_copy_callable_adapter<`void___cdecl_CustomRPC::RecieveHandling(RPCParameters*)'::`2'::<lambda_1>_>_>(std::_Fake_no_copy_callable_adapter<`void___cdecl_CustomRPC::RecieveHandling(RPCParameters*)'::`2'::<lambda_1>_>&&)'::__l2::<lambda_1>","Label","IMPORTED",false,true
"1005290c","RTTI_Type_Descriptor","std::filesystem::filesystem_error","Label","IMPORTED",false,true
"1005293c","RTTI_Type_Descriptor","std::invalid_argument","Label","IMPORTED",false,true
"10052960","RTTI_Type_Descriptor","std::length_error","Label","IMPORTED",false,true
"10052980","RTTI_Type_Descriptor","std::out_of_range","Label","IMPORTED",false,true
"100529a0","RTTI_Type_Descriptor","std::bad_function_call","Label","IMPORTED",false,true
"100529c4","RTTI_Type_Descriptor","std::bad_exception","Label","IMPORTED",false,true
"100529e8","RTTI_Type_Descriptor","std::ios_base","Label","IMPORTED",false,true
"10052a04","RTTI_Type_Descriptor","std::_Iosb<int>","Label","IMPORTED",false,true
"10052a20","RTTI_Type_Descriptor","std::basic_ios<char,std::char_traits<char>_>","Label","IMPORTED",false,true
"10052a58","RTTI_Type_Descriptor","std::basic_streambuf<char,std::char_traits<char>_>","Label","IMPORTED",false,true
"10052a94","RTTI_Type_Descriptor","std::basic_istream<char,std::char_traits<char>_>","Label","IMPORTED",false,true
"10052ad0","RTTI_Type_Descriptor","std::basic_ostream<char,std::char_traits<char>_>","Label","IMPORTED",false,true
"10052b0c","RTTI_Type_Descriptor","std::basic_iostream<char,std::char_traits<char>_>","Label","IMPORTED",false,true
"10052b48","RTTI_Type_Descriptor","std::basic_filebuf<char,std::char_traits<char>_>","Label","IMPORTED",false,true
"10052b84","RTTI_Type_Descriptor","std::basic_fstream<char,std::char_traits<char>_>","Label","IMPORTED",false,true
"10052bc0","RTTI_Type_Descriptor","std::error_category","Label","IMPORTED",false,true
"10052be4","RTTI_Type_Descriptor","std::_Iostream_error_category2","Label","IMPORTED",false,true
"10052c10","RTTI_Type_Descriptor","std::_Facet_base","Label","IMPORTED",false,true
"10052c30","RTTI_Type_Descriptor","std::locale::facet","Label","IMPORTED",false,true
"10052c50","RTTI_Type_Descriptor","std::_Crt_new_delete","Label","IMPORTED",false,true
"10052c74","RTTI_Type_Descriptor","std::codecvt_base","Label","IMPORTED",false,true
"10052c94","RTTI_Type_Descriptor","std::ctype_base","Label","IMPORTED",false,true
"10052cb4","RTTI_Type_Descriptor","std::ctype<char>","Label","IMPORTED",false,true
"10052cd0","RTTI_Type_Descriptor","std::codecvt<char,char,_Mbstatet>","Label","IMPORTED",false,true
"10052d00","RTTI_Type_Descriptor","std::num_put<char,std::ostreambuf_iterator<char,std::char_traits<char>_>_>","Label","IMPORTED",false,true
"10052d54","RTTI_Type_Descriptor","std::numpunct<char>","Label","IMPORTED",false,true
"10052d74","RTTI_Type_Descriptor","std::_Generic_error_category","Label","IMPORTED",false,true
"10052da0","RTTI_Type_Descriptor","std::_Ref_count_base","Label","IMPORTED",false,true
"10052dc4","RTTI_Type_Descriptor","Concurrency::details::_RefCounter","Label","IMPORTED",false,true
"10052df8","RTTI_Type_Descriptor","Concurrency::details::_CancellationTokenRegistration","Label","IMPORTED",false,true
"10052e3c","RTTI_Type_Descriptor","Concurrency::details::_TaskProcHandle","Label","IMPORTED",false,true
"10052e70","RTTI_Type_Descriptor","std::_Func_base<void>","Label","IMPORTED",false,true
"10052e94","RTTI_Type_Descriptor","Concurrency::details::_Task_impl_base","Label","IMPORTED",false,true
"10052ec8","RTTI_Type_Descriptor","Concurrency::details::_CancellationTokenCallback<`public:_void___thiscall_Concurrency::details::_Task_impl_base::_RegisterCancellation(std::weak_ptr<Concurrency::details::_Task_impl_base>)'::`2'::<lambda_1>_>","Label","IMPORTED",false,true
"10052f94","RTTI_Type_Descriptor","std::_Func_base<unsigned_char>","Label","IMPORTED",false,true
"10052fb8","RTTI_Type_Descriptor","Concurrency::details::_Task_impl<unsigned_char>","Label","IMPORTED",false,true
"10052fec","RTTI_Type_Descriptor","std::_Future_error_category2","Label","IMPORTED",false,true
"10053018","RTTI_Type_Descriptor","std::_Associated_state<int>","Label","IMPORTED",false,true
"10053040","RTTI_Type_Descriptor","std::_Ref_count_obj2<Concurrency::details::_ExceptionHolder>","Label","IMPORTED",false,true
"10053090","RTTI_Type_Descriptor","std::_Func_impl_no_alloc<`public:___thiscall_`public:_void___thiscall_Concurrency::details::_Task_impl_base::_ScheduleContinuationTask(Concurrency::details::_ContinuationTaskHandleBase*)'::`5'::<lambda_1>::operator()(void)const_'::`8'::<lambda_1>,void>","Label","IMPORTED",false,true
"10053148","RTTI_Type_Descriptor","std::_Func_impl_no_alloc<`public:_void___thiscall_Concurrency::details::_Task_impl_base::_ScheduleContinuationTask(Concurrency::details::_ContinuationTaskHandleBase*)'::`5'::<lambda_1>,void>","Label","IMPORTED",false,true
"100531f0","RTTI_Type_Descriptor","std::_Func_impl_no_alloc<`class_std::function<unsigned_char___cdecl(void)>___cdecl_Concurrency::details::_MakeVoidToUnitFunc(std::function<void___cdecl(void)>_const&)'::`2'::<lambda_1>,unsigned_char>","Label","IMPORTED",false,true
"10053290","RTTI_Type_Descriptor","std::_Deferred_async_state<void>","Label","IMPORTED",false,true
"100532bc","RTTI_Type_Descriptor","std::_Packaged_state<void___cdecl(void)>","Label","IMPORTED",false,true
"100532ec","RTTI_Type_Descriptor","std::_Task_async_state<void>","Label","IMPORTED",false,true
"10053318","RTTI_Type_Descriptor","std::_Func_impl_no_alloc<`public:_virtual_bool___thiscall_Concurrency::details::_Task_impl<unsigned_char>::_CancelAndRunContinuations(bool,bool,bool,std::shared_ptr<Concurrency::details::_ExceptionHolder>_const&)'::`34'::<lambda_1>,void>","Label","IMPORTED",false,true
"100533e0","RTTI_Type_Descriptor","std::_Ref_count_obj2<Concurrency::details::_Task_impl<unsigned_char>_>","Label","IMPORTED",false,true
"10053430","RTTI_Type_Descriptor","std::_Func_impl_no_alloc<std::_Fake_no_copy_callable_adapter<`void___cdecl_CustomRPC::RecieveHandling(RPCParameters*)'::`2'::<lambda_1>_>,void>","Label","IMPORTED",false,true
"100534c8","RTTI_Type_Descriptor","Concurrency::task<unsigned_char>::_InitialTaskHandle<void,`public:___thiscall_std::_Task_async_state<void>::_Task_async_state<void><std::_Fake_no_copy_callable_adapter<`void___cdecl_CustomRPC::RecieveHandling(RPCParameters*)'::`2'::<lambda_1>_>_>(std::_Fake_no_copy_callable_adapter<`void___cdecl_CustomRPC::RecieveHandling(RPCParameters*)'::`2'::<lambda_1>_>&&)'::`2'::<lambda_1>,Concurrency::details::_TypeSelectorNoAsync>","Label","IMPORTED",false,true
"10053640","RTTI_Type_Descriptor","Concurrency::details::_PPLTaskHandle<unsigned_char,Concurrency::task<unsigned_char>::_InitialTaskHandle<void,`public:___thiscall_std::_Task_async_state<void>::_Task_async_state<void><std::_Fake_no_copy_callable_adapter<`void___cdecl_CustomRPC::RecieveHandling(RPCParameters*)'::`2'::<lambda_1>_>_>(std::_Fake_no_copy_callable_adapter<`void___cdecl_CustomRPC::RecieveHandling(RPCParameters*)'::`2'::<lambda_1>_>&&)'::`2'::<lambda_1>,Concurrency::details::_TypeSelectorNoAsync>,Concurrency::details::_TaskProcHandle>","Label","IMPORTED",false,true
"100537f8","RTTI_Type_Descriptor","std::_Func_impl_no_alloc<`public:___thiscall_std::_Task_async_state<void>::_Task_async_state<void><std::_Fake_no_copy_callable_adapter<`void___cdecl_CustomRPC::RecieveHandling(RPCParameters*)'::`2'::<lambda_1>_>_>(std::_Fake_no_copy_callable_adapter<`void___cdecl_CustomRPC::RecieveHandling(RPCParameters*)'::`2'::<lambda_1>_>&&)'::`2'::<lambda_1>,void>","Label","IMPORTED",false,true
"10053938","RTTI_Type_Descriptor","std::basic_stringbuf<char,std::char_traits<char>,std::allocator<char>_>","Label","IMPORTED",false,true
"10053988","RTTI_Type_Descriptor","std::basic_ostringstream<char,std::char_traits<char>,std::allocator<char>_>","Label","IMPORTED",false,true
"100539dc","RTTI_Type_Descriptor","std::ctype<wchar_t>","Label","IMPORTED",false,true
"10053a00","RTTI_Type_Descriptor","std::num_put<wchar_t,std::ostreambuf_iterator<wchar_t,std::char_traits<wchar_t>_>_>","Label","IMPORTED",false,true
"10053a58","RTTI_Type_Descriptor","std::numpunct<wchar_t>","Label","IMPORTED",false,true
"10053a78","RTTI_Type_Descriptor","std::basic_ofstream<char,std::char_traits<char>_>","Label","IMPORTED",false,true
"10053ab4","RTTI_Type_Descriptor","std::_System_error_category","Label","IMPORTED",false,true
"10053ae0","RTTI_Type_Descriptor","std::_Ref_count_obj2<std::filesystem::_Dir_enum_impl>","Label","IMPORTED",false,true
"10053b28","RTTI_Type_Descriptor","std::locale::_Locimp","Label","IMPORTED",false,true
"10053b4c","RTTI_Type_Descriptor","_anon_6E02EFE5::_ExceptionPtr_normal","Label","IMPORTED",false,true
"10053b80","RTTI_Type_Descriptor","_anon_6E02EFE5::_ExceptionPtr_static<std::bad_alloc>","Label","IMPORTED",false,true
"10053bc8","RTTI_Type_Descriptor","_anon_6E02EFE5::_ExceptionPtr_static<std::bad_exception>","Label","IMPORTED",false,true
"10053c10","RTTI_Type_Descriptor","std::basic_ios<wchar_t,std::char_traits<wchar_t>_>","Label","IMPORTED",false,true
"10053c48","RTTI_Type_Descriptor","std::basic_streambuf<wchar_t,std::char_traits<wchar_t>_>","Label","IMPORTED",false,true
"10053c88","RTTI_Type_Descriptor","std::basic_ostream<wchar_t,std::char_traits<wchar_t>_>","Label","IMPORTED",false,true
"10053cc4","RTTI_Type_Descriptor","std::basic_filebuf<wchar_t,std::char_traits<wchar_t>_>","Label","IMPORTED",false,true
"10053d00","RTTI_Type_Descriptor","std::codecvt<wchar_t,char,_Mbstatet>","Label","IMPORTED",false,true
"10053d2c","RTTI_Type_Descriptor","type_info","Label","IMPORTED",false,true
"10053d80","DAT_10053d80","Global","Label","DEFAULT",false,true
"10053d84","DAT_10053d84","Global","Label","DEFAULT",false,true
"10053d94","DAT_10053d94","Global","Label","DEFAULT",false,true
"10053d98","DAT_10053d98","Global","Label","DEFAULT",false,true
"10053d9c","DAT_10053d9c","Global","Label","DEFAULT",false,true
"10053da0","DAT_10053da0","Global","Label","DEFAULT",false,true
"10053da4","DAT_10053da4","Global","Label","DEFAULT",false,true
"10053da8","DAT_10053da8","Global","Label","DEFAULT",false,true
"10053dac","DAT_10053dac","Global","Label","DEFAULT",false,true
"10053db0","DAT_10053db0","Global","Label","DEFAULT",false,true
"10053db4","DAT_10053db4","Global","Label","DEFAULT",false,true
"10053db8","DAT_10053db8","Global","Label","DEFAULT",false,true
"10053dbc","DAT_10053dbc","Global","Label","DEFAULT",false,true
"10053dc0","DAT_10053dc0","Global","Label","DEFAULT",false,true
"10053dc4","DAT_10053dc4","Global","Label","DEFAULT",false,true
"10053dc8","DAT_10053dc8","Global","Label","DEFAULT",false,true
"10053dd0","DAT_10053dd0","Global","Label","DEFAULT",false,true
"10055dd0","DAT_10055dd0","Global","Label","DEFAULT",false,true
"10055dd4","DAT_10055dd4","Global","Label","DEFAULT",false,true
"10055dd8","DAT_10055dd8","Global","Label","DEFAULT",false,true
"10055ddc","DAT_10055ddc","Global","Label","DEFAULT",false,true
"10055de0","DAT_10055de0","Global","Label","DEFAULT",false,true
"10055de8","DAT_10055de8","Global","Label","DEFAULT",false,true
"10055df0","DAT_10055df0","Global","Label","DEFAULT",false,true
"10055df8","DAT_10055df8","Global","Label","DEFAULT",false,true
"10055dfc","DAT_10055dfc","Global","Label","DEFAULT",false,true
"10055e00","DAT_10055e00","Global","Label","DEFAULT",false,true
"10055e04","DAT_10055e04","Global","Label","DEFAULT",false,true
"10055e08","DAT_10055e08","Global","Label","DEFAULT",false,true
"10055e0c","DAT_10055e0c","Global","Label","DEFAULT",false,true
"10055e14","DAT_10055e14","Global","Label","DEFAULT",false,true
"10055e18","DAT_10055e18","Global","Label","DEFAULT",false,true
"10055e1c","DAT_10055e1c","Global","Label","DEFAULT",false,true
"10055e20","DAT_10055e20","Global","Label","DEFAULT",false,true
"10055e2c","DAT_10055e2c","Global","Label","DEFAULT",false,true
"10055e40","DAT_10055e40","Global","Label","DEFAULT",false,true
"10055e48","DAT_10055e48","Global","Label","DEFAULT",false,true
"10055e4c","DAT_10055e4c","Global","Label","DEFAULT",false,true
"10055e60","DAT_10055e60","Global","Label","DEFAULT",false,true
"10055e64","DAT_10055e64","Global","Label","DEFAULT",false,true
"10055e68","DAT_10055e68","Global","Label","DEFAULT",false,true
"10055e6c","DAT_10055e6c","Global","Label","DEFAULT",false,true
"10055e70","DAT_10055e70","Global","Label","DEFAULT",false,true
"10055e74","DAT_10055e74","Global","Label","DEFAULT",false,true
"10055e78","DAT_10055e78","Global","Label","DEFAULT",false,true
"10055e80","DAT_10055e80","Global","Label","DEFAULT",false,true
"10055e84","DAT_10055e84","Global","Label","DEFAULT",false,true
"10055eb8","DAT_10055eb8","Global","Label","DEFAULT",false,true
"10055ec0","DAT_10055ec0","Global","Label","DEFAULT",false,true
"10055ed0","DAT_10055ed0","Global","Label","DEFAULT",false,true
"10055f18","DAT_10055f18","Global","Label","DEFAULT",false,true
"10055f1c","DAT_10055f1c","Global","Label","DEFAULT",false,true
"10055f20","DAT_10055f20","Global","Label","DEFAULT",false,true
"10055f24","DAT_10055f24","Global","Label","DEFAULT",false,true
"10055f28","DAT_10055f28","Global","Label","DEFAULT",false,true
"10055f40","DAT_10055f40","Global","Label","DEFAULT",false,true
"10055f54","DAT_10055f54","Global","Label","DEFAULT",false,true
"10055f58","DAT_10055f58","Global","Label","DEFAULT",false,true
"10055f5c","DAT_10055f5c","Global","Label","DEFAULT",false,true
"10055f60","DAT_10055f60","Global","Label","DEFAULT",false,true
"10055f68","DAT_10055f68","Global","Label","DEFAULT",false,true
"10055f74","DAT_10055f74","Global","Label","DEFAULT",false,true
"10055f78","DAT_10055f78","Global","Label","DEFAULT",false,true
"10055f84","DAT_10055f84","Global","Label","DEFAULT",false,true
"10055f88","DAT_10055f88","Global","Label","DEFAULT",false,true
"10055f8c","DAT_10055f8c","Global","Label","DEFAULT",false,true
"10055f90","DAT_10055f90","Global","Label","DEFAULT",false,true
"10055f94","DAT_10055f94","Global","Label","DEFAULT",false,true
"10055f98","DAT_10055f98","Global","Label","DEFAULT",false,true
"10055f9c","DAT_10055f9c","Global","Label","DEFAULT",false,true
"10055fa0","DAT_10055fa0","Global","Label","DEFAULT",false,true
"10055fa4","DAT_10055fa4","Global","Label","DEFAULT",false,true
"10055fa8","DAT_10055fa8","Global","Label","DEFAULT",false,true
"10055fac","DAT_10055fac","Global","Label","DEFAULT",false,true
"10055fb0","DAT_10055fb0","Global","Label","DEFAULT",false,true
"10055fb4","DAT_10055fb4","Global","Label","DEFAULT",false,true
"10055fb8","DAT_10055fb8","Global","Label","DEFAULT",false,true
"10055fbc","DAT_10055fbc","Global","Label","DEFAULT",false,true
"10055fc0","DAT_10055fc0","Global","Label","DEFAULT",false,true
"10055fc4","DAT_10055fc4","Global","Label","DEFAULT",false,true
"10055fc8","DAT_10055fc8","Global","Label","DEFAULT",false,true
"10055fcc","DAT_10055fcc","Global","Label","DEFAULT",false,true
"10055fd0","DAT_10055fd0","Global","Label","DEFAULT",false,true
"10055fd8","DAT_10055fd8","Global","Label","DEFAULT",false,true
"10055fdc","?BaseModelsAddress@SSmpCore@@2KA","Global","Label","IMPORTED",false,false
"10055fdc","BaseModelsAddress","SSmpCore","Label","ANALYSIS",false,true
"10055fdc","Ordinal_1","Global","Label","IMPORTED",false,false
"10055fe0","DAT_10055fe0","Global","Label","DEFAULT",false,true
"10055fe4","DAT_10055fe4","Global","Label","DEFAULT",false,true
"10055fe8","DAT_10055fe8","Global","Label","DEFAULT",false,true
"10055fec","DAT_10055fec","Global","Label","DEFAULT",false,true
"10055ff0","DAT_10055ff0","Global","Label","DEFAULT",false,true
"10055ff4","DAT_10055ff4","Global","Label","DEFAULT",false,true
"10055ff8","DAT_10055ff8","Global","Label","DEFAULT",false,true
"10055ffc","DAT_10055ffc","Global","Label","DEFAULT",false,true
"10056000","DAT_10056000","Global","Label","DEFAULT",false,true
"10056004","DAT_10056004","Global","Label","DEFAULT",false,true
"10056008","DAT_10056008","Global","Label","DEFAULT",false,true
"1005600c","DAT_1005600c","Global","Label","DEFAULT",false,true
"10056010","?ModelPointers@SSmpCore@@2PAPAVCBaseModelInfo@@A","Global","Label","IMPORTED",false,false
"10056010","ModelPointers","SSmpCore","Label","ANALYSIS",false,true
"10056010","Ordinal_2","Global","Label","IMPORTED",false,false
"10056014","DAT_10056014","Global","Label","DEFAULT",false,true
"10056018","DAT_10056018","Global","Label","DEFAULT",false,true
"1005601c","DAT_1005601c","Global","Label","DEFAULT",false,true
"100567f0","DAT_100567f0","Global","Label","DEFAULT",false,true
"10056ff4","DAT_10056ff4","Global","Label","DEFAULT",false,true
"10056ff8","DAT_10056ff8","Global","Label","DEFAULT",false,true
"10057318","DAT_10057318","Global","Label","DEFAULT",false,true
"1005731c","DAT_1005731c","Global","Label","DEFAULT",false,true
"10057320","DAT_10057320","Global","Label","DEFAULT",false,true
"10057324","DAT_10057324","Global","Label","DEFAULT",false,true
"10057328","DAT_10057328","Global","Label","DEFAULT",false,true
"10057390","DAT_10057390","Global","Label","DEFAULT",false,true
"100573e4","DAT_100573e4","Global","Label","DEFAULT",false,true
"100573e8","DAT_100573e8","Global","Label","DEFAULT",false,true
"100573f0","DAT_100573f0","Global","Label","DEFAULT",false,true
"100573fc","DAT_100573fc","Global","Label","DEFAULT",false,true
"10057400","DAT_10057400","Global","Label","DEFAULT",false,true
"10057404","DAT_10057404","Global","Label","DEFAULT",false,true
"10057408","DAT_10057408","Global","Label","DEFAULT",false,true
"1005740c","DAT_1005740c","Global","Label","DEFAULT",false,true
"10057410","DAT_10057410","Global","Label","DEFAULT",false,true
"10057414","DAT_10057414","Global","Label","DEFAULT",false,true
"10057418","DAT_10057418","Global","Label","DEFAULT",false,true
"1005741c","DAT_1005741c","Global","Label","DEFAULT",false,true
"10057420","DAT_10057420","Global","Label","DEFAULT",false,true
"10057424","DAT_10057424","Global","Label","DEFAULT",false,true
"10057428","DAT_10057428","Global","Label","DEFAULT",false,true
"1005742c","DAT_1005742c","Global","Label","DEFAULT",false,true
"10057430","DAT_10057430","Global","Label","DEFAULT",false,true
"10057434","DAT_10057434","Global","Label","DEFAULT",false,true
"10057438","DAT_10057438","Global","Label","DEFAULT",false,true
"1005743c","DAT_1005743c","Global","Label","DEFAULT",false,true
"10057440","DAT_10057440","Global","Label","DEFAULT",false,true
"10057444","DAT_10057444","Global","Label","DEFAULT",false,true
"10057478","DAT_10057478","Global","Label","DEFAULT",false,true
"1005747c","DAT_1005747c","Global","Label","DEFAULT",false,true
"10057480","DAT_10057480","Global","Label","DEFAULT",false,true
"10057488","DAT_10057488","Global","Label","DEFAULT",false,true
"1005748c","DAT_1005748c","Global","Label","DEFAULT",false,true
"10057490","DAT_10057490","Global","Label","DEFAULT",false,true
"10057494","DAT_10057494","Global","Label","DEFAULT",false,true
"100574a0","DAT_100574a0","Global","Label","DEFAULT",false,true
"100574a4","DAT_100574a4","Global","Label","DEFAULT",false,true
"100574a8","DAT_100574a8","Global","Label","DEFAULT",false,true
"100574ac","DAT_100574ac","Global","Label","DEFAULT",false,true
"100574b0","DAT_100574b0","Global","Label","DEFAULT",false,true
"100574b4","DAT_100574b4","Global","Label","DEFAULT",false,true
"100574b8","DAT_100574b8","Global","Label","DEFAULT",false,true
"100574c0","DAT_100574c0","Global","Label","DEFAULT",false,true
"100574c8","DAT_100574c8","Global","Label","DEFAULT",false,true
"100574e0","DAT_100574e0","Global","Label","DEFAULT",false,true
"10057588","DAT_10057588","Global","Label","DEFAULT",false,true
"10057590","DAT_10057590","Global","Label","DEFAULT",false,true
"10057594","DAT_10057594","Global","Label","DEFAULT",false,true
"1005759c","DAT_1005759c","Global","Label","DEFAULT",false,true
"100575a4","DAT_100575a4","Global","Label","DEFAULT",false,true
"100575a8","DAT_100575a8","Global","Label","DEFAULT",false,true
"100575ac","DAT_100575ac","Global","Label","DEFAULT",false,true
"100575b0","DAT_100575b0","Global","Label","DEFAULT",false,true
"100575b4","DAT_100575b4","Global","Label","DEFAULT",false,true
"100575b8","DAT_100575b8","Global","Label","DEFAULT",false,true
"100575bc","DAT_100575bc","Global","Label","DEFAULT",false,true
"100575c0","DAT_100575c0","Global","Label","DEFAULT",false,true
"100575cc","DAT_100575cc","Global","Label","DEFAULT",false,true
"100575d0","DAT_100575d0","Global","Label","DEFAULT",false,true
"100575d4","DAT_100575d4","Global","Label","DEFAULT",false,true
"100575f0","DAT_100575f0","Global","Label","DEFAULT",false,true
"100575f2","DAT_100575f2","Global","Label","DEFAULT",false,true
"100575f3","DAT_100575f3","Global","Label","DEFAULT",false,true
"10057600","DAT_10057600","Global","Label","DEFAULT",false,true
"10057601","DAT_10057601","Global","Label","DEFAULT",false,true
"10057608","DAT_10057608","Global","Label","DEFAULT",false,true
"10057658","DAT_10057658","Global","Label","DEFAULT",false,true
"100576b0","DAT_100576b0","Global","Label","DEFAULT",false,true
"100576b4","DAT_100576b4","Global","Label","DEFAULT",false,true
"100576b8","DAT_100576b8","Global","Label","DEFAULT",false,true
"100576bc","DAT_100576bc","Global","Label","DEFAULT",false,true
"100576c0","DAT_100576c0","Global","Label","DEFAULT",false,true
"10057840","DAT_10057840","Global","Label","DEFAULT",false,true
"10057844","DAT_10057844","Global","Label","DEFAULT",false,true
"10057848","DAT_10057848","Global","Label","DEFAULT",false,true
"10057849","DAT_10057849","Global","Label","DEFAULT",false,true
"1005784c","DAT_1005784c","Global","Label","DEFAULT",false,true
"10057850","DAT_10057850","Global","Label","DEFAULT",false,true
"10057880","DAT_10057880","Global","Label","DEFAULT",false,true
"10057881","DAT_10057881","Global","Label","DEFAULT",false,true
"10057888","DAT_10057888","Global","Label","DEFAULT",false,true
"100578d8","DAT_100578d8","Global","Label","DEFAULT",false,true
"10057910","DAT_10057910","Global","Label","DEFAULT",false,true
"10057916","DAT_10057916","Global","Label","DEFAULT",false,true
"10057918","DAT_10057918","Global","Label","DEFAULT",false,true
"1005791c","DAT_1005791c","Global","Label","DEFAULT",false,true
"10057920","DAT_10057920","Global","Label","DEFAULT",false,true
"10057924","DAT_10057924","Global","Label","DEFAULT",false,true
"10057930","DAT_10057930","Global","Label","DEFAULT",false,true
"10057934","DAT_10057934","Global","Label","DEFAULT",false,true
"10057938","DAT_10057938","Global","Label","DEFAULT",false,true
"10057940","DAT_10057940","Global","Label","DEFAULT",false,true
"10057948","DAT_10057948","Global","Label","DEFAULT",false,true
"1005794c","DAT_1005794c","Global","Label","DEFAULT",false,true
"1005b940","DAT_1005b940","Global","Label","DEFAULT",false,true
"1005b944","DAT_1005b944","Global","Label","DEFAULT",false,true
"1005b948","DAT_1005b948","Global","Label","DEFAULT",false,true
"1005b94c","DAT_1005b94c","Global","Label","DEFAULT",false,true
"1005b950","DAT_1005b950","Global","Label","DEFAULT",false,true
"1005b954","DAT_1005b954","Global","Label","DEFAULT",false,true
"1005b95c","DAT_1005b95c","Global","Label","DEFAULT",false,true
"1005b960","DAT_1005b960","Global","Label","DEFAULT",false,true
"1005b964","DAT_1005b964","Global","Label","DEFAULT",false,true
"1005b96c","DAT_1005b96c","Global","Label","DEFAULT",false,true
"1005b970","DAT_1005b970","Global","Label","DEFAULT",false,true
"1005b974","DAT_1005b974","Global","Label","DEFAULT",false,true
"1005b97c","DAT_1005b97c","Global","Label","DEFAULT",false,true
"1005b97d","DAT_1005b97d","Global","Label","DEFAULT",false,true
"1005b9a4","DAT_1005b9a4","Global","Label","DEFAULT",false,true
"1005b9a8","DAT_1005b9a8","Global","Label","DEFAULT",false,true
"1005ba18","DAT_1005ba18","Global","Label","DEFAULT",false,true
"1005ba1c","DAT_1005ba1c","Global","Label","DEFAULT",false,true
"1005ba20","DAT_1005ba20","Global","Label","DEFAULT",false,true
"1005ba21","DAT_1005ba21","Global","Label","DEFAULT",false,true
"1005ba24","DAT_1005ba24","Global","Label","DEFAULT",false,true
"1005ba28","DAT_1005ba28","Global","Label","DEFAULT",false,true
"1005ba2c","DAT_1005ba2c","Global","Label","DEFAULT",false,true
"1005ba30","DAT_1005ba30","Global","Label","DEFAULT",false,true
"1005ba34","DAT_1005ba34","Global","Label","DEFAULT",false,true
"1005ba38","DAT_1005ba38","Global","Label","DEFAULT",false,true
"1005ba3c","DAT_1005ba3c","Global","Label","DEFAULT",false,true
"1005ba40","DAT_1005ba40","Global","Label","DEFAULT",false,true
"1005ba44","_tls_index","Global","Label","IMPORTED",false,true
"1005ba48","DAT_1005ba48","Global","Label","DEFAULT",false,true
"1005ba4c","DAT_1005ba4c","Global","Label","DEFAULT",false,true
"1005ba54","DAT_1005ba54","Global","Label","DEFAULT",false,true
"1005ba58","DAT_1005ba58","Global","Label","DEFAULT",false,true
"1005ba5c","DAT_1005ba5c","Global","Label","DEFAULT",false,true
"1005ba98","DAT_1005ba98","Global","Label","DEFAULT",false,true
"1005bb24","DAT_1005bb24","Global","Label","DEFAULT",false,true
"1005bb28","DAT_1005bb28","Global","Label","DEFAULT",false,true
"1005bb2c","DAT_1005bb2c","Global","Label","DEFAULT",false,true
"1005bb30","DAT_1005bb30","Global","Label","DEFAULT",false,true
"1005bb34","DAT_1005bb34","Global","Label","DEFAULT",false,true
"1005bb38","DAT_1005bb38","Global","Label","DEFAULT",false,true
"1005bb3c","DAT_1005bb3c","Global","Label","DEFAULT",false,true
"1005bb40","DAT_1005bb40","Global","Label","DEFAULT",false,true
"1005bb44","DAT_1005bb44","Global","Label","DEFAULT",false,true
"1005bb48","DAT_1005bb48","Global","Label","DEFAULT",false,true
"1005bb4c","DAT_1005bb4c","Global","Label","DEFAULT",false,true
"1005bb50","DAT_1005bb50","Global","Label","DEFAULT",false,true
"1005bb54","DAT_1005bb54","Global","Label","DEFAULT",false,true
"1005bb58","DAT_1005bb58","Global","Label","DEFAULT",false,true
"1005bb5c","DAT_1005bb5c","Global","Label","DEFAULT",false,true
"1005bb60","DAT_1005bb60","Global","Label","DEFAULT",false,true
"1005bd64","DAT_1005bd64","Global","Label","DEFAULT",false,true
"1005bd68","DAT_1005bd68","Global","Label","DEFAULT",false,true
"1005bd6c","DAT_1005bd6c","Global","Label","DEFAULT",false,true
"1005bd70","DAT_1005bd70","Global","Label","DEFAULT",false,true
"1005bd74","DAT_1005bd74","Global","Label","DEFAULT",false,true
"1005bd78","DAT_1005bd78","Global","Label","DEFAULT",false,true
"1005bd80","DAT_1005bd80","Global","Label","DEFAULT",false,true
"1005bd84","DAT_1005bd84","Global","Label","DEFAULT",false,true
"1005bd98","DAT_1005bd98","Global","Label","DEFAULT",false,true
"1005bdac","DAT_1005bdac","Global","Label","DEFAULT",false,true
"1005bdb0","DAT_1005bdb0","Global","Label","DEFAULT",false,true
"1005bdc8","DAT_1005bdc8","Global","Label","DEFAULT",false,true
"1005bdcc","DAT_1005bdcc","Global","Label","DEFAULT",false,true
"1005bdd8","DAT_1005bdd8","Global","Label","DEFAULT",false,true
"1005bdec","DAT_1005bdec","Global","Label","DEFAULT",false,true
"1005bdf0","DAT_1005bdf0","Global","Label","DEFAULT",false,true
"1005bdf4","DAT_1005bdf4","Global","Label","DEFAULT",false,true
"1005bdf8","DAT_1005bdf8","Global","Label","DEFAULT",false,true
"1005bdfc","DAT_1005bdfc","Global","Label","DEFAULT",false,true
"1005be00","DAT_1005be00","Global","Label","DEFAULT",false,true
"1005be08","DAT_1005be08","Global","Label","DEFAULT",false,true
"1005be20","DAT_1005be20","Global","Label","DEFAULT",false,true
"1005bf58","DAT_1005bf58","Global","Label","DEFAULT",false,true
"1005bf5c","DAT_1005bf5c","Global","Label","DEFAULT",false,true
"1005bf60","DAT_1005bf60","Global","Label","DEFAULT",false,true
"1005bf64","DAT_1005bf64","Global","Label","DEFAULT",false,true
"1005bf68","DAT_1005bf68","Global","Label","DEFAULT",false,true
"1005c070","DAT_1005c070","Global","Label","DEFAULT",false,true
"1005c074","DAT_1005c074","Global","Label","DEFAULT",false,true
"1005c078","DAT_1005c078","Global","Label","DEFAULT",false,true
"1005c07c","DAT_1005c07c","Global","Label","DEFAULT",false,true
"1005c080","DAT_1005c080","Global","Label","DEFAULT",false,true
"1005c08c","DAT_1005c08c","Global","Label","DEFAULT",false,true
"1005c098","DAT_1005c098","Global","Label","DEFAULT",false,true
"1005c09c","DAT_1005c09c","Global","Label","DEFAULT",false,true
"1005c0a0","DAT_1005c0a0","Global","Label","DEFAULT",false,true
"1005c0a4","DAT_1005c0a4","Global","Label","DEFAULT",false,true
"1005c0a8","DAT_1005c0a8","Global","Label","DEFAULT",false,true
"1005c0ac","DAT_1005c0ac","Global","Label","DEFAULT",false,true
"1005c100","DAT_1005c100","Global","Label","DEFAULT",false,true
"1005c104","DAT_1005c104","Global","Label","DEFAULT",false,true
"1005c18c","DAT_1005c18c","Global","Label","DEFAULT",false,true
"1005c190","DAT_1005c190","Global","Label","DEFAULT",false,true
"1005c194","DAT_1005c194","Global","Label","DEFAULT",false,true
"1005c390","DAT_1005c390","Global","Label","DEFAULT",false,true
"1005c394","DAT_1005c394","Global","Label","DEFAULT",false,true
"1005c398","DAT_1005c398","Global","Label","DEFAULT",false,true
"1005c39c","DAT_1005c39c","Global","Label","DEFAULT",false,true
"1005c3a0","DAT_1005c3a0","Global","Label","DEFAULT",false,true
"1005c3a4","DAT_1005c3a4","Global","Label","DEFAULT",false,true
"1005c3a8","DAT_1005c3a8","Global","Label","DEFAULT",false,true
"1005c3ac","DAT_1005c3ac","Global","Label","DEFAULT",false,true
"1005c3b0","DAT_1005c3b0","Global","Label","DEFAULT",false,true
"1005c3b4","DAT_1005c3b4","Global","Label","DEFAULT",false,true
"1005c3b8","DAT_1005c3b8","Global","Label","DEFAULT",false,true
"1005c3bc","DAT_1005c3bc","Global","Label","DEFAULT",false,true
"1005c3d8","DAT_1005c3d8","Global","Label","DEFAULT",false,true
"1005c3dc","DAT_1005c3dc","Global","Label","DEFAULT",false,true
"1005c3e0","DAT_1005c3e0","Global","Label","DEFAULT",false,true
"1005c3e4","DAT_1005c3e4","Global","Label","DEFAULT",false,true
"1005c3e8","DAT_1005c3e8","Global","Label","DEFAULT",false,true
"1005c3ec","DAT_1005c3ec","Global","Label","DEFAULT",false,true
"1005c3f0","DAT_1005c3f0","Global","Label","DEFAULT",false,true
"1005c3f4","DAT_1005c3f4","Global","Label","DEFAULT",false,true
"1005c3f8","DAT_1005c3f8","Global","Label","DEFAULT",false,true
"1005c3fc","DAT_1005c3fc","Global","Label","DEFAULT",false,true
"1005c43c","DAT_1005c43c","Global","Label","DEFAULT",false,true
"1005c43e","DAT_1005c43e","Global","Label","DEFAULT",false,true
"1005c440","DAT_1005c440","Global","Label","DEFAULT",false,true
"1005c442","DAT_1005c442","Global","Label","DEFAULT",false,true
"1005c444","DAT_1005c444","Global","Label","DEFAULT",false,true
"1005c446","DAT_1005c446","Global","Label","DEFAULT",false,true
"1005c448","DAT_1005c448","Global","Label","DEFAULT",false,true
"1005c44a","DAT_1005c44a","Global","Label","DEFAULT",false,true
"1005c44c","DAT_1005c44c","Global","Label","DEFAULT",false,true
"1005c450","DAT_1005c450","Global","Label","DEFAULT",false,true
"1005c490","DAT_1005c490","Global","Label","DEFAULT",false,true
"1005c492","DAT_1005c492","Global","Label","DEFAULT",false,true
"1005c494","DAT_1005c494","Global","Label","DEFAULT",false,true
"1005c496","DAT_1005c496","Global","Label","DEFAULT",false,true
"1005c498","DAT_1005c498","Global","Label","DEFAULT",false,true
"1005c49a","DAT_1005c49a","Global","Label","DEFAULT",false,true
"1005c49c","DAT_1005c49c","Global","Label","DEFAULT",false,true
"1005c49e","DAT_1005c49e","Global","Label","DEFAULT",false,true
"1005c4a0","DAT_1005c4a0","Global","Label","DEFAULT",false,true
"1005c4a4","DAT_1005c4a4","Global","Label","DEFAULT",false,true
"1005c4a8","DAT_1005c4a8","Global","Label","DEFAULT",false,true
"1005c4ac","DAT_1005c4ac","Global","Label","DEFAULT",false,true
"1005c4b0","DAT_1005c4b0","Global","Label","DEFAULT",false,true
"1005c4b4","DAT_1005c4b4","Global","Label","DEFAULT",false,true
"1005c4b8","DAT_1005c4b8","Global","Label","DEFAULT",false,true
"1005c4bc","DAT_1005c4bc","Global","Label","DEFAULT",false,true
"1005c4c0","DAT_1005c4c0","Global","Label","DEFAULT",false,true
"1005c4c8","DAT_1005c4c8","Global","Label","DEFAULT",false,true
"1005c4cc","DAT_1005c4cc","Global","Label","DEFAULT",false,true
"1005c4d0","DAT_1005c4d0","Global","Label","DEFAULT",false,true
"1005c4d4","DAT_1005c4d4","Global","Label","DEFAULT",false,true
"1005c4d8","DAT_1005c4d8","Global","Label","DEFAULT",false,true
"1005c4dc","DAT_1005c4dc","Global","Label","DEFAULT",false,true
"1005c4e0","DAT_1005c4e0","Global","Label","DEFAULT",false,true
"1005c4e4","DAT_1005c4e4","Global","Label","DEFAULT",false,true
"1005c4e8","DAT_1005c4e8","Global","Label","DEFAULT",false,true
"1005c4ec","DAT_1005c4ec","Global","Label","DEFAULT",false,true
"1005c4ee","DAT_1005c4ee","Global","Label","DEFAULT",false,true
"1005c4f0","DAT_1005c4f0","Global","Label","DEFAULT",false,true
"1005c4f4","DAT_1005c4f4","Global","Label","DEFAULT",false,true
"1005c4fc","DAT_1005c4fc","Global","Label","DEFAULT",false,true
"1005c500","DAT_1005c500","Global","Label","DEFAULT",false,true
"1005c504","DAT_1005c504","Global","Label","DEFAULT",false,true
"1005c508","DAT_1005c508","Global","Label","DEFAULT",false,true
"1005c50c","DAT_1005c50c","Global","Label","DEFAULT",false,true
"1005c510","DAT_1005c510","Global","Label","DEFAULT",false,true
"1005d000","IMAGE_RESOURCE_DIRECTORY_1005d000","Global","Label","DEFAULT",false,true
"1005d810","Rsrc_RC_Data_PROTECT-BINARY_409","Global","Label","IMPORTED",false,true
"1005d910","Rsrc_RC_Data_DATA\MAPS\INTERIOR\PROPS.IDE_409","Global","Label","IMPORTED",false,true
"10063fe8","Rsrc_RC_Data_DATA\MAPS\LA\LAN2.IDE_409","Global","Label","IMPORTED",false,true
"10066538","Rsrc_RC_Data_DATA\MAPS\LA\LAW2.IDE_409","Global","Label","IMPORTED",false,true
"10069070","Rsrc_RC_Data_DATA\MAPS\LA\LAXREF.IDE_409","Global","Label","IMPORTED",false,true
"1006b960","Rsrc_RC_Data_DATA\PATHS\TRACKS2.DAT_409","Global","Label","IMPORTED",false,true
"1006b968","Rsrc_RC_Data_DATA\PATHS\TRACKS4.DAT_409","Global","Label","IMPORTED",false,true
"1006b970","Rsrc_RC_Data_DATA\AR_STATS.DAT_409","Global","Label","IMPORTED",false,true
"1006c740","Rsrc_RC_Data_DATA\DEFAULT.DAT_409","Global","Label","IMPORTED",false,true
"1006cbc8","Rsrc_RC_Data_DATA\DEFAULT.IDE_409","Global","Label","IMPORTED",false,true
"1006d018","Rsrc_RC_Data_DATA\GTA.DAT_409","Global","Label","IMPORTED",false,true
"10072cf8","Rsrc_RC_Data_DATA\GTASA_WEAPON_CONFIG.DAT_409","Global","Label","IMPORTED",false,true
"10085370","Rsrc_RC_Data_DATA\MELEE.DAT_409","Global","Label","IMPORTED",false,true
"10086c18","Rsrc_RC_Data_DATA\PED.DAT_409","Global","Label","IMPORTED",false,true
"10087118","Rsrc_RC_Data_DATA\SHOPPING.DAT_409","Global","Label","IMPORTED",false,true
"10092838","Rsrc_RC_Data_DATA\SURFACE.DAT_409","Global","Label","IMPORTED",false,true
"10092a78","Rsrc_RC_Data_DATA\PEDS.IDE_409","Global","Label","IMPORTED",false,true
"100c8608","Rsrc_RC_Data_DATA\CARMODS.DAT_409","Global","Label","IMPORTED",false,true
"100d19e8","Rsrc_RC_Data_DATA\VEHICLES.IDE_409","Global","Label","IMPORTED",false,true
"1010b478","Rsrc_RC_Data_HANDLING.CFG_409","Global","Label","IMPORTED",false,true
"101475e8","Rsrc_RC_Data_DATA\CARCOLS.DAT_409","Global","Label","IMPORTED",false,true
"1015a498","Rsrc_RC_Data_LOADSCS.TXD_409","Global","Label","IMPORTED",false,true
"10257740","Rsrc_RC_Data_STREAM.INI_409","Global","Label","IMPORTED",false,true
"10257810","Rsrc_Manifest_2_409","Global","Label","IMPORTED",false,true
"10258000","IMAGE_BASE_RELOCATION_10258000","Global","Label","DEFAULT",false,true
"EXTERNAL:00000001","MH_Initialize","MINHOOK.X86.DLL","Function","IMPORTED",true,true
"EXTERNAL:00000002","MH_CreateHook","MINHOOK.X86.DLL","Function","IMPORTED",true,true
"EXTERNAL:00000003","MH_EnableHook","MINHOOK.X86.DLL","Function","IMPORTED",true,true
"EXTERNAL:00000004","SetEndOfFile","KERNEL32.DLL","Function","IMPORTED",true,true
"EXTERNAL:00000005","WriteConsoleW","KERNEL32.DLL","Function","IMPORTED",true,true
"EXTERNAL:00000006","HeapSize","KERNEL32.DLL","Function","IMPORTED",true,true
"EXTERNAL:00000007","SetStdHandle","KERNEL32.DLL","Function","IMPORTED",true,true
"EXTERNAL:00000008","VirtualProtect","KERNEL32.DLL","Function","IMPORTED",true,true
"EXTERNAL:00000009","Sleep","KERNEL32.DLL","Function","IMPORTED",true,true
"EXTERNAL:0000000a","GetTickCount","KERNEL32.DLL","Function","IMPORTED",true,true
"EXTERNAL:0000000b","GetModuleHandleA","KERNEL32.DLL","Function","IMPORTED",true,true
"EXTERNAL:0000000c","GetCurrentProcess","KERNEL32.DLL","Function","IMPORTED",true,true
"EXTERNAL:0000000d","K32GetProcessMemoryInfo","KERNEL32.DLL","Function","IMPORTED",true,true
"EXTERNAL:0000000e","CreateFileA","KERNEL32.DLL","Function","IMPORTED",true,true
"EXTERNAL:0000000f","SetFilePointer","KERNEL32.DLL","Function","IMPORTED",true,true
"EXTERNAL:00000010","WriteFile","KERNEL32.DLL","Function","IMPORTED",true,true
"EXTERNAL:00000011","GetTempPathA","KERNEL32.DLL","Function","IMPORTED",true,true
"EXTERNAL:00000012","GetTempFileNameA","KERNEL32.DLL","Function","IMPORTED",true,true
"EXTERNAL:00000013","LoadResource","KERNEL32.DLL","Function","IMPORTED",true,true
"EXTERNAL:00000014","LockResource","KERNEL32.DLL","Function","IMPORTED",true,true
"EXTERNAL:00000015","SizeofResource","KERNEL32.DLL","Function","IMPORTED",true,true
"EXTERNAL:00000016","LoadLibraryA","KERNEL32.DLL","Function","IMPORTED",true,true
"EXTERNAL:00000017","FindResourceA","KERNEL32.DLL","Function","IMPORTED",true,true
"EXTERNAL:00000018","GetModuleHandleExA","KERNEL32.DLL","Function","IMPORTED",true,true
"EXTERNAL:00000019","GetProcAddress","KERNEL32.DLL","Function","IMPORTED",true,true
"EXTERNAL:0000001a","FlushInstructionCache","KERNEL32.DLL","Function","IMPORTED",true,true
"EXTERNAL:0000001b","VirtualQuery","KERNEL32.DLL","Function","IMPORTED",true,true
"EXTERNAL:0000001c","TerminateProcess","KERNEL32.DLL","Function","IMPORTED",true,true
"EXTERNAL:0000001d","QueryPerformanceCounter","KERNEL32.DLL","Function","IMPORTED",true,true
"EXTERNAL:0000001e","QueryPerformanceFrequency","KERNEL32.DLL","Function","IMPORTED",true,true
"EXTERNAL:0000001f","GetProcessHeap","KERNEL32.DLL","Function","IMPORTED",true,true
"EXTERNAL:00000020","SetEnvironmentVariableW","KERNEL32.DLL","Function","IMPORTED",true,true
"EXTERNAL:00000021","FreeEnvironmentStringsW","KERNEL32.DLL","Function","IMPORTED",true,true
"EXTERNAL:00000022","GetEnvironmentStringsW","KERNEL32.DLL","Function","IMPORTED",true,true
"EXTERNAL:00000023","GetCommandLineW","KERNEL32.DLL","Function","IMPORTED",true,true
"EXTERNAL:00000024","GetCommandLineA","KERNEL32.DLL","Function","IMPORTED",true,true
"EXTERNAL:00000025","GetOEMCP","KERNEL32.DLL","Function","IMPORTED",true,true
"EXTERNAL:00000026","GetACP","KERNEL32.DLL","Function","IMPORTED",true,true
"EXTERNAL:00000027","ReleaseSRWLockExclusive","KERNEL32.DLL","Function","IMPORTED",true,true
"EXTERNAL:00000028","AcquireSRWLockExclusive","KERNEL32.DLL","Function","IMPORTED",true,true
"EXTERNAL:00000029","TryAcquireSRWLockExclusive","KERNEL32.DLL","Function","IMPORTED",true,true
"EXTERNAL:0000002a","SleepConditionVariableSRW","KERNEL32.DLL","Function","IMPORTED",true,true
"EXTERNAL:0000002b","GetCurrentThreadId","KERNEL32.DLL","Function","IMPORTED",true,true
"EXTERNAL:0000002c","FormatMessageA","KERNEL32.DLL","Function","IMPORTED",true,true
"EXTERNAL:0000002d","WideCharToMultiByte","KERNEL32.DLL","Function","IMPORTED",true,true
"EXTERNAL:0000002e","RaiseException","KERNEL32.DLL","Function","IMPORTED",true,true
"EXTERNAL:0000002f","InitOnceBeginInitialize","KERNEL32.DLL","Function","IMPORTED",true,true
"EXTERNAL:00000030","InitOnceComplete","KERNEL32.DLL","Function","IMPORTED",true,true
"EXTERNAL:00000031","WakeAllConditionVariable","KERNEL32.DLL","Function","IMPORTED",true,true
"EXTERNAL:00000032","GetLastError","KERNEL32.DLL","Function","IMPORTED",true,true
"EXTERNAL:00000033","FreeLibraryWhenCallbackReturns","KERNEL32.DLL","Function","IMPORTED",true,true
"EXTERNAL:00000034","CreateThreadpoolWork","KERNEL32.DLL","Function","IMPORTED",true,true
"EXTERNAL:00000035","SubmitThreadpoolWork","KERNEL32.DLL","Function","IMPORTED",true,true
"EXTERNAL:00000036","CloseThreadpoolWork","KERNEL32.DLL","Function","IMPORTED",true,true
"EXTERNAL:00000037","GetModuleHandleExW","KERNEL32.DLL","Function","IMPORTED",true,true
"EXTERNAL:00000038","IsProcessorFeaturePresent","KERNEL32.DLL","Function","IMPORTED",true,true
"EXTERNAL:00000039","CloseHandle","KERNEL32.DLL","Function","IMPORTED",true,true
"EXTERNAL:0000003a","WaitForSingleObjectEx","KERNEL32.DLL","Function","IMPORTED",true,true
"EXTERNAL:0000003b","GetExitCodeThread","KERNEL32.DLL","Function","IMPORTED",true,true
"EXTERNAL:0000003c","MultiByteToWideChar","KERNEL32.DLL","Function","IMPORTED",true,true
"EXTERNAL:0000003d","GetStringTypeW","KERNEL32.DLL","Function","IMPORTED",true,true
"EXTERNAL:0000003e","LocalFree","KERNEL32.DLL","Function","IMPORTED",true,true
"EXTERNAL:0000003f","GetLocaleInfoEx","KERNEL32.DLL","Function","IMPORTED",true,true
"EXTERNAL:00000040","GetModuleHandleW","KERNEL32.DLL","Function","IMPORTED",true,true
"EXTERNAL:00000041","CreateDirectoryW","KERNEL32.DLL","Function","IMPORTED",true,true
"EXTERNAL:00000042","CreateFileW","KERNEL32.DLL","Function","IMPORTED",true,true
"EXTERNAL:00000043","FindClose","KERNEL32.DLL","Function","IMPORTED",true,true
"EXTERNAL:00000044","FindFirstFileW","KERNEL32.DLL","Function","IMPORTED",true,true
"EXTERNAL:00000045","FindFirstFileExW","KERNEL32.DLL","Function","IMPORTED",true,true
"EXTERNAL:00000046","FindNextFileW","KERNEL32.DLL","Function","IMPORTED",true,true
"EXTERNAL:00000047","GetFileAttributesExW","KERNEL32.DLL","Function","IMPORTED",true,true
"EXTERNAL:00000048","AreFileApisANSI","KERNEL32.DLL","Function","IMPORTED",true,true
"EXTERNAL:00000049","GetFileInformationByHandleEx","KERNEL32.DLL","Function","IMPORTED",true,true
"EXTERNAL:0000004a","EnterCriticalSection","KERNEL32.DLL","Function","IMPORTED",true,true
"EXTERNAL:0000004b","LeaveCriticalSection","KERNEL32.DLL","Function","IMPORTED",true,true
"EXTERNAL:0000004c","InitializeCriticalSectionEx","KERNEL32.DLL","Function","IMPORTED",true,true
"EXTERNAL:0000004d","DeleteCriticalSection","KERNEL32.DLL","Function","IMPORTED",true,true
"EXTERNAL:0000004e","GetSystemTimeAsFileTime","KERNEL32.DLL","Function","IMPORTED",true,true
"EXTERNAL:0000004f","EncodePointer","KERNEL32.DLL","Function","IMPORTED",true,true
"EXTERNAL:00000050","DecodePointer","KERNEL32.DLL","Function","IMPORTED",true,true
"EXTERNAL:00000051","LCMapStringEx","KERNEL32.DLL","Function","IMPORTED",true,true
"EXTERNAL:00000052","GetCPInfo","KERNEL32.DLL","Function","IMPORTED",true,true
"EXTERNAL:00000053","UnhandledExceptionFilter","KERNEL32.DLL","Function","IMPORTED",true,true
"EXTERNAL:00000054","SetUnhandledExceptionFilter","KERNEL32.DLL","Function","IMPORTED",true,true
"EXTERNAL:00000055","IsDebuggerPresent","KERNEL32.DLL","Function","IMPORTED",true,true
"EXTERNAL:00000056","GetStartupInfoW","KERNEL32.DLL","Function","IMPORTED",true,true
"EXTERNAL:00000057","GetCurrentProcessId","KERNEL32.DLL","Function","IMPORTED",true,true
"EXTERNAL:00000058","InitializeSListHead","KERNEL32.DLL","Function","IMPORTED",true,true
"EXTERNAL:00000059","RtlUnwind","KERNEL32.DLL","Function","IMPORTED",true,true
"EXTERNAL:0000005a","InterlockedFlushSList","KERNEL32.DLL","Function","IMPORTED",true,true
"EXTERNAL:0000005b","SetLastError","KERNEL32.DLL","Function","IMPORTED",true,true
"EXTERNAL:0000005c","InitializeCriticalSectionAndSpinCount","KERNEL32.DLL","Function","IMPORTED",true,true
"EXTERNAL:0000005d","TlsAlloc","KERNEL32.DLL","Function","IMPORTED",true,true
"EXTERNAL:0000005e","TlsGetValue","KERNEL32.DLL","Function","IMPORTED",true,true
"EXTERNAL:0000005f","TlsSetValue","KERNEL32.DLL","Function","IMPORTED",true,true
"EXTERNAL:00000060","TlsFree","KERNEL32.DLL","Function","IMPORTED",true,true
"EXTERNAL:00000061","FreeLibrary","KERNEL32.DLL","Function","IMPORTED",true,true
"EXTERNAL:00000062","LoadLibraryExW","KERNEL32.DLL","Function","IMPORTED",true,true
"EXTERNAL:00000063","CreateThread","KERNEL32.DLL","Function","IMPORTED",true,true
"EXTERNAL:00000064","ExitThread","KERNEL32.DLL","Function","IMPORTED",true,true
"EXTERNAL:00000065","FreeLibraryAndExitThread","KERNEL32.DLL","Function","IMPORTED",true,true
"EXTERNAL:00000066","ExitProcess","KERNEL32.DLL","Function","IMPORTED",true,true
"EXTERNAL:00000067","GetModuleFileNameW","KERNEL32.DLL","Function","IMPORTED",true,true
"EXTERNAL:00000068","HeapAlloc","KERNEL32.DLL","Function","IMPORTED",true,true
"EXTERNAL:00000069","HeapFree","KERNEL32.DLL","Function","IMPORTED",true,true
"EXTERNAL:0000006a","CompareStringW","KERNEL32.DLL","Function","IMPORTED",true,true
"EXTERNAL:0000006b","LCMapStringW","KERNEL32.DLL","Function","IMPORTED",true,true
"EXTERNAL:0000006c","GetLocaleInfoW","KERNEL32.DLL","Function","IMPORTED",true,true
"EXTERNAL:0000006d","IsValidLocale","KERNEL32.DLL","Function","IMPORTED",true,true
"EXTERNAL:0000006e","GetUserDefaultLCID","KERNEL32.DLL","Function","IMPORTED",true,true
"EXTERNAL:0000006f","EnumSystemLocalesW","KERNEL32.DLL","Function","IMPORTED",true,true
"EXTERNAL:00000070","GetStdHandle","KERNEL32.DLL","Function","IMPORTED",true,true
"EXTERNAL:00000071","GetFileType","KERNEL32.DLL","Function","IMPORTED",true,true
"EXTERNAL:00000072","FlushFileBuffers","KERNEL32.DLL","Function","IMPORTED",true,true
"EXTERNAL:00000073","GetConsoleOutputCP","KERNEL32.DLL","Function","IMPORTED",true,true
"EXTERNAL:00000074","GetConsoleMode","KERNEL32.DLL","Function","IMPORTED",true,true
"EXTERNAL:00000075","ReadFile","KERNEL32.DLL","Function","IMPORTED",true,true
"EXTERNAL:00000076","GetFileSizeEx","KERNEL32.DLL","Function","IMPORTED",true,true
"EXTERNAL:00000077","SetFilePointerEx","KERNEL32.DLL","Function","IMPORTED",true,true
"EXTERNAL:00000078","ReadConsoleW","KERNEL32.DLL","Function","IMPORTED",true,true
"EXTERNAL:00000079","HeapReAlloc","KERNEL32.DLL","Function","IMPORTED",true,true
"EXTERNAL:0000007a","GetTimeZoneInformation","KERNEL32.DLL","Function","IMPORTED",true,true
"EXTERNAL:0000007b","IsValidCodePage","KERNEL32.DLL","Function","IMPORTED",true,true
"EXTERNAL:0000007c","PtInRect","USER32.DLL","Function","IMPORTED",true,true
"EXTERNAL:0000007d","ScreenToClient","USER32.DLL","Function","IMPORTED",true,true
"EXTERNAL:0000007e","GetCursorPos","USER32.DLL","Function","IMPORTED",true,true
"ffdff000","ExceptionList","Global","Label","ANALYSIS",false,true
"ffdff004","StackBase","Global","Label","ANALYSIS",false,true
"ffdff008","StackLimit","Global","Label","ANALYSIS",false,true
"ffdff00c","SubSystemTib","Global","Label","ANALYSIS",false,true
"ffdff010","FiberData","Global","Label","ANALYSIS",false,true
"ffdff014","ArbitraryUserPointer","Global","Label","ANALYSIS",false,true
"ffdff018","Self","Global","Label","ANALYSIS",false,true
"ffdff01c","EnvironmentPointer","Global","Label","ANALYSIS",false,true
"ffdff020","ClientId","Global","Label","ANALYSIS",false,true
"ffdff028","ActiveRpcHandle","Global","Label","ANALYSIS",false,true
"ffdff02c","ThreadLocalStoragePointer","Global","Label","ANALYSIS",false,true
"ffdff030","ProcessEnvironmentBlock","Global","Label","ANALYSIS",false,true
"ffdff034","LastErrorValue","Global","Label","ANALYSIS",false,true
"ffdff038","CountOfOwnedCriticalSections","Global","Label","ANALYSIS",false,true
"ffdff03c","CsrClientThread","Global","Label","ANALYSIS",false,true
"ffdff040","Win32ThreadInfo","Global","Label","ANALYSIS",false,true
"ffdff044","User32Reserved","Global","Label","ANALYSIS",false,true
"ffdff0ac","UserReserved","Global","Label","ANALYSIS",false,true
"ffdff0c0","WOW32Reserved","Global","Label","ANALYSIS",false,true
"ffdff0c4","CurrentLocale","Global","Label","ANALYSIS",false,true
"ffdff0c8","FpSoftwareStatusRegister","Global","Label","ANALYSIS",false,true
"ffdff0cc","SystemReserved1","Global","Label","ANALYSIS",false,true
"ffdff1a4","ExceptionCode","Global","Label","ANALYSIS",false,true
"ffdff1a8","ActivationContextStackPointer","Global","Label","ANALYSIS",false,true
"ffdff1ac","SpareBytes","Global","Label","ANALYSIS",false,true
"ffdff1d0","TxFsContext","Global","Label","ANALYSIS",false,true
"ffdff1d4","GdiTebBatch","Global","Label","ANALYSIS",false,true
"ffdff6b4","RealClientId","Global","Label","ANALYSIS",false,true
"ffdff6bc","GdiCachedProcessHandle","Global","Label","ANALYSIS",false,true
"ffdff6c0","GdiClientPID","Global","Label","ANALYSIS",false,true
"ffdff6c4","GdiCLientTID","Global","Label","ANALYSIS",false,true
"ffdff6c8","GdiThreadLocalInfo","Global","Label","ANALYSIS",false,true
"ffdff6cc","Win32ClientInfo","Global","Label","ANALYSIS",false,true
"ffdff7c4","glDispatchTable","Global","Label","ANALYSIS",false,true
"ffdffb68","glReserved1","Global","Label","ANALYSIS",false,true
"ffdffbdc","glReserved2","Global","Label","ANALYSIS",false,true
"ffdffbe0","glSectionInfo","Global","Label","ANALYSIS",false,true
"ffdffbe4","glSection","Global","Label","ANALYSIS",false,true
"ffdffbe8","glTable","Global","Label","ANALYSIS",false,true
"ffdffbec","glCurrentRC","Global","Label","ANALYSIS",false,true
"ffdffbf0","glContext","Global","Label","ANALYSIS",false,true
"ffdffbf4","LastStatusValue","Global","Label","ANALYSIS",false,true
"ffdffc00","StaticUnicodeBuffer","Global","Label","ANALYSIS",false,true
"ffdffe0c","DeallocationStack","Global","Label","ANALYSIS",false,true
"ffdffe10","TlsSlots","Global","Label","ANALYSIS",false,true
"ffdfff10","TlsLinks.Flink","Global","Label","ANALYSIS",false,true
"ffdfff14","TlsLinks.Blink","Global","Label","ANALYSIS",false,true
"ffdfff18","Vdm","Global","Label","ANALYSIS",false,true
"ffdfff1c","ReservedForNtRpc","Global","Label","ANALYSIS",false,true
"ffdfff20","DbgSsReserved","Global","Label","ANALYSIS",false,true
"ffdfff28","HardErrorMode","Global","Label","ANALYSIS",false,true
"ffdfff2c","Instrumentation","Global","Label","ANALYSIS",false,true
"ffdfff50","ActivityId","Global","Label","ANALYSIS",false,true
"ffdfff60","SubProcessTag","Global","Label","ANALYSIS",false,true
"ffdfff64","EtwLocalData","Global","Label","ANALYSIS",false,true
"ffdfff68","EtwTraceData","Global","Label","ANALYSIS",false,true
"ffdfff6c","WinSockData","Global","Label","ANALYSIS",false,true
"ffdfff70","GdiBatchCount","Global","Label","ANALYSIS",false,true
"ffdfff74","IdealProcessorValue","Global","Label","ANALYSIS",false,true
"ffdfff78","GuaranteedStackBytes","Global","Label","ANALYSIS",false,true
"ffdfff7c","ReservedForPerf","Global","Label","ANALYSIS",false,true
"ffdfff80","ReservedForOle","Global","Label","ANALYSIS",false,true
"ffdfff84","WaitingOnLoaderLock","Global","Label","ANALYSIS",false,true
"ffdfff88","SavedPriorityState","Global","Label","ANALYSIS",false,true
"ffdfff8c","SoftPatchPtr1","Global","Label","ANALYSIS",false,true
"ffdfff90","ThreadPoolData","Global","Label","ANALYSIS",false,true
"ffdfff94","TlsExpansionSlots","Global","Label","ANALYSIS",false,true
"ffdfff98","MuiGeneration","Global","Label","ANALYSIS",false,true
"ffdfff9c","IsImpersonating","Global","Label","ANALYSIS",false,true
"ffdfffa0","NlsCache","Global","Label","ANALYSIS",false,true
"ffdfffa4","pShimData","Global","Label","ANALYSIS",false,true
"ffdfffa8","HeapVirtualAffinity","Global","Label","ANALYSIS",false,true
"ffdfffac","CurrentTransactionHandle","Global","Label","ANALYSIS",false,true
"ffdfffb0","ActiveFrame","Global","Label","ANALYSIS",false,true
"ffdfffb4","FlsData","Global","Label","ANALYSIS",false,true
"ffdfffb8","PreferredLanguages","Global","Label","ANALYSIS",false,true
"ffdfffbc","UserPrefLanguages","Global","Label","ANALYSIS",false,true
"ffdfffc0","MergedPrefLanguages","Global","Label","ANALYSIS",false,true
"ffdfffc4","MuiImpersonation","Global","Label","ANALYSIS",false,true
"ffdfffc8","CrossTebFlags","Global","Label","ANALYSIS",false,true
"ffdfffca","SameTebFlags","Global","Label","ANALYSIS",false,true
"ffdfffcc","TxnScopeEnterCallback","Global","Label","ANALYSIS",false,true
"ffdfffd0","TxnScopeExitCallback","Global","Label","ANALYSIS",false,true
"ffdfffd4","TxnScopeContext","Global","Label","ANALYSIS",false,true
"ffdfffd8","LockCount","Global","Label","ANALYSIS",false,true
"ffdfffe0","ResourceRetValue","Global","Label","ANALYSIS",false,true
