entry,name,namespace,size,external,thunk,decompile_status
"100114c0","FUN_100114c0","Global",166,false,false,"ok"
"100115a0","FUN_100115a0","Global",114,false,false,"ok"
"100117c0","FUN_100117c0","Global",166,false,false,"ok"
"10011980","FUN_10011980","Global",194,false,false,"ok"
"10011a90","FUN_10011a90","Global",187,false,false,"ok"
"10011b50","FUN_10011b50","Global",166,false,false,"ok"
"10011c30","FUN_10011c30","Global",233,false,false,"ok"
"10011da0","FUN_10011da0","Global",233,false,false,"ok"
"10011eb0","FUN_10011eb0","Global",166,false,false,"ok"
"10012200","FUN_10012200","Global",120,false,false,"ok"
"10012280","FUN_10012280","Global",433,false,false,"ok"
"10012550","FUN_10012550","Global",36,false,false,"ok"
"10012574","FUN_10012574","Global",132,false,false,"ok"
"100125f8","FUN_100125f8","Global",341,false,false,"ok"
"1001274d","FUN_1001274d","Global",289,false,false,"ok"
"1001286e","FUN_1001286e","Global",139,false,false,"ok"
"100128f9","FUN_100128f9","Global",84,false,false,"ok"
"1001294d","FUN_1001294d","Global",210,false,false,"ok"
"10012a1f","FUN_10012a1f","Global",174,false,false,"ok"
"10012acd","FUN_10012acd","Global",45,false,false,"ok"
"10012afa","FUN_10012afa","Global",52,false,false,"ok"
"10012b2e","FUN_10012b2e","Global",339,false,false,"ok"
"10012c81","FUN_10012c81","Global",153,false,false,"ok"
"10012d1a","FUN_10012d1a","Global",18,false,false,"ok"
"10012d2c","FUN_10012d2c","Global",17,false,false,"ok"
"10012d3d","FUN_10012d3d","Global",43,false,false,"ok"
"10012d68","FUN_10012d68","Global",672,false,false,"ok"
"10013008","FUN_10013008","Global",111,false,false,"ok"
"10013077","FUN_10013077","Global",82,false,false,"ok"
"100130c9","FUN_100130c9","Global",43,false,false,"ok"
"100130f4","FUN_100130f4","Global",1388,false,false,"ok"
"10013660","FUN_10013660","Global",7,false,false,"ok"
"10013670","FUN_10013670","Global",11,false,false,"ok"
"10013680","FUN_10013680","Global",22,false,false,"ok"
"100136a0","guard_check_icall","Global",3,false,false,"ok"
"100136b0","FUN_100136b0","Global",304,false,false,"ok"
"100137e0","FUN_100137e0","Global",136,false,false,"ok"
"10013870","FUN_10013870","Global",87,false,false,"ok"
"100138d0","FUN_100138d0","Global",84,false,false,"ok"
"10013930","FUN_10013930","Global",21,false,false,"ok"
"10013950","FUN_10013950","Global",11,false,false,"ok"
"10013960","FUN_10013960","Global",11,false,false,"ok"
"10013970","FUN_10013970","Global",11,false,false,"ok"
"10013980","FUN_10013980","Global",11,false,false,"ok"
"10013990","FUN_10013990","Global",11,false,false,"ok"
"100139a0","FUN_100139a0","Global",11,false,false,"ok"
"100139b0","FUN_100139b0","Global",24,false,false,"ok"
"100139d0","FUN_100139d0","Global",11,false,false,"ok"
"100139e0","FUN_100139e0","Global",11,false,false,"ok"
"100139f0","FUN_100139f0","Global",11,false,false,"ok"
"10013a00","FUN_10013a00","Global",6,false,false,"ok"
"10013a10","FUN_10013a10","Global",6,false,false,"ok"
"10013a20","FUN_10013a20","Global",6,false,false,"ok"
"10013a30","FUN_10013a30","Global",8,false,false,"ok"
"10013a40","FUN_10013a40","Global",6,false,false,"ok"
"10013a50","FUN_10013a50","Global",45,false,false,"ok"
"10013a80","FUN_10013a80","Global",17,false,false,"ok"
"10013aa0","FUN_10013aa0","Global",14,false,false,"ok"
"10013ab0","FUN_10013ab0","Global",48,false,false,"ok"
"10013ae0","FUN_10013ae0","Global",24,false,false,"ok"
"10013b00","FUN_10013b00","Global",28,false,false,"ok"
"10013b20","FUN_10013b20","Global",51,false,false,"ok"
"10013b60","FUN_10013b60","Global",51,false,false,"ok"
"10013ba0","FUN_10013ba0","Global",10,false,false,"ok"
"10013bb0","FUN_10013bb0","Global",141,false,false,"ok"
"10013c40","FUN_10013c40","Global",22,false,false,"ok"
"10013c60","FUN_10013c60","Global",113,false,false,"ok"
"10013ce0","FUN_10013ce0","Global",3,false,false,"ok"
"10013cf0","FUN_10013cf0","Global",204,false,false,"ok"
"10013dc0","FUN_10013dc0","Global",42,false,false,"ok"
"10013df0","FUN_10013df0","Global",42,false,false,"ok"
"10013e20","FUN_10013e20","Global",76,false,false,"ok"
"10013e70","FUN_10013e70","Global",175,false,false,"ok"
"10013f20","FUN_10013f20","Global",175,false,false,"ok"
"10013fd0","FUN_10013fd0","Global",111,false,false,"ok"
"10014040","FUN_10014040","Global",84,false,false,"ok"
"100140a0","FUN_100140a0","Global",26,false,false,"ok"
"100140c0","FUN_100140c0","Global",245,false,false,"ok"
"100141c0","FUN_100141c0","Global",98,false,false,"ok"
"10014230","FUN_10014230","Global",48,false,false,"ok"
"10014260","FUN_10014260","Global",453,false,false,"ok"
"10014430","FUN_10014430","Global",63,false,false,"ok"
"10014470","FUN_10014470","Global",10,false,false,"ok"
"10014480","FUN_10014480","Global",64,false,false,"ok"
"100144d0","FUN_100144d0","Global",80,false,false,"ok"
"10014530","FUN_10014530","Global",306,false,false,"ok"
"10014670","FUN_10014670","Global",89,false,false,"ok"
"100146d0","FUN_100146d0","Global",11,false,false,"ok"
"100146e0","FUN_100146e0","Global",41,false,false,"ok"
"10014710","FUN_10014710","Global",11,false,false,"ok"
"10014720","FUN_10014720","Global",11,false,false,"ok"
"10014730","FUN_10014730","Global",7,false,false,"ok"
"10014740","FUN_10014740","Global",11,false,false,"ok"
"10014750","FUN_10014750","Global",11,false,false,"ok"
"10014760","FUN_10014760","Global",7,false,false,"ok"
"10014770","FUN_10014770","Global",7,false,false,"ok"
"10014780","FUN_10014780","Global",11,false,false,"ok"
"10014790","FUN_10014790","Global",7,false,false,"ok"
"100147a0","FUN_100147a0","Global",7,false,false,"ok"
"100147b0","FUN_100147b0","Global",30,false,false,"ok"
"100147d0","FUN_100147d0","Global",32,false,false,"ok"
"100147f0","FUN_100147f0","Global",36,false,false,"ok"
"10014820","FUN_10014820","Global",3,false,false,"ok"
"10014830","FUN_10014830","Global",14,false,false,"ok"
"10014840","FUN_10014840","Global",7,false,false,"ok"
"10014850","FUN_10014850","Global",11,false,false,"ok"
"10014860","FUN_10014860","Global",7,false,false,"ok"
"10014870","FUN_10014870","Global",11,false,false,"ok"
"10014880","FUN_10014880","Global",11,false,false,"ok"
"10014890","FUN_10014890","Global",11,false,false,"ok"
"100148a0","FUN_100148a0","Global",11,false,false,"ok"
"100148b0","FUN_100148b0","Global",11,false,false,"ok"
"100148c0","FUN_100148c0","Global",11,false,false,"ok"
"100148d0","FUN_100148d0","Global",7,false,false,"ok"
"100148e0","FUN_100148e0","Global",11,false,false,"ok"
"100148f0","FUN_100148f0","Global",11,false,false,"ok"
"10014900","FUN_10014900","Global",11,false,false,"ok"
"10014910","FUN_10014910","Global",11,false,false,"ok"
"10014920","FUN_10014920","Global",11,false,false,"ok"
"10014930","FUN_10014930","Global",11,false,false,"ok"
"10014940","FUN_10014940","Global",11,false,false,"ok"
"10014950","FUN_10014950","Global",11,false,false,"ok"
"10014960","FUN_10014960","Global",11,false,false,"ok"
"10014970","FUN_10014970","Global",7,false,false,"ok"
"10014980","FUN_10014980","Global",11,false,false,"ok"
"10014990","FUN_10014990","Global",7,false,false,"ok"
"100149a0","FUN_100149a0","Global",11,false,false,"ok"
"100149b0","FUN_100149b0","Global",11,false,false,"ok"
"100149c0","FUN_100149c0","Global",11,false,false,"ok"
"100149d0","FUN_100149d0","Global",11,false,false,"ok"
"100149e0","FUN_100149e0","Global",11,false,false,"ok"
"100149f0","FUN_100149f0","Global",11,false,false,"ok"
"10014a00","FUN_10014a00","Global",11,false,false,"ok"
"10014a10","FUN_10014a10","Global",11,false,false,"ok"
"10014a20","FUN_10014a20","Global",7,false,false,"ok"
"10014a30","FUN_10014a30","Global",11,false,false,"ok"
"10014a40","FUN_10014a40","Global",11,false,false,"ok"
"10014a50","FUN_10014a50","Global",11,false,false,"ok"
"10014a60","FUN_10014a60","Global",11,false,false,"ok"
"10014a70","FUN_10014a70","Global",11,false,false,"ok"
"10014a80","FUN_10014a80","Global",11,false,false,"ok"
"10014a90","FUN_10014a90","Global",11,false,false,"ok"
"10014aa0","FUN_10014aa0","Global",5,false,false,"ok"
"10014ab0","FUN_10014ab0","Global",109,false,false,"ok"
"10014b30","FUN_10014b30","Global",130,false,false,"ok"
"10014bc0","FUN_10014bc0","Global",516,false,false,"ok"
"10014dd0","FUN_10014dd0","Global",172,false,false,"ok"
"10014e80","FUN_10014e80","Global",174,false,false,"ok"
"10014f30","FUN_10014f30","Global",165,false,false,"ok"
"10014fe0","FUN_10014fe0","Global",86,false,false,"ok"
"10015040","FUN_10015040","Global",148,false,false,"ok"
"100150e0","FUN_100150e0","Global",355,false,false,"ok"
"10015250","FUN_10015250","Global",142,false,false,"ok"
"100152f0","FUN_100152f0","Global",149,false,false,"ok"
"10015390","FUN_10015390","Global",145,false,false,"ok"
"10015430","FUN_10015430","Global",271,false,false,"ok"
"10015550","FUN_10015550","Global",211,false,false,"ok"
"10015630","FUN_10015630","Global",61,false,false,"ok"
"10015670","FUN_10015670","Global",93,false,false,"ok"
"100156e0","FUN_100156e0","Global",156,false,false,"ok"
"10015790","FUN_10015790","Global",42,false,false,"ok"
"100157c0","`scalar_deleting_destructor'","std::_Facet_base",36,false,false,"ok"
"100157f0","FUN_100157f0","Global",7,false,false,"ok"
"10015800","FUN_10015800","Global",16,false,false,"ok"
"10015810","FUN_10015810","Global",11,false,false,"ok"
"10015820","FUN_10015820","Global",19,false,false,"ok"
"10015840","FUN_10015840","Global",183,false,false,"ok"
"10015900","FUN_10015900","Global",31,false,false,"ok"
"10015920","FUN_10015920","Global",160,false,false,"ok"
"100159d0","FUN_100159d0","Global",90,false,false,"ok"
"10015a30","FUN_10015a30","Global",81,false,false,"ok"
"10015a90","FUN_10015a90","Global",88,false,false,"ok"
"10015af0","FUN_10015af0","Global",106,false,false,"ok"
"10015b60","FUN_10015b60","Global",56,false,false,"ok"
"10015ba0","FUN_10015ba0","Global",7,false,false,"ok"
"10015bb0","FUN_10015bb0","Global",7,false,false,"ok"
"10015bc0","FUN_10015bc0","Global",7,false,false,"ok"
"10015bd0","FUN_10015bd0","Global",11,false,false,"ok"
"10015be0","FUN_10015be0","Global",7,false,false,"ok"
"10015bf0","FUN_10015bf0","Global",7,false,false,"ok"
"10015c00","FUN_10015c00","Global",7,false,false,"ok"
"10015c10","FUN_10015c10","Global",111,false,false,"ok"
"10015c80","FUN_10015c80","Global",139,false,false,"ok"
"10015d10","FUN_10015d10","Global",104,false,false,"ok"
"10015d80","FUN_10015d80","Global",11,false,false,"ok"
"10015d90","FUN_10015d90","Global",28,false,false,"ok"
"10015db0","FUN_10015db0","Global",39,false,false,"ok"
"10015de0","FUN_10015de0","Global",11,false,false,"ok"
"10015df0","FUN_10015df0","Global",7,false,false,"ok"
"10015e00","FUN_10015e00","Global",11,false,false,"ok"
"10015e10","FUN_10015e10","Global",7,false,false,"ok"
"10015e20","FUN_10015e20","Global",11,false,false,"ok"
"10015e30","FUN_10015e30","Global",11,false,false,"ok"
"10015e40","FUN_10015e40","Global",11,false,false,"ok"
"10015e50","FUN_10015e50","Global",11,false,false,"ok"
"10015e60","FUN_10015e60","Global",11,false,false,"ok"
"10015e70","FUN_10015e70","Global",11,false,false,"ok"
"10015e80","FUN_10015e80","Global",17,false,false,"ok"
"10015ea0","FUN_10015ea0","Global",6,false,false,"ok"
"10015eb0","FUN_10015eb0","Global",27,false,false,"ok"
"10015ed0","FUN_10015ed0","Global",51,false,false,"ok"
"10015f10","FUN_10015f10","Global",48,false,false,"ok"
"10015f50","FUN_10015f50","Global",126,false,false,"ok"
"10015fd0","FUN_10015fd0","Global",199,false,false,"ok"
"100160a0","FUN_100160a0","Global",173,false,false,"ok"
"10016160","FUN_10016160","Global",111,false,false,"ok"
"100161e0","FUN_100161e0","Global",160,false,false,"ok"
"10016290","FUN_10016290","Global",547,false,false,"ok"
"100164c0","FUN_100164c0","Global",168,false,false,"ok"
"10016570","FUN_10016570","Global",145,false,false,"ok"
"10016610","FUN_10016610","Global",396,false,false,"ok"
"100167a0","FUN_100167a0","Global",919,false,false,"ok"
"10016b40","FUN_10016b40","Global",610,false,false,"ok"
"10016db0","FUN_10016db0","Global",138,false,false,"ok"
"10016e40","FUN_10016e40","Global",358,false,false,"ok"
"10016fb0","FUN_10016fb0","Global",127,false,false,"ok"
"10017040","FUN_10017040","Global",274,false,false,"ok"
"10017160","FUN_10017160","Global",164,false,false,"ok"
"10017210","FUN_10017210","Global",144,false,false,"ok"
"100172a0","FUN_100172a0","Global",396,false,false,"ok"
"10017440","FUN_10017440","Global",207,false,false,"ok"
"10017520","FUN_10017520","Global",3151,false,false,"ok"
"10018170","FUN_10018170","Global",275,false,false,"ok"
"10018290","FUN_10018290","Global",156,false,false,"ok"
"10018330","FUN_10018330","Global",1489,false,false,"ok"
"10018910","FUN_10018910","Global",402,false,false,"ok"
"10018ab0","FUN_10018ab0","Global",460,false,false,"ok"
"10018c80","FUN_10018c80","Global",183,false,false,"ok"
"10018d40","FUN_10018d40","Global",259,false,false,"ok"
"10018e50","FUN_10018e50","Global",9,false,false,"ok"
"10018e60","FUN_10018e60","Global",11,false,false,"ok"
"10018e70","FUN_10018e70","Global",104,false,false,"ok"
"10018ee0","FUN_10018ee0","Global",27,false,false,"ok"
"10018f00","thunk_FUN_100159d0","Global",5,false,true,"ok"
"10018f10","FUN_10018f10","Global",121,false,false,"ok"
"10018f90","FUN_10018f90","Global",104,false,false,"ok"
"10019000","FUN_10019000","Global",475,false,false,"ok"
"100191f0","FUN_100191f0","Global",79,false,false,"ok"
"10019240","FUN_10019240","Global",12,false,false,"ok"
"10019250","FUN_10019250","Global",106,false,false,"ok"
"100192c0","FUN_100192c0","Global",105,false,false,"ok"
"10019330","FUN_10019330","Global",34,false,false,"ok"
"10019360","FUN_10019360","Global",30,false,false,"ok"
"10019380","FUN_10019380","Global",348,false,false,"ok"
"100194e0","FUN_100194e0","Global",75,false,false,"ok"
"10019530","FUN_10019530","Global",276,false,false,"ok"
"10019650","FUN_10019650","Global",148,false,false,"ok"
"100196f0","FUN_100196f0","Global",24,false,false,"ok"
"10019710","FUN_10019710","Global",4,false,false,"ok"
"10019720","FUN_10019720","Global",6,false,false,"ok"
"10019730","FUN_10019730","Global",85,false,false,"ok"
"10019790","FUN_10019790","Global",22,false,false,"ok"
"100197b0","FUN_100197b0","Global",6,false,false,"ok"
"100197c0","FUN_100197c0","Global",146,false,false,"ok"
"10019860","FUN_10019860","Global",22,false,false,"ok"
"10019880","FUN_10019880","Global",6,false,false,"ok"
"10019890","FUN_10019890","Global",85,false,false,"ok"
"100198f0","FUN_100198f0","Global",22,false,false,"ok"
"10019910","FUN_10019910","Global",24,false,false,"ok"
"10019930","FUN_10019930","Global",6,false,false,"ok"
"10019940","FUN_10019940","Global",76,false,false,"ok"
"10019990","FUN_10019990","Global",32,false,false,"ok"
"100199b0","FUN_100199b0","Global",62,false,false,"ok"
"100199f0","FUN_100199f0","Global",94,false,false,"ok"
"10019a50","FUN_10019a50","Global",54,false,false,"ok"
"10019a90","FUN_10019a90","Global",86,false,false,"ok"
"10019af0","FUN_10019af0","Global",72,false,false,"ok"
"10019b40","FUN_10019b40","Global",22,false,false,"ok"
"10019b60","FUN_10019b60","Global",22,false,false,"ok"
"10019b80","FUN_10019b80","Global",42,false,false,"ok"
"10019bb0","FUN_10019bb0","Global",39,false,false,"ok"
"10019be0","FUN_10019be0","Global",51,false,false,"ok"
"10019c20","FUN_10019c20","Global",11,false,false,"ok"
"10019c30","FUN_10019c30","Global",26,false,false,"ok"
"10019c50","FUN_10019c50","Global",26,false,false,"ok"
"10019c70","FUN_10019c70","Global",26,false,false,"ok"
"10019c90","FUN_10019c90","Global",51,false,false,"ok"
"10019cd0","FUN_10019cd0","Global",11,false,false,"ok"
"10019ce0","FUN_10019ce0","Global",11,false,false,"ok"
"10019cf0","FUN_10019cf0","Global",11,false,false,"ok"
"10019d00","FUN_10019d00","Global",11,false,false,"ok"
"10019d10","FUN_10019d10","Global",11,false,false,"ok"
"10019d20","FUN_10019d20","Global",11,false,false,"ok"
"10019d30","FUN_10019d30","Global",11,false,false,"ok"
"10019d40","FUN_10019d40","Global",7,false,false,"ok"
"10019d50","FUN_10019d50","Global",42,false,false,"ok"
"10019d80","FUN_10019d80","Global",56,false,false,"ok"
"10019dc0","FUN_10019dc0","Global",11,false,false,"ok"
"10019dd0","FUN_10019dd0","Global",11,false,false,"ok"
"10019de0","FUN_10019de0","Global",11,false,false,"ok"
"10019df0","FUN_10019df0","Global",11,false,false,"ok"
"10019e00","FUN_10019e00","Global",7,false,false,"ok"
"10019e10","FUN_10019e10","Global",7,false,false,"ok"
"10019e20","FUN_10019e20","Global",6,false,false,"ok"
"10019e30","FUN_10019e30","Global",6,false,false,"ok"
"10019e40","FUN_10019e40","Global",6,false,false,"ok"
"10019e50","FUN_10019e50","Global",6,false,false,"ok"
"10019e60","FUN_10019e60","Global",6,false,false,"ok"
"10019e70","FUN_10019e70","Global",6,false,false,"ok"
"10019e80","FUN_10019e80","Global",6,false,false,"ok"
"10019e90","FUN_10019e90","Global",11,false,false,"ok"
"10019ea0","FUN_10019ea0","Global",29,false,false,"ok"
"10019ec0","FUN_10019ec0","Global",7,false,false,"ok"
"10019ed0","FUN_10019ed0","Global",264,false,false,"ok"
"10019fe0","FUN_10019fe0","Global",226,false,false,"ok"
"1001a0d0","FUN_1001a0d0","Global",73,false,false,"ok"
"1001a120","FUN_1001a120","Global",211,false,false,"ok"
"1001a200","FUN_1001a200","Global",157,false,false,"ok"
"1001a2b0","FUN_1001a2b0","Global",52,false,false,"ok"
"1001a2f0","FUN_1001a2f0","Global",223,false,false,"ok"
"1001a3e0","FUN_1001a3e0","Global",163,false,false,"ok"
"1001a490","FUN_1001a490","Global",165,false,false,"ok"
"1001a540","FUN_1001a540","Global",40,false,false,"ok"
"1001a570","FUN_1001a570","Global",169,false,false,"ok"
"1001a620","FUN_1001a620","Global",216,false,false,"ok"
"1001a700","FUN_1001a700","Global",46,false,false,"ok"
"1001a730","FUN_1001a730","Global",94,false,false,"ok"
"1001a790","FUN_1001a790","Global",148,false,false,"ok"
"1001a830","FUN_1001a830","Global",11,false,false,"ok"
"1001a840","FUN_1001a840","Global",11,false,false,"ok"
"1001a850","FUN_1001a850","Global",11,false,false,"ok"
"1001a860","FUN_1001a860","Global",11,false,false,"ok"
"1001a870","FUN_1001a870","Global",11,false,false,"ok"
"1001a880","FUN_1001a880","Global",81,false,false,"ok"
"1001a8e0","FUN_1001a8e0","Global",11,false,false,"ok"
"1001a8f0","FUN_1001a8f0","Global",11,false,false,"ok"
"1001a900","FUN_1001a900","Global",25,false,false,"ok"
"1001a920","FUN_1001a920","Global",25,false,false,"ok"
"1001a940","FUN_1001a940","Global",11,false,false,"ok"
"1001a950","FUN_1001a950","Global",67,false,false,"ok"
"1001a9a0","FUN_1001a9a0","Global",66,false,false,"ok"
"1001a9f0","FUN_1001a9f0","Global",14,false,false,"ok"
"1001aa00","FUN_1001aa00","Global",11,false,false,"ok"
"1001aa10","FUN_1001aa10","Global",11,false,false,"ok"
"1001aa20","FUN_1001aa20","Global",11,false,false,"ok"
"1001aa30","FUN_1001aa30","Global",24,false,false,"ok"
"1001aa50","FUN_1001aa50","Global",11,false,false,"ok"
"1001aa60","FUN_1001aa60","Global",95,false,false,"ok"
"1001aac0","FUN_1001aac0","Global",11,false,false,"ok"
"1001aad0","FUN_1001aad0","Global",11,false,false,"ok"
"1001aae0","FUN_1001aae0","Global",62,false,false,"ok"
"1001ab30","FUN_1001ab30","Global",7,false,false,"ok"
"1001ab40","FUN_1001ab40","Global",7,false,false,"ok"
"1001ab50","FUN_1001ab50","Global",7,false,false,"ok"
"1001ab60","FUN_1001ab60","Global",11,false,false,"ok"
"1001ab70","FUN_1001ab70","Global",11,false,false,"ok"
"1001ab80","FUN_1001ab80","Global",11,false,false,"ok"
"1001ab90","FUN_1001ab90","Global",11,false,false,"ok"
"1001aba0","FUN_1001aba0","Global",7,false,false,"ok"
"1001abb0","FUN_1001abb0","Global",7,false,false,"ok"
"1001abc0","FUN_1001abc0","Global",7,false,false,"ok"
"1001abd0","FUN_1001abd0","Global",11,false,false,"ok"
"1001abe0","FUN_1001abe0","Global",11,false,false,"ok"
"1001abf0","FUN_1001abf0","Global",11,false,false,"ok"
"1001ac00","FUN_1001ac00","Global",11,false,false,"ok"
"1001ac10","FUN_1001ac10","Global",11,false,false,"ok"
"1001ac20","FUN_1001ac20","Global",11,false,false,"ok"
"1001ac30","FUN_1001ac30","Global",7,false,false,"ok"
"1001ac40","FUN_1001ac40","Global",123,false,false,"ok"
"1001acc0","FUN_1001acc0","Global",137,false,false,"ok"
"1001ad50","FUN_1001ad50","Global",123,false,false,"ok"
"1001add0","FUN_1001add0","Global",7,false,false,"ok"
"1001ade0","FUN_1001ade0","Global",7,false,false,"ok"
"1001adf0","FUN_1001adf0","Global",7,false,false,"ok"
"1001ae00","FUN_1001ae00","Global",49,false,false,"ok"
"1001ae40","FUN_1001ae40","Global",7,false,false,"ok"
"1001ae50","FUN_1001ae50","Global",11,false,false,"ok"
"1001ae60","FUN_1001ae60","Global",87,false,false,"ok"
"1001aec0","FUN_1001aec0","Global",11,false,false,"ok"
"1001aed0","FUN_1001aed0","Global",7,false,false,"ok"
"1001aee0","FUN_1001aee0","Global",11,false,false,"ok"
"1001aef0","FUN_1001aef0","Global",7,false,false,"ok"
"1001af00","FUN_1001af00","Global",7,false,false,"ok"
"1001af10","FUN_1001af10","Global",7,false,false,"ok"
"1001af20","FUN_1001af20","Global",7,false,false,"ok"
"1001af30","FUN_1001af30","Global",7,false,false,"ok"
"1001af40","FUN_1001af40","Global",7,false,false,"ok"
"1001af50","FUN_1001af50","Global",11,false,false,"ok"
"1001af60","FUN_1001af60","Global",7,false,false,"ok"
"1001af70","FUN_1001af70","Global",11,false,false,"ok"
"1001af80","FUN_1001af80","Global",11,false,false,"ok"
"1001af90","FUN_1001af90","Global",11,false,false,"ok"
"1001afa0","FUN_1001afa0","Global",564,false,false,"ok"
"1001b1e0","FUN_1001b1e0","Global",594,false,false,"ok"
"1001b440","FUN_1001b440","Global",459,false,false,"ok"
"1001b610","FUN_1001b610","Global",152,false,false,"ok"
"1001b6b0","FUN_1001b6b0","Global",523,false,false,"ok"
"1001b910","FUN_1001b910","Global",719,false,false,"ok"
"1001bc30","FUN_1001bc30","Global",303,false,false,"ok"
"1001c2d0","FUN_1001c2d0","Global",2994,false,false,"ok"
"1001cff0","FUN_1001cff0","Global",706,false,false,"ok"
"1001d3a0","FUN_1001d3a0","Global",864,false,false,"ok"
"1001d720","FUN_1001d720","Global",1694,false,false,"ok"
"1001deb0","FUN_1001deb0","Global",599,false,false,"ok"
"1001e110","FUN_1001e110","Global",154,false,false,"ok"
"1001e5b0","FUN_1001e5b0","Global",4217,false,false,"ok"
"1001f900","FUN_1001f900","Global",228,false,false,"ok"
"1001f9f0","FUN_1001f9f0","Global",1397,false,false,"ok"
"1001ffe0","FUN_1001ffe0","Global",176,false,false,"ok"
"10020090","FUN_10020090","Global",199,false,false,"ok"
"10020160","FUN_10020160","Global",386,false,false,"ok"
"100202f0","FUN_100202f0","Global",616,false,false,"ok"
"10020560","FUN_10020560","Global",671,false,false,"ok"
"10020800","FUN_10020800","Global",197,false,false,"ok"
"100208d0","FUN_100208d0","Global",1409,false,false,"ok"
"10020e70","FUN_10020e70","Global",1286,false,false,"ok"
"10021380","FUN_10021380","Global",2204,false,false,"ok"
"10021c20","FUN_10021c20","Global",419,false,false,"ok"
"10021dd0","FUN_10021dd0","Global",1134,false,false,"ok"
"10022240","FUN_10022240","Global",1637,false,false,"ok"
"100228b0","FUN_100228b0","Global",402,false,false,"ok"
"10022a50","FUN_10022a50","Global",309,false,false,"ok"
"10022b90","FUN_10022b90","Global",120,false,false,"ok"
"10022c10","FUN_10022c10","Global",1375,false,false,"ok"
"10023170","FUN_10023170","Global",179,false,false,"ok"
"10023230","FUN_10023230","Global",371,false,false,"ok"
"100233b0","FUN_100233b0","Global",743,false,false,"ok"
"100236a0","FUN_100236a0","Global",1019,false,false,"ok"
"10023af0","FUN_10023af0","Global",510,false,false,"ok"
"10023d10","FUN_10023d10","Global",4532,false,false,"ok"
"10024fc0","FUN_10024fc0","Global",2405,false,false,"ok"
"100259e0","FUN_100259e0","Global",164,false,false,"ok"
"10025a90","FUN_10025a90","Global",1421,false,false,"ok"
"10026030","FUN_10026030","Global",1793,false,false,"ok"
"10026740","FUN_10026740","Global",1145,false,false,"ok"
"10026bc0","FUN_10026bc0","Global",696,false,false,"ok"
"10026e80","FUN_10026e80","Global",1394,false,false,"ok"
"10027400","FUN_10027400","Global",2409,false,false,"ok"
"10027db0","FUN_10027db0","Global",124,false,false,"ok"
"10027e30","FUN_10027e30","Global",664,false,false,"ok"
"100280d0","FUN_100280d0","Global",10,false,false,"ok"
"10028180","FUN_10028180","Global",393,false,false,"ok"
"10028310","FUN_10028310","Global",445,false,false,"ok"
"100284d0","FUN_100284d0","Global",953,false,false,"ok"
"10028890","FUN_10028890","Global",276,false,false,"ok"
"100289b0","FUN_100289b0","Global",327,false,false,"ok"
"10028b10","FUN_10028b10","Global",11,false,false,"ok"
"10028b20","FUN_10028b20","Global",11,false,false,"ok"
"10028b30","FUN_10028b30","Global",6,false,false,"ok"
"10028b40","FUN_10028b40","Global",49,false,false,"ok"
"10028b80","FUN_10028b80","Global",37,false,false,"ok"
"10028bb0","FUN_10028bb0","Global",134,false,false,"ok"
"10028c40","FUN_10028c40","Global",107,false,false,"ok"
"10028cb0","FUN_10028cb0","Global",50,false,false,"ok"
"10028cf0","FUN_10028cf0","Global",20,false,false,"ok"
"10028d10","FUN_10028d10","Global",15,false,false,"ok"
"10028d20","FUN_10028d20","Global",21,false,false,"ok"
"10028d40","FUN_10028d40","Global",21,false,false,"ok"
"10028d60","FUN_10028d60","Global",21,false,false,"ok"
"10028d80","FUN_10028d80","Global",15,false,false,"ok"
"10028d90","FUN_10028d90","Global",15,false,false,"ok"
"10028da0","FUN_10028da0","Global",21,false,false,"ok"
"10028dc0","FUN_10028dc0","Global",21,false,false,"ok"
"10028de0","FUN_10028de0","Global",21,false,false,"ok"
"10028e00","FUN_10028e00","Global",15,false,false,"ok"
"10028e10","FUN_10028e10","Global",15,false,false,"ok"
"10028e20","FUN_10028e20","Global",21,false,false,"ok"
"10028e40","FUN_10028e40","Global",328,false,false,"ok"
"10028f90","FUN_10028f90","Global",27,false,false,"ok"
"10028fb0","FUN_10028fb0","Global",44,false,false,"ok"
"10028fe0","FUN_10028fe0","Global",39,false,false,"ok"
"10029010","FUN_10029010","Global",103,false,false,"ok"
"10029080","FUN_10029080","Global",90,false,false,"ok"
"100290e0","FUN_100290e0","Global",462,false,false,"ok"
"100292b0","FUN_100292b0","Global",159,false,false,"ok"
"10029350","FUN_10029350","Global",209,false,false,"ok"
"10029430","FUN_10029430","Global",165,false,false,"ok"
"100294e0","FUN_100294e0","Global",233,false,false,"ok"
"100295d0","FUN_100295d0","Global",99,false,false,"ok"
"10029640","FUN_10029640","Global",103,false,false,"ok"
"100296b0","FUN_100296b0","Global",86,false,false,"ok"
"10029710","FUN_10029710","Global",18,false,false,"ok"
"10029730","FUN_10029730","Global",8,false,false,"ok"
"10029740","FUN_10029740","Global",17,false,false,"ok"
"10029760","FUN_10029760","Global",5,false,false,"ok"
"10029770","FUN_10029770","Global",5,false,false,"ok"
"10029780","FUN_10029780","Global",19,false,false,"ok"
"100297a0","FUN_100297a0","Global",31,false,false,"ok"
"100297c0","FUN_100297c0","Global",31,false,false,"ok"
"100297e0","FUN_100297e0","Global",45,false,false,"ok"
"10029810","FUN_10029810","Global",19,false,false,"ok"
"10029830","FUN_10029830","Global",41,false,false,"ok"
"10029860","FUN_10029860","Global",124,false,false,"ok"
"100298e0","FUN_100298e0","Global",19,false,false,"ok"
"10029900","FUN_10029900","Global",21,false,false,"ok"
"10029920","FUN_10029920","Global",31,false,false,"ok"
"10029940","FUN_10029940","Global",114,false,false,"ok"
"100299c0","FUN_100299c0","Global",16,false,false,"ok"
"100299d0","FUN_100299d0","Global",16,false,false,"ok"
"100299e0","FUN_100299e0","Global",211,false,false,"ok"
"10029ac0","FUN_10029ac0","Global",4134,false,false,"ok"
"1002aaf0","FUN_1002aaf0","Global",541,false,false,"ok"
"1002ad10","FUN_1002ad10","Global",93,false,false,"ok"
"1002ad70","FUN_1002ad70","Global",533,false,false,"ok"
"1002af90","FUN_1002af90","Global",1816,false,false,"ok"
"1002b6b0","FUN_1002b6b0","Global",72,false,false,"ok"
"1002b700","FUN_1002b700","Global",104,false,false,"ok"
"1002b770","FUN_1002b770","Global",104,false,false,"ok"
"1002b7e0","FUN_1002b7e0","Global",65,false,false,"ok"
"1002b830","FUN_1002b830","Global",236,false,false,"ok"
"1002b930","FUN_1002b930","Global",72,false,false,"ok"
"1002b980","FUN_1002b980","Global",72,false,false,"ok"
"1002b9d0","FUN_1002b9d0","Global",75,false,false,"ok"
"1002ba20","FUN_1002ba20","Global",72,false,false,"ok"
"1002ba70","FUN_1002ba70","Global",122,false,false,"ok"
"1002baf0","FUN_1002baf0","Global",105,false,false,"ok"
"1002bb60","FUN_1002bb60","Global",131,false,false,"ok"
"1002bbf0","FUN_1002bbf0","Global",49,false,false,"ok"
"1002bc30","FUN_1002bc30","Global",53,false,false,"ok"
"1002bc70","FUN_1002bc70","Global",56,false,false,"ok"
"1002bcb0","FUN_1002bcb0","Global",621,false,false,"ok"
"1002bf20","FUN_1002bf20","Global",239,false,false,"ok"
"1002c010","FUN_1002c010","Global",133,false,false,"ok"
"1002c0a0","FUN_1002c0a0","Global",153,false,false,"ok"
"1002c140","FUN_1002c140","Global",461,false,false,"ok"
"1002c310","FUN_1002c310","Global",68,false,false,"ok"
"1002c360","FUN_1002c360","Global",209,false,false,"ok"
"1002c440","FUN_1002c440","Global",399,false,false,"ok"
"1002c5d0","FUN_1002c5d0","Global",58,false,false,"ok"
"1002c610","FUN_1002c610","Global",165,false,false,"ok"
"1002c6c0","FUN_1002c6c0","Global",259,false,false,"ok"
"1002c7d0","FUN_1002c7d0","Global",177,false,false,"ok"
"1002c890","FUN_1002c890","Global",140,false,false,"ok"
"1002c920","FUN_1002c920","Global",121,false,false,"ok"
"1002c9b0","FUN_1002c9b0","Global",9506,false,false,"ok"
"1002eee0","FUN_1002eee0","Global",143,false,false,"ok"
"1002ef70","FUN_1002ef70","Global",1191,false,false,"ok"
"1002f420","FUN_1002f420","Global",99,false,false,"ok"
"1002f490","FUN_1002f490","Global",848,false,false,"ok"
"1002f7e0","FUN_1002f7e0","Global",255,false,false,"ok"
"1002f8e0","FUN_1002f8e0","Global",376,false,false,"ok"
"1002fa60","FUN_1002fa60","Global",159,false,false,"ok"
"1002fb00","FUN_1002fb00","Global",164,false,false,"ok"
"1002fbb0","FUN_1002fbb0","Global",13,false,false,"ok"
"1002fbc0","FUN_1002fbc0","Global",411,false,false,"ok"
"1002fd60","FUN_1002fd60","Global",489,false,false,"ok"
"1002ff50","FUN_1002ff50","Global",57,false,false,"ok"
"1002ff90","FUN_1002ff90","Global",203,false,false,"ok"
"10030060","FUN_10030060","Global",130,false,false,"ok"
"100300f0","FUN_100300f0","Global",1283,false,false,"ok"
"10030600","FUN_10030600","Global",200,false,false,"ok"
"100306d0","FUN_100306d0","Global",123,false,false,"ok"
"10030750","FUN_10030750","Global",543,false,false,"ok"
"10030970","FUN_10030970","Global",302,false,false,"ok"
"10030aa0","FUN_10030aa0","Global",309,false,false,"ok"
"10030be0","FUN_10030be0","Global",76,false,false,"ok"
"10030c30","FUN_10030c30","Global",278,false,false,"ok"
"10030d50","FUN_10030d50","Global",94,false,false,"ok"
"10030db0","FUN_10030db0","Global",64,false,false,"ok"
"10030df0","FUN_10030df0","Global",85,false,false,"ok"
"10030e50","FUN_10030e50","Global",308,false,false,"ok"
"10030f90","FUN_10030f90","Global",473,false,false,"ok"
"10031170","FUN_10031170","Global",117,false,false,"ok"
"100311f0","FUN_100311f0","Global",13,false,false,"ok"
"10031200","FUN_10031200","Global",208,false,false,"ok"
"100312d0","FUN_100312d0","Global",320,false,false,"ok"
"10031410","FUN_10031410","Global",261,false,false,"ok"
"10031520","FUN_10031520","Global",352,false,false,"ok"
"10031680","FUN_10031680","Global",180,false,false,"ok"
"10031740","FUN_10031740","Global",344,false,false,"ok"
"100318b0","FUN_100318b0","Global",162,false,false,"ok"
"10031960","FUN_10031960","Global",58,false,false,"ok"
"100319a0","FUN_100319a0","Global",93,false,false,"ok"
"10031a00","FUN_10031a00","Global",240,false,false,"ok"
"10031af0","FUN_10031af0","Global",657,false,false,"ok"
"10031d90","FUN_10031d90","Global",172,false,false,"ok"
"10031e40","FUN_10031e40","Global",820,false,false,"ok"
"100321a0","FUN_100321a0","Global",375,false,false,"ok"
"10032320","FUN_10032320","Global",20,false,false,"ok"
"10032340","FUN_10032340","Global",494,false,false,"ok"
"10032530","FUN_10032530","Global",632,false,false,"ok"
"100327b0","FUN_100327b0","Global",1212,false,false,"ok"
"10032c80","FUN_10032c80","Global",479,false,false,"ok"
"10032e60","FUN_10032e60","Global",175,false,false,"ok"
"10032f10","FUN_10032f10","Global",151,false,false,"ok"
"10032fb0","FUN_10032fb0","Global",93,false,false,"ok"
"10033010","FUN_10033010","Global",1056,false,false,"ok"
"10033430","FUN_10033430","Global",796,false,false,"ok"
"10033750","FUN_10033750","Global",199,false,false,"ok"
"10033820","FUN_10033820","Global",48,false,false,"ok"
"10033850","FUN_10033850","Global",598,false,false,"ok"
"10033ab0","FUN_10033ab0","Global",101,false,false,"ok"
"10033b20","FUN_10033b20","Global",430,false,false,"ok"
"10033cd0","FUN_10033cd0","Global",886,false,false,"ok"
"10034050","FUN_10034050","Global",739,false,false,"ok"
"10034340","FUN_10034340","Global",498,false,false,"ok"
"10034540","FUN_10034540","Global",119,false,false,"ok"
"100345c0","FUN_100345c0","Global",46,false,false,"ok"
"100345f0","FUN_100345f0","Global",70,false,false,"ok"
"10034640","FUN_10034640","Global",92,false,false,"ok"
"100346a0","FUN_100346a0","Global",129,false,false,"ok"
"10034730","FUN_10034730","Global",111,false,false,"ok"
"100347a0","FUN_100347a0","Global",165,false,false,"ok"
"10034850","FUN_10034850","Global",87,false,false,"ok"
"100348b0","FUN_100348b0","Global",159,false,false,"ok"
"10034950","FUN_10034950","Global",174,false,false,"ok"
"10034a00","FUN_10034a00","Global",1003,false,false,"ok"
"10034df0","FUN_10034df0","Global",33,false,false,"ok"
"10034e20","FUN_10034e20","Global",212,false,false,"ok"
"10034f00","FUN_10034f00","Global",203,false,false,"ok"
"10034fd0","FUN_10034fd0","Global",220,false,false,"ok"
"100350b0","FUN_100350b0","Global",91,false,false,"ok"
"10035110","FUN_10035110","Global",85,false,false,"ok"
"10035170","FUN_10035170","Global",6,false,false,"ok"
"10035180","FUN_10035180","Global",24,false,false,"ok"
"100351a0","FUN_100351a0","Global",36,false,false,"ok"
"100351d0","FUN_100351d0","Global",59,false,false,"ok"
"10035210","FUN_10035210","Global",12,false,false,"ok"
"10035220","FUN_10035220","Global",30,false,false,"ok"
"10035240","FUN_10035240","Global",64,false,false,"ok"
"10035280","FUN_10035280","Global",33,false,false,"ok"
"100352b0","FUN_100352b0","Global",111,false,false,"ok"
"10035320","FUN_10035320","Global",128,false,false,"ok"
"100353a0","FUN_100353a0","Global",120,false,false,"ok"
"10035420","FUN_10035420","Global",182,false,false,"ok"
"100354e0","FUN_100354e0","Global",80,false,false,"ok"
"10035530","FUN_10035530","Global",73,false,false,"ok"
"10035580","FUN_10035580","Global",41,false,false,"ok"
"100355b0","FUN_100355b0","Global",54,false,false,"ok"
"100355f0","FUN_100355f0","Global",89,false,false,"ok"
"10035650","FUN_10035650","Global",151,false,false,"ok"
"100356f0","FUN_100356f0","Global",102,false,false,"ok"
"10035760","FUN_10035760","Global",115,false,false,"ok"
"100357e0","FUN_100357e0","Global",147,false,false,"ok"
"10035880","FUN_10035880","Global",84,false,false,"ok"
"100358e0","FUN_100358e0","Global",147,false,false,"ok"
"10035980","FUN_10035980","Global",49,false,false,"ok"
"100359c0","FUN_100359c0","Global",111,false,false,"ok"
"10035a30","FUN_10035a30","Global",12,false,false,"ok"
"10035a40","FUN_10035a40","Global",30,false,false,"ok"
"10035a60","FUN_10035a60","Global",491,false,false,"ok"
"10035c50","FUN_10035c50","Global",217,false,false,"ok"
"10035d30","FUN_10035d30","Global",326,false,false,"ok"
"10035e80","FUN_10035e80","Global",18,false,false,"ok"
"10035ea0","FUN_10035ea0","Global",323,false,false,"ok"
"10036000","FUN_10036000","Global",43,false,false,"ok"
"10036030","FUN_10036030","Global",61,false,false,"ok"
"10036070","FUN_10036070","Global",136,false,false,"ok"
"10036100","FUN_10036100","Global",218,false,false,"ok"
"100361e0","FUN_100361e0","Global",190,false,false,"ok"
"100362a0","FUN_100362a0","Global",400,false,false,"ok"
"10036430","FUN_10036430","Global",75,false,false,"ok"
"10036480","FUN_10036480","Global",261,false,false,"ok"
"10036590","FUN_10036590","Global",267,false,false,"ok"
"100366a0","FUN_100366a0","Global",159,false,false,"ok"
"10036740","FUN_10036740","Global",23,false,false,"ok"
"10036760","FUN_10036760","Global",96,false,false,"ok"
"100367c0","FUN_100367c0","Global",32,false,false,"ok"
"100367e0","FUN_100367e0","Global",43,false,false,"ok"
"10036810","FUN_10036810","Global",355,false,false,"ok"
"10036980","FUN_10036980","Global",384,false,false,"ok"
"10036b00","FUN_10036b00","Global",82,false,false,"ok"
"10036b60","FUN_10036b60","Global",463,false,false,"ok"
"10036d30","FUN_10036d30","Global",191,false,false,"ok"
"10036df0","FUN_10036df0","Global",177,false,false,"ok"
"10036eb0","FUN_10036eb0","Global",649,false,false,"ok"
"10037140","FUN_10037140","Global",202,false,false,"ok"
"10037210","FUN_10037210","Global",93,false,false,"ok"
"10037270","FUN_10037270","Global",311,false,false,"ok"
"100373b0","FUN_100373b0","Global",1683,false,false,"ok"
"10037a50","FUN_10037a50","Global",29,false,false,"ok"
"10037a70","FUN_10037a70","Global",120,false,false,"ok"
"10037af0","FUN_10037af0","Global",28,false,false,"ok"
"10037b10","FUN_10037b10","Global",85,false,false,"ok"
"10037b70","FUN_10037b70","Global",628,false,false,"ok"
"10037df0","FUN_10037df0","Global",85,false,false,"ok"
"10037e50","FUN_10037e50","Global",114,false,false,"ok"
"10037ed0","FUN_10037ed0","Global",50,false,false,"ok"
"10037f10","FUN_10037f10","Global",351,false,false,"ok"
"10038070","FUN_10038070","Global",23,false,false,"ok"
"10038090","FUN_10038090","Global",235,false,false,"ok"
"10038180","FUN_10038180","Global",181,false,false,"ok"
"10038240","FUN_10038240","Global",177,false,false,"ok"
"10038300","FUN_10038300","Global",176,false,false,"ok"
"100383b0","FUN_100383b0","Global",122,false,false,"ok"
"10038430","FUN_10038430","Global",87,false,false,"ok"
"10038490","FUN_10038490","Global",146,false,false,"ok"
"10038530","FUN_10038530","Global",176,false,false,"ok"
"100385e0","FUN_100385e0","Global",88,false,false,"ok"
"10038640","FUN_10038640","Global",176,false,false,"ok"
"100386f0","FUN_100386f0","Global",122,false,false,"ok"
"10038770","FUN_10038770","Global",63,false,false,"ok"
"100387b0","FUN_100387b0","Global",252,false,false,"ok"
"100388b0","FUN_100388b0","Global",76,false,false,"ok"
"10038900","FUN_10038900","Global",94,false,false,"ok"
"10038960","FUN_10038960","Global",39,false,false,"ok"
"10038990","FUN_10038990","Global",751,false,false,"ok"
"10038c80","FUN_10038c80","Global",508,false,false,"ok"
"10038e80","FUN_10038e80","Global",352,false,false,"ok"
"10038fe0","FUN_10038fe0","Global",42,false,false,"ok"
"10039010","FUN_10039010","Global",560,false,false,"ok"
"10039240","FUN_10039240","Global",440,false,false,"ok"
"10039400","FUN_10039400","Global",29,false,false,"ok"
"10039420","FUN_10039420","Global",35,false,false,"ok"
"10039450","FUN_10039450","Global",115,false,false,"ok"
"100394d0","FUN_100394d0","Global",68,false,false,"ok"
"10039520","FUN_10039520","Global",44,false,false,"ok"
"10039550","FUN_10039550","Global",28,false,false,"ok"
"10039570","FUN_10039570","Global",104,false,false,"ok"
"100395e0","FUN_100395e0","Global",144,false,false,"ok"
"10039670","FUN_10039670","Global",116,false,false,"ok"
"100396f0","FUN_100396f0","Global",48,false,false,"ok"
"10039720","FUN_10039720","Global",202,false,false,"ok"
"100397f0","FUN_100397f0","Global",537,false,false,"ok"
"10039a10","FUN_10039a10","Global",81,false,false,"ok"
"10039a70","FUN_10039a70","Global",257,false,false,"ok"
"10039b80","FUN_10039b80","Global",1227,false,false,"ok"
"1003a050","FUN_1003a050","Global",38,false,false,"ok"
"1003a080","FUN_1003a080","Global",85,false,false,"ok"
"1003a0e0","FUN_1003a0e0","Global",99,false,false,"ok"
"1003a150","FUN_1003a150","Global",170,false,false,"ok"
"1003a200","FUN_1003a200","Global",582,false,false,"ok"
"1003a450","FUN_1003a450","Global",1202,false,false,"ok"
"1003a910","FUN_1003a910","Global",22,false,false,"ok"
"1003a930","FUN_1003a930","Global",171,false,false,"ok"
"1003a9e0","FUN_1003a9e0","Global",1064,false,false,"ok"
"1003ae10","FUN_1003ae10","Global",2699,false,false,"ok"
"1003b8a0","FUN_1003b8a0","Global",71,false,false,"ok"
"1003b8f0","FUN_1003b8f0","Global",538,false,false,"ok"
"1003bb10","FUN_1003bb10","Global",2224,false,false,"ok"
"1003c3c0","FUN_1003c3c0","Global",584,false,false,"ok"
"1003c610","FUN_1003c610","Global",47,false,false,"ok"
"1003c640","FUN_1003c640","Global",886,false,false,"ok"
"1003c9c0","FUN_1003c9c0","Global",2396,false,false,"ok"
"1003d320","FUN_1003d320","Global",186,false,false,"ok"
"1003d3e0","FUN_1003d3e0","Global",826,false,false,"ok"
"1003d720","FUN_1003d720","Global",4430,false,false,"ok"
"1003e870","FUN_1003e870","Global",155,false,false,"ok"
"1003e910","FUN_1003e910","Global",531,false,false,"ok"
"1003eb30","FUN_1003eb30","Global",120,false,false,"ok"
"1003ebb0","FUN_1003ebb0","Global",60,false,false,"ok"
"1003ebf0","FUN_1003ebf0","Global",135,false,false,"ok"
"1003ec80","FUN_1003ec80","Global",136,false,false,"ok"
"1003ed10","FUN_1003ed10","Global",145,false,false,"ok"
"1003edb0","FUN_1003edb0","Global",187,false,false,"ok"
"1003ee70","FUN_1003ee70","Global",84,false,false,"ok"
"1003eed0","FUN_1003eed0","Global",133,false,false,"ok"
"1003ef60","FUN_1003ef60","Global",115,false,false,"ok"
"1003eff0","FUN_1003eff0","Global",180,false,false,"ok"
"1003f0b0","FUN_1003f0b0","Global",290,false,false,"ok"
"1003f1e0","FUN_1003f1e0","Global",115,false,false,"ok"
"1003f260","FUN_1003f260","Global",149,false,false,"ok"
"1003f300","FUN_1003f300","Global",242,false,false,"ok"
"1003f400","FUN_1003f400","Global",49,false,false,"ok"
"1003f440","FUN_1003f440","Global",132,false,false,"ok"
"1003f4d0","FUN_1003f4d0","Global",138,false,false,"ok"
"1003f560","FUN_1003f560","Global",78,false,false,"ok"
"1003f5b0","FUN_1003f5b0","Global",59,false,false,"ok"
"1003f5f0","FUN_1003f5f0","Global",81,false,false,"ok"
"1003f650","FUN_1003f650","Global",252,false,false,"ok"
"1003f750","FUN_1003f750","Global",185,false,false,"ok"
"1003f810","FUN_1003f810","Global",163,false,false,"ok"
"1003f8c0","FUN_1003f8c0","Global",59,false,false,"ok"
"1003f900","FUN_1003f900","Global",1008,false,false,"ok"
"1003fcf0","FUN_1003fcf0","Global",554,false,false,"ok"
"1003ff20","FUN_1003ff20","Global",778,false,false,"ok"
"10040230","FUN_10040230","Global",283,false,false,"ok"
"10040350","FUN_10040350","Global",235,false,false,"ok"
"10040440","FUN_10040440","Global",794,false,false,"ok"
"10040760","FUN_10040760","Global",433,false,false,"ok"
"10040920","FUN_10040920","Global",196,false,false,"ok"
"100409f0","FUN_100409f0","Global",567,false,false,"ok"
"10040c30","FUN_10040c30","Global",1071,false,false,"ok"
"10041060","FUN_10041060","Global",151,false,false,"ok"
"10041100","FUN_10041100","Global",1529,false,false,"ok"
"10041700","FUN_10041700","Global",471,false,false,"ok"
"100418e0","FUN_100418e0","Global",447,false,false,"ok"
"10041aa0","FUN_10041aa0","Global",1176,false,false,"ok"
"10041f40","FUN_10041f40","Global",181,false,false,"ok"
"10042000","FUN_10042000","Global",90,false,false,"ok"
"10042060","FUN_10042060","Global",223,false,false,"ok"
"10042140","FUN_10042140","Global",1008,false,false,"ok"
"10042530","FUN_10042530","Global",367,false,false,"ok"
"100426a0","FUN_100426a0","Global",62,false,false,"ok"
"100426e0","FUN_100426e0","Global",34,false,false,"ok"
"10042710","FUN_10042710","Global",133,false,false,"ok"
"100427a0","FUN_100427a0","Global",231,false,false,"ok"
"10042890","FUN_10042890","Global",209,false,false,"ok"
"10042970","FUN_10042970","Global",60,false,false,"ok"
"100429b0","FUN_100429b0","Global",57,false,false,"ok"
"100429f0","FUN_100429f0","Global",406,false,false,"ok"
"10042b90","FUN_10042b90","Global",322,false,false,"ok"
"10042ce0","FUN_10042ce0","Global",58,false,false,"ok"
"10042d20","FUN_10042d20","Global",94,false,false,"ok"
"10042d80","FUN_10042d80","Global",197,false,false,"ok"
"10042e50","FUN_10042e50","Global",37,false,false,"ok"
"10042e80","FUN_10042e80","Global",127,false,false,"ok"
"10042f00","FUN_10042f00","Global",279,false,false,"ok"
"10043020","FUN_10043020","Global",769,false,false,"ok"
"10043330","FUN_10043330","Global",19,false,false,"ok"
"10043350","FUN_10043350","Global",470,false,false,"ok"
"10043530","FUN_10043530","Global",213,false,false,"ok"
"10043610","FUN_10043610","Global",176,false,false,"ok"
"100436c0","FUN_100436c0","Global",30,false,false,"ok"
"100436e0","FUN_100436e0","Global",60,false,false,"ok"
"10043720","FUN_10043720","Global",115,false,false,"ok"
"100437a0","FUN_100437a0","Global",41,false,false,"ok"
"100437d0","FUN_100437d0","Global",95,false,false,"ok"
"10043830","FUN_10043830","Global",80,false,false,"ok"
"10043880","FUN_10043880","Global",167,false,false,"ok"
"10043930","FUN_10043930","Global",119,false,false,"ok"
"100439b0","FUN_100439b0","Global",122,false,false,"ok"
"10043a30","FUN_10043a30","Global",41,false,false,"ok"
"10043a60","FUN_10043a60","Global",751,false,false,"ok"
"10043d50","FUN_10043d50","Global",89,false,false,"ok"
"10043db0","FUN_10043db0","Global",84,false,false,"ok"
"10043e10","FUN_10043e10","Global",124,false,false,"ok"
"10043e90","FUN_10043e90","Global",372,false,false,"ok"
"10044010","FUN_10044010","Global",317,false,false,"ok"
"10044150","FUN_10044150","Global",152,false,false,"ok"
"100441f0","FUN_100441f0","Global",186,false,false,"ok"
"100442b0","FUN_100442b0","Global",169,false,false,"ok"
"10044360","FUN_10044360","Global",88,false,false,"ok"
"100443c0","FUN_100443c0","Global",111,false,false,"ok"
"10044430","FUN_10044430","Global",97,false,false,"ok"
"100444a0","FUN_100444a0","Global",552,false,false,"ok"
"100446d0","FUN_100446d0","Global",349,false,false,"ok"
"10044830","FUN_10044830","Global",614,false,false,"ok"
"10044aa0","FUN_10044aa0","Global",1841,false,false,"ok"
"100451e0","FUN_100451e0","Global",722,false,false,"ok"
"100454c0","FUN_100454c0","Global",1578,false,false,"ok"
"10045af0","FUN_10045af0","Global",1143,false,false,"ok"
"10045f70","FUN_10045f70","Global",621,false,false,"ok"
"100461e0","FUN_100461e0","Global",1741,false,false,"ok"
"100468b0","FUN_100468b0","Global",356,false,false,"ok"
"10046a20","FUN_10046a20","Global",461,false,false,"ok"
"10046bf0","FUN_10046bf0","Global",4530,false,false,"ok"
"10047db0","FUN_10047db0","Global",310,false,false,"ok"
"10047ef0","FUN_10047ef0","Global",103,false,false,"ok"
"10047f60","FUN_10047f60","Global",206,false,false,"ok"
"10048030","FUN_10048030","Global",66,false,false,"ok"
"10048080","FUN_10048080","Global",907,false,false,"ok"
"10048410","FUN_10048410","Global",250,false,false,"ok"
"10048510","FUN_10048510","Global",20,false,false,"ok"
"10048530","FUN_10048530","Global",278,false,false,"ok"
"10048650","FUN_10048650","Global",44,false,false,"ok"
"10048680","FUN_10048680","Global",47,false,false,"ok"
"100486b0","FUN_100486b0","Global",49,false,false,"ok"
"100486f0","FUN_100486f0","Global",318,false,false,"ok"
"10048830","FUN_10048830","Global",261,false,false,"ok"
"10048940","FUN_10048940","Global",124,false,false,"ok"
"100489c0","FUN_100489c0","Global",139,false,false,"ok"
"10048a50","FUN_10048a50","Global",131,false,false,"ok"
"10048ae0","FUN_10048ae0","Global",100,false,false,"ok"
"10048b50","FUN_10048b50","Global",126,false,false,"ok"
"10048bd0","FUN_10048bd0","Global",151,false,false,"ok"
"10048c70","FUN_10048c70","Global",141,false,false,"ok"
"10048d00","FUN_10048d00","Global",92,false,false,"ok"
"10048d60","FUN_10048d60","Global",114,false,false,"ok"
"10048de0","FUN_10048de0","Global",120,false,false,"ok"
"10048e60","FUN_10048e60","Global",125,false,false,"ok"
"10048ee0","FUN_10048ee0","Global",140,false,false,"ok"
"10048f70","FUN_10048f70","Global",127,false,false,"ok"
"10048ff0","FUN_10048ff0","Global",46,false,false,"ok"
"10049020","FUN_10049020","Global",328,false,false,"ok"
"10049170","FUN_10049170","Global",152,false,false,"ok"
"10049210","FUN_10049210","Global",239,false,false,"ok"
"10049300","FUN_10049300","Global",127,false,false,"ok"
"10049390","FUN_10049390","Global",208,false,false,"ok"
"10049460","FUN_10049460","Global",187,false,false,"ok"
"10049520","FUN_10049520","Global",971,false,false,"ok"
"100498f0","FUN_100498f0","Global",122,false,false,"ok"
"10049970","FUN_10049970","Global",331,false,false,"ok"
"10049ac0","FUN_10049ac0","Global",849,false,false,"ok"
"10049e20","FUN_10049e20","Global",582,false,false,"ok"
"1004a070","FUN_1004a070","Global",550,false,false,"ok"
"1004a2a0","FUN_1004a2a0","Global",297,false,false,"ok"
"1004a3d0","FUN_1004a3d0","Global",499,false,false,"ok"
"1004a5d0","FUN_1004a5d0","Global",89,false,false,"ok"
"1004a630","FUN_1004a630","Global",167,false,false,"ok"
"1004a6e0","FUN_1004a6e0","Global",3259,false,false,"ok"
"1004b3a0","FUN_1004b3a0","Global",239,false,false,"ok"
"1004b490","FUN_1004b490","Global",357,false,false,"ok"
"1004b600","FUN_1004b600","Global",369,false,false,"ok"
"1004b780","FUN_1004b780","Global",292,false,false,"ok"
"1004b8b0","FUN_1004b8b0","Global",91,false,false,"ok"
"1004b910","FUN_1004b910","Global",78,false,false,"ok"
"1004b960","FUN_1004b960","Global",82,false,false,"ok"
"1004b9c0","FUN_1004b9c0","Global",1741,false,false,"ok"
"1004c090","FUN_1004c090","Global",525,false,false,"ok"
"1004c2a0","FUN_1004c2a0","Global",450,false,false,"ok"
"1004c470","FUN_1004c470","Global",172,false,false,"ok"
"1004c520","FUN_1004c520","Global",553,false,false,"ok"
"1004c750","FUN_1004c750","Global",317,false,false,"ok"
"1004c890","FUN_1004c890","Global",168,false,false,"ok"
"1004c940","FUN_1004c940","Global",51,false,false,"ok"
"1004c980","FUN_1004c980","Global",88,false,false,"ok"
"1004c9e0","FUN_1004c9e0","Global",303,false,false,"ok"
"1004cb10","FUN_1004cb10","Global",220,false,false,"ok"
"1004cbf0","FUN_1004cbf0","Global",311,false,false,"ok"
"1004cd30","FUN_1004cd30","Global",68,false,false,"ok"
"1004cd80","FUN_1004cd80","Global",485,false,false,"ok"
"1004cf70","FUN_1004cf70","Global",817,false,false,"ok"
"1004d2b0","FUN_1004d2b0","Global",182,false,false,"ok"
"1004d370","FUN_1004d370","Global",207,false,false,"ok"
"1004d440","FUN_1004d440","Global",559,false,false,"ok"
"1004d670","FUN_1004d670","Global",528,false,false,"ok"
"1004d880","FUN_1004d880","Global",5594,false,false,"ok"
"1004ee60","FUN_1004ee60","Global",1385,false,false,"ok"
"1004f3d0","FUN_1004f3d0","Global",834,false,false,"ok"
"1004f720","FUN_1004f720","Global",70,false,false,"ok"
"1004f770","FUN_1004f770","Global",743,false,false,"ok"
"1004fa60","FUN_1004fa60","Global",91,false,false,"ok"
"1004fac0","FUN_1004fac0","Global",74,false,false,"ok"
"1004fb10","FUN_1004fb10","Global",288,false,false,"ok"
"1004fc30","FUN_1004fc30","Global",176,false,false,"ok"
"1004fce0","FUN_1004fce0","Global",292,false,false,"ok"
"1004fe10","FUN_1004fe10","Global",185,false,false,"ok"
"1004fed0","FUN_1004fed0","Global",136,false,false,"ok"
"1004ff60","FUN_1004ff60","Global",475,false,false,"ok"
"10050160","FUN_10050160","Global",289,false,false,"ok"
"100502a0","FUN_100502a0","Global",111,false,false,"ok"
"10050310","FUN_10050310","Global",318,false,false,"ok"
"10050450","FUN_10050450","Global",296,false,false,"ok"
"10050580","FUN_10050580","Global",599,false,false,"ok"
"100507e0","FUN_100507e0","Global",1407,false,false,"ok"
"10050d60","FUN_10050d60","Global",1511,false,false,"ok"
"10051350","FUN_10051350","Global",319,false,false,"ok"
"10051490","FUN_10051490","Global",262,false,false,"ok"
"100515a0","FUN_100515a0","Global",357,false,false,"ok"
"10051710","FUN_10051710","Global",602,false,false,"ok"
"10051970","FUN_10051970","Global",2515,false,false,"ok"
"10052350","FUN_10052350","Global",177,false,false,"ok"
"10052410","FUN_10052410","Global",261,false,false,"ok"
"10052520","FUN_10052520","Global",199,false,false,"ok"
"100525f0","FUN_100525f0","Global",150,false,false,"ok"
"10052690","FUN_10052690","Global",542,false,false,"ok"
"100528b0","FUN_100528b0","Global",405,false,false,"ok"
"10052a50","FUN_10052a50","Global",74,false,false,"ok"
"10052aa0","FUN_10052aa0","Global",369,false,false,"ok"
"10052c20","FUN_10052c20","Global",35,false,false,"ok"
"10052c50","FUN_10052c50","Global",167,false,false,"ok"
"10052d00","FUN_10052d00","Global",54,false,false,"ok"
"10052d40","FUN_10052d40","Global",33,false,false,"ok"
"10052d70","FUN_10052d70","Global",78,false,false,"ok"
"10052dc0","FUN_10052dc0","Global",59,false,false,"ok"
"10052e00","FUN_10052e00","Global",127,false,false,"ok"
"10052e80","FUN_10052e80","Global",125,false,false,"ok"
"10052f00","FUN_10052f00","Global",113,false,false,"ok"
"10052f80","FUN_10052f80","Global",119,false,false,"ok"
"10053000","FUN_10053000","Global",531,false,false,"ok"
"10053220","FUN_10053220","Global",606,false,false,"ok"
"10053480","FUN_10053480","Global",294,false,false,"ok"
"100535b0","FUN_100535b0","Global",1060,false,false,"ok"
"100539f0","FUN_100539f0","Global",1351,false,false,"ok"
"10053f40","FUN_10053f40","Global",220,false,false,"ok"
"10054020","FUN_10054020","Global",200,false,false,"ok"
"100540f0","FUN_100540f0","Global",2499,false,false,"ok"
"10054ac0","FUN_10054ac0","Global",29,false,false,"ok"
"10054ae0","FUN_10054ae0","Global",92,false,false,"ok"
"10054b40","FUN_10054b40","Global",68,false,false,"ok"
"10054b90","FUN_10054b90","Global",71,false,false,"ok"
"10054be0","FUN_10054be0","Global",321,false,false,"ok"
"10054d30","FUN_10054d30","Global",335,false,false,"ok"
"10054e80","FUN_10054e80","Global",452,false,false,"ok"
"10055050","FUN_10055050","Global",464,false,false,"ok"
"10055220","FUN_10055220","Global",210,false,false,"ok"
"10055300","FUN_10055300","Global",68,false,false,"ok"
"10055350","FUN_10055350","Global",179,false,false,"ok"
"10055410","FUN_10055410","Global",388,false,false,"ok"
"100555a0","FUN_100555a0","Global",2177,false,false,"ok"
"10055e30","FUN_10055e30","Global",188,false,false,"ok"
"10055ef0","FUN_10055ef0","Global",404,false,false,"ok"
"10056090","FUN_10056090","Global",567,false,false,"ok"
"100562e0","FUN_100562e0","Global",632,false,false,"ok"
"10056560","FUN_10056560","Global",127,false,false,"ok"
"100565e0","FUN_100565e0","Global",702,false,false,"ok"
"100568a0","FUN_100568a0","Global",1266,false,false,"ok"
"10056da0","FUN_10056da0","Global",5357,false,false,"ok"
"10058310","FUN_10058310","Global",351,false,false,"ok"
"10058470","FUN_10058470","Global",1142,false,false,"ok"
"100588f0","FUN_100588f0","Global",427,false,false,"ok"
"10058aa0","FUN_10058aa0","Global",107,false,false,"ok"
"10058b10","FUN_10058b10","Global",608,false,false,"ok"
"10058d80","FUN_10058d80","Global",38,false,false,"ok"
"10058db0","FUN_10058db0","Global",374,false,false,"ok"
"10058f30","FUN_10058f30","Global",423,false,false,"ok"
"100590e0","FUN_100590e0","Global",829,false,false,"ok"
"10059420","FUN_10059420","Global",134,false,false,"ok"
"100594b0","FUN_100594b0","Global",610,false,false,"ok"
"10059720","FUN_10059720","Global",230,false,false,"ok"
"10059810","FUN_10059810","Global",316,false,false,"ok"
"10059950","FUN_10059950","Global",1346,false,false,"ok"
"10059ea0","FUN_10059ea0","Global",41,false,false,"ok"
"10059ed0","FUN_10059ed0","Global",553,false,false,"ok"
"1005a100","FUN_1005a100","Global",121,false,false,"ok"
"1005a180","FUN_1005a180","Global",104,false,false,"ok"
"1005a1f0","FUN_1005a1f0","Global",95,false,false,"ok"
"1005a250","FUN_1005a250","Global",1401,false,false,"ok"
"1005a7d0","FUN_1005a7d0","Global",932,false,false,"ok"
"1005ab80","FUN_1005ab80","Global",37,false,false,"ok"
"1005abb0","FUN_1005abb0","Global",45,false,false,"ok"
"1005abe0","FUN_1005abe0","Global",18,false,false,"ok"
"1005ac00","FUN_1005ac00","Global",348,false,false,"ok"
"1005ad60","FUN_1005ad60","Global",753,false,false,"ok"
"1005b060","FUN_1005b060","Global",1256,false,false,"ok"
"1005b550","FUN_1005b550","Global",59,false,false,"ok"
"1005b590","FUN_1005b590","Global",274,false,false,"ok"
"1005b6d0","FUN_1005b6d0","Global",864,false,false,"ok"
"1005bd20","FUN_1005bd20","Global",1607,false,false,"ok"
"1005c550","FUN_1005c550","Global",631,false,false,"ok"
"1005c7d0","FUN_1005c7d0","Global",88,false,false,"ok"
"1005c830","FUN_1005c830","Global",51,false,false,"ok"
"1005c870","FUN_1005c870","Global",298,false,false,"ok"
"1005c9a0","FUN_1005c9a0","Global",44,false,false,"ok"
"1005c9d0","FUN_1005c9d0","Global",4359,false,false,"ok"
"1005dae0","FUN_1005dae0","Global",1093,false,false,"ok"
"1005df30","FUN_1005df30","Global",2750,false,false,"ok"
"1005e9f0","FUN_1005e9f0","Global",150,false,false,"ok"
"1005ea90","FUN_1005ea90","Global",154,false,false,"ok"
"1005eb30","FUN_1005eb30","Global",162,false,false,"ok"
"1005ebe0","FUN_1005ebe0","Global",574,false,false,"ok"
"1005ee20","FUN_1005ee20","Global",915,false,false,"ok"
"1005f1c0","FUN_1005f1c0","Global",440,false,false,"ok"
"1005f380","FUN_1005f380","Global",576,false,false,"ok"
"1005f5c0","FUN_1005f5c0","Global",1189,false,false,"ok"
"1005fa70","FUN_1005fa70","Global",672,false,false,"ok"
"1005fd10","FUN_1005fd10","Global",183,false,false,"ok"
"1005fdd0","FUN_1005fdd0","Global",2013,false,false,"ok"
"100605b0","FUN_100605b0","Global",94,false,false,"ok"
"10060610","FUN_10060610","Global",642,false,false,"ok"
"100608a0","FUN_100608a0","Global",367,false,false,"ok"
"10060a10","FUN_10060a10","Global",25,false,false,"ok"
"10060a30","FUN_10060a30","Global",125,false,false,"ok"
"10060ab0","FUN_10060ab0","Global",116,false,false,"ok"
"10060b30","FUN_10060b30","Global",139,false,false,"ok"
"10060bc0","FUN_10060bc0","Global",78,false,false,"ok"
"10060c10","FUN_10060c10","Global",270,false,false,"ok"
"10060d20","FUN_10060d20","Global",2083,false,false,"ok"
"10061550","FUN_10061550","Global",796,false,false,"ok"
"10061870","FUN_10061870","Global",683,false,false,"ok"
"10061b20","FUN_10061b20","Global",2881,false,false,"ok"
"10062670","FUN_10062670","Global",137,false,false,"ok"
"10062700","FUN_10062700","Global",473,false,false,"ok"
"100628e0","FUN_100628e0","Global",132,false,false,"ok"
"10062970","FUN_10062970","Global",210,false,false,"ok"
"10062a50","FUN_10062a50","Global",183,false,false,"ok"
"10062b10","FUN_10062b10","Global",520,false,false,"ok"
"10062d20","FUN_10062d20","Global",310,false,false,"ok"
"10062e60","FUN_10062e60","Global",513,false,false,"ok"
"10063070","FUN_10063070","Global",559,false,false,"ok"
"100632a0","FUN_100632a0","Global",73,false,false,"ok"
"100632f0","FUN_100632f0","Global",104,false,false,"ok"
"10063360","FUN_10063360","Global",89,false,false,"ok"
"100633c0","FUN_100633c0","Global",159,false,false,"ok"
"10063460","FUN_10063460","Global",143,false,false,"ok"
"100634f0","FUN_100634f0","Global",185,false,false,"ok"
"100635b0","FUN_100635b0","Global",578,false,false,"ok"
"10063800","FUN_10063800","Global",130,false,false,"ok"
"10063890","FUN_10063890","Global",721,false,false,"ok"
"10063b70","FUN_10063b70","Global",126,false,false,"ok"
"10063bf0","FUN_10063bf0","Global",544,false,false,"ok"
"10063e10","FUN_10063e10","Global",425,false,false,"ok"
"10063fc0","FUN_10063fc0","Global",524,false,false,"ok"
"100641d0","FUN_100641d0","Global",685,false,false,"ok"
"10064480","FUN_10064480","Global",461,false,false,"ok"
"10064650","FUN_10064650","Global",1078,false,false,"ok"
"10064a90","FUN_10064a90","Global",913,false,false,"ok"
"10064e30","FUN_10064e30","Global",429,false,false,"ok"
"10064ff0","FUN_10064ff0","Global",4989,false,false,"ok"
"10066370","FUN_10066370","Global",70,false,false,"ok"
"100663c0","FUN_100663c0","Global",1111,false,false,"ok"
"10066820","FUN_10066820","Global",1137,false,false,"ok"
"10066ca0","FUN_10066ca0","Global",1252,false,false,"ok"
"10067190","FUN_10067190","Global",1288,false,false,"ok"
"100676a0","FUN_100676a0","Global",1317,false,false,"ok"
"10067bd0","FUN_10067bd0","Global",1317,false,false,"ok"
"10068100","FUN_10068100","Global",191,false,false,"ok"
"100681c0","FUN_100681c0","Global",196,false,false,"ok"
"10068290","FUN_10068290","Global",202,false,false,"ok"
"10068360","FUN_10068360","Global",193,false,false,"ok"
"10068430","FUN_10068430","Global",208,false,false,"ok"
"10068500","FUN_10068500","Global",208,false,false,"ok"
"100685d0","FUN_100685d0","Global",839,false,false,"ok"
"10068920","FUN_10068920","Global",929,false,false,"ok"
"10068cd0","FUN_10068cd0","Global",813,false,false,"ok"
"10069000","FUN_10069000","Global",791,false,false,"ok"
"10069320","FUN_10069320","Global",1060,false,false,"ok"
"10069750","FUN_10069750","Global",1060,false,false,"ok"
"10069b80","FUN_10069b80","Global",706,false,false,"ok"
"10069e50","FUN_10069e50","Global",804,false,false,"ok"
"1006a180","FUN_1006a180","Global",686,false,false,"ok"
"1006a430","FUN_1006a430","Global",717,false,false,"ok"
"1006a700","FUN_1006a700","Global",954,false,false,"ok"
"1006aac0","FUN_1006aac0","Global",954,false,false,"ok"
"1006ae80","FUN_1006ae80","Global",1864,false,false,"ok"
"1006b5d0","FUN_1006b5d0","Global",1888,false,false,"ok"
"1006bd30","FUN_1006bd30","Global",2047,false,false,"ok"
"1006c530","FUN_1006c530","Global",2057,false,false,"ok"
"1006cd40","FUN_1006cd40","Global",1955,false,false,"ok"
"1006d4f0","FUN_1006d4f0","Global",1955,false,false,"ok"
"1006dca0","FUN_1006dca0","Global",56,false,false,"ok"
"1006dce0","FUN_1006dce0","Global",53,false,false,"ok"
"1006dd20","FUN_1006dd20","Global",51,false,false,"ok"
"1006dd60","FUN_1006dd60","Global",459,false,false,"ok"
"1006df30","FUN_1006df30","Global",507,false,false,"ok"
"1006e130","FUN_1006e130","Global",1449,false,false,"ok"
"1006e6e0","FUN_1006e6e0","Global",702,false,false,"ok"
"1006e9a0","FUN_1006e9a0","Global",21,false,false,"ok"
"1006e9c0","FUN_1006e9c0","Global",2588,false,false,"ok"
"1006f3e0","FUN_1006f3e0","Global",323,false,false,"ok"
"1006f530","FUN_1006f530","Global",799,false,false,"ok"
"1006f850","FUN_1006f850","Global",162,false,false,"ok"
"1006f900","FUN_1006f900","Global",21,false,false,"ok"
"1006f920","FUN_1006f920","Global",1626,false,false,"ok"
"1006ff80","FUN_1006ff80","Global",597,false,false,"ok"
"100701e0","FUN_100701e0","Global",193,false,false,"ok"
"100702b0","FUN_100702b0","Global",935,false,false,"ok"
"10070660","FUN_10070660","Global",759,false,false,"ok"
"10070960","FUN_10070960","Global",401,false,false,"ok"
"10070b00","FUN_10070b00","Global",73,false,false,"ok"
"10070b50","FUN_10070b50","Global",1391,false,false,"ok"
"100710c0","FUN_100710c0","Global",3626,false,false,"ok"
"10071ef0","FUN_10071ef0","Global",957,false,false,"ok"
"100722b0","FUN_100722b0","Global",219,false,false,"ok"
"10072390","FUN_10072390","Global",146,false,false,"ok"
"10072430","FUN_10072430","Global",7426,false,false,"ok"
"10074140","FUN_10074140","Global",576,false,false,"ok"
"10074380","FUN_10074380","Global",769,false,false,"ok"
"10074690","FUN_10074690","Global",361,false,false,"ok"
"10074800","FUN_10074800","Global",33,false,false,"ok"
"10074830","FUN_10074830","Global",44,false,false,"ok"
"10074860","FUN_10074860","Global",650,false,false,"ok"
"10074af0","FUN_10074af0","Global",1605,false,false,"ok"
"10075160","FUN_10075160","Global",365,false,false,"ok"
"10075300","FUN_10075300","Global",296,false,false,"ok"
"10075430","FUN_10075430","Global",53,false,false,"ok"
"10075470","FUN_10075470","Global",168,false,false,"ok"
"10075520","FUN_10075520","Global",1028,false,false,"ok"
"10075950","FUN_10075950","Global",1235,false,false,"ok"
"10075e30","FUN_10075e30","Global",20,false,false,"ok"
"10075e50","FUN_10075e50","Global",145,false,false,"ok"
"10075ef0","FUN_10075ef0","Global",381,false,false,"ok"
"10076070","FUN_10076070","Global",143,false,false,"ok"
"10076100","FUN_10076100","Global",31,false,false,"ok"
"10076120","FUN_10076120","Global",93,false,false,"ok"
"10076180","FUN_10076180","Global",208,false,false,"ok"
"10076250","FUN_10076250","Global",103,false,false,"ok"
"100762c0","FUN_100762c0","Global",50,false,false,"ok"
"10076300","FUN_10076300","Global",63,false,false,"ok"
"10076340","FUN_10076340","Global",1460,false,false,"ok"
"10076920","FUN_10076920","Global",143,false,false,"ok"
"100769b0","FUN_100769b0","Global",12446,false,false,"ok"
"10079a50","FUN_10079a50","Global",482,false,false,"ok"
"10079c40","FUN_10079c40","Global",428,false,false,"ok"
"10079df0","FUN_10079df0","Global",285,false,false,"ok"
"10079f10","FUN_10079f10","Global",132,false,false,"ok"
"10079fa0","FUN_10079fa0","Global",14,false,false,"ok"
"10079fb0","FUN_10079fb0","Global",99,false,false,"ok"
"1007a020","FUN_1007a020","Global",27,false,false,"ok"
"1007a040","FUN_1007a040","Global",1175,false,false,"ok"
"1007a4e0","FUN_1007a4e0","Global",44,false,false,"ok"
"1007a510","FUN_1007a510","Global",1979,false,false,"ok"
"1007acd0","FUN_1007acd0","Global",81,false,false,"ok"
"1007ad30","FUN_1007ad30","Global",20,false,false,"ok"
"1007ad50","FUN_1007ad50","Global",812,false,false,"ok"
"1007b080","FUN_1007b080","Global",976,false,false,"ok"
"1007b450","FUN_1007b450","Global",382,false,false,"ok"
"1007b5d0","FUN_1007b5d0","Global",97,false,false,"ok"
"1007b640","FUN_1007b640","Global",82,false,false,"ok"
"1007b6a0","FUN_1007b6a0","Global",116,false,false,"ok"
"1007b720","FUN_1007b720","Global",349,false,false,"ok"
"1007b880","FUN_1007b880","Global",205,false,false,"ok"
"1007b950","FUN_1007b950","Global",361,false,false,"ok"
"1007bac0","FUN_1007bac0","Global",32,false,false,"ok"
"1007bae0","FUN_1007bae0","Global",373,false,false,"ok"
"1007bc60","FUN_1007bc60","Global",378,false,false,"ok"
"1007bde0","FUN_1007bde0","Global",723,false,false,"ok"
"1007c0c0","FUN_1007c0c0","Global",1411,false,false,"ok"
"1007c650","FUN_1007c650","Global",1341,false,false,"ok"
"1007cb90","FUN_1007cb90","Global",71,false,false,"ok"
"1007cbe0","FUN_1007cbe0","Global",649,false,false,"ok"
"1007ce70","FUN_1007ce70","Global",74,false,false,"ok"
"1007cec0","FUN_1007cec0","Global",860,false,false,"ok"
"1007d220","FUN_1007d220","Global",33,false,false,"ok"
"1007d250","FUN_1007d250","Global",499,false,false,"ok"
"1007d450","FUN_1007d450","Global",894,false,false,"ok"
"1007d800","FUN_1007d800","Global",35,false,false,"ok"
"1007d830","FUN_1007d830","Global",35,false,false,"ok"
"1007d860","FUN_1007d860","Global",1123,false,false,"ok"
"1007dcd0","FUN_1007dcd0","Global",78,false,false,"ok"
"1007dd20","FUN_1007dd20","Global",133,false,false,"ok"
"1007ddb0","FUN_1007ddb0","Global",74,false,false,"ok"
"1007de00","FUN_1007de00","Global",3832,false,false,"ok"
"1007ed00","FUN_1007ed00","Global",410,false,false,"ok"
"1007eea0","FUN_1007eea0","Global",608,false,false,"ok"
"1007f100","FUN_1007f100","Global",455,false,false,"ok"
"1007f2d0","FUN_1007f2d0","Global",648,false,false,"ok"
"1007f560","FUN_1007f560","Global",155,false,false,"ok"
"1007f600","FUN_1007f600","Global",21,false,false,"ok"
"1007f620","FUN_1007f620","Global",73,false,false,"ok"
"1007f670","FUN_1007f670","Global",2378,false,false,"ok"
"1007ffc0","FUN_1007ffc0","Global",861,false,false,"ok"
"10080320","FUN_10080320","Global",1153,false,false,"ok"
"100807d0","FUN_100807d0","Global",81,false,false,"ok"
"10080830","FUN_10080830","Global",106,false,false,"ok"
"100808a0","FUN_100808a0","Global",114,false,false,"ok"
"10080920","FUN_10080920","Global",1008,false,false,"ok"
"10080d10","FUN_10080d10","Global",21,false,false,"ok"
"10080d30","FUN_10080d30","Global",79,false,false,"ok"
"10080d80","FUN_10080d80","Global",68,false,false,"ok"
"10080dd0","FUN_10080dd0","Global",2790,false,false,"ok"
"100818c0","FUN_100818c0","Global",35,false,false,"ok"
"100818f0","FUN_100818f0","Global",344,false,false,"ok"
"10081a50","FUN_10081a50","Global",44,false,false,"ok"
"10081a80","FUN_10081a80","Global",61,false,false,"ok"
"10081ac0","FUN_10081ac0","Global",47,false,false,"ok"
"10081af0","FUN_10081af0","Global",79,false,false,"ok"
"10081b40","FUN_10081b40","Global",206,false,false,"ok"
"10081c10","FUN_10081c10","Global",332,false,false,"ok"
"10081d60","FUN_10081d60","Global",155,false,false,"ok"
"10081e00","FUN_10081e00","Global",683,false,false,"ok"
"100820b0","FUN_100820b0","Global",92,false,false,"ok"
"10082110","FUN_10082110","Global",187,false,false,"ok"
"100821d0","FUN_100821d0","Global",133,false,false,"ok"
"10082260","FUN_10082260","Global",159,false,false,"ok"
"10082300","FUN_10082300","Global",98,false,false,"ok"
"10082370","FUN_10082370","Global",481,false,false,"ok"
"10082560","FUN_10082560","Global",3921,false,false,"ok"
"10083530","FUN_10083530","Global",130,false,false,"ok"
"100835c0","FUN_100835c0","Global",92,false,false,"ok"
"10083620","FUN_10083620","Global",167,false,false,"ok"
"100836d0","FUN_100836d0","Global",34,false,false,"ok"
"10083700","FUN_10083700","Global",37,false,false,"ok"
"10083730","FUN_10083730","Global",144,false,false,"ok"
"100837d0","FUN_100837d0","Global",232,false,false,"ok"
"100838c0","FUN_100838c0","Global",228,false,false,"ok"
"100839b0","FUN_100839b0","Global",228,false,false,"ok"
"10083aa0","FUN_10083aa0","Global",412,false,false,"ok"
"10083c40","FUN_10083c40","Global",429,false,false,"ok"
"10083df0","FUN_10083df0","Global",412,false,false,"ok"
"10083f90","FUN_10083f90","Global",146,false,false,"ok"
"10084030","FUN_10084030","Global",240,false,false,"ok"
"10084120","FUN_10084120","Global",63,false,false,"ok"
"10084160","FUN_10084160","Global",79,false,false,"ok"
"100841b0","FUN_100841b0","Global",489,false,false,"ok"
"100843a0","FUN_100843a0","Global",299,false,false,"ok"
"100844d0","FUN_100844d0","Global",299,false,false,"ok"
"10084600","FUN_10084600","Global",299,false,false,"ok"
"10084730","FUN_10084730","Global",113,false,false,"ok"
"100847b0","FUN_100847b0","Global",668,false,false,"ok"
"10084a50","FUN_10084a50","Global",72,false,false,"ok"
"10084aa0","FUN_10084aa0","Global",8,false,false,"ok"
"10084ab0","FUN_10084ab0","Global",244,false,false,"ok"
"10084bb0","FUN_10084bb0","Global",301,false,false,"ok"
"10084ce0","FUN_10084ce0","Global",488,false,false,"ok"
"10084ed0","FUN_10084ed0","Global",486,false,false,"ok"
"100850c0","FUN_100850c0","Global",1388,false,false,"ok"
"10085630","FUN_10085630","Global",1604,false,false,"ok"
"10085c80","FUN_10085c80","Global",1312,false,false,"ok"
"100861b0","fill<>","Global",97,false,false,"ok"
"10086220","FUN_10086220","Global",81,false,false,"ok"
"10086280","FUN_10086280","Global",76,false,false,"ok"
"100862d0","FUN_100862d0","Global",76,false,false,"ok"
"10086320","FUN_10086320","Global",842,false,false,"ok"
"10086670","FUN_10086670","Global",158,false,false,"ok"
"10086710","FUN_10086710","Global",163,false,false,"ok"
"100867c0","FUN_100867c0","Global",347,false,false,"ok"
"10086920","FUN_10086920","Global",1239,false,false,"ok"
"10086e00","FUN_10086e00","Global",241,false,false,"ok"
"10086f00","FUN_10086f00","Global",162,false,false,"ok"
"10086ff0","FUN_10086ff0","Global",162,false,false,"ok"
"100870d0","FUN_100870d0","Global",247,false,false,"ok"
"100871d0","FUN_100871d0","Global",650,false,false,"ok"
"1008744b","Catch@1008744b","Global",112,false,false,"ok"
"100874be","FUN_100874be","Global",32,false,false,"ok"
"100874ed","Catch_All@100874ed","Global",56,false,false,"ok"
"10087530","FUN_10087530","Global",573,false,false,"ok"
"10087770","FUN_10087770","Global",171,false,false,"ok"
"10087850","FUN_10087850","Global",948,false,false,"ok"
"10087c10","FUN_10087c10","Global",477,false,false,"ok"
"10087df0","FUN_10087df0","Global",158,false,false,"ok"
"10087e90","FUN_10087e90","Global",373,false,false,"ok"
"10088010","FUN_10088010","Global",105,false,false,"ok"
"10088110","FUN_10088110","Global",680,false,false,"ok"
"100883c0","FUN_100883c0","Global",299,false,false,"ok"
"10088500","FUN_10088500","Global",344,false,false,"ok"
"10088660","FUN_10088660","Global",877,false,false,"ok"
"100889d0","FUN_100889d0","Global",1305,false,false,"ok"
"10088ef0","FUN_10088ef0","Global",32,false,false,"ok"
"10088f20","FUN_10088f20","Global",283,false,false,"ok"
"10089040","FUN_10089040","Global",155,false,false,"ok"
"100890e0","FUN_100890e0","Global",1301,false,false,"ok"
"10089600","FUN_10089600","Global",1239,false,false,"ok"
"10089ae0","FUN_10089ae0","Global",20,false,false,"ok"
"10089b00","FUN_10089b00","Global",567,false,false,"ok"
"10089da0","FUN_10089da0","Global",94,false,false,"ok"
"10089e00","FUN_10089e00","Global",164,false,false,"ok"
"10089eb0","FUN_10089eb0","Global",874,false,false,"ok"
"1008a220","FUN_1008a220","Global",862,false,false,"ok"
"1008a580","FUN_1008a580","Global",325,false,false,"ok"
"1008a6d0","FUN_1008a6d0","Global",228,false,false,"ok"
"1008a7c0","FUN_1008a7c0","Global",250,false,false,"ok"
"1008a8c0","FUN_1008a8c0","Global",186,false,false,"ok"
"1008a980","FUN_1008a980","Global",48,false,false,"ok"
"1008a9b0","FUN_1008a9b0","Global",134,false,false,"ok"
"1008aa40","FUN_1008aa40","Global",275,false,false,"ok"
"1008abc0","FUN_1008abc0","Global",334,false,false,"ok"
"1008ad10","FUN_1008ad10","Global",529,false,false,"ok"
"1008af50","FUN_1008af50","Global",618,false,false,"ok"
"1008b1f0","FUN_1008b1f0","Global",398,false,false,"ok"
"1008b380","FUN_1008b380","Global",400,false,false,"ok"
"1008b520","FUN_1008b520","Global",388,false,false,"ok"
"1008b6b0","FUN_1008b6b0","Global",371,false,false,"ok"
"1008b830","FUN_1008b830","Global",382,false,false,"ok"
"1008b9b0","FUN_1008b9b0","Global",371,false,false,"ok"
"1008bb30","FUN_1008bb30","Global",382,false,false,"ok"
"1008bcb0","FUN_1008bcb0","Global",371,false,false,"ok"
"1008be30","FUN_1008be30","Global",370,false,false,"ok"
"1008bfb0","FUN_1008bfb0","Global",137,false,false,"ok"
"1008c040","FUN_1008c040","Global",290,false,false,"ok"
"1008c170","FUN_1008c170","Global",359,false,false,"ok"
"1008c2e0","FUN_1008c2e0","Global",269,false,false,"ok"
"1008c3f0","FUN_1008c3f0","Global",319,false,false,"ok"
"1008c530","FUN_1008c530","Global",691,false,false,"ok"
"1008c7f0","FUN_1008c7f0","Global",503,false,false,"ok"
"1008c9f0","FUN_1008c9f0","Global",214,false,false,"ok"
"1008cad0","FUN_1008cad0","Global",37,false,false,"ok"
"1008cb00","FUN_1008cb00","Global",159,false,false,"ok"
"1008cba0","FUN_1008cba0","Global",61,false,false,"ok"
"1008cbe0","FUN_1008cbe0","Global",308,false,false,"ok"
"1008cd20","FUN_1008cd20","Global",91,false,false,"ok"
"1008cd80","FUN_1008cd80","Global",298,false,false,"ok"
"1008ceb0","FUN_1008ceb0","Global",298,false,false,"ok"
"1008cfe0","FUN_1008cfe0","Global",298,false,false,"ok"
"1008d110","FUN_1008d110","Global",125,false,false,"ok"
"1008d190","FUN_1008d190","Global",51,false,false,"ok"
"1008d1d0","FUN_1008d1d0","Global",24,false,false,"ok"
"1008d1f0","FUN_1008d1f0","Global",51,false,false,"ok"
"1008d230","FUN_1008d230","Global",9,false,false,"ok"
"1008d240","FUN_1008d240","Global",51,false,false,"ok"
"1008d280","FUN_1008d280","Global",66,false,false,"ok"
"1008d2d0","FUN_1008d2d0","Global",19,false,false,"ok"
"1008d2f0","FUN_1008d2f0","Global",19,false,false,"ok"
"1008d310","FUN_1008d310","Global",33,false,false,"ok"
"1008d340","FUN_1008d340","Global",90,false,false,"ok"
"1008d3a0","FUN_1008d3a0","Global",38,false,false,"ok"
"1008d3d0","FUN_1008d3d0","Global",13,false,false,"ok"
"1008d3e0","FUN_1008d3e0","Global",36,false,false,"ok"
"1008d410","FUN_1008d410","Global",26,false,false,"ok"
"1008d430","FUN_1008d430","Global",73,false,false,"ok"
"1008d480","FUN_1008d480","Global",73,false,false,"ok"
"1008d4d0","FUN_1008d4d0","Global",76,false,false,"ok"
"1008d520","FUN_1008d520","Global",76,false,false,"ok"
"1008d570","thunk_FUN_10014040","Global",5,false,true,"ok"
"1008d580","thunk_FUN_1008d5b0","Global",5,false,true,"ok"
"1008d590","thunk_FUN_1008d690","Global",5,false,true,"ok"
"1008d5a0","thunk_FUN_1008d770","Global",5,false,true,"ok"
"1008d5b0","FUN_1008d5b0","Global",218,false,false,"ok"
"1008d690","FUN_1008d690","Global",218,false,false,"ok"
"1008d770","FUN_1008d770","Global",218,false,false,"ok"
"1008d850","FUN_1008d850","Global",25,false,false,"ok"
"1008d870","FUN_1008d870","Global",47,false,false,"ok"
"1008d8a0","FUN_1008d8a0","Global",18,false,false,"ok"
"1008d8c0","FUN_1008d8c0","Global",207,false,false,"ok"
"1008d9a0","FUN_1008d9a0","Global",7,false,false,"ok"
"1008d9b0","FUN_1008d9b0","Global",25,false,false,"ok"
"1008d9d0","FUN_1008d9d0","Global",50,false,false,"ok"
"1008da10","FUN_1008da10","Global",116,false,false,"ok"
"1008da90","FUN_1008da90","Global",396,false,false,"ok"
"1008dc30","FUN_1008dc30","Global",333,false,false,"ok"
"1008dd80","FUN_1008dd80","Global",98,false,false,"ok"
"1008ddf0","FUN_1008ddf0","Global",313,false,false,"ok"
"1008df30","FUN_1008df30","Global",572,false,false,"ok"
"1008e170","FUN_1008e170","Global",178,false,false,"ok"
"1008e230","FUN_1008e230","Global",229,false,false,"ok"
"1008e320","FUN_1008e320","Global",234,false,false,"ok"
"1008e410","FUN_1008e410","Global",245,false,false,"ok"
"1008e510","FUN_1008e510","Global",594,false,false,"ok"
"1008e770","FUN_1008e770","Global",615,false,false,"ok"
"1008e9e0","FUN_1008e9e0","Global",562,false,false,"ok"
"1008ec20","FUN_1008ec20","Global",169,false,false,"ok"
"1008ecd0","FUN_1008ecd0","Global",196,false,false,"ok"
"1008eda0","FUN_1008eda0","Global",504,false,false,"ok"
"1008efa0","FUN_1008efa0","Global",575,false,false,"ok"
"1008f1e0","FUN_1008f1e0","Global",172,false,false,"ok"
"1008f290","FUN_1008f290","Global",198,false,false,"ok"
"1008f360","FUN_1008f360","Global",293,false,false,"ok"
"1008f490","FUN_1008f490","Global",296,false,false,"ok"
"1008f5c0","FUN_1008f5c0","Global",246,false,false,"ok"
"1008f6c0","FUN_1008f6c0","Global",111,false,false,"ok"
"1008f730","FUN_1008f730","Global",194,false,false,"ok"
"1008f800","FUN_1008f800","Global",70,false,false,"ok"
"1008f850","FUN_1008f850","Global",133,false,false,"ok"
"1008f8e0","FUN_1008f8e0","Global",173,false,false,"ok"
"1008f990","FUN_1008f990","Global",30,false,false,"ok"
"1008f9b0","FUN_1008f9b0","Global",35,false,false,"ok"
"1008f9e0","FUN_1008f9e0","Global",35,false,false,"ok"
"1008fa10","FUN_1008fa10","Global",35,false,false,"ok"
"1008fa40","FUN_1008fa40","Global",75,false,false,"ok"
"1008fa90","`scalar_deleting_destructor'","std::numpunct<char>",69,false,false,"ok"
"1008fae0","`scalar_deleting_destructor'","std::_Facet_base",36,false,false,"ok"
"1008fb10","FUN_1008fb10","Global",48,false,false,"ok"
"1008fb40","FUN_1008fb40","Global",265,false,false,"ok"
"1008fc50","FUN_1008fc50","Global",265,false,false,"ok"
"1008fd60","FUN_1008fd60","Global",268,false,false,"ok"
"1008fe70","FUN_1008fe70","Global",268,false,false,"ok"
"1008ff80","FUN_1008ff80","Global",206,false,false,"ok"
"10090050","FUN_10090050","Global",324,false,false,"ok"
"100901a0","FUN_100901a0","Global",32,false,false,"ok"
"100901c0","FUN_100901c0","Global",1039,false,false,"ok"
"100905d0","FUN_100905d0","Global",205,false,false,"ok"
"100906a0","FUN_100906a0","Global",16,false,false,"ok"
"100906b0","FUN_100906b0","Global",22,false,false,"ok"
"100906d0","FUN_100906d0","Global",22,false,false,"ok"
"100906f0","FUN_100906f0","Global",22,false,false,"ok"
"10090710","FUN_10090710","Global",22,false,false,"ok"
"10090730","FUN_10090730","Global",22,false,false,"ok"
"10090750","FUN_10090750","Global",22,false,false,"ok"
"10090770","FUN_10090770","Global",22,false,false,"ok"
"10090790","FUN_10090790","Global",22,false,false,"ok"
"100907b0","FUN_100907b0","Global",22,false,false,"ok"
"100907d0","FUN_100907d0","Global",16,false,false,"ok"
"100907e0","FUN_100907e0","Global",159,false,false,"ok"
"10090880","FUN_10090880","Global",159,false,false,"ok"
"10090920","FUN_10090920","Global",159,false,false,"ok"
"100909c0","FUN_100909c0","Global",17,false,false,"ok"
"100909e0","FUN_100909e0","Global",24,false,false,"ok"
"10090a00","FUN_10090a00","Global",94,false,false,"ok"
"10090a60","FUN_10090a60","Global",14,false,false,"ok"
"10090a70","FUN_10090a70","Global",57,false,false,"ok"
"10090ab0","FUN_10090ab0","Global",8,false,false,"ok"
"10090ac0","FUN_10090ac0","Global",94,false,false,"ok"
"10090b20","FUN_10090b20","Global",8,false,false,"ok"
"10090b30","FUN_10090b30","Global",152,false,false,"ok"
"10090bd0","FUN_10090bd0","Global",842,false,false,"ok"
"10090f20","FUN_10090f20","Global",4,false,false,"ok"
"10090f30","FUN_10090f30","Global",640,false,false,"ok"
"100911c0","FUN_100911c0","Global",408,false,false,"ok"
"10091360","FUN_10091360","Global",5,false,false,"ok"
"10091370","FUN_10091370","Global",6,false,false,"ok"
"10091380","FUN_10091380","Global",6,false,false,"ok"
"10091390","FUN_10091390","Global",6,false,false,"ok"
"100913a0","FUN_100913a0","Global",6,false,false,"ok"
"100913b0","FUN_100913b0","Global",6,false,false,"ok"
"100913c0","FUN_100913c0","Global",6,false,false,"ok"
"100913d0","FUN_100913d0","Global",6,false,false,"ok"
"100913e0","FUN_100913e0","Global",6,false,false,"ok"
"100913f0","FUN_100913f0","Global",6,false,false,"ok"
"10091400","FUN_10091400","Global",6,false,false,"ok"
"10091410","FUN_10091410","Global",6,false,false,"ok"
"10091420","FUN_10091420","Global",6,false,false,"ok"
"10091430","FUN_10091430","Global",6,false,false,"ok"
"10091440","FUN_10091440","Global",6,false,false,"ok"
"10091450","FUN_10091450","Global",28,false,false,"ok"
"10091470","FUN_10091470","Global",151,false,false,"ok"
"10091510","FUN_10091510","Global",10,false,false,"ok"
"10091520","FUN_10091520","Global",280,false,false,"ok"
"10091640","FUN_10091640","Global",439,false,false,"ok"
"10091800","FUN_10091800","Global",190,false,false,"ok"
"100918c0","FUN_100918c0","Global",41,false,false,"ok"
"100918f0","FUN_100918f0","Global",230,false,false,"ok"
"10091a10","FUN_10091a10","Global",856,false,false,"ok"
"10091d70","FUN_10091d70","Global",856,false,false,"ok"
"100920d0","FUN_100920d0","Global",856,false,false,"ok"
"10092430","FUN_10092430","Global",174,false,false,"ok"
"100924e0","FUN_100924e0","Global",162,false,false,"ok"
"10092590","FUN_10092590","Global",269,false,false,"ok"
"100926a0","FUN_100926a0","Global",89,false,false,"ok"
"10092700","FUN_10092700","Global",122,false,false,"ok"
"10092780","FUN_10092780","Global",71,false,false,"ok"
"100927d0","FUN_100927d0","Global",677,false,false,"ok"
"10092a80","FUN_10092a80","Global",4,false,false,"ok"
"10092a90","FUN_10092a90","Global",65,false,false,"ok"
"10092ae0","FUN_10092ae0","Global",65,false,false,"ok"
"10092b30","FUN_10092b30","Global",4,false,false,"ok"
"10092b40","FUN_10092b40","Global",65,false,false,"ok"
"10092b90","FUN_10092b90","Global",401,false,false,"ok"
"10092d30","FUN_10092d30","Global",400,false,false,"ok"
"10092ed0","FUN_10092ed0","Global",50,false,false,"ok"
"10092f10","FUN_10092f10","Global",48,false,false,"ok"
"10092f40","FUN_10092f40","Global",3167,false,false,"ok"
"10093ba0","FUN_10093ba0","Global",125,false,false,"ok"
"10093c20","FUN_10093c20","Global",380,false,false,"ok"
"10093da0","FUN_10093da0","Global",285,false,false,"ok"
"10093ec0","FUN_10093ec0","Global",1286,false,false,"ok"
"100943f0","FUN_100943f0","Global",136,false,false,"ok"
"10094480","FUN_10094480","Global",186,false,false,"ok"
"10094540","FUN_10094540","Global",176,false,false,"ok"
"100945f0","FUN_100945f0","Global",176,false,false,"ok"
"100946a0","FUN_100946a0","Global",176,false,false,"ok"
"10094750","FUN_10094750","Global",366,false,false,"ok"
"100948c0","FUN_100948c0","Global",401,false,false,"ok"
"10094a60","FUN_10094a60","Global",401,false,false,"ok"
"10094c00","FUN_10094c00","Global",401,false,false,"ok"
"10094da0","FUN_10094da0","Global",169,false,false,"ok"
"10094e50","FUN_10094e50","Global",247,false,false,"ok"
"10094f50","FUN_10094f50","Global",346,false,false,"ok"
"100950b0","FUN_100950b0","Global",90,false,false,"ok"
"10095110","FUN_10095110","Global",97,false,false,"ok"
"10095180","FUN_10095180","Global",94,false,false,"ok"
"100951e0","FUN_100951e0","Global",65,false,false,"ok"
"10095230","FUN_10095230","Global",474,false,false,"ok"
"10095410","FUN_10095410","Global",83,false,false,"ok"
"10095470","FUN_10095470","Global",103,false,false,"ok"
"100954e0","FUN_100954e0","Global",428,false,false,"ok"
"10095690","FUN_10095690","Global",113,false,false,"ok"
"10095710","FUN_10095710","Global",55,false,false,"ok"
"10095750","FUN_10095750","Global",1223,false,false,"ok"
"10095c20","FUN_10095c20","Global",276,false,false,"ok"
"10095d40","FUN_10095d40","Global",162,false,false,"ok"
"10095df0","FUN_10095df0","Global",37,false,false,"ok"
"10095e20","FUN_10095e20","Global",138,false,false,"ok"
"10095eb0","FUN_10095eb0","Global",306,false,false,"ok"
"10095ff0","FUN_10095ff0","Global",294,false,false,"ok"
"10096120","_fprintf","Global",35,false,false,"ok"
"10096150","_Find_last<>","Global",99,false,false,"ok"
"100961c0","FUN_100961c0","Global",532,false,false,"ok"
"100963e0","FUN_100963e0","Global",48,false,false,"ok"
"10096410","FUN_10096410","Global",48,false,false,"ok"
"10096440","FUN_10096440","Global",48,false,false,"ok"
"10096470","FUN_10096470","Global",48,false,false,"ok"
"100964a0","FUN_100964a0","Global",45,false,false,"ok"
"100964d0","FUN_100964d0","Global",19,false,false,"ok"
"100964f0","FUN_100964f0","Global",67,false,false,"ok"
"10096540","FUN_10096540","Global",55,false,false,"ok"
"10096580","FUN_10096580","Global",61,false,false,"ok"
"100965c0","FUN_100965c0","Global",66,false,false,"ok"
"10096610","FUN_10096610","Global",69,false,false,"ok"
"10096660","FUN_10096660","Global",48,false,false,"ok"
"10096690","FUN_10096690","Global",51,false,false,"ok"
"100966d0","FUN_100966d0","Global",30,false,false,"ok"
"100966f0","FUN_100966f0","Global",1159,false,false,"ok"
"10096b80","FUN_10096b80","Global",2668,false,false,"ok"
"100975f0","FUN_100975f0","Global",87,false,false,"ok"
"10097650","FUN_10097650","Global",1496,false,false,"ok"
"10097c30","FUN_10097c30","Global",109,false,false,"ok"
"10097ca0","FUN_10097ca0","Global",12,false,false,"ok"
"10097cb0","FUN_10097cb0","Global",229,false,false,"ok"
"10097da0","FUN_10097da0","Global",99,false,false,"ok"
"10097e10","FUN_10097e10","Global",41,false,false,"ok"
"10097e40","FUN_10097e40","Global",28,false,false,"ok"
"10097e60","FUN_10097e60","Global",117,false,false,"ok"
"10097ee0","FUN_10097ee0","Global",99,false,false,"ok"
"10097f50","FUN_10097f50","Global",212,false,false,"ok"
"10098030","FUN_10098030","Global",670,false,false,"ok"
"100982d0","FUN_100982d0","Global",73,false,false,"ok"
"10098320","FUN_10098320","Global",988,false,false,"ok"
"10098700","FUN_10098700","Global",356,false,false,"ok"
"10098870","FUN_10098870","Global",125,false,false,"ok"
"100988f0","FUN_100988f0","Global",620,false,false,"ok"
"10098b60","FUN_10098b60","Global",512,false,false,"ok"
"10098d70","FUN_10098d70","Global",2019,false,false,"ok"
"10099560","FUN_10099560","Global",439,false,false,"ok"
"10099720","FUN_10099720","Global",277,false,false,"ok"
"10099840","FUN_10099840","Global",2764,false,false,"ok"
"1009a310","FUN_1009a310","Global",539,false,false,"ok"
"1009a530","FUN_1009a530","Global",477,false,false,"ok"
"1009a710","FUN_1009a710","Global",398,false,false,"ok"
"1009a8a0","FUN_1009a8a0","Global",99,false,false,"ok"
"1009a910","FUN_1009a910","Global",568,false,false,"ok"
"1009ab34","Catch_All@1009ab34","Global",25,false,false,"ok"
"1009ab53","FUN_1009ab53","Global",177,false,false,"ok"
"1009ac20","FUN_1009ac20","Global",491,false,false,"ok"
"1009adfc","Catch@1009adfc","Global",112,false,false,"ok"
"1009ae6f","FUN_1009ae6f","Global",32,false,false,"ok"
"1009ae9e","Catch_All@1009ae9e","Global",56,false,false,"ok"
"1009aee0","FUN_1009aee0","Global",497,false,false,"ok"
"1009b0c2","Catch@1009b0c2","Global",112,false,false,"ok"
"1009b135","FUN_1009b135","Global",32,false,false,"ok"
"1009b164","Catch_All@1009b164","Global",56,false,false,"ok"
"1009b1a0","FUN_1009b1a0","Global",389,false,false,"ok"
"1009b330","FUN_1009b330","Global",114,false,false,"ok"
"1009b3b0","FUN_1009b3b0","Global",471,false,false,"ok"
"1009b590","FUN_1009b590","Global",455,false,false,"ok"
"1009b760","FUN_1009b760","Global",42,false,false,"ok"
"1009b790","FUN_1009b790","Global",231,false,false,"ok"
"1009b880","FUN_1009b880","Global",421,false,false,"ok"
"1009ba30","FUN_1009ba30","Global",421,false,false,"ok"
"1009bbe0","FUN_1009bbe0","Global",426,false,false,"ok"
"1009bd90","FUN_1009bd90","Global",426,false,false,"ok"
"1009bf40","FUN_1009bf40","Global",406,false,false,"ok"
"1009c0e0","FUN_1009c0e0","Global",406,false,false,"ok"
"1009c280","FUN_1009c280","Global",440,false,false,"ok"
"1009c440","FUN_1009c440","Global",442,false,false,"ok"
"1009c600","FUN_1009c600","Global",442,false,false,"ok"
"1009c7c0","FUN_1009c7c0","Global",442,false,false,"ok"
"1009c980","FUN_1009c980","Global",159,false,false,"ok"
"1009ca20","FUN_1009ca20","Global",160,false,false,"ok"
"1009cad0","FUN_1009cad0","Global",418,false,false,"ok"
"1009cc80","FUN_1009cc80","Global",65,false,false,"ok"
"1009ccd0","FUN_1009ccd0","Global",71,false,false,"ok"
"1009cd20","FUN_1009cd20","Global",238,false,false,"ok"
"1009ce10","FUN_1009ce10","Global",140,false,false,"ok"
"1009cea0","FUN_1009cea0","Global",71,false,false,"ok"
"1009cef0","FUN_1009cef0","Global",71,false,false,"ok"
"1009cf40","~basic_iostream<char,std::char_traits<char>_>","std::basic_iostream<char,std::char_traits<char>_>",85,false,false,"ok"
"1009cfa0","FUN_1009cfa0","Global",28,false,false,"ok"
"1009cfc0","FUN_1009cfc0","Global",28,false,false,"ok"
"1009cfe0","~basic_streambuf<char,std::char_traits<char>_>","std::basic_streambuf<char,std::char_traits<char>_>",51,false,false,"ok"
"1009d020","FUN_1009d020","Global",137,false,false,"ok"
"1009d0b0","FUN_1009d0b0","Global",28,false,false,"ok"
"1009d0d0","FUN_1009d0d0","Global",8,false,false,"ok"
"1009d0e0","FUN_1009d0e0","Global",102,false,false,"ok"
"1009d150","FUN_1009d150","Global",103,false,false,"ok"
"1009d1c0","FUN_1009d1c0","Global",69,false,false,"ok"
"1009d210","FUN_1009d210","Global",76,false,false,"ok"
"1009d270","FUN_1009d270","Global",96,false,false,"ok"
"1009d2e0","FUN_1009d2e0","Global",217,false,false,"ok"
"1009d3c0","FUN_1009d3c0","Global",174,false,false,"ok"
"1009d470","FUN_1009d470","Global",250,false,false,"ok"
"1009d56f","FUN_1009d56f","Global",8,false,false,"ok"
"1009d577","FUN_1009d577","Global",8,false,false,"ok"
"1009d57f","FUN_1009d57f","Global",8,false,false,"ok"
"1009d587","FUN_1009d587","Global",8,false,false,"ok"
"1009d590","FUN_1009d590","Global",96,false,false,"ok"
"1009d600","FUN_1009d600","Global",179,false,false,"ok"
"1009d6c0","FUN_1009d6c0","Global",125,false,false,"ok"
"1009d750","FUN_1009d750","Global",125,false,false,"ok"
"1009d7e0","`scalar_deleting_destructor'","std::basic_streambuf<char,std::char_traits<char>_>",80,false,false,"ok"
"1009d830","FUN_1009d830","Global",91,false,false,"ok"
"1009d890","`scalar_deleting_destructor'","std::basic_stringstream<char,std::char_traits<char>,std::allocator<char>_>",41,false,false,"ok"
"1009d8c0","`scalar_deleting_destructor'","std::ctype<char>",83,false,false,"ok"
"1009d920","FUN_1009d920","Global",30,false,false,"ok"
"1009d940","FUN_1009d940","Global",48,false,false,"ok"
"1009d970","FUN_1009d970","Global",96,false,false,"ok"
"1009d9e0","FUN_1009d9e0","Global",50,false,false,"ok"
"1009da20","FUN_1009da20","Global",1880,false,false,"ok"
"1009e180","FUN_1009e180","Global",457,false,false,"ok"
"1009e350","FUN_1009e350","Global",136,false,false,"ok"
"1009e400","FUN_1009e400","Global",1718,false,false,"ok"
"1009eae0","FUN_1009eae0","Global",1546,false,false,"ok"
"1009f1b0","FUN_1009f1b0","Global",79,false,false,"ok"
"1009f200","FUN_1009f200","Global",82,false,false,"ok"
"1009f260","FUN_1009f260","Global",497,false,false,"ok"
"1009f3cd","Catch_All@1009f3cd","Global",25,false,false,"ok"
"1009f3f0","FUN_1009f3f0","Global",33,false,false,"ok"
"1009f4a0","FUN_1009f4a0","Global",180,false,false,"ok"
"1009f512","Catch_All@1009f512","Global",6,false,false,"ok"
"1009f518","FUN_1009f518","Global",18,false,false,"ok"
"1009f580","FUN_1009f580","Global",228,false,false,"ok"
"1009f670","FUN_1009f670","Global",140,false,false,"ok"
"1009f700","FUN_1009f700","Global",351,false,false,"ok"
"1009f860","FUN_1009f860","Global",113,false,false,"ok"
"1009f8e0","FUN_1009f8e0","Global",18,false,false,"ok"
"1009f900","FUN_1009f900","Global",10,false,false,"ok"
"1009f910","do_narrow","std::ctype<char>",31,false,false,"ok"
"1009f930","FUN_1009f930","Global",24,false,false,"ok"
"1009f950","FUN_1009f950","Global",48,false,false,"ok"
"1009f980","FUN_1009f980","Global",24,false,false,"ok"
"1009f9a0","FUN_1009f9a0","Global",48,false,false,"ok"
"1009f9d0","FUN_1009f9d0","Global",10,false,false,"ok"
"1009f9e0","do_widen","std::ctype<char>",31,false,false,"ok"
"1009fa00","equivalent","std::error_category",39,false,false,"ok"
"1009fa30","equivalent","std::error_category",60,false,false,"ok"
"1009fa70","FUN_1009fa70","Global",183,false,false,"ok"
"1009fb27","Catch_All@1009fb27","Global",25,false,false,"ok"
"1009fb4b","FUN_1009fb4b","Global",168,false,false,"ok"
"1009fc00","FUN_1009fc00","Global",3,false,false,"ok"
"1009fc10","FUN_1009fc10","Global",20,false,false,"ok"
"1009fc30","FUN_1009fc30","Global",172,false,false,"ok"
"1009fce0","FUN_1009fce0","Global",6,false,false,"ok"
"1009fcf0","FUN_1009fcf0","Global",6,false,false,"ok"
"1009fd00","FUN_1009fd00","Global",352,false,false,"ok"
"1009fe60","pbackfail","std::basic_stringbuf<char,std::char_traits<char>,std::allocator<char>_>",84,false,false,"ok"
"1009fec0","seekoff","std::basic_streambuf<char,std::char_traits<char>_>",45,false,false,"ok"
"1009fef0","FUN_1009fef0","Global",461,false,false,"ok"
"100a00c0","seekpos","std::basic_streambuf<char,std::char_traits<char>_>",45,false,false,"ok"
"100a00f0","FUN_100a00f0","Global",334,false,false,"ok"
"100a0240","FUN_100a0240","Global",5,false,false,"ok"
"100a0250","FUN_100a0250","Global",35,false,false,"ok"
"100a0280","FUN_100a0280","Global",5,false,false,"ok"
"100a0290","FUN_100a0290","Global",109,false,false,"ok"
"100a0300","FUN_100a0300","Global",3,false,false,"ok"
"100a0310","uflow","std::basic_streambuf<char,std::char_traits<char>_>",37,false,false,"ok"
"100a0340","FUN_100a0340","Global",4,false,false,"ok"
"100a0350","FUN_100a0350","Global",103,false,false,"ok"
"100a03c0","FUN_100a03c0","Global",203,false,false,"ok"
"100a0490","FUN_100a0490","Global",211,false,false,"ok"
"100a0570","DebugMenuAddCmd","Global",849,false,false,"ok"
"100a08d0","DebugMenuAddColor3","Global",860,false,false,"ok"
"100a0c30","DebugMenuAddFloat32","Global",603,false,false,"ok"
"100a0ea0","DebugMenuAddFloat64","Global",603,false,false,"ok"
"100a1100","DebugMenuAddInt16","Global",574,false,false,"ok"
"100a1340","DebugMenuAddInt32","Global",574,false,false,"ok"
"100a1580","DebugMenuAddInt64","Global",622,false,false,"ok"
"100a17f0","DebugMenuAddInt8","Global",574,false,false,"ok"
"100a1a30","DebugMenuAddUInt16","Global",574,false,false,"ok"
"100a1c70","DebugMenuAddUInt32","Global",574,false,false,"ok"
"100a1eb0","DebugMenuAddUInt64","Global",622,false,false,"ok"
"100a2120","DebugMenuAddUInt8","Global",574,false,false,"ok"
"100a2360","DebugMenuEntrySetAddress","Global",70,false,false,"ok"
"100a23b0","DebugMenuEntrySetDescription","Global",103,false,false,"ok"
"100a2420","DebugMenuEntrySetStrings","Global",70,false,false,"ok"
"100a2470","DebugMenuEntrySetWrap","Global",70,false,false,"ok"
"100a24c0","FUN_100a24c0","Global",412,false,false,"ok"
"100a2660","FUN_100a2660","Global",412,false,false,"ok"
"100a2800","FUN_100a2800","Global",299,false,false,"ok"
"100a2930","FUN_100a2930","Global",299,false,false,"ok"
"100a2a60","FUN_100a2a60","Global",622,false,false,"ok"
"100a2cbf","Catch@100a2cbf","Global",112,false,false,"ok"
"100a2d32","FUN_100a2d32","Global",32,false,false,"ok"
"100a2d61","Catch_All@100a2d61","Global",56,false,false,"ok"
"100a2da0","FUN_100a2da0","Global",298,false,false,"ok"
"100a2ed0","FUN_100a2ed0","Global",298,false,false,"ok"
"100a3000","thunk_FUN_100a3020","Global",5,false,true,"ok"
"100a3010","thunk_FUN_100a3100","Global",5,false,true,"ok"
"100a3020","FUN_100a3020","Global",218,false,false,"ok"
"100a3100","FUN_100a3100","Global",218,false,false,"ok"
"100a31e0","FUN_100a31e0","Global",35,false,false,"ok"
"100a3210","FUN_100a3210","Global",35,false,false,"ok"
"100a3240","FUN_100a3240","Global",569,false,false,"ok"
"100a3480","FUN_100a3480","Global",569,false,false,"ok"
"100a3730","FUN_100a3730","Global",801,false,false,"ok"
"100a3a60","FUN_100a3a60","Global",22,false,false,"ok"
"100a3a80","FUN_100a3a80","Global",16,false,false,"ok"
"100a3a90","FUN_100a3a90","Global",22,false,false,"ok"
"100a3ab0","FUN_100a3ab0","Global",22,false,false,"ok"
"100a3ad0","FUN_100a3ad0","Global",22,false,false,"ok"
"100a3af0","FUN_100a3af0","Global",22,false,false,"ok"
"100a3b10","FUN_100a3b10","Global",22,false,false,"ok"
"100a3b30","FUN_100a3b30","Global",22,false,false,"ok"
"100a3b50","FUN_100a3b50","Global",16,false,false,"ok"
"100a3b60","FUN_100a3b60","Global",159,false,false,"ok"
"100a3c00","FUN_100a3c00","Global",159,false,false,"ok"
"100a3ca0","FUN_100a3ca0","Global",8,false,false,"ok"
"100a3cb0","FUN_100a3cb0","Global",15,false,false,"ok"
"100a3cc0","FUN_100a3cc0","Global",6,false,false,"ok"
"100a3cd0","FUN_100a3cd0","Global",6,false,false,"ok"
"100a3ce0","FUN_100a3ce0","Global",6,false,false,"ok"
"100a3cf0","FUN_100a3cf0","Global",6,false,false,"ok"
"100a3d00","FUN_100a3d00","Global",6,false,false,"ok"
"100a3d10","FUN_100a3d10","Global",6,false,false,"ok"
"100a3d20","FUN_100a3d20","Global",6,false,false,"ok"
"100a3d30","FUN_100a3d30","Global",6,false,false,"ok"
"100a3d40","FUN_100a3d40","Global",6,false,false,"ok"
"100a3d50","FUN_100a3d50","Global",6,false,false,"ok"
"100a3d80","FUN_100a3d80","Global",856,false,false,"ok"
"100a40e0","FUN_100a40e0","Global",856,false,false,"ok"
"100a4440","FUN_100a4440","Global",291,false,false,"ok"
"100a4570","FUN_100a4570","Global",291,false,false,"ok"
"100a46a0","FUN_100a46a0","Global",269,false,false,"ok"
"100a47b0","FUN_100a47b0","Global",401,false,false,"ok"
"100a4950","FUN_100a4950","Global",401,false,false,"ok"
"100a4af0","FUN_100a4af0","Global",131,false,false,"ok"
"100a4bb0","FUN_100a4bb0","Global",2357,false,false,"ok"
"100a54f0","FUN_100a54f0","Global",322,false,false,"ok"
"100a5660","FUN_100a5660","Global",65,false,false,"ok"
"100a56b0","FUN_100a56b0","Global",474,false,false,"ok"
"100a587b","Catch@100a587b","Global",112,false,false,"ok"
"100a58ee","FUN_100a58ee","Global",32,false,false,"ok"
"100a591d","Catch_All@100a591d","Global",56,false,false,"ok"
"100a5960","FUN_100a5960","Global",476,false,false,"ok"
"100a5b2d","Catch@100a5b2d","Global",112,false,false,"ok"
"100a5ba0","FUN_100a5ba0","Global",32,false,false,"ok"
"100a5bcf","Catch_All@100a5bcf","Global",56,false,false,"ok"
"100a5c10","FUN_100a5c10","Global",160,false,false,"ok"
"100a5cb0","FUN_100a5cb0","Global",2075,false,false,"ok"
"100a64d0","FUN_100a64d0","Global",969,false,false,"ok"
"100a68a0","FUN_100a68a0","Global",1309,false,false,"ok"
"100a6dc0","FUN_100a6dc0","Global",730,false,false,"ok"
"100a70a0","FUN_100a70a0","Global",1495,false,false,"ok"
"100a7680","FUN_100a7680","Global",1150,false,false,"ok"
"100a7b00","FUN_100a7b00","Global",302,false,false,"ok"
"100a7c30","FUN_100a7c30","Global",6,false,false,"ok"
"100a7c40","FUN_100a7c40","Global",498,false,false,"ok"
"100a7e40","FUN_100a7e40","Global",153,false,false,"ok"
"100a7ee0","FUN_100a7ee0","Global",273,false,false,"ok"
"100a8000","FUN_100a8000","Global",249,false,false,"ok"
"100a8100","thunk_FUN_100a68a0","Global",5,false,true,"ok"
"100a8110","FUN_100a8110","Global",96,false,false,"ok"
"100a8170","FUN_100a8170","Global",94,false,false,"ok"
"100a81d0","FUN_100a81d0","Global",195,false,false,"ok"
"100a82a0","FUN_100a82a0","Global",432,false,false,"ok"
"100a8460","FUN_100a8460","Global",99,false,false,"ok"
"100a84d0","FUN_100a84d0","Global",59,false,false,"ok"
"100a8510","FUN_100a8510","Global",460,false,false,"ok"
"100a86e0","FUN_100a86e0","Global",119,false,false,"ok"
"100a8760","FUN_100a8760","Global",94,false,false,"ok"
"100a87c0","FUN_100a87c0","Global",140,false,false,"ok"
"100a8850","FUN_100a8850","Global",63,false,false,"ok"
"100a8890","FUN_100a8890","Global",92,false,false,"ok"
"100a88f0","FUN_100a88f0","Global",3905,false,false,"ok"
"100a9940","FUN_100a9940","Global",3905,false,false,"ok"
"100aa990","FUN_100aa990","Global",63,false,false,"ok"
"100aa9d0","FUN_100aa9d0","Global",592,false,false,"ok"
"100aac11","Catch@100aac11","Global",112,false,false,"ok"
"100aac84","FUN_100aac84","Global",32,false,false,"ok"
"100aacb3","Catch_All@100aacb3","Global",56,false,false,"ok"
"100aacf0","FUN_100aacf0","Global",68,false,false,"ok"
"100aad40","FUN_100aad40","Global",68,false,false,"ok"
"100aad90","FUN_100aad90","Global",79,false,false,"ok"
"100aade0","FUN_100aade0","Global",78,false,false,"ok"
"100aae30","FUN_100aae30","Global",68,false,false,"ok"
"100aae80","FUN_100aae80","Global",68,false,false,"ok"
"100aaed0","FUN_100aaed0","Global",115,false,false,"ok"
"100aaf50","FUN_100aaf50","Global",199,false,false,"ok"
"100ab020","FUN_100ab020","Global",175,false,false,"ok"
"100ab0d0","FUN_100ab0d0","Global",233,false,false,"ok"
"100ab1c0","FUN_100ab1c0","Global",161,false,false,"ok"
"100ab270","FUN_100ab270","Global",430,false,false,"ok"
"100ab420","FUN_100ab420","Global",143,false,false,"ok"
"100ab4b0","FUN_100ab4b0","Global",120,false,false,"ok"
"100ab530","FUN_100ab530","Global",468,false,false,"ok"
"100ab710","FUN_100ab710","Global",43,false,false,"ok"
"100ab740","FUN_100ab740","Global",25,false,false,"ok"
"100ab760","FUN_100ab760","Global",18,false,false,"ok"
"100ab780","FUN_100ab780","Global",18,false,false,"ok"
"100ab7a0","FUN_100ab7a0","Global",18,false,false,"ok"
"100ab7c0","FUN_100ab7c0","Global",28,false,false,"ok"
"100ab7e0","FUN_100ab7e0","Global",18,false,false,"ok"
"100ab800","FUN_100ab800","Global",96,false,false,"ok"
"100ab870","FUN_100ab870","Global",84,false,false,"ok"
"100ab8d0","FUN_100ab8d0","Global",37,false,false,"ok"
"100ab900","FUN_100ab900","Global",122,false,false,"ok"
"100ab980","FUN_100ab980","Global",131,false,false,"ok"
"100aba10","FUN_100aba10","Global",31,false,false,"ok"
"100aba30","FUN_100aba30","Global",170,false,false,"ok"
"100abae0","FUN_100abae0","Global",30,false,false,"ok"
"100abb00","FUN_100abb00","Global",30,false,false,"ok"
"100abb20","FUN_100abb20","Global",38,false,false,"ok"
"100abb50","FUN_100abb50","Global",30,false,false,"ok"
"100abb70","FUN_100abb70","Global",106,false,false,"ok"
"100abbe0","FUN_100abbe0","Global",94,false,false,"ok"
"100abc40","FUN_100abc40","Global",56,false,false,"ok"
"100abc80","FUN_100abc80","Global",658,false,false,"ok"
"100abf20","FUN_100abf20","Global",324,false,false,"ok"
"100ac070","FUN_100ac070","Global",280,false,false,"ok"
"100ac190","FUN_100ac190","Global",328,false,false,"ok"
"100ac2e0","FUN_100ac2e0","Global",1102,false,false,"ok"
"100ac740","FUN_100ac740","Global",48,false,false,"ok"
"100ac770","FUN_100ac770","Global",218,false,false,"ok"
"100ac850","FUN_100ac850","Global",48,false,false,"ok"
"100ac880","FUN_100ac880","Global",218,false,false,"ok"
"100ac960","FUN_100ac960","Global",33,false,false,"ok"
"100ac990","FUN_100ac990","Global",195,false,false,"ok"
"100aca60","FUN_100aca60","Global",122,false,false,"ok"
"100acae0","FUN_100acae0","Global",279,false,false,"ok"
"100acc00","FUN_100acc00","Global",41,false,false,"ok"
"100acc30","FUN_100acc30","Global",203,false,false,"ok"
"100acd00","FUN_100acd00","Global",56,false,false,"ok"
"100acd40","FUN_100acd40","Global",243,false,false,"ok"
"100ace40","FUN_100ace40","Global",24,false,false,"ok"
"100ace60","FUN_100ace60","Global",186,false,false,"ok"
"100acf20","FUN_100acf20","Global",34,false,false,"ok"
"100acf50","FUN_100acf50","Global",196,false,false,"ok"
"100ad020","FUN_100ad020","Global",24,false,false,"ok"
"100ad040","FUN_100ad040","Global",186,false,false,"ok"
"100ad100","FUN_100ad100","Global",70,false,false,"ok"
"100ad150","FUN_100ad150","Global",227,false,false,"ok"
"100ad240","FUN_100ad240","Global",23,false,false,"ok"
"100ad260","FUN_100ad260","Global",185,false,false,"ok"
"100ad320","FUN_100ad320","Global",110,false,false,"ok"
"100ad390","FUN_100ad390","Global",267,false,false,"ok"
"100ad4a0","FUN_100ad4a0","Global",30,false,false,"ok"
"100ad4c0","FUN_100ad4c0","Global",192,false,false,"ok"
"100ad580","FUN_100ad580","Global",48,false,false,"ok"
"100ad5b0","FUN_100ad5b0","Global",218,false,false,"ok"
"100ad690","FUN_100ad690","Global",48,false,false,"ok"
"100ad6c0","FUN_100ad6c0","Global",218,false,false,"ok"
"100ad7a0","FUN_100ad7a0","Global",334,false,false,"ok"
"100ad8f0","FUN_100ad8f0","Global",499,false,false,"ok"
"100adaf0","FUN_100adaf0","Global",24,false,false,"ok"
"100adb10","FUN_100adb10","Global",186,false,false,"ok"
"100adbd0","FUN_100adbd0","Global",70,false,false,"ok"
"100adc20","FUN_100adc20","Global",258,false,false,"ok"
"100add30","FUN_100add30","Global",199,false,false,"ok"
"100ade00","FUN_100ade00","Global",167,false,false,"ok"
"100adeb0","FUN_100adeb0","Global",199,false,false,"ok"
"100adf80","FUN_100adf80","Global",196,false,false,"ok"
"100ae050","FUN_100ae050","Global",371,false,false,"ok"
"100ae1d0","FUN_100ae1d0","Global",367,false,false,"ok"
"100ae340","FUN_100ae340","Global",371,false,false,"ok"
"100ae4c0","FUN_100ae4c0","Global",368,false,false,"ok"
"100ae640","FUN_100ae640","Global",69,false,false,"ok"
"100ae690","FUN_100ae690","Global",256,false,false,"ok"
"100ae790","FUN_100ae790","Global",39,false,false,"ok"
"100ae7c0","FUN_100ae7c0","Global",207,false,false,"ok"
"100ae890","FUN_100ae890","Global",26,false,false,"ok"
"100ae8b0","FUN_100ae8b0","Global",188,false,false,"ok"
"100ae970","FUN_100ae970","Global",27,false,false,"ok"
"100ae990","FUN_100ae990","Global",191,false,false,"ok"
"100aea50","FUN_100aea50","Global",58,false,false,"ok"
"100aea90","FUN_100aea90","Global",224,false,false,"ok"
"100aeb70","FUN_100aeb70","Global",100,false,false,"ok"
"100aebe0","FUN_100aebe0","Global",270,false,false,"ok"
"100aecf0","FUN_100aecf0","Global",192,false,false,"ok"
"100aedb0","FUN_100aedb0","Global",352,false,false,"ok"
"100aef10","FUN_100aef10","Global",95,false,false,"ok"
"100aef70","FUN_100aef70","Global",225,false,false,"ok"
"100af060","FUN_100af060","Global",48,false,false,"ok"
"100af090","FUN_100af090","Global",218,false,false,"ok"
"100af170","FUN_100af170","Global",47,false,false,"ok"
"100af1a0","FUN_100af1a0","Global",176,false,false,"ok"
"100af250","FUN_100af250","Global",47,false,false,"ok"
"100af280","FUN_100af280","Global",176,false,false,"ok"
"100af330","FUN_100af330","Global",29,false,false,"ok"
"100af350","FUN_100af350","Global",155,false,false,"ok"
"100af3f0","FUN_100af3f0","Global",92,false,false,"ok"
"100af450","FUN_100af450","Global",266,false,false,"ok"
"100af560","FUN_100af560","Global",99,false,false,"ok"
"100af5d0","FUN_100af5d0","Global",270,false,false,"ok"
"100af6e0","FUN_100af6e0","Global",28,false,false,"ok"
"100af700","FUN_100af700","Global",192,false,false,"ok"
"100af7c0","FUN_100af7c0","Global",238,false,false,"ok"
"100af8b0","FUN_100af8b0","Global",406,false,false,"ok"
"100afa50","FUN_100afa50","Global",35,false,false,"ok"
"100afa80","FUN_100afa80","Global",47,false,false,"ok"
"100afab0","FUN_100afab0","Global",19,false,false,"ok"
"100afad0","FUN_100afad0","Global",19,false,false,"ok"
"100afaf0","FUN_100afaf0","Global",1013,false,false,"ok"
"100afef0","FUN_100afef0","Global",231,false,false,"ok"
"100affe0","FUN_100affe0","Global",362,false,false,"ok"
"100b0150","FUN_100b0150","Global",336,false,false,"ok"
"100b0291","Catch_All@100b0291","Global",6,false,false,"ok"
"100b02c0","FUN_100b02c0","Global",28,false,false,"ok"
"100b02f0","FUN_100b02f0","Global",556,false,false,"ok"
"100b0520","FUN_100b0520","Global",56,false,false,"ok"
"100b0560","FUN_100b0560","Global",76,false,false,"ok"
"100b05b0","FUN_100b05b0","Global",6,false,false,"ok"
"100b05c0","FUN_100b05c0","Global",285,false,false,"ok"
"100b06e0","FUN_100b06e0","Global",50,false,false,"ok"
"100b0720","FUN_100b0720","Global",410,false,false,"ok"
"100b08c0","FUN_100b08c0","Global",35,false,false,"ok"
"100b08f0","FUN_100b08f0","Global",158,false,false,"ok"
"100b0990","FUN_100b0990","Global",12,false,false,"ok"
"100b09a0","FUN_100b09a0","Global",1228,false,false,"ok"
"100b0e70","FUN_100b0e70","Global",645,false,false,"ok"
"100b10e6","Catch@100b10e6","Global",112,false,false,"ok"
"100b1159","FUN_100b1159","Global",32,false,false,"ok"
"100b1188","Catch_All@100b1188","Global",56,false,false,"ok"
"100b11d0","FUN_100b11d0","Global",113,false,false,"ok"
"100b1250","FUN_100b1250","Global",412,false,false,"ok"
"100b13f0","FUN_100b13f0","Global",412,false,false,"ok"
"100b1590","FUN_100b1590","Global",412,false,false,"ok"
"100b1730","FUN_100b1730","Global",349,false,false,"ok"
"100b1890","FUN_100b1890","Global",541,false,false,"ok"
"100b1ab0","FID_conflict:_Erase_tree<fuzzer::fuzzer_allocator<std::_Tree_node<fuzzer::TracePC::PCTableEntry_const*,void*>_>_>","Global",59,false,false,"ok"
"100b1af0","FUN_100b1af0","Global",147,false,false,"ok"
"100b1b90","FUN_100b1b90","Global",63,false,false,"ok"
"100b1bd0","FUN_100b1bd0","Global",546,false,false,"ok"
"100b1e00","FUN_100b1e00","Global",474,false,false,"ok"
"100b1fe0","FUN_100b1fe0","Global",121,false,false,"ok"
"100b2060","FUN_100b2060","Global",299,false,false,"ok"
"100b2190","FUN_100b2190","Global",299,false,false,"ok"
"100b22c0","FUN_100b22c0","Global",299,false,false,"ok"
"100b23f0","FUN_100b23f0","Global",298,false,false,"ok"
"100b2520","FUN_100b2520","Global",298,false,false,"ok"
"100b2650","FUN_100b2650","Global",298,false,false,"ok"
"100b2780","FUN_100b2780","Global",19,false,false,"ok"
"100b27a0","FUN_100b27a0","Global",37,false,false,"ok"
"100b27d0","FUN_100b27d0","Global",38,false,false,"ok"
"100b2800","thunk_FUN_100b2830","Global",5,false,true,"ok"
"100b2810","thunk_FUN_100b2910","Global",5,false,true,"ok"
"100b2820","thunk_FUN_100b29f0","Global",5,false,true,"ok"
"100b2830","FUN_100b2830","Global",218,false,false,"ok"
"100b2910","FUN_100b2910","Global",218,false,false,"ok"
"100b29f0","FUN_100b29f0","Global",218,false,false,"ok"
"100b2ad0","FUN_100b2ad0","Global",25,false,false,"ok"
"100b2af0","FUN_100b2af0","Global",146,false,false,"ok"
"100b2b90","FUN_100b2b90","Global",8,false,false,"ok"
"100b2ba0","FUN_100b2ba0","Global",60,false,false,"ok"
"100b2be0","FUN_100b2be0","Global",35,false,false,"ok"
"100b2c10","FUN_100b2c10","Global",35,false,false,"ok"
"100b2c40","FUN_100b2c40","Global",35,false,false,"ok"
"100b2c70","FUN_100b2c70","Global",265,false,false,"ok"
"100b2d80","FUN_100b2d80","Global",265,false,false,"ok"
"100b2e90","FUN_100b2e90","Global",265,false,false,"ok"
"100b2fa0","FUN_100b2fa0","Global",265,false,false,"ok"
"100b30b0","FUN_100b30b0","Global",268,false,false,"ok"
"100b31c0","FUN_100b31c0","Global",268,false,false,"ok"
"100b32d0","FUN_100b32d0","Global",268,false,false,"ok"
"100b33e0","FUN_100b33e0","Global",268,false,false,"ok"
"100b34f0","FUN_100b34f0","Global",1028,false,false,"ok"
"100b3900","FUN_100b3900","Global",379,false,false,"ok"
"100b3a80","FUN_100b3a80","Global",2623,false,false,"ok"
"100b44c0","FUN_100b44c0","Global",1795,false,false,"ok"
"100b4bd0","FUN_100b4bd0","Global",1067,false,false,"ok"
"100b5000","FUN_100b5000","Global",1116,false,false,"ok"
"100b5460","FUN_100b5460","Global",882,false,false,"ok"
"100b57e0","FUN_100b57e0","Global",819,false,false,"ok"
"100b5b20","FUN_100b5b20","Global",597,false,false,"ok"
"100b5d90","FUN_100b5d90","Global",131,false,false,"ok"
"100b5e20","FUN_100b5e20","Global",340,false,false,"ok"
"100b5f80","FUN_100b5f80","Global",348,false,false,"ok"
"100b60e0","FUN_100b60e0","Global",696,false,false,"ok"
"100b63a0","FUN_100b63a0","Global",427,false,false,"ok"
"100b6550","FUN_100b6550","Global",205,false,false,"ok"
"100b6620","FUN_100b6620","Global",16,false,false,"ok"
"100b6630","FUN_100b6630","Global",22,false,false,"ok"
"100b6650","FUN_100b6650","Global",22,false,false,"ok"
"100b6670","FUN_100b6670","Global",22,false,false,"ok"
"100b6690","FUN_100b6690","Global",22,false,false,"ok"
"100b66b0","FUN_100b66b0","Global",22,false,false,"ok"
"100b66d0","FUN_100b66d0","Global",22,false,false,"ok"
"100b66f0","FUN_100b66f0","Global",22,false,false,"ok"
"100b6710","FUN_100b6710","Global",22,false,false,"ok"
"100b6730","FUN_100b6730","Global",22,false,false,"ok"
"100b6750","FUN_100b6750","Global",16,false,false,"ok"
"100b6760","FUN_100b6760","Global",159,false,false,"ok"
"100b6800","FUN_100b6800","Global",159,false,false,"ok"
"100b68a0","FUN_100b68a0","Global",159,false,false,"ok"
"100b6940","FUN_100b6940","Global",16,false,false,"ok"
"100b6950","FUN_100b6950","Global",16,false,false,"ok"
"100b6960","thunk_FUN_100b34f0","Global",5,false,true,"ok"
"100b6970","thunk_FUN_100b60e0","Global",5,false,true,"ok"
"100b6980","FUN_100b6980","Global",119,false,false,"ok"
"100b6a00","FUN_100b6a00","Global",223,false,false,"ok"
"100b6ae0","FUN_100b6ae0","Global",320,false,false,"ok"
"100b6c30","FUN_100b6c30","Global",6,false,false,"ok"
"100b6c40","FUN_100b6c40","Global",6,false,false,"ok"
"100b6c50","FUN_100b6c50","Global",6,false,false,"ok"
"100b6c60","FUN_100b6c60","Global",6,false,false,"ok"
"100b6c70","FUN_100b6c70","Global",6,false,false,"ok"
"100b6c80","FUN_100b6c80","Global",6,false,false,"ok"
"100b6c90","FUN_100b6c90","Global",6,false,false,"ok"
"100b6ca0","FUN_100b6ca0","Global",6,false,false,"ok"
"100b6cb0","FUN_100b6cb0","Global",6,false,false,"ok"
"100b6cc0","FUN_100b6cc0","Global",6,false,false,"ok"
"100b6cd0","FUN_100b6cd0","Global",6,false,false,"ok"
"100b6ce0","FUN_100b6ce0","Global",6,false,false,"ok"
"100b6cf0","FUN_100b6cf0","Global",6,false,false,"ok"
"100b6d00","FUN_100b6d00","Global",6,false,false,"ok"
"100b6d10","FUN_100b6d10","Global",6,false,false,"ok"
"100b6d20","FUN_100b6d20","Global",6,false,false,"ok"
"100b6d30","FUN_100b6d30","Global",11,false,false,"ok"
"100b6d70","FUN_100b6d70","Global",856,false,false,"ok"
"100b70d0","FUN_100b70d0","Global",856,false,false,"ok"
"100b7430","FUN_100b7430","Global",856,false,false,"ok"
"100b7790","FUN_100b7790","Global",403,false,false,"ok"
"100b7930","FUN_100b7930","Global",176,false,false,"ok"
"100b79e0","FUN_100b79e0","Global",176,false,false,"ok"
"100b7a90","FUN_100b7a90","Global",176,false,false,"ok"
"100b7b40","FUN_100b7b40","Global",401,false,false,"ok"
"100b7ce0","FUN_100b7ce0","Global",401,false,false,"ok"
"100b7e80","FUN_100b7e80","Global",401,false,false,"ok"
"100b8020","FUN_100b8020","Global",101,false,false,"ok"
"100b8090","FUN_100b8090","Global",83,false,false,"ok"
"100b8110","FUN_100b8110","Global",454,false,false,"ok"
"100b82e0","FUN_100b82e0","Global",454,false,false,"ok"
"100b84b0","FUN_100b84b0","Global",514,false,false,"ok"
"100b86c0","FUN_100b86c0","Global",144,false,false,"ok"
"100b8760","FUN_100b8760","Global",215,false,false,"ok"
"100b8840","FUN_100b8840","Global",172,false,false,"ok"
"100b88f0","FUN_100b88f0","Global",532,false,false,"ok"
"100b8b10","FUN_100b8b10","Global",178,false,false,"ok"
"100b8bd0","FUN_100b8bd0","Global",171,false,false,"ok"
"100b8cb0","FUN_100b8cb0","Global",484,false,false,"ok"
"100b8ea0","FUN_100b8ea0","Global",152,false,false,"ok"
"100b8f40","FUN_100b8f40","Global",242,false,false,"ok"
"100b9040","FUN_100b9040","Global",221,false,false,"ok"
"100b9120","FUN_100b9120","Global",240,false,false,"ok"
"100b9210","FUN_100b9210","Global",278,false,false,"ok"
"100b9330","FUN_100b9330","Global",234,false,false,"ok"
"100b9420","FUN_100b9420","Global",285,false,false,"ok"
"100b9540","FUN_100b9540","Global",282,false,false,"ok"
"100b9660","FUN_100b9660","Global",206,false,false,"ok"
"100b9730","FUN_100b9730","Global",342,false,false,"ok"
"100b9890","FUN_100b9890","Global",220,false,false,"ok"
"100b9980","FUN_100b9980","Global",608,false,false,"ok"
"100b9bf0","FID_conflict:_Erase_tree<fuzzer::fuzzer_allocator<std::_Tree_node<fuzzer::TracePC::PCTableEntry_const*,void*>_>_>","Global",59,false,false,"ok"
"100b9c30","FUN_100b9c30","Global",305,false,false,"ok"
"100b9d70","FUN_100b9d70","Global",56,false,false,"ok"
"100b9db0","FUN_100b9db0","Global",133,false,false,"ok"
"100b9e40","FUN_100b9e40","Global",66,false,false,"ok"
"100b9e90","FUN_100b9e90","Global",574,false,false,"ok"
"100ba0bf","Catch@100ba0bf","Global",112,false,false,"ok"
"100ba132","FUN_100ba132","Global",32,false,false,"ok"
"100ba161","Catch_All@100ba161","Global",56,false,false,"ok"
"100ba1a0","FUN_100ba1a0","Global",533,false,false,"ok"
"100ba3a6","Catch@100ba3a6","Global",112,false,false,"ok"
"100ba419","FUN_100ba419","Global",32,false,false,"ok"
"100ba448","Catch_All@100ba448","Global",56,false,false,"ok"
"100ba490","FUN_100ba490","Global",547,false,false,"ok"
"100ba6a4","Catch@100ba6a4","Global",112,false,false,"ok"
"100ba717","FUN_100ba717","Global",32,false,false,"ok"
"100ba746","Catch_All@100ba746","Global",56,false,false,"ok"
"100ba780","FUN_100ba780","Global",486,false,false,"ok"
"100ba957","Catch@100ba957","Global",112,false,false,"ok"
"100ba9ca","FUN_100ba9ca","Global",32,false,false,"ok"
"100ba9f9","Catch_All@100ba9f9","Global",56,false,false,"ok"
"100baa40","FUN_100baa40","Global",552,false,false,"ok"
"100bac59","Catch@100bac59","Global",112,false,false,"ok"
"100baccc","FUN_100baccc","Global",32,false,false,"ok"
"100bacfb","Catch_All@100bacfb","Global",56,false,false,"ok"
"100bad40","FUN_100bad40","Global",585,false,false,"ok"
"100baf7a","Catch@100baf7a","Global",112,false,false,"ok"
"100bafed","FUN_100bafed","Global",32,false,false,"ok"
"100bb01c","Catch_All@100bb01c","Global",56,false,false,"ok"
"100bb060","FUN_100bb060","Global",672,false,false,"ok"
"100bb2f1","Catch@100bb2f1","Global",112,false,false,"ok"
"100bb364","FUN_100bb364","Global",32,false,false,"ok"
"100bb393","Catch_All@100bb393","Global",56,false,false,"ok"
"100bb3d0","FUN_100bb3d0","Global",651,false,false,"ok"
"100bb64c","Catch@100bb64c","Global",112,false,false,"ok"
"100bb6bf","FUN_100bb6bf","Global",32,false,false,"ok"
"100bb6ee","Catch_All@100bb6ee","Global",65,false,false,"ok"
"100bb730","FUN_100bb730","Global",491,false,false,"ok"
"100bb90c","Catch@100bb90c","Global",112,false,false,"ok"
"100bb97f","FUN_100bb97f","Global",32,false,false,"ok"
"100bb9ae","Catch_All@100bb9ae","Global",56,false,false,"ok"
"100bb9f0","FUN_100bb9f0","Global",566,false,false,"ok"
"100bbc17","Catch@100bbc17","Global",112,false,false,"ok"
"100bbc8a","FUN_100bbc8a","Global",32,false,false,"ok"
"100bbcb9","Catch_All@100bbcb9","Global",56,false,false,"ok"
"100bbd00","FUN_100bbd00","Global",63,false,false,"ok"
"100bbd40","FUN_100bbd40","Global",722,false,false,"ok"
"100bc020","FUN_100bc020","Global",1021,false,false,"ok"
"100bc420","FUN_100bc420","Global",63,false,false,"ok"
"100bc460","FUN_100bc460","Global",17,false,false,"ok"
"100bc480","thunk_FUN_100964f0","Global",5,false,true,"ok"
"100bc490","FUN_100bc490","Global",88,false,false,"ok"
"100bc4f0","FUN_100bc4f0","Global",775,false,false,"ok"
"100bc800","FUN_100bc800","Global",649,false,false,"ok"
"100bcac0","FUN_100bcac0","Global",379,false,false,"ok"
"100bcc40","FUN_100bcc40","Global",214,false,false,"ok"
"100bcd20","FUN_100bcd20","Global",1024,false,false,"ok"
"100bd120","FUN_100bd120","Global",389,false,false,"ok"
"100bd2b0","FUN_100bd2b0","Global",768,false,false,"ok"
"100bd5b0","FUN_100bd5b0","Global",1516,false,false,"ok"
"100bdba0","FUN_100bdba0","Global",208,false,false,"ok"
"100bdc70","FUN_100bdc70","Global",212,false,false,"ok"
"100bdd50","FUN_100bdd50","Global",900,false,false,"ok"
"100be0e0","FUN_100be0e0","Global",375,false,false,"ok"
"100be260","FUN_100be260","Global",2316,false,false,"ok"
"100beba0","FUN_100beba0","Global",1357,false,false,"ok"
"100bf0f0","FUN_100bf0f0","Global",815,false,false,"ok"
"100bf420","FUN_100bf420","Global",776,false,false,"ok"
"100bf730","FUN_100bf730","Global",1569,false,false,"ok"
"100bfd60","FUN_100bfd60","Global",129,false,false,"ok"
"100bfdf0","FUN_100bfdf0","Global",314,false,false,"ok"
"100bff30","FUN_100bff30","Global",83,false,false,"ok"
"100bff90","FUN_100bff90","Global",91,false,false,"ok"
"100bfff0","FUN_100bfff0","Global",467,false,false,"ok"
"100c01d0","FUN_100c01d0","Global",70,false,false,"ok"
"100c0220","FUN_100c0220","Global",68,false,false,"ok"
"100c0270","FUN_100c0270","Global",16,false,false,"ok"
"100c0280","FUN_100c0280","Global",16,false,false,"ok"
"100c0290","FUN_100c0290","Global",16,false,false,"ok"
"100c02a0","FUN_100c02a0","Global",16,false,false,"ok"
"100c02b0","FUN_100c02b0","Global",68,false,false,"ok"
"100c0300","FUN_100c0300","Global",66,false,false,"ok"
"100c0350","FUN_100c0350","Global",62,false,false,"ok"
"100c0390","FUN_100c0390","Global",95,false,false,"ok"
"100c03f0","_Rehash_for_1","std::_Hash<std::_Uset_traits<std::basic_string<char,std::char_traits<char>,std::allocator<char>_>,std::_Uhash_compare<std::basic_string<char,std::char_traits<char>,std::allocator<char>_>,std::hash<std::basic_string<char,std::char_traits<char>,std::allocator<char>_>_>,std::equal_to<std::basic_string<char,std::char_traits<char>,std::allocator<char>_>_>_>,std::allocator<std::basic_string<char,std::char_traits<char>,std::allocator<char>_>_>,0>_>",132,false,false,"ok"
"100c0480","FUN_100c0480","Global",6,false,false,"ok"
"100c0490","FUN_100c0490","Global",6,false,false,"ok"
"100c04a0","FUN_100c04a0","Global",6,false,false,"ok"
"100c04b0","FUN_100c04b0","Global",6,false,false,"ok"
"100c04c0","FUN_100c04c0","Global",284,false,false,"ok"
"100c05e0","FUN_100c05e0","Global",333,false,false,"ok"
"100c072d","Catch_All@100c072d","Global",25,false,false,"ok"
"100c074c","FUN_100c074c","Global",190,false,false,"ok"
"100c0810","FUN_100c0810","Global",27,false,false,"ok"
"100c0830","FUN_100c0830","Global",63,false,false,"ok"
"100c0870","FUN_100c0870","Global",538,false,false,"ok"
"100c0a90","FUN_100c0a90","Global",285,false,false,"ok"
"100c0bb0","FUN_100c0bb0","Global",232,false,false,"ok"
"100c0ca0","FUN_100c0ca0","Global",86,false,false,"ok"
"100c0d00","FUN_100c0d00","Global",128,false,false,"ok"
"100c0d89","FUN_100c0d89","Global",33,false,false,"ok"
"100c0db0","FUN_100c0db0","Global",128,false,false,"ok"
"100c0e39","FUN_100c0e39","Global",48,false,false,"ok"
"100c0e70","FUN_100c0e70","Global",71,false,false,"ok"
"100c0ec0","FUN_100c0ec0","Global",38,false,false,"ok"
"100c0ef0","FUN_100c0ef0","Global",182,false,false,"ok"
"100c0fb0","FUN_100c0fb0","Global",529,false,false,"ok"
"100c11b2","Catch@100c11b2","Global",112,false,false,"ok"
"100c1225","FUN_100c1225","Global",32,false,false,"ok"
"100c1254","Catch_All@100c1254","Global",56,false,false,"ok"
"100c1290","FUN_100c1290","Global",491,false,false,"ok"
"100c146c","Catch@100c146c","Global",112,false,false,"ok"
"100c14df","FUN_100c14df","Global",32,false,false,"ok"
"100c150e","Catch_All@100c150e","Global",56,false,false,"ok"
"100c1550","FUN_100c1550","Global",562,false,false,"ok"
"100c1773","Catch@100c1773","Global",112,false,false,"ok"
"100c17e6","FUN_100c17e6","Global",32,false,false,"ok"
"100c1815","Catch_All@100c1815","Global",56,false,false,"ok"
"100c1850","FUN_100c1850","Global",550,false,false,"ok"
"100c1a67","Catch@100c1a67","Global",112,false,false,"ok"
"100c1ada","FUN_100c1ada","Global",32,false,false,"ok"
"100c1b09","Catch_All@100c1b09","Global",56,false,false,"ok"
"100c1b50","FUN_100c1b50","Global",482,false,false,"ok"
"100c1d23","Catch@100c1d23","Global",112,false,false,"ok"
"100c1d96","FUN_100c1d96","Global",32,false,false,"ok"
"100c1dc5","Catch_All@100c1dc5","Global",56,false,false,"ok"
"100c1e00","FUN_100c1e00","Global",512,false,false,"ok"
"100c1ff1","Catch@100c1ff1","Global",112,false,false,"ok"
"100c2064","FUN_100c2064","Global",32,false,false,"ok"
"100c2093","Catch_All@100c2093","Global",56,false,false,"ok"
"100c20d0","FUN_100c20d0","Global",544,false,false,"ok"
"100c22e1","Catch@100c22e1","Global",112,false,false,"ok"
"100c2354","FUN_100c2354","Global",32,false,false,"ok"
"100c2383","Catch_All@100c2383","Global",56,false,false,"ok"
"100c23c0","FUN_100c23c0","Global",496,false,false,"ok"
"100c25a1","Catch@100c25a1","Global",112,false,false,"ok"
"100c2614","FUN_100c2614","Global",32,false,false,"ok"
"100c2643","Catch_All@100c2643","Global",56,false,false,"ok"
"100c2680","FUN_100c2680","Global",359,false,false,"ok"
"100c27f0","FUN_100c27f0","Global",518,false,false,"ok"
"100c2a00","FUN_100c2a00","Global",197,false,false,"ok"
"100c2ad0","FUN_100c2ad0","Global",183,false,false,"ok"
"100c2b90","FUN_100c2b90","Global",37,false,false,"ok"
"100c2bc0","FUN_100c2bc0","Global",38,false,false,"ok"
"100c2bf0","FUN_100c2bf0","Global",64,false,false,"ok"
"100c2c40","FUN_100c2c40","Global",329,false,false,"ok"
"100c2d90","FUN_100c2d90","Global",25,false,false,"ok"
"100c2dc0","FUN_100c2dc0","Global",493,false,false,"ok"
"100c2fb0","FUN_100c2fb0","Global",138,false,false,"ok"
"100c3040","FUN_100c3040","Global",198,false,false,"ok"
"100c310b","FUN_100c310b","Global",8,false,false,"ok"
"100c3113","FUN_100c3113","Global",8,false,false,"ok"
"100c3120","FUN_100c3120","Global",35,false,false,"ok"
"100c3150","FUN_100c3150","Global",41,false,false,"ok"
"100c3180","FUN_100c3180","Global",41,false,false,"ok"
"100c31b0","FUN_100c31b0","Global",36,false,false,"ok"
"100c31e0","FUN_100c31e0","Global",402,false,false,"ok"
"100c3380","FUN_100c3380","Global",1798,false,false,"ok"
"100c3a90","FUN_100c3a90","Global",1239,false,false,"ok"
"100c3f70","FUN_100c3f70","Global",33,false,false,"ok"
"100c3fa0","FUN_100c3fa0","Global",1045,false,false,"ok"
"100c43c0","FUN_100c43c0","Global",1260,false,false,"ok"
"100c48b0","FUN_100c48b0","Global",221,false,false,"ok"
"100c4990","FUN_100c4990","Global",167,false,false,"ok"
"100c4a40","FUN_100c4a40","Global",189,false,false,"ok"
"100c4b00","FUN_100c4b00","Global",333,false,false,"ok"
"100c4c50","FUN_100c4c50","Global",5037,false,false,"ok"
"100c6000","FUN_100c6000","Global",243,false,false,"ok"
"100c60cc","Catch_All@100c60cc","Global",6,false,false,"ok"
"100c60ee","FUN_100c60ee","Global",95,false,false,"ok"
"100c6180","FUN_100c6180","Global",260,false,false,"ok"
"100c6290","FUN_100c6290","Global",137,false,false,"ok"
"100c6320","FUN_100c6320","Global",134,false,false,"ok"
"100c63b0","FUN_100c63b0","Global",899,false,false,"ok"
"100c6740","FUN_100c6740","Global",164,false,false,"ok"
"100c67f0","FUN_100c67f0","Global",3431,false,false,"ok"
"100c7560","FUN_100c7560","Global",330,false,false,"ok"
"100c76b0","FUN_100c76b0","Global",371,false,false,"ok"
"100c7830","FUN_100c7830","Global",763,false,false,"ok"
"100c7b30","FUN_100c7b30","Global",16,false,false,"ok"
"100c7b40","FUN_100c7b40","Global",8,false,false,"ok"
"100c7b50","FUN_100c7b50","Global",205,false,false,"ok"
"100c7c20","FUN_100c7c20","Global",232,false,false,"ok"
"100c7d10","_Initcvt","std::basic_filebuf<char,std::char_traits<char>_>",138,false,false,"ok"
"100c7da0","FUN_100c7da0","Global",15,false,false,"ok"
"100c7db0","_Reset_back","std::basic_filebuf<char,std::char_traits<char>_>",35,false,false,"ok"
"100c7de0","FUN_100c7de0","Global",6,false,false,"ok"
"100c7df0","FUN_100c7df0","Global",12,false,false,"ok"
"100c7e00","FUN_100c7e00","Global",16,false,false,"ok"
"100c7e10","FUN_100c7e10","Global",15,false,false,"ok"
"100c7e20","FUN_100c7e20","Global",102,false,false,"ok"
"100c7e90","FUN_100c7e90","Global",324,false,false,"ok"
"100c7fe0","FUN_100c7fe0","Global",3,false,false,"ok"
"100c7ff0","FUN_100c7ff0","Global",6,false,false,"ok"
"100c8000","FUN_100c8000","Global",28,false,false,"ok"
"100c8020","FUN_100c8020","Global",21,false,false,"ok"
"100c8040","FUN_100c8040","Global",20,false,false,"ok"
"100c8060","imbue","std::basic_filebuf<char,std::char_traits<char>_>",30,false,false,"ok"
"100c8080","FUN_100c8080","Global",381,false,false,"ok"
"100c8200","pbackfail","std::basic_filebuf<char,std::char_traits<char>_>",170,false,false,"ok"
"100c82b0","FUN_100c82b0","Global",279,false,false,"ok"
"100c83d0","FUN_100c83d0","Global",251,false,false,"ok"
"100c84d0","FUN_100c84d0","Global",215,false,false,"ok"
"100c85b0","FUN_100c85b0","Global",197,false,false,"ok"
"100c8680","setbuf","std::basic_filebuf<char,std::char_traits<char>_>",82,false,false,"ok"
"100c86e0","FUN_100c86e0","Global",48,false,false,"ok"
"100c8710","FUN_100c8710","Global",845,false,false,"ok"
"100c8a60","underflow","std::basic_filebuf<char,std::char_traits<char>_>",61,false,false,"ok"
"100c8aa0","FUN_100c8aa0","Global",459,false,false,"ok"
"100c8c70","FUN_100c8c70","Global",423,false,false,"ok"
"100c8e20","FUN_100c8e20","Global",20,false,false,"ok"
"100c8e40","FUN_100c8e40","Global",189,false,false,"ok"
"100c8f00","FUN_100c8f00","Global",549,false,false,"ok"
"100c9130","FUN_100c9130","Global",406,false,false,"ok"
"100c92d0","FUN_100c92d0","Global",336,false,false,"ok"
"100c9420","FUN_100c9420","Global",161,false,false,"ok"
"100c94d0","FUN_100c94d0","Global",157,false,false,"ok"
"100c9570","FUN_100c9570","Global",294,false,false,"ok"
"100c96a0","FUN_100c96a0","Global",28,false,false,"ok"
"100c96c0","FUN_100c96c0","Global",98,false,false,"ok"
"100c9730","FUN_100c9730","Global",108,false,false,"ok"
"100c97a0","FUN_100c97a0","Global",412,false,false,"ok"
"100c9940","FUN_100c9940","Global",429,false,false,"ok"
"100c9af0","FUN_100c9af0","Global",412,false,false,"ok"
"100c9c90","FUN_100c9c90","Global",95,false,false,"ok"
"100c9cf0","FUN_100c9cf0","Global",95,false,false,"ok"
"100c9d50","FUN_100c9d50","Global",95,false,false,"ok"
"100c9db0","FUN_100c9db0","Global",105,false,false,"ok"
"100c9e20","FUN_100c9e20","Global",98,false,false,"ok"
"100c9e90","FUN_100c9e90","Global",383,false,false,"ok"
"100ca010","FUN_100ca010","Global",334,false,false,"ok"
"100ca160","FUN_100ca160","Global",355,false,false,"ok"
"100ca2d0","FUN_100ca2d0","Global",107,false,false,"ok"
"100ca340","FUN_100ca340","Global",63,false,false,"ok"
"100ca380","FUN_100ca380","Global",32,false,false,"ok"
"100ca3a0","FUN_100ca3a0","Global",690,false,false,"ok"
"100ca660","FUN_100ca660","Global",518,false,false,"ok"
"100ca870","FUN_100ca870","Global",170,false,false,"ok"
"100ca920","FUN_100ca920","Global",75,false,false,"ok"
"100ca970","FUN_100ca970","Global",331,false,false,"ok"
"100caac0","FUN_100caac0","Global",444,false,false,"ok"
"100cac80","FUN_100cac80","Global",481,false,false,"ok"
"100cae70","FUN_100cae70","Global",602,false,false,"ok"
"100cb0d0","FUN_100cb0d0","Global",474,false,false,"ok"
"100cb2b0","FUN_100cb2b0","Global",140,false,false,"ok"
"100cb340","FUN_100cb340","Global",95,false,false,"ok"
"100cb3a0","FUN_100cb3a0","Global",96,false,false,"ok"
"100cb400","FUN_100cb400","Global",46,false,false,"ok"
"100cb430","FUN_100cb430","Global",299,false,false,"ok"
"100cb560","FUN_100cb560","Global",299,false,false,"ok"
"100cb690","FUN_100cb690","Global",299,false,false,"ok"
"100cb7c0","FUN_100cb7c0","Global",13,false,false,"ok"
"100cb7d0","FUN_100cb7d0","Global",205,false,false,"ok"
"100cb8a0","FUN_100cb8a0","Global",66,false,false,"ok"
"100cb8f0","FUN_100cb8f0","Global",476,false,false,"ok"
"100cbabd","Catch@100cbabd","Global",112,false,false,"ok"
"100cbb30","FUN_100cbb30","Global",32,false,false,"ok"
"100cbb5f","Catch_All@100cbb5f","Global",56,false,false,"ok"
"100cbba0","FUN_100cbba0","Global",476,false,false,"ok"
"100cbd6d","Catch@100cbd6d","Global",112,false,false,"ok"
"100cbde0","FUN_100cbde0","Global",32,false,false,"ok"
"100cbe0f","Catch_All@100cbe0f","Global",56,false,false,"ok"
"100cbe50","FUN_100cbe50","Global",681,false,false,"ok"
"100cc100","FUN_100cc100","Global",66,false,false,"ok"
"100cc150","FUN_100cc150","Global",16,false,false,"ok"
"100cc170","FUN_100cc170","Global",388,false,false,"ok"
"100cc300","FUN_100cc300","Global",298,false,false,"ok"
"100cc430","FUN_100cc430","Global",298,false,false,"ok"
"100cc560","FUN_100cc560","Global",298,false,false,"ok"
"100cc690","FUN_100cc690","Global",61,false,false,"ok"
"100cc6d0","FUN_100cc6d0","Global",109,false,false,"ok"
"100cc740","FUN_100cc740","Global",69,false,false,"ok"
"100cc790","FUN_100cc790","Global",139,false,false,"ok"
"100cc820","FUN_100cc820","Global",436,false,false,"ok"
"100cc9e0","FUN_100cc9e0","Global",38,false,false,"ok"
"100cca10","FUN_100cca10","Global",65,false,false,"ok"
"100cca60","FUN_100cca60","Global",80,false,false,"ok"
"100ccab0","FUN_100ccab0","Global",51,false,false,"ok"
"100ccaf0","FUN_100ccaf0","Global",63,false,false,"ok"
"100ccb30","FUN_100ccb30","Global",51,false,false,"ok"
"100ccb70","FUN_100ccb70","Global",66,false,false,"ok"
"100ccbc0","FUN_100ccbc0","Global",194,false,false,"ok"
"100ccc90","FUN_100ccc90","Global",23,false,false,"ok"
"100cccb0","FUN_100cccb0","Global",47,false,false,"ok"
"100ccce0","FUN_100ccce0","Global",19,false,false,"ok"
"100ccd00","FUN_100ccd00","Global",60,false,false,"ok"
"100ccd40","FUN_100ccd40","Global",38,false,false,"ok"
"100ccd70","FUN_100ccd70","Global",99,false,false,"ok"
"100ccde0","FUN_100ccde0","Global",41,false,false,"ok"
"100cce10","thunk_FUN_100cce40","Global",5,false,true,"ok"
"100cce20","thunk_FUN_100ccf20","Global",5,false,true,"ok"
"100cce30","thunk_FUN_100cd000","Global",5,false,true,"ok"
"100cce40","FUN_100cce40","Global",218,false,false,"ok"
"100ccf20","FUN_100ccf20","Global",218,false,false,"ok"
"100cd000","FUN_100cd000","Global",218,false,false,"ok"
"100cd0e0","FUN_100cd0e0","Global",25,false,false,"ok"
"100cd100","thunk_FUN_100cd180","Global",5,false,true,"ok"
"100cd110","FUN_100cd110","Global",15,false,false,"ok"
"100cd120","FUN_100cd120","Global",81,false,false,"ok"
"100cd180","FUN_100cd180","Global",90,false,false,"ok"
"100cd1e0","FUN_100cd1e0","Global",90,false,false,"ok"
"100cd240","FUN_100cd240","Global",120,false,false,"ok"
"100cd2c0","FUN_100cd2c0","Global",136,false,false,"ok"
"100cd350","thunk_FUN_10013fd0","Global",5,false,true,"ok"
"100cd360","FUN_100cd360","Global",54,false,false,"ok"
"100cd3a0","FUN_100cd3a0","Global",86,false,false,"ok"
"100cd410","FUN_100cd410","Global",18,false,false,"ok"
"100cd430","FUN_100cd430","Global",48,false,false,"ok"
"100cd460","FUN_100cd460","Global",8,false,false,"ok"
"100cd470","FUN_100cd470","Global",56,false,false,"ok"
"100cd4b0","FUN_100cd4b0","Global",179,false,false,"ok"
"100cd570","FUN_100cd570","Global",82,false,false,"ok"
"100cd5d0","FUN_100cd5d0","Global",8,false,false,"ok"
"100cd5e0","FUN_100cd5e0","Global",155,false,false,"ok"
"100cd680","FUN_100cd680","Global",313,false,false,"ok"
"100cd7c0","FUN_100cd7c0","Global",309,false,false,"ok"
"100cd900","FUN_100cd900","Global",93,false,false,"ok"
"100cd960","FUN_100cd960","Global",4,false,false,"ok"
"100cd970","FUN_100cd970","Global",164,false,false,"ok"
"100cda20","FUN_100cda20","Global",326,false,false,"ok"
"100cdb70","FUN_100cdb70","Global",331,false,false,"ok"
"100cdcbb","Catch_All@100cdcbb","Global",45,false,false,"ok"
"100cdcf0","FUN_100cdcf0","Global",115,false,false,"ok"
"100cdd70","FUN_100cdd70","Global",89,false,false,"ok"
"100cddd0","FUN_100cddd0","Global",58,false,false,"ok"
"100cde10","FUN_100cde10","Global",151,false,false,"ok"
"100cdeb0","FUN_100cdeb0","Global",151,false,false,"ok"
"100cdf50","FUN_100cdf50","Global",38,false,false,"ok"
"100cdf80","FUN_100cdf80","Global",39,false,false,"ok"
"100cdfb0","FUN_100cdfb0","Global",36,false,false,"ok"
"100cdfe0","FUN_100cdfe0","Global",164,false,false,"ok"
"100ce090","FUN_100ce090","Global",179,false,false,"ok"
"100ce150","FUN_100ce150","Global",35,false,false,"ok"
"100ce180","FUN_100ce180","Global",35,false,false,"ok"
"100ce1b0","FUN_100ce1b0","Global",35,false,false,"ok"
"100ce1e0","FUN_100ce1e0","Global",90,false,false,"ok"
"100ce240","FUN_100ce240","Global",36,false,false,"ok"
"100ce270","`scalar_deleting_destructor'","std::_Facet_base",36,false,false,"ok"
"100ce2a0","FUN_100ce2a0","Global",38,false,false,"ok"
"100ce2d0","FUN_100ce2d0","Global",265,false,false,"ok"
"100ce3e0","FUN_100ce3e0","Global",265,false,false,"ok"
"100ce4f0","FUN_100ce4f0","Global",693,false,false,"ok"
"100ce7b0","FUN_100ce7b0","Global",688,false,false,"ok"
"100cea70","FUN_100cea70","Global",79,false,false,"ok"
"100ceac0","FUN_100ceac0","Global",222,false,false,"ok"
"100ceba0","FUN_100ceba0","Global",91,false,false,"ok"
"100cec00","FUN_100cec00","Global",922,false,false,"ok"
"100cefa0","FUN_100cefa0","Global",724,false,false,"ok"
"100cf280","FUN_100cf280","Global",1602,false,false,"ok"
"100cf8d0","FUN_100cf8d0","Global",599,false,false,"ok"
"100cfb30","FUN_100cfb30","Global",2514,false,false,"ok"
"100d0510","FUN_100d0510","Global",73,false,false,"ok"
"100d0560","FUN_100d0560","Global",2150,false,false,"ok"
"100d0dd0","FUN_100d0dd0","Global",268,false,false,"ok"
"100d0ee0","FUN_100d0ee0","Global",268,false,false,"ok"
"100d0ff0","FUN_100d0ff0","Global",801,false,false,"ok"
"100d1320","FUN_100d1320","Global",272,false,false,"ok"
"100d1430","FUN_100d1430","Global",144,false,false,"ok"
"100d14c0","FUN_100d14c0","Global",1894,false,false,"ok"
"100d1c30","FUN_100d1c30","Global",2337,false,false,"ok"
"100d2560","FUN_100d2560","Global",494,false,false,"ok"
"100d2750","FUN_100d2750","Global",676,false,false,"ok"
"100d2a00","FUN_100d2a00","Global",586,false,false,"ok"
"100d2c50","FUN_100d2c50","Global",2174,false,false,"ok"
"100d34d0","FUN_100d34d0","Global",3800,false,false,"ok"
"100d3af2","Catch@100d3af2","Global",172,false,false,"ok"
"100d3b9e","Catch_All@100d3b9e","Global",144,false,false,"ok"
"100d44a1","Catch@100d44a1","Global",67,false,false,"ok"
"100d44e4","Catch_All@100d44e4","Global",39,false,false,"ok"
"100d4560","FUN_100d4560","Global",93,false,false,"ok"
"100d45c0","FUN_100d45c0","Global",2599,false,false,"ok"
"100d4ff0","FUN_100d4ff0","Global",449,false,false,"ok"
"100d51c0","FUN_100d51c0","Global",120,false,false,"ok"
"100d5240","FUN_100d5240","Global",319,false,false,"ok"
"100d5361","Catch_All@100d5361","Global",28,false,false,"ok"
"100d53a0","FUN_100d53a0","Global",96,false,false,"ok"
"100d5400","FUN_100d5400","Global",427,false,false,"ok"
"100d55b0","FUN_100d55b0","Global",285,false,false,"ok"
"100d56d0","FUN_100d56d0","Global",103,false,false,"ok"
"100d5740","FUN_100d5740","Global",147,false,false,"ok"
"100d57e0","FUN_100d57e0","Global",126,false,false,"ok"
"100d5860","FUN_100d5860","Global",147,false,false,"ok"
"100d5900","FUN_100d5900","Global",79,false,false,"ok"
"100d5950","FUN_100d5950","Global",22,false,false,"ok"
"100d5970","FUN_100d5970","Global",16,false,false,"ok"
"100d5980","FUN_100d5980","Global",16,false,false,"ok"
"100d5990","FUN_100d5990","Global",124,false,false,"ok"
"100d5a10","FUN_100d5a10","Global",22,false,false,"ok"
"100d5a30","FUN_100d5a30","Global",22,false,false,"ok"
"100d5a50","FUN_100d5a50","Global",22,false,false,"ok"
"100d5a70","FUN_100d5a70","Global",22,false,false,"ok"
"100d5a90","FUN_100d5a90","Global",22,false,false,"ok"
"100d5ab0","FUN_100d5ab0","Global",22,false,false,"ok"
"100d5ad0","FUN_100d5ad0","Global",22,false,false,"ok"
"100d5af0","FUN_100d5af0","Global",22,false,false,"ok"
"100d5b10","FUN_100d5b10","Global",22,false,false,"ok"
"100d5b30","FUN_100d5b30","Global",22,false,false,"ok"
"100d5b50","FUN_100d5b50","Global",65,false,false,"ok"
"100d5ba0","FUN_100d5ba0","Global",22,false,false,"ok"
"100d5bc0","FUN_100d5bc0","Global",16,false,false,"ok"
"100d5bd0","FUN_100d5bd0","Global",159,false,false,"ok"
"100d5c70","FUN_100d5c70","Global",159,false,false,"ok"
"100d5d10","FUN_100d5d10","Global",159,false,false,"ok"
"100d5db0","FUN_100d5db0","Global",10,false,false,"ok"
"100d5dc0","FUN_100d5dc0","Global",739,false,false,"ok"
"100d60b0","FUN_100d60b0","Global",61,false,false,"ok"
"100d60f0","FUN_100d60f0","Global",72,false,false,"ok"
"100d6140","FUN_100d6140","Global",24,false,false,"ok"
"100d6160","FUN_100d6160","Global",357,false,false,"ok"
"100d62e0","FUN_100d62e0","Global",11,false,false,"ok"
"100d62f0","FUN_100d62f0","Global",8,false,false,"ok"
"100d6300","FUN_100d6300","Global",11,false,false,"ok"
"100d6310","FUN_100d6310","Global",8,false,false,"ok"
"100d6320","thunk_FUN_100d0560","Global",5,false,true,"ok"
"100d6330","FUN_100d6330","Global",89,false,false,"ok"
"100d6390","FUN_100d6390","Global",19,false,false,"ok"
"100d63b0","FUN_100d63b0","Global",29,false,false,"ok"
"100d63d0","FUN_100d63d0","Global",97,false,false,"ok"
"100d6440","FUN_100d6440","Global",8,false,false,"ok"
"100d6450","FUN_100d6450","Global",14,false,false,"ok"
"100d6460","FUN_100d6460","Global",8,false,false,"ok"
"100d6470","thunk_FUN_100cec00","Global",5,false,true,"ok"
"100d6480","FUN_100d6480","Global",166,false,false,"ok"
"100d6530","FUN_100d6530","Global",44,false,false,"ok"
"100d6560","FUN_100d6560","Global",77,false,false,"ok"
"100d65b0","FUN_100d65b0","Global",198,false,false,"ok"
"100d6680","FUN_100d6680","Global",117,false,false,"ok"
"100d6700","FUN_100d6700","Global",355,false,false,"ok"
"100d6870","FUN_100d6870","Global",308,false,false,"ok"
"100d69b0","FUN_100d69b0","Global",332,false,false,"ok"
"100d6b00","FUN_100d6b00","Global",8,false,false,"ok"
"100d6b10","FUN_100d6b10","Global",3,false,false,"ok"
"100d6b20","FUN_100d6b20","Global",376,false,false,"ok"
"100d6ca0","FUN_100d6ca0","Global",150,false,false,"ok"
"100d6d40","FUN_100d6d40","Global",68,false,false,"ok"
"100d6d90","FUN_100d6d90","Global",33,false,false,"ok"
"100d6dc0","FUN_100d6dc0","Global",239,false,false,"ok"
"100d6eb0","FUN_100d6eb0","Global",46,false,false,"ok"
"100d6ee0","FUN_100d6ee0","Global",83,false,false,"ok"
"100d6f40","FUN_100d6f40","Global",240,false,false,"ok"
"100d7030","FUN_100d7030","Global",185,false,false,"ok"
"100d70f0","FUN_100d70f0","Global",306,false,false,"ok"
"100d7230","FUN_100d7230","Global",178,false,false,"ok"
"100d72e2","Catch@100d72e2","Global",6,false,false,"ok"
"100d72e8","Catch@100d72e8","Global",6,false,false,"ok"
"100d72ee","Catch_All@100d72ee","Global",51,false,false,"ok"
"100d7330","FUN_100d7330","Global",251,false,false,"ok"
"100d7430","FUN_100d7430","Global",6,false,false,"ok"
"100d7440","FUN_100d7440","Global",6,false,false,"ok"
"100d7450","FUN_100d7450","Global",6,false,false,"ok"
"100d7460","FUN_100d7460","Global",6,false,false,"ok"
"100d7470","FUN_100d7470","Global",6,false,false,"ok"
"100d7480","FUN_100d7480","Global",6,false,false,"ok"
"100d7490","FUN_100d7490","Global",6,false,false,"ok"
"100d74a0","FUN_100d74a0","Global",6,false,false,"ok"
"100d74b0","FUN_100d74b0","Global",6,false,false,"ok"
"100d74c0","FUN_100d74c0","Global",6,false,false,"ok"
"100d74d0","FUN_100d74d0","Global",6,false,false,"ok"
"100d74e0","FUN_100d74e0","Global",6,false,false,"ok"
"100d74f0","FUN_100d74f0","Global",6,false,false,"ok"
"100d7500","FUN_100d7500","Global",6,false,false,"ok"
"100d7510","FUN_100d7510","Global",6,false,false,"ok"
"100d7520","FUN_100d7520","Global",6,false,false,"ok"
"100d7530","FUN_100d7530","Global",6,false,false,"ok"
"100d7540","FUN_100d7540","Global",6,false,false,"ok"
"100d7550","FUN_100d7550","Global",6,false,false,"ok"
"100d7560","FUN_100d7560","Global",6,false,false,"ok"
"100d7570","FUN_100d7570","Global",6,false,false,"ok"
"100d7580","FUN_100d7580","Global",31,false,false,"ok"
"100d75a0","FUN_100d75a0","Global",48,false,false,"ok"
"100d75e0","FUN_100d75e0","Global",201,false,false,"ok"
"100d76b0","FUN_100d76b0","Global",19,false,false,"ok"
"100d76d0","FUN_100d76d0","Global",82,false,false,"ok"
"100d7730","FUN_100d7730","Global",81,false,false,"ok"
"100d7781","Catch@100d7781","Global",6,false,false,"ok"
"100d7787","Catch@100d7787","Global",6,false,false,"ok"
"100d7793","FUN_100d7793","Global",59,false,false,"ok"
"100d77ce","Catch_All@100d77ce","Global",78,false,false,"ok"
"100d7820","FUN_100d7820","Global",99,false,false,"ok"
"100d78a0","FUN_100d78a0","Global",17,false,false,"ok"
"100d78c0","FUN_100d78c0","Global",17,false,false,"ok"
"100d78e0","FUN_100d78e0","Global",856,false,false,"ok"
"100d7c40","FUN_100d7c40","Global",895,false,false,"ok"
"100d7fc0","FUN_100d7fc0","Global",895,false,false,"ok"
"100d8340","FUN_100d8340","Global",384,false,false,"ok"
"100d84c0","FUN_100d84c0","Global",39,false,false,"ok"
"100d84f0","FUN_100d84f0","Global",40,false,false,"ok"
"100d8520","FUN_100d8520","Global",70,false,false,"ok"
"100d8570","FUN_100d8570","Global",82,false,false,"ok"
"100d85d0","FUN_100d85d0","Global",156,false,false,"ok"
"100d8670","FUN_100d8670","Global",176,false,false,"ok"
"100d8720","FUN_100d8720","Global",176,false,false,"ok"
"100d87d0","FUN_100d87d0","Global",176,false,false,"ok"
"100d8880","FUN_100d8880","Global",401,false,false,"ok"
"100d8a20","FUN_100d8a20","Global",401,false,false,"ok"
"100d8bc0","FUN_100d8bc0","Global",401,false,false,"ok"
"100d8d60","FUN_100d8d60","Global",196,false,false,"ok"
"100d8e0f","Catch@100d8e0f","Global",29,false,false,"ok"
"100d8e2c","Catch@100d8e2c","Global",29,false,false,"ok"
"100d8e49","Catch_All@100d8e49","Global",48,false,false,"ok"
"100d8e7c","FUN_100d8e7c","Global",38,false,false,"ok"
"100d8ec0","FUN_100d8ec0","Global",20,false,false,"ok"
"100d8ee0","FUN_100d8ee0","Global",156,false,false,"ok"
"100d8f90","FUN_100d8f90","Global",6,false,false,"ok"
"100d8fa0","FUN_100d8fa0","Global",242,false,false,"ok"
"100d90a0","FUN_100d90a0","Global",173,false,false,"ok"
"100d914d","Catch_All@100d914d","Global",25,false,false,"ok"
"100d916c","FUN_100d916c","Global",159,false,false,"ok"
"100d9210","FUN_100d9210","Global",51,false,false,"ok"
"100d9250","FUN_100d9250","Global",118,false,false,"ok"
"100d92d0","FUN_100d92d0","Global",274,false,false,"ok"
"100d93a2","Catch_All@100d93a2","Global",25,false,false,"ok"
"100d93c6","FUN_100d93c6","Global",154,false,false,"ok"
"100d94b0","FUN_100d94b0","Global",72,false,false,"ok"
"100d9500","FUN_100d9500","Global",244,false,false,"ok"
"100d9600","FUN_100d9600","Global",43,false,false,"ok"
"100d9640","FUN_100d9640","Global",48,false,false,"ok"
"100d9670","FUN_100d9670","Global",50,false,false,"ok"
"100d96b0","_sprintf_s","Global",46,false,false,"ok"
"100d96e0","FUN_100d96e0","Global",473,false,false,"ok"
"100d98c0","FUN_100d98c0","Global",478,false,false,"ok"
"100d9aa0","FUN_100d9aa0","Global",396,false,false,"ok"
"100d9c30","FUN_100d9c30","Global",540,false,false,"ok"
"100d9e50","FUN_100d9e50","Global",526,false,false,"ok"
"100da060","FUN_100da060","Global",82,false,false,"ok"
"100da0c0","FUN_100da0c0","Global",151,false,false,"ok"
"100da160","FUN_100da160","Global",210,false,false,"ok"
"100da240","FUN_100da240","Global",117,false,false,"ok"
"100da2c0","FUN_100da2c0","Global",151,false,false,"ok"
"100da360","FUN_100da360","Global",107,false,false,"ok"
"100da3d0","FUN_100da3d0","Global",107,false,false,"ok"
"100da440","FUN_100da440","Global",608,false,false,"ok"
"100da691","Catch@100da691","Global",112,false,false,"ok"
"100da704","FUN_100da704","Global",32,false,false,"ok"
"100da733","Catch_All@100da733","Global",65,false,false,"ok"
"100da780","FUN_100da780","Global",491,false,false,"ok"
"100da95c","Catch@100da95c","Global",112,false,false,"ok"
"100da9cf","FUN_100da9cf","Global",32,false,false,"ok"
"100da9fe","Catch_All@100da9fe","Global",56,false,false,"ok"
"100daa40","FUN_100daa40","Global",666,false,false,"ok"
"100daccb","Catch@100daccb","Global",112,false,false,"ok"
"100dad3e","FUN_100dad3e","Global",32,false,false,"ok"
"100dad6d","Catch_All@100dad6d","Global",65,false,false,"ok"
"100dadb0","FUN_100dadb0","Global",708,false,false,"ok"
"100db065","Catch@100db065","Global",112,false,false,"ok"
"100db0d8","FUN_100db0d8","Global",32,false,false,"ok"
"100db107","Catch_All@100db107","Global",65,false,false,"ok"
"100db150","FUN_100db150","Global",599,false,false,"ok"
"100db398","Catch@100db398","Global",112,false,false,"ok"
"100db40b","FUN_100db40b","Global",32,false,false,"ok"
"100db43a","Catch_All@100db43a","Global",56,false,false,"ok"
"100db480","FUN_100db480","Global",628,false,false,"ok"
"100db6e5","Catch@100db6e5","Global",112,false,false,"ok"
"100db758","FUN_100db758","Global",32,false,false,"ok"
"100db787","Catch_All@100db787","Global",65,false,false,"ok"
"100db7d0","FUN_100db7d0","Global",587,false,false,"ok"
"100dba0c","Catch@100dba0c","Global",112,false,false,"ok"
"100dba7f","FUN_100dba7f","Global",32,false,false,"ok"
"100dbaae","Catch_All@100dbaae","Global",56,false,false,"ok"
"100dbaf0","FUN_100dbaf0","Global",163,false,false,"ok"
"100dbba0","FUN_100dbba0","Global",508,false,false,"ok"
"100dbda0","FUN_100dbda0","Global",1854,false,false,"ok"
"100dc4f0","FUN_100dc4f0","Global",396,false,false,"ok"
"100dc680","FUN_100dc680","Global",16,false,false,"ok"
"100dc690","FUN_100dc690","Global",16,false,false,"ok"
"100dc6a0","FUN_100dc6a0","Global",230,false,false,"ok"
"100dc790","FUN_100dc790","Global",101,false,false,"ok"
"100dc800","FUN_100dc800","Global",6,false,false,"ok"
"100dc810","FUN_100dc810","Global",6,false,false,"ok"
"100dc820","FUN_100dc820","Global",41,false,false,"ok"
"100dc850","FUN_100dc850","Global",501,false,false,"ok"
"100dca50","FUN_100dca50","Global",501,false,false,"ok"
"100dcc50","FUN_100dcc50","Global",344,false,false,"ok"
"100dcdb0","FUN_100dcdb0","Global",344,false,false,"ok"
"100dcf10","FUN_100dcf10","Global",298,false,false,"ok"
"100dd040","FUN_100dd040","Global",298,false,false,"ok"
"100dd170","thunk_FUN_100dd190","Global",5,false,true,"ok"
"100dd180","thunk_FUN_100dd270","Global",5,false,true,"ok"
"100dd190","FUN_100dd190","Global",218,false,false,"ok"
"100dd270","FUN_100dd270","Global",218,false,false,"ok"
"100dd350","FUN_100dd350","Global",1607,false,false,"ok"
"100dd9a0","FUN_100dd9a0","Global",107,false,false,"ok"
"100dda10","FUN_100dda10","Global",103,false,false,"ok"
"100dda80","FUN_100dda80","Global",35,false,false,"ok"
"100ddab0","FUN_100ddab0","Global",35,false,false,"ok"
"100ddae0","FUN_100ddae0","Global",192,false,false,"ok"
"100ddba0","FUN_100ddba0","Global",16,false,false,"ok"
"100ddbb0","FUN_100ddbb0","Global",16,false,false,"ok"
"100ddbc0","FUN_100ddbc0","Global",16,false,false,"ok"
"100ddbd0","FUN_100ddbd0","Global",22,false,false,"ok"
"100ddbf0","FUN_100ddbf0","Global",22,false,false,"ok"
"100ddc10","FUN_100ddc10","Global",16,false,false,"ok"
"100ddc20","FUN_100ddc20","Global",159,false,false,"ok"
"100ddcc0","FUN_100ddcc0","Global",159,false,false,"ok"
"100ddd60","FUN_100ddd60","Global",274,false,false,"ok"
"100dde80","FUN_100dde80","Global",249,false,false,"ok"
"100ddf80","FUN_100ddf80","Global",113,false,false,"ok"
"100de000","FUN_100de000","Global",23,false,false,"ok"
"100de020","FUN_100de020","Global",8,false,false,"ok"
"100de030","FUN_100de030","Global",146,false,false,"ok"
"100de0d0","FUN_100de0d0","Global",160,false,false,"ok"
"100de180","FUN_100de180","Global",6,false,false,"ok"
"100de190","FUN_100de190","Global",6,false,false,"ok"
"100de1a0","FUN_100de1a0","Global",6,false,false,"ok"
"100de1b0","FUN_100de1b0","Global",6,false,false,"ok"
"100de1c0","FUN_100de1c0","Global",6,false,false,"ok"
"100de1d0","FUN_100de1d0","Global",6,false,false,"ok"
"100de1e0","FUN_100de1e0","Global",6,false,false,"ok"
"100de1f0","FUN_100de1f0","Global",6,false,false,"ok"
"100de200","FUN_100de200","Global",363,false,false,"ok"
"100de380","FUN_100de380","Global",17,false,false,"ok"
"100de3a0","FUN_100de3a0","Global",638,false,false,"ok"
"100de620","FUN_100de620","Global",669,false,false,"ok"
"100de8c0","FUN_100de8c0","Global",291,false,false,"ok"
"100de9f0","FUN_100de9f0","Global",291,false,false,"ok"
"100deb20","FUN_100deb20","Global",269,false,false,"ok"
"100dec30","FUN_100dec30","Global",401,false,false,"ok"
"100dedd0","FUN_100dedd0","Global",401,false,false,"ok"
"100def70","FUN_100def70","Global",531,false,false,"ok"
"100df174","Catch@100df174","Global",112,false,false,"ok"
"100df1e7","FUN_100df1e7","Global",32,false,false,"ok"
"100df216","Catch_All@100df216","Global",56,false,false,"ok"
"100df250","FUN_100df250","Global",1121,false,false,"ok"
"100df6c0","FUN_100df6c0","Global",569,false,false,"ok"
"100df900","FUN_100df900","Global",428,false,false,"ok"
"100dfab0","FUN_100dfab0","Global",159,false,false,"ok"
"100dfb50","FUN_100dfb50","Global",362,false,false,"ok"
"100dfcc0","FUN_100dfcc0","Global",588,false,false,"ok"
"100dff10","FUN_100dff10","Global",16,false,false,"ok"
"100dff20","FUN_100dff20","Global",16,false,false,"ok"
"100dff30","FUN_100dff30","Global",16,false,false,"ok"
"100dff40","FUN_100dff40","Global",16,false,false,"ok"
"100dff50","FUN_100dff50","Global",181,false,false,"ok"
"100e0010","FUN_100e0010","Global",43,false,false,"ok"
"100e0040","FUN_100e0040","Global",8,false,false,"ok"
"100e0050","thunk_FUN_100dfcc0","Global",5,false,true,"ok"
"100e0060","FUN_100e0060","Global",6,false,false,"ok"
"100e0070","FUN_100e0070","Global",6,false,false,"ok"
"100e0080","FUN_100e0080","Global",6,false,false,"ok"
"100e0090","FUN_100e0090","Global",6,false,false,"ok"
"100e00a0","FUN_100e00a0","Global",136,false,false,"ok"
"100e0130","FUN_100e0130","Global",479,false,false,"ok"
"100e0310","FUN_100e0310","Global",3010,false,false,"ok"
"100e0ee0","FUN_100e0ee0","Global",16,false,false,"ok"
"100e0ef0","thunk_FUN_100e0310","Global",5,false,true,"ok"
"100e0f00","FUN_100e0f00","Global",6,false,false,"ok"
"100e0f10","FUN_100e0f10","Global",609,false,false,"ok"
"100e1180","FUN_100e1180","Global",22,false,false,"ok"
"100e11a0","FUN_100e11a0","Global",6,false,false,"ok"
"100e11b0","FUN_100e11b0","Global",16,false,false,"ok"
"100e11c0","FUN_100e11c0","Global",54,false,false,"ok"
"100e1200","FUN_100e1200","Global",6,false,false,"ok"
"100e1210","FUN_100e1210","Global",35,false,false,"ok"
"100e1240","FUN_100e1240","Global",176,false,false,"ok"
"100e12f0","FUN_100e12f0","Global",35,false,false,"ok"
"100e1320","FUN_100e1320","Global",176,false,false,"ok"
"100e13d0","FUN_100e13d0","Global",22,false,false,"ok"
"100e13f0","FUN_100e13f0","Global",22,false,false,"ok"
"100e1410","FUN_100e1410","Global",6,false,false,"ok"
"100e1420","FUN_100e1420","Global",22,false,false,"ok"
"100e1440","FUN_100e1440","Global",96,false,false,"ok"
"100e14a0","FUN_100e14a0","Global",6,false,false,"ok"
"100e14b0","FUN_100e14b0","Global",22,false,false,"ok"
"100e14d0","FUN_100e14d0","Global",6,false,false,"ok"
"100e14e0","FUN_100e14e0","Global",22,false,false,"ok"
"100e1500","FUN_100e1500","Global",102,false,false,"ok"
"100e1570","FUN_100e1570","Global",6,false,false,"ok"
"100e1580","FUN_100e1580","Global",22,false,false,"ok"
"100e15a0","FUN_100e15a0","Global",6,false,false,"ok"
"100e15b0","FUN_100e15b0","Global",22,false,false,"ok"
"100e15d0","FUN_100e15d0","Global",5,false,false,"ok"
"100e15e0","FUN_100e15e0","Global",6,false,false,"ok"
"100e15f0","FUN_100e15f0","Global",22,false,false,"ok"
"100e1610","FUN_100e1610","Global",20,false,false,"ok"
"100e1630","FUN_100e1630","Global",6,false,false,"ok"
"100e1640","FUN_100e1640","Global",68,false,false,"ok"
"100e1690","FUN_100e1690","Global",255,false,false,"ok"
"100e1790","FUN_100e1790","Global",105,false,false,"ok"
"100e1800","FUN_100e1800","Global",159,false,false,"ok"
"100e18a0","FUN_100e18a0","Global",166,false,false,"ok"
"100e1950","FUN_100e1950","Global",6,false,false,"ok"
"100e1960","FUN_100e1960","Global",22,false,false,"ok"
"100e1980","FUN_100e1980","Global",30,false,false,"ok"
"100e19a0","FUN_100e19a0","Global",6,false,false,"ok"
"100e19b0","FUN_100e19b0","Global",159,false,false,"ok"
"100e1a50","FUN_100e1a50","Global",6,false,false,"ok"
"100e1a60","FUN_100e1a60","Global",35,false,false,"ok"
"100e1a90","FUN_100e1a90","Global",176,false,false,"ok"
"100e1b40","FUN_100e1b40","Global",159,false,false,"ok"
"100e1be0","FUN_100e1be0","Global",178,false,false,"ok"
"100e1ca0","FUN_100e1ca0","Global",6,false,false,"ok"
"100e1cb0","FUN_100e1cb0","Global",22,false,false,"ok"
"100e1cd0","FUN_100e1cd0","Global",6,false,false,"ok"
"100e1ce0","FUN_100e1ce0","Global",22,false,false,"ok"
"100e1d00","FUN_100e1d00","Global",6,false,false,"ok"
"100e1d10","FUN_100e1d10","Global",501,false,false,"ok"
"100e1f10","FUN_100e1f10","Global",128,false,false,"ok"
"100e1fa0","FUN_100e1fa0","Global",412,false,false,"ok"
"100e2140","FUN_100e2140","Global",412,false,false,"ok"
"100e22e0","FUN_100e22e0","Global",429,false,false,"ok"
"100e2490","FUN_100e2490","Global",412,false,false,"ok"
"100e2630","FUN_100e2630","Global",412,false,false,"ok"
"100e27d0","FUN_100e27d0","Global",476,false,false,"ok"
"100e29b0","FUN_100e29b0","Global",507,false,false,"ok"
"100e2bb0","FUN_100e2bb0","Global",299,false,false,"ok"
"100e2ce0","FUN_100e2ce0","Global",299,false,false,"ok"
"100e2e10","FUN_100e2e10","Global",299,false,false,"ok"
"100e2f40","FUN_100e2f40","Global",299,false,false,"ok"
"100e3070","FUN_100e3070","Global",299,false,false,"ok"
"100e31a0","FUN_100e31a0","Global",182,false,false,"ok"
"100e3260","FUN_100e3260","Global",298,false,false,"ok"
"100e3390","FUN_100e3390","Global",298,false,false,"ok"
"100e34c0","FUN_100e34c0","Global",298,false,false,"ok"
"100e35f0","FUN_100e35f0","Global",298,false,false,"ok"
"100e3720","FUN_100e3720","Global",298,false,false,"ok"
"100e3850","thunk_FUN_100e3860","Global",5,false,true,"ok"
"100e3860","FUN_100e3860","Global",218,false,false,"ok"
"100e3940","FUN_100e3940","Global",218,false,false,"ok"
"100e3a20","FUN_100e3a20","Global",218,false,false,"ok"
"100e3b00","FUN_100e3b00","Global",218,false,false,"ok"
"100e3be0","FUN_100e3be0","Global",218,false,false,"ok"
"100e3cc0","FUN_100e3cc0","Global",5,false,false,"ok"
"100e3cd0","FUN_100e3cd0","Global",5,false,false,"ok"
"100e3ce0","FUN_100e3ce0","Global",5,false,false,"ok"
"100e3cf0","FUN_100e3cf0","Global",5,false,false,"ok"
"100e3d00","FUN_100e3d00","Global",104,false,false,"ok"
"100e3d70","FUN_100e3d70","Global",65,false,false,"ok"
"100e3dc0","FUN_100e3dc0","Global",308,false,false,"ok"
"100e3f00","FUN_100e3f00","Global",354,false,false,"ok"
"100e4070","FUN_100e4070","Global",119,false,false,"ok"
"100e40f0","FUN_100e40f0","Global",35,false,false,"ok"
"100e4120","FUN_100e4120","Global",35,false,false,"ok"
"100e4150","FUN_100e4150","Global",414,false,false,"ok"
"100e42f0","FUN_100e42f0","Global",265,false,false,"ok"
"100e4400","FUN_100e4400","Global",541,false,false,"ok"
"100e4620","FUN_100e4620","Global",569,false,false,"ok"
"100e4860","FUN_100e4860","Global",569,false,false,"ok"
"100e4ac0","FUN_100e4ac0","Global",43,false,false,"ok"
"100e4af0","FUN_100e4af0","Global",244,false,false,"ok"
"100e4bf0","FUN_100e4bf0","Global",268,false,false,"ok"
"100e4d00","FUN_100e4d00","Global",276,false,false,"ok"
"100e4e20","FUN_100e4e20","Global",1020,false,false,"ok"
"100e5220","FUN_100e5220","Global",37,false,false,"ok"
"100e5250","FUN_100e5250","Global",208,false,false,"ok"
"100e5320","FUN_100e5320","Global",16,false,false,"ok"
"100e5330","FUN_100e5330","Global",22,false,false,"ok"
"100e5350","FUN_100e5350","Global",22,false,false,"ok"
"100e5370","FUN_100e5370","Global",22,false,false,"ok"
"100e5390","FUN_100e5390","Global",22,false,false,"ok"
"100e53b0","FUN_100e53b0","Global",22,false,false,"ok"
"100e53d0","FUN_100e53d0","Global",22,false,false,"ok"
"100e53f0","FUN_100e53f0","Global",16,false,false,"ok"
"100e5400","FUN_100e5400","Global",159,false,false,"ok"
"100e54a0","FUN_100e54a0","Global",159,false,false,"ok"
"100e5540","FUN_100e5540","Global",16,false,false,"ok"
"100e5550","FUN_100e5550","Global",11,false,false,"ok"
"100e5560","FUN_100e5560","Global",200,false,false,"ok"
"100e5630","FUN_100e5630","Global",71,false,false,"ok"
"100e5680","FUN_100e5680","Global",6,false,false,"ok"
"100e5690","FUN_100e5690","Global",6,false,false,"ok"
"100e56a0","FUN_100e56a0","Global",6,false,false,"ok"
"100e56b0","FUN_100e56b0","Global",6,false,false,"ok"
"100e56c0","FUN_100e56c0","Global",6,false,false,"ok"
"100e56d0","FUN_100e56d0","Global",6,false,false,"ok"
"100e56e0","FUN_100e56e0","Global",6,false,false,"ok"
"100e56f0","FUN_100e56f0","Global",6,false,false,"ok"
"100e5700","FUN_100e5700","Global",6,false,false,"ok"
"100e5710","FUN_100e5710","Global",6,false,false,"ok"
"100e5720","FUN_100e5720","Global",6,false,false,"ok"
"100e5740","FUN_100e5740","Global",29,false,false,"ok"
"100e5760","FUN_100e5760","Global",23,false,false,"ok"
"100e5780","FUN_100e5780","Global",23,false,false,"ok"
"100e57a0","FUN_100e57a0","Global",23,false,false,"ok"
"100e57c0","FUN_100e57c0","Global",856,false,false,"ok"
"100e5b20","FUN_100e5b20","Global",694,false,false,"ok"
"100e5de0","FUN_100e5de0","Global",893,false,false,"ok"
"100e6160","FUN_100e6160","Global",893,false,false,"ok"
"100e64e0","FUN_100e64e0","Global",893,false,false,"ok"
"100e6860","FUN_100e6860","Global",111,false,false,"ok"
"100e68d0","FUN_100e68d0","Global",366,false,false,"ok"
"100e6a40","FUN_100e6a40","Global",176,false,false,"ok"
"100e6af0","FUN_100e6af0","Global",176,false,false,"ok"
"100e6ba0","FUN_100e6ba0","Global",401,false,false,"ok"
"100e6d40","FUN_100e6d40","Global",401,false,false,"ok"
"100e6ef0","FUN_100e6ef0","Global",401,false,false,"ok"
"100e7090","FUN_100e7090","Global",401,false,false,"ok"
"100e7230","FUN_100e7230","Global",401,false,false,"ok"
"100e73d0","FUN_100e73d0","Global",35,false,false,"ok"
"100e7400","FUN_100e7400","Global",54,false,false,"ok"
"100e7440","FUN_100e7440","Global",429,false,false,"ok"
"100e75f0","FUN_100e75f0","Global",412,false,false,"ok"
"100e7790","FUN_100e7790","Global",412,false,false,"ok"
"100e7930","FUN_100e7930","Global",412,false,false,"ok"
"100e7ad0","FUN_100e7ad0","Global",299,false,false,"ok"
"100e7c00","FUN_100e7c00","Global",299,false,false,"ok"
"100e7d30","FUN_100e7d30","Global",299,false,false,"ok"
"100e7e60","FUN_100e7e60","Global",299,false,false,"ok"
"100e7f90","FUN_100e7f90","Global",530,false,false,"ok"
"100e81b0","FUN_100e81b0","Global",298,false,false,"ok"
"100e82e0","FUN_100e82e0","Global",298,false,false,"ok"
"100e8410","FUN_100e8410","Global",298,false,false,"ok"
"100e8540","FUN_100e8540","Global",298,false,false,"ok"
"100e8670","FUN_100e8670","Global",218,false,false,"ok"
"100e8750","FUN_100e8750","Global",218,false,false,"ok"
"100e8830","FUN_100e8830","Global",218,false,false,"ok"
"100e8910","FUN_100e8910","Global",218,false,false,"ok"
"100e89f0","FUN_100e89f0","Global",5,false,false,"ok"
"100e8a00","FUN_100e8a00","Global",5,false,false,"ok"
"100e8a10","FUN_100e8a10","Global",5,false,false,"ok"
"100e8a20","FUN_100e8a20","Global",5,false,false,"ok"
"100e8a30","FUN_100e8a30","Global",22,false,false,"ok"
"100e8a50","FUN_100e8a50","Global",35,false,false,"ok"
"100e8a80","FUN_100e8a80","Global",35,false,false,"ok"
"100e8ab0","FUN_100e8ab0","Global",35,false,false,"ok"
"100e8ae0","FUN_100e8ae0","Global",35,false,false,"ok"
"100e8b10","FUN_100e8b10","Global",265,false,false,"ok"
"100e8c20","FUN_100e8c20","Global",265,false,false,"ok"
"100e8d30","FUN_100e8d30","Global",265,false,false,"ok"
"100e8e40","FUN_100e8e40","Global",359,false,false,"ok"
"100e8fb0","FUN_100e8fb0","Global",1515,false,false,"ok"
"100e95a0","FUN_100e95a0","Global",386,false,false,"ok"
"100e9730","FUN_100e9730","Global",257,false,false,"ok"
"100e9840","FUN_100e9840","Global",191,false,false,"ok"
"100e9900","FUN_100e9900","Global",268,false,false,"ok"
"100e9a10","FUN_100e9a10","Global",268,false,false,"ok"
"100e9b20","FUN_100e9b20","Global",268,false,false,"ok"
"100e9c30","FUN_100e9c30","Global",437,false,false,"ok"
"100e9df0","FUN_100e9df0","Global",16,false,false,"ok"
"100e9e00","FUN_100e9e00","Global",22,false,false,"ok"
"100e9e20","FUN_100e9e20","Global",22,false,false,"ok"
"100e9e40","FUN_100e9e40","Global",22,false,false,"ok"
"100e9e60","FUN_100e9e60","Global",22,false,false,"ok"
"100e9e80","FUN_100e9e80","Global",22,false,false,"ok"
"100e9ea0","FUN_100e9ea0","Global",22,false,false,"ok"
"100e9ec0","FUN_100e9ec0","Global",22,false,false,"ok"
"100e9ee0","FUN_100e9ee0","Global",22,false,false,"ok"
"100e9f00","FUN_100e9f00","Global",22,false,false,"ok"
"100e9f20","FUN_100e9f20","Global",22,false,false,"ok"
"100e9f40","FUN_100e9f40","Global",22,false,false,"ok"
"100e9f60","FUN_100e9f60","Global",22,false,false,"ok"
"100e9f80","FUN_100e9f80","Global",16,false,false,"ok"
"100e9f90","FUN_100e9f90","Global",159,false,false,"ok"
"100ea030","FUN_100ea030","Global",159,false,false,"ok"
"100ea0d0","FUN_100ea0d0","Global",159,false,false,"ok"
"100ea170","FUN_100ea170","Global",159,false,false,"ok"
"100ea210","FUN_100ea210","Global",16,false,false,"ok"
"100ea220","FUN_100ea220","Global",35,false,false,"ok"
"100ea250","FUN_100ea250","Global",20,false,false,"ok"
"100ea270","FUN_100ea270","Global",6,false,false,"ok"
"100ea280","FUN_100ea280","Global",6,false,false,"ok"
"100ea290","FUN_100ea290","Global",6,false,false,"ok"
"100ea2a0","FUN_100ea2a0","Global",6,false,false,"ok"
"100ea2b0","FUN_100ea2b0","Global",6,false,false,"ok"
"100ea2c0","FUN_100ea2c0","Global",6,false,false,"ok"
"100ea2d0","FUN_100ea2d0","Global",6,false,false,"ok"
"100ea2e0","FUN_100ea2e0","Global",6,false,false,"ok"
"100ea2f0","FUN_100ea2f0","Global",6,false,false,"ok"
"100ea300","FUN_100ea300","Global",6,false,false,"ok"
"100ea310","FUN_100ea310","Global",6,false,false,"ok"
"100ea320","FUN_100ea320","Global",6,false,false,"ok"
"100ea330","FUN_100ea330","Global",6,false,false,"ok"
"100ea340","FUN_100ea340","Global",6,false,false,"ok"
"100ea350","FUN_100ea350","Global",6,false,false,"ok"
"100ea360","FUN_100ea360","Global",6,false,false,"ok"
"100ea370","FUN_100ea370","Global",6,false,false,"ok"
"100ea380","FUN_100ea380","Global",6,false,false,"ok"
"100ea390","FUN_100ea390","Global",6,false,false,"ok"
"100ea3a0","FUN_100ea3a0","Global",383,false,false,"ok"
"100ea520","FUN_100ea520","Global",23,false,false,"ok"
"100ea540","FUN_100ea540","Global",23,false,false,"ok"
"100ea560","FUN_100ea560","Global",23,false,false,"ok"
"100ea580","FUN_100ea580","Global",23,false,false,"ok"
"100ea5a0","FUN_100ea5a0","Global",893,false,false,"ok"
"100ea920","FUN_100ea920","Global",893,false,false,"ok"
"100eaca0","FUN_100eaca0","Global",893,false,false,"ok"
"100eb020","FUN_100eb020","Global",893,false,false,"ok"
"100eb3a0","FUN_100eb3a0","Global",338,false,false,"ok"
"100eb500","FUN_100eb500","Global",349,false,false,"ok"
"100eb660","FUN_100eb660","Global",176,false,false,"ok"
"100eb710","FUN_100eb710","Global",176,false,false,"ok"
"100eb7c0","FUN_100eb7c0","Global",176,false,false,"ok"
"100eb870","FUN_100eb870","Global",291,false,false,"ok"
"100eb9a0","FUN_100eb9a0","Global",401,false,false,"ok"
"100ebb40","FUN_100ebb40","Global",401,false,false,"ok"
"100ebce0","FUN_100ebce0","Global",401,false,false,"ok"
"100ebe80","FUN_100ebe80","Global",401,false,false,"ok"
"100ec020","FUN_100ec020","Global",515,false,false,"ok"
"100ec214","Catch@100ec214","Global",112,false,false,"ok"
"100ec287","FUN_100ec287","Global",32,false,false,"ok"
"100ec2b6","Catch_All@100ec2b6","Global",56,false,false,"ok"
"100ec2f0","FUN_100ec2f0","Global",54,false,false,"ok"
"100ec340","FUN_100ec340","Global",97,false,false,"ok"
"100ec3b0","FUN_100ec3b0","Global",73,false,false,"ok"
"100ec400","FUN_100ec400","Global",73,false,false,"ok"
"100ec450","FUN_100ec450","Global",379,false,false,"ok"
"100ec5d0","FUN_100ec5d0","Global",99,false,false,"ok"
"100ec640","FUN_100ec640","Global",73,false,false,"ok"
"100ec690","FUN_100ec690","Global",256,false,false,"ok"
"100ec790","FUN_100ec790","Global",73,false,false,"ok"
"100ec7e0","FUN_100ec7e0","Global",750,false,false,"ok"
"100ecad0","FUN_100ecad0","Global",1138,false,false,"ok"
"100ecf50","FUN_100ecf50","Global",6,false,false,"ok"
"100ecf60","FUN_100ecf60","Global",6,false,false,"ok"
"100ecf70","FUN_100ecf70","Global",82,false,false,"ok"
"100ecff0","FUN_100ecff0","Global",51,false,false,"ok"
"100ed030","FUN_100ed030","Global",89,false,false,"ok"
"100ed090","FUN_100ed090","Global",149,false,false,"ok"
"100ed130","FUN_100ed130","Global",245,false,false,"ok"
"100ed230","FUN_100ed230","Global",120,false,false,"ok"
"100ed2b0","FUN_100ed2b0","Global",16,false,false,"ok"
"100ed2c0","FUN_100ed2c0","Global",16,false,false,"ok"
"100ed2d0","FUN_100ed2d0","Global",37,false,false,"ok"
"100ed300","FUN_100ed300","Global",497,false,false,"ok"
"100ed500","FUN_100ed500","Global",6,false,false,"ok"
"100ed510","FUN_100ed510","Global",6,false,false,"ok"
"100ed520","FUN_100ed520","Global",882,false,false,"ok"
"100ed8a0","FUN_100ed8a0","Global",1243,false,false,"ok"
"100edd80","FUN_100edd80","Global",1425,false,false,"ok"
"100ee320","FUN_100ee320","Global",101,false,false,"ok"
"100ee390","FUN_100ee390","Global",674,false,false,"ok"
"100ee640","FUN_100ee640","Global",501,false,false,"ok"
"100ee840","FUN_100ee840","Global",412,false,false,"ok"
"100ee9e0","FUN_100ee9e0","Global",299,false,false,"ok"
"100eeb10","FUN_100eeb10","Global",529,false,false,"ok"
"100eed12","Catch@100eed12","Global",112,false,false,"ok"
"100eed85","FUN_100eed85","Global",32,false,false,"ok"
"100eedb4","Catch_All@100eedb4","Global",56,false,false,"ok"
"100eedf0","FUN_100eedf0","Global",298,false,false,"ok"
"100eef20","thunk_FUN_100eef30","Global",5,false,true,"ok"
"100eef30","FUN_100eef30","Global",218,false,false,"ok"
"100ef010","FUN_100ef010","Global",35,false,false,"ok"
"100ef040","FUN_100ef040","Global",414,false,false,"ok"
"100ef1e0","FUN_100ef1e0","Global",316,false,false,"ok"
"100ef320","FUN_100ef320","Global",132,false,false,"ok"
"100ef3b0","FUN_100ef3b0","Global",268,false,false,"ok"
"100ef4c0","FUN_100ef4c0","Global",347,false,false,"ok"
"100ef620","FUN_100ef620","Global",596,false,false,"ok"
"100ef880","FUN_100ef880","Global",16,false,false,"ok"
"100ef890","FUN_100ef890","Global",22,false,false,"ok"
"100ef8b0","FUN_100ef8b0","Global",22,false,false,"ok"
"100ef8d0","FUN_100ef8d0","Global",22,false,false,"ok"
"100ef8f0","FUN_100ef8f0","Global",159,false,false,"ok"
"100ef990","FUN_100ef990","Global",163,false,false,"ok"
"100efa40","FUN_100efa40","Global",6,false,false,"ok"
"100efa50","FUN_100efa50","Global",6,false,false,"ok"
"100efa60","FUN_100efa60","Global",6,false,false,"ok"
"100efa70","FUN_100efa70","Global",6,false,false,"ok"
"100efa80","FUN_100efa80","Global",6,false,false,"ok"
"100efaa0","FUN_100efaa0","Global",626,false,false,"ok"
"100efd20","FUN_100efd20","Global",291,false,false,"ok"
"100efe50","FUN_100efe50","Global",349,false,false,"ok"
"100effb0","FUN_100effb0","Global",401,false,false,"ok"
"100f0150","FUN_100f0150","Global",246,false,false,"ok"
"100f0250","FUN_100f0250","Global",136,false,false,"ok"
"100f02e0","FUN_100f02e0","Global",403,false,false,"ok"
"100f0480","FUN_100f0480","Global",1635,false,false,"ok"
"100f0af0","FUN_100f0af0","Global",268,false,false,"ok"
"100f0c00","FUN_100f0c00","Global",80,false,false,"ok"
"100f0c60","FUN_100f0c60","Global",232,false,false,"ok"
"100f0d50","FUN_100f0d50","Global",95,false,false,"ok"
"100f0db0","FUN_100f0db0","Global",104,false,false,"ok"
"100f0e20","FUN_100f0e20","Global",490,false,false,"ok"
"100f1010","FUN_100f1010","Global",241,false,false,"ok"
"100f1110","FUN_100f1110","Global",51,false,false,"ok"
"100f1150","FUN_100f1150","Global",453,false,false,"ok"
"100f1320","FUN_100f1320","Global",494,false,false,"ok"
"100f1510","FUN_100f1510","Global",79,false,false,"ok"
"100f1560","FUN_100f1560","Global",390,false,false,"ok"
"100f16f0","FUN_100f16f0","Global",579,false,false,"ok"
"100f1940","FUN_100f1940","Global",498,false,false,"ok"
"100f1b40","FUN_100f1b40","Global",185,false,false,"ok"
"100f1c00","FUN_100f1c00","Global",257,false,false,"ok"
"100f1d10","FUN_100f1d10","Global",129,false,false,"ok"
"100f1da0","FUN_100f1da0","Global",491,false,false,"ok"
"100f1f90","FUN_100f1f90","Global",66,false,false,"ok"
"100f1fe0","FUN_100f1fe0","Global",568,false,false,"ok"
"100f2209","Catch@100f2209","Global",112,false,false,"ok"
"100f227c","FUN_100f227c","Global",32,false,false,"ok"
"100f22ab","Catch_All@100f22ab","Global",56,false,false,"ok"
"100f22f0","FUN_100f22f0","Global",500,false,false,"ok"
"100f24d5","Catch@100f24d5","Global",112,false,false,"ok"
"100f2548","FUN_100f2548","Global",32,false,false,"ok"
"100f2577","Catch_All@100f2577","Global",56,false,false,"ok"
"100f25b0","FUN_100f25b0","Global",529,false,false,"ok"
"100f27b2","Catch@100f27b2","Global",112,false,false,"ok"
"100f2825","FUN_100f2825","Global",32,false,false,"ok"
"100f2854","Catch_All@100f2854","Global",56,false,false,"ok"
"100f2890","FUN_100f2890","Global",547,false,false,"ok"
"100f2aa4","Catch@100f2aa4","Global",112,false,false,"ok"
"100f2b17","FUN_100f2b17","Global",32,false,false,"ok"
"100f2b46","Catch_All@100f2b46","Global",56,false,false,"ok"
"100f2b80","FUN_100f2b80","Global",491,false,false,"ok"
"100f2d5c","Catch@100f2d5c","Global",112,false,false,"ok"
"100f2dcf","FUN_100f2dcf","Global",32,false,false,"ok"
"100f2dfe","Catch_All@100f2dfe","Global",56,false,false,"ok"
"100f2e40","FUN_100f2e40","Global",533,false,false,"ok"
"100f3046","Catch@100f3046","Global",112,false,false,"ok"
"100f30b9","FUN_100f30b9","Global",32,false,false,"ok"
"100f30e8","Catch_All@100f30e8","Global",56,false,false,"ok"
"100f3130","FUN_100f3130","Global",521,false,false,"ok"
"100f332a","Catch@100f332a","Global",112,false,false,"ok"
"100f339d","FUN_100f339d","Global",32,false,false,"ok"
"100f33cc","Catch_All@100f33cc","Global",56,false,false,"ok"
"100f3410","FUN_100f3410","Global",491,false,false,"ok"
"100f35ec","Catch@100f35ec","Global",112,false,false,"ok"
"100f365f","FUN_100f365f","Global",32,false,false,"ok"
"100f368e","Catch_All@100f368e","Global",56,false,false,"ok"
"100f36d0","FUN_100f36d0","Global",66,false,false,"ok"
"100f3720","FUN_100f3720","Global",150,false,false,"ok"
"100f37c0","FUN_100f37c0","Global",165,false,false,"ok"
"100f3870","FUN_100f3870","Global",469,false,false,"ok"
"100f3a50","FUN_100f3a50","Global",640,false,false,"ok"
"100f3ce0","FUN_100f3ce0","Global",170,false,false,"ok"
"100f3d90","FUN_100f3d90","Global",300,false,false,"ok"
"100f3ec0","FUN_100f3ec0","Global",19,false,false,"ok"
"100f3ee0","FUN_100f3ee0","Global",56,false,false,"ok"
"100f3f20","FUN_100f3f20","Global",49,false,false,"ok"
"100f3f60","thunk_FUN_100f9860","Global",5,false,true,"ok"
"100f3f70","FUN_100f3f70","Global",55,false,false,"ok"
"100f3fb0","FUN_100f3fb0","Global",150,false,false,"ok"
"100f4050","FUN_100f4050","Global",27,false,false,"ok"
"100f4070","FUN_100f4070","Global",113,false,false,"ok"
"100f40f0","FUN_100f40f0","Global",8,false,false,"ok"
"100f4100","FUN_100f4100","Global",47,false,false,"ok"
"100f4130","FUN_100f4130","Global",281,false,false,"ok"
"100f4250","FUN_100f4250","Global",72,false,false,"ok"
"100f42a0","FUN_100f42a0","Global",911,false,false,"ok"
"100f4630","FUN_100f4630","Global",59,false,false,"ok"
"100f4670","FUN_100f4670","Global",646,false,false,"ok"
"100f4900","FUN_100f4900","Global",24,false,false,"ok"
"100f4920","FUN_100f4920","Global",110,false,false,"ok"
"100f4990","FUN_100f4990","Global",268,false,false,"ok"
"100f4aa0","FUN_100f4aa0","Global",4493,false,false,"ok"
"100f5c30","FUN_100f5c30","Global",1115,false,false,"ok"
"100f6090","FUN_100f6090","Global",2055,false,false,"ok"
"100f68a0","FUN_100f68a0","Global",1044,false,false,"ok"
"100f6cc0","FUN_100f6cc0","Global",76,false,false,"ok"
"100f6d10","FUN_100f6d10","Global",768,false,false,"ok"
"100f7020","FUN_100f7020","Global",576,false,false,"ok"
"100f7270","FUN_100f7270","Global",381,false,false,"ok"
"100f73f0","FUN_100f73f0","Global",38,false,false,"ok"
"100f7420","FUN_100f7420","Global",578,false,false,"ok"
"100f7670","FUN_100f7670","Global",3794,false,false,"ok"
"100f8560","FUN_100f8560","Global",467,false,false,"ok"
"100f8740","FUN_100f8740","Global",218,false,false,"ok"
"100f8820","FUN_100f8820","Global",404,false,false,"ok"
"100f89c0","FUN_100f89c0","Global",186,false,false,"ok"
"100f8a80","FUN_100f8a80","Global",47,false,false,"ok"
"100f8ab0","FUN_100f8ab0","Global",108,false,false,"ok"
"100f8b20","FUN_100f8b20","Global",171,false,false,"ok"
"100f8bd0","FUN_100f8bd0","Global",16,false,false,"ok"
"100f8be0","FUN_100f8be0","Global",16,false,false,"ok"
"100f8bf0","FUN_100f8bf0","Global",16,false,false,"ok"
"100f8c00","FUN_100f8c00","Global",16,false,false,"ok"
"100f8c10","FUN_100f8c10","Global",16,false,false,"ok"
"100f8c20","FUN_100f8c20","Global",69,false,false,"ok"
"100f8c70","FUN_100f8c70","Global",251,false,false,"ok"
"100f8d70","FUN_100f8d70","Global",350,false,false,"ok"
"100f8ed0","thunk_FUN_100f7670","Global",5,false,true,"ok"
"100f8ee0","FUN_100f8ee0","Global",440,false,false,"ok"
"100f90a0","FUN_100f90a0","Global",228,false,false,"ok"
"100f9190","FUN_100f9190","Global",342,false,false,"ok"
"100f92f0","FUN_100f92f0","Global",20,false,false,"ok"
"100f9310","FUN_100f9310","Global",921,false,false,"ok"
"100f96b0","FUN_100f96b0","Global",164,false,false,"ok"
"100f9760","FUN_100f9760","Global",6,false,false,"ok"
"100f9770","FUN_100f9770","Global",6,false,false,"ok"
"100f9780","FUN_100f9780","Global",6,false,false,"ok"
"100f9790","FUN_100f9790","Global",6,false,false,"ok"
"100f97a0","FUN_100f97a0","Global",6,false,false,"ok"
"100f97b0","FUN_100f97b0","Global",109,false,false,"ok"
"100f9820","FUN_100f9820","Global",48,false,false,"ok"
"100f9860","FUN_100f9860","Global",92,false,false,"ok"
"100f98c0","FUN_100f98c0","Global",460,false,false,"ok"
"100f9a90","FUN_100f9a90","Global",383,false,false,"ok"
"100f9c10","FUN_100f9c10","Global",360,false,false,"ok"
"100f9d80","FUN_100f9d80","Global",369,false,false,"ok"
"100f9f00","FUN_100f9f00","Global",99,false,false,"ok"
"100f9f70","FUN_100f9f70","Global",131,false,false,"ok"
"100fa000","FUN_100fa000","Global",131,false,false,"ok"
"100fa090","FUN_100fa090","Global",251,false,false,"ok"
"100fa190","FUN_100fa190","Global",65,false,false,"ok"
"100fa1e0","FUN_100fa1e0","Global",104,false,false,"ok"
"100fa250","FUN_100fa250","Global",145,false,false,"ok"
"100fa2f0","FUN_100fa2f0","Global",198,false,false,"ok"
"100fa3c0","FUN_100fa3c0","Global",6,false,false,"ok"
"100fa3d0","FUN_100fa3d0","Global",105,false,false,"ok"
"100fa440","FUN_100fa440","Global",12,false,false,"ok"
"100fa450","operator==<char,std::char_traits<char>_>","std",154,false,false,"ok"
"100fa4f0","FUN_100fa4f0","Global",233,false,false,"ok"
"100fa5d9","Catch_All@100fa5d9","Global",25,false,false,"ok"
"100fa5f5","FUN_100fa5f5","Global",160,false,false,"ok"
"100fa6a0","FUN_100fa6a0","Global",964,false,false,"ok"
"100faa70","FUN_100faa70","Global",6366,false,false,"ok"
"100fc350","FUN_100fc350","Global",3540,false,false,"ok"
"100fd130","FUN_100fd130","Global",467,false,false,"ok"
"100fd310","FUN_100fd310","Global",558,false,false,"ok"
"100fd52f","Catch@100fd52f","Global",112,false,false,"ok"
"100fd5a2","FUN_100fd5a2","Global",32,false,false,"ok"
"100fd5d1","Catch_All@100fd5d1","Global",56,false,false,"ok"
"100fd610","FUN_100fd610","Global",359,false,false,"ok"
"100fd780","FUN_100fd780","Global",352,false,false,"ok"
"100fd8f0","FUN_100fd8f0","Global",167,false,false,"ok"
"100fd9a0","FUN_100fd9a0","Global",161,false,false,"ok"
"100fda50","FUN_100fda50","Global",19,false,false,"ok"
"100fda70","FUN_100fda70","Global",67,false,false,"ok"
"100fdac0","FUN_100fdac0","Global",55,false,false,"ok"
"100fdb00","operator*","std::istreambuf_iterator<char,std::char_traits<char>_>",71,false,false,"ok"
"100fdb50","operator++","std::istreambuf_iterator<char,std::char_traits<char>_>",78,false,false,"ok"
"100fdba0","FUN_100fdba0","Global",94,false,false,"ok"
"100fdc00","FUN_100fdc00","Global",3546,false,false,"ok"
"100fe9e0","FUN_100fe9e0","Global",238,false,false,"ok"
"100fead0","FUN_100fead0","Global",550,false,false,"ok"
"100fed20","FUN_100fed20","Global",31,false,false,"ok"
"100fed40","FUN_100fed40","Global",111,false,false,"ok"
"100fedb0","FUN_100fedb0","Global",371,false,false,"ok"
"100fef30","FUN_100fef30","Global",392,false,false,"ok"
"100ff0c0","FUN_100ff0c0","Global",330,false,false,"ok"
"100ff210","FUN_100ff210","Global",300,false,false,"ok"
"100ff340","FUN_100ff340","Global",287,false,false,"ok"
"100ff460","FUN_100ff460","Global",287,false,false,"ok"
"100ff580","FUN_100ff580","Global",364,false,false,"ok"
"100ff6f0","FUN_100ff6f0","Global",365,false,false,"ok"
"100ff860","FUN_100ff860","Global",439,false,false,"ok"
"100ffa20","FUN_100ffa20","Global",292,false,false,"ok"
"100ffb50","FUN_100ffb50","Global",292,false,false,"ok"
"100ffc80","FUN_100ffc80","Global",292,false,false,"ok"
"100ffdb0","FUN_100ffdb0","Global",1020,false,false,"ok"
"101001b0","FUN_101001b0","Global",501,false,false,"ok"
"101003b0","FUN_101003b0","Global",412,false,false,"ok"
"10100550","FUN_10100550","Global",412,false,false,"ok"
"101006f0","FUN_101006f0","Global",299,false,false,"ok"
"10100820","FUN_10100820","Global",299,false,false,"ok"
"10100950","FUN_10100950","Global",298,false,false,"ok"
"10100a80","FUN_10100a80","Global",298,false,false,"ok"
"10100bb0","FUN_10100bb0","Global",218,false,false,"ok"
"10100c90","FUN_10100c90","Global",218,false,false,"ok"
"10100d70","FUN_10100d70","Global",5,false,false,"ok"
"10100d80","FUN_10100d80","Global",5,false,false,"ok"
"10100d90","FUN_10100d90","Global",35,false,false,"ok"
"10100dc0","FUN_10100dc0","Global",35,false,false,"ok"
"10100df0","FUN_10100df0","Global",265,false,false,"ok"
"10100f00","FUN_10100f00","Global",414,false,false,"ok"
"101010a0","FUN_101010a0","Global",268,false,false,"ok"
"101011b0","FUN_101011b0","Global",268,false,false,"ok"
"101012c0","FUN_101012c0","Global",840,false,false,"ok"
"10101610","FUN_10101610","Global",542,false,false,"ok"
"10101830","FUN_10101830","Global",1287,false,false,"ok"
"10101d40","FUN_10101d40","Global",15,false,false,"ok"
"10101d50","FUN_10101d50","Global",1005,false,false,"ok"
"10102140","FUN_10102140","Global",2274,false,false,"ok"
"10102a30","FUN_10102a30","Global",16,false,false,"ok"
"10102a40","FUN_10102a40","Global",22,false,false,"ok"
"10102a60","FUN_10102a60","Global",22,false,false,"ok"
"10102a80","FUN_10102a80","Global",22,false,false,"ok"
"10102aa0","FUN_10102aa0","Global",22,false,false,"ok"
"10102ac0","FUN_10102ac0","Global",22,false,false,"ok"
"10102ae0","FUN_10102ae0","Global",22,false,false,"ok"
"10102b00","FUN_10102b00","Global",16,false,false,"ok"
"10102b10","FUN_10102b10","Global",159,false,false,"ok"
"10102bb0","FUN_10102bb0","Global",159,false,false,"ok"
"10102c50","FUN_10102c50","Global",16,false,false,"ok"
"10102c60","FUN_10102c60","Global",16,false,false,"ok"
"10102c70","FUN_10102c70","Global",16,false,false,"ok"
"10102c80","thunk_FUN_101012c0","Global",5,false,true,"ok"
"10102c90","thunk_FUN_10102140","Global",5,false,true,"ok"
"10102ca0","thunk_FUN_10101830","Global",5,false,true,"ok"
"10102cb0","FUN_10102cb0","Global",20,false,false,"ok"
"10102cd0","FUN_10102cd0","Global",6,false,false,"ok"
"10102ce0","FUN_10102ce0","Global",6,false,false,"ok"
"10102cf0","FUN_10102cf0","Global",6,false,false,"ok"
"10102d00","FUN_10102d00","Global",6,false,false,"ok"
"10102d10","FUN_10102d10","Global",6,false,false,"ok"
"10102d20","FUN_10102d20","Global",6,false,false,"ok"
"10102d30","FUN_10102d30","Global",6,false,false,"ok"
"10102d40","FUN_10102d40","Global",6,false,false,"ok"
"10102d50","FUN_10102d50","Global",6,false,false,"ok"
"10102d60","FUN_10102d60","Global",6,false,false,"ok"
"10102d70","FUN_10102d70","Global",6,false,false,"ok"
"10102d80","FUN_10102d80","Global",6,false,false,"ok"
"10102d90","FUN_10102d90","Global",6,false,false,"ok"
"10102db0","FUN_10102db0","Global",23,false,false,"ok"
"10102dd0","FUN_10102dd0","Global",856,false,false,"ok"
"10103130","FUN_10103130","Global",657,false,false,"ok"
"101033d0","FUN_101033d0","Global",176,false,false,"ok"
"10103480","FUN_10103480","Global",176,false,false,"ok"
"10103530","FUN_10103530","Global",401,false,false,"ok"
"101036d0","FUN_101036d0","Global",401,false,false,"ok"
"10103870","FUN_10103870","Global",123,false,false,"ok"
"101038f0","FUN_101038f0","Global",95,false,false,"ok"
"10103950","FUN_10103950","Global",315,false,false,"ok"
"10103a90","FUN_10103a90","Global",445,false,false,"ok"
"10103c50","FUN_10103c50","Global",76,false,false,"ok"
"10103ca0","_Find_lower_bound<>","Global",75,false,false,"ok"
"10103cf0","FUN_10103cf0","Global",90,false,false,"ok"
"10103d50","FUN_10103d50","Global",529,false,false,"ok"
"10103f52","Catch@10103f52","Global",112,false,false,"ok"
"10103fc5","FUN_10103fc5","Global",32,false,false,"ok"
"10103ff4","Catch_All@10103ff4","Global",56,false,false,"ok"
"10104030","FUN_10104030","Global",321,false,false,"ok"
"10104180","FUN_10104180","Global",242,false,false,"ok"
"10104280","FUN_10104280","Global",148,false,false,"ok"
"10104320","FUN_10104320","Global",28,false,false,"ok"
"10104340","FUN_10104340","Global",118,false,false,"ok"
"101043c0","FUN_101043c0","Global",100,false,false,"ok"
"10104430","FUN_10104430","Global",138,false,false,"ok"
"101044bf","FUN_101044bf","Global",8,false,false,"ok"
"101044d0","`scalar_deleting_destructor'","std::basic_stringstream<char,std::char_traits<char>,std::allocator<char>_>",41,false,false,"ok"
"10104500","FUN_10104500","Global",41,false,false,"ok"
"10104530","FUN_10104530","Global",41,false,false,"ok"
"10104560","FUN_10104560","Global",270,false,false,"ok"
"10104670","FUN_10104670","Global",81,false,false,"ok"
"101046d0","FUN_101046d0","Global",1696,false,false,"ok"
"10104d80","FUN_10104d80","Global",37,false,false,"ok"
"10104db0","FUN_10104db0","Global",106,false,false,"ok"
"10104e20","FUN_10104e20","Global",724,false,false,"ok"
"10105100","FUN_10105100","Global",1737,false,false,"ok"
"101057d0","FUN_101057d0","Global",131,false,false,"ok"
"10105860","FUN_10105860","Global",494,false,false,"ok"
"10105a50","FUN_10105a50","Global",10,false,false,"ok"
"10105a60","FUN_10105a60","Global",379,false,false,"ok"
"10105be0","FUN_10105be0","Global",186,false,false,"ok"
"10105ca0","FUN_10105ca0","Global",135,false,false,"ok"
"10105d27","Catch_All@10105d27","Global",25,false,false,"ok"
"10105d46","FUN_10105d46","Global",179,false,false,"ok"
"10105e00","FUN_10105e00","Global",501,false,false,"ok"
"10106000","FID_conflict:_Erase_tree<fuzzer::fuzzer_allocator<std::_Tree_node<fuzzer::TracePC::PCTableEntry_const*,void*>_>_>","Global",59,false,false,"ok"
"10106040","FUN_10106040","Global",344,false,false,"ok"
"101061a0","FUN_101061a0","Global",298,false,false,"ok"
"101062d0","FUN_101062d0","Global",63,false,false,"ok"
"10106310","thunk_FUN_10106320","Global",5,false,true,"ok"
"10106320","FUN_10106320","Global",218,false,false,"ok"
"10106400","FUN_10106400","Global",1363,false,false,"ok"
"10106960","FUN_10106960","Global",438,false,false,"ok"
"10106b20","FUN_10106b20","Global",35,false,false,"ok"
"10106b50","FUN_10106b50","Global",104,false,false,"ok"
"10106bc0","FUN_10106bc0","Global",763,false,false,"ok"
"10106ec0","FUN_10106ec0","Global",650,false,false,"ok"
"10107150","FUN_10107150","Global",16,false,false,"ok"
"10107160","FUN_10107160","Global",16,false,false,"ok"
"10107170","FUN_10107170","Global",22,false,false,"ok"
"10107190","FUN_10107190","Global",16,false,false,"ok"
"101071a0","FUN_101071a0","Global",159,false,false,"ok"
"10107240","FUN_10107240","Global",16,false,false,"ok"
"10107250","FUN_10107250","Global",16,false,false,"ok"
"10107260","FUN_10107260","Global",102,false,false,"ok"
"101072d0","FUN_101072d0","Global",93,false,false,"ok"
"10107330","FUN_10107330","Global",35,false,false,"ok"
"10107360","FUN_10107360","Global",40,false,false,"ok"
"10107390","FUN_10107390","Global",178,false,false,"ok"
"10107450","FUN_10107450","Global",76,false,false,"ok"
"101074a0","FUN_101074a0","Global",8,false,false,"ok"
"101074b0","FUN_101074b0","Global",6,false,false,"ok"
"101074c0","FUN_101074c0","Global",6,false,false,"ok"
"101074d0","FUN_101074d0","Global",6,false,false,"ok"
"101074e0","FUN_101074e0","Global",6,false,false,"ok"
"101074f0","FUN_101074f0","Global",6,false,false,"ok"
"10107500","FUN_10107500","Global",6,false,false,"ok"
"10107510","FUN_10107510","Global",6,false,false,"ok"
"10107520","FUN_10107520","Global",21,false,false,"ok"
"10107540","FUN_10107540","Global",710,false,false,"ok"
"10107810","FUN_10107810","Global",67,false,false,"ok"
"10107860","FUN_10107860","Global",291,false,false,"ok"
"10107990","FUN_10107990","Global",349,false,false,"ok"
"10107af0","FUN_10107af0","Global",401,false,false,"ok"
"10107c90","FUN_10107c90","Global",50,false,false,"ok"
"10107cd0","FUN_10107cd0","Global",2557,false,false,"ok"
"101086d0","FUN_101086d0","Global",1294,false,false,"ok"
"10108be0","FUN_10108be0","Global",527,false,false,"ok"
"10108de0","Catch@10108de0","Global",112,false,false,"ok"
"10108e53","FUN_10108e53","Global",32,false,false,"ok"
"10108e82","Catch_All@10108e82","Global",56,false,false,"ok"
"10108ec0","FUN_10108ec0","Global",442,false,false,"ok"
"10109080","FUN_10109080","Global",573,false,false,"ok"
"101092c0","FUN_101092c0","Global",146,false,false,"ok"
"10109370","FUN_10109370","Global",402,false,false,"ok"
"10109510","FUN_10109510","Global",226,false,false,"ok"
"10109600","FUN_10109600","Global",76,false,false,"ok"
"10109670","FUN_10109670","Global",1349,false,false,"ok"
"10109bc0","FUN_10109bc0","Global",1672,false,false,"ok"
"1010a270","FUN_1010a270","Global",81,false,false,"ok"
"1010a2d0","FUN_1010a2d0","Global",68,false,false,"ok"
"1010a330","FUN_1010a330","Global",25,false,false,"ok"
"1010a350","FUN_1010a350","Global",25,false,false,"ok"
"1010a380","FUN_1010a380","Global",7,false,false,"ok"
"1010a390","FUN_1010a390","Global",7,false,false,"ok"
"1010a3a0","FUN_1010a3a0","Global",7,false,false,"ok"
"1010a3b0","FUN_1010a3b0","Global",7,false,false,"ok"
"1010a3c0","FUN_1010a3c0","Global",277,false,false,"ok"
"1010a4e0","FUN_1010a4e0","Global",136,false,false,"ok"
"1010a570","FUN_1010a570","Global",1133,false,false,"ok"
"1010a9e0","FUN_1010a9e0","Global",1286,false,false,"ok"
"1010aef0","FUN_1010aef0","Global",849,false,false,"ok"
"1010b250","FUN_1010b250","Global",1013,false,false,"ok"
"1010b6e0","FUN_1010b6e0","Global",505,false,false,"ok"
"1010b8e0","FUN_1010b8e0","Global",237,false,false,"ok"
"1010b9d0","FUN_1010b9d0","Global",1279,false,false,"ok"
"1010bed0","FUN_1010bed0","Global",67,false,false,"ok"
"1010bf20","FUN_1010bf20","Global",16,false,false,"ok"
"1010bf30","FUN_1010bf30","Global",8,false,false,"ok"
"1010bf40","FUN_1010bf40","Global",6,false,false,"ok"
"1010bff0","FUN_1010bff0","Global",454,false,false,"ok"
"1010c1c0","FUN_1010c1c0","Global",454,false,false,"ok"
"1010c390","FUN_1010c390","Global",98,false,false,"ok"
"1010c400","FUN_1010c400","Global",66,false,false,"ok"
"1010c450","FUN_1010c450","Global",529,false,false,"ok"
"1010c652","Catch@1010c652","Global",112,false,false,"ok"
"1010c6c5","FUN_1010c6c5","Global",32,false,false,"ok"
"1010c6f4","Catch_All@1010c6f4","Global",56,false,false,"ok"
"1010c730","FUN_1010c730","Global",489,false,false,"ok"
"1010c90a","Catch@1010c90a","Global",112,false,false,"ok"
"1010c97d","FUN_1010c97d","Global",32,false,false,"ok"
"1010c9ac","Catch_All@1010c9ac","Global",56,false,false,"ok"
"1010c9f0","FUN_1010c9f0","Global",487,false,false,"ok"
"1010cbc8","Catch@1010cbc8","Global",112,false,false,"ok"
"1010cc3b","FUN_1010cc3b","Global",32,false,false,"ok"
"1010cc6a","Catch_All@1010cc6a","Global",56,false,false,"ok"
"1010ccb0","FUN_1010ccb0","Global",527,false,false,"ok"
"1010ceb0","Catch@1010ceb0","Global",112,false,false,"ok"
"1010cf23","FUN_1010cf23","Global",32,false,false,"ok"
"1010cf52","Catch_All@1010cf52","Global",56,false,false,"ok"
"1010cf90","FUN_1010cf90","Global",556,false,false,"ok"
"1010d1ad","Catch@1010d1ad","Global",112,false,false,"ok"
"1010d220","FUN_1010d220","Global",32,false,false,"ok"
"1010d24f","Catch_All@1010d24f","Global",56,false,false,"ok"
"1010d290","FUN_1010d290","Global",66,false,false,"ok"
"1010d2e0","thunk_FUN_10013870","Global",5,false,true,"ok"
"1010d2f0","FUN_1010d2f0","Global",112,false,false,"ok"
"1010d370","FUN_1010d370","Global",158,false,false,"ok"
"1010d410","FUN_1010d410","Global",751,false,false,"ok"
"1010d700","FUN_1010d700","Global",602,false,false,"ok"
"1010d960","FUN_1010d960","Global",167,false,false,"ok"
"1010da10","FUN_1010da10","Global",9113,false,false,"ok"
"1010fdb0","FUN_1010fdb0","Global",669,false,false,"ok"
"10110050","FUN_10110050","Global",138,false,false,"ok"
"101100e0","FUN_101100e0","Global",90,false,false,"ok"
"10110140","FUN_10110140","Global",70,false,false,"ok"
"10110190","FUN_10110190","Global",90,false,false,"ok"
"101101f0","FUN_101101f0","Global",70,false,false,"ok"
"10110240","FUN_10110240","Global",3147,false,false,"ok"
"10110e90","FUN_10110e90","Global",173,false,false,"ok"
"10110f40","FUN_10110f40","Global",226,false,false,"ok"
"10111030","FUN_10111030","Global",73,false,false,"ok"
"10111080","FUN_10111080","Global",2793,false,false,"ok"
"10111b70","FUN_10111b70","Global",93,false,false,"ok"
"10111bd0","FUN_10111bd0","Global",1018,false,false,"ok"
"10112030","FUN_10112030","Global",127,false,false,"ok"
"101120b0","FUN_101120b0","Global",588,false,false,"ok"
"10112300","FUN_10112300","Global",1114,false,false,"ok"
"10112760","FUN_10112760","Global",299,false,false,"ok"
"10112890","FUN_10112890","Global",163,false,false,"ok"
"10112940","FUN_10112940","Global",700,false,false,"ok"
"10112c00","FUN_10112c00","Global",242,false,false,"ok"
"10112d00","FUN_10112d00","Global",312,false,false,"ok"
"10112e40","FUN_10112e40","Global",275,false,false,"ok"
"10112f60","FUN_10112f60","Global",424,false,false,"ok"
"10113110","FUN_10113110","Global",66,false,false,"ok"
"10113160","FUN_10113160","Global",529,false,false,"ok"
"10113362","Catch@10113362","Global",112,false,false,"ok"
"101133d5","FUN_101133d5","Global",32,false,false,"ok"
"10113404","Catch_All@10113404","Global",56,false,false,"ok"
"10113440","FUN_10113440","Global",359,false,false,"ok"
"101135b0","FUN_101135b0","Global",90,false,false,"ok"
"10113610","FUN_10113610","Global",400,false,false,"ok"
"101136f4","Catch_All@101136f4","Global",25,false,false,"ok"
"101137d0","FUN_101137d0","Global",1338,false,false,"ok"
"10113d20","FUN_10113d20","Global",3534,false,false,"ok"
"10114af0","FUN_10114af0","Global",1207,false,false,"ok"
"10114fb0","FUN_10114fb0","Global",1818,false,false,"ok"
"101156d0","FUN_101156d0","Global",198,false,false,"ok"
"1011579b","FUN_1011579b","Global",8,false,false,"ok"
"101157b0","FUN_101157b0","Global",41,false,false,"ok"
"101157e0","FUN_101157e0","Global",7,false,false,"ok"
"101157f0","FUN_101157f0","Global",7,false,false,"ok"
"10115800","FUN_10115800","Global",2258,false,false,"ok"
"101160e0","FUN_101160e0","Global",18,false,false,"ok"
"10116100","FUN_10116100","Global",171,false,false,"ok"
"101161f0","FUN_101161f0","Global",94,false,false,"ok"
"10116250","FUN_10116250","Global",521,false,false,"ok"
"10116460","FUN_10116460","Global",824,false,false,"ok"
"101167a0","FUN_101167a0","Global",1148,false,false,"ok"
"10116c20","FUN_10116c20","Global",387,false,false,"ok"
"10116db0","FUN_10116db0","Global",393,false,false,"ok"
"10116f40","FUN_10116f40","Global",79,false,false,"ok"
"10116f90","FUN_10116f90","Global",7,false,false,"ok"
"10116fb0","FUN_10116fb0","Global",2678,false,false,"ok"
"10117a30","FUN_10117a30","Global",304,false,false,"ok"
"10117b60","FUN_10117b60","Global",103,false,false,"ok"
"10117bd0","FUN_10117bd0","Global",16,false,false,"ok"
"10117be0","FUN_10117be0","Global",8,false,false,"ok"
"10117bf0","FUN_10117bf0","Global",203,false,false,"ok"
"10117cc0","FUN_10117cc0","Global",1003,false,false,"ok"
"101180b0","FUN_101180b0","Global",111,false,false,"ok"
"10118120","FUN_10118120","Global",106,false,false,"ok"
"10118190","FUN_10118190","Global",6,false,false,"ok"
"101181a0","FUN_101181a0","Global",183,false,false,"ok"
"10118260","FUN_10118260","Global",183,false,false,"ok"
"10118320","FUN_10118320","Global",512,false,false,"ok"
"10118530","FUN_10118530","Global",512,false,false,"ok"
"10118740","do_put","Global",93,false,false,"ok"
"101187a0","FUN_101187a0","Global",194,false,false,"ok"
"10118870","FUN_10118870","Global",194,false,false,"ok"
"10118940","FUN_10118940","Global",493,false,false,"ok"
"10118b30","FUN_10118b30","Global",235,false,false,"ok"
"10118c20","FUN_10118c20","Global",235,false,false,"ok"
"10118d10","FUN_10118d10","Global",412,false,false,"ok"
"10118eb0","FUN_10118eb0","Global",299,false,false,"ok"
"10118fe0","FUN_10118fe0","Global",513,false,false,"ok"
"101191d2","Catch@101191d2","Global",112,false,false,"ok"
"10119245","FUN_10119245","Global",32,false,false,"ok"
"10119274","Catch_All@10119274","Global",56,false,false,"ok"
"101192b0","FUN_101192b0","Global",298,false,false,"ok"
"101193e0","FUN_101193e0","Global",218,false,false,"ok"
"101194c0","FUN_101194c0","Global",5,false,false,"ok"
"101194d0","FUN_101194d0","Global",35,false,false,"ok"
"10119500","FUN_10119500","Global",265,false,false,"ok"
"10119610","FUN_10119610","Global",474,false,false,"ok"
"101197f0","FUN_101197f0","Global",268,false,false,"ok"
"10119900","FUN_10119900","Global",2007,false,false,"ok"
"1011a0e0","FUN_1011a0e0","Global",16,false,false,"ok"
"1011a0f0","FUN_1011a0f0","Global",22,false,false,"ok"
"1011a110","FUN_1011a110","Global",22,false,false,"ok"
"1011a130","FUN_1011a130","Global",22,false,false,"ok"
"1011a150","FUN_1011a150","Global",16,false,false,"ok"
"1011a160","FUN_1011a160","Global",159,false,false,"ok"
"1011a200","FUN_1011a200","Global",16,false,false,"ok"
"1011a210","FUN_1011a210","Global",16,false,false,"ok"
"1011a220","FUN_1011a220","Global",326,false,false,"ok"
"1011a370","FUN_1011a370","Global",179,false,false,"ok"
"1011a430","thunk_FUN_10119900","Global",5,false,true,"ok"
"1011a440","FUN_1011a440","Global",39,false,false,"ok"
"1011a470","FUN_1011a470","Global",6,false,false,"ok"
"1011a480","FUN_1011a480","Global",6,false,false,"ok"
"1011a490","FUN_1011a490","Global",6,false,false,"ok"
"1011a4a0","FUN_1011a4a0","Global",6,false,false,"ok"
"1011a4b0","FUN_1011a4b0","Global",6,false,false,"ok"
"1011a4c0","FUN_1011a4c0","Global",6,false,false,"ok"
"1011a4d0","FUN_1011a4d0","Global",6,false,false,"ok"
"1011a4e0","FUN_1011a4e0","Global",6,false,false,"ok"
"1011a500","FUN_1011a500","Global",856,false,false,"ok"
"1011a860","FUN_1011a860","Global",176,false,false,"ok"
"1011a910","FUN_1011a910","Global",401,false,false,"ok"
"1011ac00","FUN_1011ac00","Global",141,false,false,"ok"
"1011ac90","FUN_1011ac90","Global",742,false,false,"ok"
"1011af80","FUN_1011af80","Global",238,false,false,"ok"
"1011b070","FUN_1011b070","Global",2959,false,false,"ok"
"1011bc00","FUN_1011bc00","Global",144,false,false,"ok"
"1011bce0","FUN_1011bce0","Global",355,false,false,"ok"
"1011be50","FUN_1011be50","Global",406,false,false,"ok"
"1011bff0","FUN_1011bff0","Global",391,false,false,"ok"
"1011c180","FUN_1011c180","Global",382,false,false,"ok"
"1011c300","FUN_1011c300","Global",382,false,false,"ok"
"1011c480","FUN_1011c480","Global",406,false,false,"ok"
"1011c620","FUN_1011c620","Global",391,false,false,"ok"
"1011c7b0","FUN_1011c7b0","Global",406,false,false,"ok"
"1011c950","FUN_1011c950","Global",392,false,false,"ok"
"1011cae0","FUN_1011cae0","Global",183,false,false,"ok"
"1011cba0","FUN_1011cba0","Global",608,false,false,"ok"
"1011ce00","FUN_1011ce00","Global",4205,false,false,"ok"
"1011de70","FUN_1011de70","Global",392,false,false,"ok"
"1011e030","FUN_1011e030","Global",679,false,false,"ok"
"1011e2c8","Catch@1011e2c8","Global",112,false,false,"ok"
"1011e33b","FUN_1011e33b","Global",32,false,false,"ok"
"1011e36a","Catch_All@1011e36a","Global",56,false,false,"ok"
"1011e3b0","FUN_1011e3b0","Global",151,false,false,"ok"
"1011e450","FUN_1011e450","Global",1637,false,false,"ok"
"1011eac0","FUN_1011eac0","Global",151,false,false,"ok"
"1011eb60","FUN_1011eb60","Global",151,false,false,"ok"
"1011ec00","FUN_1011ec00","Global",177,false,false,"ok"
"1011ecc0","FUN_1011ecc0","Global",52,false,false,"ok"
"1011ed20","FUN_1011ed20","Global",183,false,false,"ok"
"1011ee30","FUN_1011ee30","Global",1784,false,false,"ok"
"1011f530","FUN_1011f530","Global",57,false,false,"ok"
"1011f570","FUN_1011f570","Global",90,false,false,"ok"
"1011f5d0","FUN_1011f5d0","Global",126,false,false,"ok"
"1011f650","FUN_1011f650","Global",322,false,false,"ok"
"1011f7a0","FUN_1011f7a0","Global",126,false,false,"ok"
"1011f820","FUN_1011f820","Global",1262,false,false,"ok"
"1011fd10","FUN_1011fd10","Global",171,false,false,"ok"
"1011fdc0","FUN_1011fdc0","Global",47,false,false,"ok"
"1011fdf0","FUN_1011fdf0","Global",36,false,false,"ok"
"1011fe20","FUN_1011fe20","Global",36,false,false,"ok"
"1011fe50","FUN_1011fe50","Global",36,false,false,"ok"
"1011fe80","FUN_1011fe80","Global",36,false,false,"ok"
"1011feb0","FUN_1011feb0","Global",153,false,false,"ok"
"1011ff50","FUN_1011ff50","Global",74,false,false,"ok"
"10120090","FUN_10120090","Global",137,false,false,"ok"
"10120120","FUN_10120120","Global",546,false,false,"ok"
"10120350","FUN_10120350","Global",123,false,false,"ok"
"101203d4","FUN_101203d4","Global",33,false,false,"ok"
"10120400","FUN_10120400","Global",161,false,false,"ok"
"101204b0","FUN_101204b0","Global",67,false,false,"ok"
"10120500","FUN_10120500","Global",64,false,false,"ok"
"10120550","FUN_10120550","Global",5,false,false,"ok"
"10120560","FUN_10120560","Global",654,false,false,"ok"
"101207f0","FUN_101207f0","Global",569,false,false,"ok"
"10120a30","FUN_10120a30","Global",96,false,false,"ok"
"10120a90","FUN_10120a90","Global",128,false,false,"ok"
"10120b10","FUN_10120b10","Global",786,false,false,"ok"
"10120e50","FUN_10120e50","Global",9,false,false,"ok"
"10120e60","FUN_10120e60","Global",207,false,false,"ok"
"10120f30","FUN_10120f30","Global",2418,false,false,"ok"
"101218b0","FUN_101218b0","Global",484,false,false,"ok"
"10121aa0","FUN_10121aa0","Global",3897,false,false,"ok"
"101229e0","FUN_101229e0","Global",542,false,false,"ok"
"10122c00","FUN_10122c00","Global",325,false,false,"ok"
"10122d50","FUN_10122d50","Global",371,false,false,"ok"
"10122ed0","FUN_10122ed0","Global",3539,false,false,"ok"
"10123cb0","FUN_10123cb0","Global",279,false,false,"ok"
"10123dd0","FUN_10123dd0","Global",16,false,false,"ok"
"10123de0","FUN_10123de0","Global",16,false,false,"ok"
"10123df0","thunk_FUN_10121aa0","Global",5,false,true,"ok"
"10123e00","FUN_10123e00","Global",8,false,false,"ok"
"10123e10","FUN_10123e10","Global",482,false,false,"ok"
"10124000","FUN_10124000","Global",6,false,false,"ok"
"10124010","FUN_10124010","Global",6,false,false,"ok"
"10124020","FUN_10124020","Global",219,false,false,"ok"
"10124100","FUN_10124100","Global",501,false,false,"ok"
"10124300","FUN_10124300","Global",501,false,false,"ok"
"10124500","FUN_10124500","Global",152,false,false,"ok"
"101245a0","FUN_101245a0","Global",180,false,false,"ok"
"10124660","FUN_10124660","Global",199,false,false,"ok"
"10124730","FUN_10124730","Global",429,false,false,"ok"
"101248e0","FUN_101248e0","Global",429,false,false,"ok"
"10124a90","FUN_10124a90","Global",412,false,false,"ok"
"10124c30","FUN_10124c30","Global",412,false,false,"ok"
"10124dd0","FUN_10124dd0","Global",412,false,false,"ok"
"10124f70","FUN_10124f70","Global",412,false,false,"ok"
"10125110","FUN_10125110","Global",412,false,false,"ok"
"101252b0","FUN_101252b0","Global",149,false,false,"ok"
"10125350","FUN_10125350","Global",247,false,false,"ok"
"10125450","FUN_10125450","Global",512,false,false,"ok"
"10125660","FUN_10125660","Global",83,false,false,"ok"
"101256c0","FUN_101256c0","Global",93,false,false,"ok"
"10125720","FUN_10125720","Global",268,false,false,"ok"
"10125830","FUN_10125830","Global",505,false,false,"ok"
"10125a30","FUN_10125a30","Global",92,false,false,"ok"
"10125a90","FUN_10125a90","Global",299,false,false,"ok"
"10125bc0","FUN_10125bc0","Global",299,false,false,"ok"
"10125cf0","FUN_10125cf0","Global",299,false,false,"ok"
"10125e20","FUN_10125e20","Global",299,false,false,"ok"
"10125f50","FUN_10125f50","Global",299,false,false,"ok"
"10126080","FUN_10126080","Global",299,false,false,"ok"
"101261b0","FUN_101261b0","Global",299,false,false,"ok"
"101262e0","FUN_101262e0","Global",38,false,false,"ok"
"10126310","FUN_10126310","Global",298,false,false,"ok"
"10126440","FUN_10126440","Global",298,false,false,"ok"
"10126570","FUN_10126570","Global",298,false,false,"ok"
"101266a0","FUN_101266a0","Global",298,false,false,"ok"
"101267d0","FUN_101267d0","Global",298,false,false,"ok"
"10126900","FUN_10126900","Global",298,false,false,"ok"
"10126a30","FUN_10126a30","Global",298,false,false,"ok"
"10126b60","FUN_10126b60","Global",154,false,false,"ok"
"10126c00","FUN_10126c00","Global",252,false,false,"ok"
"10126d00","FUN_10126d00","Global",198,false,false,"ok"
"10126dd0","FUN_10126dd0","Global",19,false,false,"ok"
"10126df0","FUN_10126df0","Global",170,false,false,"ok"
"10126ea0","FUN_10126ea0","Global",218,false,false,"ok"
"10126f80","FUN_10126f80","Global",218,false,false,"ok"
"10127060","FUN_10127060","Global",218,false,false,"ok"
"10127140","FUN_10127140","Global",218,false,false,"ok"
"10127220","FUN_10127220","Global",218,false,false,"ok"
"10127300","FUN_10127300","Global",218,false,false,"ok"
"101273e0","FUN_101273e0","Global",218,false,false,"ok"
"101274c0","FUN_101274c0","Global",5,false,false,"ok"
"101274d0","FUN_101274d0","Global",5,false,false,"ok"
"101274e0","FUN_101274e0","Global",5,false,false,"ok"
"101274f0","FUN_101274f0","Global",5,false,false,"ok"
"10127500","FUN_10127500","Global",5,false,false,"ok"
"10127510","FUN_10127510","Global",5,false,false,"ok"
"10127520","FUN_10127520","Global",5,false,false,"ok"
"10127530","FUN_10127530","Global",137,false,false,"ok"
"101275c0","FUN_101275c0","Global",19,false,false,"ok"
"101275e0","FUN_101275e0","Global",8,false,false,"ok"
"101275f0","FUN_101275f0","Global",102,false,false,"ok"
"10127660","FUN_10127660","Global",8,false,false,"ok"
"10127670","FUN_10127670","Global",366,false,false,"ok"
"101277e0","FUN_101277e0","Global",418,false,false,"ok"
"10127990","FUN_10127990","Global",129,false,false,"ok"
"10127a20","FUN_10127a20","Global",150,false,false,"ok"
"10127ac0","FUN_10127ac0","Global",27,false,false,"ok"
"10127ae0","FUN_10127ae0","Global",448,false,false,"ok"
"10127ca0","FUN_10127ca0","Global",36,false,false,"ok"
"10127cd0","FUN_10127cd0","Global",35,false,false,"ok"
"10127d00","FUN_10127d00","Global",35,false,false,"ok"
"10127d30","FUN_10127d30","Global",35,false,false,"ok"
"10127d60","FUN_10127d60","Global",35,false,false,"ok"
"10127d90","FUN_10127d90","Global",35,false,false,"ok"
"10127dc0","FUN_10127dc0","Global",35,false,false,"ok"
"10127df0","FUN_10127df0","Global",35,false,false,"ok"
"10127e20","FUN_10127e20","Global",414,false,false,"ok"
"10127fc0","FUN_10127fc0","Global",265,false,false,"ok"
"101280d0","FUN_101280d0","Global",265,false,false,"ok"
"101281e0","FUN_101281e0","Global",414,false,false,"ok"
"10128380","FUN_10128380","Global",414,false,false,"ok"
"10128520","FUN_10128520","Global",197,false,false,"ok"
"101285f0","FUN_101285f0","Global",268,false,false,"ok"
"10128700","FUN_10128700","Global",268,false,false,"ok"
"10128810","FUN_10128810","Global",268,false,false,"ok"
"10128920","FUN_10128920","Global",268,false,false,"ok"
"10128a30","FUN_10128a30","Global",268,false,false,"ok"
"10128b40","FUN_10128b40","Global",650,false,false,"ok"
"10128dd0","FUN_10128dd0","Global",776,false,false,"ok"
"101290e0","FUN_101290e0","Global",2419,false,false,"ok"
"10129a60","FUN_10129a60","Global",197,false,false,"ok"
"10129b30","FUN_10129b30","Global",16,false,false,"ok"
"10129b40","FUN_10129b40","Global",22,false,false,"ok"
"10129b60","FUN_10129b60","Global",22,false,false,"ok"
"10129b80","FUN_10129b80","Global",22,false,false,"ok"
"10129ba0","FUN_10129ba0","Global",22,false,false,"ok"
"10129bc0","FUN_10129bc0","Global",22,false,false,"ok"
"10129be0","FUN_10129be0","Global",22,false,false,"ok"
"10129c00","FUN_10129c00","Global",22,false,false,"ok"
"10129c20","FUN_10129c20","Global",22,false,false,"ok"
"10129c40","FUN_10129c40","Global",22,false,false,"ok"
"10129c60","FUN_10129c60","Global",22,false,false,"ok"
"10129c80","FUN_10129c80","Global",22,false,false,"ok"
"10129ca0","FUN_10129ca0","Global",22,false,false,"ok"
"10129cc0","FUN_10129cc0","Global",22,false,false,"ok"
"10129ce0","FUN_10129ce0","Global",22,false,false,"ok"
"10129d00","FUN_10129d00","Global",22,false,false,"ok"
"10129d20","FUN_10129d20","Global",22,false,false,"ok"
"10129d40","FUN_10129d40","Global",22,false,false,"ok"
"10129d60","FUN_10129d60","Global",22,false,false,"ok"
"10129d80","FUN_10129d80","Global",22,false,false,"ok"
"10129da0","FUN_10129da0","Global",22,false,false,"ok"
"10129dc0","FUN_10129dc0","Global",22,false,false,"ok"
"10129de0","FUN_10129de0","Global",16,false,false,"ok"
"10129df0","FUN_10129df0","Global",159,false,false,"ok"
"10129e90","FUN_10129e90","Global",159,false,false,"ok"
"10129f30","FUN_10129f30","Global",159,false,false,"ok"
"10129fd0","FUN_10129fd0","Global",159,false,false,"ok"
"1012a070","FUN_1012a070","Global",159,false,false,"ok"
"1012a110","FUN_1012a110","Global",159,false,false,"ok"
"1012a1b0","FUN_1012a1b0","Global",159,false,false,"ok"
"1012a250","FUN_1012a250","Global",16,false,false,"ok"
"1012a260","FUN_1012a260","Global",16,false,false,"ok"
"1012a270","FUN_1012a270","Global",16,false,false,"ok"
"1012a280","FUN_1012a280","Global",16,false,false,"ok"
"1012a290","FUN_1012a290","Global",20,false,false,"ok"
"1012a2b0","FUN_1012a2b0","Global",209,false,false,"ok"
"1012a390","FUN_1012a390","Global",46,false,false,"ok"
"1012a3c0","FUN_1012a3c0","Global",70,false,false,"ok"
"1012a410","FUN_1012a410","Global",114,false,false,"ok"
"1012a490","FUN_1012a490","Global",140,false,false,"ok"
"1012a520","FUN_1012a520","Global",173,false,false,"ok"
"1012a5d0","FUN_1012a5d0","Global",158,false,false,"ok"
"1012a670","FUN_1012a670","Global",186,false,false,"ok"
"1012a730","FUN_1012a730","Global",193,false,false,"ok"
"1012a800","FUN_1012a800","Global",184,false,false,"ok"
"1012a8c0","FUN_1012a8c0","Global",201,false,false,"ok"
"1012a990","FUN_1012a990","Global",199,false,false,"ok"
"1012aa60","FUN_1012aa60","Global",74,false,false,"ok"
"1012aab0","FUN_1012aab0","Global",256,false,false,"ok"
"1012abb0","FUN_1012abb0","Global",269,false,false,"ok"
"1012acc0","FUN_1012acc0","Global",304,false,false,"ok"
"1012adf0","FUN_1012adf0","Global",363,false,false,"ok"
"1012af60","FUN_1012af60","Global",65,false,false,"ok"
"1012afb0","FUN_1012afb0","Global",6,false,false,"ok"
"1012afc0","FUN_1012afc0","Global",6,false,false,"ok"
"1012afd0","FUN_1012afd0","Global",6,false,false,"ok"
"1012afe0","FUN_1012afe0","Global",6,false,false,"ok"
"1012aff0","FUN_1012aff0","Global",6,false,false,"ok"
"1012b000","FUN_1012b000","Global",6,false,false,"ok"
"1012b010","FUN_1012b010","Global",6,false,false,"ok"
"1012b020","FUN_1012b020","Global",6,false,false,"ok"
"1012b030","FUN_1012b030","Global",6,false,false,"ok"
"1012b040","FUN_1012b040","Global",6,false,false,"ok"
"1012b050","FUN_1012b050","Global",6,false,false,"ok"
"1012b060","FUN_1012b060","Global",6,false,false,"ok"
"1012b070","FUN_1012b070","Global",6,false,false,"ok"
"1012b080","FUN_1012b080","Global",6,false,false,"ok"
"1012b090","FUN_1012b090","Global",6,false,false,"ok"
"1012b0a0","FUN_1012b0a0","Global",6,false,false,"ok"
"1012b0b0","FUN_1012b0b0","Global",6,false,false,"ok"
"1012b0c0","FUN_1012b0c0","Global",6,false,false,"ok"
"1012b0d0","FUN_1012b0d0","Global",6,false,false,"ok"
"1012b0e0","FUN_1012b0e0","Global",6,false,false,"ok"
"1012b0f0","FUN_1012b0f0","Global",6,false,false,"ok"
"1012b100","FUN_1012b100","Global",6,false,false,"ok"
"1012b110","FUN_1012b110","Global",6,false,false,"ok"
"1012b120","FUN_1012b120","Global",6,false,false,"ok"
"1012b130","FUN_1012b130","Global",6,false,false,"ok"
"1012b140","FUN_1012b140","Global",6,false,false,"ok"
"1012b150","FUN_1012b150","Global",6,false,false,"ok"
"1012b160","FUN_1012b160","Global",6,false,false,"ok"
"1012b170","FUN_1012b170","Global",6,false,false,"ok"
"1012b180","FUN_1012b180","Global",6,false,false,"ok"
"1012b190","FUN_1012b190","Global",6,false,false,"ok"
"1012b1a0","FUN_1012b1a0","Global",6,false,false,"ok"
"1012b1b0","FUN_1012b1b0","Global",6,false,false,"ok"
"1012b1c0","FUN_1012b1c0","Global",6,false,false,"ok"
"1012b1d0","FUN_1012b1d0","Global",124,false,false,"ok"
"1012b250","FUN_1012b250","Global",139,false,false,"ok"
"1012b2e0","FUN_1012b2e0","Global",328,false,false,"ok"
"1012b430","FUN_1012b430","Global",221,false,false,"ok"
"1012b510","FUN_1012b510","Global",37,false,false,"ok"
"1012b540","FUN_1012b540","Global",37,false,false,"ok"
"1012b570","FUN_1012b570","Global",37,false,false,"ok"
"1012b5a0","FUN_1012b5a0","Global",37,false,false,"ok"
"1012b5d0","FUN_1012b5d0","Global",45,false,false,"ok"
"1012b600","FUN_1012b600","Global",37,false,false,"ok"
"1012b630","FUN_1012b630","Global",37,false,false,"ok"
"1012b660","FUN_1012b660","Global",1040,false,false,"ok"
"1012ba80","FUN_1012ba80","Global",1040,false,false,"ok"
"1012bea0","FUN_1012bea0","Global",1040,false,false,"ok"
"1012c2c0","FUN_1012c2c0","Global",788,false,false,"ok"
"1012c5e0","FUN_1012c5e0","Global",898,false,false,"ok"
"1012c970","FUN_1012c970","Global",1040,false,false,"ok"
"1012cd90","FUN_1012cd90","Global",1040,false,false,"ok"
"1012d1b0","FUN_1012d1b0","Global",43,false,false,"ok"
"1012d1e0","FUN_1012d1e0","Global",176,false,false,"ok"
"1012d290","FUN_1012d290","Global",176,false,false,"ok"
"1012d340","FUN_1012d340","Global",176,false,false,"ok"
"1012d3f0","FUN_1012d3f0","Global",176,false,false,"ok"
"1012d4a0","FUN_1012d4a0","Global",176,false,false,"ok"
"1012d550","FUN_1012d550","Global",176,false,false,"ok"
"1012d600","FUN_1012d600","Global",176,false,false,"ok"
"1012d6b0","FUN_1012d6b0","Global",401,false,false,"ok"
"1012d850","FUN_1012d850","Global",401,false,false,"ok"
"1012d9f0","FUN_1012d9f0","Global",401,false,false,"ok"
"1012db90","FUN_1012db90","Global",401,false,false,"ok"
"1012dd30","FUN_1012dd30","Global",401,false,false,"ok"
"1012ded0","FUN_1012ded0","Global",401,false,false,"ok"
"1012e070","FUN_1012e070","Global",401,false,false,"ok"
"1012e210","FUN_1012e210","Global",252,false,false,"ok"
"1012e310","FUN_1012e310","Global",146,false,false,"ok"
"1012e3b0","FUN_1012e3b0","Global",351,false,false,"ok"
"1012e510","FUN_1012e510","Global",448,false,false,"ok"
"1012e6e0","FUN_1012e6e0","Global",735,false,false,"ok"
"1012e9c0","FUN_1012e9c0","Global",150,false,false,"ok"
"1012ea60","FUN_1012ea60","Global",521,false,false,"ok"
"1012ec3a","Catch@1012ec3a","Global",112,false,false,"ok"
"1012ecdc","Catch_All@1012ecdc","Global",56,false,false,"ok"
"1012ed20","FUN_1012ed20","Global",220,false,false,"ok"
"1012ee00","FUN_1012ee00","Global",70,false,false,"ok"
"1012f1c0","FUN_1012f1c0","Global",146,false,false,"ok"
"1012f260","FUN_1012f260","Global",206,false,false,"ok"
"1012f330","FUN_1012f330","Global",109,false,false,"ok"
"1012f3a0","FUN_1012f3a0","Global",35,false,false,"ok"
"1012f3d0","FUN_1012f3d0","Global",34,false,false,"ok"
"1012f400","FUN_1012f400","Global",6645,false,false,"ok"
"10130e00","FUN_10130e00","Global",20,false,false,"ok"
"10130e20","FUN_10130e20","Global",16,false,false,"ok"
"10130e30","FUN_10130e30","Global",73,false,false,"ok"
"10130e80","FUN_10130e80","Global",6,false,false,"ok"
"10130e90","FUN_10130e90","Global",221,false,false,"ok"
"10130f70","FUN_10130f70","Global",66,false,false,"ok"
"10130fc0","FUN_10130fc0","Global",255,false,false,"ok"
"101310c0","FUN_101310c0","Global",54,false,false,"ok"
"10131100","FUN_10131100","Global",108,false,false,"ok"
"10131170","FUN_10131170","Global",645,false,false,"ok"
"10131400","FUN_10131400","Global",92,false,false,"ok"
"10131460","FUN_10131460","Global",1428,false,false,"ok"
"10131a00","FUN_10131a00","Global",323,false,false,"ok"
"10131b50","FUN_10131b50","Global",75,false,false,"ok"
"10131ba0","FUN_10131ba0","Global",75,false,false,"ok"
"10131bf0","FUN_10131bf0","Global",521,false,false,"ok"
"10131e00","FUN_10131e00","Global",208,false,false,"ok"
"10131ed0","FUN_10131ed0","Global",25,false,false,"ok"
"10131ef0","FUN_10131ef0","Global",994,false,false,"ok"
"101322e0","FUN_101322e0","Global",115,false,false,"ok"
"10132360","FUN_10132360","Global",115,false,false,"ok"
"101323e0","FUN_101323e0","Global",130,false,false,"ok"
"10132470","FUN_10132470","Global",136,false,false,"ok"
"10132500","FUN_10132500","Global",171,false,false,"ok"
"101325c0","FUN_101325c0","Global",26,false,false,"ok"
"101325e0","FUN_101325e0","Global",16,false,false,"ok"
"101325f0","FUN_101325f0","Global",8,false,false,"ok"
"10132600","FUN_10132600","Global",6,false,false,"ok"
"10132610","FUN_10132610","Global",45,false,false,"ok"
"10132640","FUN_10132640","Global",97,false,false,"ok"
"101326b0","FUN_101326b0","Global",41,false,false,"ok"
"101326e0","FUN_101326e0","Global",50,false,false,"ok"
"10132720","FUN_10132720","Global",50,false,false,"ok"
"10132760","FUN_10132760","Global",50,false,false,"ok"
"101327a0","FUN_101327a0","Global",50,false,false,"ok"
"101327e0","FUN_101327e0","Global",41,false,false,"ok"
"10132810","FUN_10132810","Global",57,false,false,"ok"
"10132850","FUN_10132850","Global",82,false,false,"ok"
"101328b0","FUN_101328b0","Global",74,false,false,"ok"
"10132900","FUN_10132900","Global",127,false,false,"ok"
"10132990","FUN_10132990","Global",41,false,false,"ok"
"101329c0","FUN_101329c0","Global",151,false,false,"ok"
"10132a60","FUN_10132a60","Global",261,false,false,"ok"
"10132b70","FUN_10132b70","Global",4319,false,false,"ok"
"10133c50","FUN_10133c50","Global",136,false,false,"ok"
"10133ce0","FUN_10133ce0","Global",16,false,false,"ok"
"10133cf0","FUN_10133cf0","Global",8,false,false,"ok"
"10133d00","FUN_10133d00","Global",6,false,false,"ok"
"10133d10","FUN_10133d10","Global",223,false,false,"ok"
"10133df0","FUN_10133df0","Global",47,false,false,"ok"
"10133e30","FUN_10133e30","Global",501,false,false,"ok"
"10134030","FUN_10134030","Global",501,false,false,"ok"
"10134230","FUN_10134230","Global",250,false,false,"ok"
"10134330","FUN_10134330","Global",261,false,false,"ok"
"10134440","FUN_10134440","Global",454,false,false,"ok"
"10134610","FUN_10134610","Global",454,false,false,"ok"
"101347e0","FUN_101347e0","Global",412,false,false,"ok"
"10134980","FUN_10134980","Global",412,false,false,"ok"
"10134b20","FUN_10134b20","Global",299,false,false,"ok"
"10134c50","FUN_10134c50","Global",299,false,false,"ok"
"10134d80","FUN_10134d80","Global",298,false,false,"ok"
"10134eb0","FUN_10134eb0","Global",298,false,false,"ok"
"10134fe0","thunk_FUN_10134ff0","Global",5,false,true,"ok"
"10134ff0","FUN_10134ff0","Global",218,false,false,"ok"
"101350d0","FUN_101350d0","Global",218,false,false,"ok"
"101351b0","FUN_101351b0","Global",5,false,false,"ok"
"101351c0","FUN_101351c0","Global",35,false,false,"ok"
"101351f0","FUN_101351f0","Global",35,false,false,"ok"
"10135220","FUN_10135220","Global",414,false,false,"ok"
"101353c0","FUN_101353c0","Global",414,false,false,"ok"
"10135560","FUN_10135560","Global",268,false,false,"ok"
"10135670","FUN_10135670","Global",268,false,false,"ok"
"10135780","FUN_10135780","Global",306,false,false,"ok"
"101358c0","FUN_101358c0","Global",126,false,false,"ok"
"10135940","FUN_10135940","Global",22,false,false,"ok"
"10135960","FUN_10135960","Global",22,false,false,"ok"
"10135980","FUN_10135980","Global",22,false,false,"ok"
"101359a0","FUN_101359a0","Global",22,false,false,"ok"
"101359c0","FUN_101359c0","Global",22,false,false,"ok"
"101359e0","FUN_101359e0","Global",22,false,false,"ok"
"10135a00","FUN_10135a00","Global",159,false,false,"ok"
"10135aa0","FUN_10135aa0","Global",159,false,false,"ok"
"10135b40","FUN_10135b40","Global",16,false,false,"ok"
"10135b50","FUN_10135b50","Global",16,false,false,"ok"
"10135b60","FUN_10135b60","Global",29,false,false,"ok"
"10135b80","FUN_10135b80","Global",158,false,false,"ok"
"10135c20","FUN_10135c20","Global",6,false,false,"ok"
"10135c30","FUN_10135c30","Global",6,false,false,"ok"
"10135c40","FUN_10135c40","Global",6,false,false,"ok"
"10135c50","FUN_10135c50","Global",6,false,false,"ok"
"10135c60","FUN_10135c60","Global",6,false,false,"ok"
"10135c70","FUN_10135c70","Global",6,false,false,"ok"
"10135c80","FUN_10135c80","Global",6,false,false,"ok"
"10135c90","FUN_10135c90","Global",6,false,false,"ok"
"10135ca0","FUN_10135ca0","Global",6,false,false,"ok"
"10135cb0","FUN_10135cb0","Global",6,false,false,"ok"
"10135cd0","FUN_10135cd0","Global",23,false,false,"ok"
"10135cf0","FUN_10135cf0","Global",294,false,false,"ok"
"10135e20","FUN_10135e20","Global",626,false,false,"ok"
"101360a0","FUN_101360a0","Global",657,false,false,"ok"
"10136340","FUN_10136340","Global",291,false,false,"ok"
"10136470","FUN_10136470","Global",291,false,false,"ok"
"101365a0","FUN_101365a0","Global",401,false,false,"ok"
"10136740","FUN_10136740","Global",401,false,false,"ok"
"101368e0","FUN_101368e0","Global",63,false,false,"ok"
"10136940","FUN_10136940","Global",49,false,false,"ok"
"10136980","FUN_10136980","Global",49,false,false,"ok"
"101369c0","FUN_101369c0","Global",134,false,false,"ok"
"10136a50","FUN_10136a50","Global",16,false,false,"ok"
"10136a60","FUN_10136a60","Global",501,false,false,"ok"
"10136c60","FUN_10136c60","Global",454,false,false,"ok"
"10136e30","FUN_10136e30","Global",454,false,false,"ok"
"10137000","FUN_10137000","Global",454,false,false,"ok"
"101371d0","FUN_101371d0","Global",454,false,false,"ok"
"101373a0","FUN_101373a0","Global",454,false,false,"ok"
"10137570","FUN_10137570","Global",454,false,false,"ok"
"10137740","FUN_10137740","Global",412,false,false,"ok"
"101378e0","FUN_101378e0","Global",273,false,false,"ok"
"10137a00","FUN_10137a00","Global",299,false,false,"ok"
"10137b30","FUN_10137b30","Global",454,false,false,"ok"
"10137d00","FUN_10137d00","Global",298,false,false,"ok"
"10137e30","FUN_10137e30","Global",11,false,false,"ok"
"10137e40","FUN_10137e40","Global",33,false,false,"ok"
"10137e70","FUN_10137e70","Global",218,false,false,"ok"
"10137f50","FUN_10137f50","Global",5,false,false,"ok"
"10137f60","FUN_10137f60","Global",12,false,false,"ok"
"10137f70","FUN_10137f70","Global",15,false,false,"ok"
"10137f80","FUN_10137f80","Global",727,false,false,"ok"
"10138260","FUN_10138260","Global",326,false,false,"ok"
"101383b0","FUN_101383b0","Global",1085,false,false,"ok"
"101387f0","FUN_101387f0","Global",24,false,false,"ok"
"10138810","FUN_10138810","Global",35,false,false,"ok"
"10138840","FUN_10138840","Global",105,false,false,"ok"
"101388b0","FUN_101388b0","Global",265,false,false,"ok"
"101389f0","FUN_101389f0","Global",268,false,false,"ok"
"10138b00","FUN_10138b00","Global",1040,false,false,"ok"
"10138f20","FUN_10138f20","Global",1610,false,false,"ok"
"10139570","FUN_10139570","Global",263,false,false,"ok"
"10139690","FUN_10139690","Global",272,false,false,"ok"
"101397a0","FUN_101397a0","Global",1670,false,false,"ok"
"10139e30","FUN_10139e30","Global",55,false,false,"ok"
"10139e70","FUN_10139e70","Global",16,false,false,"ok"
"10139e80","FUN_10139e80","Global",16,false,false,"ok"
"10139e90","FUN_10139e90","Global",22,false,false,"ok"
"10139eb0","FUN_10139eb0","Global",22,false,false,"ok"
"10139ed0","FUN_10139ed0","Global",22,false,false,"ok"
"10139ef0","FUN_10139ef0","Global",16,false,false,"ok"
"10139f00","FUN_10139f00","Global",159,false,false,"ok"
"10139fa0","FUN_10139fa0","Global",289,false,false,"ok"
"1013a0d0","FUN_1013a0d0","Global",8,false,false,"ok"
"1013a0e0","FUN_1013a0e0","Global",96,false,false,"ok"
"1013a140","FUN_1013a140","Global",8,false,false,"ok"
"1013a150","FUN_1013a150","Global",6,false,false,"ok"
"1013a160","FUN_1013a160","Global",6,false,false,"ok"
"1013a170","FUN_1013a170","Global",6,false,false,"ok"
"1013a180","FUN_1013a180","Global",6,false,false,"ok"
"1013a190","FUN_1013a190","Global",6,false,false,"ok"
"1013a1a0","FUN_1013a1a0","Global",6,false,false,"ok"
"1013a1b0","FUN_1013a1b0","Global",6,false,false,"ok"
"1013a1c0","FUN_1013a1c0","Global",23,false,false,"ok"
"1013a1e0","FUN_1013a1e0","Global",16,false,false,"ok"
"1013a1f0","FUN_1013a1f0","Global",657,false,false,"ok"
"1013a490","FUN_1013a490","Global",269,false,false,"ok"
"1013a5a0","FUN_1013a5a0","Global",291,false,false,"ok"
"1013a6d0","FUN_1013a6d0","Global",401,false,false,"ok"
"1013a870","FUN_1013a870","Global",84,false,false,"ok"
"1013a8d0","FUN_1013a8d0","Global",189,false,false,"ok"
"1013a94e","Catch@1013a94e","Global",99,false,false,"ok"
"1013aa02","Catch_All@1013aa02","Global",50,false,false,"ok"
"1013aa40","FUN_1013aa40","Global",119,false,false,"ok"
"1013aa9b","Catch@1013aa9b","Global",49,false,false,"ok"
"1013aafa","Catch_All@1013aafa","Global",50,false,false,"ok"
"1013ab30","FUN_1013ab30","Global",93,false,false,"ok"
"1013ab90","FUN_1013ab90","Global",39,false,false,"ok"
"1013abc0","FUN_1013abc0","Global",131,false,false,"ok"
"1013ac50","FUN_1013ac50","Global",126,false,false,"ok"
"1013acd0","FUN_1013acd0","Global",131,false,false,"ok"
"1013ad60","FUN_1013ad60","Global",164,false,false,"ok"
"1013ae10","FUN_1013ae10","Global",211,false,false,"ok"
"1013aef0","FUN_1013aef0","Global",48,false,false,"ok"
"1013af20","FUN_1013af20","Global",43,false,false,"ok"
"1013af50","FUN_1013af50","Global",316,false,false,"ok"
"1013b090","FUN_1013b090","Global",142,false,false,"ok"
"1013b120","FUN_1013b120","Global",54,false,false,"ok"
"1013b160","FUN_1013b160","Global",26,false,false,"ok"
"1013b180","FUN_1013b180","Global",39,false,false,"ok"
"1013b1b0","FUN_1013b1b0","Global",587,false,false,"ok"
"1013b400","FUN_1013b400","Global",260,false,false,"ok"
"1013b510","FUN_1013b510","Global",156,false,false,"ok"
"1013b5b0","FUN_1013b5b0","Global",49,false,false,"ok"
"1013b5f0","FUN_1013b5f0","Global",11,false,false,"ok"
"1013b600","FUN_1013b600","Global",36,false,false,"ok"
"1013b630","FUN_1013b630","Global",279,false,false,"ok"
"1013b750","FUN_1013b750","Global",22,false,false,"ok"
"1013b770","FUN_1013b770","Global",71,false,false,"ok"
"1013b7c0","FUN_1013b7c0","Global",6,false,false,"ok"
"1013b7d0","FUN_1013b7d0","Global",452,false,false,"ok"
"1013b9a0","FUN_1013b9a0","Global",81,false,false,"ok"
"1013ba00","FUN_1013ba00","Global",557,false,false,"ok"
"1013bc30","FUN_1013bc30","Global",68,false,false,"ok"
"1013bc80","FUN_1013bc80","Global",103,false,false,"ok"
"1013bcf0","FUN_1013bcf0","Global",111,false,false,"ok"
"1013bd60","FUN_1013bd60","Global",148,false,false,"ok"
"1013be00","FUN_1013be00","Global",96,false,false,"ok"
"1013be60","FUN_1013be60","Global",133,false,false,"ok"
"1013bef0","FUN_1013bef0","Global",270,false,false,"ok"
"1013c000","FUN_1013c000","Global",515,false,false,"ok"
"1013c210","FUN_1013c210","Global",159,false,false,"ok"
"1013c2b0","FUN_1013c2b0","Global",90,false,false,"ok"
"1013c310","FUN_1013c310","Global",478,false,false,"ok"
"1013c4f0","FUN_1013c4f0","Global",65,false,false,"ok"
"1013c540","FUN_1013c540","Global",226,false,false,"ok"
"1013c630","FUN_1013c630","Global",545,false,false,"ok"
"1013c860","FUN_1013c860","Global",346,false,false,"ok"
"1013c9c0","FUN_1013c9c0","Global",459,false,false,"ok"
"1013cb90","FUN_1013cb90","Global",1517,false,false,"ok"
"1013d180","FUN_1013d180","Global",50,false,false,"ok"
"1013d1c0","FUN_1013d1c0","Global",19,false,false,"ok"
"1013d1e0","FUN_1013d1e0","Global",19,false,false,"ok"
"1013d200","FUN_1013d200","Global",95,false,false,"ok"
"1013d260","FUN_1013d260","Global",17,false,false,"ok"
"1013d280","FUN_1013d280","Global",14,false,false,"ok"
"1013d290","FUN_1013d290","Global",28,false,false,"ok"
"1013d2b0","FUN_1013d2b0","Global",8,false,false,"ok"
"1013d2c0","FUN_1013d2c0","Global",25,false,false,"ok"
"1013d2e0","FUN_1013d2e0","Global",13,false,false,"ok"
"1013d2f0","FUN_1013d2f0","Global",37,false,false,"ok"
"1013d320","thunk_FUN_1013e500","Global",5,false,true,"ok"
"1013d330","FUN_1013d330","Global",131,false,false,"ok"
"1013d3c0","FUN_1013d3c0","Global",139,false,false,"ok"
"1013d450","FUN_1013d450","Global",64,false,false,"ok"
"1013d490","FUN_1013d490","Global",129,false,false,"ok"
"1013d520","FUN_1013d520","Global",274,false,false,"ok"
"1013d632","Catch_All@1013d632","Global",35,false,false,"ok"
"1013d65e","FUN_1013d65e","Global",369,false,false,"ok"
"1013d6e4","Catch_All@1013d6e4","Global",25,false,false,"ok"
"1013d800","FUN_1013d800","Global",297,false,false,"ok"
"1013d930","FUN_1013d930","Global",325,false,false,"ok"
"1013da80","FUN_1013da80","Global",716,false,false,"ok"
"1013dd50","FUN_1013dd50","Global",222,false,false,"ok"
"1013de40","FUN_1013de40","Global",1249,false,false,"ok"
"1013e330","FUN_1013e330","Global",148,false,false,"ok"
"1013e3d0","FUN_1013e3d0","Global",145,false,false,"ok"
"1013e470","_Rehash_for_1","std::_Hash<std::_Uset_traits<std::basic_string<char,std::char_traits<char>,std::allocator<char>_>,std::_Uhash_compare<std::basic_string<char,std::char_traits<char>,std::allocator<char>_>,std::hash<std::basic_string<char,std::char_traits<char>,std::allocator<char>_>_>,std::equal_to<std::basic_string<char,std::char_traits<char>,std::allocator<char>_>_>_>,std::allocator<std::basic_string<char,std::char_traits<char>,std::allocator<char>_>_>,0>_>",132,false,false,"ok"
"1013e500","FUN_1013e500","Global",105,false,false,"ok"
"1013e570","FUN_1013e570","Global",127,false,false,"ok"
"1013e5f0","FUN_1013e5f0","Global",102,false,false,"ok"
"1013e660","FUN_1013e660","Global",543,false,false,"ok"
"1013e880","FUN_1013e880","Global",68,false,false,"ok"
"1013e8d0","FUN_1013e8d0","Global",510,false,false,"ok"
"1013ead0","FUN_1013ead0","Global",544,false,false,"ok"
"1013ed00","FUN_1013ed00","Global",142,false,false,"ok"
"1013ed90","FUN_1013ed90","Global",124,false,false,"ok"
"1013ee10","FUN_1013ee10","Global",22,false,false,"ok"
"1013ee30","FUN_1013ee30","Global",108,false,false,"ok"
"1013eea0","FUN_1013eea0","Global",178,false,false,"ok"
"1013ef60","FUN_1013ef60","Global",422,false,false,"ok"
"1013f110","FUN_1013f110","Global",146,false,false,"ok"
"1013f1b0","FUN_1013f1b0","Global",724,false,false,"ok"
"1013f490","FUN_1013f490","Global",2046,false,false,"ok"
"1013fc90","FUN_1013fc90","Global",656,false,false,"ok"
"1013ff30","FUN_1013ff30","Global",378,false,false,"ok"
"101400b0","FUN_101400b0","Global",175,false,false,"ok"
"10140160","FUN_10140160","Global",80,false,false,"ok"
"101401c0","FUN_101401c0","Global",64,false,false,"ok"
"10140200","FUN_10140200","Global",86,false,false,"ok"
"10140260","FUN_10140260","Global",448,false,false,"ok"
"10140420","thunk_FUN_10140260","Global",5,false,true,"ok"
"10140430","FUN_10140430","Global",66,false,false,"ok"
"10140480","FUN_10140480","Global",510,false,false,"ok"
"10140680","FUN_10140680","Global",136,false,false,"ok"
"10140710","FUN_10140710","Global",16,false,false,"ok"
"10140720","FUN_10140720","Global",8,false,false,"ok"
"10140730","FUN_10140730","Global",7,false,false,"ok"
"10140740","FUN_10140740","Global",6,false,false,"ok"
"10140750","FUN_10140750","Global",349,false,false,"ok"
"101408b0","FUN_101408b0","Global",7,false,false,"ok"
"101408c0","FUN_101408c0","Global",276,false,false,"ok"
"101409e0","FUN_101409e0","Global",491,false,false,"ok"
"10140bbc","Catch@10140bbc","Global",112,false,false,"ok"
"10140c2f","FUN_10140c2f","Global",32,false,false,"ok"
"10140c5e","Catch_All@10140c5e","Global",56,false,false,"ok"
"10140ca0","FUN_10140ca0","Global",8,false,false,"ok"
"10140cb0","FUN_10140cb0","Global",8,false,false,"ok"
"10140cc0","FUN_10140cc0","Global",8,false,false,"ok"
"10140cd0","FUN_10140cd0","Global",15,false,false,"ok"
"10140ce0","FUN_10140ce0","Global",62,false,false,"ok"
"10140d20","FUN_10140d20","Global",62,false,false,"ok"
"10140d60","FUN_10140d60","Global",95,false,false,"ok"
"10140dc0","FUN_10140dc0","Global",79,false,false,"ok"
"10140e10","FUN_10140e10","Global",41,false,false,"ok"
"10140e40","FUN_10140e40","Global",41,false,false,"ok"
"10140e70","FUN_10140e70","Global",1591,false,false,"ok"
"101414b0","FUN_101414b0","Global",1738,false,false,"ok"
"10141b80","FUN_10141b80","Global",10,false,false,"ok"
"10141b90","FUN_10141b90","Global",75,false,false,"ok"
"10141be0","FUN_10141be0","Global",252,false,false,"ok"
"10141ce0","FUN_10141ce0","Global",181,false,false,"ok"
"10141da0","FUN_10141da0","Global",265,false,false,"ok"
"10141eb0","FUN_10141eb0","Global",908,false,false,"ok"
"10142240","FUN_10142240","Global",30,false,false,"ok"
"10142260","FUN_10142260","Global",8,false,false,"ok"
"10142270","FUN_10142270","Global",32,false,false,"ok"
"10142290","_CLEO_GetVersion@0","CLEO.ASI",6,false,true,"ok"
"10142296","_CLEO_RegisterOpcode@8","CLEO.ASI",6,false,true,"ok"
"1014229c","_CLEO_GetIntOpcodeParam@4","CLEO.ASI",6,false,true,"ok"
"101422a2","_CLEO_GetFloatOpcodeParam@4","CLEO.ASI",6,false,true,"ok"
"101422a8","_CLEO_SetFloatOpcodeParam@8","CLEO.ASI",6,false,true,"ok"
"101422ae","_CLEO_ReadStringOpcodeParam@12","CLEO.ASI",6,false,true,"ok"
"101422b4","_CLEO_SetThreadCondResult@8","CLEO.ASI",6,false,true,"ok"
"101422ba","_CLEO_GetInternalAudioStream@8","CLEO.ASI",6,false,true,"ok"
"101422c0","K32EnumProcessModules","KERNEL32.DLL",6,false,true,"ok"
"101422c6","K32GetModuleFileNameExA","KERNEL32.DLL",6,false,true,"ok"
"101422cc","K32GetProcessMemoryInfo","KERNEL32.DLL",6,false,true,"ok"
"101422d2","FUN_101422d2","Global",14,false,false,"ok"
"101422e0","__security_check_cookie","Global",14,false,false,"ok"
"101422f0","FUN_101422f0","Global",110,false,false,"ok"
"10142360","FUN_10142360","Global",34,false,false,"ok"
"10142390","FUN_10142390","Global",105,false,false,"ok"
"10142400","FUN_10142400","Global",162,false,false,"ok"
"101424b0","FUN_101424b0","Global",47,false,false,"ok"
"101424e0","FUN_101424e0","Global",121,false,false,"ok"
"10142528","dtol3_getbits","Global",54,false,false,"ok"
"10142590","FUN_10142590","Global",73,false,false,"ok"
"101425e0","FUN_101425e0","Global",66,false,false,"ok"
"10142630","FUN_10142630","Global",70,false,false,"ok"
"10142676","FUN_10142676","Global",48,false,false,"ok"
"101426b0","FUN_101426b0","Global",70,false,false,"ok"
"101426f6","FUN_101426f6","Global",794,false,false,"ok"
"10142a10","FUN_10142a10","Global",46,false,false,"ok"
"10142a3e","FUN_10142a3e","Global",81,false,false,"ok"
"10142a8f","FUN_10142a8f","Global",82,false,false,"ok"
"10142ae1","FUN_10142ae1","Global",21,false,false,"ok"
"10142b00","__allmul","Global",52,false,false,"ok"
"10142b34","FUN_10142b34","Global",76,false,false,"ok"
"10142b64","FUN_10142b64","Global",66,false,false,"ok"
"10142ba6","___scrt_acquire_startup_lock","Global",50,false,false,"ok"
"10142bd8","___scrt_dllmain_after_initialize_c","Global",43,false,false,"ok"
"10142c03","FUN_10142c03","Global",14,false,false,"ok"
"10142c11","___scrt_dllmain_crt_thread_attach","Global",31,false,false,"ok"
"10142c30","___scrt_dllmain_crt_thread_detach","Global",13,false,false,"ok"
"10142c3d","___scrt_dllmain_exception_filter","Global",52,false,false,"ok"
"10142c71","FUN_10142c71","Global",50,false,false,"ok"
"10142c94","FUN_10142c94","Global",13,false,false,"ok"
"10142ca1","___scrt_initialize_crt","Global",57,false,false,"ok"
"10142cda","FUN_10142cda","Global",134,false,false,"ok"
"10142d61","FUN_10142d61","Global",129,false,false,"ok"
"10142df8","___scrt_release_startup_lock","Global",29,false,false,"ok"
"10142e15","___scrt_uninitialize_crt","Global",40,false,false,"ok"
"10142e3d","FUN_10142e3d","Global",46,false,false,"ok"
"10142e6b","FUN_10142e6b","Global",21,false,false,"ok"
"10142e80","__alldiv","Global",170,false,false,"ok"
"10142f30","__allshl","Global",31,false,false,"ok"
"10142f50","__aullshr","Global",31,false,false,"ok"
"10142f6f","FUN_10142f6f","Global",35,false,false,"ok"
"10142fa0","__alloca_probe","Global",43,false,false,"ok"
"10142fcb","thunk_FUN_10162a00","Global",5,false,true,"ok"
"10142fd0","FUN_10142fd0","Global",108,false,false,"ok"
"10143048","FUN_10143048","Global",16,false,false,"ok"
"10143058","__ArrayUnwind","Global",76,false,false,"ok"
"101430f0","__alldvrm","Global",223,false,false,"ok"
"101431d0","FUN_101431d0","Global",40,false,false,"ok"
"101431f8","FUN_101431f8","Global",251,false,false,"ok"
"101432f3","FUN_101432f3","Global",13,false,false,"ok"
"10143300","FUN_10143300","Global",208,false,false,"ok"
"101433d0","FUN_101433d0","Global",9,false,false,"ok"
"101433d9","FUN_101433d9","Global",59,false,false,"ok"
"10143414","Catch_All@10143414","Global",6,false,false,"ok"
"1014341c","FUN_1014341c","Global",16,false,false,"ok"
"10143431","dllmain_crt_dispatch","Global",83,false,false,"ok"
"10143484","FUN_10143484","Global",252,false,false,"ok"
"1014356a","FUN_1014356a","Global",10,false,false,"ok"
"1014358e","FUN_1014358e","Global",160,false,false,"ok"
"1014362a","FUN_1014362a","Global",10,false,false,"ok"
"10143637","FUN_10143637","Global",6,false,false,"ok"
"10143645","FUN_10143645","Global",234,false,false,"ok"
"10143753","dllmain_raw","Global",43,false,false,"ok"
"1014377e","entry","Global",35,false,false,"ok"
"101437a1","thunk_FUN_10162a00","Global",5,false,true,"ok"
"101437a6","FUN_101437a6","Global",30,false,false,"ok"
"101437c4","FUN_101437c4","Global",28,false,false,"ok"
"101437fe","FUN_101437fe","Global",4,false,false,"ok"
"10143802","___scrt_is_ucrt_dll_in_use","Global",12,false,false,"ok"
"1014380e","FUN_1014380e","Global",277,false,false,"ok"
"10143923","FUN_10143923","Global",11,false,false,"ok"
"10143930","__SEH_prolog4","Global",69,false,false,"ok"
"10143975","FUN_10143975","Global",77,false,false,"ok"
"101439c2","___security_init_cookie","Global",75,false,false,"ok"
"10143a0d","FUN_10143a0d","Global",12,false,false,"ok"
"10143a19","__scrt_uninitialize_type_info","Global",12,false,false,"ok"
"10143a25","FUN_10143a25","Global",29,false,false,"ok"
"10143a42","FUN_10143a42","Global",6,false,false,"ok"
"10143a48","FUN_10143a48","Global",44,false,false,"ok"
"10143a74","FUN_10143a74","Global",44,false,false,"ok"
"10143aa0","FUN_10143aa0","Global",45,false,false,"ok"
"10143acd","_Lockit","std::_Lockit",49,false,false,"ok"
"10143b25","FUN_10143b25","Global",40,false,false,"ok"
"10143b44","FUN_10143b44","Global",27,false,false,"ok"
"10143b5f","FUN_10143b5f","Global",23,false,false,"ok"
"10143b76","FUN_10143b76","Global",59,false,false,"ok"
"10143bb1","FUN_10143bb1","Global",27,false,false,"ok"
"10143bcc","FUN_10143bcc","Global",31,false,false,"ok"
"10143beb","FUN_10143beb","Global",27,false,false,"ok"
"10143c06","FUN_10143c06","Global",31,false,false,"ok"
"10143c25","FUN_10143c25","Global",27,false,false,"ok"
"10143c40","FUN_10143c40","Global",31,false,false,"ok"
"10143c5f","FUN_10143c5f","Global",45,false,false,"ok"
"10143c8c","FUN_10143c8c","Global",28,false,false,"ok"
"10143ca9","FUN_10143ca9","Global",31,false,false,"ok"
"10143cc9","FUN_10143cc9","Global",31,false,false,"ok"
"10143ce9","FUN_10143ce9","Global",31,false,false,"ok"
"10143d09","FUN_10143d09","Global",31,false,false,"ok"
"10143d29","FUN_10143d29","Global",6,false,false,"ok"
"10143d2f","FUN_10143d2f","Global",23,false,false,"ok"
"10143d46","FUN_10143d46","Global",69,false,false,"ok"
"10143d8b","FUN_10143d8b","Global",62,false,false,"ok"
"10143dc9","__Xtime_get_ticks","Global",39,false,false,"ok"
"10143df0","FUN_10143df0","Global",17,false,false,"ok"
"10143e01","FUN_10143e01","Global",37,false,false,"ok"
"10143e26","FUN_10143e26","Global",34,false,false,"ok"
"10143e48","FUN_10143e48","Global",300,false,false,"ok"
"10143f74","FUN_10143f74","Global",80,false,false,"ok"
"10143fc4","FUN_10143fc4","Global",52,false,false,"ok"
"10143ff9","FUN_10143ff9","Global",6,false,false,"ok"
"10143fff","_Locimp","std::locale::_Locimp",65,false,false,"ok"
"10144040","FUN_10144040","Global",49,false,false,"ok"
"10144095","FUN_10144095","Global",32,false,false,"ok"
"101440b5","FUN_101440b5","Global",73,false,false,"ok"
"101440fe","FUN_101440fe","Global",34,false,false,"ok"
"10144120","FUN_10144120","Global",44,false,false,"ok"
"1014414d","FUN_1014414d","Global",6,false,false,"ok"
"10144153","FUN_10144153","Global",141,false,false,"ok"
"101441e0","FUN_101441e0","Global",113,false,false,"ok"
"10144251","FUN_10144251","Global",76,false,false,"ok"
"1014429d","_Locinfo_dtor","std::_Locinfo",26,false,false,"ok"
"101442b7","_New_Locimp","std::locale::_Locimp",35,false,false,"ok"
"101442da","_Setgloballocale","std::locale",40,false,false,"ok"
"10144302","FUN_10144302","Global",24,false,false,"ok"
"1014431a","__Deletegloballocale","Global",59,false,false,"ok"
"10144355","FUN_10144355","Global",45,false,false,"ok"
"10144382","__Getcvt","Global",115,false,false,"ok"
"10144400","FUN_10144400","Global",34,false,false,"ok"
"10144430","FUN_10144430","Global",636,false,false,"ok"
"101446b0","FUN_101446b0","Global",447,false,false,"ok"
"10144870","FUN_10144870","Global",531,false,false,"ok"
"10144a90","FUN_10144a90","Global",464,false,false,"ok"
"10144c60","FUN_10144c60","Global",362,false,false,"ok"
"10144dd0","FUN_10144dd0","Global",60,false,false,"ok"
"10144e10","FUN_10144e10","Global",60,false,false,"ok"
"10144e50","FUN_10144e50","Global",170,false,false,"ok"
"10144f00","FUN_10144f00","Global",767,false,false,"ok"
"10145200","FUN_10145200","Global",294,false,false,"ok"
"10145330","FUN_10145330","Global",264,false,false,"ok"
"10145440","FUN_10145440","Global",277,false,false,"ok"
"10145560","FUN_10145560","Global",236,false,false,"ok"
"10145650","FUN_10145650","Global",644,false,false,"ok"
"101458e0","FUN_101458e0","Global",465,false,false,"ok"
"10145ac0","FUN_10145ac0","Global",333,false,false,"ok"
"10145c10","FUN_10145c10","Global",237,false,false,"ok"
"10145d00","FUN_10145d00","Global",550,false,false,"ok"
"10145f30","FUN_10145f30","Global",91,false,false,"ok"
"10145f90","FUN_10145f90","Global",83,false,false,"ok"
"10145ff0","FUN_10145ff0","Global",83,false,false,"ok"
"10146050","FUN_10146050","Global",201,false,false,"ok"
"10146120","FUN_10146120","Global",9,false,false,"ok"
"10146130","FUN_10146130","Global",144,false,false,"ok"
"101461c0","FUN_101461c0","Global",27,false,false,"ok"
"101461e0","FUN_101461e0","Global",9,false,false,"ok"
"101461f0","FUN_101461f0","Global",9,false,false,"ok"
"10146200","FUN_10146200","Global",9,false,false,"ok"
"10146210","FUN_10146210","Global",9,false,false,"ok"
"10146220","FUN_10146220","Global",125,false,false,"ok"
"101462a0","FUN_101462a0","Global",124,false,false,"ok"
"10146320","FUN_10146320","Global",186,false,false,"ok"
"101463e0","FUN_101463e0","Global",173,false,false,"ok"
"10146490","FUN_10146490","Global",9,false,false,"ok"
"10146499","thunk_FUN_10149dff","Global",5,false,true,"ok"
"1014649e","_Syserror_map","std",37,false,false,"ok"
"101464c3","_Winerror_map","std",34,false,false,"ok"
"101464e5","FUN_101464e5","Global",110,false,false,"ok"
"10146553","FUN_10146553","Global",236,false,false,"ok"
"1014663f","FUN_1014663f","Global",236,false,false,"ok"
"1014672b","_Addstd","std::ios_base",76,false,false,"ok"
"10146777","_Callfns","std::ios_base",51,false,false,"ok"
"101467aa","_Ios_base_dtor","std::ios_base",64,false,false,"ok"
"101467ea","FUN_101467ea","Global",124,false,false,"ok"
"1014686b","FUN_1014686b","Global",133,false,false,"ok"
"101468f0","FUN_101468f0","Global",9,false,false,"ok"
"101468f9","_Copy_construct_from<>","Global",31,false,false,"ok"
"10146918","FUN_10146918","Global",34,false,false,"ok"
"1014693a","FUN_1014693a","Global",113,false,false,"ok"
"101469ab","FUN_101469ab","Global",87,false,false,"ok"
"10146a02","FUN_10146a02","Global",87,false,false,"ok"
"10146a59","FUN_10146a59","Global",66,false,false,"ok"
"10146a9b","FUN_10146a9b","Global",66,false,false,"ok"
"10146add","FUN_10146add","Global",12,false,false,"ok"
"10146ae9","FUN_10146ae9","Global",74,false,false,"ok"
"10146b33","FUN_10146b33","Global",121,false,false,"ok"
"10146bac","FUN_10146bac","Global",127,false,false,"ok"
"10146c2b","FUN_10146c2b","Global",90,false,false,"ok"
"10146c85","FUN_10146c85","Global",90,false,false,"ok"
"10146cdf","FUN_10146cdf","Global",41,false,false,"ok"
"10146d08","FUN_10146d08","Global",29,false,false,"ok"
"10146d25","FUN_10146d25","Global",34,false,false,"ok"
"10146d47","FUN_10146d47","Global",196,false,false,"ok"
"10146e0b","Catch@10146e0b","Global",327,false,false,"ok"
"10146f0c","Catch@10146f0c","Global",54,false,false,"ok"
"10146fa9","FUN_10146fa9","Global",13,false,false,"ok"
"10146fb6","_CallMemberFunction1","Global",16,false,false,"ok"
"10146fc6","_CallMemberFunction2","Global",19,false,false,"ok"
"10146fd9","_CopyExceptionObject","_anon_026BA49F",114,false,false,"ok"
"1014704b","FUN_1014704b","Global",54,false,false,"ok"
"10147086","FUN_10147086","Global",164,false,false,"ok"
"10147130","FUN_10147130","Global",94,false,false,"ok"
"1014718e","FUN_1014718e","Global",94,false,false,"ok"
"101471ec","FUN_101471ec","Global",94,false,false,"ok"
"1014724a","FUN_1014724a","Global",16,false,false,"ok"
"1014725a","FUN_1014725a","Global",16,false,false,"ok"
"1014726a","FUN_1014726a","Global",21,false,false,"ok"
"1014727f","FUN_1014727f","Global",226,false,false,"ok"
"10147361","__ExceptionPtrDestroy","Global",15,false,false,"ok"
"10147370","FUN_10147370","Global",201,false,false,"ok"
"1014743a","FUN_1014743a","Global",14,false,false,"ok"
"10147448","thunk_FUN_1015df91","Global",5,false,true,"ok"
"1014744d","FUN_1014744d","Global",29,false,false,"ok"
"1014746a","FUN_1014746a","Global",35,false,false,"ok"
"1014748d","FUN_1014748d","Global",20,false,false,"ok"
"101474a1","FUN_101474a1","Global",20,false,false,"ok"
"101474b5","FUN_101474b5","Global",40,false,false,"ok"
"101474dd","FUN_101474dd","Global",20,false,false,"ok"
"101474f1","FUN_101474f1","Global",183,false,false,"ok"
"101475ad","FUN_101475ad","Global",140,false,false,"ok"
"1014763e","FUN_1014763e","Global",132,false,false,"ok"
"101476c2","FUN_101476c2","Global",23,false,false,"ok"
"101476d9","FUN_101476d9","Global",91,false,false,"ok"
"10147739","Call_get_module_handle_ex","Global",29,false,false,"ok"
"10147756","Get_STL_host_status","Global",47,false,false,"ok"
"10147785","FUN_10147785","Global",29,false,false,"ok"
"101477a2","_Reschedule_chore","Concurrency::details",41,false,false,"ok"
"101477cb","_Schedule_chore","Concurrency::details",45,false,false,"ok"
"101478c0","FUN_101478c0","Global",13,false,false,"ok"
"101478cd","GetCurrentThreadId","KERNEL32.DLL",6,false,true,"ok"
"101478d3","FUN_101478d3","Global",43,false,false,"ok"
"10147914","FUN_10147914","Global",36,false,false,"ok"
"10147938","FUN_10147938","Global",122,false,false,"ok"
"101479b2","LocalFree","KERNEL32.DLL",6,false,true,"ok"
"101479b8","FUN_101479b8","Global",31,false,false,"ok"
"101479d8","___std_fs_code_page@0","Global",29,false,false,"ok"
"101479f5","___std_fs_convert_narrow_to_wide@20","Global",52,false,false,"ok"
"10147a29","___std_fs_convert_wide_to_narrow@20","Global",179,false,false,"ok"
"10147adc","FUN_10147adc","Global",111,false,false,"ok"
"10147b4b","FUN_10147b4b","Global",94,false,false,"ok"
"10147ba9","FUN_10147ba9","Global",33,false,false,"ok"
"10147bca","FUN_10147bca","Global",31,false,false,"ok"
"10147bea","___std_fs_directory_iterator_open@12","Global",55,false,false,"ok"
"10147c21","FUN_10147c21","Global",650,false,false,"ok"
"10147eab","___std_fs_open_handle@16","Global",52,false,false,"ok"
"10147edf","FUN_10147edf","Global",179,false,false,"ok"
"10147f92","FUN_10147f92","Global",372,false,false,"ok"
"10148106","FUN_10148106","Global",224,false,false,"ok"
"101481e6","FUN_101481e6","Global",514,false,false,"ok"
"101483e8","FUN_101483e8","Global",26,false,false,"ok"
"10148402","FUN_10148402","Global",20,false,false,"ok"
"10148416","FUN_10148416","Global",79,false,false,"ok"
"10148465","SwitchToThread","KERNEL32.DLL",6,false,true,"ok"
"1014846b","FUN_1014846b","Global",14,false,false,"ok"
"10148479","FUN_10148479","Global",21,false,false,"ok"
"1014848e","__Mtxlock","Global",14,false,false,"ok"
"1014849c","FUN_1014849c","Global",14,false,false,"ok"
"101484de","FUN_101484de","Global",80,false,false,"ok"
"10148533","~_Init_atexit","_Init_atexit",99,false,false,"ok"
"1014859b","_Atexit","Global",47,false,false,"ok"
"101485ca","FUN_101485ca","Global",25,false,false,"ok"
"101485e3","FUN_101485e3","Global",464,false,false,"ok"
"101487b3","FUN_101487b3","Global",30,false,false,"ok"
"101487d1","ImmGetContext","IMM32.DLL",6,false,true,"ok"
"101487d7","ImmReleaseContext","IMM32.DLL",6,false,true,"ok"
"101487dd","ImmSetCompositionWindow","IMM32.DLL",6,false,true,"ok"
"101487e3","ImmSetCandidateWindow","IMM32.DLL",6,false,true,"ok"
"101487e9","GetFileVersionInfoSizeA","VERSION.DLL",6,false,true,"ok"
"101487ef","GetFileVersionInfoA","VERSION.DLL",6,false,true,"ok"
"101487f5","VerQueryValueA","VERSION.DLL",6,false,true,"ok"
"101487fb","MiniDumpWriteDump","DBGHELP.DLL",6,false,true,"ok"
"10148801","GdipAlloc","GDIPLUS.DLL",6,false,true,"ok"
"10148807","GdipFree","GDIPLUS.DLL",6,false,true,"ok"
"1014880d","GdiplusStartup","GDIPLUS.DLL",6,false,true,"ok"
"10148813","GdipCloneBrush","GDIPLUS.DLL",6,false,true,"ok"
"10148819","GdipDeleteBrush","GDIPLUS.DLL",6,false,true,"ok"
"1014881f","GdipCreateSolidFill","GDIPLUS.DLL",6,false,true,"ok"
"10148825","GdipLoadImageFromStream","GDIPLUS.DLL",6,false,true,"ok"
"1014882b","GdipCloneImage","GDIPLUS.DLL",6,false,true,"ok"
"10148831","GdipDisposeImage","GDIPLUS.DLL",6,false,true,"ok"
"10148837","GdipGetImageWidth","GDIPLUS.DLL",6,false,true,"ok"
"1014883d","GdipGetImageHeight","GDIPLUS.DLL",6,false,true,"ok"
"10148843","GdipCreateImageAttributes","GDIPLUS.DLL",6,false,true,"ok"
"10148849","GdipDisposeImageAttributes","GDIPLUS.DLL",6,false,true,"ok"
"1014884f","GdipSetImageAttributesColorMatrix","GDIPLUS.DLL",6,false,true,"ok"
"10148855","GdipCreateFromHDC","GDIPLUS.DLL",6,false,true,"ok"
"1014885b","GdipDeleteGraphics","GDIPLUS.DLL",6,false,true,"ok"
"10148861","GdipSetCompositingMode","GDIPLUS.DLL",6,false,true,"ok"
"10148867","GdipSetCompositingQuality","GDIPLUS.DLL",6,false,true,"ok"
"1014886d","GdipSetSmoothingMode","GDIPLUS.DLL",6,false,true,"ok"
"10148873","GdipSetTextRenderingHint","GDIPLUS.DLL",6,false,true,"ok"
"10148879","GdipDrawImageRectRectI","GDIPLUS.DLL",6,false,true,"ok"
"1014887f","GdipCreateFontFamilyFromName","GDIPLUS.DLL",6,false,true,"ok"
"10148885","GdipDeleteFontFamily","GDIPLUS.DLL",6,false,true,"ok"
"1014888b","GdipCreateFont","GDIPLUS.DLL",6,false,true,"ok"
"10148891","GdipDeleteFont","GDIPLUS.DLL",6,false,true,"ok"
"10148897","GdipDrawString","GDIPLUS.DLL",6,false,true,"ok"
"1014889d","GdipCreateStringFormat","GDIPLUS.DLL",6,false,true,"ok"
"101488a3","GdipDeleteStringFormat","GDIPLUS.DLL",6,false,true,"ok"
"101488a9","GdipSetStringFormatAlign","GDIPLUS.DLL",6,false,true,"ok"
"101488af","GdipSetStringFormatLineAlign","GDIPLUS.DLL",6,false,true,"ok"
"101488b5","FUN_101488b5","Global",149,false,false,"ok"
"1014895d","FUN_1014895d","Global",87,false,false,"ok"
"101489b5","__IsExceptionObjectToBeDestroyed","Global",38,false,false,"ok"
"101489db","___AdjustPointer","Global",37,false,false,"ok"
"10148a00","FUN_10148a00","Global",85,false,false,"ok"
"10148a56","FUN_10148a56","Global",9,false,false,"ok"
"10148a68","Unwind@10148a68","Global",5,false,true,"ok"
"10148a70","FUN_10148a70","Global",619,false,false,"ok"
"10148cdb","FUN_10148cdb","Global",110,false,false,"ok"
"10148d4a","FUN_10148d4a","Global",96,false,false,"ok"
"10148daa","FUN_10148daa","Global",255,false,false,"ok"
"10148ea9","_JumpToContinuation","Global",43,false,false,"ok"
"10148ed9","_UnwindNestedFrames","Global",84,false,false,"ok"
"10148f2d","FUN_10148f2d","Global",49,false,false,"ok"
"10148f5e","__CreateFrameInfo","Global",36,false,false,"ok"
"10148f82","FUN_10148f82","Global",71,false,false,"ok"
"10148fca","FID_conflict:TranslatorGuardHandler","Global",154,false,false,"ok"
"10149069","FID_conflict:___CxxFrameHandler3","Global",54,false,false,"ok"
"101490a0","_memchr","Global",173,false,false,"ok"
"10149150","FUN_10149150","Global",1330,false,false,"ok"
"101496d0","_memset","Global",346,false,false,"ok"
"1014989e","FUN_1014989e","Global",189,false,false,"ok"
"1014995b","FUN_1014995b","Global",7,false,false,"ok"
"10149962","FUN_10149962","Global",27,false,false,"ok"
"1014997e","___std_exception_copy","Global",99,false,false,"ok"
"101499e1","FUN_101499e1","Global",34,false,false,"ok"
"10149a03","___std_type_info_compare","Global",60,false,false,"ok"
"10149a3f","___std_type_info_destroy_list","Global",35,false,false,"ok"
"10149a62","FUN_10149a62","Global",109,false,false,"ok"
"10149ad0","FUN_10149ad0","Global",311,false,false,"ok"
"10149c10","_ValidateLocalCookies","Global",50,false,false,"ok"
"10149c50","__except_handler4","Global",350,false,false,"ok"
"10149dae","___vcrt_initialize","Global",31,false,false,"ok"
"10149dcd","___vcrt_thread_attach","Global",11,false,false,"ok"
"10149dd8","FUN_10149dd8","Global",8,false,false,"ok"
"10149de0","___vcrt_uninitialize","Global",23,false,false,"ok"
"10149df7","FUN_10149df7","Global",8,false,false,"ok"
"10149dff","FUN_10149dff","Global",16,false,false,"ok"
"10149e0f","FUN_10149e0f","Global",4929,false,false,"ok"
"1014b1d3","FUN_1014b1d3","Global",28,false,false,"ok"
"1014b1ef","FUN_1014b1ef","Global",43,false,false,"ok"
"1014b21a","___vcrt_getptd","Global",14,false,false,"ok"
"1014b228","___vcrt_getptd_noexit","Global",146,false,false,"ok"
"1014b2ba","FUN_1014b2ba","Global",56,false,false,"ok"
"1014b2f2","___vcrt_initialize_ptd","Global",51,false,false,"ok"
"1014b325","FUN_1014b325","Global",30,false,false,"ok"
"1014b343","FUN_1014b343","Global",308,false,false,"ok"
"1014b481","FUN_1014b481","Global",143,false,false,"ok"
"1014b51d","FUN_1014b51d","Global",129,false,false,"ok"
"1014b59e","FUN_1014b59e","Global",930,false,false,"ok"
"1014b941","FUN_1014b941","Global",309,false,false,"ok"
"1014ba77","FID_conflict:___TypeMatch","Global",142,false,false,"ok"
"1014bb05","__InternalCxxFrameHandler<__FrameHandler3>","Global",258,false,false,"ok"
"1014bc07","FUN_1014bc07","Global",9,false,false,"ok"
"1014bc10","FUN_1014bc10","Global",176,false,false,"ok"
"1014bd64","FUN_1014bd64","Global",123,false,false,"ok"
"1014bddf","FUN_1014bddf","Global",40,false,false,"ok"
"1014be02","Catch_All@1014be02","Global",20,false,false,"ok"
"1014be21","ExFilterRethrow","Global",74,false,false,"ok"
"1014be6b","FrameUnwindToEmptyState","__FrameHandler3",24,false,false,"ok"
"1014be83","FUN_1014be83","Global",201,false,false,"ok"
"1014bf57","FUN_1014bf57","Global",20,false,false,"ok"
"1014bf71","FUN_1014bf71","Global",153,false,false,"ok"
"1014c00b","FUN_1014c00b","Global",11,false,false,"ok"
"1014c020","__CallSettingFrame@12","Global",76,false,false,"ok"
"1014c06c","FUN_1014c06c","Global",48,false,false,"ok"
"1014c0a0","FUN_1014c0a0","Global",159,false,false,"ok"
"1014c190","_EH4_CallFilterFunc","Global",23,false,false,"ok"
"1014c1b0","_EH4_TransferToHandler","Global",25,false,false,"ok"
"1014c1d0","_EH4_GlobalUnwind2","Global",26,false,false,"ok"
"1014c1f0","_EH4_LocalUnwind","Global",23,false,false,"ok"
"1014c207","___vcrt_initialize_locks","Global",60,false,false,"ok"
"1014c243","___vcrt_uninitialize_locks","Global",47,false,false,"ok"
"1014c272","FUN_1014c272","Global",160,false,false,"ok"
"1014c312","try_load_library_from_system_directory","Global",75,false,false,"ok"
"1014c35d","___vcrt_FlsAlloc","Global",59,false,false,"ok"
"1014c398","___vcrt_FlsFree","Global",59,false,false,"ok"
"1014c3d3","___vcrt_FlsGetValue","Global",59,false,false,"ok"
"1014c40e","___vcrt_FlsSetValue","Global",62,false,false,"ok"
"1014c44c","___vcrt_InitializeCriticalSectionEx","Global",71,false,false,"ok"
"1014c493","FUN_1014c493","Global",28,false,false,"ok"
"1014c4b0","GetCurrentState","__FrameHandler3",29,false,false,"ok"
"1014c4cd","FUN_1014c4cd","Global",14,false,false,"ok"
"1014c4e0","FUN_1014c4e0","Global",12,false,false,"ok"
"1014c4f0","__NLG_Notify","Global",31,false,false,"ok"
"1014c510","FUN_1014c510","Global",3,false,false,"ok"
"1014c520","__libm_sse2_sqrt_precise","Global",254,false,false,"ok"
"1014c620","_strncpy","Global",292,false,false,"ok"
"1014c744","FUN_1014c744","Global",153,false,false,"ok"
"1014c7de","FUN_1014c7de","Global",1239,false,false,"ok"
"1014ccb6","FUN_1014ccb6","Global",140,false,false,"ok"
"1014cd43","ftprintf<>","Global",40,false,false,"ok"
"1014cd6b","FUN_1014cd6b","Global",16,false,false,"ok"
"1014cd7b","FUN_1014cd7b","Global",174,false,false,"ok"
"1014ce2a","FUN_1014ce2a","Global",6,false,false,"ok"
"1014ce30","FUN_1014ce30","Global",15,false,false,"ok"
"1014ce3f","FUN_1014ce3f","Global",37,false,false,"ok"
"1014ce64","FUN_1014ce64","Global",48,false,false,"ok"
"1014ce94","FID_conflict:__assert","Global",72,false,false,"ok"
"1014cedc","_fwprintf","Global",27,false,false,"ok"
"1014cef7","_memcpy_s","Global",129,false,false,"ok"
"1014cf78","FUN_1014cf78","Global",30,false,false,"ok"
"1014d05e","FUN_1014d05e","Global",16,false,false,"ok"
"1014d0ba","__get_stream_buffer_pointers","Global",70,false,false,"ok"
"1014d100","__lock_file","Global",20,false,false,"ok"
"1014d114","__unlock_file","Global",20,false,false,"ok"
"1014d128","common_fsopen<char>","Global",157,false,false,"ok"
"1014d1c8","FUN_1014d1c8","Global",23,false,false,"ok"
"1014d1df","common_fsopen<wchar_t>","Global",156,false,false,"ok"
"1014d27e","FUN_1014d27e","Global",23,false,false,"ok"
"1014d295","FUN_1014d295","Global",11,false,false,"ok"
"1014d2a0","__wfopen","Global",23,false,false,"ok"
"1014d2b7","_fopen","Global",23,false,false,"ok"
"1014d2ce","FUN_1014d2ce","Global",72,false,false,"ok"
"1014d316","FUN_1014d316","Global",60,false,false,"ok"
"1014d352","FUN_1014d352","Global",137,false,false,"ok"
"1014d3e1","FUN_1014d3e1","Global",8,false,false,"ok"
"1014d3e9","FUN_1014d3e9","Global",142,false,false,"ok"
"1014d477","FUN_1014d477","Global",70,false,false,"ok"
"1014d4bd","FUN_1014d4bd","Global",28,false,false,"ok"
"1014d4da","FUN_1014d4da","Global",48,false,false,"ok"
"1014d50a","operator()<<lambda_2866be3712abc81a800a822484c830d8>,<lambda_39ca0ed439415581b5b15c265174cece>&,<lambda_2b24c74d71094a6cd0cb82e44167d71b>_>","__crt_seh_guarded_call<void>",128,false,false,"ok"
"1014d58a","FUN_1014d58a","Global",12,false,false,"ok"
"1014d596","operator()<<lambda_2cc53f568c5a2bb6f192f930a45d44ea>,<lambda_ab61a845afdef5b7c387490eaf3616ee>&,<lambda_c2ffc0b7726aa6be21d5f0026187e748>_>","__crt_seh_guarded_call<void>",160,false,false,"ok"
"1014d636","FUN_1014d636","Global",12,false,false,"ok"
"1014d642","operator()<<lambda_6d20deecaf4856105ebacbad442d1079>,<lambda_9a32fed5bf61b6b509b2d3f6003082a1>&,<lambda_63ea2239ed67c638ddbae41947fdf875>_>","__crt_seh_guarded_call<int>",81,false,false,"ok"
"1014d696","FUN_1014d696","Global",12,false,false,"ok"
"1014d6a2","FUN_1014d6a2","Global",76,false,false,"ok"
"1014d6ee","FUN_1014d6ee","Global",49,false,false,"ok"
"1014d71f","FUN_1014d71f","Global",35,false,false,"ok"
"1014d742","FUN_1014d742","Global",105,false,false,"ok"
"1014d7ab","FUN_1014d7ab","Global",101,false,false,"ok"
"1014d810","__flushall","Global",9,false,false,"ok"
"1014d819","FUN_1014d819","Global",83,false,false,"ok"
"1014d86c","FUN_1014d86c","Global",468,false,false,"ok"
"1014da40","_fread","Global",29,false,false,"ok"
"1014da5d","_fread_s","Global",143,false,false,"ok"
"1014daf2","FUN_1014daf2","Global",8,false,false,"ok"
"1014dafa","FUN_1014dafa","Global",130,false,false,"ok"
"1014db7c","FUN_1014db7c","Global",157,false,false,"ok"
"1014dc1c","FUN_1014dc1c","Global",10,false,false,"ok"
"1014dc26","common_fseek_binary_mode_read_only_fast_track_nolock","Global",217,false,false,"ok"
"1014dcff","FUN_1014dcff","Global",236,false,false,"ok"
"1014ddeb","FUN_1014ddeb","Global",58,false,false,"ok"
"1014de25","FUN_1014de25","Global",58,false,false,"ok"
"1014de5f","FUN_1014de5f","Global",115,false,false,"ok"
"1014ded5","FUN_1014ded5","Global",10,false,false,"ok"
"1014dedf","FUN_1014dedf","Global",131,false,false,"ok"
"1014df68","FUN_1014df68","Global",10,false,false,"ok"
"1014df72","FUN_1014df72","Global",50,false,false,"ok"
"1014dfa4","FUN_1014dfa4","Global",417,false,false,"ok"
"1014e145","FUN_1014e145","Global",459,false,false,"ok"
"1014e310","FUN_1014e310","Global",454,false,false,"ok"
"1014e4d6","FUN_1014e4d6","Global",105,false,false,"ok"
"1014e53f","FUN_1014e53f","Global",54,false,false,"ok"
"1014e575","FUN_1014e575","Global",11,false,false,"ok"
"1014e580","FUN_1014e580","Global",48,false,false,"ok"
"1014e5b0","operator()<>","Global",76,false,false,"ok"
"1014e5ff","FUN_1014e5ff","Global",12,false,false,"ok"
"1014e60b","FUN_1014e60b","Global",76,false,false,"ok"
"1014e657","FUN_1014e657","Global",119,false,false,"ok"
"1014e6ce","FUN_1014e6ce","Global",404,false,false,"ok"
"1014e862","FUN_1014e862","Global",58,false,false,"ok"
"1014e89c","operator()<>","Global",76,false,false,"ok"
"1014e8eb","FUN_1014e8eb","Global",12,false,false,"ok"
"1014e8f7","operator()<>","Global",76,false,false,"ok"
"1014e946","FUN_1014e946","Global",12,false,false,"ok"
"1014e952","FUN_1014e952","Global",257,false,false,"ok"
"1014ea53","FUN_1014ea53","Global",372,false,false,"ok"
"1014ebc7","FUN_1014ebc7","Global",372,false,false,"ok"
"1014ed3b","FUN_1014ed3b","Global",387,false,false,"ok"
"1014eebe","FUN_1014eebe","Global",159,false,false,"ok"
"1014ef5d","count<char>","__crt_stdio_output::formatting_buffer",24,false,false,"ok"
"1014ef75","FUN_1014ef75","Global",25,false,false,"ok"
"1014ef8e","FUN_1014ef8e","Global",128,false,false,"ok"
"1014f00e","FUN_1014f00e","Global",129,false,false,"ok"
"1014f08f","FUN_1014f08f","Global",52,false,false,"ok"
"1014f0c3","is_wide_character_specifier<char>","__crt_stdio_output",49,false,false,"ok"
"1014f0f4","is_wide_character_specifier<wchar_t>","__crt_stdio_output",78,false,false,"ok"
"1014f142","make_c_string_character_source<>","Global",27,false,false,"ok"
"1014f15d","FUN_1014f15d","Global",531,false,false,"ok"
"1014f370","FUN_1014f370","Global",1508,false,false,"ok"
"1014f954","scratch_data<char>","__crt_stdio_output::formatting_buffer",30,false,false,"ok"
"1014f972","FUN_1014f972","Global",397,false,false,"ok"
"1014faff","FUN_1014faff","Global",402,false,false,"ok"
"1014fc91","FUN_1014fc91","Global",397,false,false,"ok"
"1014fe1e","FUN_1014fe1e","Global",402,false,false,"ok"
"1014ffb0","FUN_1014ffb0","Global",397,false,false,"ok"
"1015013d","FUN_1015013d","Global",402,false,false,"ok"
"101502cf","FUN_101502cf","Global",98,false,false,"ok"
"10150331","FUN_10150331","Global",113,false,false,"ok"
"101503a2","FUN_101503a2","Global",127,false,false,"ok"
"10150421","FUN_10150421","Global",149,false,false,"ok"
"101504b6","FUN_101504b6","Global",124,false,false,"ok"
"10150532","FUN_10150532","Global",139,false,false,"ok"
"101505bd","FUN_101505bd","Global",116,false,false,"ok"
"10150631","FUN_10150631","Global",128,false,false,"ok"
"101506b1","FUN_101506b1","Global",146,false,false,"ok"
"10150743","FUN_10150743","Global",165,false,false,"ok"
"101507e8","FUN_101507e8","Global",134,false,false,"ok"
"1015086e","FUN_1015086e","Global",146,false,false,"ok"
"10150900","FUN_10150900","Global",103,false,false,"ok"
"10150967","FUN_10150967","Global",108,false,false,"ok"
"101509d3","FUN_101509d3","Global",26,false,false,"ok"
"101509ed","FUN_101509ed","Global",36,false,false,"ok"
"10150a11","FUN_10150a11","Global",156,false,false,"ok"
"10150aad","FUN_10150aad","Global",156,false,false,"ok"
"10150b49","FUN_10150b49","Global",106,false,false,"ok"
"10150bb3","FUN_10150bb3","Global",59,false,false,"ok"
"10150bee","FUN_10150bee","Global",61,false,false,"ok"
"10150c2b","FUN_10150c2b","Global",58,false,false,"ok"
"10150c65","FUN_10150c65","Global",98,false,false,"ok"
"10150cc7","FUN_10150cc7","Global",120,false,false,"ok"
"10150d3f","FUN_10150d3f","Global",122,false,false,"ok"
"10150db9","FUN_10150db9","Global",645,false,false,"ok"
"10151061","FUN_10151061","Global",710,false,false,"ok"
"10151349","FUN_10151349","Global",692,false,false,"ok"
"1015161d","FUN_1015161d","Global",493,false,false,"ok"
"1015182d","FUN_1015182d","Global",538,false,false,"ok"
"10151a69","FUN_10151a69","Global",345,false,false,"ok"
"10151bc2","FUN_10151bc2","Global",345,false,false,"ok"
"10151d1b","FUN_10151d1b","Global",394,false,false,"ok"
"10151ea5","FUN_10151ea5","Global",394,false,false,"ok"
"1015202f","FUN_1015202f","Global",1010,false,false,"ok"
"10152426","FUN_10152426","Global",1082,false,false,"ok"
"10152865","FUN_10152865","Global",1090,false,false,"ok"
"10152cac","FUN_10152cac","Global",1297,false,false,"ok"
"101531c2","to_integer_size","__crt_stdio_output",49,false,false,"ok"
"10153216","FUN_10153216","Global",115,false,false,"ok"
"10153289","FUN_10153289","Global",116,false,false,"ok"
"101532fd","FUN_101532fd","Global",439,false,false,"ok"
"101534b4","FUN_101534b4","Global",461,false,false,"ok"
"10153681","FUN_10153681","Global",140,false,false,"ok"
"1015370d","FUN_1015370d","Global",165,false,false,"ok"
"101537b2","FUN_101537b2","Global",133,false,false,"ok"
"10153837","FUN_10153837","Global",29,false,false,"ok"
"10153854","FUN_10153854","Global",29,false,false,"ok"
"10153871","FUN_10153871","Global",22,false,false,"ok"
"10153887","FUN_10153887","Global",22,false,false,"ok"
"1015389d","FUN_1015389d","Global",115,false,false,"ok"
"10153910","FUN_10153910","Global",117,false,false,"ok"
"10153985","FUN_10153985","Global",193,false,false,"ok"
"10153a4b","unget","__crt_strtox::c_string_character_source<char>",41,false,false,"ok"
"10153a74","unget","__crt_strtox::c_string_character_source<wchar_t>",46,false,false,"ok"
"10153ab0","FUN_10153ab0","Global",91,false,false,"ok"
"10153b0b","FUN_10153b0b","Global",27,false,false,"ok"
"10153b26","FUN_10153b26","Global",56,false,false,"ok"
"10153b5e","FUN_10153b5e","Global",49,false,false,"ok"
"10153b8f","validate_stream_is_ansi_if_required","__acrt_stdio_char_traits<char>",135,false,false,"ok"
"10153c16","FUN_10153c16","Global",34,false,false,"ok"
"10153c38","FUN_10153c38","Global",34,false,false,"ok"
"10153c5a","FUN_10153c5a","Global",58,false,false,"ok"
"10153c94","FUN_10153c94","Global",61,false,false,"ok"
"10153cd1","write_string","Global",44,false,false,"ok"
"10153cfd","write_string","Global",44,false,false,"ok"
"10153d29","FUN_10153d29","Global",111,false,false,"ok"
"10153d98","FUN_10153d98","Global",121,false,false,"ok"
"10153e11","FUN_10153e11","Global",127,false,false,"ok"
"10153e90","FUN_10153e90","Global",130,false,false,"ok"
"10153f12","___acrt_locale_get_ctype_array_value","Global",34,false,false,"ok"
"10153f34","FUN_10153f34","Global",164,false,false,"ok"
"10153fd8","FUN_10153fd8","Global",164,false,false,"ok"
"1015407c","FUN_1015407c","Global",68,false,false,"ok"
"101540c0","FUN_101540c0","Global",65,false,false,"ok"
"10154101","FUN_10154101","Global",65,false,false,"ok"
"10154142","FUN_10154142","Global",65,false,false,"ok"
"10154183","assemble_floating_point_snan<double>","__crt_strtox",33,false,false,"ok"
"101541a4","FUN_101541a4","Global",63,false,false,"ok"
"101541e3","FUN_101541e3","Global",66,false,false,"ok"
"10154225","common_vsscanf<char>","Global",180,false,false,"ok"
"101542d9","FUN_101542d9","Global",33,false,false,"ok"
"101542fa","FID_conflict:convert_hexadecimal_string_to_floating_type<double>","Global",33,false,false,"ok"
"1015431b","FUN_1015431b","Global",33,false,false,"ok"
"1015433c","FID_conflict:convert_hexadecimal_string_to_floating_type<double>","Global",33,false,false,"ok"
"1015435d","FUN_1015435d","Global",65,false,false,"ok"
"1015439e","FUN_1015439e","Global",30,false,false,"ok"
"101543bc","FUN_101543bc","Global",138,false,false,"ok"
"10154446","FUN_10154446","Global",138,false,false,"ok"
"101544d0","FUN_101544d0","Global",1133,false,false,"ok"
"1015493d","FUN_1015493d","Global",187,false,false,"ok"
"101549f8","FUN_101549f8","Global",264,false,false,"ok"
"10154b00","parse_floating_point_possible_nan_is_ind<>","Global",58,false,false,"ok"
"10154b3a","parse_floating_point_possible_nan_is_snan<>","Global",58,false,false,"ok"
"10154b74","FUN_10154b74","Global",285,false,false,"ok"
"10154cbc","parse_floating_point_write_result<double>","__crt_strtox",249,false,false,"ok"
"10154de0","FUN_10154de0","Global",756,false,false,"ok"
"101550d4","FUN_101550d4","Global",92,false,false,"ok"
"10155130","FUN_10155130","Global",104,false,false,"ok"
"10155198","FUN_10155198","Global",108,false,false,"ok"
"10155204","FUN_10155204","Global",364,false,false,"ok"
"10155370","FUN_10155370","Global",376,false,false,"ok"
"101554e8","skip_whitespace<__crt_stdio_input::string_input_adapter,char>","__crt_stdio_input",47,false,false,"ok"
"10155517","FUN_10155517","Global",53,false,false,"ok"
"1015554c","FUN_1015554c","Global",59,false,false,"ok"
"10155587","FUN_10155587","Global",74,false,false,"ok"
"101555d1","FUN_101555d1","Global",61,false,false,"ok"
"1015560e","FUN_1015560e","Global",49,false,false,"ok"
"1015563f","input_processor<char,__crt_stdio_input::string_input_adapter<char>_>","__crt_stdio_input::input_processor<char,__crt_stdio_input::string_input_adapter<char>_>",68,false,false,"ok"
"10155683","FUN_10155683","Global",130,false,false,"ok"
"10155705","FID_conflict:operator()","Global",42,false,false,"ok"
"1015572f","advance","__crt_stdio_input::format_string_parser<char>",280,false,false,"ok"
"10155847","FUN_10155847","Global",36,false,false,"ok"
"1015586c","FUN_1015586c","Global",36,false,false,"ok"
"10155891","assemble_floating_point_infinity","__crt_strtox",64,false,false,"ok"
"101558d1","FUN_101558d1","Global",921,false,false,"ok"
"10155c6a","FUN_10155c6a","Global",413,false,false,"ok"
"10155e07","assemble_floating_point_zero","__crt_strtox",53,false,false,"ok"
"10155e3c","FUN_10155e3c","Global",7423,false,false,"ok"
"10157b3b","FUN_10157b3b","Global",177,false,false,"ok"
"10157bec","FUN_10157bec","Global",23,false,false,"ok"
"10157c10","FUN_10157c10","Global",1239,false,false,"ok"
"101580e7","FUN_101580e7","Global",65,false,false,"ok"
"10158128","get","__crt_stdio_input::string_input_adapter<char>",22,false,false,"ok"
"1015813e","FUN_1015813e","Global",80,false,false,"ok"
"1015818e","FUN_1015818e","Global",55,false,false,"ok"
"101581dc","FUN_101581dc","Global",23,false,false,"ok"
"101581f3","FUN_101581f3","Global",133,false,false,"ok"
"10158278","FUN_10158278","Global",24,false,false,"ok"
"10158290","FUN_10158290","Global",124,false,false,"ok"
"10158334","FUN_10158334","Global",101,false,false,"ok"
"10158399","process_literal_character","__crt_stdio_input::input_processor<char,__crt_stdio_input::string_input_adapter<char>_>",54,false,false,"ok"
"101583cf","process_literal_character_tchar","__crt_stdio_input::input_processor<char,__crt_stdio_input::string_input_adapter<char>_>",78,false,false,"ok"
"1015841d","process_state","__crt_stdio_input::input_processor<char,__crt_stdio_input::string_input_adapter<char>_>",66,false,false,"ok"
"1015845f","process_string_specifier","__crt_stdio_input::input_processor<char,__crt_stdio_input::string_input_adapter<char>_>",72,false,false,"ok"
"101584a7","process_whitespace","__crt_stdio_input::input_processor<char,__crt_stdio_input::string_input_adapter<char>_>",29,false,false,"ok"
"101584c4","restore_state","Global",37,false,false,"ok"
"101584e9","FUN_101584e9","Global",380,false,false,"ok"
"10158665","FUN_10158665","Global",148,false,false,"ok"
"101586f9","FUN_101586f9","Global",277,false,false,"ok"
"1015880e","scan_optional_literal_character_trail_bytes_tchar","__crt_stdio_input::format_string_parser<char>",82,false,false,"ok"
"10158860","scan_optional_wide_modifier","__crt_stdio_input::format_string_parser<char>",30,false,false,"ok"
"1015887e","FUN_1015887e","Global",336,false,false,"ok"
"101589ce","set","__crt_stdio_input::scanset_buffer<unsigned_char>",43,false,false,"ok"
"101589f9","FUN_101589f9","Global",33,false,false,"ok"
"10158a1a","to_floating_point_length","__crt_stdio_input",35,false,false,"ok"
"10158a3d","to_integer_length","__crt_stdio_input",49,false,false,"ok"
"10158a90","unget","__crt_strtox::input_adapter_character_source<__crt_stdio_input::string_input_adapter<char>_>",71,false,false,"ok"
"10158ad7","unget","__crt_stdio_input::string_input_adapter<char>",31,false,false,"ok"
"10158af6","FUN_10158af6","Global",28,false,false,"ok"
"10158b12","FUN_10158b12","Global",33,false,false,"ok"
"10158b33","FUN_10158b33","Global",34,false,false,"ok"
"10158b55","write_character","__crt_stdio_input::input_processor<char,__crt_stdio_input::string_input_adapter<char>_>",109,false,false,"ok"
"10158bc2","FUN_10158bc2","Global",111,false,false,"ok"
"10158c31","___stdio_common_vsscanf","Global",36,false,false,"ok"
"10158c55","FUN_10158c55","Global",87,false,false,"ok"
"10158cb0","thunk_FUN_10162a00","Global",5,false,true,"ok"
"10158cc0","FUN_10158cc0","Global",11,false,false,"ok"
"10158cd0","FUN_10158cd0","Global",1084,false,false,"ok"
"10159110","FUN_10159110","Global",10,false,false,"ok"
"10159130","FUN_10159130","Global",440,false,false,"ok"
"101592f0","FUN_101592f0","Global",1311,false,false,"ok"
"10159810","FUN_10159810","Global",453,false,false,"ok"
"10159a20","FUN_10159a20","Global",339,false,false,"ok"
"10159a40","FUN_10159a40","Global",221,false,false,"ok"
"10159b20","_strncmp","Global",115,false,false,"ok"
"10159b98","FUN_10159b98","Global",113,false,false,"ok"
"10159c09","FUN_10159c09","Global",128,false,false,"ok"
"10159c89","FUN_10159c89","Global",128,false,false,"ok"
"10159d09","FUN_10159d09","Global",1064,false,false,"ok"
"1015a131","FUN_1015a131","Global",178,false,false,"ok"
"1015a1e3","FUN_1015a1e3","Global",260,false,false,"ok"
"1015a2e7","parse_floating_point_possible_nan_is_ind<char,__crt_strtox::c_string_character_source<char>_>","__crt_strtox",60,false,false,"ok"
"1015a323","parse_floating_point_possible_nan_is_snan<char,__crt_strtox::c_string_character_source<char>_>","__crt_strtox",60,false,false,"ok"
"1015a35f","operator()","<lambda_32aa245da1b5b882fa96db788295c8b2>",38,false,false,"ok"
"1015a385","FUN_1015a385","Global",19,false,false,"ok"
"1015a3a0","FUN_1015a3a0","Global",10,false,false,"ok"
"1015a3b0","FUN_1015a3b0","Global",651,false,false,"ok"
"1015a640","FUN_1015a640","Global",2887,false,false,"ok"
"1015b190","FUN_1015b190","Global",41,false,false,"ok"
"1015b1b9","___acrt_call_reportfault","Global",313,false,false,"ok"
"1015b2f2","FUN_1015b2f2","Global",15,false,false,"ok"
"1015b301","FUN_1015b301","Global",55,false,false,"ok"
"1015b338","FUN_1015b338","Global",124,false,false,"ok"
"1015b3b5","FUN_1015b3b5","Global",16,false,false,"ok"
"1015b3c5","__invoke_watson","Global",52,false,false,"ok"
"1015b400","FUN_1015b400","Global",28,false,false,"ok"
"1015b420","FUN_1015b420","Global",13,false,false,"ok"
"1015b430","FUN_1015b430","Global",11,false,false,"ok"
"1015b440","FUN_1015b440","Global",143,false,false,"ok"
"1015b4cf","FUN_1015b4cf","Global",52,false,false,"ok"
"1015b50b","FUN_1015b50b","Global",656,false,false,"ok"
"1015b79c","FUN_1015b79c","Global",11,false,false,"ok"
"1015b7a7","__acrt_convert_wcs_mbs_cp<char,wchar_t,<lambda_62f6974d9771e494a5ea317cc32e971c>,__crt_win32_buffer_internal_dynamic_resizing>","Global",178,false,false,"ok"
"1015b859","FUN_1015b859","Global",194,false,false,"ok"
"1015b91b","__acrt_mbs_to_wcs_cp<__crt_win32_buffer_internal_dynamic_resizing>","Global",29,false,false,"ok"
"1015b938","FUN_1015b938","Global",29,false,false,"ok"
"1015b955","FUN_1015b955","Global",36,false,false,"ok"
"1015b979","_deallocate","__crt_win32_buffer<wchar_t,__crt_win32_buffer_internal_dynamic_resizing>",26,false,false,"ok"
"1015b993","allocate","Global",39,false,false,"ok"
"1015b9ba","allocate","__crt_win32_buffer<wchar_t,__crt_win32_buffer_internal_dynamic_resizing>",63,false,false,"ok"
"1015b9f9","FUN_1015b9f9","Global",33,false,false,"ok"
"1015ba1a","FUN_1015ba1a","Global",20,false,false,"ok"
"1015ba2e","FUN_1015ba2e","Global",252,false,false,"ok"
"1015bb2a","FUN_1015bb2a","Global",31,false,false,"ok"
"1015bb49","_localeconv","Global",40,false,false,"ok"
"1015bb80","FUN_1015bb80","Global",26,false,false,"ok"
"1015bb9a","operator()<>","Global",65,false,false,"ok"
"1015bbdb","FUN_1015bbdb","Global",12,false,false,"ok"
"1015bbe7","FUN_1015bbe7","Global",27,false,false,"ok"
"1015bc02","FUN_1015bc02","Global",196,false,false,"ok"
"1015bcea","FUN_1015bcea","Global",185,false,false,"ok"
"1015bda8","FUN_1015bda8","Global",45,false,false,"ok"
"1015bdd6","FUN_1015bdd6","Global",66,false,false,"ok"
"1015be18","FUN_1015be18","Global",125,false,false,"ok"
"1015be9a","FUN_1015be9a","Global",22,false,false,"ok"
"1015beb0","FUN_1015beb0","Global",15,false,false,"ok"
"1015bece","FUN_1015bece","Global",7,false,false,"ok"
"1015bee0","FUN_1015bee0","Global",155,false,false,"ok"
"1015bf80","FUN_1015bf80","Global",242,false,false,"ok"
"1015c072","FUN_1015c072","Global",105,false,false,"ok"
"1015c0e0","FUN_1015c0e0","Global",162,false,false,"ok"
"1015c182","FUN_1015c182","Global",127,false,false,"ok"
"1015c201","FUN_1015c201","Global",95,false,false,"ok"
"1015c260","___acrt_errno_map_os_error","Global",35,false,false,"ok"
"1015c283","FUN_1015c283","Global",36,false,false,"ok"
"1015c2a7","FUN_1015c2a7","Global",21,false,false,"ok"
"1015c2bc","FUN_1015c2bc","Global",21,false,false,"ok"
"1015c2e0","FUN_1015c2e0","Global",40,false,false,"ok"
"1015c310","FUN_1015c310","Global",120,false,false,"ok"
"1015c390","FUN_1015c390","Global",288,false,false,"ok"
"1015c4b0","__crt_time_elapsed_leap_years<>","Global",58,false,false,"ok"
"1015c4ea","FUN_1015c4ea","Global",67,false,false,"ok"
"1015c52d","FUN_1015c52d","Global",331,false,false,"ok"
"1015c678","FUN_1015c678","Global",185,false,false,"ok"
"1015c731","FUN_1015c731","Global",11,false,false,"ok"
"1015c740","_isdigit","Global",132,false,false,"ok"
"1015c7d0","_islower","Global",132,false,false,"ok"
"1015c860","_isspace","Global",132,false,false,"ok"
"1015c8f0","_isupper","Global",132,false,false,"ok"
"1015c980","_isxdigit","Global",139,false,false,"ok"
"1015ca0b","FUN_1015ca0b","Global",587,false,false,"ok"
"1015cc56","FUN_1015cc56","Global",1571,false,false,"ok"
"1015d279","FUN_1015d279","Global",688,false,false,"ok"
"1015d529","FUN_1015d529","Global",70,false,false,"ok"
"1015d56f","FUN_1015d56f","Global",70,false,false,"ok"
"1015d5b5","FUN_1015d5b5","Global",76,false,false,"ok"
"1015d601","FUN_1015d601","Global",70,false,false,"ok"
"1015d647","FUN_1015d647","Global",254,false,false,"ok"
"1015d745","FUN_1015d745","Global",254,false,false,"ok"
"1015d843","_tolower","Global",48,false,false,"ok"
"1015d873","_toupper","Global",48,false,false,"ok"
"1015d8a3","__fgetc_nolock","Global",60,false,false,"ok"
"1015d8df","FUN_1015d8df","Global",11,false,false,"ok"
"1015d8ea","FUN_1015d8ea","Global",267,false,false,"ok"
"1015d9fb","FUN_1015d9fb","Global",8,false,false,"ok"
"1015da03","FUN_1015da03","Global",89,false,false,"ok"
"1015da5c","FUN_1015da5c","Global",294,false,false,"ok"
"1015db88","FUN_1015db88","Global",8,false,false,"ok"
"1015db90","FUN_1015db90","Global",45,false,false,"ok"
"1015dbbd","FUN_1015dbbd","Global",52,false,false,"ok"
"1015dbf1","_fsetpos","Global",59,false,false,"ok"
"1015dc2c","operator()<>","Global",76,false,false,"ok"
"1015dc7b","FUN_1015dc7b","Global",12,false,false,"ok"
"1015dc87","FUN_1015dc87","Global",160,false,false,"ok"
"1015dd27","FUN_1015dd27","Global",150,false,false,"ok"
"1015ddbd","set_buffer","Global",51,false,false,"ok"
"1015ddf0","FUN_1015ddf0","Global",58,false,false,"ok"
"1015de2a","FUN_1015de2a","Global",244,false,false,"ok"
"1015df1e","_ungetc","Global",101,false,false,"ok"
"1015df89","FUN_1015df89","Global",8,false,false,"ok"
"1015df91","FUN_1015df91","Global",67,false,false,"ok"
"1015e020","FUN_1015e020","Global",339,false,false,"ok"
"1015e040","FUN_1015e040","Global",189,false,false,"ok"
"1015e100","FUN_1015e100","Global",98,false,false,"ok"
"1015e170","FUN_1015e170","Global",352,false,false,"ok"
"1015e2d0","FUN_1015e2d0","Global",469,false,false,"ok"
"1015e4a5","FUN_1015e4a5","Global",33,false,false,"ok"
"1015e4c6","FUN_1015e4c6","Global",18,false,false,"ok"
"1015e4d8","FUN_1015e4d8","Global",146,false,false,"ok"
"1015e56a","FUN_1015e56a","Global",150,false,false,"ok"
"1015e600","FUN_1015e600","Global",23,false,false,"ok"
"1015e617","FUN_1015e617","Global",23,false,false,"ok"
"1015e630","FUN_1015e630","Global",270,false,false,"ok"
"1015e740","FUN_1015e740","Global",114,false,false,"ok"
"1015e7c0","FUN_1015e7c0","Global",449,false,false,"ok"
"1015e990","_strcspn","Global",70,false,false,"ok"
"1015e9d6","__acrt_get_utf8_acp_compatibility_codepage","Global",63,false,false,"ok"
"1015ea15","__mkdir","Global",106,false,false,"ok"
"1015ea80","FUN_1015ea80","Global",149,false,false,"ok"
"1015eb20","FUN_1015eb20","Global",161,false,false,"ok"
"1015ebc1","FUN_1015ebc1","Global",197,false,false,"ok"
"1015ec89","FUN_1015ec89","Global",10,false,false,"ok"
"1015ec93","FUN_1015ec93","Global",11,false,false,"ok"
"1015eca0","FUN_1015eca0","Global",310,false,false,"ok"
"1015ede0","FUN_1015ede0","Global",809,false,false,"ok"
"1015f110","FUN_1015f110","Global",35,false,false,"ok"
"1015f140","FUN_1015f140","Global",785,false,false,"ok"
"1015f470","FUN_1015f470","Global",49,false,false,"ok"
"1015f4b0","FUN_1015f4b0","Global",255,false,false,"ok"
"1015f5b0","FUN_1015f5b0","Global",44,false,false,"ok"
"1015f5f0","FUN_1015f5f0","Global",15,false,false,"ok"
"1015f610","FUN_1015f610","Global",75,false,false,"ok"
"1015f65e","FUN_1015f65e","Global",9,false,false,"ok"
"1015f670","FUN_1015f670","Global",89,false,false,"ok"
"1015f6cc","FUN_1015f6cc","Global",9,false,false,"ok"
"1015f6ed","FUN_1015f6ed","Global",31,false,false,"ok"
"1015f70c","__seh_filter_dll","Global",32,false,false,"ok"
"1015f72c","FUN_1015f72c","Global",326,false,false,"ok"
"1015f872","FUN_1015f872","Global",317,false,false,"ok"
"1015f9af","FUN_1015f9af","Global",370,false,false,"ok"
"1015fb21","___acrt_allocate_buffer_for_argv","Global",79,false,false,"ok"
"1015fb70","FUN_1015fb70","Global",11,false,false,"ok"
"1015fb7b","FUN_1015fb7b","Global",44,false,false,"ok"
"1015fba7","FUN_1015fba7","Global",90,false,false,"ok"
"1015fc01","FUN_1015fc01","Global",85,false,false,"ok"
"1015fc56","FUN_1015fc56","Global",228,false,false,"ok"
"1015fd3b","FUN_1015fd3b","Global",290,false,false,"ok"
"1015fe5e","free_environment<>","Global",47,false,false,"ok"
"1015fe8d","FUN_1015fe8d","Global",129,false,false,"ok"
"1015ff0e","uninitialize_environment_internal<>","Global",27,false,false,"ok"
"1015ff29","uninitialize_environment_internal<>","Global",27,false,false,"ok"
"1015ff44","thunk_FUN_1015fb7b","Global",5,false,true,"ok"
"1015ff49","FUN_1015ff49","Global",76,false,false,"ok"
"1015ff9a","thunk_FUN_1015fba7","Global",5,false,true,"ok"
"1015ff9f","operator()<<lambda_69a2805e680e0e292e8ba93315fe43a8>,<lambda_f03950bc5685219e0bcd2087efbe011e>&,<lambda_03fcd07e894ec930e3f35da366ca99d6>_>","__crt_seh_guarded_call<int>",76,false,false,"ok"
"1015ffee","FUN_1015ffee","Global",12,false,false,"ok"
"1015fffd","operator()<<lambda_8e746cf0007f6ed984d6f78af1fec997>,<lambda_22ebabd17bc4fa466a2aca6d8deb888d>&,<lambda_18ed0c0b38a6dc0daf1e7ac6d6adf05e>_>","__crt_seh_guarded_call<int>",76,false,false,"ok"
"1016004c","FUN_1016004c","Global",12,false,false,"ok"
"10160058","FUN_10160058","Global",275,false,false,"ok"
"1016016b","operator()","<lambda_f03950bc5685219e0bcd2087efbe011e>",218,false,false,"ok"
"10160245","FUN_10160245","Global",22,false,false,"ok"
"1016025b","FUN_1016025b","Global",57,false,false,"ok"
"10160299","__initialize_onexit_table","Global",41,false,false,"ok"
"101602c2","__register_onexit_function","Global",51,false,false,"ok"
"1016035b","uninitialize_allocated_memory","Global",23,false,false,"ok"
"101603c2","operator()","<lambda_af42a3ee9806e9a7305d451646e05244>",46,false,false,"ok"
"101603f0","___acrt_initialize","Global",18,false,false,"ok"
"10160402","FUN_10160402","Global",11,false,false,"ok"
"1016040d","FUN_1016040d","Global",8,false,false,"ok"
"10160415","___acrt_uninitialize","Global",48,false,false,"ok"
"10160445","___acrt_uninitialize_critical","Global",18,false,false,"ok"
"10160457","FUN_10160457","Global",43,false,false,"ok"
"10160482","__initterm_e","Global",46,false,false,"ok"
"101604f1","___acrt_lock","Global",23,false,false,"ok"
"10160508","FUN_10160508","Global",49,false,false,"ok"
"10160539","___acrt_unlock","Global",23,false,false,"ok"
"10160550","__lock_locales","Global",14,false,false,"ok"
"10160567","operator()<<lambda_646e26742ed01d5bc03234f44bb6d3d3>,<lambda_b37934c380d97b75fd242ea49540127a>&,<lambda_bbd9d45274666fbb50f81a29ad795c13>_>","__crt_seh_guarded_call<char*>",76,false,false,"ok"
"101605b6","FUN_101605b6","Global",12,false,false,"ok"
"101605c2","FUN_101605c2","Global",350,false,false,"ok"
"10160721","FUN_10160721","Global",154,false,false,"ok"
"101607bc","_setlocale","Global",56,false,false,"ok"
"101607f4","____lc_codepage_func","Global",37,false,false,"ok"
"10160819","____lc_locale_name_func","Global",39,false,false,"ok"
"10160840","____mb_cur_max_func","Global",37,false,false,"ok"
"10160865","FUN_10160865","Global",1124,false,false,"ok"
"10160cc9","___pctype_func","Global",36,false,false,"ok"
"10160cf0","FUN_10160cf0","Global",100,false,false,"ok"
"10160d60","FUN_10160d60","Global",11,false,false,"ok"
"10160d70","FUN_10160d70","Global",30,false,false,"ok"
"10160d8e","FUN_10160d8e","Global",78,false,false,"ok"
"10160ddc","FUN_10160ddc","Global",153,false,false,"ok"
"10160e75","FUN_10160e75","Global",46,false,false,"ok"
"10160ea3","FUN_10160ea3","Global",2471,false,false,"ok"
"1016186b","store_number","Global",148,false,false,"ok"
"101618ff","store_number_without_lead_zeroes","Global",108,false,false,"ok"
"1016196b","FUN_1016196b","Global",51,false,false,"ok"
"1016199e","FUN_1016199e","Global",1073,false,false,"ok"
"10161dcf","FUN_10161dcf","Global",352,false,false,"ok"
"10161f30","guard_check_icall","Global",6,false,true,"ok"
"10161f36","FUN_10161f36","Global",63,false,false,"ok"
"10161f80","FUN_10161f80","Global",67,false,false,"ok"
"10161fd0","FUN_10161fd0","Global",539,false,false,"ok"
"10162270","FUN_10162270","Global",14,false,false,"ok"
"1016227e","FUN_1016227e","Global",6,false,false,"ok"
"10162284","FUN_10162284","Global",178,false,false,"ok"
"10162336","common_xtox_s<unsigned_long,wchar_t>","Global",114,false,false,"ok"
"101623a8","FID_conflict:__itow_s","Global",51,false,false,"ok"
"101623db","FUN_101623db","Global",71,false,false,"ok"
"10162430","FUN_10162430","Global",302,false,false,"ok"
"1016255e","___acrt_GetModuleFileNameA","Global",161,false,false,"ok"
"101625ff","FUN_101625ff","Global",127,false,false,"ok"
"1016267e","FUN_1016267e","Global",11,false,false,"ok"
"10162689","FUN_10162689","Global",89,false,false,"ok"
"101626e5","FUN_101626e5","Global",12,false,false,"ok"
"101626f1","get_global_action_nolock","Global",66,false,false,"ok"
"10162733","siglookup","Global",40,false,false,"ok"
"1016275b","___acrt_get_sigabrt_handler","Global",39,false,false,"ok"
"10162782","FUN_10162782","Global",30,false,false,"ok"
"101627a0","FUN_101627a0","Global",463,false,false,"ok"
"1016292a","FUN_1016292a","Global",16,false,false,"ok"
"101629a0","FUN_101629a0","Global",96,false,false,"ok"
"10162a00","FUN_10162a00","Global",58,false,false,"ok"
"10162a46","FUN_10162a46","Global",34,false,false,"ok"
"10162a68","FUN_10162a68","Global",100,false,false,"ok"
"10162acf","FUN_10162acf","Global",12,false,false,"ok"
"10162adb","FUN_10162adb","Global",42,false,false,"ok"
"10162b05","FUN_10162b05","Global",43,false,false,"ok"
"10162b30","FUN_10162b30","Global",43,false,false,"ok"
"10162b5b","FUN_10162b5b","Global",43,false,false,"ok"
"10162b86","FUN_10162b86","Global",43,false,false,"ok"
"10162bb1","FUN_10162bb1","Global",43,false,false,"ok"
"10162bdc","FUN_10162bdc","Global",43,false,false,"ok"
"10162c07","FUN_10162c07","Global",43,false,false,"ok"
"10162c32","FUN_10162c32","Global",43,false,false,"ok"
"10162c5d","FUN_10162c5d","Global",43,false,false,"ok"
"10162c88","FUN_10162c88","Global",43,false,false,"ok"
"10162cb3","FUN_10162cb3","Global",43,false,false,"ok"
"10162cde","FUN_10162cde","Global",43,false,false,"ok"
"10162d09","FUN_10162d09","Global",204,false,false,"ok"
"10162dd6","try_load_library_from_system_directory","Global",99,false,false,"ok"
"10162e39","FUN_10162e39","Global",79,false,false,"ok"
"10162e88","FUN_10162e88","Global",79,false,false,"ok"
"10162ed7","FUN_10162ed7","Global",79,false,false,"ok"
"10162f26","___acrt_AreFileApisANSI@0","Global",31,false,false,"ok"
"10162f45","___acrt_CompareStringEx@36","Global",93,false,false,"ok"
"10162fa2","___acrt_EnumSystemLocalesEx@16","Global",84,false,false,"ok"
"10162ff8","FUN_10162ff8","Global",12,false,false,"ok"
"10163004","FUN_10163004","Global",12,false,false,"ok"
"10163010","FUN_10163010","Global",13,false,false,"ok"
"1016301d","FUN_1016301d","Global",12,false,false,"ok"
"10163029","FUN_10163029","Global",12,false,false,"ok"
"10163035","___acrt_GetDateFormatEx@28","Global",87,false,false,"ok"
"1016308c","___acrt_GetLocaleInfoEx@16","Global",63,false,false,"ok"
"101630cb","___acrt_GetTimeFormatEx@24","Global",69,false,false,"ok"
"10163110","___acrt_GetUserDefaultLocaleName@8","Global",60,false,false,"ok"
"1016314c","FUN_1016314c","Global",12,false,false,"ok"
"10163158","___acrt_IsValidLocaleName@4","Global",56,false,false,"ok"
"10163190","___acrt_LCIDToLocaleName@16","Global",63,false,false,"ok"
"101631cf","___acrt_LCMapStringEx@36","Global",93,false,false,"ok"
"1016322c","___acrt_LocaleNameToLCID@8","Global",49,false,false,"ok"
"1016325d","FUN_1016325d","Global",49,false,false,"ok"
"1016328f","FUN_1016328f","Global",45,false,false,"ok"
"101632bc","FUN_101632bc","Global",11,false,false,"ok"
"101632c7","___acrt_eagerly_load_locale_apis","Global",55,false,false,"ok"
"101632fe","FUN_101632fe","Global",134,false,false,"ok"
"10163384","FUN_10163384","Global",35,false,false,"ok"
"101633a7","FUN_101633a7","Global",194,false,false,"ok"
"10163469","FUN_10163469","Global",49,false,false,"ok"
"1016349a","___acrt_uninitialize_winapi_thunks","Global",54,false,false,"ok"
"101634d0","FUN_101634d0","Global",162,false,false,"ok"
"10163572","FUN_10163572","Global",9,false,false,"ok"
"1016357b","___acrt_stdio_free_buffer_nolock","Global",64,false,false,"ok"
"101635bb","FUN_101635bb","Global",176,false,false,"ok"
"1016366b","FUN_1016366b","Global",176,false,false,"ok"
"10163772","FUN_10163772","Global",9,false,false,"ok"
"101637a7","__acrt_stdio_allocate_stream","Global",93,false,false,"ok"
"10163807","FUN_10163807","Global",9,false,false,"ok"
"10163810","__acrt_stdio_free_stream","Global",59,false,false,"ok"
"1016384b","find_or_allocate_unused_stream_nolock","Global",194,false,false,"ok"
"1016390d","FUN_1016390d","Global",577,false,false,"ok"
"10163b4e","FUN_10163b4e","Global",658,false,false,"ok"
"10163de0","common_openfile<>","Global",131,false,false,"ok"
"10163e63","common_openfile<>","Global",131,false,false,"ok"
"10163ee6","__acrt_stdio_parse_mode_D","Global",27,false,false,"ok"
"10163f01","__acrt_stdio_parse_mode_T","Global",31,false,false,"ok"
"10163f20","FUN_10163f20","Global",32,false,false,"ok"
"10163f40","__acrt_stdio_parse_mode_c","Global",34,false,false,"ok"
"10163f62","__acrt_stdio_parse_mode_n","Global",34,false,false,"ok"
"10163f84","__acrt_stdio_parse_mode_plus","Global",54,false,false,"ok"
"10163fba","FUN_10163fba","Global",32,false,false,"ok"
"10163fda","__acrt_stdio_parse_mode_x","Global",32,false,false,"ok"
"10163ffa","FUN_10163ffa","Global",11,false,false,"ok"
"10164005","FUN_10164005","Global",11,false,false,"ok"
"10164010","__fileno","Global",39,false,false,"ok"
"10164037","FUN_10164037","Global",130,false,false,"ok"
"101640bc","FUN_101640bc","Global",12,false,false,"ok"
"101640c8","FUN_101640c8","Global",163,false,false,"ok"
"1016416b","FUN_1016416b","Global",48,false,false,"ok"
"1016419b","FUN_1016419b","Global",160,false,false,"ok"
"1016423b","operator()<<lambda_15ade71b0218206bbe3333a0c9b79046>,<lambda_da44e0f8b0f19ba52fefafb335991732>&,<lambda_207f2d024fc103971653565357d6cd41>_>","__crt_seh_guarded_call<void>",70,false,false,"ok"
"10164281","FUN_10164281","Global",12,false,false,"ok"
"1016428d","operator()<<lambda_38edbb1296d33220d7e4dd0ed76b244a>,<lambda_5ce1d447e08cb34b2473517608e21441>&,<lambda_fb385d3da700c9147fc39e65dd577a8c>_>","__crt_seh_guarded_call<void>",95,false,false,"ok"
"101642ec","FUN_101642ec","Global",12,false,false,"ok"
"101642f8","operator()<<lambda_6affb1475c98b40b75cdec977db92e3c>,<lambda_b8d4b9c228a6ecc3f80208dbb4b4a104>&,<lambda_608742c3c92a14382c1684fc64f96c88>_>","__crt_seh_guarded_call<void>",73,false,false,"ok"
"10164341","FUN_10164341","Global",12,false,false,"ok"
"1016434d","operator()<<lambda_a7e850c220f1c8d1e6efeecdedd162c6>,<lambda_46720907175c18b6c9d2717bc0d2d362>&,<lambda_9048902d66e8d99359bc9897bbb930a8>_>","__crt_seh_guarded_call<void>",78,false,false,"ok"
"1016439b","FUN_1016439b","Global",12,false,false,"ok"
"101643a7","construct_ptd","Global",153,false,false,"ok"
"10164440","destroy_fls","Global",33,false,false,"ok"
"10164461","destroy_ptd","Global",205,false,false,"ok"
"1016452e","FUN_1016452e","Global",168,false,false,"ok"
"101645d6","replace_current_thread_locale_nolock","Global",75,false,false,"ok"
"10164621","FUN_10164621","Global",63,false,false,"ok"
"10164665","FUN_10164665","Global",14,false,false,"ok"
"10164673","FUN_10164673","Global",61,false,false,"ok"
"101646b6","FUN_101646b6","Global",135,false,false,"ok"
"10164742","FUN_10164742","Global",68,false,false,"ok"
"101647c1","___acrt_uninitialize_ptd","Global",26,false,false,"ok"
"101647db","operator()<<lambda_4fdada1b837b2abbf20876fac97688ad>,<lambda_b57350f2640456a0859d250846f69caf>&,<lambda_eed5e4f92b5b7d55fa22c48c484aaa54>_>","__crt_seh_guarded_call<void>",65,false,false,"ok"
"1016481c","FUN_1016481c","Global",12,false,false,"ok"
"10164828","operator()<<lambda_135d2772fca65dc1248eeaa1b56e886a>,<lambda_2a444430fde8c29194d880d93eed5e8f>&,<lambda_8dff2cf36a5417162780cd64fa2883ef>&>","__crt_seh_guarded_call<void>",54,false,false,"ok"
"1016485e","FUN_1016485e","Global",15,false,false,"ok"
"1016486d","operator()<<lambda_e5124f882df8998aaf41531e079ba474>,<lambda_3e16ef9562a7dcce91392c22ab16ea36>&,<lambda_e25ca0880e6ef98be67edffd8c599615>_>","__crt_seh_guarded_call<void>",98,false,false,"ok"
"101648cf","FUN_101648cf","Global",12,false,false,"ok"
"101648db","FUN_101648db","Global",73,false,false,"ok"
"10164925","FUN_10164925","Global",47,false,false,"ok"
"10164955","operator()","<lambda_2a444430fde8c29194d880d93eed5e8f>",106,false,false,"ok"
"101649bf","operator()","<lambda_b57350f2640456a0859d250846f69caf>",254,false,false,"ok"
"10164abd","FUN_10164abd","Global",67,false,false,"ok"
"10164b01","FUN_10164b01","Global",52,false,false,"ok"
"10164b36","FUN_10164b36","Global",95,false,false,"ok"
"10164b96","FUN_10164b96","Global",11,false,false,"ok"
"10164ba1","___acrt_uninitialize_locale","Global",39,false,false,"ok"
"10164bc8","FUN_10164bc8","Global",111,false,false,"ok"
"10164c38","FUN_10164c38","Global",316,false,false,"ok"
"10164d75","__copytlocinfo_nolock","Global",47,false,false,"ok"
"10164da4","FUN_10164da4","Global",981,false,false,"ok"
"1016517a","FUN_1016517a","Global",64,false,false,"ok"
"101651bb","__wsetlocale","Global",131,false,false,"ok"
"1016523e","FUN_1016523e","Global",412,false,false,"ok"
"101653db","FUN_101653db","Global",751,false,false,"ok"
"101656cb","FUN_101656cb","Global",944,false,false,"ok"
"10165a7c","get_default_code_page","Global",47,false,false,"ok"
"10165aab","FUN_10165aab","Global",474,false,false,"ok"
"10165c85","FUN_10165c85","Global",62,false,false,"ok"
"10165cc4","FUN_10165cc4","Global",113,false,false,"ok"
"10165d36","FUN_10165d36","Global",189,false,false,"ok"
"10165df4","FUN_10165df4","Global",111,false,false,"ok"
"10165e64","FUN_10165e64","Global",63,false,false,"ok"
"10165ea3","FUN_10165ea3","Global",147,false,false,"ok"
"10165f39","FUN_10165f39","Global",12,false,false,"ok"
"10165f45","__commit","Global",125,false,false,"ok"
"10165fc2","FUN_10165fc2","Global",966,false,false,"ok"
"1016638d","write_double_translated_unicode_nolock","Global",104,false,false,"ok"
"101663f5","FUN_101663f5","Global",125,false,false,"ok"
"10166472","write_text_ansi_nolock","Global",219,false,false,"ok"
"1016654d","write_text_utf16le_nolock","Global",233,false,false,"ok"
"10166636","write_text_utf8_nolock","Global",306,false,false,"ok"
"10166768","FUN_10166768","Global",55,false,false,"ok"
"1016679f","FUN_1016679f","Global",259,false,false,"ok"
"101668a8","FUN_101668a8","Global",8,false,false,"ok"
"101668b0","FUN_101668b0","Global",540,false,false,"ok"
"10166acc","FUN_10166acc","Global",339,false,false,"ok"
"10166c1f","FUN_10166c1f","Global",448,false,false,"ok"
"10166ddf","FUN_10166ddf","Global",343,false,false,"ok"
"10166f36","FUN_10166f36","Global",125,false,false,"ok"
"10166fb3","FUN_10166fb3","Global",267,false,false,"ok"
"101670c4","FUN_101670c4","Global",8,false,false,"ok"
"101670cc","FUN_101670cc","Global",908,false,false,"ok"
"10167458","FUN_10167458","Global",395,false,false,"ok"
"101675e3","FUN_101675e3","Global",11,false,false,"ok"
"101675ee","FUN_101675ee","Global",276,false,false,"ok"
"1016770b","FUN_1016770b","Global",8,false,false,"ok"
"10167713","FUN_10167713","Global",131,false,false,"ok"
"10167796","FUN_10167796","Global",64,false,false,"ok"
"101677d6","FUN_101677d6","Global",30,false,false,"ok"
"101677f4","FUN_101677f4","Global",64,false,false,"ok"
"10167834","FUN_10167834","Global",30,false,false,"ok"
"10167852","FUN_10167852","Global",246,false,false,"ok"
"10167948","FUN_10167948","Global",250,false,false,"ok"
"10167a42","FUN_10167a42","Global",210,false,false,"ok"
"10167b14","FUN_10167b14","Global",212,false,false,"ok"
"10167be8","FUN_10167be8","Global",143,false,false,"ok"
"10167c77","FUN_10167c77","Global",11,false,false,"ok"
"10167c82","FUN_10167c82","Global",11,false,false,"ok"
"10167c8d","FUN_10167c8d","Global",62,false,false,"ok"
"10167ccb","FUN_10167ccb","Global",171,false,false,"ok"
"10167d76","FUN_10167d76","Global",62,false,false,"ok"
"10167dc0","FUN_10167dc0","Global",81,false,false,"ok"
"10167e11","___acrt_update_locale_info","Global",45,false,false,"ok"
"10167e3e","FUN_10167e3e","Global",49,false,false,"ok"
"10167e6f","FUN_10167e6f","Global",45,false,false,"ok"
"10167e9c","FUN_10167e9c","Global",49,false,false,"ok"
"10167ecd","__acrt_fp_classify","Global",98,false,false,"ok"
"10167f2f","FUN_10167f2f","Global",178,false,false,"ok"
"10167fe1","FUN_10167fe1","Global",828,false,false,"ok"
"1016831d","FUN_1016831d","Global",144,false,false,"ok"
"101683ad","FUN_101683ad","Global",322,false,false,"ok"
"101684f0","FUN_101684f0","Global",137,false,false,"ok"
"10168579","FUN_10168579","Global",224,false,false,"ok"
"10168659","FUN_10168659","Global",199,false,false,"ok"
"10168720","FUN_10168720","Global",148,false,false,"ok"
"101687b5","shift_bytes","Global",52,false,false,"ok"
"101687e9","FUN_101687e9","Global",147,false,false,"ok"
"1016887c","FUN_1016887c","Global",384,false,false,"ok"
"101689fc","FUN_101689fc","Global",356,false,false,"ok"
"10168b60","FUN_10168b60","Global",304,false,false,"ok"
"10168c90","FUN_10168c90","Global",56,false,false,"ok"
"10168cc8","FUN_10168cc8","Global",65,false,false,"ok"
"10168d09","FUN_10168d09","Global",441,false,false,"ok"
"10168ec2","FUN_10168ec2","Global",171,false,false,"ok"
"10168f6d","FUN_10168f6d","Global",44,false,false,"ok"
"10168f99","FUN_10168f99","Global",67,false,false,"ok"
"10168fdc","FUN_10168fdc","Global",275,false,false,"ok"
"101690ef","FUN_101690ef","Global",21,false,false,"ok"
"10169104","FUN_10169104","Global",52,false,false,"ok"
"10169138","FUN_10169138","Global",312,false,false,"ok"
"10169270","_iswctype","Global",105,false,false,"ok"
"101692d9","__isctype_l","Global",203,false,false,"ok"
"101693b0","FUN_101693b0","Global",15,false,false,"ok"
"101693c0","__cintrindisp2","Global",80,false,false,"ok"
"10169410","__cintrindisp1","Global",73,false,false,"ok"
"10169459","__ctrandisp2","Global",65,false,false,"ok"
"1016949a","FUN_1016949a","Global",7,false,false,"ok"
"101694a1","FUN_101694a1","Global",327,false,false,"ok"
"101695e8","__ctrandisp1","Global",51,false,false,"ok"
"1016961b","__fload","Global",60,false,false,"ok"
"10169660","__trandisp1","Global",117,false,false,"ok"
"101696d5","__trandisp2","Global",154,false,false,"ok"
"101698ad","FUN_101698ad","Global",7,false,false,"ok"
"1016990f","FUN_1016990f","Global",147,false,false,"ok"
"101699ff","FUN_101699ff","Global",183,false,false,"ok"
"10169b0f","FUN_10169b0f","Global",147,false,false,"ok"
"10169d30","FUN_10169d30","Global",9,false,false,"ok"
"10169dcf","FUN_10169dcf","Global",193,false,false,"ok"
"10169ee4","FUN_10169ee4","Global",461,false,false,"ok"
"1016a0b1","FUN_1016a0b1","Global",40,false,false,"ok"
"1016a0e0","FUN_1016a0e0","Global",106,false,false,"ok"
"1016a150","FUN_1016a150","Global",84,false,false,"ok"
"1016a1d9","FUN_1016a1d9","Global",6,false,false,"ok"
"1016a1df","FUN_1016a1df","Global",6,false,false,"ok"
"1016a1e5","FUN_1016a1e5","Global",6,false,false,"ok"
"1016a1eb","FUN_1016a1eb","Global",6,false,false,"ok"
"1016a1f1","FUN_1016a1f1","Global",6,false,false,"ok"
"1016a1f7","FUN_1016a1f7","Global",44,false,false,"ok"
"1016a223","FUN_1016a223","Global",44,false,false,"ok"
"1016a24f","FUN_1016a24f","Global",44,false,false,"ok"
"1016a27b","FUN_1016a27b","Global",539,false,false,"ok"
"1016a497","FUN_1016a497","Global",330,false,false,"ok"
"1016a5e2","FUN_1016a5e2","Global",119,false,false,"ok"
"1016a659","FUN_1016a659","Global",70,false,false,"ok"
"1016a6a0","FUN_1016a6a0","Global",658,false,false,"ok"
"1016a933","FUN_1016a933","Global",345,false,false,"ok"
"1016aa8d","FUN_1016aa8d","Global",117,false,false,"ok"
"1016ab02","FUN_1016ab02","Global",65,false,false,"ok"
"1016ab44","___tzset","Global",84,false,false,"ok"
"1016ab98","FUN_1016ab98","Global",9,false,false,"ok"
"1016aba1","__isindst","Global",72,false,false,"ok"
"1016abec","FUN_1016abec","Global",9,false,false,"ok"
"1016abf5","FUN_1016abf5","Global",152,false,false,"ok"
"1016ac8d","FUN_1016ac8d","Global",42,false,false,"ok"
"1016acb7","FUN_1016acb7","Global",144,false,false,"ok"
"1016ad47","FUN_1016ad47","Global",106,false,false,"ok"
"1016adb1","FUN_1016adb1","Global",18,false,false,"ok"
"1016adc3","FUN_1016adc3","Global",19,false,false,"ok"
"1016add6","FUN_1016add6","Global",62,false,false,"ok"
"1016ae14","FUN_1016ae14","Global",39,false,false,"ok"
"1016ae3b","FUN_1016ae3b","Global",91,false,false,"ok"
"1016ae96","FUN_1016ae96","Global",493,false,false,"ok"
"1016b083","___acrt_LCMapStringA","Global",73,false,false,"ok"
"1016b0cc","___acrt_stdio_allocate_buffer_nolock","Global",92,false,false,"ok"
"1016b230","FUN_1016b230","Global",146,false,false,"ok"
"1016b310","FUN_1016b310","Global",19,false,false,"ok"
"1016b330","FUN_1016b330","Global",44,false,false,"ok"
"1016b360","FUN_1016b360","Global",91,false,false,"ok"
"1016b3c0","FUN_1016b3c0","Global",18,false,false,"ok"
"1016b3d2","__wmkdir","Global",42,false,false,"ok"
"1016b400","FUN_1016b400","Global",29,false,false,"ok"
"1016b420","FUN_1016b420","Global",15,false,false,"ok"
"1016b430","FUN_1016b430","Global",57,false,false,"ok"
"1016b470","FUN_1016b470","Global",38,false,false,"ok"
"1016b4a0","FUN_1016b4a0","Global",471,false,false,"ok"
"1016b680","FUN_1016b680","Global",172,false,false,"ok"
"1016b730","FUN_1016b730","Global",578,false,false,"ok"
"1016b980","FUN_1016b980","Global",265,false,false,"ok"
"1016ba89","FUN_1016ba89","Global",24,false,false,"ok"
"1016baa1","FUN_1016baa1","Global",198,false,false,"ok"
"1016bb67","FUN_1016bb67","Global",380,false,false,"ok"
"1016bce4","FUN_1016bce4","Global",176,false,false,"ok"
"1016bd95","FUN_1016bd95","Global",652,false,false,"ok"
"1016c021","~argument_list<>","Global",37,false,false,"ok"
"1016c046","allocate","Global",60,false,false,"ok"
"1016c082","expand_if_necessary","Global",135,false,false,"ok"
"1016c109","FUN_1016c109","Global",11,false,false,"ok"
"1016c114","operator()<<lambda_ceb1ee4838e85a9d631eb091e2fbe199>,<lambda_ae742caa10f662c28703da3d2ea5e57e>&,<lambda_cd08b5d6af4937fe54fc07d0c9bf6b37>_>","__crt_seh_guarded_call<void>",65,false,false,"ok"
"1016c155","FUN_1016c155","Global",12,false,false,"ok"
"1016c161","operator()","<lambda_ae742caa10f662c28703da3d2ea5e57e>",131,false,false,"ok"
"1016c1e4","CPtoLocaleName","Global",62,false,false,"ok"
"1016c222","getSystemCP","Global",113,false,false,"ok"
"1016c293","FUN_1016c293","Global",99,false,false,"ok"
"1016c2f6","FUN_1016c2f6","Global",421,false,false,"ok"
"1016c49b","FUN_1016c49b","Global",341,false,false,"ok"
"1016c5f0","FUN_1016c5f0","Global",129,false,false,"ok"
"1016c66f","FUN_1016c66f","Global",9,false,false,"ok"
"1016c678","FUN_1016c678","Global",18,false,false,"ok"
"1016c690","___acrt_initialize_multibyte","Global",72,false,false,"ok"
"1016c6d8","FUN_1016c6d8","Global",19,false,false,"ok"
"1016c6eb","FUN_1016c6eb","Global",517,false,false,"ok"
"1016c8f0","FUN_1016c8f0","Global",80,false,false,"ok"
"1016c940","FUN_1016c940","Global",24,false,false,"ok"
"1016c971","find_end_of_double_null_terminated_sequence","Global",55,false,false,"ok"
"1016c9a8","FUN_1016c9a8","Global",160,false,false,"ok"
"1016ca48","FUN_1016ca48","Global",78,false,false,"ok"
"1016ca96","FUN_1016ca96","Global",649,false,false,"ok"
"1016cd20","FUN_1016cd20","Global",189,false,false,"ok"
"1016cdde","FUN_1016cdde","Global",26,false,false,"ok"
"1016cdf8","find_in_environment_nolock<wchar_t>","Global",88,false,false,"ok"
"1016ce50","FUN_1016ce50","Global",11,false,false,"ok"
"1016ce60","__recalloc_base","Global",109,false,false,"ok"
"1016cee0","FUN_1016cee0","Global",11,false,false,"ok"
"1016cf36","___acrt_execute_initializers","Global",104,false,false,"ok"
"1016cf9e","___acrt_execute_uninitializers","Global",49,false,false,"ok"
"1016cfcf","FUN_1016cfcf","Global",221,false,false,"ok"
"1016d0ac","FUN_1016d0ac","Global",452,false,false,"ok"
"1016d275","FUN_1016d275","Global",61,false,false,"ok"
"1016d2b2","FUN_1016d2b2","Global",214,false,false,"ok"
"1016d388","FUN_1016d388","Global",673,false,false,"ok"
"1016d629","FUN_1016d629","Global",62,false,false,"ok"
"1016d667","FUN_1016d667","Global",224,false,false,"ok"
"1016d747","FUN_1016d747","Global",431,false,false,"ok"
"1016d8f7","FUN_1016d8f7","Global",254,false,false,"ok"
"1016da00","__realloc_base","Global",105,false,false,"ok"
"1016da70","FUN_1016da70","Global",75,false,false,"ok"
"1016dac0","FUN_1016dac0","Global",70,false,false,"ok"
"1016db10","FUN_1016db10","Global",425,false,false,"ok"
"1016dcc0","FUN_1016dcc0","Global",21,false,false,"ok"
"1016dcd5","FUN_1016dcd5","Global",23,false,false,"ok"
"1016dcec","FUN_1016dcec","Global",25,false,false,"ok"
"1016dd05","__fload_withFB","Global",67,false,false,"ok"
"1016dd48","FUN_1016dd48","Global",22,false,false,"ok"
"1016dd5e","FUN_1016dd5e","Global",13,false,false,"ok"
"1016dd6b","__math_exit","Global",42,false,false,"ok"
"1016dda9","FUN_1016dda9","Global",163,false,false,"ok"
"1016de50","FUN_1016de50","Global",20,false,false,"ok"
"1016de64","FUN_1016de64","Global",157,false,false,"ok"
"1016df10","FUN_1016df10","Global",254,false,false,"ok"
"1016e020","FUN_1016e020","Global",7,false,false,"ok"
"1016e030","__set_new_mode","Global",47,false,false,"ok"
"1016e05f","FUN_1016e05f","Global",67,false,false,"ok"
"1016e0a2","FUN_1016e0a2","Global",84,false,false,"ok"
"1016e0f6","FUN_1016e0f6","Global",125,false,false,"ok"
"1016e174","___acrt_DownlevelLocaleNameToLCID","Global",44,false,false,"ok"
"1016e1a0","___acrt_lowio_create_handle_array","Global",123,false,false,"ok"
"1016e21b","___acrt_lowio_destroy_handle_array","Global",53,false,false,"ok"
"1016e250","___acrt_lowio_ensure_fh_exists","Global",146,false,false,"ok"
"1016e2e5","FUN_1016e2e5","Global",9,false,false,"ok"
"1016e2ee","___acrt_lowio_lock_fh","Global",35,false,false,"ok"
"1016e311","FUN_1016e311","Global",146,false,false,"ok"
"1016e3a3","___acrt_lowio_unlock_fh","Global",35,false,false,"ok"
"1016e3c6","__alloc_osfhnd","Global",263,false,false,"ok"
"1016e4d0","FUN_1016e4d0","Global",9,false,false,"ok"
"1016e4d9","FUN_1016e4d9","Global",145,false,false,"ok"
"1016e56a","FUN_1016e56a","Global",106,false,false,"ok"
"1016e5e0","FUN_1016e5e0","Global",103,false,false,"ok"
"1016e650","FUN_1016e650","Global",73,false,false,"ok"
"1016e6a0","FUN_1016e6a0","Global",437,false,false,"ok"
"1016e860","FUN_1016e860","Global",49,false,false,"ok"
"1016e8a0","FUN_1016e8a0","Global",89,false,false,"ok"
"1016e900","FUN_1016e900","Global",343,false,false,"ok"
"1016ea57","common_sopen_dispatch<char>","Global",143,false,false,"ok"
"1016eaec","FUN_1016eaec","Global",70,false,false,"ok"
"1016eb32","common_sopen_dispatch<>","Global",143,false,false,"ok"
"1016ebc7","FUN_1016ebc7","Global",70,false,false,"ok"
"1016ec0d","FUN_1016ec0d","Global",597,false,false,"ok"
"1016ee63","create_file","Global",37,false,false,"ok"
"1016ee88","decode_open_create_flags","Global",112,false,false,"ok"
"1016eefa","FUN_1016eefa","Global",376,false,false,"ok"
"1016f073","truncate_ctrl_z_if_present","Global",170,false,false,"ok"
"1016f11d","__sopen_nolock","Global",110,false,false,"ok"
"1016f18b","FID_conflict:__sopen_s","Global",32,false,false,"ok"
"1016f1ab","FUN_1016f1ab","Global",811,false,false,"ok"
"1016f4d6","FID_conflict:__sopen_s","Global",32,false,false,"ok"
"1016f4f6","FUN_1016f4f6","Global",125,false,false,"ok"
"1016f573","FUN_1016f573","Global",328,false,false,"ok"
"1016f6bb","___acrt_locale_add_lc_time_reference","Global",41,false,false,"ok"
"1016f6e4","___acrt_locale_free_lc_time_if_unreferenced","Global",49,false,false,"ok"
"1016f715","___acrt_locale_release_lc_time_reference","Global",41,false,false,"ok"
"1016f73e","FUN_1016f73e","Global",129,false,false,"ok"
"1016f7bf","FUN_1016f7bf","Global",98,false,false,"ok"
"1016f81f","FUN_1016f81f","Global",9,false,false,"ok"
"1016f828","FUN_1016f828","Global",18,false,false,"ok"
"1016f840","__updatetlocinfoEx_nolock","Global",80,false,false,"ok"
"1016f890","FID_conflict:___acrt_locale_free_monetary","Global",254,false,false,"ok"
"1016f98e","FUN_1016f98e","Global",865,false,false,"ok"
"1016fcef","FID_conflict:___free_lconv_num","Global",105,false,false,"ok"
"1016fd58","FUN_1016fd58","Global",541,false,false,"ok"
"1016ff75","FUN_1016ff75","Global",37,false,false,"ok"
"1016ff9a","initialize_lc_time","Global",636,false,false,"ok"
"10170216","___acrt_locale_free_time","Global",228,false,false,"ok"
"101702fa","___acrt_locale_initialize_time","Global",123,false,false,"ok"
"10170380","FUN_10170380","Global",71,false,false,"ok"
"101703d0","FUN_101703d0","Global",63,false,false,"ok"
"1017040f","FUN_1017040f","Global",134,false,false,"ok"
"10170496","_GetLocaleNameFromLangCountry","Global",153,false,false,"ok"
"1017052f","_GetLocaleNameFromLanguage","Global",89,false,false,"ok"
"10170588","_GetPrimaryLen","Global",52,false,false,"ok"
"101705bc","FUN_101705bc","Global",735,false,false,"ok"
"1017089c","FUN_1017089c","Global",185,false,false,"ok"
"10170956","FUN_10170956","Global",240,false,false,"ok"
"10170a46","FUN_10170a46","Global",77,false,false,"ok"
"10170a93","_TranslateName","Global",109,false,false,"ok"
"10170b00","FUN_10170b00","Global",526,false,false,"ok"
"10170d0f","FUN_10170d0f","Global",163,false,false,"ok"
"10170db2","_GetLcidFromCountry","Global",75,false,false,"ok"
"10170dfd","_GetLcidFromLangCountry","Global",155,false,false,"ok"
"10170e98","_GetLcidFromLanguage","Global",95,false,false,"ok"
"10170ef7","_GetPrimaryLen","Global",44,false,false,"ok"
"10170f23","FUN_10170f23","Global",596,false,false,"ok"
"10171177","FUN_10171177","Global",209,false,false,"ok"
"10171248","FUN_10171248","Global",84,false,false,"ok"
"1017129c","_ProcessCodePage","Global",225,false,false,"ok"
"1017137d","_TestDefaultCountry","Global",37,false,false,"ok"
"101713a2","FUN_101713a2","Global",117,false,false,"ok"
"10171417","FUN_10171417","Global",103,false,false,"ok"
"1017147e","FUN_1017147e","Global",496,false,false,"ok"
"1017166e","FUN_1017166e","Global",86,false,false,"ok"
"101716c4","__putwch_nolock","Global",50,false,false,"ok"
"101716f6","FUN_101716f6","Global",35,false,false,"ok"
"10171719","FUN_10171719","Global",142,false,false,"ok"
"101717a7","FUN_101717a7","Global",249,false,false,"ok"
"101718a0","FUN_101718a0","Global",5325,false,false,"ok"
"10172d6e","FUN_10172d6e","Global",174,false,false,"ok"
"10172e1c","FUN_10172e1c","Global",20,false,false,"ok"
"10172e30","FUN_10172e30","Global",34,false,false,"ok"
"10172e52","___acrt_GetStringTypeW","Global",25,false,false,"ok"
"10172e70","FUN_10172e70","Global",277,false,false,"ok"
"10172fb0","FUN_10172fb0","Global",24,false,false,"ok"
"10172fce","FUN_10172fce","Global",395,false,false,"ok"
"10173160","FUN_10173160","Global",23,false,false,"ok"
"10173177","__startOneArgErrorHandling","Global",60,false,false,"ok"
"101731c0","FUN_101731c0","Global",24,false,false,"ok"
"101731de","FUN_101731de","Global",1334,false,false,"ok"
"10173720","FUN_10173720","Global",24,false,false,"ok"
"1017373e","FUN_1017373e","Global",425,false,false,"ok"
"101738f0","FUN_101738f0","Global",23,false,false,"ok"
"10173910","FUN_10173910","Global",24,false,false,"ok"
"1017392e","FUN_1017392e","Global",590,false,false,"ok"
"10173d90","FUN_10173d90","Global",25,false,false,"ok"
"10173da9","FUN_10173da9","Global",2822,false,false,"ok"
"101748b0","FUN_101748b0","Global",499,false,false,"ok"
"10174aa3","common_getenv_nolock<wchar_t>","Global",132,false,false,"ok"
"10174b27","common_getenv_s<>","Global",83,false,false,"ok"
"10174b7d","FUN_10174b7d","Global",9,false,false,"ok"
"10174b86","FUN_10174b86","Global",173,false,false,"ok"
"10174c34","FUN_10174c34","Global",11,false,false,"ok"
"10174c40","_strpbrk","Global",64,false,false,"ok"
"10174c80","__mbsdec","Global",23,false,false,"ok"
"10174c97","__mbsdec_l","Global",141,false,false,"ok"
"10174d30","FUN_10174d30","Global",397,false,false,"ok"
"10174ec0","__msize_base","Global",51,false,false,"ok"
"10174f00","FUN_10174f00","Global",11,false,false,"ok"
"10174f0b","FUN_10174f0b","Global",263,false,false,"ok"
"10175012","FUN_10175012","Global",212,false,false,"ok"
"101750f0","___ascii_strnicmp","Global",97,false,false,"ok"
"10175151","FUN_10175151","Global",45,false,false,"ok"
"1017517e","FUN_1017517e","Global",209,false,false,"ok"
"1017524f","__crt_seek_guard","__crt_seek_guard",77,false,false,"ok"
"1017529c","FUN_1017529c","Global",55,false,false,"ok"
"101752d3","FUN_101752d3","Global",407,false,false,"ok"
"1017546a","__dcrt_lowio_initialize_console_output","Global",31,false,false,"ok"
"10175489","___dcrt_lowio_ensure_console_output_initialized","Global",31,false,false,"ok"
"101754a8","FID_conflict:___dcrt_terminate_console_output","Global",23,false,false,"ok"
"101754bf","___dcrt_write_console","Global",85,false,false,"ok"
"10175520","FUN_10175520","Global",108,false,false,"ok"
"10175590","FUN_10175590","Global",29,false,false,"ok"
"101755b0","FUN_101755b0","Global",84,false,false,"ok"
"10175610","FUN_10175610","Global",94,false,false,"ok"
"10175670","FUN_10175670","Global",675,false,false,"ok"
"10175920","FUN_10175920","Global",193,false,false,"ok"
"101759e1","FUN_101759e1","Global",102,false,false,"ok"
"10175a47","___acrt_LCMapStringW","Global",62,false,false,"ok"
"10175aa0","FUN_10175aa0","Global",199,false,false,"ok"
"10175b70","FUN_10175b70","Global",281,false,false,"ok"
"10175c90","FUN_10175c90","Global",906,false,false,"ok"
"10176020","FUN_10176020","Global",242,false,false,"ok"
"1017616f","FUN_1017616f","Global",193,false,false,"ok"
"10176230","FUN_10176230","Global",24,false,false,"ok"
"1017624e","FUN_1017624e","Global",614,false,false,"ok"
"101764c0","__aulldiv","Global",104,false,false,"ok"
"10176530","__aullrem","Global",117,false,false,"ok"
"101765a5","__EH_epilog3","Global",20,false,false,"ok"
"101765b9","FUN_101765b9","Global",15,false,false,"ok"
"101765c8","__EH_prolog3","Global",51,false,false,"ok"
"101765fb","__EH_prolog3_GS","Global",54,false,false,"ok"
"10176631","__EH_prolog3_catch","Global",54,false,false,"ok"
"10176670","__alloca_probe_16","Global",22,false,false,"ok"
"10176686","__alloca_probe_8","Global",22,false,false,"ok"
"101766a0","__FindPESection","Global",67,false,false,"ok"
"101766f0","__IsNonwritableInCurrentImage","Global",164,false,false,"ok"
"101767b0","FUN_101767b0","Global",49,false,false,"ok"
"101767f0","__aulldvrm","Global",149,false,false,"ok"
"10176890","__allrem","Global",178,false,false,"ok"
"10176942","FUN_10176942","Global",154,false,false,"ok"
"101769dc","FUN_101769dc","Global",119,false,false,"ok"
"10176b27","FUN_10176b27","Global",36,false,false,"ok"
"10176b68","FUN_10176b68","Global",32,false,false,"ok"
"10176ba8","FUN_10176ba8","Global",32,false,false,"ok"
"10176be8","FUN_10176be8","Global",38,false,false,"ok"
"10176c28","FUN_10176c28","Global",38,false,false,"ok"
"10176c96","FUN_10176c96","Global",32,false,false,"ok"
"10176d36","FUN_10176d36","Global",31,false,false,"ok"
"10176db0","FUN_10176db0","Global",513,false,false,"ok"
"10177010","FUN_10177010","Global",391,false,false,"ok"
"101771a0","FUN_101771a0","Global",62,false,false,"ok"
"10177240","FUN_10177240","Global",674,false,false,"ok"
"101774f0","FUN_101774f0","Global",459,false,false,"ok"
"101776c0","FUN_101776c0","Global",64,false,false,"ok"
"10177700","FUN_10177700","Global",112,false,false,"ok"
"10177770","FUN_10177770","Global",115,false,false,"ok"
"101777f0","FUN_101777f0","Global",87,false,false,"ok"
"10177850","FUN_10177850","Global",137,false,false,"ok"
"101778e0","FUN_101778e0","Global",299,false,false,"ok"
"10177a10","FUN_10177a10","Global",75,false,false,"ok"
"10177a60","thunk_FUN_10177a70","Global",5,false,true,"ok"
"10177a70","FUN_10177a70","Global",2295,false,false,"ok"
"10178370","FUN_10178370","Global",41,false,false,"ok"
"101783a0","FUN_101783a0","Global",833,false,false,"ok"
"10178700","FUN_10178700","Global",345,false,false,"ok"
"10178870","FUN_10178870","Global",434,false,false,"ok"
"10178a40","FUN_10178a40","Global",267,false,false,"ok"
"10178b50","FUN_10178b50","Global",395,false,false,"ok"
"10178ce0","FUN_10178ce0","Global",963,false,false,"ok"
"101790c0","FUN_101790c0","Global",51,false,false,"ok"
"10179100","FUN_10179100","Global",808,false,false,"ok"
"10179440","FUN_10179440","Global",2241,false,false,"ok"
"10179d20","FUN_10179d20","Global",2145,false,false,"ok"
"1017a5d0","FUN_1017a5d0","Global",8,false,false,"ok"
"1017a5e0","FUN_1017a5e0","Global",215,false,false,"ok"
"1017a6c0","FUN_1017a6c0","Global",220,false,false,"ok"
"1017a7a0","FUN_1017a7a0","Global",63,false,false,"ok"
"1017a800","FUN_1017a800","Global",116,false,false,"ok"
"1017a890","FUN_1017a890","Global",84,false,false,"ok"
"1017a900","FUN_1017a900","Global",9,false,false,"ok"
"1017a910","FUN_1017a910","Global",20,false,false,"ok"
"1017a930","FUN_1017a930","Global",381,false,false,"ok"
"1017aab0","FUN_1017aab0","Global",92,false,false,"ok"
"1017ab10","FUN_1017ab10","Global",116,false,false,"ok"
"1017ab90","FUN_1017ab90","Global",206,false,false,"ok"
"1017ac60","FUN_1017ac60","Global",78,false,false,"ok"
"1017acb0","FUN_1017acb0","Global",18,false,false,"ok"
"1017acd0","FUN_1017acd0","Global",34,false,false,"ok"
"1017ad00","FUN_1017ad00","Global",192,false,false,"ok"
"1017adc0","FUN_1017adc0","Global",194,false,false,"ok"
"1017ae90","FUN_1017ae90","Global",29,false,false,"ok"
"1017aeb0","FUN_1017aeb0","Global",159,false,false,"ok"
"1017af60","FUN_1017af60","Global",322,false,false,"ok"
"1017b0b0","FUN_1017b0b0","Global",318,false,false,"ok"
"1017b1f0","FUN_1017b1f0","Global",72,false,false,"ok"
"1017b420","FUN_1017b420","Global",735,false,false,"ok"
"1017b7a0","FUN_1017b7a0","Global",38,false,false,"ok"
"1017b7d0","FUN_1017b7d0","Global",50,false,false,"ok"
"1017b810","FUN_1017b810","Global",41,false,false,"ok"
"1017b840","FUN_1017b840","Global",15,false,false,"ok"
"1017b850","FUN_1017b850","Global",804,false,false,"ok"
"1017bb80","FUN_1017bb80","Global",825,false,false,"ok"
"1017bec0","FUN_1017bec0","Global",330,false,false,"ok"
"1017c010","FUN_1017c010","Global",58,false,false,"ok"
"1017c0a0","FUN_1017c0a0","Global",721,false,false,"ok"
"1017c390","FUN_1017c390","Global",1650,false,false,"ok"
"1017ca10","FUN_1017ca10","Global",94,false,false,"ok"
"1017ca7b","FUN_1017ca7b","Global",82,false,false,"ok"
"1017cb00","FUN_1017cb00","Global",57,false,false,"ok"
"1017cb40","FUN_1017cb40","Global",71,false,false,"ok"
"1017cba3","FUN_1017cba3","Global",260,false,false,"ok"
"1017ccc3","FUN_1017ccc3","Global",80,false,false,"ok"
"1017cd20","FUN_1017cd20","Global",145,false,false,"ok"
"1017cdc0","FUN_1017cdc0","Global",65,false,false,"ok"
"1017ce10","FUN_1017ce10","Global",65,false,false,"ok"
"1017ce60","FUN_1017ce60","Global",58,false,false,"ok"
"1017cea0","FUN_1017cea0","Global",58,false,false,"ok"
"1017cee0","FUN_1017cee0","Global",97,false,false,"ok"
"1017cf50","FUN_1017cf50","Global",80,false,false,"ok"
"1017cfa0","FUN_1017cfa0","Global",80,false,false,"ok"
"1017cff0","FUN_1017cff0","Global",564,false,false,"ok"
"1017d290","FUN_1017d290","Global",83,false,false,"ok"
"1017d2f0","FUN_1017d2f0","Global",83,false,false,"ok"
"1017d350","FUN_1017d350","Global",21,false,false,"ok"
"1017d410","FUN_1017d410","Global",629,false,false,"ok"
"1017d6b0","FUN_1017d6b0","Global",150,false,false,"ok"
"1017d750","Unwind@1017d750","Global",12,false,false,"ok"
"1017d780","Unwind@1017d780","Global",11,false,false,"ok"
"1017d7b0","Unwind@1017d7b0","Global",8,false,false,"ok"
"1017d810","Unwind@1017d810","Global",12,false,false,"ok"
"1017d900","Unwind@1017d900","Global",8,false,false,"ok"
"1017d908","Unwind@1017d908","Global",8,false,false,"ok"
"1017da20","Unwind@1017da20","Global",8,false,false,"ok"
"1017da70","Unwind@1017da70","Global",8,false,false,"ok"
"1017daa0","Unwind@1017daa0","Global",8,false,false,"ok"
"1017dad0","Unwind@1017dad0","Global",8,false,false,"ok"
"1017db80","Unwind@1017db80","Global",8,false,false,"ok"
"1017dbf0","Unwind@1017dbf0","Global",11,false,false,"ok"
"1017dbfb","Unwind@1017dbfb","Global",11,false,false,"ok"
"1017dc06","Unwind@1017dc06","Global",11,false,false,"ok"
"1017dc11","Unwind@1017dc11","Global",11,false,false,"ok"
"1017dc1c","Unwind@1017dc1c","Global",8,false,false,"ok"
"1017dc60","Unwind@1017dc60","Global",8,false,false,"ok"
"1017dc68","Unwind@1017dc68","Global",8,false,false,"ok"
"1017dc70","Unwind@1017dc70","Global",8,false,false,"ok"
"1017dcb0","Unwind@1017dcb0","Global",8,false,false,"ok"
"1017dce0","Unwind@1017dce0","Global",11,false,false,"ok"
"1017dceb","Unwind@1017dceb","Global",8,false,false,"ok"
"1017dcf3","Unwind@1017dcf3","Global",11,false,false,"ok"
"1017dd70","Unwind@1017dd70","Global",8,false,false,"ok"
"1017ddc0","Unwind@1017ddc0","Global",12,false,false,"ok"
"1017ddf0","Unwind@1017ddf0","Global",12,false,false,"ok"
"1017de40","Unwind@1017de40","Global",8,false,false,"ok"
"1017de70","Unwind@1017de70","Global",14,false,false,"ok"
"1017de90","Unwind@1017de90","Global",11,false,false,"ok"
"1017de9b","Unwind@1017de9b","Global",14,false,false,"ok"
"1017dea9","Unwind@1017dea9","Global",14,false,false,"ok"
"1017deb7","Unwind@1017deb7","Global",14,false,false,"ok"
"1017dec5","Unwind@1017dec5","Global",14,false,false,"ok"
"1017ded3","Unwind@1017ded3","Global",14,false,false,"ok"
"1017dee1","Unwind@1017dee1","Global",14,false,false,"ok"
"1017deef","Unwind@1017deef","Global",14,false,false,"ok"
"1017defd","Unwind@1017defd","Global",14,false,false,"ok"
"1017df0b","Unwind@1017df0b","Global",14,false,false,"ok"
"1017df19","Unwind@1017df19","Global",14,false,false,"ok"
"1017df27","Unwind@1017df27","Global",14,false,false,"ok"
"1017df35","Unwind@1017df35","Global",14,false,false,"ok"
"1017df43","Unwind@1017df43","Global",14,false,false,"ok"
"1017df51","Unwind@1017df51","Global",14,false,false,"ok"
"1017df5f","Unwind@1017df5f","Global",14,false,false,"ok"
"1017df6d","Unwind@1017df6d","Global",14,false,false,"ok"
"1017df7b","Unwind@1017df7b","Global",14,false,false,"ok"
"1017df89","Unwind@1017df89","Global",14,false,false,"ok"
"1017df97","Unwind@1017df97","Global",14,false,false,"ok"
"1017dfa5","Unwind@1017dfa5","Global",14,false,false,"ok"
"1017dfb3","Unwind@1017dfb3","Global",14,false,false,"ok"
"1017dfc1","Unwind@1017dfc1","Global",14,false,false,"ok"
"1017dfcf","Unwind@1017dfcf","Global",14,false,false,"ok"
"1017dfdd","Unwind@1017dfdd","Global",14,false,false,"ok"
"1017dfeb","Unwind@1017dfeb","Global",14,false,false,"ok"
"1017dff9","Unwind@1017dff9","Global",14,false,false,"ok"
"1017e007","Unwind@1017e007","Global",14,false,false,"ok"
"1017e015","Unwind@1017e015","Global",14,false,false,"ok"
"1017e023","Unwind@1017e023","Global",14,false,false,"ok"
"1017e031","Unwind@1017e031","Global",14,false,false,"ok"
"1017e03f","Unwind@1017e03f","Global",14,false,false,"ok"
"1017e04d","Unwind@1017e04d","Global",14,false,false,"ok"
"1017e05b","Unwind@1017e05b","Global",14,false,false,"ok"
"1017e069","Unwind@1017e069","Global",14,false,false,"ok"
"1017e077","Unwind@1017e077","Global",14,false,false,"ok"
"1017e085","Unwind@1017e085","Global",14,false,false,"ok"
"1017e093","Unwind@1017e093","Global",14,false,false,"ok"
"1017e0a1","Unwind@1017e0a1","Global",14,false,false,"ok"
"1017e0af","Unwind@1017e0af","Global",14,false,false,"ok"
"1017e0bd","Unwind@1017e0bd","Global",14,false,false,"ok"
"1017e0cb","Unwind@1017e0cb","Global",14,false,false,"ok"
"1017e0d9","Unwind@1017e0d9","Global",14,false,false,"ok"
"1017e0e7","Unwind@1017e0e7","Global",14,false,false,"ok"
"1017e0f5","Unwind@1017e0f5","Global",14,false,false,"ok"
"1017e103","Unwind@1017e103","Global",14,false,false,"ok"
"1017e111","Unwind@1017e111","Global",14,false,false,"ok"
"1017e11f","Unwind@1017e11f","Global",24,false,false,"ok"
"1017e160","Unwind@1017e160","Global",14,false,false,"ok"
"1017e16e","Unwind@1017e16e","Global",14,false,false,"ok"
"1017e17c","Unwind@1017e17c","Global",14,false,false,"ok"
"1017e18a","Unwind@1017e18a","Global",14,false,false,"ok"
"1017e198","Unwind@1017e198","Global",14,false,false,"ok"
"1017e290","Unwind@1017e290","Global",24,false,false,"ok"
"1017e2d0","Unwind@1017e2d0","Global",24,false,false,"ok"
"1017e310","Unwind@1017e310","Global",11,false,false,"ok"
"1017e350","Unwind@1017e350","Global",24,false,false,"ok"
"1017e368","Unwind@1017e368","Global",11,false,false,"ok"
"1017e3a0","Unwind@1017e3a0","Global",11,false,false,"ok"
"1017e3d0","Unwind@1017e3d0","Global",11,false,false,"ok"
"1017e3db","Unwind@1017e3db","Global",11,false,false,"ok"
"1017e3e6","Unwind@1017e3e6","Global",11,false,false,"ok"
"1017e440","Unwind@1017e440","Global",8,false,false,"ok"
"1017e470","Unwind@1017e470","Global",11,false,false,"ok"
"1017e47b","Unwind@1017e47b","Global",11,false,false,"ok"
"1017e486","Unwind@1017e486","Global",11,false,false,"ok"
"1017e491","Unwind@1017e491","Global",11,false,false,"ok"
"1017e4f0","Unwind@1017e4f0","Global",11,false,false,"ok"
"1017e520","Unwind@1017e520","Global",8,false,false,"ok"
"1017e550","Unwind@1017e550","Global",8,false,false,"ok"
"1017e580","Unwind@1017e580","Global",8,false,false,"ok"
"1017e5b0","Unwind@1017e5b0","Global",25,false,false,"ok"
"1017e5c9","Unwind@1017e5c9","Global",8,false,false,"ok"
"1017e5d1","Unwind@1017e5d1","Global",25,false,false,"ok"
"1017e5ea","Unwind@1017e5ea","Global",8,false,false,"ok"
"1017e620","Unwind@1017e620","Global",25,false,false,"ok"
"1017e639","Unwind@1017e639","Global",8,false,false,"ok"
"1017e641","Unwind@1017e641","Global",25,false,false,"ok"
"1017e65a","Unwind@1017e65a","Global",8,false,false,"ok"
"1017e690","Unwind@1017e690","Global",25,false,false,"ok"
"1017e6a9","Unwind@1017e6a9","Global",8,false,false,"ok"
"1017e6b1","Unwind@1017e6b1","Global",25,false,false,"ok"
"1017e6ca","Unwind@1017e6ca","Global",8,false,false,"ok"
"1017e700","Unwind@1017e700","Global",8,false,false,"ok"
"1017e708","Unwind@1017e708","Global",8,false,false,"ok"
"1017e740","Unwind@1017e740","Global",8,false,false,"ok"
"1017e748","Unwind@1017e748","Global",12,false,false,"ok"
"1017e780","Unwind@1017e780","Global",8,false,false,"ok"
"1017e788","Unwind@1017e788","Global",12,false,false,"ok"
"1017e7c0","Unwind@1017e7c0","Global",8,false,false,"ok"
"1017e7c8","Unwind@1017e7c8","Global",12,false,false,"ok"
"1017e800","Unwind@1017e800","Global",11,false,false,"ok"
"1017e840","Unwind@1017e840","Global",8,false,false,"ok"
"1017e870","Unwind@1017e870","Global",8,false,false,"ok"
"1017e878","Unwind@1017e878","Global",8,false,false,"ok"
"1017e8b0","Unwind@1017e8b0","Global",8,false,false,"ok"
"1017e8b8","Unwind@1017e8b8","Global",8,false,false,"ok"
"1017e8f0","Unwind@1017e8f0","Global",8,false,false,"ok"
"1017e8f8","Unwind@1017e8f8","Global",8,false,false,"ok"
"1017e930","Unwind@1017e930","Global",11,false,false,"ok"
"1017e93b","Unwind@1017e93b","Global",8,false,false,"ok"
"1017e943","Unwind@1017e943","Global",8,false,false,"ok"
"1017e94b","Unwind@1017e94b","Global",8,false,false,"ok"
"1017e990","Unwind@1017e990","Global",8,false,false,"ok"
"1017e998","Unwind@1017e998","Global",8,false,false,"ok"
"1017e9d0","Unwind@1017e9d0","Global",8,false,false,"ok"
"1017e9d8","Unwind@1017e9d8","Global",8,false,false,"ok"
"1017ea10","Unwind@1017ea10","Global",11,false,false,"ok"
"1017ea50","Unwind@1017ea50","Global",8,false,false,"ok"
"1017ea90","Unwind@1017ea90","Global",11,false,false,"ok"
"1017ead0","Unwind@1017ead0","Global",8,false,false,"ok"
"1017ead8","Unwind@1017ead8","Global",8,false,false,"ok"
"1017eb10","Unwind@1017eb10","Global",8,false,false,"ok"
"1017eb18","Unwind@1017eb18","Global",11,false,false,"ok"
"1017eb23","Unwind@1017eb23","Global",8,false,false,"ok"
"1017eba0","Unwind@1017eba0","Global",8,false,false,"ok"
"1017eba8","Unwind@1017eba8","Global",8,false,false,"ok"
"1017ebb0","Unwind@1017ebb0","Global",8,false,false,"ok"
"1017ebb8","Unwind@1017ebb8","Global",8,false,false,"ok"
"1017ebc0","Unwind@1017ebc0","Global",8,false,false,"ok"
"1017ebf0","Unwind@1017ebf0","Global",8,false,false,"ok"
"1017ec20","Unwind@1017ec20","Global",11,false,false,"ok"
"1017ec60","Unwind@1017ec60","Global",11,false,false,"ok"
"1017eca0","Unwind@1017eca0","Global",11,false,false,"ok"
"1017ece0","Unwind@1017ece0","Global",11,false,false,"ok"
"1017ed20","Unwind@1017ed20","Global",8,false,false,"ok"
"1017ed50","Unwind@1017ed50","Global",10,false,false,"ok"
"1017ed5a","Unwind@1017ed5a","Global",10,false,false,"ok"
"1017ed90","Unwind@1017ed90","Global",12,false,false,"ok"
"1017ed9c","Unwind@1017ed9c","Global",10,false,false,"ok"
"1017eda6","Unwind@1017eda6","Global",10,false,false,"ok"
"1017ede0","Unwind@1017ede0","Global",12,false,false,"ok"
"1017edec","Unwind@1017edec","Global",10,false,false,"ok"
"1017edf6","Unwind@1017edf6","Global",10,false,false,"ok"
"1017ee30","Unwind@1017ee30","Global",8,false,false,"ok"
"1017ee38","Unwind@1017ee38","Global",8,false,false,"ok"
"1017ee70","Unwind@1017ee70","Global",8,false,false,"ok"
"1017eea0","Unwind@1017eea0","Global",8,false,false,"ok"
"1017eea8","Unwind@1017eea8","Global",8,false,false,"ok"
"1017eee0","Unwind@1017eee0","Global",8,false,false,"ok"
"1017eee8","Unwind@1017eee8","Global",8,false,false,"ok"
"1017eef0","Unwind@1017eef0","Global",8,false,false,"ok"
"1017eef8","Unwind@1017eef8","Global",8,false,false,"ok"
"1017ef30","Unwind@1017ef30","Global",8,false,false,"ok"
"1017ef38","Unwind@1017ef38","Global",8,false,false,"ok"
"1017ef70","Unwind@1017ef70","Global",15,false,false,"ok"
"1017ef7f","Unwind@1017ef7f","Global",8,false,false,"ok"
"1017ef87","Unwind@1017ef87","Global",8,false,false,"ok"
"1017ef8f","Unwind@1017ef8f","Global",8,false,false,"ok"
"1017ef97","Unwind@1017ef97","Global",8,false,false,"ok"
"1017ef9f","Unwind@1017ef9f","Global",8,false,false,"ok"
"1017efa7","Unwind@1017efa7","Global",8,false,false,"ok"
"1017efaf","Unwind@1017efaf","Global",8,false,false,"ok"
"1017efb7","Unwind@1017efb7","Global",25,false,false,"ok"
"1017efd0","Unwind@1017efd0","Global",8,false,false,"ok"
"1017efd8","Unwind@1017efd8","Global",8,false,false,"ok"
"1017f010","Unwind@1017f010","Global",8,false,false,"ok"
"1017f018","Unwind@1017f018","Global",8,false,false,"ok"
"1017f050","Unwind@1017f050","Global",8,false,false,"ok"
"1017f080","Unwind@1017f080","Global",8,false,false,"ok"
"1017f088","Unwind@1017f088","Global",11,false,false,"ok"
"1017f093","Unwind@1017f093","Global",11,false,false,"ok"
"1017f09e","Unwind@1017f09e","Global",11,false,false,"ok"
"1017f0a9","Unwind@1017f0a9","Global",11,false,false,"ok"
"1017f0b4","Unwind@1017f0b4","Global",11,false,false,"ok"
"1017f0bf","Unwind@1017f0bf","Global",11,false,false,"ok"
"1017f100","Unwind@1017f100","Global",11,false,false,"ok"
"1017f10b","Unwind@1017f10b","Global",11,false,false,"ok"
"1017f116","Unwind@1017f116","Global",11,false,false,"ok"
"1017f121","Unwind@1017f121","Global",11,false,false,"ok"
"1017f160","Unwind@1017f160","Global",8,false,false,"ok"
"1017f190","Unwind@1017f190","Global",8,false,false,"ok"
"1017f198","Unwind@1017f198","Global",8,false,false,"ok"
"1017f1d0","Unwind@1017f1d0","Global",12,false,false,"ok"
"1017f1dc","Unwind@1017f1dc","Global",15,false,false,"ok"
"1017f1eb","Unwind@1017f1eb","Global",8,false,false,"ok"
"1017f1f3","Unwind@1017f1f3","Global",8,false,false,"ok"
"1017f220","Unwind@1017f220","Global",12,false,false,"ok"
"1017f22c","Unwind@1017f22c","Global",15,false,false,"ok"
"1017f23b","Unwind@1017f23b","Global",8,false,false,"ok"
"1017f243","Unwind@1017f243","Global",8,false,false,"ok"
"1017f270","Unwind@1017f270","Global",12,false,false,"ok"
"1017f27c","Unwind@1017f27c","Global",15,false,false,"ok"
"1017f28b","Unwind@1017f28b","Global",8,false,false,"ok"
"1017f293","Unwind@1017f293","Global",8,false,false,"ok"
"1017f2c0","Unwind@1017f2c0","Global",11,false,false,"ok"
"1017f2cb","Unwind@1017f2cb","Global",11,false,false,"ok"
"1017f310","Unwind@1017f310","Global",11,false,false,"ok"
"1017f350","Unwind@1017f350","Global",8,false,false,"ok"
"1017f380","Unwind@1017f380","Global",11,false,false,"ok"
"1017f3c0","Unwind@1017f3c0","Global",8,false,false,"ok"
"1017f3c8","Unwind@1017f3c8","Global",8,false,false,"ok"
"1017f400","Unwind@1017f400","Global",11,false,false,"ok"
"1017f40b","Unwind@1017f40b","Global",11,false,false,"ok"
"1017f450","Unwind@1017f450","Global",12,false,false,"ok"
"1017f45c","Unwind@1017f45c","Global",10,false,false,"ok"
"1017f466","Unwind@1017f466","Global",10,false,false,"ok"
"1017f470","Unwind@1017f470","Global",10,false,false,"ok"
"1017f4b0","Unwind@1017f4b0","Global",8,false,false,"ok"
"1017f4e0","Unwind@1017f4e0","Global",8,false,false,"ok"
"1017f510","Unwind@1017f510","Global",8,false,false,"ok"
"1017f518","Unwind@1017f518","Global",8,false,false,"ok"
"1017f550","Unwind@1017f550","Global",11,false,false,"ok"
"1017f55b","Unwind@1017f55b","Global",8,false,false,"ok"
"1017f563","Unwind@1017f563","Global",8,false,false,"ok"
"1017f56b","Unwind@1017f56b","Global",8,false,false,"ok"
"1017f5b0","Unwind@1017f5b0","Global",11,false,false,"ok"
"1017f5bb","Unwind@1017f5bb","Global",8,false,false,"ok"
"1017f5c3","Unwind@1017f5c3","Global",8,false,false,"ok"
"1017f5cb","Unwind@1017f5cb","Global",8,false,false,"ok"
"1017f610","Unwind@1017f610","Global",8,false,false,"ok"
"1017f618","Unwind@1017f618","Global",15,false,false,"ok"
"1017f627","Unwind@1017f627","Global",8,false,false,"ok"
"1017f660","Unwind@1017f660","Global",28,false,false,"ok"
"1017f67c","Unwind@1017f67c","Global",8,false,false,"ok"
"1017f6b0","Unwind@1017f6b0","Global",8,false,false,"ok"
"1017f6e0","Unwind@1017f6e0","Global",11,false,false,"ok"
"1017f6eb","Unwind@1017f6eb","Global",11,false,false,"ok"
"1017f6f6","Unwind@1017f6f6","Global",11,false,false,"ok"
"1017f730","Unwind@1017f730","Global",11,false,false,"ok"
"1017f73b","Unwind@1017f73b","Global",11,false,false,"ok"
"1017f746","Unwind@1017f746","Global",11,false,false,"ok"
"1017f780","Unwind@1017f780","Global",8,false,false,"ok"
"1017f788","Unwind@1017f788","Global",11,false,false,"ok"
"1017f793","Unwind@1017f793","Global",11,false,false,"ok"
"1017f79e","Unwind@1017f79e","Global",11,false,false,"ok"
"1017f7a9","Unwind@1017f7a9","Global",11,false,false,"ok"
"1017f7b4","Unwind@1017f7b4","Global",11,false,false,"ok"
"1017f7bf","Unwind@1017f7bf","Global",11,false,false,"ok"
"1017f7f0","Unwind@1017f7f0","Global",8,false,false,"ok"
"1017f7f8","Unwind@1017f7f8","Global",8,false,false,"ok"
"1017f830","Unwind@1017f830","Global",8,false,false,"ok"
"1017f8b0","Unwind@1017f8b0","Global",18,false,false,"ok"
"1017f8f0","Unwind@1017f8f0","Global",8,false,false,"ok"
"1017f8f8","Unwind@1017f8f8","Global",34,false,false,"ok"
"1017f91a","Unwind@1017f91a","Global",11,false,false,"ok"
"1017f925","Unwind@1017f925","Global",11,false,false,"ok"
"1017f930","Unwind@1017f930","Global",11,false,false,"ok"
"1017f93b","Unwind@1017f93b","Global",8,false,false,"ok"
"1017f943","Unwind@1017f943","Global",11,false,false,"ok"
"1017f94e","Unwind@1017f94e","Global",8,false,false,"ok"
"1017f956","Unwind@1017f956","Global",11,false,false,"ok"
"1017f961","Unwind@1017f961","Global",11,false,false,"ok"
"1017f96c","Unwind@1017f96c","Global",8,false,false,"ok"
"1017f9b0","Unwind@1017f9b0","Global",8,false,false,"ok"
"1017f9b8","Unwind@1017f9b8","Global",8,false,false,"ok"
"1017f9f0","Unwind@1017f9f0","Global",8,false,false,"ok"
"1017fa40","Unwind@1017fa40","Global",8,false,false,"ok"
"1017fa48","Unwind@1017fa48","Global",8,false,false,"ok"
"1017fa80","Unwind@1017fa80","Global",25,false,false,"ok"
"1017fa99","Unwind@1017fa99","Global",8,false,false,"ok"
"1017faa1","Unwind@1017faa1","Global",25,false,false,"ok"
"1017faba","Unwind@1017faba","Global",8,false,false,"ok"
"1017faf0","Unwind@1017faf0","Global",25,false,false,"ok"
"1017fb09","Unwind@1017fb09","Global",8,false,false,"ok"
"1017fb11","Unwind@1017fb11","Global",25,false,false,"ok"
"1017fb2a","Unwind@1017fb2a","Global",8,false,false,"ok"
"1017fb60","Unwind@1017fb60","Global",8,false,false,"ok"
"1017fb68","Unwind@1017fb68","Global",12,false,false,"ok"
"1017fba0","Unwind@1017fba0","Global",8,false,false,"ok"
"1017fba8","Unwind@1017fba8","Global",12,false,false,"ok"
"1017fbe0","Unwind@1017fbe0","Global",11,false,false,"ok"
"1017fbeb","Unwind@1017fbeb","Global",8,false,false,"ok"
"1017fbf3","Unwind@1017fbf3","Global",8,false,false,"ok"
"1017fbfb","Unwind@1017fbfb","Global",8,false,false,"ok"
"1017fc40","Unwind@1017fc40","Global",12,false,false,"ok"
"1017fc4c","Unwind@1017fc4c","Global",10,false,false,"ok"
"1017fc56","Unwind@1017fc56","Global",10,false,false,"ok"
"1017fc90","Unwind@1017fc90","Global",12,false,false,"ok"
"1017fc9c","Unwind@1017fc9c","Global",10,false,false,"ok"
"1017fca6","Unwind@1017fca6","Global",10,false,false,"ok"
"1017fce0","Unwind@1017fce0","Global",8,false,false,"ok"
"1017fce8","Unwind@1017fce8","Global",8,false,false,"ok"
"1017fd20","Unwind@1017fd20","Global",8,false,false,"ok"
"1017fd28","Unwind@1017fd28","Global",8,false,false,"ok"
"1017fd60","Unwind@1017fd60","Global",8,false,false,"ok"
"1017fd90","Unwind@1017fd90","Global",12,false,false,"ok"
"1017fd9c","Unwind@1017fd9c","Global",15,false,false,"ok"
"1017fdab","Unwind@1017fdab","Global",8,false,false,"ok"
"1017fdb3","Unwind@1017fdb3","Global",8,false,false,"ok"
"1017fde0","Unwind@1017fde0","Global",12,false,false,"ok"
"1017fdec","Unwind@1017fdec","Global",15,false,false,"ok"
"1017fdfb","Unwind@1017fdfb","Global",8,false,false,"ok"
"1017fe03","Unwind@1017fe03","Global",8,false,false,"ok"
"1017fe30","Unwind@1017fe30","Global",8,false,false,"ok"
"1017fe70","Unwind@1017fe70","Global",11,false,false,"ok"
"1017fe7b","Unwind@1017fe7b","Global",8,false,false,"ok"
"1017fe83","Unwind@1017fe83","Global",8,false,false,"ok"
"1017fe8b","Unwind@1017fe8b","Global",8,false,false,"ok"
"1017fed0","Unwind@1017fed0","Global",11,false,false,"ok"
"1017fedb","Unwind@1017fedb","Global",8,false,false,"ok"
"1017fee3","Unwind@1017fee3","Global",8,false,false,"ok"
"1017feeb","Unwind@1017feeb","Global",8,false,false,"ok"
"1017ff30","Unwind@1017ff30","Global",8,false,false,"ok"
"1017ff38","Unwind@1017ff38","Global",8,false,false,"ok"
"1017ff70","Unwind@1017ff70","Global",8,false,false,"ok"
"1017ff78","Unwind@1017ff78","Global",8,false,false,"ok"
"1017ff80","Unwind@1017ff80","Global",8,false,false,"ok"
"1017ff88","Unwind@1017ff88","Global",8,false,false,"ok"
"1017ff90","Unwind@1017ff90","Global",8,false,false,"ok"
"1017ff98","Unwind@1017ff98","Global",8,false,false,"ok"
"1017ffa0","Unwind@1017ffa0","Global",8,false,false,"ok"
"1017ffa8","Unwind@1017ffa8","Global",8,false,false,"ok"
"1017ffb0","Unwind@1017ffb0","Global",8,false,false,"ok"
"1017ffb8","Unwind@1017ffb8","Global",8,false,false,"ok"
"1017ffc0","Unwind@1017ffc0","Global",8,false,false,"ok"
"1017ffc8","Unwind@1017ffc8","Global",8,false,false,"ok"
"1017ffd0","Unwind@1017ffd0","Global",8,false,false,"ok"
"1017ffd8","Unwind@1017ffd8","Global",8,false,false,"ok"
"1017ffe0","Unwind@1017ffe0","Global",8,false,false,"ok"
"1017ffe8","Unwind@1017ffe8","Global",8,false,false,"ok"
"1017fff0","Unwind@1017fff0","Global",8,false,false,"ok"
"1017fff8","Unwind@1017fff8","Global",8,false,false,"ok"
"10180000","Unwind@10180000","Global",8,false,false,"ok"
"10180008","Unwind@10180008","Global",8,false,false,"ok"
"10180010","Unwind@10180010","Global",8,false,false,"ok"
"10180018","Unwind@10180018","Global",8,false,false,"ok"
"10180020","Unwind@10180020","Global",8,false,false,"ok"
"10180028","Unwind@10180028","Global",8,false,false,"ok"
"10180030","Unwind@10180030","Global",8,false,false,"ok"
"10180038","Unwind@10180038","Global",8,false,false,"ok"
"10180040","Unwind@10180040","Global",8,false,false,"ok"
"10180048","Unwind@10180048","Global",8,false,false,"ok"
"10180050","Unwind@10180050","Global",8,false,false,"ok"
"10180058","Unwind@10180058","Global",8,false,false,"ok"
"10180060","Unwind@10180060","Global",8,false,false,"ok"
"10180068","Unwind@10180068","Global",8,false,false,"ok"
"10180070","Unwind@10180070","Global",8,false,false,"ok"
"10180078","Unwind@10180078","Global",8,false,false,"ok"
"10180080","Unwind@10180080","Global",8,false,false,"ok"
"10180088","Unwind@10180088","Global",8,false,false,"ok"
"10180090","Unwind@10180090","Global",8,false,false,"ok"
"10180098","Unwind@10180098","Global",8,false,false,"ok"
"101800a0","Unwind@101800a0","Global",8,false,false,"ok"
"101800a8","Unwind@101800a8","Global",8,false,false,"ok"
"101800b0","Unwind@101800b0","Global",8,false,false,"ok"
"101800b8","Unwind@101800b8","Global",8,false,false,"ok"
"101800c0","Unwind@101800c0","Global",8,false,false,"ok"
"101800c8","Unwind@101800c8","Global",8,false,false,"ok"
"101800d0","Unwind@101800d0","Global",8,false,false,"ok"
"101800d8","Unwind@101800d8","Global",8,false,false,"ok"
"101800e0","Unwind@101800e0","Global",8,false,false,"ok"
"101800e8","Unwind@101800e8","Global",8,false,false,"ok"
"101800f0","Unwind@101800f0","Global",8,false,false,"ok"
"101800f8","Unwind@101800f8","Global",8,false,false,"ok"
"10180100","Unwind@10180100","Global",8,false,false,"ok"
"10180108","Unwind@10180108","Global",8,false,false,"ok"
"10180110","Unwind@10180110","Global",8,false,false,"ok"
"10180118","Unwind@10180118","Global",8,false,false,"ok"
"10180120","Unwind@10180120","Global",8,false,false,"ok"
"10180128","Unwind@10180128","Global",8,false,false,"ok"
"10180130","Unwind@10180130","Global",8,false,false,"ok"
"10180138","Unwind@10180138","Global",8,false,false,"ok"
"10180140","Unwind@10180140","Global",8,false,false,"ok"
"10180148","Unwind@10180148","Global",8,false,false,"ok"
"10180150","Unwind@10180150","Global",8,false,false,"ok"
"10180158","Unwind@10180158","Global",8,false,false,"ok"
"10180160","Unwind@10180160","Global",8,false,false,"ok"
"10180168","Unwind@10180168","Global",8,false,false,"ok"
"10180170","Unwind@10180170","Global",8,false,false,"ok"
"10180178","Unwind@10180178","Global",8,false,false,"ok"
"10180180","Unwind@10180180","Global",8,false,false,"ok"
"10180188","Unwind@10180188","Global",8,false,false,"ok"
"10180190","Unwind@10180190","Global",8,false,false,"ok"
"10180198","Unwind@10180198","Global",8,false,false,"ok"
"101801a0","Unwind@101801a0","Global",8,false,false,"ok"
"101801a8","Unwind@101801a8","Global",8,false,false,"ok"
"101801b0","Unwind@101801b0","Global",8,false,false,"ok"
"101801b8","Unwind@101801b8","Global",8,false,false,"ok"
"101801c0","Unwind@101801c0","Global",8,false,false,"ok"
"101801c8","Unwind@101801c8","Global",8,false,false,"ok"
"101801d0","Unwind@101801d0","Global",8,false,false,"ok"
"101801d8","Unwind@101801d8","Global",8,false,false,"ok"
"101801e0","Unwind@101801e0","Global",8,false,false,"ok"
"101801e8","Unwind@101801e8","Global",8,false,false,"ok"
"101801f0","Unwind@101801f0","Global",8,false,false,"ok"
"101801f8","Unwind@101801f8","Global",8,false,false,"ok"
"10180200","Unwind@10180200","Global",8,false,false,"ok"
"10180208","Unwind@10180208","Global",8,false,false,"ok"
"10180210","Unwind@10180210","Global",8,false,false,"ok"
"10180218","Unwind@10180218","Global",8,false,false,"ok"
"10180220","Unwind@10180220","Global",8,false,false,"ok"
"10180228","Unwind@10180228","Global",8,false,false,"ok"
"10180230","Unwind@10180230","Global",8,false,false,"ok"
"10180238","Unwind@10180238","Global",8,false,false,"ok"
"10180240","Unwind@10180240","Global",8,false,false,"ok"
"10180270","Unwind@10180270","Global",11,false,false,"ok"
"1018027b","Unwind@1018027b","Global",8,false,false,"ok"
"10180283","Unwind@10180283","Global",8,false,false,"ok"
"1018028b","Unwind@1018028b","Global",8,false,false,"ok"
"101802d0","Unwind@101802d0","Global",11,false,false,"ok"
"101802db","Unwind@101802db","Global",11,false,false,"ok"
"10180310","Unwind@10180310","Global",11,false,false,"ok"
"1018031b","Unwind@1018031b","Global",11,false,false,"ok"
"10180350","Unwind@10180350","Global",8,false,false,"ok"
"10180358","Unwind@10180358","Global",8,false,false,"ok"
"10180360","Unwind@10180360","Global",8,false,false,"ok"
"10180368","Unwind@10180368","Global",11,false,false,"ok"
"10180373","Unwind@10180373","Global",11,false,false,"ok"
"1018037e","Unwind@1018037e","Global",11,false,false,"ok"
"10180389","Unwind@10180389","Global",11,false,false,"ok"
"101803c0","Unwind@101803c0","Global",8,false,false,"ok"
"101803f0","Unwind@101803f0","Global",11,false,false,"ok"
"101803fb","Unwind@101803fb","Global",14,false,false,"ok"
"10180409","Unwind@10180409","Global",11,false,false,"ok"
"10180470","Unwind@10180470","Global",8,false,false,"ok"
"10180478","Unwind@10180478","Global",8,false,false,"ok"
"10180480","Unwind@10180480","Global",8,false,false,"ok"
"10180488","Unwind@10180488","Global",8,false,false,"ok"
"101804c0","Unwind@101804c0","Global",8,false,false,"ok"
"101804c8","Unwind@101804c8","Global",8,false,false,"ok"
"101804d0","Unwind@101804d0","Global",18,false,false,"ok"
"101804e2","Unwind@101804e2","Global",8,false,false,"ok"
"101804ea","Unwind@101804ea","Global",8,false,false,"ok"
"10180520","Unwind@10180520","Global",8,false,false,"ok"
"10180528","Unwind@10180528","Global",8,false,false,"ok"
"10180530","Unwind@10180530","Global",8,false,false,"ok"
"10180560","Unwind@10180560","Global",8,false,false,"ok"
"10180590","Unwind@10180590","Global",8,false,false,"ok"
"101805c0","Unwind@101805c0","Global",8,false,false,"ok"
"10180600","Unwind@10180600","Global",8,false,false,"ok"
"10180640","Unwind@10180640","Global",8,false,false,"ok"
"10180680","Unwind@10180680","Global",8,false,false,"ok"
"101806b0","Unwind@101806b0","Global",8,false,false,"ok"
"10180710","Unwind@10180710","Global",8,false,false,"ok"
"10180718","Unwind@10180718","Global",8,false,false,"ok"
"10180750","Unwind@10180750","Global",8,false,false,"ok"
"10180758","Unwind@10180758","Global",18,false,false,"ok"
"1018076a","Unwind@1018076a","Global",8,false,false,"ok"
"10180772","Unwind@10180772","Global",8,false,false,"ok"
"1018077a","Unwind@1018077a","Global",8,false,false,"ok"
"101807b0","Unwind@101807b0","Global",8,false,false,"ok"
"101807f0","Unwind@101807f0","Global",8,false,false,"ok"
"10180830","Unwind@10180830","Global",11,false,false,"ok"
"1018083b","Unwind@1018083b","Global",8,false,false,"ok"
"10180843","Unwind@10180843","Global",8,false,false,"ok"
"1018084b","Unwind@1018084b","Global",8,false,false,"ok"
"10180890","Unwind@10180890","Global",25,false,false,"ok"
"101808a9","Unwind@101808a9","Global",8,false,false,"ok"
"101808b1","Unwind@101808b1","Global",25,false,false,"ok"
"101808ca","Unwind@101808ca","Global",8,false,false,"ok"
"10180900","Unwind@10180900","Global",25,false,false,"ok"
"10180919","Unwind@10180919","Global",8,false,false,"ok"
"10180921","Unwind@10180921","Global",25,false,false,"ok"
"1018093a","Unwind@1018093a","Global",8,false,false,"ok"
"10180970","Unwind@10180970","Global",25,false,false,"ok"
"10180989","Unwind@10180989","Global",8,false,false,"ok"
"10180991","Unwind@10180991","Global",25,false,false,"ok"
"101809aa","Unwind@101809aa","Global",8,false,false,"ok"
"101809e0","Unwind@101809e0","Global",8,false,false,"ok"
"101809e8","Unwind@101809e8","Global",8,false,false,"ok"
"10180a20","Unwind@10180a20","Global",8,false,false,"ok"
"10180a28","Unwind@10180a28","Global",8,false,false,"ok"
"10180a60","Unwind@10180a60","Global",8,false,false,"ok"
"10180a68","Unwind@10180a68","Global",12,false,false,"ok"
"10180aa0","Unwind@10180aa0","Global",8,false,false,"ok"
"10180aa8","Unwind@10180aa8","Global",12,false,false,"ok"
"10180ae0","Unwind@10180ae0","Global",8,false,false,"ok"
"10180ae8","Unwind@10180ae8","Global",12,false,false,"ok"
"10180b20","Unwind@10180b20","Global",10,false,false,"ok"
"10180b2a","Unwind@10180b2a","Global",10,false,false,"ok"
"10180b60","Unwind@10180b60","Global",12,false,false,"ok"
"10180b6c","Unwind@10180b6c","Global",10,false,false,"ok"
"10180b76","Unwind@10180b76","Global",10,false,false,"ok"
"10180bb0","Unwind@10180bb0","Global",12,false,false,"ok"
"10180bbc","Unwind@10180bbc","Global",10,false,false,"ok"
"10180bc6","Unwind@10180bc6","Global",10,false,false,"ok"
"10180c00","Unwind@10180c00","Global",12,false,false,"ok"
"10180c0c","Unwind@10180c0c","Global",10,false,false,"ok"
"10180c16","Unwind@10180c16","Global",10,false,false,"ok"
"10180c50","Unwind@10180c50","Global",12,false,false,"ok"
"10180c5c","Unwind@10180c5c","Global",10,false,false,"ok"
"10180c66","Unwind@10180c66","Global",10,false,false,"ok"
"10180ca0","Unwind@10180ca0","Global",8,false,false,"ok"
"10180ca8","Unwind@10180ca8","Global",8,false,false,"ok"
"10180cb0","Unwind@10180cb0","Global",11,false,false,"ok"
"10180cbb","Unwind@10180cbb","Global",11,false,false,"ok"
"10180d00","Unwind@10180d00","Global",11,false,false,"ok"
"10180d0b","Unwind@10180d0b","Global",11,false,false,"ok"
"10180d16","Unwind@10180d16","Global",11,false,false,"ok"
"10180d21","Unwind@10180d21","Global",11,false,false,"ok"
"10180d2c","Unwind@10180d2c","Global",11,false,false,"ok"
"10180d37","Unwind@10180d37","Global",11,false,false,"ok"
"10180d42","Unwind@10180d42","Global",11,false,false,"ok"
"10180d4d","Unwind@10180d4d","Global",11,false,false,"ok"
"10180d90","Unwind@10180d90","Global",25,false,false,"ok"
"10180da9","Unwind@10180da9","Global",8,false,false,"ok"
"10180de0","Unwind@10180de0","Global",12,false,false,"ok"
"10180dec","Unwind@10180dec","Global",11,false,false,"ok"
"10180df7","Unwind@10180df7","Global",11,false,false,"ok"
"10180e02","Unwind@10180e02","Global",11,false,false,"ok"
"10180e0d","Unwind@10180e0d","Global",11,false,false,"ok"
"10180e18","Unwind@10180e18","Global",8,false,false,"ok"
"10180e20","Unwind@10180e20","Global",8,false,false,"ok"
"10180e28","Unwind@10180e28","Global",22,false,false,"ok"
"10180e3e","Unwind@10180e3e","Global",10,false,false,"ok"
"10180e48","Unwind@10180e48","Global",10,false,false,"ok"
"10180e52","Unwind@10180e52","Global",10,false,false,"ok"
"10180e90","Unwind@10180e90","Global",12,false,false,"ok"
"10180e9c","Unwind@10180e9c","Global",15,false,false,"ok"
"10180eab","Unwind@10180eab","Global",8,false,false,"ok"
"10180eb3","Unwind@10180eb3","Global",8,false,false,"ok"
"10180ee0","Unwind@10180ee0","Global",12,false,false,"ok"
"10180eec","Unwind@10180eec","Global",15,false,false,"ok"
"10180efb","Unwind@10180efb","Global",8,false,false,"ok"
"10180f03","Unwind@10180f03","Global",8,false,false,"ok"
"10180f30","Unwind@10180f30","Global",12,false,false,"ok"
"10180f3c","Unwind@10180f3c","Global",15,false,false,"ok"
"10180f4b","Unwind@10180f4b","Global",8,false,false,"ok"
"10180f53","Unwind@10180f53","Global",8,false,false,"ok"
"10180f80","Unwind@10180f80","Global",11,false,false,"ok"
"10180fb0","Unwind@10180fb0","Global",11,false,false,"ok"
"10180fbb","Unwind@10180fbb","Global",11,false,false,"ok"
"10180fc6","Unwind@10180fc6","Global",8,false,false,"ok"
"10180fce","Unwind@10180fce","Global",8,false,false,"ok"
"10181000","Unwind@10181000","Global",8,false,false,"ok"
"10181008","Unwind@10181008","Global",8,false,false,"ok"
"10181040","Unwind@10181040","Global",8,false,false,"ok"
"10181070","Unwind@10181070","Global",11,false,false,"ok"
"1018107b","Unwind@1018107b","Global",8,false,false,"ok"
"10181083","Unwind@10181083","Global",8,false,false,"ok"
"1018108b","Unwind@1018108b","Global",8,false,false,"ok"
"101810d0","Unwind@101810d0","Global",11,false,false,"ok"
"101810db","Unwind@101810db","Global",8,false,false,"ok"
"101810e3","Unwind@101810e3","Global",8,false,false,"ok"
"101810eb","Unwind@101810eb","Global",8,false,false,"ok"
"10181130","Unwind@10181130","Global",11,false,false,"ok"
"1018113b","Unwind@1018113b","Global",8,false,false,"ok"
"10181143","Unwind@10181143","Global",8,false,false,"ok"
"1018114b","Unwind@1018114b","Global",8,false,false,"ok"
"10181190","Unwind@10181190","Global",11,false,false,"ok"
"1018119b","Unwind@1018119b","Global",8,false,false,"ok"
"101811a3","Unwind@101811a3","Global",8,false,false,"ok"
"101811ab","Unwind@101811ab","Global",8,false,false,"ok"
"101811f0","Unwind@101811f0","Global",11,false,false,"ok"
"101811fb","Unwind@101811fb","Global",8,false,false,"ok"
"10181203","Unwind@10181203","Global",8,false,false,"ok"
"1018120b","Unwind@1018120b","Global",8,false,false,"ok"
"10181250","Unwind@10181250","Global",11,false,false,"ok"
"1018125b","Unwind@1018125b","Global",8,false,false,"ok"
"10181263","Unwind@10181263","Global",8,false,false,"ok"
"1018126b","Unwind@1018126b","Global",8,false,false,"ok"
"101812b0","Unwind@101812b0","Global",11,false,false,"ok"
"101812bb","Unwind@101812bb","Global",8,false,false,"ok"
"101812c3","Unwind@101812c3","Global",8,false,false,"ok"
"101812cb","Unwind@101812cb","Global",8,false,false,"ok"
"10181310","Unwind@10181310","Global",11,false,false,"ok"
"1018131b","Unwind@1018131b","Global",8,false,false,"ok"
"10181323","Unwind@10181323","Global",8,false,false,"ok"
"1018132b","Unwind@1018132b","Global",11,false,false,"ok"
"10181370","Unwind@10181370","Global",11,false,false,"ok"
"1018137b","Unwind@1018137b","Global",8,false,false,"ok"
"10181383","Unwind@10181383","Global",8,false,false,"ok"
"1018138b","Unwind@1018138b","Global",8,false,false,"ok"
"101813d0","Unwind@101813d0","Global",11,false,false,"ok"
"101813db","Unwind@101813db","Global",8,false,false,"ok"
"101813e3","Unwind@101813e3","Global",8,false,false,"ok"
"101813eb","Unwind@101813eb","Global",8,false,false,"ok"
"10181430","Unwind@10181430","Global",14,false,false,"ok"
"1018143e","Unwind@1018143e","Global",11,false,false,"ok"
"10181449","Unwind@10181449","Global",11,false,false,"ok"
"10181454","Unwind@10181454","Global",14,false,false,"ok"
"10181490","Unwind@10181490","Global",14,false,false,"ok"
"101814c0","Unwind@101814c0","Global",8,false,false,"ok"
"101814f0","Unwind@101814f0","Global",8,false,false,"ok"
"10181530","Unwind@10181530","Global",8,false,false,"ok"
"10181538","Unwind@10181538","Global",8,false,false,"ok"
"10181540","Unwind@10181540","Global",8,false,false,"ok"
"10181548","Unwind@10181548","Global",8,false,false,"ok"
"10181580","Unwind@10181580","Global",8,false,false,"ok"
"10181588","Unwind@10181588","Global",8,false,false,"ok"
"10181590","Unwind@10181590","Global",8,false,false,"ok"
"101815d0","Unwind@101815d0","Global",8,false,false,"ok"
"101815d8","Unwind@101815d8","Global",8,false,false,"ok"
"101815e0","Unwind@101815e0","Global",8,false,false,"ok"
"10181610","Unwind@10181610","Global",8,false,false,"ok"
"10181618","Unwind@10181618","Global",8,false,false,"ok"
"10181650","Unwind@10181650","Global",11,false,false,"ok"
"1018165b","Unwind@1018165b","Global",8,false,false,"ok"
"10181663","Unwind@10181663","Global",8,false,false,"ok"
"1018166b","Unwind@1018166b","Global",8,false,false,"ok"
"101816b0","Unwind@101816b0","Global",11,false,false,"ok"
"101816bb","Unwind@101816bb","Global",8,false,false,"ok"
"101816c3","Unwind@101816c3","Global",8,false,false,"ok"
"101816cb","Unwind@101816cb","Global",8,false,false,"ok"
"10181710","Unwind@10181710","Global",11,false,false,"ok"
"1018171b","Unwind@1018171b","Global",8,false,false,"ok"
"10181723","Unwind@10181723","Global",8,false,false,"ok"
"1018172b","Unwind@1018172b","Global",8,false,false,"ok"
"10181770","Unwind@10181770","Global",11,false,false,"ok"
"1018177b","Unwind@1018177b","Global",8,false,false,"ok"
"10181783","Unwind@10181783","Global",8,false,false,"ok"
"1018178b","Unwind@1018178b","Global",8,false,false,"ok"
"101817d0","Unwind@101817d0","Global",11,false,false,"ok"
"101817db","Unwind@101817db","Global",8,false,false,"ok"
"101817e3","Unwind@101817e3","Global",8,false,false,"ok"
"101817eb","Unwind@101817eb","Global",8,false,false,"ok"
"10181830","Unwind@10181830","Global",11,false,false,"ok"
"1018183b","Unwind@1018183b","Global",8,false,false,"ok"
"10181843","Unwind@10181843","Global",8,false,false,"ok"
"1018184b","Unwind@1018184b","Global",8,false,false,"ok"
"10181890","Unwind@10181890","Global",11,false,false,"ok"
"1018189b","Unwind@1018189b","Global",8,false,false,"ok"
"101818a3","Unwind@101818a3","Global",8,false,false,"ok"
"101818ab","Unwind@101818ab","Global",8,false,false,"ok"
"101818f0","Unwind@101818f0","Global",11,false,false,"ok"
"101818fb","Unwind@101818fb","Global",8,false,false,"ok"
"10181903","Unwind@10181903","Global",8,false,false,"ok"
"1018190b","Unwind@1018190b","Global",8,false,false,"ok"
"10181950","Unwind@10181950","Global",8,false,false,"ok"
"10181958","Unwind@10181958","Global",15,false,false,"ok"
"10181967","Unwind@10181967","Global",8,false,false,"ok"
"101819a0","Unwind@101819a0","Global",28,false,false,"ok"
"101819bc","Unwind@101819bc","Global",11,false,false,"ok"
"101819c7","Unwind@101819c7","Global",11,false,false,"ok"
"101819d2","Unwind@101819d2","Global",8,false,false,"ok"
"10181a20","Unwind@10181a20","Global",11,false,false,"ok"
"10181a2b","Unwind@10181a2b","Global",11,false,false,"ok"
"10181a36","Unwind@10181a36","Global",8,false,false,"ok"
"10181aa0","Unwind@10181aa0","Global",8,false,false,"ok"
"10181ad0","Unwind@10181ad0","Global",34,false,false,"ok"
"10181af2","Unwind@10181af2","Global",31,false,false,"ok"
"10181b11","Unwind@10181b11","Global",11,false,false,"ok"
"10181b50","Unwind@10181b50","Global",12,false,false,"ok"
"10181b5c","Unwind@10181b5c","Global",11,false,false,"ok"
"10181b67","Unwind@10181b67","Global",11,false,false,"ok"
"10181b72","Unwind@10181b72","Global",11,false,false,"ok"
"10181b7d","Unwind@10181b7d","Global",11,false,false,"ok"
"10181b88","Unwind@10181b88","Global",11,false,false,"ok"
"10181b93","Unwind@10181b93","Global",11,false,false,"ok"
"10181b9e","Unwind@10181b9e","Global",11,false,false,"ok"
"10181ba9","Unwind@10181ba9","Global",11,false,false,"ok"
"10181bb4","Unwind@10181bb4","Global",11,false,false,"ok"
"10181bbf","Unwind@10181bbf","Global",11,false,false,"ok"
"10181bca","Unwind@10181bca","Global",11,false,false,"ok"
"10181bd5","Unwind@10181bd5","Global",11,false,false,"ok"
"10181be0","Unwind@10181be0","Global",11,false,false,"ok"
"10181beb","Unwind@10181beb","Global",8,false,false,"ok"
"10181bf3","Unwind@10181bf3","Global",8,false,false,"ok"
"10181bfb","Unwind@10181bfb","Global",8,false,false,"ok"
"10181c03","Unwind@10181c03","Global",22,false,false,"ok"
"10181c19","Unwind@10181c19","Global",10,false,false,"ok"
"10181c23","Unwind@10181c23","Global",10,false,false,"ok"
"10181c2d","Unwind@10181c2d","Global",10,false,false,"ok"
"10181c70","Unwind@10181c70","Global",8,false,false,"ok"
"10181cb0","Unwind@10181cb0","Global",11,false,false,"ok"
"10181cbb","Unwind@10181cbb","Global",11,false,false,"ok"
"10181cc6","Unwind@10181cc6","Global",11,false,false,"ok"
"10181cd1","Unwind@10181cd1","Global",11,false,false,"ok"
"10181cdc","Unwind@10181cdc","Global",11,false,false,"ok"
"10181ce7","Unwind@10181ce7","Global",8,false,false,"ok"
"10181cef","Unwind@10181cef","Global",34,false,false,"ok"
"10181d11","Unwind@10181d11","Global",11,false,false,"ok"
"10181d1c","Unwind@10181d1c","Global",11,false,false,"ok"
"10181d27","Unwind@10181d27","Global",11,false,false,"ok"
"10181d32","Unwind@10181d32","Global",8,false,false,"ok"
"10181d3a","Unwind@10181d3a","Global",8,false,false,"ok"
"10181d42","Unwind@10181d42","Global",11,false,false,"ok"
"10181d4d","Unwind@10181d4d","Global",11,false,false,"ok"
"10181d58","Unwind@10181d58","Global",11,false,false,"ok"
"10181d63","Unwind@10181d63","Global",11,false,false,"ok"
"10181d6e","Unwind@10181d6e","Global",11,false,false,"ok"
"10181d79","Unwind@10181d79","Global",11,false,false,"ok"
"10181dc0","Unwind@10181dc0","Global",8,false,false,"ok"
"10181e30","Unwind@10181e30","Global",8,false,false,"ok"
"10181e38","Unwind@10181e38","Global",12,false,false,"ok"
"10181e44","Unwind@10181e44","Global",11,false,false,"ok"
"10181e4f","Unwind@10181e4f","Global",11,false,false,"ok"
"10181e5a","Unwind@10181e5a","Global",11,false,false,"ok"
"10181e65","Unwind@10181e65","Global",11,false,false,"ok"
"10181e70","Unwind@10181e70","Global",11,false,false,"ok"
"10181e7b","Unwind@10181e7b","Global",11,false,false,"ok"
"10181e86","Unwind@10181e86","Global",11,false,false,"ok"
"10181e91","Unwind@10181e91","Global",11,false,false,"ok"
"10181e9c","Unwind@10181e9c","Global",11,false,false,"ok"
"10181ea7","Unwind@10181ea7","Global",11,false,false,"ok"
"10181eb2","Unwind@10181eb2","Global",11,false,false,"ok"
"10181ebd","Unwind@10181ebd","Global",11,false,false,"ok"
"10181ec8","Unwind@10181ec8","Global",11,false,false,"ok"
"10181ed3","Unwind@10181ed3","Global",11,false,false,"ok"
"10181ede","Unwind@10181ede","Global",11,false,false,"ok"
"10181ee9","Unwind@10181ee9","Global",11,false,false,"ok"
"10181ef4","Unwind@10181ef4","Global",11,false,false,"ok"
"10181eff","Unwind@10181eff","Global",11,false,false,"ok"
"10181f0a","Unwind@10181f0a","Global",11,false,false,"ok"
"10181f15","Unwind@10181f15","Global",11,false,false,"ok"
"10181f20","Unwind@10181f20","Global",11,false,false,"ok"
"10181f2b","Unwind@10181f2b","Global",11,false,false,"ok"
"10181f36","Unwind@10181f36","Global",11,false,false,"ok"
"10181f41","Unwind@10181f41","Global",11,false,false,"ok"
"10181f4c","Unwind@10181f4c","Global",11,false,false,"ok"
"10181f57","Unwind@10181f57","Global",11,false,false,"ok"
"10181f62","Unwind@10181f62","Global",11,false,false,"ok"
"10181f6d","Unwind@10181f6d","Global",11,false,false,"ok"
"10181f78","Unwind@10181f78","Global",11,false,false,"ok"
"10181f83","Unwind@10181f83","Global",11,false,false,"ok"
"10181f8e","Unwind@10181f8e","Global",11,false,false,"ok"
"10181f99","Unwind@10181f99","Global",11,false,false,"ok"
"10181fa4","Unwind@10181fa4","Global",11,false,false,"ok"
"10181faf","Unwind@10181faf","Global",11,false,false,"ok"
"10181fba","Unwind@10181fba","Global",11,false,false,"ok"
"10181fc5","Unwind@10181fc5","Global",8,false,false,"ok"
"10181fcd","Unwind@10181fcd","Global",8,false,false,"ok"
"10181fd5","Unwind@10181fd5","Global",22,false,false,"ok"
"10182020","Unwind@10182020","Global",25,false,false,"ok"
"10182060","Unwind@10182060","Global",8,false,false,"ok"
"101820a0","Unwind@101820a0","Global",8,false,false,"ok"
"101820a8","Unwind@101820a8","Global",8,false,false,"ok"
"101820b0","Unwind@101820b0","Global",25,false,false,"ok"
"101820c9","Unwind@101820c9","Global",25,false,false,"ok"
"10182110","Unwind@10182110","Global",8,false,false,"ok"
"10182118","Unwind@10182118","Global",8,false,false,"ok"
"10182150","Unwind@10182150","Global",8,false,false,"ok"
"10182158","Unwind@10182158","Global",14,false,false,"ok"
"10182166","Unwind@10182166","Global",8,false,false,"ok"
"1018216e","Unwind@1018216e","Global",11,false,false,"ok"
"101821a0","Unwind@101821a0","Global",25,false,false,"ok"
"101821b9","Unwind@101821b9","Global",8,false,false,"ok"
"101821c1","Unwind@101821c1","Global",25,false,false,"ok"
"101821da","Unwind@101821da","Global",8,false,false,"ok"
"10182210","Unwind@10182210","Global",25,false,false,"ok"
"10182229","Unwind@10182229","Global",8,false,false,"ok"
"10182231","Unwind@10182231","Global",25,false,false,"ok"
"1018224a","Unwind@1018224a","Global",8,false,false,"ok"
"10182280","Unwind@10182280","Global",25,false,false,"ok"
"10182299","Unwind@10182299","Global",8,false,false,"ok"
"101822a1","Unwind@101822a1","Global",25,false,false,"ok"
"101822ba","Unwind@101822ba","Global",8,false,false,"ok"
"101822f0","Unwind@101822f0","Global",8,false,false,"ok"
"101822f8","Unwind@101822f8","Global",8,false,false,"ok"
"10182330","Unwind@10182330","Global",8,false,false,"ok"
"10182338","Unwind@10182338","Global",12,false,false,"ok"
"10182370","Unwind@10182370","Global",8,false,false,"ok"
"10182378","Unwind@10182378","Global",12,false,false,"ok"
"101823b0","Unwind@101823b0","Global",8,false,false,"ok"
"101823b8","Unwind@101823b8","Global",12,false,false,"ok"
"101823f0","Unwind@101823f0","Global",8,false,false,"ok"
"101823f8","Unwind@101823f8","Global",8,false,false,"ok"
"10182430","Unwind@10182430","Global",11,false,false,"ok"
"1018243b","Unwind@1018243b","Global",8,false,false,"ok"
"10182443","Unwind@10182443","Global",8,false,false,"ok"
"1018244b","Unwind@1018244b","Global",8,false,false,"ok"
"10182490","Unwind@10182490","Global",11,false,false,"ok"
"1018249b","Unwind@1018249b","Global",8,false,false,"ok"
"101824a3","Unwind@101824a3","Global",8,false,false,"ok"
"101824ab","Unwind@101824ab","Global",8,false,false,"ok"
"10182510","Unwind@10182510","Global",8,false,false,"ok"
"10182518","Unwind@10182518","Global",8,false,false,"ok"
"10182520","Unwind@10182520","Global",8,false,false,"ok"
"10182528","Unwind@10182528","Global",8,false,false,"ok"
"10182530","Unwind@10182530","Global",8,false,false,"ok"
"10182560","Unwind@10182560","Global",8,false,false,"ok"
"10182568","Unwind@10182568","Global",25,false,false,"ok"
"10182581","Unwind@10182581","Global",8,false,false,"ok"
"10182589","Unwind@10182589","Global",8,false,false,"ok"
"10182591","Unwind@10182591","Global",8,false,false,"ok"
"10182599","Unwind@10182599","Global",8,false,false,"ok"
"101825d0","Unwind@101825d0","Global",10,false,false,"ok"
"101825da","Unwind@101825da","Global",10,false,false,"ok"
"101825e4","Unwind@101825e4","Global",10,false,false,"ok"
"101825ee","Unwind@101825ee","Global",10,false,false,"ok"
"101825f8","Unwind@101825f8","Global",11,false,false,"ok"
"10182603","Unwind@10182603","Global",11,false,false,"ok"
"10182630","Unwind@10182630","Global",8,false,false,"ok"
"10182670","Unwind@10182670","Global",8,false,false,"ok"
"101826a0","Unwind@101826a0","Global",8,false,false,"ok"
"101826a8","Unwind@101826a8","Global",25,false,false,"ok"
"101826f0","Unwind@101826f0","Global",31,false,false,"ok"
"1018270f","Unwind@1018270f","Global",8,false,false,"ok"
"10182717","Unwind@10182717","Global",8,false,false,"ok"
"1018271f","Unwind@1018271f","Global",11,false,false,"ok"
"1018272a","Unwind@1018272a","Global",11,false,false,"ok"
"10182735","Unwind@10182735","Global",11,false,false,"ok"
"10182740","Unwind@10182740","Global",11,false,false,"ok"
"1018274b","Unwind@1018274b","Global",8,false,false,"ok"
"10182753","Unwind@10182753","Global",8,false,false,"ok"
"10182780","Unwind@10182780","Global",8,false,false,"ok"
"10182788","Unwind@10182788","Global",11,false,false,"ok"
"10182793","Unwind@10182793","Global",8,false,false,"ok"
"1018279b","Unwind@1018279b","Global",8,false,false,"ok"
"101827a3","Unwind@101827a3","Global",8,false,false,"ok"
"101827ab","Unwind@101827ab","Global",8,false,false,"ok"
"101827b3","Unwind@101827b3","Global",11,false,false,"ok"
"101827be","Unwind@101827be","Global",8,false,false,"ok"
"101827c6","Unwind@101827c6","Global",8,false,false,"ok"
"10182800","Unwind@10182800","Global",12,false,false,"ok"
"1018280c","Unwind@1018280c","Global",10,false,false,"ok"
"10182816","Unwind@10182816","Global",10,false,false,"ok"
"10182850","Unwind@10182850","Global",12,false,false,"ok"
"1018285c","Unwind@1018285c","Global",10,false,false,"ok"
"10182866","Unwind@10182866","Global",10,false,false,"ok"
"101828a0","Unwind@101828a0","Global",11,false,false,"ok"
"101828e0","Unwind@101828e0","Global",8,false,false,"ok"
"101828e8","Unwind@101828e8","Global",8,false,false,"ok"
"101828f0","Unwind@101828f0","Global",8,false,false,"ok"
"10182930","Unwind@10182930","Global",11,false,false,"ok"
"10182970","Unwind@10182970","Global",8,false,false,"ok"
"10182978","Unwind@10182978","Global",8,false,false,"ok"
"10182980","Unwind@10182980","Global",8,false,false,"ok"
"101829c0","Unwind@101829c0","Global",8,false,false,"ok"
"101829c8","Unwind@101829c8","Global",8,false,false,"ok"
"101829d0","Unwind@101829d0","Global",8,false,false,"ok"
"101829d8","Unwind@101829d8","Global",8,false,false,"ok"
"10182a10","Unwind@10182a10","Global",8,false,false,"ok"
"10182a18","Unwind@10182a18","Global",8,false,false,"ok"
"10182a20","Unwind@10182a20","Global",8,false,false,"ok"
"10182a28","Unwind@10182a28","Global",25,false,false,"ok"
"10182a70","Unwind@10182a70","Global",11,false,false,"ok"
"10182a7b","Unwind@10182a7b","Global",8,false,false,"ok"
"10182a83","Unwind@10182a83","Global",8,false,false,"ok"
"10182a8b","Unwind@10182a8b","Global",8,false,false,"ok"
"10182a93","Unwind@10182a93","Global",8,false,false,"ok"
"10182a9b","Unwind@10182a9b","Global",8,false,false,"ok"
"10182ae0","Unwind@10182ae0","Global",8,false,false,"ok"
"10182ae8","Unwind@10182ae8","Global",11,false,false,"ok"
"10182af3","Unwind@10182af3","Global",11,false,false,"ok"
"10182afe","Unwind@10182afe","Global",34,false,false,"ok"
"10182b20","Unwind@10182b20","Global",31,false,false,"ok"
"10182b3f","Unwind@10182b3f","Global",34,false,false,"ok"
"10182b61","Unwind@10182b61","Global",34,false,false,"ok"
"10182b83","Unwind@10182b83","Global",34,false,false,"ok"
"10182ba5","Unwind@10182ba5","Global",31,false,false,"ok"
"10182bc4","Unwind@10182bc4","Global",8,false,false,"ok"
"10182bcc","Unwind@10182bcc","Global",11,false,false,"ok"
"10182bd7","Unwind@10182bd7","Global",11,false,false,"ok"
"10182be2","Unwind@10182be2","Global",11,false,false,"ok"
"10182bed","Unwind@10182bed","Global",11,false,false,"ok"
"10182bf8","Unwind@10182bf8","Global",11,false,false,"ok"
"10182c03","Unwind@10182c03","Global",11,false,false,"ok"
"10182c0e","Unwind@10182c0e","Global",8,false,false,"ok"
"10182c16","Unwind@10182c16","Global",11,false,false,"ok"
"10182c21","Unwind@10182c21","Global",11,false,false,"ok"
"10182c2c","Unwind@10182c2c","Global",11,false,false,"ok"
"10182c37","Unwind@10182c37","Global",8,false,false,"ok"
"10182c3f","Unwind@10182c3f","Global",21,false,false,"ok"
"10182c54","Unwind@10182c54","Global",11,false,false,"ok"
"10182c90","Unwind@10182c90","Global",11,false,false,"ok"
"10182c9b","Unwind@10182c9b","Global",11,false,false,"ok"
"10182ca6","Unwind@10182ca6","Global",11,false,false,"ok"
"10182cb1","Unwind@10182cb1","Global",11,false,false,"ok"
"10182cbc","Unwind@10182cbc","Global",8,false,false,"ok"
"10182cc4","Unwind@10182cc4","Global",11,false,false,"ok"
"10182ccf","Unwind@10182ccf","Global",8,false,false,"ok"
"10182cd7","Unwind@10182cd7","Global",11,false,false,"ok"
"10182ce2","Unwind@10182ce2","Global",11,false,false,"ok"
"10182ced","Unwind@10182ced","Global",11,false,false,"ok"
"10182cf8","Unwind@10182cf8","Global",8,false,false,"ok"
"10182d00","Unwind@10182d00","Global",11,false,false,"ok"
"10182d0b","Unwind@10182d0b","Global",8,false,false,"ok"
"10182d13","Unwind@10182d13","Global",8,false,false,"ok"
"10182d1b","Unwind@10182d1b","Global",11,false,false,"ok"
"10182d26","Unwind@10182d26","Global",11,false,false,"ok"
"10182d31","Unwind@10182d31","Global",11,false,false,"ok"
"10182d3c","Unwind@10182d3c","Global",11,false,false,"ok"
"10182d47","Unwind@10182d47","Global",11,false,false,"ok"
"10182d52","Unwind@10182d52","Global",11,false,false,"ok"
"10182d90","Unwind@10182d90","Global",8,false,false,"ok"
"10182dc0","Unwind@10182dc0","Global",8,false,false,"ok"
"10182dc8","Unwind@10182dc8","Global",8,false,false,"ok"
"10182e00","Unwind@10182e00","Global",8,false,false,"ok"
"10182e30","Unwind@10182e30","Global",8,false,false,"ok"
"10182e38","Unwind@10182e38","Global",8,false,false,"ok"
"10182e70","Unwind@10182e70","Global",8,false,false,"ok"
"10182e78","Unwind@10182e78","Global",15,false,false,"ok"
"10182e87","Unwind@10182e87","Global",11,false,false,"ok"
"10182e92","Unwind@10182e92","Global",8,false,false,"ok"
"10182ec0","Unwind@10182ec0","Global",8,false,false,"ok"
"10182ec8","Unwind@10182ec8","Global",8,false,false,"ok"
"10182f00","Unwind@10182f00","Global",8,false,false,"ok"
"10182f08","Unwind@10182f08","Global",8,false,false,"ok"
"10182f10","Unwind@10182f10","Global",8,false,false,"ok"
"10182f18","Unwind@10182f18","Global",8,false,false,"ok"
"10182f50","Unwind@10182f50","Global",8,false,false,"ok"
"10182f80","Unwind@10182f80","Global",8,false,false,"ok"
"10182fb0","Unwind@10182fb0","Global",8,false,false,"ok"
"10182fe0","Unwind@10182fe0","Global",8,false,false,"ok"
"10182fe8","Unwind@10182fe8","Global",8,false,false,"ok"
"10182ff0","Unwind@10182ff0","Global",8,false,false,"ok"
"10182ff8","Unwind@10182ff8","Global",8,false,false,"ok"
"10183000","Unwind@10183000","Global",8,false,false,"ok"
"10183008","Unwind@10183008","Global",11,false,false,"ok"
"10183013","Unwind@10183013","Global",8,false,false,"ok"
"10183050","Unwind@10183050","Global",8,false,false,"ok"
"10183080","Unwind@10183080","Global",8,false,false,"ok"
"101830b0","Unwind@101830b0","Global",8,false,false,"ok"
"101830e0","Unwind@101830e0","Global",8,false,false,"ok"
"10183120","Unwind@10183120","Global",15,false,false,"ok"
"1018312f","Unwind@1018312f","Global",8,false,false,"ok"
"10183137","Unwind@10183137","Global",8,false,false,"ok"
"1018313f","Unwind@1018313f","Global",8,false,false,"ok"
"10183170","Unwind@10183170","Global",8,false,false,"ok"
"10183178","Unwind@10183178","Global",8,false,false,"ok"
"101831b0","Unwind@101831b0","Global",8,false,false,"ok"
"101831b8","Unwind@101831b8","Global",8,false,false,"ok"
"101831c0","Unwind@101831c0","Global",8,false,false,"ok"
"101831f0","Unwind@101831f0","Global",8,false,false,"ok"
"10183220","Unwind@10183220","Global",8,false,false,"ok"
"10183250","Unwind@10183250","Global",8,false,false,"ok"
"10183258","Unwind@10183258","Global",11,false,false,"ok"
"10183263","Unwind@10183263","Global",11,false,false,"ok"
"1018326e","Unwind@1018326e","Global",11,false,false,"ok"
"10183279","Unwind@10183279","Global",11,false,false,"ok"
"10183284","Unwind@10183284","Global",11,false,false,"ok"
"1018328f","Unwind@1018328f","Global",11,false,false,"ok"
"101832d0","Unwind@101832d0","Global",12,false,false,"ok"
"101832dc","Unwind@101832dc","Global",15,false,false,"ok"
"101832eb","Unwind@101832eb","Global",8,false,false,"ok"
"101832f3","Unwind@101832f3","Global",8,false,false,"ok"
"10183320","Unwind@10183320","Global",12,false,false,"ok"
"1018332c","Unwind@1018332c","Global",15,false,false,"ok"
"1018333b","Unwind@1018333b","Global",8,false,false,"ok"
"10183343","Unwind@10183343","Global",8,false,false,"ok"
"10183370","Unwind@10183370","Global",12,false,false,"ok"
"1018337c","Unwind@1018337c","Global",15,false,false,"ok"
"1018338b","Unwind@1018338b","Global",8,false,false,"ok"
"10183393","Unwind@10183393","Global",8,false,false,"ok"
"101833c0","Unwind@101833c0","Global",8,false,false,"ok"
"101833f0","Unwind@101833f0","Global",8,false,false,"ok"
"101833f8","Unwind@101833f8","Global",8,false,false,"ok"
"10183430","Unwind@10183430","Global",8,false,false,"ok"
"10183460","Unwind@10183460","Global",8,false,false,"ok"
"10183468","Unwind@10183468","Global",8,false,false,"ok"
"101834a0","Unwind@101834a0","Global",11,false,false,"ok"
"101834ab","Unwind@101834ab","Global",8,false,false,"ok"
"101834b3","Unwind@101834b3","Global",8,false,false,"ok"
"101834bb","Unwind@101834bb","Global",11,false,false,"ok"
"10183500","Unwind@10183500","Global",11,false,false,"ok"
"1018350b","Unwind@1018350b","Global",8,false,false,"ok"
"10183513","Unwind@10183513","Global",8,false,false,"ok"
"1018351b","Unwind@1018351b","Global",8,false,false,"ok"
"10183560","Unwind@10183560","Global",11,false,false,"ok"
"1018356b","Unwind@1018356b","Global",8,false,false,"ok"
"10183573","Unwind@10183573","Global",8,false,false,"ok"
"1018357b","Unwind@1018357b","Global",11,false,false,"ok"
"101835c0","Unwind@101835c0","Global",11,false,false,"ok"
"101835cb","Unwind@101835cb","Global",8,false,false,"ok"
"101835d3","Unwind@101835d3","Global",8,false,false,"ok"
"101835db","Unwind@101835db","Global",11,false,false,"ok"
"10183620","Unwind@10183620","Global",11,false,false,"ok"
"1018362b","Unwind@1018362b","Global",8,false,false,"ok"
"10183633","Unwind@10183633","Global",8,false,false,"ok"
"1018363b","Unwind@1018363b","Global",8,false,false,"ok"
"10183680","Unwind@10183680","Global",11,false,false,"ok"
"1018368b","Unwind@1018368b","Global",8,false,false,"ok"
"10183693","Unwind@10183693","Global",8,false,false,"ok"
"1018369b","Unwind@1018369b","Global",11,false,false,"ok"
"101836e0","Unwind@101836e0","Global",11,false,false,"ok"
"101836eb","Unwind@101836eb","Global",8,false,false,"ok"
"101836f3","Unwind@101836f3","Global",8,false,false,"ok"
"101836fb","Unwind@101836fb","Global",8,false,false,"ok"
"10183740","Unwind@10183740","Global",8,false,false,"ok"
"10183748","Unwind@10183748","Global",8,false,false,"ok"
"10183780","Unwind@10183780","Global",8,false,false,"ok"
"101837c0","Unwind@101837c0","Global",8,false,false,"ok"
"10183800","Unwind@10183800","Global",8,false,false,"ok"
"10183808","Unwind@10183808","Global",25,false,false,"ok"
"10183821","Unwind@10183821","Global",8,false,false,"ok"
"10183829","Unwind@10183829","Global",8,false,false,"ok"
"10183860","Unwind@10183860","Global",8,false,false,"ok"
"10183868","Unwind@10183868","Global",25,false,false,"ok"
"10183881","Unwind@10183881","Global",8,false,false,"ok"
"10183889","Unwind@10183889","Global",8,false,false,"ok"
"101838c0","Unwind@101838c0","Global",8,false,false,"ok"
"101838c8","Unwind@101838c8","Global",8,false,false,"ok"
"101838d0","Unwind@101838d0","Global",8,false,false,"ok"
"101838d8","Unwind@101838d8","Global",8,false,false,"ok"
"101838e0","Unwind@101838e0","Global",12,false,false,"ok"
"101838ec","Unwind@101838ec","Global",12,false,false,"ok"
"10183920","Unwind@10183920","Global",8,false,false,"ok"
"10183950","Unwind@10183950","Global",8,false,false,"ok"
"10183980","Unwind@10183980","Global",8,false,false,"ok"
"10183988","Unwind@10183988","Global",8,false,false,"ok"
"10183990","Unwind@10183990","Global",8,false,false,"ok"
"10183998","Unwind@10183998","Global",8,false,false,"ok"
"101839d0","Unwind@101839d0","Global",8,false,false,"ok"
"10183a00","Unwind@10183a00","Global",8,false,false,"ok"
"10183a30","Unwind@10183a30","Global",8,false,false,"ok"
"10183a38","Unwind@10183a38","Global",8,false,false,"ok"
"10183a70","Unwind@10183a70","Global",8,false,false,"ok"
"10183a78","Unwind@10183a78","Global",8,false,false,"ok"
"10183ab0","Unwind@10183ab0","Global",8,false,false,"ok"
"10183ab8","Unwind@10183ab8","Global",8,false,false,"ok"
"10183ac0","Unwind@10183ac0","Global",11,false,false,"ok"
"10183acb","Unwind@10183acb","Global",11,false,false,"ok"
"10183ad6","Unwind@10183ad6","Global",11,false,false,"ok"
"10183ae1","Unwind@10183ae1","Global",11,false,false,"ok"
"10183b20","Unwind@10183b20","Global",8,false,false,"ok"
"10183b28","Unwind@10183b28","Global",8,false,false,"ok"
"10183b30","Unwind@10183b30","Global",11,false,false,"ok"
"10183b3b","Unwind@10183b3b","Global",11,false,false,"ok"
"10183b46","Unwind@10183b46","Global",11,false,false,"ok"
"10183b51","Unwind@10183b51","Global",11,false,false,"ok"
"10183b90","Unwind@10183b90","Global",12,false,false,"ok"
"10183b9c","Unwind@10183b9c","Global",15,false,false,"ok"
"10183bab","Unwind@10183bab","Global",8,false,false,"ok"
"10183bb3","Unwind@10183bb3","Global",8,false,false,"ok"
"10183be0","Unwind@10183be0","Global",12,false,false,"ok"
"10183bec","Unwind@10183bec","Global",15,false,false,"ok"
"10183bfb","Unwind@10183bfb","Global",8,false,false,"ok"
"10183c03","Unwind@10183c03","Global",8,false,false,"ok"
"10183c30","Unwind@10183c30","Global",11,false,false,"ok"
"10183c3b","Unwind@10183c3b","Global",8,false,false,"ok"
"10183c43","Unwind@10183c43","Global",8,false,false,"ok"
"10183c4b","Unwind@10183c4b","Global",8,false,false,"ok"
"10183c90","Unwind@10183c90","Global",12,false,false,"ok"
"10183c9c","Unwind@10183c9c","Global",10,false,false,"ok"
"10183ca6","Unwind@10183ca6","Global",10,false,false,"ok"
"10183ce0","Unwind@10183ce0","Global",8,false,false,"ok"
"10183d20","Unwind@10183d20","Global",8,false,false,"ok"
"10183d28","Unwind@10183d28","Global",8,false,false,"ok"
"10183d60","Unwind@10183d60","Global",8,false,false,"ok"
"10183d68","Unwind@10183d68","Global",8,false,false,"ok"
"10183da0","Unwind@10183da0","Global",25,false,false,"ok"
"10183df0","Unwind@10183df0","Global",25,false,false,"ok"
"10183e09","Unwind@10183e09","Global",8,false,false,"ok"
"10183e11","Unwind@10183e11","Global",25,false,false,"ok"
"10183e2a","Unwind@10183e2a","Global",8,false,false,"ok"
"10183e60","Unwind@10183e60","Global",25,false,false,"ok"
"10183e79","Unwind@10183e79","Global",8,false,false,"ok"
"10183e81","Unwind@10183e81","Global",25,false,false,"ok"
"10183e9a","Unwind@10183e9a","Global",8,false,false,"ok"
"10183ed0","Unwind@10183ed0","Global",25,false,false,"ok"
"10183ee9","Unwind@10183ee9","Global",8,false,false,"ok"
"10183ef1","Unwind@10183ef1","Global",25,false,false,"ok"
"10183f0a","Unwind@10183f0a","Global",8,false,false,"ok"
"10183f40","Unwind@10183f40","Global",25,false,false,"ok"
"10183f59","Unwind@10183f59","Global",8,false,false,"ok"
"10183f61","Unwind@10183f61","Global",25,false,false,"ok"
"10183f7a","Unwind@10183f7a","Global",8,false,false,"ok"
"10183fb0","Unwind@10183fb0","Global",25,false,false,"ok"
"10183fc9","Unwind@10183fc9","Global",8,false,false,"ok"
"10183fd1","Unwind@10183fd1","Global",25,false,false,"ok"
"10183fea","Unwind@10183fea","Global",8,false,false,"ok"
"10184020","Unwind@10184020","Global",8,false,false,"ok"
"10184050","Unwind@10184050","Global",8,false,false,"ok"
"10184058","Unwind@10184058","Global",12,false,false,"ok"
"10184090","Unwind@10184090","Global",8,false,false,"ok"
"10184098","Unwind@10184098","Global",12,false,false,"ok"
"101840d0","Unwind@101840d0","Global",8,false,false,"ok"
"101840d8","Unwind@101840d8","Global",12,false,false,"ok"
"10184110","Unwind@10184110","Global",8,false,false,"ok"
"10184118","Unwind@10184118","Global",12,false,false,"ok"
"10184150","Unwind@10184150","Global",8,false,false,"ok"
"10184158","Unwind@10184158","Global",12,false,false,"ok"
"10184190","Unwind@10184190","Global",8,false,false,"ok"
"10184198","Unwind@10184198","Global",8,false,false,"ok"
"101841d0","Unwind@101841d0","Global",8,false,false,"ok"
"101841d8","Unwind@101841d8","Global",8,false,false,"ok"
"101841e0","Unwind@101841e0","Global",8,false,false,"ok"
"10184210","Unwind@10184210","Global",8,false,false,"ok"
"10184218","Unwind@10184218","Global",8,false,false,"ok"
"10184220","Unwind@10184220","Global",8,false,false,"ok"
"10184228","Unwind@10184228","Global",8,false,false,"ok"
"10184230","Unwind@10184230","Global",8,false,false,"ok"
"10184260","Unwind@10184260","Global",15,false,false,"ok"
"1018426f","Unwind@1018426f","Global",8,false,false,"ok"
"101842a0","Unwind@101842a0","Global",8,false,false,"ok"
"101842a8","Unwind@101842a8","Global",8,false,false,"ok"
"101842e0","Unwind@101842e0","Global",8,false,false,"ok"
"101842e8","Unwind@101842e8","Global",11,false,false,"ok"
"101842f3","Unwind@101842f3","Global",8,false,false,"ok"
"101842fb","Unwind@101842fb","Global",12,false,false,"ok"
"10184307","Unwind@10184307","Global",10,false,false,"ok"
"10184311","Unwind@10184311","Global",10,false,false,"ok"
"10184350","Unwind@10184350","Global",12,false,false,"ok"
"1018435c","Unwind@1018435c","Global",10,false,false,"ok"
"10184366","Unwind@10184366","Global",10,false,false,"ok"
"101843a0","Unwind@101843a0","Global",12,false,false,"ok"
"101843ac","Unwind@101843ac","Global",10,false,false,"ok"
"101843b6","Unwind@101843b6","Global",10,false,false,"ok"
"101843f0","Unwind@101843f0","Global",12,false,false,"ok"
"101843fc","Unwind@101843fc","Global",10,false,false,"ok"
"10184406","Unwind@10184406","Global",10,false,false,"ok"
"10184440","Unwind@10184440","Global",8,false,false,"ok"
"10184448","Unwind@10184448","Global",8,false,false,"ok"
"10184450","Unwind@10184450","Global",11,false,false,"ok"
"10184490","Unwind@10184490","Global",15,false,false,"ok"
"101844d0","Unwind@101844d0","Global",8,false,false,"ok"
"101844d8","Unwind@101844d8","Global",8,false,false,"ok"
"101844e0","Unwind@101844e0","Global",11,false,false,"ok"
"101844eb","Unwind@101844eb","Global",11,false,false,"ok"
"101844f6","Unwind@101844f6","Global",11,false,false,"ok"
"10184501","Unwind@10184501","Global",11,false,false,"ok"
"10184540","Unwind@10184540","Global",8,false,false,"ok"
"10184548","Unwind@10184548","Global",11,false,false,"ok"
"10184553","Unwind@10184553","Global",11,false,false,"ok"
"1018455e","Unwind@1018455e","Global",11,false,false,"ok"
"10184569","Unwind@10184569","Global",11,false,false,"ok"
"10184574","Unwind@10184574","Global",11,false,false,"ok"
"1018457f","Unwind@1018457f","Global",11,false,false,"ok"
"101845c0","Unwind@101845c0","Global",12,false,false,"ok"
"101845cc","Unwind@101845cc","Global",15,false,false,"ok"
"101845db","Unwind@101845db","Global",8,false,false,"ok"
"101845e3","Unwind@101845e3","Global",8,false,false,"ok"
"10184610","Unwind@10184610","Global",12,false,false,"ok"
"1018461c","Unwind@1018461c","Global",15,false,false,"ok"
"1018462b","Unwind@1018462b","Global",8,false,false,"ok"
"10184633","Unwind@10184633","Global",8,false,false,"ok"
"10184660","Unwind@10184660","Global",12,false,false,"ok"
"1018466c","Unwind@1018466c","Global",15,false,false,"ok"
"1018467b","Unwind@1018467b","Global",8,false,false,"ok"
"10184683","Unwind@10184683","Global",8,false,false,"ok"
"101846b0","Unwind@101846b0","Global",12,false,false,"ok"
"101846bc","Unwind@101846bc","Global",15,false,false,"ok"
"101846cb","Unwind@101846cb","Global",8,false,false,"ok"
"101846d3","Unwind@101846d3","Global",8,false,false,"ok"
"10184700","Unwind@10184700","Global",12,false,false,"ok"
"1018470c","Unwind@1018470c","Global",15,false,false,"ok"
"1018471b","Unwind@1018471b","Global",8,false,false,"ok"
"10184723","Unwind@10184723","Global",8,false,false,"ok"
"10184750","Unwind@10184750","Global",25,false,false,"ok"
"10184769","Unwind@10184769","Global",8,false,false,"ok"
"10184771","Unwind@10184771","Global",25,false,false,"ok"
"1018478a","Unwind@1018478a","Global",8,false,false,"ok"
"101847c0","Unwind@101847c0","Global",25,false,false,"ok"
"101847d9","Unwind@101847d9","Global",8,false,false,"ok"
"101847e1","Unwind@101847e1","Global",25,false,false,"ok"
"101847fa","Unwind@101847fa","Global",8,false,false,"ok"
"10184830","Unwind@10184830","Global",25,false,false,"ok"
"10184849","Unwind@10184849","Global",8,false,false,"ok"
"10184851","Unwind@10184851","Global",25,false,false,"ok"
"1018486a","Unwind@1018486a","Global",8,false,false,"ok"
"101848a0","Unwind@101848a0","Global",25,false,false,"ok"
"101848b9","Unwind@101848b9","Global",8,false,false,"ok"
"101848c1","Unwind@101848c1","Global",25,false,false,"ok"
"101848da","Unwind@101848da","Global",8,false,false,"ok"
"10184910","Unwind@10184910","Global",8,false,false,"ok"
"10184918","Unwind@10184918","Global",12,false,false,"ok"
"10184950","Unwind@10184950","Global",8,false,false,"ok"
"10184958","Unwind@10184958","Global",12,false,false,"ok"
"10184990","Unwind@10184990","Global",8,false,false,"ok"
"10184998","Unwind@10184998","Global",12,false,false,"ok"
"101849d0","Unwind@101849d0","Global",8,false,false,"ok"
"101849d8","Unwind@101849d8","Global",12,false,false,"ok"
"10184a10","Unwind@10184a10","Global",8,false,false,"ok"
"10184a18","Unwind@10184a18","Global",8,false,false,"ok"
"10184a50","Unwind@10184a50","Global",10,false,false,"ok"
"10184a5a","Unwind@10184a5a","Global",10,false,false,"ok"
"10184a90","Unwind@10184a90","Global",12,false,false,"ok"
"10184a9c","Unwind@10184a9c","Global",10,false,false,"ok"
"10184aa6","Unwind@10184aa6","Global",10,false,false,"ok"
"10184ae0","Unwind@10184ae0","Global",12,false,false,"ok"
"10184aec","Unwind@10184aec","Global",10,false,false,"ok"
"10184af6","Unwind@10184af6","Global",10,false,false,"ok"
"10184b30","Unwind@10184b30","Global",12,false,false,"ok"
"10184b3c","Unwind@10184b3c","Global",10,false,false,"ok"
"10184b46","Unwind@10184b46","Global",10,false,false,"ok"
"10184b80","Unwind@10184b80","Global",8,false,false,"ok"
"10184b88","Unwind@10184b88","Global",8,false,false,"ok"
"10184b90","Unwind@10184b90","Global",11,false,false,"ok"
"10184bd0","Unwind@10184bd0","Global",8,false,false,"ok"
"10184c00","Unwind@10184c00","Global",12,false,false,"ok"
"10184c0c","Unwind@10184c0c","Global",15,false,false,"ok"
"10184c1b","Unwind@10184c1b","Global",8,false,false,"ok"
"10184c23","Unwind@10184c23","Global",8,false,false,"ok"
"10184c50","Unwind@10184c50","Global",12,false,false,"ok"
"10184c5c","Unwind@10184c5c","Global",15,false,false,"ok"
"10184c6b","Unwind@10184c6b","Global",8,false,false,"ok"
"10184c73","Unwind@10184c73","Global",8,false,false,"ok"
"10184ca0","Unwind@10184ca0","Global",12,false,false,"ok"
"10184cac","Unwind@10184cac","Global",15,false,false,"ok"
"10184cbb","Unwind@10184cbb","Global",8,false,false,"ok"
"10184cc3","Unwind@10184cc3","Global",8,false,false,"ok"
"10184cf0","Unwind@10184cf0","Global",12,false,false,"ok"
"10184cfc","Unwind@10184cfc","Global",15,false,false,"ok"
"10184d0b","Unwind@10184d0b","Global",8,false,false,"ok"
"10184d13","Unwind@10184d13","Global",8,false,false,"ok"
"10184d40","Unwind@10184d40","Global",11,false,false,"ok"
"10184d4b","Unwind@10184d4b","Global",8,false,false,"ok"
"10184d53","Unwind@10184d53","Global",8,false,false,"ok"
"10184d5b","Unwind@10184d5b","Global",8,false,false,"ok"
"10184da0","Unwind@10184da0","Global",25,false,false,"ok"
"10184db9","Unwind@10184db9","Global",8,false,false,"ok"
"10184dc1","Unwind@10184dc1","Global",25,false,false,"ok"
"10184dda","Unwind@10184dda","Global",8,false,false,"ok"
"10184e10","Unwind@10184e10","Global",8,false,false,"ok"
"10184e18","Unwind@10184e18","Global",12,false,false,"ok"
"10184e50","Unwind@10184e50","Global",11,false,false,"ok"
"10184e5b","Unwind@10184e5b","Global",8,false,false,"ok"
"10184e63","Unwind@10184e63","Global",8,false,false,"ok"
"10184e6b","Unwind@10184e6b","Global",8,false,false,"ok"
"10184eb0","Unwind@10184eb0","Global",8,false,false,"ok"
"10184eb8","Unwind@10184eb8","Global",8,false,false,"ok"
"10184ef0","Unwind@10184ef0","Global",12,false,false,"ok"
"10184efc","Unwind@10184efc","Global",10,false,false,"ok"
"10184f06","Unwind@10184f06","Global",10,false,false,"ok"
"10184f40","Unwind@10184f40","Global",8,false,false,"ok"
"10184f80","Unwind@10184f80","Global",8,false,false,"ok"
"10184f88","Unwind@10184f88","Global",8,false,false,"ok"
"10184f90","Unwind@10184f90","Global",11,false,false,"ok"
"10184f9b","Unwind@10184f9b","Global",11,false,false,"ok"
"10184fa6","Unwind@10184fa6","Global",11,false,false,"ok"
"10184fb1","Unwind@10184fb1","Global",11,false,false,"ok"
"10184ff0","Unwind@10184ff0","Global",12,false,false,"ok"
"10184ffc","Unwind@10184ffc","Global",15,false,false,"ok"
"1018500b","Unwind@1018500b","Global",8,false,false,"ok"
"10185013","Unwind@10185013","Global",8,false,false,"ok"
"10185040","Unwind@10185040","Global",10,false,false,"ok"
"1018504a","Unwind@1018504a","Global",10,false,false,"ok"
"10185080","Unwind@10185080","Global",10,false,false,"ok"
"1018508a","Unwind@1018508a","Global",10,false,false,"ok"
"101850c0","Unwind@101850c0","Global",25,false,false,"ok"
"10185100","Unwind@10185100","Global",25,false,false,"ok"
"10185150","Unwind@10185150","Global",8,false,false,"ok"
"10185180","Unwind@10185180","Global",8,false,false,"ok"
"101851b0","Unwind@101851b0","Global",8,false,false,"ok"
"101851b8","Unwind@101851b8","Global",8,false,false,"ok"
"101851f0","Unwind@101851f0","Global",8,false,false,"ok"
"101851f8","Unwind@101851f8","Global",8,false,false,"ok"
"10185230","Unwind@10185230","Global",8,false,false,"ok"
"10185238","Unwind@10185238","Global",8,false,false,"ok"
"10185240","Unwind@10185240","Global",11,false,false,"ok"
"10185270","Unwind@10185270","Global",8,false,false,"ok"
"10185278","Unwind@10185278","Global",11,false,false,"ok"
"101852b0","Unwind@101852b0","Global",8,false,false,"ok"
"101852b8","Unwind@101852b8","Global",8,false,false,"ok"
"101852f0","Unwind@101852f0","Global",11,false,false,"ok"
"101852fb","Unwind@101852fb","Global",8,false,false,"ok"
"10185303","Unwind@10185303","Global",8,false,false,"ok"
"1018530b","Unwind@1018530b","Global",8,false,false,"ok"
"10185350","Unwind@10185350","Global",11,false,false,"ok"
"1018535b","Unwind@1018535b","Global",8,false,false,"ok"
"10185363","Unwind@10185363","Global",8,false,false,"ok"
"1018536b","Unwind@1018536b","Global",8,false,false,"ok"
"101853b0","Unwind@101853b0","Global",11,false,false,"ok"
"101853bb","Unwind@101853bb","Global",8,false,false,"ok"
"101853c3","Unwind@101853c3","Global",8,false,false,"ok"
"101853cb","Unwind@101853cb","Global",8,false,false,"ok"
"10185410","Unwind@10185410","Global",11,false,false,"ok"
"1018541b","Unwind@1018541b","Global",8,false,false,"ok"
"10185423","Unwind@10185423","Global",8,false,false,"ok"
"1018542b","Unwind@1018542b","Global",8,false,false,"ok"
"10185470","Unwind@10185470","Global",11,false,false,"ok"
"1018547b","Unwind@1018547b","Global",8,false,false,"ok"
"10185483","Unwind@10185483","Global",8,false,false,"ok"
"1018548b","Unwind@1018548b","Global",8,false,false,"ok"
"101854d0","Unwind@101854d0","Global",11,false,false,"ok"
"101854db","Unwind@101854db","Global",8,false,false,"ok"
"101854e3","Unwind@101854e3","Global",8,false,false,"ok"
"101854eb","Unwind@101854eb","Global",8,false,false,"ok"
"10185530","Unwind@10185530","Global",11,false,false,"ok"
"1018553b","Unwind@1018553b","Global",8,false,false,"ok"
"10185543","Unwind@10185543","Global",8,false,false,"ok"
"1018554b","Unwind@1018554b","Global",8,false,false,"ok"
"10185590","Unwind@10185590","Global",11,false,false,"ok"
"1018559b","Unwind@1018559b","Global",8,false,false,"ok"
"101855a3","Unwind@101855a3","Global",8,false,false,"ok"
"101855ab","Unwind@101855ab","Global",8,false,false,"ok"
"101855f0","Unwind@101855f0","Global",28,false,false,"ok"
"1018560c","Unwind@1018560c","Global",11,false,false,"ok"
"10185617","Unwind@10185617","Global",11,false,false,"ok"
"10185622","Unwind@10185622","Global",8,false,false,"ok"
"10185650","Unwind@10185650","Global",11,false,false,"ok"
"1018565b","Unwind@1018565b","Global",11,false,false,"ok"
"101856a0","Unwind@101856a0","Global",8,false,false,"ok"
"101856a8","Unwind@101856a8","Global",11,false,false,"ok"
"101856b3","Unwind@101856b3","Global",11,false,false,"ok"
"101856e0","Unwind@101856e0","Global",8,false,false,"ok"
"101856e8","Unwind@101856e8","Global",11,false,false,"ok"
"101856f3","Unwind@101856f3","Global",11,false,false,"ok"
"101856fe","Unwind@101856fe","Global",8,false,false,"ok"
"10185740","Unwind@10185740","Global",10,false,false,"ok"
"1018574a","Unwind@1018574a","Global",10,false,false,"ok"
"10185780","Unwind@10185780","Global",8,false,false,"ok"
"101857b0","Unwind@101857b0","Global",8,false,false,"ok"
"101857b8","Unwind@101857b8","Global",8,false,false,"ok"
"101857c0","Unwind@101857c0","Global",11,false,false,"ok"
"101857cb","Unwind@101857cb","Global",8,false,false,"ok"
"101857d3","Unwind@101857d3","Global",11,false,false,"ok"
"101857de","Unwind@101857de","Global",11,false,false,"ok"
"101857e9","Unwind@101857e9","Global",8,false,false,"ok"
"101857f1","Unwind@101857f1","Global",8,false,false,"ok"
"101857f9","Unwind@101857f9","Global",11,false,false,"ok"
"10185804","Unwind@10185804","Global",11,false,false,"ok"
"1018580f","Unwind@1018580f","Global",11,false,false,"ok"
"1018581a","Unwind@1018581a","Global",11,false,false,"ok"
"10185825","Unwind@10185825","Global",8,false,false,"ok"
"1018582d","Unwind@1018582d","Global",11,false,false,"ok"
"10185870","Unwind@10185870","Global",8,false,false,"ok"
"10185878","Unwind@10185878","Global",8,false,false,"ok"
"101858b0","Unwind@101858b0","Global",8,false,false,"ok"
"101858b8","Unwind@101858b8","Global",8,false,false,"ok"
"101858c0","Unwind@101858c0","Global",11,false,false,"ok"
"101858cb","Unwind@101858cb","Global",11,false,false,"ok"
"101858d6","Unwind@101858d6","Global",8,false,false,"ok"
"101858de","Unwind@101858de","Global",11,false,false,"ok"
"101858e9","Unwind@101858e9","Global",8,false,false,"ok"
"10185920","Unwind@10185920","Global",25,false,false,"ok"
"10185939","Unwind@10185939","Global",8,false,false,"ok"
"10185970","Unwind@10185970","Global",15,false,false,"ok"
"1018597f","Unwind@1018597f","Global",25,false,false,"ok"
"101859d0","Unwind@101859d0","Global",8,false,false,"ok"
"10185a10","Unwind@10185a10","Global",11,false,false,"ok"
"10185a40","Unwind@10185a40","Global",8,false,false,"ok"
"10185a80","Unwind@10185a80","Global",8,false,false,"ok"
"10185a88","Unwind@10185a88","Global",8,false,false,"ok"
"10185a90","Unwind@10185a90","Global",11,false,false,"ok"
"10185a9b","Unwind@10185a9b","Global",11,false,false,"ok"
"10185aa6","Unwind@10185aa6","Global",11,false,false,"ok"
"10185ae0","Unwind@10185ae0","Global",25,false,false,"ok"
"10185af9","Unwind@10185af9","Global",8,false,false,"ok"
"10185b01","Unwind@10185b01","Global",8,false,false,"ok"
"10185b40","Unwind@10185b40","Global",8,false,false,"ok"
"10185b70","Unwind@10185b70","Global",8,false,false,"ok"
"10185ba0","Unwind@10185ba0","Global",8,false,false,"ok"
"10185ba8","Unwind@10185ba8","Global",8,false,false,"ok"
"10185bb0","Unwind@10185bb0","Global",8,false,false,"ok"
"10185be0","Unwind@10185be0","Global",8,false,false,"ok"
"10185be8","Unwind@10185be8","Global",8,false,false,"ok"
"10185c20","Unwind@10185c20","Global",8,false,false,"ok"
"10185c28","Unwind@10185c28","Global",8,false,false,"ok"
"10185c60","Unwind@10185c60","Global",8,false,false,"ok"
"10185c68","Unwind@10185c68","Global",8,false,false,"ok"
"10185ca0","Unwind@10185ca0","Global",8,false,false,"ok"
"10185ca8","Unwind@10185ca8","Global",8,false,false,"ok"
"10185ce0","Unwind@10185ce0","Global",11,false,false,"ok"
"10185ceb","Unwind@10185ceb","Global",8,false,false,"ok"
"10185cf3","Unwind@10185cf3","Global",8,false,false,"ok"
"10185cfb","Unwind@10185cfb","Global",8,false,false,"ok"
"10185d40","Unwind@10185d40","Global",28,false,false,"ok"
"10185d5c","Unwind@10185d5c","Global",11,false,false,"ok"
"10185d67","Unwind@10185d67","Global",8,false,false,"ok"
"10185da0","Unwind@10185da0","Global",11,false,false,"ok"
"10185dab","Unwind@10185dab","Global",11,false,false,"ok"
"10185de0","Unwind@10185de0","Global",11,false,false,"ok"
"10185deb","Unwind@10185deb","Global",8,false,false,"ok"
"10185df3","Unwind@10185df3","Global",11,false,false,"ok"
"10185dfe","Unwind@10185dfe","Global",8,false,false,"ok"
"10185e06","Unwind@10185e06","Global",11,false,false,"ok"
"10185e11","Unwind@10185e11","Global",8,false,false,"ok"
"10185e19","Unwind@10185e19","Global",8,false,false,"ok"
"10185e50","Unwind@10185e50","Global",8,false,false,"ok"
"10185e90","Unwind@10185e90","Global",8,false,false,"ok"
"10185ed0","Unwind@10185ed0","Global",8,false,false,"ok"
"10185f10","Unwind@10185f10","Global",11,false,false,"ok"
"10185f50","Unwind@10185f50","Global",11,false,false,"ok"
"10185f90","Unwind@10185f90","Global",11,false,false,"ok"
"10185fd0","Unwind@10185fd0","Global",8,false,false,"ok"
"10186010","Unwind@10186010","Global",8,false,false,"ok"
"10186050","Unwind@10186050","Global",8,false,false,"ok"
"10186058","Unwind@10186058","Global",8,false,false,"ok"
"10186060","Unwind@10186060","Global",8,false,false,"ok"
"10186068","Unwind@10186068","Global",8,false,false,"ok"
"10186070","Unwind@10186070","Global",8,false,false,"ok"
"101860b0","Unwind@101860b0","Global",25,false,false,"ok"
"101860c9","Unwind@101860c9","Global",8,false,false,"ok"
"101860d1","Unwind@101860d1","Global",25,false,false,"ok"
"101860ea","Unwind@101860ea","Global",8,false,false,"ok"
"10186120","Unwind@10186120","Global",25,false,false,"ok"
"10186139","Unwind@10186139","Global",8,false,false,"ok"
"10186141","Unwind@10186141","Global",25,false,false,"ok"
"1018615a","Unwind@1018615a","Global",8,false,false,"ok"
"10186190","Unwind@10186190","Global",8,false,false,"ok"
"10186198","Unwind@10186198","Global",12,false,false,"ok"
"101861d0","Unwind@101861d0","Global",8,false,false,"ok"
"101861d8","Unwind@101861d8","Global",12,false,false,"ok"
"10186210","Unwind@10186210","Global",12,false,false,"ok"
"1018621c","Unwind@1018621c","Global",10,false,false,"ok"
"10186226","Unwind@10186226","Global",10,false,false,"ok"
"10186260","Unwind@10186260","Global",12,false,false,"ok"
"1018626c","Unwind@1018626c","Global",10,false,false,"ok"
"10186276","Unwind@10186276","Global",10,false,false,"ok"
"101862b0","Unwind@101862b0","Global",8,false,false,"ok"
"101862b8","Unwind@101862b8","Global",11,false,false,"ok"
"101862c3","Unwind@101862c3","Global",11,false,false,"ok"
"101862ce","Unwind@101862ce","Global",11,false,false,"ok"
"101862d9","Unwind@101862d9","Global",8,false,false,"ok"
"10186310","Unwind@10186310","Global",12,false,false,"ok"
"1018631c","Unwind@1018631c","Global",15,false,false,"ok"
"1018632b","Unwind@1018632b","Global",8,false,false,"ok"
"10186333","Unwind@10186333","Global",8,false,false,"ok"
"10186360","Unwind@10186360","Global",12,false,false,"ok"
"1018636c","Unwind@1018636c","Global",15,false,false,"ok"
"1018637b","Unwind@1018637b","Global",8,false,false,"ok"
"10186383","Unwind@10186383","Global",8,false,false,"ok"
"101863b0","Unwind@101863b0","Global",11,false,false,"ok"
"101863bb","Unwind@101863bb","Global",8,false,false,"ok"
"101863c3","Unwind@101863c3","Global",8,false,false,"ok"
"101863cb","Unwind@101863cb","Global",8,false,false,"ok"
"10186430","Unwind@10186430","Global",8,false,false,"ok"
"10186460","Unwind@10186460","Global",8,false,false,"ok"
"10186468","Unwind@10186468","Global",8,false,false,"ok"
"10186470","Unwind@10186470","Global",28,false,false,"ok"
"1018648c","Unwind@1018648c","Global",11,false,false,"ok"
"10186497","Unwind@10186497","Global",11,false,false,"ok"
"101864a2","Unwind@101864a2","Global",11,false,false,"ok"
"101864ad","Unwind@101864ad","Global",8,false,false,"ok"
"101864b5","Unwind@101864b5","Global",8,false,false,"ok"
"101864f0","Unwind@101864f0","Global",8,false,false,"ok"
"10186520","Unwind@10186520","Global",8,false,false,"ok"
"10186528","Unwind@10186528","Global",8,false,false,"ok"
"10186560","Unwind@10186560","Global",8,false,false,"ok"
"10186568","Unwind@10186568","Global",8,false,false,"ok"
"10186570","Unwind@10186570","Global",8,false,false,"ok"
"10186578","Unwind@10186578","Global",28,false,false,"ok"
"10186594","Unwind@10186594","Global",11,false,false,"ok"
"1018659f","Unwind@1018659f","Global",11,false,false,"ok"
"101865aa","Unwind@101865aa","Global",11,false,false,"ok"
"101865f0","Unwind@101865f0","Global",8,false,false,"ok"
"10186620","Unwind@10186620","Global",8,false,false,"ok"
"10186650","Unwind@10186650","Global",8,false,false,"ok"
"10186680","Unwind@10186680","Global",8,false,false,"ok"
"10186688","Unwind@10186688","Global",25,false,false,"ok"
"101866a1","Unwind@101866a1","Global",8,false,false,"ok"
"101866a9","Unwind@101866a9","Global",8,false,false,"ok"
"101866e0","Unwind@101866e0","Global",11,false,false,"ok"
"101866eb","Unwind@101866eb","Global",8,false,false,"ok"
"101866f3","Unwind@101866f3","Global",8,false,false,"ok"
"10186730","Unwind@10186730","Global",8,false,false,"ok"
"10186770","Unwind@10186770","Global",11,false,false,"ok"
"1018677b","Unwind@1018677b","Global",11,false,false,"ok"
"10186786","Unwind@10186786","Global",11,false,false,"ok"
"10186791","Unwind@10186791","Global",11,false,false,"ok"
"1018679c","Unwind@1018679c","Global",12,false,false,"ok"
"101867e0","Unwind@101867e0","Global",8,false,false,"ok"
"10186810","Unwind@10186810","Global",8,false,false,"ok"
"10186818","Unwind@10186818","Global",8,false,false,"ok"
"10186820","Unwind@10186820","Global",11,false,false,"ok"
"1018682b","Unwind@1018682b","Global",11,false,false,"ok"
"10186836","Unwind@10186836","Global",11,false,false,"ok"
"10186841","Unwind@10186841","Global",11,false,false,"ok"
"10186880","Unwind@10186880","Global",12,false,false,"ok"
"1018688c","Unwind@1018688c","Global",15,false,false,"ok"
"1018689b","Unwind@1018689b","Global",8,false,false,"ok"
"101868a3","Unwind@101868a3","Global",8,false,false,"ok"
"101868d0","Unwind@101868d0","Global",11,false,false,"ok"
"101868db","Unwind@101868db","Global",8,false,false,"ok"
"101868e3","Unwind@101868e3","Global",8,false,false,"ok"
"101868eb","Unwind@101868eb","Global",8,false,false,"ok"
"10186930","Unwind@10186930","Global",11,false,false,"ok"
"1018693b","Unwind@1018693b","Global",8,false,false,"ok"
"10186943","Unwind@10186943","Global",8,false,false,"ok"
"1018694b","Unwind@1018694b","Global",8,false,false,"ok"
"10186990","Unwind@10186990","Global",11,false,false,"ok"
"1018699b","Unwind@1018699b","Global",8,false,false,"ok"
"101869a3","Unwind@101869a3","Global",8,false,false,"ok"
"101869ab","Unwind@101869ab","Global",8,false,false,"ok"
"101869f0","Unwind@101869f0","Global",11,false,false,"ok"
"101869fb","Unwind@101869fb","Global",8,false,false,"ok"
"10186a03","Unwind@10186a03","Global",8,false,false,"ok"
"10186a0b","Unwind@10186a0b","Global",8,false,false,"ok"
"10186a50","Unwind@10186a50","Global",11,false,false,"ok"
"10186a5b","Unwind@10186a5b","Global",8,false,false,"ok"
"10186a63","Unwind@10186a63","Global",8,false,false,"ok"
"10186a6b","Unwind@10186a6b","Global",8,false,false,"ok"
"10186ab0","Unwind@10186ab0","Global",11,false,false,"ok"
"10186abb","Unwind@10186abb","Global",8,false,false,"ok"
"10186ac3","Unwind@10186ac3","Global",8,false,false,"ok"
"10186acb","Unwind@10186acb","Global",8,false,false,"ok"
"10186b10","Unwind@10186b10","Global",8,false,false,"ok"
"10186b40","Unwind@10186b40","Global",8,false,false,"ok"
"10186b70","Unwind@10186b70","Global",11,false,false,"ok"
"10186bb0","Unwind@10186bb0","Global",8,false,false,"ok"
"10186bb8","Unwind@10186bb8","Global",8,false,false,"ok"
"10186bc0","Unwind@10186bc0","Global",8,false,false,"ok"
"10186bc8","Unwind@10186bc8","Global",8,false,false,"ok"
"10186c00","Unwind@10186c00","Global",11,false,false,"ok"
"10186c0b","Unwind@10186c0b","Global",8,false,false,"ok"
"10186c13","Unwind@10186c13","Global",8,false,false,"ok"
"10186c1b","Unwind@10186c1b","Global",8,false,false,"ok"
"10186c60","Unwind@10186c60","Global",8,false,false,"ok"
"10186c68","Unwind@10186c68","Global",8,false,false,"ok"
"10186ca0","Unwind@10186ca0","Global",11,false,false,"ok"
"10186cab","Unwind@10186cab","Global",34,false,false,"ok"
"10186ccd","Unwind@10186ccd","Global",31,false,false,"ok"
"10186cec","Unwind@10186cec","Global",8,false,false,"ok"
"10186cf4","Unwind@10186cf4","Global",11,false,false,"ok"
"10186cff","Unwind@10186cff","Global",8,false,false,"ok"
"10186d07","Unwind@10186d07","Global",8,false,false,"ok"
"10186d40","Unwind@10186d40","Global",8,false,false,"ok"
"10186d48","Unwind@10186d48","Global",8,false,false,"ok"
"10186d50","Unwind@10186d50","Global",8,false,false,"ok"
"10186d58","Unwind@10186d58","Global",11,false,false,"ok"
"10186d63","Unwind@10186d63","Global",8,false,false,"ok"
"10186d6b","Unwind@10186d6b","Global",8,false,false,"ok"
"10186d73","Unwind@10186d73","Global",11,false,false,"ok"
"10186d7e","Unwind@10186d7e","Global",8,false,false,"ok"
"10186d86","Unwind@10186d86","Global",11,false,false,"ok"
"10186d91","Unwind@10186d91","Global",8,false,false,"ok"
"10186d99","Unwind@10186d99","Global",8,false,false,"ok"
"10186dd0","Unwind@10186dd0","Global",11,false,false,"ok"
"10186ddb","Unwind@10186ddb","Global",34,false,false,"ok"
"10186dfd","Unwind@10186dfd","Global",31,false,false,"ok"
"10186e1c","Unwind@10186e1c","Global",8,false,false,"ok"
"10186e24","Unwind@10186e24","Global",11,false,false,"ok"
"10186e2f","Unwind@10186e2f","Global",8,false,false,"ok"
"10186e37","Unwind@10186e37","Global",8,false,false,"ok"
"10186e70","Unwind@10186e70","Global",34,false,false,"ok"
"10186e92","Unwind@10186e92","Global",31,false,false,"ok"
"10186eb1","Unwind@10186eb1","Global",8,false,false,"ok"
"10186eb9","Unwind@10186eb9","Global",8,false,false,"ok"
"10186ec1","Unwind@10186ec1","Global",8,false,false,"ok"
"10186ec9","Unwind@10186ec9","Global",11,false,false,"ok"
"10186ed4","Unwind@10186ed4","Global",8,false,false,"ok"
"10186edc","Unwind@10186edc","Global",11,false,false,"ok"
"10186ee7","Unwind@10186ee7","Global",8,false,false,"ok"
"10186f20","Unwind@10186f20","Global",8,false,false,"ok"
"10186f60","Unwind@10186f60","Global",25,false,false,"ok"
"10186f79","Unwind@10186f79","Global",11,false,false,"ok"
"10186f84","Unwind@10186f84","Global",11,false,false,"ok"
"10186f8f","Unwind@10186f8f","Global",25,false,false,"ok"
"10186fd0","Unwind@10186fd0","Global",8,false,false,"ok"
"10186fd8","Unwind@10186fd8","Global",11,false,false,"ok"
"10187020","Unwind@10187020","Global",25,false,false,"ok"
"10187039","Unwind@10187039","Global",25,false,false,"ok"
"10187080","Unwind@10187080","Global",25,false,false,"ok"
"10187099","Unwind@10187099","Global",25,false,false,"ok"
"101870b2","Unwind@101870b2","Global",8,false,false,"ok"
"101870ba","Unwind@101870ba","Global",25,false,false,"ok"
"101870d3","Unwind@101870d3","Global",25,false,false,"ok"
"101870ec","Unwind@101870ec","Global",8,false,false,"ok"
"10187130","Unwind@10187130","Global",8,false,false,"ok"
"10187138","Unwind@10187138","Global",8,false,false,"ok"
"10187140","Unwind@10187140","Global",8,false,false,"ok"
"10187148","Unwind@10187148","Global",8,false,false,"ok"
"10187180","Unwind@10187180","Global",8,false,false,"ok"
"101871c0","Unwind@101871c0","Global",8,false,false,"ok"
"101871c8","Unwind@101871c8","Global",8,false,false,"ok"
"10187200","Unwind@10187200","Global",25,false,false,"ok"
"10187219","Unwind@10187219","Global",8,false,false,"ok"
"10187221","Unwind@10187221","Global",25,false,false,"ok"
"1018723a","Unwind@1018723a","Global",8,false,false,"ok"
"10187270","Unwind@10187270","Global",8,false,false,"ok"
"10187278","Unwind@10187278","Global",12,false,false,"ok"
"101872b0","Unwind@101872b0","Global",11,false,false,"ok"
"101872bb","Unwind@101872bb","Global",8,false,false,"ok"
"101872c3","Unwind@101872c3","Global",8,false,false,"ok"
"101872cb","Unwind@101872cb","Global",8,false,false,"ok"
"10187310","Unwind@10187310","Global",8,false,false,"ok"
"10187318","Unwind@10187318","Global",8,false,false,"ok"
"10187320","Unwind@10187320","Global",11,false,false,"ok"
"1018732b","Unwind@1018732b","Global",11,false,false,"ok"
"10187370","Unwind@10187370","Global",12,false,false,"ok"
"1018737c","Unwind@1018737c","Global",10,false,false,"ok"
"10187386","Unwind@10187386","Global",10,false,false,"ok"
"101873c0","Unwind@101873c0","Global",12,false,false,"ok"
"101873cc","Unwind@101873cc","Global",15,false,false,"ok"
"101873db","Unwind@101873db","Global",8,false,false,"ok"
"101873e3","Unwind@101873e3","Global",8,false,false,"ok"
"10187410","Unwind@10187410","Global",11,false,false,"ok"
"1018741b","Unwind@1018741b","Global",8,false,false,"ok"
"10187423","Unwind@10187423","Global",8,false,false,"ok"
"1018742b","Unwind@1018742b","Global",8,false,false,"ok"
"10187470","Unwind@10187470","Global",8,false,false,"ok"
"101874a0","Unwind@101874a0","Global",8,false,false,"ok"
"101874a8","Unwind@101874a8","Global",8,false,false,"ok"
"101874b0","Unwind@101874b0","Global",8,false,false,"ok"
"101874b8","Unwind@101874b8","Global",34,false,false,"ok"
"101874da","Unwind@101874da","Global",8,false,false,"ok"
"101874e2","Unwind@101874e2","Global",8,false,false,"ok"
"10187520","Unwind@10187520","Global",11,false,false,"ok"
"1018752b","Unwind@1018752b","Global",11,false,false,"ok"
"10187560","Unwind@10187560","Global",8,false,false,"ok"
"10187568","Unwind@10187568","Global",8,false,false,"ok"
"101875a0","Unwind@101875a0","Global",8,false,false,"ok"
"101875d0","Unwind@101875d0","Global",25,false,false,"ok"
"10187610","Unwind@10187610","Global",11,false,false,"ok"
"1018761b","Unwind@1018761b","Global",11,false,false,"ok"
"10187626","Unwind@10187626","Global",11,false,false,"ok"
"10187631","Unwind@10187631","Global",11,false,false,"ok"
"1018763c","Unwind@1018763c","Global",11,false,false,"ok"
"10187647","Unwind@10187647","Global",8,false,false,"ok"
"1018764f","Unwind@1018764f","Global",34,false,false,"ok"
"10187671","Unwind@10187671","Global",11,false,false,"ok"
"1018767c","Unwind@1018767c","Global",11,false,false,"ok"
"10187687","Unwind@10187687","Global",11,false,false,"ok"
"10187692","Unwind@10187692","Global",8,false,false,"ok"
"1018769a","Unwind@1018769a","Global",8,false,false,"ok"
"101876a2","Unwind@101876a2","Global",11,false,false,"ok"
"101876ad","Unwind@101876ad","Global",8,false,false,"ok"
"101876f0","Unwind@101876f0","Global",8,false,false,"ok"
"101876f8","Unwind@101876f8","Global",12,false,false,"ok"
"10187704","Unwind@10187704","Global",11,false,false,"ok"
"1018770f","Unwind@1018770f","Global",11,false,false,"ok"
"1018771a","Unwind@1018771a","Global",11,false,false,"ok"
"10187725","Unwind@10187725","Global",11,false,false,"ok"
"10187730","Unwind@10187730","Global",11,false,false,"ok"
"1018773b","Unwind@1018773b","Global",11,false,false,"ok"
"10187746","Unwind@10187746","Global",11,false,false,"ok"
"10187751","Unwind@10187751","Global",11,false,false,"ok"
"1018775c","Unwind@1018775c","Global",11,false,false,"ok"
"10187767","Unwind@10187767","Global",11,false,false,"ok"
"10187772","Unwind@10187772","Global",11,false,false,"ok"
"1018777d","Unwind@1018777d","Global",11,false,false,"ok"
"10187788","Unwind@10187788","Global",11,false,false,"ok"
"10187793","Unwind@10187793","Global",11,false,false,"ok"
"1018779e","Unwind@1018779e","Global",11,false,false,"ok"
"101877a9","Unwind@101877a9","Global",11,false,false,"ok"
"101877b4","Unwind@101877b4","Global",11,false,false,"ok"
"101877bf","Unwind@101877bf","Global",11,false,false,"ok"
"101877ca","Unwind@101877ca","Global",11,false,false,"ok"
"101877d5","Unwind@101877d5","Global",11,false,false,"ok"
"101877e0","Unwind@101877e0","Global",11,false,false,"ok"
"101877eb","Unwind@101877eb","Global",11,false,false,"ok"
"101877f6","Unwind@101877f6","Global",11,false,false,"ok"
"10187801","Unwind@10187801","Global",11,false,false,"ok"
"1018780c","Unwind@1018780c","Global",11,false,false,"ok"
"10187817","Unwind@10187817","Global",11,false,false,"ok"
"10187822","Unwind@10187822","Global",11,false,false,"ok"
"1018782d","Unwind@1018782d","Global",11,false,false,"ok"
"10187838","Unwind@10187838","Global",11,false,false,"ok"
"10187843","Unwind@10187843","Global",11,false,false,"ok"
"1018784e","Unwind@1018784e","Global",11,false,false,"ok"
"10187859","Unwind@10187859","Global",11,false,false,"ok"
"10187864","Unwind@10187864","Global",11,false,false,"ok"
"1018786f","Unwind@1018786f","Global",8,false,false,"ok"
"10187877","Unwind@10187877","Global",8,false,false,"ok"
"1018787f","Unwind@1018787f","Global",22,false,false,"ok"
"10187895","Unwind@10187895","Global",10,false,false,"ok"
"1018789f","Unwind@1018789f","Global",10,false,false,"ok"
"101878a9","Unwind@101878a9","Global",10,false,false,"ok"
"101878f0","Unwind@101878f0","Global",8,false,false,"ok"
"10187920","Unwind@10187920","Global",8,false,false,"ok"
"10187950","Unwind@10187950","Global",8,false,false,"ok"
"10187980","Unwind@10187980","Global",8,false,false,"ok"
"101879c0","Unwind@101879c0","Global",25,false,false,"ok"
"101879d9","Unwind@101879d9","Global",8,false,false,"ok"
"101879e1","Unwind@101879e1","Global",25,false,false,"ok"
"101879fa","Unwind@101879fa","Global",8,false,false,"ok"
"10187a30","Unwind@10187a30","Global",25,false,false,"ok"
"10187a49","Unwind@10187a49","Global",8,false,false,"ok"
"10187a51","Unwind@10187a51","Global",25,false,false,"ok"
"10187a6a","Unwind@10187a6a","Global",8,false,false,"ok"
"10187aa0","Unwind@10187aa0","Global",25,false,false,"ok"
"10187ab9","Unwind@10187ab9","Global",8,false,false,"ok"
"10187ac1","Unwind@10187ac1","Global",25,false,false,"ok"
"10187ada","Unwind@10187ada","Global",8,false,false,"ok"
"10187b10","Unwind@10187b10","Global",25,false,false,"ok"
"10187b29","Unwind@10187b29","Global",8,false,false,"ok"
"10187b31","Unwind@10187b31","Global",25,false,false,"ok"
"10187b4a","Unwind@10187b4a","Global",8,false,false,"ok"
"10187b80","Unwind@10187b80","Global",25,false,false,"ok"
"10187b99","Unwind@10187b99","Global",8,false,false,"ok"
"10187ba1","Unwind@10187ba1","Global",25,false,false,"ok"
"10187bba","Unwind@10187bba","Global",8,false,false,"ok"
"10187bf0","Unwind@10187bf0","Global",25,false,false,"ok"
"10187c09","Unwind@10187c09","Global",8,false,false,"ok"
"10187c11","Unwind@10187c11","Global",25,false,false,"ok"
"10187c2a","Unwind@10187c2a","Global",8,false,false,"ok"
"10187c60","Unwind@10187c60","Global",25,false,false,"ok"
"10187c79","Unwind@10187c79","Global",8,false,false,"ok"
"10187c81","Unwind@10187c81","Global",25,false,false,"ok"
"10187c9a","Unwind@10187c9a","Global",8,false,false,"ok"
"10187cd0","Unwind@10187cd0","Global",25,false,false,"ok"
"10187d10","Unwind@10187d10","Global",8,false,false,"ok"
"10187d40","Unwind@10187d40","Global",11,false,false,"ok"
"10187d4b","Unwind@10187d4b","Global",18,false,false,"ok"
"10187d90","Unwind@10187d90","Global",8,false,false,"ok"
"10187d98","Unwind@10187d98","Global",8,false,false,"ok"
"10187dd0","Unwind@10187dd0","Global",8,false,false,"ok"
"10187dd8","Unwind@10187dd8","Global",12,false,false,"ok"
"10187e10","Unwind@10187e10","Global",8,false,false,"ok"
"10187e18","Unwind@10187e18","Global",12,false,false,"ok"
"10187e50","Unwind@10187e50","Global",8,false,false,"ok"
"10187e58","Unwind@10187e58","Global",12,false,false,"ok"
"10187e90","Unwind@10187e90","Global",8,false,false,"ok"
"10187e98","Unwind@10187e98","Global",12,false,false,"ok"
"10187ed0","Unwind@10187ed0","Global",8,false,false,"ok"
"10187ed8","Unwind@10187ed8","Global",12,false,false,"ok"
"10187f10","Unwind@10187f10","Global",8,false,false,"ok"
"10187f18","Unwind@10187f18","Global",12,false,false,"ok"
"10187f50","Unwind@10187f50","Global",8,false,false,"ok"
"10187f58","Unwind@10187f58","Global",12,false,false,"ok"
"10187f90","Unwind@10187f90","Global",8,false,false,"ok"
"10187f98","Unwind@10187f98","Global",11,false,false,"ok"
"10187fd0","Unwind@10187fd0","Global",8,false,false,"ok"
"10187fd8","Unwind@10187fd8","Global",11,false,false,"ok"
"10188010","Unwind@10188010","Global",8,false,false,"ok"
"10188018","Unwind@10188018","Global",8,false,false,"ok"
"10188020","Unwind@10188020","Global",8,false,false,"ok"
"10188050","Unwind@10188050","Global",8,false,false,"ok"
"10188058","Unwind@10188058","Global",8,false,false,"ok"
"10188060","Unwind@10188060","Global",8,false,false,"ok"
"10188090","Unwind@10188090","Global",8,false,false,"ok"
"101880c0","Unwind@101880c0","Global",12,false,false,"ok"
"101880cc","Unwind@101880cc","Global",10,false,false,"ok"
"101880d6","Unwind@101880d6","Global",10,false,false,"ok"
"10188110","Unwind@10188110","Global",12,false,false,"ok"
"1018811c","Unwind@1018811c","Global",10,false,false,"ok"
"10188126","Unwind@10188126","Global",10,false,false,"ok"
"10188160","Unwind@10188160","Global",12,false,false,"ok"
"1018816c","Unwind@1018816c","Global",10,false,false,"ok"
"10188176","Unwind@10188176","Global",10,false,false,"ok"
"101881b0","Unwind@101881b0","Global",12,false,false,"ok"
"101881bc","Unwind@101881bc","Global",10,false,false,"ok"
"101881c6","Unwind@101881c6","Global",10,false,false,"ok"
"10188200","Unwind@10188200","Global",12,false,false,"ok"
"1018820c","Unwind@1018820c","Global",10,false,false,"ok"
"10188216","Unwind@10188216","Global",10,false,false,"ok"
"10188250","Unwind@10188250","Global",8,false,false,"ok"
"10188258","Unwind@10188258","Global",8,false,false,"ok"
"10188260","Unwind@10188260","Global",11,false,false,"ok"
"1018826b","Unwind@1018826b","Global",11,false,false,"ok"
"10188276","Unwind@10188276","Global",11,false,false,"ok"
"10188281","Unwind@10188281","Global",11,false,false,"ok"
"101882c0","Unwind@101882c0","Global",8,false,false,"ok"
"101882c8","Unwind@101882c8","Global",8,false,false,"ok"
"101882d0","Unwind@101882d0","Global",8,false,false,"ok"
"101882d8","Unwind@101882d8","Global",8,false,false,"ok"
"101882e0","Unwind@101882e0","Global",8,false,false,"ok"
"101882e8","Unwind@101882e8","Global",8,false,false,"ok"
"10188320","Unwind@10188320","Global",11,false,false,"ok"
"1018832b","Unwind@1018832b","Global",11,false,false,"ok"
"10188336","Unwind@10188336","Global",11,false,false,"ok"
"10188341","Unwind@10188341","Global",11,false,false,"ok"
"1018834c","Unwind@1018834c","Global",11,false,false,"ok"
"10188357","Unwind@10188357","Global",11,false,false,"ok"
"10188362","Unwind@10188362","Global",8,false,false,"ok"
"1018836a","Unwind@1018836a","Global",11,false,false,"ok"
"10188375","Unwind@10188375","Global",11,false,false,"ok"
"10188380","Unwind@10188380","Global",11,false,false,"ok"
"1018838b","Unwind@1018838b","Global",11,false,false,"ok"
"10188396","Unwind@10188396","Global",11,false,false,"ok"
"101883a1","Unwind@101883a1","Global",8,false,false,"ok"
"101883a9","Unwind@101883a9","Global",8,false,false,"ok"
"101883b1","Unwind@101883b1","Global",8,false,false,"ok"
"101883f0","Unwind@101883f0","Global",8,false,false,"ok"
"10188430","Unwind@10188430","Global",8,false,false,"ok"
"10188460","Unwind@10188460","Global",8,false,false,"ok"
"10188490","Unwind@10188490","Global",8,false,false,"ok"
"101884d0","Unwind@101884d0","Global",8,false,false,"ok"
"10188510","Unwind@10188510","Global",8,false,false,"ok"
"10188540","Unwind@10188540","Global",8,false,false,"ok"
"10188570","Unwind@10188570","Global",8,false,false,"ok"
"10188578","Unwind@10188578","Global",11,false,false,"ok"
"10188583","Unwind@10188583","Global",11,false,false,"ok"
"1018858e","Unwind@1018858e","Global",11,false,false,"ok"
"10188599","Unwind@10188599","Global",11,false,false,"ok"
"101885a4","Unwind@101885a4","Global",11,false,false,"ok"
"101885af","Unwind@101885af","Global",11,false,false,"ok"
"101885f0","Unwind@101885f0","Global",8,false,false,"ok"
"101885f8","Unwind@101885f8","Global",8,false,false,"ok"
"10188600","Unwind@10188600","Global",11,false,false,"ok"
"1018860b","Unwind@1018860b","Global",11,false,false,"ok"
"10188616","Unwind@10188616","Global",11,false,false,"ok"
"10188621","Unwind@10188621","Global",11,false,false,"ok"
"10188660","Unwind@10188660","Global",8,false,false,"ok"
"10188668","Unwind@10188668","Global",8,false,false,"ok"
"10188670","Unwind@10188670","Global",11,false,false,"ok"
"1018867b","Unwind@1018867b","Global",11,false,false,"ok"
"10188686","Unwind@10188686","Global",11,false,false,"ok"
"10188691","Unwind@10188691","Global",11,false,false,"ok"
"101886d0","Unwind@101886d0","Global",12,false,false,"ok"
"101886dc","Unwind@101886dc","Global",15,false,false,"ok"
"101886eb","Unwind@101886eb","Global",8,false,false,"ok"
"101886f3","Unwind@101886f3","Global",8,false,false,"ok"
"10188720","Unwind@10188720","Global",12,false,false,"ok"
"1018872c","Unwind@1018872c","Global",15,false,false,"ok"
"1018873b","Unwind@1018873b","Global",8,false,false,"ok"
"10188743","Unwind@10188743","Global",8,false,false,"ok"
"10188770","Unwind@10188770","Global",12,false,false,"ok"
"1018877c","Unwind@1018877c","Global",15,false,false,"ok"
"1018878b","Unwind@1018878b","Global",8,false,false,"ok"
"10188793","Unwind@10188793","Global",8,false,false,"ok"
"101887c0","Unwind@101887c0","Global",12,false,false,"ok"
"101887cc","Unwind@101887cc","Global",15,false,false,"ok"
"101887db","Unwind@101887db","Global",8,false,false,"ok"
"101887e3","Unwind@101887e3","Global",8,false,false,"ok"
"10188810","Unwind@10188810","Global",12,false,false,"ok"
"1018881c","Unwind@1018881c","Global",15,false,false,"ok"
"1018882b","Unwind@1018882b","Global",8,false,false,"ok"
"10188833","Unwind@10188833","Global",8,false,false,"ok"
"10188860","Unwind@10188860","Global",12,false,false,"ok"
"1018886c","Unwind@1018886c","Global",15,false,false,"ok"
"1018887b","Unwind@1018887b","Global",8,false,false,"ok"
"10188883","Unwind@10188883","Global",8,false,false,"ok"
"101888b0","Unwind@101888b0","Global",12,false,false,"ok"
"101888bc","Unwind@101888bc","Global",15,false,false,"ok"
"101888cb","Unwind@101888cb","Global",8,false,false,"ok"
"101888d3","Unwind@101888d3","Global",8,false,false,"ok"
"10188900","Unwind@10188900","Global",8,false,false,"ok"
"10188930","Unwind@10188930","Global",11,false,false,"ok"
"1018893b","Unwind@1018893b","Global",8,false,false,"ok"
"10188943","Unwind@10188943","Global",8,false,false,"ok"
"1018894b","Unwind@1018894b","Global",8,false,false,"ok"
"10188990","Unwind@10188990","Global",8,false,false,"ok"
"101889d0","Unwind@101889d0","Global",11,false,false,"ok"
"10188a10","Unwind@10188a10","Global",8,false,false,"ok"
"10188a40","Unwind@10188a40","Global",11,false,false,"ok"
"10188a4b","Unwind@10188a4b","Global",11,false,false,"ok"
"10188a56","Unwind@10188a56","Global",11,false,false,"ok"
"10188a61","Unwind@10188a61","Global",11,false,false,"ok"
"10188a6c","Unwind@10188a6c","Global",11,false,false,"ok"
"10188a77","Unwind@10188a77","Global",11,false,false,"ok"
"10188a82","Unwind@10188a82","Global",11,false,false,"ok"
"10188a8d","Unwind@10188a8d","Global",11,false,false,"ok"
"10188a98","Unwind@10188a98","Global",11,false,false,"ok"
"10188aa3","Unwind@10188aa3","Global",11,false,false,"ok"
"10188aae","Unwind@10188aae","Global",11,false,false,"ok"
"10188ab9","Unwind@10188ab9","Global",11,false,false,"ok"
"10188ac4","Unwind@10188ac4","Global",11,false,false,"ok"
"10188acf","Unwind@10188acf","Global",11,false,false,"ok"
"10188b00","Unwind@10188b00","Global",25,false,false,"ok"
"10188b19","Unwind@10188b19","Global",8,false,false,"ok"
"10188b21","Unwind@10188b21","Global",25,false,false,"ok"
"10188b3a","Unwind@10188b3a","Global",8,false,false,"ok"
"10188b70","Unwind@10188b70","Global",25,false,false,"ok"
"10188b89","Unwind@10188b89","Global",8,false,false,"ok"
"10188b91","Unwind@10188b91","Global",25,false,false,"ok"
"10188baa","Unwind@10188baa","Global",8,false,false,"ok"
"10188be0","Unwind@10188be0","Global",8,false,false,"ok"
"10188be8","Unwind@10188be8","Global",12,false,false,"ok"
"10188c20","Unwind@10188c20","Global",8,false,false,"ok"
"10188c28","Unwind@10188c28","Global",12,false,false,"ok"
"10188c60","Unwind@10188c60","Global",12,false,false,"ok"
"10188c6c","Unwind@10188c6c","Global",10,false,false,"ok"
"10188c76","Unwind@10188c76","Global",10,false,false,"ok"
"10188cb0","Unwind@10188cb0","Global",12,false,false,"ok"
"10188cbc","Unwind@10188cbc","Global",10,false,false,"ok"
"10188cc6","Unwind@10188cc6","Global",10,false,false,"ok"
"10188d00","Unwind@10188d00","Global",8,false,false,"ok"
"10188d08","Unwind@10188d08","Global",8,false,false,"ok"
"10188d40","Unwind@10188d40","Global",12,false,false,"ok"
"10188d4c","Unwind@10188d4c","Global",15,false,false,"ok"
"10188d5b","Unwind@10188d5b","Global",8,false,false,"ok"
"10188d63","Unwind@10188d63","Global",8,false,false,"ok"
"10188d90","Unwind@10188d90","Global",12,false,false,"ok"
"10188d9c","Unwind@10188d9c","Global",15,false,false,"ok"
"10188dab","Unwind@10188dab","Global",8,false,false,"ok"
"10188db3","Unwind@10188db3","Global",8,false,false,"ok"
"10188de0","Unwind@10188de0","Global",25,false,false,"ok"
"10188df9","Unwind@10188df9","Global",8,false,false,"ok"
"10188e01","Unwind@10188e01","Global",25,false,false,"ok"
"10188e1a","Unwind@10188e1a","Global",8,false,false,"ok"
"10188e50","Unwind@10188e50","Global",8,false,false,"ok"
"10188e58","Unwind@10188e58","Global",12,false,false,"ok"
"10188e90","Unwind@10188e90","Global",8,false,false,"ok"
"10188ec0","Unwind@10188ec0","Global",8,false,false,"ok"
"10188ec8","Unwind@10188ec8","Global",28,false,false,"ok"
"10188ee4","Unwind@10188ee4","Global",11,false,false,"ok"
"10188eef","Unwind@10188eef","Global",11,false,false,"ok"
"10188efa","Unwind@10188efa","Global",11,false,false,"ok"
"10188f05","Unwind@10188f05","Global",8,false,false,"ok"
"10188f40","Unwind@10188f40","Global",8,false,false,"ok"
"10188f48","Unwind@10188f48","Global",8,false,false,"ok"
"10188f50","Unwind@10188f50","Global",8,false,false,"ok"
"10188f58","Unwind@10188f58","Global",8,false,false,"ok"
"10188f60","Unwind@10188f60","Global",8,false,false,"ok"
"10188f90","Unwind@10188f90","Global",12,false,false,"ok"
"10188f9c","Unwind@10188f9c","Global",10,false,false,"ok"
"10188fa6","Unwind@10188fa6","Global",10,false,false,"ok"
"10188fe0","Unwind@10188fe0","Global",8,false,false,"ok"
"10188fe8","Unwind@10188fe8","Global",8,false,false,"ok"
"10188ff0","Unwind@10188ff0","Global",8,false,false,"ok"
"10188ff8","Unwind@10188ff8","Global",8,false,false,"ok"
"10189000","Unwind@10189000","Global",11,false,false,"ok"
"1018900b","Unwind@1018900b","Global",8,false,false,"ok"
"10189013","Unwind@10189013","Global",8,false,false,"ok"
"1018901b","Unwind@1018901b","Global",11,false,false,"ok"
"10189060","Unwind@10189060","Global",8,false,false,"ok"
"10189068","Unwind@10189068","Global",8,false,false,"ok"
"10189070","Unwind@10189070","Global",11,false,false,"ok"
"101890b0","Unwind@101890b0","Global",8,false,false,"ok"
"101890b8","Unwind@101890b8","Global",34,false,false,"ok"
"101890da","Unwind@101890da","Global",8,false,false,"ok"
"101890e2","Unwind@101890e2","Global",12,false,false,"ok"
"101890ee","Unwind@101890ee","Global",8,false,false,"ok"
"101890f6","Unwind@101890f6","Global",19,false,false,"ok"
"10189109","Unwind@10189109","Global",8,false,false,"ok"
"10189111","Unwind@10189111","Global",8,false,false,"ok"
"10189150","Unwind@10189150","Global",12,false,false,"ok"
"1018915c","Unwind@1018915c","Global",15,false,false,"ok"
"1018916b","Unwind@1018916b","Global",8,false,false,"ok"
"10189173","Unwind@10189173","Global",8,false,false,"ok"
"101891a0","Unwind@101891a0","Global",8,false,false,"ok"
"101891a8","Unwind@101891a8","Global",11,false,false,"ok"
"101891e0","Unwind@101891e0","Global",8,false,false,"ok"
"101891e8","Unwind@101891e8","Global",11,false,false,"ok"
"10189220","Unwind@10189220","Global",8,false,false,"ok"
"10189228","Unwind@10189228","Global",18,false,false,"ok"
"1018923a","Unwind@1018923a","Global",8,false,false,"ok"
"10189242","Unwind@10189242","Global",18,false,false,"ok"
"10189254","Unwind@10189254","Global",25,false,false,"ok"
"10189290","Unwind@10189290","Global",18,false,false,"ok"
"101892d0","Unwind@101892d0","Global",8,false,false,"ok"
"101892d8","Unwind@101892d8","Global",11,false,false,"ok"
"101892e3","Unwind@101892e3","Global",8,false,false,"ok"
"101892eb","Unwind@101892eb","Global",8,false,false,"ok"
"101892f3","Unwind@101892f3","Global",8,false,false,"ok"
"101892fb","Unwind@101892fb","Global",11,false,false,"ok"
"10189306","Unwind@10189306","Global",8,false,false,"ok"
"1018930e","Unwind@1018930e","Global",11,false,false,"ok"
"10189319","Unwind@10189319","Global",8,false,false,"ok"
"10189321","Unwind@10189321","Global",11,false,false,"ok"
"10189350","Unwind@10189350","Global",11,false,false,"ok"
"1018935b","Unwind@1018935b","Global",11,false,false,"ok"
"10189366","Unwind@10189366","Global",8,false,false,"ok"
"1018936e","Unwind@1018936e","Global",11,false,false,"ok"
"10189379","Unwind@10189379","Global",11,false,false,"ok"
"10189384","Unwind@10189384","Global",8,false,false,"ok"
"101893b0","Unwind@101893b0","Global",8,false,false,"ok"
"101893b8","Unwind@101893b8","Global",8,false,false,"ok"
"101893c0","Unwind@101893c0","Global",19,false,false,"ok"
"101893d3","Unwind@101893d3","Global",8,false,false,"ok"
"101893db","Unwind@101893db","Global",8,false,false,"ok"
"10189410","Unwind@10189410","Global",8,false,false,"ok"
"10189418","Unwind@10189418","Global",11,false,false,"ok"
"10189423","Unwind@10189423","Global",11,false,false,"ok"
"1018942e","Unwind@1018942e","Global",11,false,false,"ok"
"10189439","Unwind@10189439","Global",11,false,false,"ok"
"10189444","Unwind@10189444","Global",8,false,false,"ok"
"1018944c","Unwind@1018944c","Global",8,false,false,"ok"
"10189480","Unwind@10189480","Global",11,false,false,"ok"
"1018948b","Unwind@1018948b","Global",11,false,false,"ok"
"10189496","Unwind@10189496","Global",14,false,false,"ok"
"101894a4","Unwind@101894a4","Global",11,false,false,"ok"
"101894af","Unwind@101894af","Global",11,false,false,"ok"
"101894ba","Unwind@101894ba","Global",14,false,false,"ok"
"101894c8","Unwind@101894c8","Global",18,false,false,"ok"
"101894da","Unwind@101894da","Global",14,false,false,"ok"
"101894e8","Unwind@101894e8","Global",14,false,false,"ok"
"101894f6","Unwind@101894f6","Global",14,false,false,"ok"
"10189504","Unwind@10189504","Global",14,false,false,"ok"
"10189512","Unwind@10189512","Global",14,false,false,"ok"
"10189520","Unwind@10189520","Global",15,false,false,"ok"
"1018952f","Unwind@1018952f","Global",8,false,false,"ok"
"10189537","Unwind@10189537","Global",18,false,false,"ok"
"10189549","Unwind@10189549","Global",8,false,false,"ok"
"10189551","Unwind@10189551","Global",8,false,false,"ok"
"10189559","Unwind@10189559","Global",8,false,false,"ok"
"10189561","Unwind@10189561","Global",8,false,false,"ok"
"101895a0","Unwind@101895a0","Global",8,false,false,"ok"
"101895d0","Unwind@101895d0","Global",8,false,false,"ok"
"101895d8","Unwind@101895d8","Global",8,false,false,"ok"
"101895e0","Unwind@101895e0","Global",8,false,false,"ok"
"10189610","Unwind@10189610","Global",8,false,false,"ok"
"10189618","Unwind@10189618","Global",8,false,false,"ok"
"10189650","Unwind@10189650","Global",8,false,false,"ok"
"10189658","Unwind@10189658","Global",11,false,false,"ok"
"10189663","Unwind@10189663","Global",8,false,false,"ok"
"1018966b","Unwind@1018966b","Global",11,false,false,"ok"
"101896b0","Unwind@101896b0","Global",10,false,false,"ok"
"101896ba","Unwind@101896ba","Global",10,false,false,"ok"
"101896f0","Unwind@101896f0","Global",11,false,false,"ok"
"101896fb","Unwind@101896fb","Global",8,false,false,"ok"
"10189703","Unwind@10189703","Global",8,false,false,"ok"
"10189740","Unwind@10189740","Global",11,false,false,"ok"
"1018974b","Unwind@1018974b","Global",11,false,false,"ok"
"10189756","Unwind@10189756","Global",11,false,false,"ok"
"10189790","Unwind@10189790","Global",8,false,false,"ok"
"10189798","Unwind@10189798","Global",18,false,false,"ok"
"101897d0","Unwind@101897d0","Global",8,false,false,"ok"
"10189800","Unwind@10189800","Global",8,false,false,"ok"
"10189830","Unwind@10189830","Global",8,false,false,"ok"
"10189838","Unwind@10189838","Global",8,false,false,"ok"
"10189870","Unwind@10189870","Global",8,false,false,"ok"
"10189878","Unwind@10189878","Global",8,false,false,"ok"
"101898b0","Unwind@101898b0","Global",8,false,false,"ok"
"101898b8","Unwind@101898b8","Global",8,false,false,"ok"
"101898c0","Unwind@101898c0","Global",8,false,false,"ok"
"101898f0","Unwind@101898f0","Global",12,false,false,"ok"
"10189920","Unwind@10189920","Global",11,false,false,"ok"
"1018992b","Unwind@1018992b","Global",11,false,false,"ok"
"10189970","Unwind@10189970","Global",8,false,false,"ok"
"10189978","Unwind@10189978","Global",8,false,false,"ok"
"10189980","Unwind@10189980","Global",8,false,false,"ok"
"10189988","Unwind@10189988","Global",8,false,false,"ok"
"101899c0","Unwind@101899c0","Global",8,false,false,"ok"
"101899c8","Unwind@101899c8","Global",8,false,false,"ok"
"101899d0","Unwind@101899d0","Global",8,false,false,"ok"
"101899d8","Unwind@101899d8","Global",8,false,false,"ok"
"101899e0","Unwind@101899e0","Global",11,false,false,"ok"
"101899eb","Unwind@101899eb","Global",11,false,false,"ok"
"101899f6","Unwind@101899f6","Global",11,false,false,"ok"
"10189a01","Unwind@10189a01","Global",11,false,false,"ok"
"10189a0c","Unwind@10189a0c","Global",11,false,false,"ok"
"10189a50","Unwind@10189a50","Global",11,false,false,"ok"
"10189a5b","Unwind@10189a5b","Global",25,false,false,"ok"
"10189a74","Unwind@10189a74","Global",11,false,false,"ok"
"10189a7f","Unwind@10189a7f","Global",11,false,false,"ok"
"10189a8a","Unwind@10189a8a","Global",11,false,false,"ok"
"10189ac0","Unwind@10189ac0","Global",8,false,false,"ok"
"10189ac8","Unwind@10189ac8","Global",8,false,false,"ok"
"10189ad0","Unwind@10189ad0","Global",8,false,false,"ok"
"10189b10","Unwind@10189b10","Global",8,false,false,"ok"
"10189b18","Unwind@10189b18","Global",8,false,false,"ok"
"10189b50","Unwind@10189b50","Global",8,false,false,"ok"
"10189b80","Unwind@10189b80","Global",8,false,false,"ok"
"10189bb0","Unwind@10189bb0","Global",8,false,false,"ok"
"10189bb8","Unwind@10189bb8","Global",18,false,false,"ok"
"10189bca","Unwind@10189bca","Global",8,false,false,"ok"
"10189bd2","Unwind@10189bd2","Global",8,false,false,"ok"
"10189c00","Unwind@10189c00","Global",18,false,false,"ok"
"10189c12","Unwind@10189c12","Global",8,false,false,"ok"
"10189c1a","Unwind@10189c1a","Global",8,false,false,"ok"
"10189c22","Unwind@10189c22","Global",8,false,false,"ok"
"10189c50","Unwind@10189c50","Global",11,false,false,"ok"
"10189c5b","Unwind@10189c5b","Global",11,false,false,"ok"
"10189c66","Unwind@10189c66","Global",11,false,false,"ok"
"10189ca0","Unwind@10189ca0","Global",8,false,false,"ok"
"10189ca8","Unwind@10189ca8","Global",8,false,false,"ok"
"10189cb0","Unwind@10189cb0","Global",8,false,false,"ok"
"10189cf0","Unwind@10189cf0","Global",8,false,false,"ok"
"10189d20","Unwind@10189d20","Global",11,false,false,"ok"
"10189d2b","Unwind@10189d2b","Global",8,false,false,"ok"
"10189d33","Unwind@10189d33","Global",8,false,false,"ok"
"10189d3b","Unwind@10189d3b","Global",8,false,false,"ok"
"10189d80","Unwind@10189d80","Global",11,false,false,"ok"
"10189d8b","Unwind@10189d8b","Global",8,false,false,"ok"
"10189d93","Unwind@10189d93","Global",11,false,false,"ok"
"10189d9e","Unwind@10189d9e","Global",11,false,false,"ok"
"10189da9","Unwind@10189da9","Global",11,false,false,"ok"
"10189df0","Unwind@10189df0","Global",8,false,false,"ok"
"10189e20","Unwind@10189e20","Global",8,false,false,"ok"
"10189e67","Unwind@10189e67","Global",8,false,false,"ok"
"10189e91","Unwind@10189e91","Global",8,false,false,"ok"
"10189ebb","Unwind@10189ebb","Global",8,false,false,"ok"
"10189ee5","Unwind@10189ee5","Global",11,false,false,"ok"
"10189f12","Unwind@10189f12","Global",11,false,false,"ok"
"10189f3f","Unwind@10189f3f","Global",8,false,false,"ok"
"10189f69","Unwind@10189f69","Global",8,false,false,"ok"
"10189f93","Unwind@10189f93","Global",11,false,false,"ok"
"10189fc0","Unwind@10189fc0","Global",11,false,false,"ok"
"10189fed","Unwind@10189fed","Global",11,false,false,"ok"
"10189ff8","Unwind@10189ff8","Global",10,false,false,"ok"
"1018a024","Unwind@1018a024","Global",11,false,false,"ok"
"1018a02f","Unwind@1018a02f","Global",10,false,false,"ok"
"1018a05b","Unwind@1018a05b","Global",8,false,false,"ok"
"1018a063","Unwind@1018a063","Global",8,false,false,"ok"
"1018a06b","Unwind@1018a06b","Global",8,false,false,"ok"
"1018a073","Unwind@1018a073","Global",8,false,false,"ok"
"1018a0d7","Unwind@1018a0d7","Global",25,false,false,"ok"
"1018a112","Unwind@1018a112","Global",8,false,false,"ok"
"1018a250","Unwind@1018a250","Global",8,false,false,"ok"
"1018a275","Unwind@1018a275","Global",14,false,false,"ok"
"1018a294","Unwind@1018a294","Global",18,false,false,"ok"
"1018a2b7","Unwind@1018a2b7","Global",18,false,false,"ok"
"1018a2e0","Unwind@1018a2e0","Global",8,false,false,"ok"
"1018a300","FUN_1018a300","Global",81,false,false,"ok"
"1018b0a0","FUN_1018b0a0","Global",78,false,false,"ok"
"1018c3e0","FUN_1018c3e0","Global",75,false,false,"ok"
"1018cab0","FUN_1018cab0","Global",75,false,false,"ok"
"1018cb00","FUN_1018cb00","Global",75,false,false,"ok"
"1018cb50","FUN_1018cb50","Global",78,false,false,"ok"
