address,length,value
"10000000",2,"""MZ"""
"10000128",4,"""PE"""
"10000220",8,""".text"""
"10000248",8,""".rdata"""
"10000270",8,""".data"""
"10000298",8,""".fptable"""
"100002c0",8,""".rsrc"""
"100002e8",8,""".reloc"""
"1018fa00",24,"""AreDifficultIDsExtended"""
"1018fa18",29,"""GetExtendedIDfrom16bitBefore"""
"1018fa38",29,"""SetExtendedIDfrom16bitBefore"""
"1018fa58",28,"""AreVehicleColourIDsextended"""
"1018fa74",28,"""GetExtendedIDfrom8bitBefore"""
"1018fa90",28,"""SetExtendedIDfrom8bitBefore"""
"1018faac",28,"""$fastman92limitAdjuster.asi"""
"101903d0",26,"""Dear ImGui 1.90.5 (19050)"""
"101903ec",29,"""Size column to fit###SizeOne"""
"1019040c",34,"""Size all columns to fit###SizeAll"""
"10190430",38,"""Size all columns to default###SizeAll"""
"10190458",25,"""Reset order###ResetOrder"""
"10190474",16,"""(Main menu bar)"""
"10190484",8,"""(Popup)"""
"1019048c",11,"""(Untitled)"""
"10190498",156,"u""C:\\Users\\Madhav Gupta\\Documents\\GitHub\\ProjectEagleCore\\include\\imgui\\imgui.h"""
"10190534",42,"u""idx == 0 || idx == 1"""
"10190560",174,"u""C:\\Users\\Madhav Gupta\\Documents\\GitHub\\ProjectEagleCore\\include\\imgui\\imgui_internal.h"""
"10190610",15,"""*Missing Text*"""
"10190620",94,"u""button >= 0 && button < ImGuiMouseButton_COUNT"""
"10190680",32,"u""IsNamedKey(key)"""
"101906a0",20,"""debugmenu_imgui.ini"""
"101906b4",24,"""debugmenu_imgui_log.txt"""
"101906d0",160,"u""C:\\Users\\Madhav Gupta\\Documents\\GitHub\\ProjectEagleCore\\include\\imgui\\imgui.cpp"""
"10190770",18,"u""Ctx != 0"""
"10190784",62,"u""ImGui::IsNamedKeyOrModKey(key)"""
"101907c8",64,"u""ImGui::IsAliasKey(key) == false"""
"10190808",50,"u""key != ImGuiMod_Shortcut"""
"10190840",382,"u""(BackendUsingLegacyKeyArrays == -1 || BackendUsingLegacyKeyArrays == 0) && \""Backend needs to either only use io.AddKeyEvent(), either only fill legacy io.KeysDown[] + io.KeyMap[]. Not both!\"""""
"101909c0",270,"u""KeyMap[n] == -1 && \""Backend needs to either only use io.AddKeyEvent(), either only fill legacy io.KeysDown[] + io.KeyMap[]. Not both!\"""""
"10190ad0",46,"u""ImGui::IsNamedKey(key)"""
"10190b00",158,"u""native_legacy_index == -1 || ImGui::IsLegacyKey((ImGuiKey)native_legacy_index)"""
"10190ba0",118,"u""mouse_button >= 0 && mouse_button < ImGuiMouseButton_COUNT"""
"10190c90",126,"u""old_size >= 0 && new_size >= old_size && new_size >= EndOffset"""
"10190d10",212,"u""GImGui != 0 && \""No current context. Did you call ImGui::CreateContext() and ImGui::SetCurrentContext() ?\"""""
"10190de8",146,"u""(g.ColorStack.Size > count) && \""Calling PopStyleColor() too many times!\"""""
"10190e80",76,"u""idx >= 0 && idx < ImGuiStyleVar_COUNT"""
"10190ed0",114,"u""(0) && \""Calling PushStyleVar() variant with wrong type!\"""""
"10190f48",148,"u""(g.StyleVarStack.Size > count) && \""Calling PopStyleVar() too many times!\"""""
"10190fe4",8,"""Unknown"""
"10190ff0",156,"u""mouse_cursor > ImGuiMouseCursor_None && mouse_cursor < ImGuiMouseCursor_COUNT"""
"10191090",72,"u""!g.Initialized && !g.SettingsLoaded"""
"101910d8",8,"""Window"""
"101910e0",6,"""#MOVE"""
"101910e8",35,"""SetActiveID() cancel MovingWindow\n"""
"10191110",68,"""SetActiveID() old:0x%08X (window \""%s\"") -> new:0x%08X (window \""%s\"")\n"""
"10191158",84,"u""g.ActiveIdSource != ImGuiInputSource_None"""
"101911b0",178,"u""g.DragDropActive || g.ActiveId == id || g.ActiveId == 0 || g.ActiveIdPreviousFrame == id"""
"10191268",204,"u""(flags & ~ImGuiHoveredFlags_AllowedMaskForIsItemHovered) == 0 && \""Invalid flags for IsItemHovered()!\"""""
"10191338",292,"u""(flags & (ImGuiHoveredFlags_AnyWindow | ImGuiHoveredFlags_RootWindow | ImGuiHoveredFlags_ChildWindows | ImGuiHoveredFlags_NoPopupHierarchy)) == 0"""
"10191460",184,"u""drawlist_no < ((int)(sizeof(viewport->BgFgDrawLists) / sizeof(*(viewport->BgFgDrawLists))))"""
"10191518",13,"""##Background"""
"10191528",13,"""##Foreground"""
"10191538",90,"u""g.MovingWindow && g.MovingWindow->RootWindow"""
"10191594",38,"u""g.Font->IsLoaded()"""
"101915c0",68,"""NewFrame(): ClearActiveID() because it isn't marked alive anymore!\n"""
"10191608",86,"u""g.WindowsFocusOrder.Size <= g.Windows.Size"""
"10191660",67,"""(Debug Log: Auto-disabled some ImGuiDebugLogFlags after 2 frames)\n"""
"101916a4",15,"""Debug##Default"""
"101916b8",84,"u""g.CurrentWindow->IsFallbackWindow == true"""
"1019170c",38,"u""cmd.ElemCount == 6"""
"10191734",28,"u""g.Initialized"""
"10191750",116,"u""g.WithinFrameScope && \""Forgot to call ImGui::NewFrame()?\"""""
"101917c8",79,"""[io] Calling io.SetPlatformImeDataFn(): WantVisible: %d, InputPos (%.2f,%.2f)\n"""
"10191820",94,"u""g.Windows.Size == g.WindowsTempSortBuffer.Size"""
"10191880",106,"u""draw_data->CmdLists.Size == draw_data->CmdListsCount"""
"101918ec",32,"u""g.ActiveId != 0"""
"1019190c",16,"u""id != 0"""
"10191920",308,"u""(child_flags & ~ImGuiChildFlags_SupportedMask_) == 0 && \""Illegal ImGuiChildFlags value. Did you pass ImGuiWindowFlags values instead of ImGuiChildFlags?\"""""
"10191a58",332,"u""(window_flags & ImGuiWindowFlags_AlwaysAutoResize) == 0 && \""Cannot specify ImGuiWindowFlags_AlwaysAutoResize for BeginChild(). Use ImGuiChildFlags_AlwaysAutoResize!\"""""
"10191ba8",358,"u""(child_flags & (ImGuiChildFlags_ResizeX | ImGuiChildFlags_ResizeY)) == 0 && \""Cannot use ImGuiChildFlags_ResizeX or ImGuiChildFlags_ResizeY with ImGuiChildFlags_AlwaysAutoResize!\"""""
"10191d10",386,"u""(child_flags & (ImGuiChildFlags_AutoResizeX | ImGuiChildFlags_AutoResizeY)) != 0 && \""Must use ImGuiChildFlags_AutoResizeX or ImGuiChildFlags_AutoResizeY with ImGuiChildFlags_AlwaysAutoResize!\"""""
"10191e94",11,"""%s/%s_%08X"""
"10191ea0",8,"""%s/%08X"""
"10191eae",54,"u""dg.WithinEndChild == false"""
"10191ee8",102,"u""child_window->Flags & ImGuiWindowFlags_ChildWindow"""
"10191f50",76,"u""!g.WindowsFocusOrder.contains(window)"""
"10191fa0",100,"u""g.WindowsFocusOrder[window->FocusOrder] == window"""
"10192004",8,"""#RESIZE"""
"1019200c",48,"u""window->BeginCount == 0"""
"1019203c",10,"""#COLLAPSE"""
"10192048",7,"""#CLOSE"""
"10192050",88,"u""window->RootWindowForNav->ParentWindow != 0"""
"101920a8",58,"u""name != 0 && name[0] != '\\0'"""
"101920e4",38,"u""g.WithinFrameScope"""
"10192110",68,"u""g.FrameCountEnded != g.FrameCount"""
"10192158",74,"u""flags & ImGuiWindowFlags_ChildWindow"""
"101921a8",124,"u""parent_window != 0 || !(flags & ImGuiWindowFlags_ChildWindow)"""
"10192228",78,"u""parent_window && parent_window->Active"""
"10192278",174,"u""window->DrawList->CmdBuffer.Size == 1 && window->DrawList->CmdBuffer[0].ElemCount == 0"""
"10192328",86,"u""(flags & ImGuiWindowFlags_NoTitleBar) != 0"""
"10192380",134,"u""(g.CurrentWindowStack.Size > 1) && \""Calling End() too many times!\"""""
"10192408",60,"u""g.CurrentWindowStack.Size > 0"""
"10192448",120,"u""(g.WithinEndChild) && \""Must call EndChild() and not End()!\"""""
"101924c0",58,"u""window == window->RootWindow"""
"10192500",82,"u""g.WindowsFocusOrder[cur_order] == window"""
"10192558",80,"u""g.WindowsFocusOrder[n]->FocusOrder == n"""
"101925a8",7,"""<NULL>"""
"101925b0",65,"""[focus] FocusWindow(\""%s\"", UnlessBelowModal): prevented by \""%s\"".\n"""
"101925f8",78,"u""window == 0 || window->RootWindow != 0"""
"10192648",50,"u""font && font->IsLoaded()"""
"1019267c",38,"u""font->Scale > 0.0f"""
"101926a8",76,"u""item_flags == g.ItemFlagsStack.back()"""
"101926f4",52,"u""g.ItemFlagsStack.Size > 1"""
"10192728",48,"u""g.DisabledStackSize > 0"""
"10192758",68,"u""cond == 0 || ImIsPowerOfTwo(cond)"""
"1019279c",26,"u""scale > 0.0f"""
"101927b8",148,"u""(g.FocusScopeStack.Size > 0) && \""Calling PopFocusScope() too many times!\"""""
"1019284c",34,"u""g.NavWindow != 0"""
"10192870",54,"u""g.NavFocusRoute.Size < 100"""
"101928a8",50,"u""window->IDStack.Size > 1"""
"101928e0",80,"u""key >= 0 && key < ImGuiKey_NamedKey_END"""
"10192930",10,"""LeftArrow"""
"1019293c",11,"""RightArrow"""
"10192948",8,"""UpArrow"""
"10192950",10,"""DownArrow"""
"1019295c",7,"""PageUp"""
"10192964",9,"""PageDown"""
"1019297c",7,"""Insert"""
"10192984",7,"""Delete"""
"1019298c",10,"""Backspace"""
"10192998",6,"""Space"""
"101929a0",6,"""Enter"""
"101929a8",7,"""Escape"""
"101929b0",9,"""LeftCtrl"""
"101929bc",10,"""LeftShift"""
"101929c8",8,"""LeftAlt"""
"101929d0",10,"""LeftSuper"""
"101929dc",10,"""RightCtrl"""
"101929e8",11,"""RightShift"""
"101929f4",9,"""RightAlt"""
"10192a00",11,"""RightSuper"""
"10192b04",11,"""Apostrophe"""
"10192b10",6,"""Comma"""
"10192b18",6,"""Minus"""
"10192b20",7,"""Period"""
"10192b28",6,"""Slash"""
"10192b30",10,"""Semicolon"""
"10192b3c",6,"""Equal"""
"10192b44",12,"""LeftBracket"""
"10192b50",10,"""Backslash"""
"10192b5c",13,"""RightBracket"""
"10192b6c",12,"""GraveAccent"""
"10192b78",9,"""CapsLock"""
"10192b84",11,"""ScrollLock"""
"10192b90",8,"""NumLock"""
"10192b98",12,"""PrintScreen"""
"10192ba4",6,"""Pause"""
"10192bac",8,"""Keypad0"""
"10192bb4",8,"""Keypad1"""
"10192bbc",8,"""Keypad2"""
"10192bc4",8,"""Keypad3"""
"10192bcc",8,"""Keypad4"""
"10192bd4",8,"""Keypad5"""
"10192bdc",8,"""Keypad6"""
"10192be4",8,"""Keypad7"""
"10192bec",8,"""Keypad8"""
"10192bf4",8,"""Keypad9"""
"10192bfc",14,"""KeypadDecimal"""
"10192c0c",13,"""KeypadDivide"""
"10192c1c",15,"""KeypadMultiply"""
"10192c2c",15,"""KeypadSubtract"""
"10192c3c",10,"""KeypadAdd"""
"10192c48",12,"""KeypadEnter"""
"10192c54",12,"""KeypadEqual"""
"10192c60",8,"""AppBack"""
"10192c68",11,"""AppForward"""
"10192c74",13,"""GamepadStart"""
"10192c84",12,"""GamepadBack"""
"10192c90",16,"""GamepadFaceLeft"""
"10192ca0",17,"""GamepadFaceRight"""
"10192cb4",14,"""GamepadFaceUp"""
"10192cc4",16,"""GamepadFaceDown"""
"10192cd4",16,"""GamepadDpadLeft"""
"10192ce4",17,"""GamepadDpadRight"""
"10192cf8",14,"""GamepadDpadUp"""
"10192d08",16,"""GamepadDpadDown"""
"10192d18",10,"""GamepadL1"""
"10192d24",10,"""GamepadR1"""
"10192d30",10,"""GamepadL2"""
"10192d3c",10,"""GamepadR2"""
"10192d48",10,"""GamepadL3"""
"10192d54",10,"""GamepadR3"""
"10192d60",18,"""GamepadLStickLeft"""
"10192d74",19,"""GamepadLStickRight"""
"10192d88",16,"""GamepadLStickUp"""
"10192d98",18,"""GamepadLStickDown"""
"10192dac",18,"""GamepadRStickLeft"""
"10192dc0",19,"""GamepadRStickRight"""
"10192dd4",16,"""GamepadRStickUp"""
"10192de4",18,"""GamepadRStickDown"""
"10192df8",10,"""MouseLeft"""
"10192e04",11,"""MouseRight"""
"10192e10",12,"""MouseMiddle"""
"10192e1c",8,"""MouseX1"""
"10192e24",8,"""MouseX2"""
"10192e2c",12,"""MouseWheelX"""
"10192e38",12,"""MouseWheelY"""
"10192e44",8,"""ModCtrl"""
"10192e4c",9,"""ModShift"""
"10192e58",7,"""ModAlt"""
"10192e60",9,"""ModSuper"""
"10192e6e",82,"u""AIsNamedKey((ImGuiKey)g.IO.KeyMap[key])"""
"10192ed0",7,"""Super+"""
"10192ee0",7,"""Shift+"""
"10192ee8",6,"""Ctrl+"""
"10192ef0",11,"""%s%s%s%s%s"""
"10192f00",112,"u""IsNamedKey(key) && (key_chord & ImGuiMod_Shortcut) == 0"""
"10192f70",102,"u""ImIsPowerOfTwo(flags & ImGuiInputFlags_RouteMask_)"""
"10192fd8",108,"u""owner_id != ((ImGuiID)0) && owner_id != ((ImGuiID)-1)"""
"10193044",63,"""SetShortcutRouting(%s, owner_id=0x%08X, flags=%04X) -> always\n"""
"10193088",89,"""SetShortcutRouting(%s, owner_id=0x%08X, flags=%04X) -> filtered as potential char input\n"""
"101930e8",65,"""SetShortcutRouting(%s, owner_id=0x%08X, flags=%04X) -> score %d\n"""
"1019312c",28,"""--> granting current route\n"""
"10193148",112,"u""(flags & ~ImGuiInputFlags_SupportedByIsKeyPressed) == 0"""
"101931b8",168,"u""button >= 0 && button < ((int)(sizeof(g.IO.MouseDown) / sizeof(*(g.IO.MouseDown))))"""
"10193260",116,"u""(flags & ~ImGuiInputFlags_SupportedByIsMouseClicked) == 0"""
"101932d4",24,"u""GImGui != 0"""
"101932f0",342,"u""(io.KeysDown[n] == false || IsKeyDown((ImGuiKey)n)) && \""Backend needs to either only use io.AddKeyEvent(), either only fill legacy io.KeysDown[] + io.KeyMap[]. Not both!\"""""
"10193448",160,"u""g.IO.KeyMap[n] == -1 && \""Backend is not allowed to write to io.KeyMap[0..511]!\"""""
"101934e8",72,"u""IsLegacyKey((ImGuiKey)io.KeyMap[n])"""
"10193530",76,"u""io.KeyMap[n] == -1 || IsNamedKey(key)"""
"10193584",32,"""[io] LockWheelingWindow() \""%s\""\n"""
"101935a4",6,"""Mouse"""
"101935ac",12,"""TouchScreen"""
"101935c0",288,"u""((int)(sizeof(mouse_source_names) / sizeof(*(mouse_source_names)))) == ImGuiMouseSource_COUNT && source >= 0 && source < ImGuiMouseSource_COUNT"""
"101936e0",40,"""[io] %s: MousePos (-FLT_MAX, -FLT_MAX)\n"""
"10193708",37,"""[io] %s: MousePos (%.1f, %.1f) (%s)\n"""
"1019373c",33,"""[io] %s: MouseButton %d %s (%s)\n"""
"10193760",39,"""[io] %s: MouseWheel (%.3f, %.3f) (%s)\n"""
"10193788",22,"""[io] %s: Key \""%s\"" %s\n"""
"101937a0",28,"""[io] %s: Text: %c (U+%08X)\n"""
"101937bc",24,"""[io] %s: AppFocused %d\n"""
"101937d4",42,"u""key != ImGuiKey_None"""
"10193800",44,"u""0 && \""Unknown event!\"""""
"1019382c",10,"""Processed"""
"10193838",10,"""Remaining"""
"10193848",268,"u""IsNamedKeyOrModKey(key) && (owner_id != ((ImGuiID)0) || (flags & (ImGuiInputFlags_LockThisFrame | ImGuiInputFlags_LockUntilRelease)))"""
"10193958",110,"u""(flags & ~ImGuiInputFlags_SupportedBySetKeyOwner) == 0"""
"101939c8",104,"u""(flags & ~ImGuiInputFlags_SupportedByShortcut) == 0"""
"10193a30",40,"u""window->DC.IsSetPos"""
"10193a58",154,"u""(g.IO.DeltaTime > 0.0f || g.FrameCount == 0) && \""Need a positive DeltaTime!\"""""
"10193af8",268,"u""(g.FrameCount == 0 || g.FrameCountEnded == g.FrameCount) && \""Forgot to call Render() or EndFrame() at the end of the previous frame?\"""""
"10193c08",178,"u""g.IO.DisplaySize.x >= 0.0f && g.IO.DisplaySize.y >= 0.0f && \""Invalid DisplaySize value!\"""""
"10193cc0",398,"u""g.IO.Fonts->IsBuilt() && \""Font Atlas not built! Make sure you called ImGui_ImplXXXX_NewFrame() function for renderer backend, which should call io.Fonts->GetTexDataAsRGBA32() / GetTexDataAsAlpha8()\"""""
"10193e50",128,"u""g.Style.CurveTessellationTol > 0.0f && \""Invalid style setting!\"""""
"10193ed0",140,"u""g.Style.CircleTessellationMaxError > 0.0f && \""Invalid style setting!\"""""
"10193f60",150,"u""g.Style.Alpha >= 0.0f && g.Style.Alpha <= 1.0f && \""Invalid style setting!\"""""
"10193ff8",190,"u""g.Style.WindowMinSize.x >= 1.0f && g.Style.WindowMinSize.y >= 1.0f && \""Invalid style setting.\"""""
"101940b8",314,"u""g.Style.WindowMenuButtonPosition == ImGuiDir_None || g.Style.WindowMenuButtonPosition == ImGuiDir_Left || g.Style.WindowMenuButtonPosition == ImGuiDir_Right"""
"101941f8",188,"u""g.Style.ColorButtonPosition == ImGuiDir_Left || g.Style.ColorButtonPosition == ImGuiDir_Right"""
"101942b8",274,"u""g.IO.KeyMap[n] >= -1 && g.IO.KeyMap[n] < 512 && \""io.KeyMap[] contains an out of bound value (need to be 0..511, or -1 for unmapped key)\"""""
"101943d0",206,"u""g.IO.KeyMap[ImGuiKey_Space] != -1 && \""ImGuiKey_Space is not mapped, required for keyboard navigation.\"""""
"101944a0",240,"u""(key_mods == 0 || g.IO.KeyMods == key_mods) && \""Mismatching io.KeyCtrl/io.KeyShift/io.KeyAlt/io.KeySuper vs io.KeyMods\"""""
"10194590",252,"u""(g.CurrentWindowStack.Size == 1) && \""Mismatched Begin/BeginChild vs End/EndChild calls: did you forget to call End/EndChild?\"""""
"10194690",250,"u""(g.CurrentWindowStack.Size == 1) && \""Mismatched Begin/BeginChild vs End/EndChild calls: did you call End/EndChild too much?\"""""
"10194790",106,"u""(g.GroupStack.Size == 0) && \""Missing EndGroup call!\"""""
"101947fc",24,"u""window != 0"""
"10194818",172,"u""SizeOfIDStack == window->IDStack.Size && \""PushID/PopID or TreeNode/TreePop Mismatch!\"""""
"101948c8",146,"u""SizeOfGroupStack == g.GroupStack.Size && \""BeginGroup/EndGroup Mismatch!\"""""
"10194960",208,"u""SizeOfBeginPopupStack == g.BeginPopupStack.Size && \""BeginPopup/EndPopup or BeginMenu/EndMenu Mismatch!\"""""
"10194a30",168,"u""SizeOfDisabledStack == g.DisabledStackSize && \""BeginDisabled/EndDisabled Mismatch!\"""""
"10194ad8",172,"u""SizeOfItemFlagsStack >= g.ItemFlagsStack.Size && \""PushItemFlag/PopItemFlag Mismatch!\"""""
"10194b88",164,"u""SizeOfColorStack >= g.ColorStack.Size && \""PushStyleColor/PopStyleColor Mismatch!\"""""
"10194c30",168,"u""SizeOfStyleVarStack >= g.StyleVarStack.Size && \""PushStyleVar/PopStyleVar Mismatch!\"""""
"10194cd8",136,"u""SizeOfFontStack >= g.FontStack.Size && \""PushFont/PopFont Mismatch!\"""""
"10194d60",184,"u""SizeOfFocusScopeStack == g.FocusScopeStack.Size && \""PushFocusScope/PopFocusScope Mismatch!\"""""
"10194e18",306,"u""id != window->ID && \""Cannot have an empty ID at the root of a window. If you need an empty label, use ## and read the FAQ about how the ID Stack works!\"""""
"10194f4c",44,"u""g.GroupStack.Size > 0"""
"10194f78",68,"u""group_data.WindowID == window->ID"""
"10194fc0",180,"u""(flags & ImGuiScrollFlags_MaskX_) == 0 || ImIsPowerOfTwo(flags & ImGuiScrollFlags_MaskX_)"""
"10195078",180,"u""(flags & ImGuiScrollFlags_MaskY_) == 0 || ImIsPowerOfTwo(flags & ImGuiScrollFlags_MaskY_)"""
"10195130",98,"u""center_x_ratio >= 0.0f && center_x_ratio <= 1.0f"""
"10195198",98,"u""center_y_ratio >= 0.0f && center_y_ratio <= 1.0f"""
"101951fc",15,"""##Tooltip_%02d"""
"10195210",114,"u""GetCurrentWindowRead()->Flags & ImGuiWindowFlags_Tooltip"""
"10195284",16,"u""id == 0"""
"10195294",35,"""[popup] OpenPopup(\""%s\"" -> 0x%08X)\n"""
"101952b8",29,"""[popup] OpenPopupEx(0x%08X)\n"""
"101952d8",104,"u""(popup.Window->Flags & ImGuiWindowFlags_Popup) != 0"""
"10195340",37,"""[popup] ClosePopupsOverWindow(\""%s\"")\n"""
"10195368",49,"""[popup] ClosePopupToLevel(%d), restore_under=%d\n"""
"101953a0",104,"u""remaining >= 0 && remaining < g.OpenPopupStack.Size"""
"10195408",36,"""[popup] CloseCurrentPopup %d -> %d\n"""
"1019542c",12,"""##Menu_%02d"""
"10195438",13,"""##Popup_%08x"""
"10195448",78,"u""window->Flags & ImGuiWindowFlags_Popup"""
"10195498",54,"u""g.BeginPopupStack.Size > 0"""
"101954d0",52,"u""g.CurrentWindow == window"""
"10195504",28,"""[focus] SetNavWindow(\""%s\"")\n"""
"10195520",134,"u""nav_layer == ImGuiNavLayer_Main || nav_layer == ImGuiNavLayer_Menu"""
"101955a8",138,"u""(window->Flags | g.NavWindow->Flags) & ImGuiWindowFlags_NavFlattened"""
"10195638",130,"u""g.NextItemData.SelectionUserData != ((ImGuiSelectionUserData)-1)"""
"101956c0",74,"u""g.NavMoveForwardToNextFrame == false"""
"1019570c",58,"""[focus] NavRestoreLayer: from \""%s\"" to SetNavWindow(\""%s\"")\n"""
"10195748",44,"u""window == g.NavWindow"""
"10195778",84,"""[nav] NavInitRequest: from NavInitWindow(), init_for_nav=%d, window=\""%s\"", layer=%d\n"""
"101957d0",138,"u""g.NavLayer == ImGuiNavLayer_Main || g.NavLayer == ImGuiNavLayer_Menu"""
"10195860",78,"u""g.NavActivateDownId == g.NavActivateId"""
"101958b0",73,"""[nav] NavInitRequest: ApplyResult: NavID 0x%08X in Layer %d Window \""%s\""\n"""
"10195900",134,"u""g.NavMoveDir != ImGuiDir_None && g.NavMoveClipDir != ImGuiDir_None"""
"10195988",90,"u""g.NavMoveFlags & ImGuiNavMoveFlags_Forwarded"""
"101959e4",32,"""[nav] NavMoveRequestForward %d\n"""
"10195a04",56,"""[nav] NavInitRequest: from move, window \""%s\"", layer=%d\n"""
"10195a3c",57,"""[nav] NavMoveRequest: clamp NavRectRel for gamepad move\n"""
"10195a78",54,"u""!scoring_rect.IsInverted()"""
"10195ab0",60,"u""g.NavMoveDir == ImGuiDir_None"""
"10195aec",49,"""[nav] NavMoveSubmitted but not led to a result!\n"""
"10195b20",60,"u""g.NavWindow && result->Window"""
"10195b5c",44,"""[focus] NavMoveRequest: SetNavWindow(\""%s\"")\n"""
"10195b88",67,"""[nav] NavMoveRequest: result NavID 0x%08X in Layer %d Window \""%s\""\n"""
"10195bcc",32,"""[nav] NavUpdateCancelRequest()\n"""
"10195bec",54,"u""child_window->ChildId != 0"""
"10195c24",58,"u""window->RootWindow == window"""
"10195c60",74,"u""g.WindowsFocusOrder[order] == window"""
"10195cac",42,"u""g.NavWindowingTarget"""
"10195cd8",24,"""###NavUpdateWindowing"""
"10195cf0",34,"u""shared_mods != 0"""
"10195d14",16,"""##MainMenuBar"""
"10195d24",52,"u""g.NavWindowingTarget != 0"""
"10195d58",20,"""###NavWindowingList"""
"10195d6c",17,"""##Tooltip_Hidden"""
"10195d80",16,"""#SourceExtern"""
"10195d90",30,"u""source_id != 0"""
"10195db8",34,"u""g.DragDropActive"""
"10195de0",126,"u""g.DragDropWithinSource && \""Not after a BeginDragDropSource()?\"""""
"10195e60",20,"u""type != 0"""
"10195e78",262,"u""strlen(type) < ((int)(sizeof(payload.DataType) / sizeof(*(payload.DataType)))) && \""Payload type can be at most 32 characters long\"""""
"10195f80",124,"u""(data != 0 && data_size > 0) || (data == 0 && data_size == 0)"""
"10196000",102,"u""cond == ImGuiCond_Always || cond == ImGuiCond_Once"""
"10196068",44,"u""payload.SourceId != 0"""
"10196098",64,"u""g.DragDropWithinTarget == false"""
"101960d8",58,"u""payload.DataFrameCount != -1"""
"10196114",46,"u""g.DragDropWithinTarget"""
"10196148",8,"""%*s%.*s"""
"10196154",52,"u""g.SettingsWindows.empty()"""
"10196188",88,"u""FindSettingsHandler(handler->TypeName) == 0"""
"101961e8",10,"""Pos=%i,%i"""
"101961f4",11,"""Size=%i,%i"""
"10196200",13,"""Collapsed=%d"""
"10196210",11,"""IsChild=%d"""
"1019621c",54,"u""settings->ID == window->ID"""
"10196254",10,"""[%s][%s]\n"""
"10196260",11,"""IsChild=1\n"""
"1019626c",12,"""Size=%d,%d\n"""
"10196278",11,"""Pos=%d,%d\n"""
"10196284",13,"""Collapsed=1\n"""
"10196294",44,"u""g.Viewports.Size == 1"""
"101962dc",8,"""[%05d] """
"101962f0",18,"""HoveredId: 0x%08X"""
"10196304",28,"""Press ESC to abort picking."""
"10196328",6,"""Right"""
"10196330",7,"""Middle"""
"10196338",64,"""Remap w/ Ctrl+Shift: click anywhere to select new mouse button."""
"10196378",60,"""Click %s Button to break in debugger! (remap w/ Ctrl+Shift)"""
"101963b4",44,"u""tool->StackLevel >= 0"""
"101963e0",88,"u""info->ID == id && info->QueryFrameCount > 0"""
"10196440",12,"""(void*)0x%p"""
"1019644c",18,"""0x%08X [override]"""
"10196460",46,"u""n >= 0 && n < BITCOUNT"""
"10196490",38,"u""i >= 0 && i < Size"""
"101964b8",50,"u""p >= Data && p < DataEnd"""
"101964ec",62,"u""it >= Data && it < Data + Size"""
"1019652c",18,"u""Size > 0"""
"10196540",52,"u""p >= begin() && p < end()"""
"10196574",20,"u""p < end()"""
"10196588",54,"u""off >= 4 && off < Buf.Size"""
"101965c0",148,"u""it >= Data && it < Data + Size && it_last >= it && it_last <= Data + Size"""
"10196658",64,"u""it >= Data && it <= Data + Size"""
"101967d0",3296,"""..-         -XXXXXXX-    X    -           X           -XXXXXXX          -          XXXXXXX-     XX          - XX       XX ..-         -X.....X-   X.X   -          X.X          -X.....X          -          X.....X-    X..X         -X..X     X..X---         -XXX.XXX-  X...X  -         X...X         -X....X           -           X....X-    X..X         -X...X   X...XX           -  X.X  - X.....X -        X.....X        -X...X            -            X...X-    X..X         - X...X X...X XX          -  X.X  -X.......X-       X.......X       -X..X.X           -           X.X..X-    X..X         -  X...X...X  X.X         -  X.X  -XXXX.XXXX-       XXXX.XXXX       -X.X X.X          -          X.X X.X-    X..XXX       -   X.....X   X..X        -  X.X  -   X.X   -          X.X          -XX   X.X         -         X.X   XX-    X..X..XXX    -    X...X    X...X       -  X.X  -   X.X   -    XX    X.X    XX    -      X.X        -        X.X      -    X..X..X..XX  -     X.X     X....X      -  X.X  -   X.X   -   X.X    X.X    X.X   -       X.X       -       X.X       -    X..X..X..X.X -    X...X    X.....X     -  X.X  -   X.X   -  X..X    X.X    X..X  -        X.X      -      X.X        -XXX X..X..X..X..X-   X.....X   X......X    -  X.X  -   X.X   - X...XXXXXX.XXXXXX...X -         X.X   XX-XX   X.X         -X..XX........X..X-  X...X...X  X.......X   -  X.X  -   X.X   -X.....................X-          X.X X.X-X.X X.X          -X...X...........X- X...X X...X X........X  -  X.X  -   X.X   - X...XXXXXX.XXXXXX...X -           X.X..X-X..X.X           - X..............X-X...X   X...XX.........X -XXX.XXX-   X.X   -  X..X    X.X    X..X  -            X...X-X...X            -  X.............X-X..X     X..XX..........X-X.....X-   X.X   -   X.X    X.X    X.X   -           X....X-X....X           -  X.............X- XX       XX X......XXXXX-XXXXXXX-   X.X   -    XX    X.X    XX    -          X.....X-X.....X          -   X............X--------------X...X..X    ---------   X.X   -          X.X          -          XXXXXXX-XXXXXXX          -   X...........X -             X..X X..X   -       -XXXX.XXXX-       XXXX.XXXX       -------------------------------------    X..........X -             X.X  X..X   -       -X.......X-       X.......X       -    XX           XX    -           -    X..........X -             XX    X..X  -       - X.....X -        X.....X        -   X.X           X.X   -           -     X........X  -                   X..X  -       -  X...X  -         X...X         -  X..X           X..X  -           -     X........X  -                    XX   -       -   X.X   -          X.X          - X...XXXXXXXXXXXXX...X -           -     XXXXXXXXXX  -             -------------       -    X    -           X           -X.....................X-           -------------------                                 ----------------------------------- X...XXXXXXXXXXXXX...X -                                                                                                 -  X..X           X..X  -                                                                                                 -   X.X           X.X   -                                                                                                 -    XX           XX    -                                           """
"1019a458",22,"u""index >= 0"""
"1019a470",48,"u""n < (Storage.Size << 5)"""
"1019a4a0",174,"u""C:\\Users\\Madhav Gupta\\Documents\\GitHub\\ProjectEagleCore\\include\\imgui\\imstb_rectpack.h"""
"1019a550",30,"u""first->x <= x0"""
"1019a570",38,"u""node->next->x > x0"""
"1019a598",28,"u""node->x <= x0"""
"1019a5b4",44,"u""width % c->align == 0"""
"1019a5e0",20,"u""xpos >= 0"""
"1019a5f8",80,"u""node->next->x > xpos && node->x <= xpos"""
"1019a648",174,"u""C:\\Users\\Madhav Gupta\\Documents\\GitHub\\ProjectEagleCore\\include\\imgui\\imstb_truetype.h"""
"1019a6f8",48,"u""!(o > b->size || o < 0)"""
"1019a728",34,"u""n >= 1 && n <= 4"""
"1019a74c",58,"u""offsize >= 1 && offsize <= 4"""
"1019a788",40,"u""i >= 0 && i < count"""
"1019a800",32,"u""!info->cff.size"""
"1019a820",100,"u""output_ctx.num_vertices == count_ctx.num_vertices"""
"1019a884",14,"u""z != 0"""
"1019a894",16,"u""y0 < y1"""
"1019a8a4",30,"u""e->sy <= e->ey"""
"1019a8c4",20,"u""x1 <= x+1"""
"1019a8d8",16,"u""x1 >= x"""
"1019a8e8",16,"u""x1 <= x"""
"1019a8f8",20,"u""x1 >= x+1"""
"1019a90c",42,"u""x1 >= x && x1 <= x+1"""
"1019a938",90,"u""x0 >= x && x0 <= x+1 && x1 >= x && x1 <= x+1"""
"1019a994",30,"u""top_width >= 0"""
"1019a9b4",36,"u""bottom_width >= 0"""
"1019a9d8",30,"u""e->ey >= y_top"""
"1019a9f8",72,"u""e->sy <= y_bottom && e->ey >= y_top"""
"1019aa40",36,"u""x >= 0 && x < len"""
"1019aa64",16,"u""dy >= 0"""
"1019aa74",16,"u""dx >= 0"""
"1019aa84",42,"u""fabsf(area) <= 1.01f"""
"1019aab0",40,"u""sy1 > y_final-0.01f"""
"1019aad8",26,"u""z->direction"""
"1019aaf4",40,"u""z->ey >= scan_y_top"""
"1019ab1c",30,"u""pixels[i] == 0"""
"1019ab3c",62,"u""pixels[i*stride_in_bytes] == 0"""
"1019ab80",170,"u""C:\\Users\\Madhav Gupta\\Documents\\GitHub\\ProjectEagleCore\\include\\imgui\\imgui_draw.cpp"""
"1019ac2c",34,"u""max_error > 0.0f"""
"1019ac50",178,"u""draw_cmd.ClipRect.x <= draw_cmd.ClipRect.z && draw_cmd.ClipRect.y <= draw_cmd.ClipRect.w"""
"1019ad04",56,"u""curr_cmd->UserCallback == 0"""
"1019ad40",156,"u""(flags & 0x0F) == 0 && \""Misuse of legacy hardcoded ImDrawCornerFlags values!\"""""
"1019ade0",104,"u""font->ContainerAtlas->TexID == _CmdHeader.TextureId"""
"1019ae48",260,"u""_Current == 0 && _Count <= 1 && \""Nested channel splitting is not supported. Please use separate instances of ImDrawListSplitter.\"""""
"1019af4c",50,"u""idx >= 0 && idx < _Count"""
"1019af80",230,"u""draw_list->VtxBuffer.Size == 0 || draw_list->_VtxWritePtr == draw_list->VtxBuffer.Data + draw_list->VtxBuffer.Size"""
"1019b068",230,"u""draw_list->IdxBuffer.Size == 0 || draw_list->_IdxWritePtr == draw_list->IdxBuffer.Data + draw_list->IdxBuffer.Size"""
"1019b150",120,"u""(int)draw_list->_VtxCurrentIdx == draw_list->VtxBuffer.Size"""
"1019b1c8",232,"u""draw_list->_VtxCurrentIdx < (1 << 16) && \""Too many vertices in ImDrawList using 16-bit indices. Read comment above\"""""
"1019b2b0",180,"u""!Locked && \""Cannot modify a locked ImFontAtlas between NewFrame() and EndFrame/Render()!\"""""
"1019b368",108,"u""font_cfg->FontData != 0 && font_cfg->FontDataSize > 0"""
"1019b3d4",56,"u""font_cfg->SizePixels > 0.0f"""
"1019b410",120,"u""!Fonts.empty() && \""Cannot use MergeMode for the first font\"""""
"1019b488",22,"""ProggyClean.ttf, %dpx"""
"1019b4a0",46,"u""font_cfg.FontData == 0"""
"1019b4d0",124,"u""font_data_size > 100 && \""Incorrect value for font_data_size!\"""""
"1019b54c",60,"u""TexWidth > 0 && TexHeight > 0"""
"1019b588",34,"u""rect->IsPacked()"""
"1019b5ac",50,"u""PackIdMouseCursors != -1"""
"1019b5e0",54,"u""atlas->ConfigData.Size > 0"""
"1019b618",164,"u""cfg.DstFont && (!cfg.DstFont->IsLoaded() || cfg.DstFont->ContainerAtlas == atlas)"""
"1019b6bc",46,"u""src_tmp.DstIndex != -1"""
"1019b6f0",144,"u""font_offset >= 0 && \""FontData is incorrect, or FontNo cannot be found.\"""""
"1019b780",198,"u""0 && \""stbtt_InitFont(): failed to parse FontData. It is correct and complete? Check FontDataSize.\"""""
"1019b848",58,"u""src_range[0] <= src_range[1]"""
"1019b888",94,"u""src_tmp.GlyphsList.Size == src_tmp.GlyphsCount"""
"1019b8e8",50,"u""glyph_index_in_font != 0"""
"1019b920",64,"u""font->ConfigData == font_config"""
"1019b960",36,"u""pack_context != 0"""
"1019b984",42,"u""user_rects.Size >= 1"""
"1019b9b0",164,"u""pack_rects[i].w == user_rects[i].Width && pack_rects[i].h == user_rects[i].Height"""
"1019ba58",70,"u""x >= 0 && x + w <= atlas->TexWidth"""
"1019baa0",72,"u""y >= 0 && y + h <= atlas->TexHeight"""
"1019bae8",28,"u""r->IsPacked()"""
"1019bb08",192,"u""r->Width == FONT_ATLAS_DEFAULT_TEX_DATA_W * 2 + 1 && r->Height == FONT_ATLAS_DEFAULT_TEX_DATA_H"""
"1019bbc8",64,"u""r->Width == 2 && r->Height == 2"""
"1019bc08",126,"u""pad_left + line_width + pad_right == r->Width && y < r->Height"""
"1019bc88",118,"u""atlas->TexPixelsAlpha8 != 0 || atlas->TexPixelsRGBA32 != 0"""
"1019bd00",66,"u""r->Font->ContainerAtlas == atlas"""
"1019bd50",96,"u""Glyphs.Size > 0 && \""Font has not loaded glyph!\"""""
"1019bdb0",42,"u""Glyphs.Size < 0xFFFF"""
"1019bde0",78,"u""IndexAdvanceX.Size == IndexLookup.Size"""
"1019be30",28,"u""text_end != 0"""
"1019be50",82,"u""stb__dout + length <= stb__barrier_out_e"""
"1019bea4",54,"u""stb__dout == output + olen"""
"1019bedc",54,"u""stb__dout <= output + olen"""
"1019bfb0",178,"u""C:\\Users\\Madhav Gupta\\Documents\\GitHub\\ProjectEagleCore\\include\\imgui\\imgui_impl_dx9.cpp"""
"1019c068",166,"u""io.BackendRendererUserData == nullptr && \""Already initialized a renderer backend!\"""""
"1019c110",15,"""imgui_impl_dx9"""
"1019c120",108,"u""bd != nullptr && \""Did you call ImGui_ImplDX9_Init()?\"""""
"1019c1d0",182,"u""C:\\Users\\Madhav Gupta\\Documents\\GitHub\\ProjectEagleCore\\include\\imgui\\imgui_impl_win32.cpp"""
"1019c288",166,"u""io.BackendPlatformUserData == nullptr && \""Already initialized a platform backend!\"""""
"1019c330",17,"""imgui_impl_win32"""
"1019c344",14,"""xinput1_4.dll"""
"1019c354",14,"""xinput1_3.dll"""
"1019c364",16,"""xinput9_1_0.dll"""
"1019c374",14,"""xinput1_2.dll"""
"1019c384",14,"""xinput1_1.dll"""
"1019c394",22,"""XInputGetCapabilities"""
"1019c3ac",15,"""XInputGetState"""
"1019c3bc",28,"u""bd->hWnd != 0"""
"1019c3d8",112,"u""bd != nullptr && \""Did you call ImGui_ImplWin32_Init()?\"""""
"1019c460",174,"u""C:\\Users\\Madhav Gupta\\Documents\\GitHub\\ProjectEagleCore\\include\\imgui\\imgui_tables.cpp"""
"1019c510",82,"u""columns_count > 0 && columns_count < 512"""
"1019c564",40,"u""inner_width >= 0.0f"""
"1019c590",238,"u""table->ColumnsCount == columns_count && \""BeginTable(): Cannot change columns count mid-frame while preserving same ID\"""""
"1019c680",12,"""##Instances"""
"1019c690",278,"u""table->InnerWindow->WindowPadding.x == 0.0f && table->InnerWindow->WindowPadding.y == 0.0f && table->InnerWindow->WindowBorderSize == 0.0f"""
"1019c7a8",78,"u""reorder_dir == -1 || reorder_dir == +1"""
"1019c7f8",86,"u""table->Flags & ImGuiTableFlags_Reorderable"""
"1019c850",104,"u""dst_column->DisplayOrder == dst_order - reorder_dir"""
"1019c8b8",114,"u""ImIsPowerOfTwo(flags & ImGuiTableColumnFlags_WidthMask_)"""
"1019c92c",62,"u""table->IsLayoutLocked == false"""
"1019c970",108,"u""column->IndexWithinEnabledSet <= column->DisplayOrder"""
"1019c9e0",144,"u""table->LeftMostEnabledColumn >= 0 && table->RightMostEnabledColumn >= 0"""
"1019ca70",24,"u""!is_visible"""
"1019ca88",82,"u""table->Flags & ImGuiTableFlags_Resizable"""
"1019cae0",134,"u""table != 0 && \""Only call EndTable() if BeginTable() returns true!\"""""
"1019cb68",64,"u""inner_window == g.CurrentWindow"""
"1019cba8",150,"u""outer_window == inner_window || outer_window == inner_window->ParentWindow"""
"1019cc40",96,"u""table->RowPosY2 == inner_window->DC.CursorPos.y"""
"1019cca0",194,"u""(inner_window->IDStack.back() == table_instance->TableInstanceID) && \""Mismatching PushID/PopID!\"""""
"1019cd68",220,"u""(outer_window->DC.ItemWidthStack.Size >= temp_data->HostBackupItemWidthStackSize) && \""Too many PopItemWidth!\"""""
"1019ce48",92,"u""(table->Flags & ImGuiTableFlags_ScrollX) == 0"""
"1019cea8",118,"u""g.CurrentWindow == outer_window && g.CurrentTable == table"""
"1019cf20",56,"u""g.TablesTempDataStacked > 0"""
"1019cf58",136,"u""table != 0 && \""Need to call TableSetupColumn() after BeginTable()!\"""""
"1019cfe0",182,"u""table->IsLayoutLocked == false && \""Need to call call TableSetupColumn() before first row!\"""""
"1019d098",220,"u""(flags & ImGuiTableColumnFlags_StatusMask_) == 0 && \""Illegal to pass StatusMask values to TableSetupColumn()\"""""
"1019d178",190,"u""(table->DeclColumnsCount < table->ColumnsCount) && \""Called TableSetupColumn() too many times!\"""""
"1019d238",252,"u""init_width_or_weight <= 0.0f && \""Can only specify width/weight if sizing policy is set explicitly in either Table or Column.\"""""
"1019d338",172,"u""table->IsLayoutLocked == false && \""Need to call TableSetupColumn() before first row!\"""""
"1019d3e4",60,"u""columns >= 0 && columns < 512"""
"1019d420",48,"u""rows >= 0 && rows < 128"""
"1019d450",96,"u""column_n >= 0 && column_n < table->ColumnsCount"""
"1019d4b0",68,"u""target != ImGuiTableBgTarget_None"""
"1019d4f4",30,"u""column_n == -1"""
"1019d514",40,"u""!table->IsInsideRow"""
"1019d53c",58,"u""window == table->InnerWindow"""
"1019d578",38,"u""table->IsInsideRow"""
"1019d5a4",62,"u""table->IsUnfrozenRows == false"""
"1019d5e8",146,"u""table->Bg2ClipRectForDrawCmd.Min.y <= table->Bg2ClipRectForDrawCmd.Max.y"""
"1019d680",74,"u""column_n >= 0 && table->ColumnsCount"""
"1019d6d0",90,"u""table != 0 && table->IsLayoutLocked == false"""
"1019d72c",58,"u""table->MinColumnWidth > 0.0f"""
"1019d768",94,"u""column_0_width > 0.0f && column_1_width > 0.0f"""
"1019d7c8",156,"u""table->LeftMostStretchedColumn != -1 && table->RightMostStretchedColumn != -1"""
"1019d864",58,"u""column->StretchWeight > 0.0f"""
"1019d8a0",92,"u""visible_weight > 0.0f && visible_width > 0.0f"""
"1019d900",102,"u""table->BgClipRect.Min.y <= table->BgClipRect.Max.y"""
"1019d968",48,"u""splitter->_Current == 0"""
"1019d998",62,"u""channel_no < max_draw_channels"""
"1019d9d8",176,"u""has_freeze_v == false || table->Bg2DrawChannelUnfrozen != TABLE_DRAW_CHANNEL_BG2_FROZEN"""
"1019da88",198,"u""channel->_CmdBuffer.Size == 1 && merge_clip_rect.Contains(ImRect(channel->_CmdBuffer[0].ClipRect))"""
"1019db50",166,"u""dst_tmp == g.DrawChannelsTempMergeBuffer.Data + g.DrawChannelsTempMergeBuffer.Size"""
"1019dbf8",74,"u""n < column->SortDirectionsAvailCount"""
"1019dc48",74,"u""column->SortDirectionsAvailCount > 0"""
"1019dc98",84,"u""sort_direction != ImGuiSortDirection_None"""
"1019dcf0",80,"u""table->Flags & ImGuiTableFlags_Sortable"""
"1019dd40",104,"u""sort_order_count < (int)sizeof(sort_order_mask) * 8"""
"1019dda8",76,"u""column_with_smallest_sort_order != -1"""
"1019ddf8",84,"u""column->SortOrder < table->SortSpecsCount"""
"1019de50",134,"u""table != 0 && \""Need to call TableHeadersRow() after BeginTable()!\"""""
"1019ded8",126,"u""table != 0 && \""Need to call TableHeader() after BeginTable()!\"""""
"1019df58",54,"u""table->CurrentColumn != -1"""
"1019df90",98,"u""column_n >= -1 && column_n < table->ColumnsCount"""
"1019dff4",14,"""##ContextMenu"""
"1019e004",10,"""<Unknown>"""
"1019e010",52,"u""settings->ID == table->ID"""
"1019e048",202,"u""settings->ColumnsCount == table->ColumnsCount && settings->ColumnsCountMax >= settings->ColumnsCount"""
"1019e114",10,"""0x%08X,%d"""
"1019e120",12,"""RefScale=%f"""
"1019e12c",12,"""Column %d%n"""
"1019e138",16,"""UserID=0x%08X%n"""
"1019e148",11,"""Width=%d%n"""
"1019e154",12,"""Weight=%f%n"""
"1019e160",13,"""Visible=%d%n"""
"1019e170",11,"""Order=%d%n"""
"1019e17c",12,"""Sort=%d%c%n"""
"1019e188",17,"""[%s][0x%08X,%d]\n"""
"1019e19c",13,"""RefScale=%g\n"""
"1019e1ac",12,"""Column %-2d"""
"1019e1b8",13,""" UserID=%08X"""
"1019e1c8",13,""" Weight=%.4f"""
"1019e1d8",10,""" Width=%d"""
"1019e1e4",12,""" Visible=%d"""
"1019e1f0",10,""" Order=%d"""
"1019e1fc",11,""" Sort=%d%c"""
"1019e20c",6,"""Table"""
"1019e218",64,"u""table->MemoryCompacted == false"""
"1019e25a",38,"u""-column_index > 0"""
"1019e280",100,"u""g.ActiveId == columns->ID + ImGuiID(column_index)"""
"1019e2e8",74,"u""column_index < columns->Columns.Size"""
"1019e334",26,"u""columns != 0"""
"1019e350",84,"u""n >= 0 && n < CHUNKS && CurrIdx == CHUNKS"""
"1019e3a4",54,"u""n == CurrIdx && n < CHUNKS"""
"1019e3dc",54,"u""it >= Data && it < DataEnd"""
"1019e418",82,"u""p >= Buf.Data && p < Buf.Data + Buf.Size"""
"1019e550",6,"""%I64d"""
"1019e55c",6,"""%I64u"""
"1019e564",6,"""float"""
"1019e578",7,"""double"""
"1019e588",176,"u""C:\\Users\\Madhav Gupta\\Documents\\GitHub\\ProjectEagleCore\\include\\imgui\\imgui_widgets.cpp"""
"1019e638",82,"u""size_arg.x != 0.0f && size_arg.y != 0.0f"""
"1019e68c",9,"""#SCROLLX"""
"1019e698",9,"""#SCROLLY"""
"1019e6a4",44,"u""scrollbar_size > 0.0f"""
"1019e6d0",88,"u""ImMax(size_contents_v, size_avail_v) > 0.0f"""
"1019e73c",7,"""%.0f%%"""
"1019e748",176,"u""ImIsPowerOfTwo(flags & (ImGuiSeparatorFlags_Horizontal | ImGuiSeparatorFlags_Vertical))"""
"1019e7f8",34,"u""thickness > 0.0f"""
"1019e820",34,"""--------------------------------\n"""
"1019e848",266,"u""(flags & (ImGuiComboFlags_NoArrowButton | ImGuiComboFlags_NoPreview)) != (ImGuiComboFlags_NoArrowButton | ImGuiComboFlags_NoPreview)"""
"1019e958",184,"u""(flags & (ImGuiComboFlags_NoPreview | (ImGuiComboFlags)ImGuiComboFlags_CustomPreview)) == 0"""
"1019ea10",13,"""##ComboPopup"""
"1019ea20",88,"u""preview_value == 0 || preview_value[0] == 0"""
"1019ea80",104,"u""ImIsPowerOfTwo(flags & ImGuiComboFlags_HeightMask_)"""
"1019eae8",13,"""##Combo_%02d"""
"1019eaf8",15,"""*Unknown item*"""
"1019eb08",100,"u""data_type >= 0 && data_type < ImGuiDataType_COUNT"""
"1019eb6c",46,"u""op == '+' || op == '-'"""
"1019ebc8",446,"u""(flags == 1 || (flags & ImGuiSliderFlags_InvalidMask_) == 0) && \""Invalid ImGuiSliderFlags flags! Has the 'float power' argument been mistakenly cast to flags? Call function with ImGuiSliderFlags_Logarithmic flags instead.\"""""
"1019ed88",446,"u""(flags == 1 || (flags & ImGuiSliderFlags_InvalidMask_) == 0) && \""Invalid ImGuiSliderFlags flag!  Has the 'float power' argument been mistakenly cast to flags? Call function with ImGuiSliderFlags_Logarithmic flags instead.\"""""
"1019ef48",162,"u""*(const ImS32*)p_min >= IM_S32_MIN / 2 && *(const ImS32*)p_max <= IM_S32_MAX / 2"""
"1019eff0",78,"u""*(const ImU32*)p_max <= IM_U32_MAX / 2"""
"1019f040",162,"u""*(const ImS64*)p_min >= IM_S64_MIN / 2 && *(const ImS64*)p_max <= IM_S64_MAX / 2"""
"1019f0e8",78,"u""*(const ImU64*)p_max <= IM_U64_MAX / 2"""
"1019f138",200,"u""*(const float*)p_min >= -3.402823466e+38F / 2.0f && *(const float*)p_max <= 3.402823466e+38F / 2.0f"""
"1019f200",232,"u""*(const double*)p_min >= -1.7976931348623158e+308 / 2.0f && *(const double*)p_max <= 1.7976931348623158e+308 / 2.0f"""
"1019f2e8",92,"u""(size_t)(fmt_end - fmt_in + 1) < fmt_out_size"""
"1019f344",34,"u""g.ActiveId == id"""
"1019f370",82,"u""!(flags & ImGuiInputTextFlags_Multiline)"""
"1019f3c4",40,"u""idx <= obj->CurLenW"""
"1019f3ec",32,"u""pos <= text_len"""
"1019f40c",54,"u""text_len < obj->TextW.Size"""
"1019f448",174,"u""C:\\Users\\Madhav Gupta\\Documents\\GitHub\\ProjectEagleCore\\include\\imgui\\imstb_textedit.h"""
"1019f4f8",120,"u""((char*)(state->undo_rec + state->redo_point)) >= buf_begin"""
"1019f570",148,"u""((char*)(state->undo_rec + state->redo_point + 1) + move_size) <= buf_end"""
"1019f604",46,"u""state->TextA.Data != 0"""
"1019f634",52,"u""buf != 0 && buf_size >= 0"""
"1019f668",184,"u""!((flags & ImGuiInputTextFlags_CallbackHistory) && (flags & ImGuiInputTextFlags_Multiline))"""
"1019f720",198,"u""!((flags & ImGuiInputTextFlags_CallbackCompletion) && (flags & ImGuiInputTextFlags_AllowTabInput))"""
"1019f7e8",28,"u""callback != 0"""
"1019f804",50,"u""state && state->ID == id"""
"1019f838",216,"u""password_font->Glyphs.empty() && password_font->IndexAdvanceX.empty() && password_font->IndexLookup.empty()"""
"1019f910",22,"u""state != 0"""
"1019f928",24,"u""buf[0] != 0"""
"1019f940",68,"u""callback_data.Buf == callback_buf"""
"1019f988",90,"u""callback_data.BufSize == state->BufCapacityA"""
"1019f9e4",58,"u""callback_data.Flags == flags"""
"1019fa20",26,"u""!is_readonly"""
"1019fa40",118,"u""callback_data.BufTextLen == (int)strlen(callback_data.Buf)"""
"1019fab8",54,"u""apply_new_text_length >= 0"""
"1019faf0",68,"u""apply_new_text_length <= buf_size"""
"1019fb34",52,"u""g.ColorEditCurrentID != 0"""
"1019fb7c",6,"""R:%3d"""
"1019fb84",6,"""G:%3d"""
"1019fb8c",6,"""B:%3d"""
"1019fb94",6,"""A:%3d"""
"1019fb9c",6,"""H:%3d"""
"1019fba4",6,"""S:%3d"""
"1019fbac",6,"""V:%3d"""
"1019fbb4",6,"""%0.3f"""
"1019fbbc",8,"""R:%0.3f"""
"1019fbc4",8,"""G:%0.3f"""
"1019fbcc",8,"""B:%0.3f"""
"1019fbd4",8,"""A:%0.3f"""
"1019fbdc",8,"""H:%0.3f"""
"1019fbe4",8,"""S:%0.3f"""
"1019fbec",8,"""V:%0.3f"""
"1019fbf8",114,"u""ImIsPowerOfTwo(flags & ImGuiColorEditFlags_DisplayMask_)"""
"1019fc70",110,"u""ImIsPowerOfTwo(flags & ImGuiColorEditFlags_InputMask_)"""
"1019fce0",8,"""M:0.000"""
"1019fce8",6,"""M:000"""
"1019fcf0",8,"""context"""
"1019fcf8",18,"""#%02X%02X%02X%02X"""
"1019fd0c",14,"""#%02X%02X%02X"""
"1019fd1c",7,"""##Text"""
"1019fd24",17,"""%02X%02X%02X%02X"""
"1019fd38",13,"""%02X%02X%02X"""
"1019fd48",14,"""##ColorButton"""
"1019fd58",7,"""picker"""
"1019fd60",9,"""##picker"""
"1019fd6c",7,"""_COL3F"""
"1019fd74",7,"""_COL4F"""
"1019fd80",112,"u""ImIsPowerOfTwo(flags & ImGuiColorEditFlags_PickerMask_)"""
"1019fdfc",6,"""alpha"""
"1019fe04",8,"""Current"""
"1019fe0c",10,"""##current"""
"1019fe18",9,"""Original"""
"1019fe24",11,"""##original"""
"1019fe30",6,"""##rgb"""
"1019fe38",6,"""##hsv"""
"1019fe40",6,"""##hex"""
"1019fe48",6,"""Color"""
"1019fe50",12,"""##preview"""
"1019fe5c",53,"""#%02X%02X%02X\nR: %d, G: %d, B: %d\n(%.3f, %.3f, %.3f)"""
"1019fe98",66,"""#%02X%02X%02X%02X\nR:%d, G:%d, B:%d, A:%d\n(%.3f, %.3f, %.3f, %.3f)"""
"1019fedc",26,"""H: %.3f, S: %.3f, V: %.3f"""
"1019fef8",35,"""H: %.3f, S: %.3f, V: %.3f, A: %.3f"""
"1019ff28",7,"""0..255"""
"1019ff30",11,"""0.00..1.00"""
"1019ff3c",10,"""Copy as.."""
"1019ff48",29,"""(%.3ff, %.3ff, %.3ff, %.3ff)"""
"1019ff68",14,"""(%d,%d,%d,%d)"""
"1019ff78",13,"""##selectable"""
"1019ff88",20,"""##previewing_picker"""
"1019ff9c",10,"""Alpha Bar"""
"1019ffa8",108,"u""button_flags & ImGuiButtonFlags_PressedOnDragDropHold"""
"101a0018",98,"u""nav_tree_node_data->ID == window->IDStack.back()"""
"101a0080",70,"u""v_idx >= 0 && v_idx < values_count"""
"101a00c8",20,"""%d: %8.4g\n%d: %8.4g"""
"101a00dc",10,"""%d: %8.4g"""
"101a00e8",74,"u""v1_idx >= 0 && v1_idx < values_count"""
"101a013c",8,"""false"""
"101a0144",9,"""%s: %.3f"""
"101a0150",34,"u""tab_bar->ID != 0"""
"101a0178",116,"u""(tab_bar != 0) && \""Mismatched BeginTabBar()/EndTabBar()!\"""""
"101a01f0",102,"u""tab->LastFrameVisible >= tab_bar->PrevFrameVisible"""
"101a0258",38,"u""docked_window == 0"""
"101a0280",92,"u""tab->NameOffset < tab_bar->TabsNames.Buf.Size"""
"101a02dc",24,"u""offset != 0"""
"101a02f8",68,"u""tab_bar->ReorderRequestTabId == 0"""
"101a0346",150,"u""v(tab_bar) && \""Needs to be called between BeginTabBar() and EndTabBar()!\"""""
"101a03e0",72,"u""!(flags & ImGuiTabItemFlags_Button)"""
"101a0428",156,"u""(tab_bar != 0) && \""Needs to be called between BeginTabBar() and EndTabBar()!\"""""
"101a04c4",58,"u""tab_bar->LastTabItemIdx >= 0"""
"101a0500",94,"u""!p_open || !(flags & ImGuiTabItemFlags_Button)"""
"101a0560",254,"u""(flags & (ImGuiTabItemFlags_Leading | ImGuiTabItemFlags_Trailing)) != (ImGuiTabItemFlags_Leading | ImGuiTabItemFlags_Trailing)"""
"101a0660",144,"u""!is_tab_button || !(tab_bar->SelectedTabId == tab->ID && is_tab_button)"""
"101a06f0",26,"u""width > 0.0f"""
"101a0710",140,"u""data_type == ImGuiDataType_Float || data_type == ImGuiDataType_Double"""
"101a0884",6,"""Audio"""
"101a08c8",9,"""bad cast"""
"101a08e4",16,"""bad locale name"""
"101a0930",15,"""negative value"""
"101a0940",90,"""C:\\Users\\Madhav Gupta\\Documents\\GitHub\\ProjectEagleCore\\include\\spdlog\\fmt\\bundled\\core.h"""
"101a09a0",92,"""C:\\Users\\Madhav Gupta\\Documents\\GitHub\\ProjectEagleCore\\include\\spdlog\\fmt\\bundled\\format.h"""
"101a1008",18,"""number is too big"""
"101a101c",25,"""invalid number of digits"""
"101a1040",18,"""unaligned bigints"""
"101a1054",28,"""%s:%d: assertion failed: %s"""
"101a1070",31,"""unmatched '}' in format string"""
"101a1090",22,"""invalid format string"""
"101a10a8",25,"""unknown format specifier"""
"101a10c4",29,"""missing '}' in format string"""
"101a10e4",19,"""argument not found"""
"101a10f8",57,"""cannot switch from manual to automatic argument indexing"""
"101a1138",96,"""C:\\Users\\Madhav Gupta\\Documents\\GitHub\\ProjectEagleCore\\include\\spdlog\\fmt\\bundled\\format-inl.h"""
"101a1198",19,"""too large exponent"""
"101a1420",18,"""k is out of range"""
"101a1680",24,"""shifting error detected"""
"101a1bfc",23,"""invalid type specifier"""
"101a1c14",27,"""invalid fill character '{'"""
"101a1c30",43,"""format specifier requires numeric argument"""
"101a1c5c",12,"""{} [{}({})]"""
"101a1c68",39,"""Rethrowing unknown exception in logger"""
"101a1c90",18,"""%Y-%m-%d %H:%M:%S"""
"101a1ca4",41,"""[*** LOG ERROR #%04zu ***] [%s] [%s] %s\n"""
"101a1cd8",23,"""string pointer is null"""
"101a1cf0",34,"""invalid format specifier for char"""
"101a1d14",28,"""missing precision specifier"""
"101a1d30",42,"""format specifier requires signed argument"""
"101a1d5c",20,"""invalid digit count"""
"101a1d70",45,"""precision not allowed for this argument type"""
"101a1da0",13,"""invalid fill"""
"101a1db0",57,"""cannot switch from automatic to manual argument indexing"""
"101a1dfc",13,"""empty buffer"""
"101a1e0c",18,"""value is negative"""
"101a1e30",15,"""n is too large"""
"101a1e40",15,"""negative width"""
"101a1e50",19,"""negative precision"""
"101a1e64",22,"""exponent out of range"""
"101a1e7c",21,"""width is not integer"""
"101a1e94",25,"""precision is not integer"""
"101a1ed4",31,"""[{}] Failed to load sound '{}'"""
"101a1f10",8,"""plg-sdk"""
"101a1f34",18,"""deque<T> too long"""
"101a21a4",9,"""0x%X: %s"""
"101a21b0",49,"""   Can't generate backtrace: symbol == nullptr\r\n"""
"101a21e4",26,"""   0x%p: %s in %s (+0x%x)"""
"101a2200",9,""" [%s:%d]"""
"101a220c",32,"""   0x%p: sub_%p in %s (+0x%x)\r\n"""
"101a222c",17,"""Access violation"""
"101a2240",14,"""In page error"""
"101a2250",20,"""Illegal instruction"""
"101a2264",26,"""Non-continuable exception"""
"101a2280",20,"""Invalid disposition"""
"101a2294",22,"""Array bounds exceeded"""
"101a22ac",23,"""Denormal float operand"""
"101a22c4",32,"""Floating-point division by zero"""
"101a22e4",30,"""Floating-point inexact result"""
"101a2304",33,"""Floating-point invalid operation"""
"101a2328",24,"""Floating-point overflow"""
"101a2340",27,"""Floating-point stack check"""
"101a235c",25,"""Floating-point underflow"""
"101a2378",25,"""Integer division by zero"""
"101a2394",17,"""Integer overflow"""
"101a23a8",23,"""Privileged instruction"""
"101a23c0",15,"""Stack overflow"""
"101a23d0",33,"""Data type misalignment exception"""
"101a23f4",21,"""Breakpoint exception"""
"101a240c",22,"""Single step exception"""
"101a2424",15,"""NO_DESCRIPTION"""
"101a2434",15,"""Unknown access"""
"101a2444",21,"""In-page error access"""
"101a245c",6,""" read"""
"101a2464",7,""" write"""
"101a246c",9,""" execute"""
"101a2478",9,"""Consolas"""
"101a2484",32,"""Save Memory Dump (Dev Mode Off)"""
"101a24a8",74,"""Crash log saved to ProjectEagle_crashes\\%04d-%02d-%02d_%02d-%02d-%02d.log"""
"101a24f4",28,"""Failed to create a log file"""
"101a2510",28,"""Save Memory Dump (~%.1f MB)"""
"101a252c",8,"""Success"""
"101a2534",31,"""Crash log copied to clipboard!"""
"101a2554",21,"""ProjectEagle_crashes"""
"101a256c",55,"""ProjectEagle_crashes\\%04d-%02d-%02d_%02d-%02d-%02d.dmp"""
"101a25a4",56,"""Memory dump saved successfully!\n\nFile: %s\nSize: %.2f MB"""
"101a25dc",11,"""Dump Saved"""
"101a25e8",32,"""Memory dump saved successfully!"""
"101a2608",6,"""Error"""
"101a2610",30,"""Failed to create memory dump!"""
"101a2630",28,"""Failed to create dump file!"""
"101a264c",20,"""GTA SA v1.0 COMPACT"""
"101a2660",20,"""GTA SA v1.0 HOODLUM"""
"101a2674",44,"""%s, Project Eagle Core Jun 13 2026 20:26:43"""
"101a26a0",23,"""\r\nLast file loaded: %s"""
"101a26b8",26,"""\r\nLast library loaded: %s"""
"101a26d4",36,"""\r\nUnhandled exception at 0x%p in %s"""
"101a26f8",9,""" (+0x%p)"""
"101a270c",17,"""Register dump:\r\n"""
"101a2720",15,"""   EAX: 0x%p  """
"101a2730",15,"""   EBX: 0x%p  """
"101a2740",15,"""   ECX: 0x%p  """
"101a2750",15,"""   EDX: 0x%p  """
"101a2760",15,"""   ESI: 0x%p  """
"101a2770",15,"""   EDI: 0x%p  """
"101a2780",15,"""   EBP: 0x%p  """
"101a2790",15,"""   ESP: 0x%p  """
"101a27a0",15,"""   EIP: 0x%p  """
"101a27b0",15,"""   EFL: 0x%p  """
"101a27c0",15,"""   CS:  0x%p  """
"101a27d0",15,"""   SS:  0x%p  """
"101a27e0",15,"""   GS:  0x%p  """
"101a27f0",15,"""   FS:  0x%p  """
"101a2800",15,"""   ES:  0x%p  """
"101a2810",15,"""   DS:  0x%p  """
"101a2820",14,"""Stack dump:\r\n"""
"101a2830",10,"""   0x%p: """
"101a2840",41,"""   base: 0x%p   top: 0x%p   bottom: 0x%p"""
"101a286c",11,"""Backtrace:"""
"101a2878",22,"""\r\n\r\nLoaded modules:\r\n"""
"101a2894",12,"""%u.%u.%u.%u"""
"101a28a0",41,"""   Base: 0x%p  Module: %s  Version: %s\r\n"""
"101a28cc",18,"""Active scripts:\r\n"""
"101a28e0",43,"""   %-8s   BIP %08X   CIP %08X   %d%d%d%d\r\n"""
"101a290c",55,"""ProjectEagle_crashes\\%04d-%02d-%02d_%02d-%02d-%02d.log"""
"101a2944",11,"""PECore.asi"""
"101a2950",21,"""(Failed to save log)"""
"101a2968",26,"""(No crash info available)"""
"101a2984",61,"""Game crashed!\n\n%s\n\nCrash log saved to:\n%s\n\nClick OK to exit."""
"101a29c4",37,"""...\n\n(See log file for full details)"""
"101a29ec",34,"""Project Eagle Core - Crash Report"""
"101a2a10",28,"""\r\n\r\n*** FREEZE DETECTED ***"""
"101a2a2c",53,"""\r\nGame has been unresponsive for more than 5 seconds"""
"101a2a64",56,"""\r\nThis is likely caused by an infinite loop or deadlock"""
"101a2a9c",24,"""\r\n\r\nFrozen at EIP: 0x%p"""
"101a2ab4",7,""" in %s"""
"101a2abc",41,"""Backtrace (where the freeze occurred):\r\n"""
"101a2ae8",22,"""\r\n\r\nActive scripts:\r\n"""
"101a2b00",62,"""ProjectEagle_crashes\\FREEZE_%04d-%02d-%02d_%02d-%02d-%02d.log"""
"101a2b40",180,"""Game freeze detected!\n\nThe game has been unresponsive for more than 5 seconds.\nFreeze report saved to:\n%s\n\nDo you want to save a memory dump for analysis?\n(This may take a moment)"""
"101a2bf4",37,"""Project Eagle Core - Freeze Detector"""
"101a2c1c",62,"""ProjectEagle_crashes\\FREEZE_%04d-%02d-%02d_%02d-%02d-%02d.dmp"""
"101a2c60",80,"""Memory dump saved successfully!\n\nFile: %s\nSize: %.2f MB\n\nClick OK to terminate."""
"101a2cb0",49,"""Memory dump saved to:\n%s\n\nClick OK to terminate."""
"101a2ce4",54,"""Failed to create memory dump!\n\nClick OK to terminate."""
"101a2d2c",10,"""DebugMenu"""
"101a2d70",9,"""iostream"""
"101a2d7c",24,"""iostream stream error"""
"101a2dd8",21,"""ios_base::badbit set"""
"101a2df0",22,"""ios_base::failbit set"""
"101a2e08",21,"""ios_base::eofbit set"""
"101a2ee0",24,"""invalid string position"""
"101a2f04",28,"""[{}] Created menu page '{}'"""
"101a2f20",10,"""%s: %.3lf"""
"101a2f2c",9,"""%s: %lld"""
"101a2f38",10,"""Debugmenu"""
"101a2f44",43,"""[{}] Registered Int8 entry '{}' under '{}'"""
"101a2f70",44,"""[{}] Registered Int16 entry '{}' under '{}'"""
"101a2f9c",44,"""[{}] Registered Int32 entry '{}' under '{}'"""
"101a2fc8",44,"""[{}] Registered Int64 entry '{}' under '{}'"""
"101a2ff4",44,"""[{}] Registered UInt8 entry '{}' under '{}'"""
"101a3020",45,"""[{}] Registered UInt16 entry '{}' under '{}'"""
"101a3050",45,"""[{}] Registered UInt32 entry '{}' under '{}'"""
"101a3080",45,"""[{}] Registered UInt64 entry '{}' under '{}'"""
"101a30b0",46,"""[{}] Registered Float32 entry '{}' under '{}'"""
"101a30e0",46,"""[{}] Registered Float64 entry '{}' under '{}'"""
"101a3110",42,"""[{}] Registered Cmd entry '{}' under '{}'"""
"101a313c",45,"""[{}] Registered Color3 entry '{}' under '{}'"""
"101a3170",38,"""[{}] Failed to create DX9 hook thread"""
"101a3198",63,"""[{}] Debug menu input hooks installed; DX9 hook thread started"""
"101a3378",18,"""WTH_EXTRASUNNY_LS"""
"101a338c",13,"""WTH_SUNNY_LS"""
"101a339c",24,"""WTH_EXTRASUNNY_SMOG_LS"""
"101a33b4",20,"""WTH_SUNNY_SMOG_LS"""
"101a33c8",16,"""WTH_CLOUDY_LS"""
"101a33d8",16,"""WTH_SUNNY_SF"""
"101a33e8",20,"""WTH_EXTRASUNNY_SF"""
"101a33fc",16,"""WTH_CLOUDY_SF"""
"101a340c",16,"""WTH_RAINY_SF"""
"101a341c",16,"""WTH_FOGGY_SF"""
"101a342c",16,"""WTH_SUNNY_LV"""
"101a343c",20,"""WTH_EXTRASUNNY_LV"""
"101a3450",16,"""WTH_CLOUDY_LV"""
"101a3460",28,"""WTH_EXTRASUNNY_COUNTRYSIDE"""
"101a347c",24,"""WTH_SUNNY_COUNTRYSIDE"""
"101a3494",24,"""WTH_CLOUDY_COUNTRYSIDE"""
"101a34ac",24,"""WTH_RAINY_COUNTRYSIDE"""
"101a34c4",24,"""WTH_EXTRASUNNY_DESERT"""
"101a34dc",20,"""WTH_SUNNY_DESERT"""
"101a34f0",24,"""WTH_SANDSTORM_DESERT"""
"101a3508",20,"""WTH_UNDERWATER_SA"""
"101a351c",16,"""WTH_SUNNY_LC"""
"101a352c",16,"""WTH_CLOUDY_LC"""
"101a353c",16,"""WTH_RAINY_LC"""
"101a355c",16,"""WTH_SUNNY_VC"""
"101a356c",16,"""WTH_CLOUDY_VC"""
"101a357c",16,"""WTH_RAINY_VC"""
"101a359c",20,"""WTH_EXTRASUNNY_VC"""
"101a35b0",20,"""WTH_HURRICANE_VC"""
"101a35c4",16,"""WTH_SUNNY_BW"""
"101a35d4",16,"""WTH_CLOUDY_BW"""
"101a35e4",16,"""WTH_RAINY_BW"""
"101a3604",20,"""WTH_EXTRASUNNY_BW"""
"101a3618",20,"""WTH_HURRICANE_BW"""
"101a362c",20,"""WTH_WINTER_SUNNY_BW"""
"101a3640",24,"""WTH_WINTER_CLOUDY_BW"""
"101a3668",20,"""WTH_WINTER_FOGGY_BW"""
"101a367c",28,"""WTH_WINTER_EXTRASUNNY_BW"""
"101a3698",20,"""WTH_SNOWSTORM_BW"""
"101a36ac",20,"""WTH_FALL_SUNNY_BW"""
"101a36c0",20,"""WTH_FALL_CLOUDY_BW"""
"101a36d4",20,"""WTH_FALL_RAINY_BW"""
"101a36e8",20,"""WTH_FALL_FOGGY_BW"""
"101a36fc",24,"""WTH_FALL_EXTRASUNNY_BW"""
"101a3714",24,"""WTH_FALL_HURRICANE_BW"""
"101a372c",16,"""WTH_SUNNY_LC_2"""
"101a373c",16,"""WTH_CLOUDY_LC_2"""
"101a374c",16,"""WTH_RAINY_LC_2"""
"101a375c",16,"""WTH_FOGGY_LC_2"""
"101a376c",20,"""WTH_EXTRASUNNY_LC"""
"101a3780",20,"""WTH_HURRICANE_LC"""
"101a37b0",16,"""WTH_SUNNY_VC_2"""
"101a37c0",16,"""WTH_CLOUDY_VC_2"""
"101a37d0",16,"""WTH_RAINY_VC_2"""
"101a37e0",16,"""WTH_FOGGY_VC_2"""
"101a37f0",20,"""WTH_EXTRASUNNY_VC_2"""
"101a3804",20,"""WTH_HURRICANE_VC_2"""
"101a3818",20,"""WTH_ULTRASUNNY_VC"""
"101a382c",20,"""WTH_SUNNY_MIDWAY"""
"101a3840",20,"""WTH_CLOUDY_MIDWAY"""
"101a3854",20,"""WTH_RAINY_MIDWAY"""
"101a3868",20,"""WTH_FOGGY_MIDWAY"""
"101a387c",24,"""WTH_EXTRASUNNY_MIDWAY"""
"101a3894",20,"""WTH_SUNNY_MIDWEST"""
"101a38a8",20,"""WTH_CLOUDY_MIDWEST"""
"101a38bc",20,"""WTH_RAINY_MIDWEST"""
"101a38d0",20,"""WTH_FOGGY_MIDWEST"""
"101a38e4",24,"""WTH_EXTRASUNNY_MIDWEST"""
"101a38fc",20,"""WTH_SNOWY_MIDWEST"""
"101a3910",16,"""WTH_SUNNY_CC"""
"101a3920",16,"""WTH_CLOUDY_CC"""
"101a3930",16,"""WTH_RAINY_CC"""
"101a3950",20,"""WTH_EXTRASUNNY_CC"""
"101a3964",16,"""WTH_SNOWY_CC"""
"101a3974",16,"""WTH_SUNNY_RC"""
"101a3984",16,"""WTH_CLOUDY_RC"""
"101a3994",16,"""WTH_RAINY_RC"""
"101a39a4",16,"""WTH_FOGGY_RC"""
"101a39b4",20,"""WTH_EXTRASUNNY_RC"""
"101a39c8",16,"""WTH_SUNNY_PO"""
"101a39d8",16,"""WTH_CLOUDY_PO"""
"101a39e8",16,"""WTH_RAINY_PO"""
"101a39f8",16,"""WTH_FOGGY_PO"""
"101a3a08",20,"""WTH_EXTRASUNNY_PO"""
"101a3a1c",16,"""WTH_SUNNY_CM"""
"101a3a2c",16,"""WTH_CLOUDY_CM"""
"101a3a3c",16,"""WTH_RAINY_CM"""
"101a3a4c",16,"""WTH_FOGGY_CM"""
"101a3a5c",20,"""WTH_EXTRASUNNY_CM"""
"101a3a70",20,"""WTH_HURRICANE_CM"""
"101a3a84",20,"""WTH_EXTRACOLOURS_1"""
"101a3a98",20,"""WTH_EXTRACOLOURS_2"""
"101a3aac",20,"""WTH_EXTRACOLOURS_3"""
"101a3ac0",20,"""WTH_EXTRACOLOURS_4"""
"101a3ad8",20,"""WTH_EXTRACOLOURS_5"""
"101a3af8",20,"""WTH_EXTRACOLOURS_6"""
"101a3b10",20,"""WTH_EXTRACOLOURS_7"""
"101a3b24",10,"""WTH_TOTAL"""
"101a3b30",34,"""Project Eagle debug pager message"""
"101a3b54",12,"""New weather"""
"101a3b60",15,"""PECore|Weather"""
"101a3b70",12,"""Old weather"""
"101a3b7c",27,"""Forced weather (-1 random)"""
"101a3b98",20,"""Graph sample radius"""
"101a3bac",23,"""Min visual contributor"""
"101a3bcc",23,"""PECore|Weather|Readout"""
"101a3bec",10,"""Foggyness"""
"101a3bf8",10,"""Sun Glare"""
"101a3c04",8,"""Rainbow"""
"101a3c14",13,"""Wind Clipped"""
"101a3c24",10,"""Sandstorm"""
"101a3c30",10,"""Heat Haze"""
"101a3c3c",13,"""Heat Haze FX"""
"101a3c4c",15,"""Traffic Lights"""
"101a3c5c",13,"""Water Fog FX"""
"101a3c70",85,"""Target weather the game is blending toward. Set to preview a weather type instantly."""
"101a3cc8",87,"""Weather the game is blending away from. Pair with New weather to preview a transition."""
"101a3d20",68,"""Lock the weather to one type. -1 lets the normal weather cycle run."""
"101a3d68",146,"""Radius (game units) sampled around the player when reading the weather graph. Larger = smoother regional blends, smaller = sharper local changes."""
"101a3e00",140,"""Weather types contributing less than this weight are ignored when blending visuals. Raise to cut faint contributors, lower to include more."""
"101a3e8c",11,"""VCS trails"""
"101a3e98",14,"""PECore|PostFX"""
"101a3ea8",18,"""Radiosity enabled"""
"101a3ebc",15,"""Game radiosity"""
"101a3ecc",13,"""Color filter"""
"101a3edc",13,"""Trails limit"""
"101a3eec",17,"""Trails intensity"""
"101a3f00",20,"""PS2 Darkness filter"""
"101a3f14",19,"""PS2 Darkness alpha"""
"101a3f28",20,"""Heat Haze FX (Game)"""
"101a3f3c",14,"""Speed Blur FX"""
"101a3f4c",17,"""Speed Blur alpha"""
"101a3f60",13,"""Grain Effect"""
"101a3f70",12,"""CCTV Effect"""
"101a3f7c",13,"""Night Vision"""
"101a3f8c",19,"""Night Vision Grain"""
"101a3fa0",16,"""Infrared Vision"""
"101a3fb0",22,"""Infrared Vision Grain"""
"101a3fc8",16,"""Water FX Enable"""
"101a3fd8",20,"""Global Color Enable"""
"101a3fec",63,"""VCS-style motion trails (frame-blending). Off = no trail blur."""
"101a402c",58,"""Enable PECore's radiosity (color-bleed glow) post effect."""
"101a4068",60,"""Use the stock game radiosity instead of the PECore version."""
"101a40a8",75,"""Swap the screen color grade to mimic another GTA era (III/VC/SA/PS2/etc.)."""
"101a40f8",80,"""Maximum number of trail layers retained. Higher = longer trails, more GPU cost."""
"101a4148",73,"""Opacity/strength of each trail layer. Higher = more pronounced smearing."""
"101a4194",50,"""PS2-style darkening overlay applied to the scene."""
"101a41c8",65,"""Opacity of the PS2 darkness overlay (0 = invisible, 255 = full)."""
"101a420c",54,"""Stock heat-shimmer distortion (deserts, hot weather)."""
"101a4244",41,"""Radial blur that kicks in at high speed."""
"101a4270",49,"""Strength of the speed blur (0 = off, 255 = max)."""
"101a42a4",26,"""Film-grain noise overlay."""
"101a42c0",39,"""Security-camera look (scanlines/tint)."""
"101a42e8",28,"""Green night-vision overlay."""
"101a4304",45,"""Noise strength while night vision is active."""
"101a4334",26,"""Thermal/infrared overlay."""
"101a4350",48,"""Noise strength while infrared vision is active."""
"101a4380",47,"""Enable PECore's water post-processing effects."""
"101a43b0",51,"""Master switch for PECore's color-grading pipeline."""
"101a43e4",14,"""Show patchlog"""
"101a43f4",16,"""PECore|PatchLog"""
"101a4404",62,"""Overlay the list of memory patches PECore applied at startup."""
"101a4444",18,"""Add pager message"""
"101a4458",13,"""PECore|Pager"""
"101a4468",18,"""Add money message"""
"101a447c",20,"""Clear pager message"""
"101a4490",71,"""Spawn a test GTA III-style pager message (verifies the pager renders)."""
"101a44d8",56,"""Spawn a floating +$1000 money message above the player."""
"101a4510",46,"""Clear any pager messages currently on screen."""
"101a4540",23,"""Open Profiler (Ctrl+P)"""
"101a4558",16,"""PECore|Profiler"""
"101a4568",146,"""Open the live profiler window: streaming/file churn, memory & fragmentation, model integrity, and frame-time breakdown. Also toggled with Ctrl+P."""
"101a4600",98,"""[{}] PECore debug menu initialized (Weather, PostFX, PatchLog, Pager, Profiler groups registered)"""
"101a466c",8,"""Timecyc"""
"101a4674",8,"""Ambient"""
"101a467c",12,"""Ambient Obj"""
"101a4688",16,"""Ambient Blur"""
"101a4698",20,"""Ambient Obj Blur"""
"101a46ac",12,"""Directional"""
"101a46b8",12,"""Mat Mult"""
"101a46c4",8,"""Sky Top"""
"101a46cc",12,"""Sky Bottom"""
"101a46d8",12,"""Sun Core"""
"101a46e4",12,"""Sun Corona"""
"101a46f0",12,"""Low Cloud"""
"101a46fc",16,"""Bottom Cloud"""
"101a470c",12,"""Top Cloud"""
"101a4718",8,"""Water"""
"101a473c",14,"""TimeCyc Reset"""
"101a474c",31,"""[{}] TimeCyc reset to defaults"""
"101a476c",53,"""TimeCyc saved to data dir and original got backed up"""
"101a47a4",31,"""[{}] TimeCyc saved to data dir"""
"101a47c4",9,"""##swatch"""
"101a47d0",12,"""Color Slots"""
"101a47dc",13,"""Editing:  %s"""
"101a47ec",14,"""Sun & Sprites"""
"101a4804",12,"""Sun Size##v"""
"101a4810",15,"""Sprite Size##v"""
"101a4820",21,"""Sprite Brightness##v"""
"101a4838",8,"""Shadows"""
"101a4840",10,"""Shadow##v"""
"101a484c",16,"""Light Shadow##v"""
"101a485c",15,"""Pole Shadow##v"""
"101a486c",11,"""Atmosphere"""
"101a4880",12,"""Far Clip##v"""
"101a488c",13,"""Fog Start##v"""
"101a489c",19,"""Light on Ground##v"""
"101a48b0",15,"""Water & Clouds"""
"101a48c0",15,"""Water Alpha##v"""
"101a48d0",15,"""Cloud Alpha##v"""
"101a48e0",19,"""Water Fog Alpha##v"""
"101a48f4",13,"""PostFX Alpha"""
"101a4904",18,"""PostFX 1 Alpha##v"""
"101a4918",18,"""PostFX 2 Alpha##v"""
"101a492c",17,"""Radiosity & Wind"""
"101a4940",23,"""Radiosity Intensity##v"""
"101a4958",19,"""Radiosity Limit##v"""
"101a496c",15,"""Dark Factor##v"""
"101a497c",19,"""Wind Multiplier##v"""
"101a4990",6,"""Sunny"""
"101a4998",11,"""ExtraSunny"""
"101a49a4",7,"""Cloudy"""
"101a49ac",6,"""Rainy"""
"101a49b4",6,"""Foggy"""
"101a49bc",10,"""Hurricane"""
"101a49c8",6,"""Snowy"""
"101a49d0",10,"""SnowStorm"""
"101a49dc",10,"""SandStorm"""
"101a49e8",11,"""ExtraColor"""
"101a49f4",13,"""Color Filter"""
"101a4a04",12,"""Current: %s"""
"101a4a10",19,"""Color Filter##prop"""
"101a4a24",14,"""Handling Type"""
"101a4a34",20,"""Handling Type##prop"""
"101a4a48",16,"""Weather Variant"""
"101a4a58",22,"""Weather Variant##prop"""
"101a4a70",6,"""Flags"""
"101a4a78",18,"""Flags (hex)##prop"""
"101a4a8c",25,"""Timecyc Editor##TCEditor"""
"101a4aa8",20,"""  Time Cycle Editor"""
"101a4abc",8,"""%02d:00"""
"101a4ac4",9,"""Hour##tc"""
"101a4ad4",12,"""Weather##tc"""
"101a4ae0",17,"""Live Preview##tc"""
"101a4af4",11,"""Filter: %s"""
"101a4b00",10,"""Reset##tc"""
"101a4b0c",9,"""Save##tc"""
"101a4b18",11,"""Reload##tc"""
"101a4b24",9,"""##TCTabs"""
"101a4b30",14,"""Colors##tctab"""
"101a4b40",14,"""Values##tctab"""
"101a4b50",18,"""Properties##tctab"""
"101a4b64",7,"""opened"""
"101a4b6c",7,"""closed"""
"101a4b74",30,"""[{}] Timecyc editor window {}"""
"101a4b94",14,"""Reset timecyc"""
"101a4ba4",15,"""PECore|Timecyc"""
"101a4bb4",13,"""Save timecyc"""
"101a4bc4",12,"""Blur colors"""
"101a4bd0",19,"""Directional colors"""
"101a4be4",27,"""Stories weather (III & VC)"""
"101a4c00",20,"""Open Timecyc Editor"""
"101a4c18",89,"""[{}] Timecyc debug menu initialized ({} color slots, editor + global toggles registered)"""
"101a4daf",9,"""?trace"""
"101a4db8",8,"""debug"""
"101a4dc8",8,"""warning"""
"101a4dd0",8,"""error"""
"101a4dd8",12,"""critical"""
"101a4e50",7,"""PECore"""
"101a4e74",7,"""Sunday"""
"101a4e7c",7,"""Monday"""
"101a4e84",8,"""Tuesday"""
"101a4e8c",10,"""Wednesday"""
"101a4e98",9,"""Thursday"""
"101a4ea4",7,"""Friday"""
"101a4eac",9,"""Saturday"""
"101a4eec",8,"""January"""
"101a4ef4",9,"""February"""
"101a4f00",6,"""March"""
"101a4f08",6,"""April"""
"101a4f20",7,"""August"""
"101a4f28",10,"""September"""
"101a4f34",8,"""October"""
"101a4f3c",9,"""November"""
"101a4f48",9,"""December"""
"101a4f70",8,"""generic"""
"101a4f7c",7,"""error """
"101a4f98",31,"""Failed getting timezone info. """
"101a4fc8",6,"""{:02}"""
"101a4fd0",65,"""                                                                """
"101a53f0",13,"""CrashHandler"""
"101a5400",9,"""SETTINGS"""
"101a5418",70,"""Starting Project Eagle Core (Jun 15 2026)\nAuthor: Madhav2609, Grinch_"""
"101a5460",32,"""[{}] Date: {}-{}-{} Time: {}:{}"""
"101a5480",34,"""[{}] Detected GTA SA v1.0 COMPACT"""
"101a54a4",34,"""[{}] Detected GTA SA v1.0 HOODLUM"""
"101a54c8",26,"""FramerateVigilante.SA.asi"""
"101a54e4",9,"""grgx.asi"""
"101a54f0",14,"""HeliFixSA.asi"""
"101a5500",12,"""EarShot.asi"""
"101a550c",9,"""CLEO.asi"""
"101a5518",64,"""Project Eagle Core contains the functions of these plugins,\n\n"""
"101a5558",29,"""- FramerateVigilante.SA.asi\n"""
"101a5578",12,"""- grgx.asi\n"""
"101a5584",17,"""- HeliFixSA.asi\n"""
"101a5598",15,"""- EarShot.asi\n"""
"101a55a8",54,"""\nHaving both of them installed may cause instability."""
"101a55e0",26,"""Deprecated plugins found!"""
"101a55fc",19,"""Project Eagle Core"""
"101a5610",39,"""CLEO Library 4.4 or above is required!"""
"101a5638",44,"""[{}] CLEO Library 4.4 or above is required!"""
"101a5664",52,"""[{}] Unknown game version. GTA SA v1.0 US required!"""
"101a59e0",6,"""Enums"""
"101a59e8",60,"""[{}] Enum systems initialized ({} weather type names built)"""
"101a5a28",20,"""DATA\\scrollbars.dat"""
"101a5a3c",40,"""ERROR LOADING SCROLLBARS.DAT . . .   """
"101a5a64",32,"""NO DATA FOR THIS TYPE . . .   """
"101a5a84",16,"""AnimatedObjects"""
"101a5a9c",8,"""TRAFFIC"""
"101a5aa4",16,"""ENTERTAINMENT"""
"101a5ab4",16,"""AIRPORT_DOORS"""
"101a5ac4",16,"""AIRPORT_FRONT"""
"101a5ad4",8,"""STORE"""
"101a5adc",12,"""USED_CARS"""
"101a5ae8",6,"""%f %f"""
"101a5af0",7,"""TUNNEL"""
"101a5af8",8,"""BRIDGE"""
"101a5b08",8,"""WEATHER"""
"101a5b1c",21,"""POOR VISIBILITY !   """
"101a5b34",24,"""ROADS ARE SLIPPERY !   """
"101a5b4c",19,"""ENJOY YOUR TRIP   """
"101a5b60",23,"""[{}] Failed to open {}"""
"101a5b78",14,"""DRAW_DISTANCE"""
"101a5b88",45,"""[{}] Ignoring unknown scrollbar section [{}]"""
"101a5bb8",49,"""[{}] Invalid scrollbar draw distance config '{}'"""
"101a5bec",53,"""[{}] Ignoring scrollbar text outside a valid section"""
"101a5c24",52,"""[{}] {} did not contain any valid scrollbar entries"""
"101a5c58",12,"""fluffcorona"""
"101a5c64",21,"""Project Eagle Rocks!"""
"101a5f24",14,"""MoneyMessages"""
"101a5f38",89,"""[{}] Money messages hooked (SpecialFx init/render + money pickup inline hooks installed)"""
"101a5fa7",13,"""@CarCrusher"""
"101a5fb4",33,"""[{}] initialized at ({}, {}, {})"""
"101a5fd8",64,"""[{}] Models={},{},{} ActivationRadius={:.2f} CrushRadius={:.2f}"""
"101a6060",12,""" (override)"""
"101a606c",51,"""[{}] CrushZone offset = ({:.3f}, {:.3f}, {:.3f}){}"""
"101a60a0",48,"""[{}] Objects created successfully on attempt {}"""
"101a60d0",60,"""[{}] ProcessInitialized - Objects missing, going to cleanup"""
"101a610c",28,""" ~s~- ~w~Yes(Y) ~r~No(N)~s~"""
"101a6128",13,"""Reward: ~y~$"""
"101a6138",39,"""[{}] ProcessGrabbingCar - Vehicle lost"""
"101a6160",68,"""[{}] Lowering rope - Height={:.3f}, Target={:.3f}, Extension={:.2f}"""
"101a61a4",41,"""[{}] Vehicle grabbed, proceeding to lift"""
"101a61d0",32,"""[{}] Grab timeout, forcing lift"""
"101a61f0",128,"""[{}] Resetting - Veh at ({:.2f}, {:.2f}, {:.2f}), CrushZone at ({:.2f}, {:.2f}, {:.2f}), LocalX={:.2f}, LocalY={:.2f}, Z={:.2f}"""
"101a6270",15,"""You received $"""
"101a6280",129,"""[{}] Vehicle at ({:.2f}, {:.2f}, {:.2f}) - LocalSpace: X={:.2f} (limit {:.2f}), Y={:.2f} (limit {:.2f}), Z={:.2f} (limit {:.2f})"""
"101a6304",37,"""[{}] Vehicle DETECTED in crush zone!"""
"101a6330",128,"""[{}] Z calculation - VehHeight={:.2f}, ArmZ={:.2f}, VehTopZ={:.2f}, Clearance={:.2f}, Extension={:.2f}, TargetRopeHeight={:.3f}"""
"101a63b0",32,"""AUDIO\\EFFECTS\\CRUSCHER01.MP3"""
"101a63d0",32,"""AUDIO\\EFFECTS\\CRUSCHER02.MP3"""
"101a63f0",46,"""[{}] Offer started for vehicle with reward {}"""
"101a6420",50,"""[{}] Claiming vehicle for crushing with reward {}"""
"101a6454",56,"""[{}] Starting grab sequence, target rope height: {:.3f}"""
"101a648c",28,"""[{}] Vehicle offer declined"""
"101a64a8",59,"""[{}] Vehicle {} rejected - Speed {:.4f} > 0.5 (Sq: {:.4f})"""
"101a64e4",56,"""[{}] Vehicle {} rejected - Player inside (script check)"""
"101a651c",46,"""[{}] Vehicle {} rejected - NPC driver present"""
"101a654c",47,"""[{}] Vehicle {} ({}) rejected - Excluded model"""
"101a6584",62,"""[{}] Vehicle {} validated. Speed={:.4f}, Driver={}, Player={}"""
"101a65c4",52,"""[{}] CarCrusherManager initialized with {} crushers"""
"101a6764",9,"""GangWars"""
"101a6770",23,"""invalid stoul argument"""
"101a6788",28,"""stoul argument out of range"""
"101a6850",12,"""COUNTRYSIDE"""
"101a685c",12,"""LOS_SANTOS"""
"101a6868",12,"""LOSSANTOS"""
"101a6874",12,"""SAN_FIERRO"""
"101a6880",12,"""SANFIERRO"""
"101a688c",16,"""LAS_VENTURAS"""
"101a689c",12,"""LASVENTURAS"""
"101a68a8",12,"""LIBERTYCITY"""
"101a68b4",12,"""FROSTWATER"""
"101a68c0",16,"""INDEPENDENTCITY"""
"101a68d0",12,"""JACKALOPE"""
"101a68dc",11,"""CARCERCITY"""
"101a68e8",12,"""COTTONMOUTH"""
"101a68f4",15,"""UPSTATELIBERTY"""
"101a6904",10,"""BULLWORTH"""
"101a6910",21,"""ROSECITY_COUNTRYSIDE"""
"101a6928",20,"""ROSECITYCOUNTRYSIDE"""
"101a693c",9,"""DESERTEX"""
"101a6948",7,"""DESERT"""
"101a6958",65,"""[{}] ZoneCity map built: {} navzones, {} info slots, {} unmapped"""
"101a699c",32,"""[{}]   city {} ({}) -> {} zones"""
"101a69bc",58,"""[{}] Gang zone repaint queued after save load (active={})"""
"101a69f8",86,"""[{}] Gang data applied and zone repaint queued after game init (region={}, active={})"""
"101a6a50",89,"""[{}] Gang zones repainted after world init (region={}, zones={}, drawable={}, active={})"""
"101a6ab0",89,"""[{}] Gang zone repaint timed out with no drawable zones (region={}, zones={}, active={})"""
"101a6b0c",42,"""[{}] Gang data switched to city region {}"""
"101a6c28",8,"""Ballas"""
"101a6c30",24,"""Grove Street Families"""
"101a6c48",20,"""Los Santos Vagos"""
"101a6c5c",16,"""San Fierro Rifa"""
"101a6c6c",16,"""Da Nang Boys"""
"101a6c84",24,"""Mountain Cloud Triad"""
"101a6c9c",20,"""Varrio Los Aztecas"""
"101a6cb8",8,"""Gang 10"""
"101a6cc0",15,"""data/gangs.dat"""
"101a6cd0",76,"""[{}] Failed to locate {}. Using built-in default gang turf colours/weapons."""
"101a6d1c",43,"""[{}] Skipping malformed gangs.dat line: {}"""
"101a6d48",52,"""[{}] Skipping gangs.dat line with unknown city '{}'"""
"101a6d7c",62,"""[{}] Skipping gangs.dat line with invalid slot '{}' (city {})"""
"101a6dbc",57,"""[{}] Loaded {} gang rows across {} cities from gangs.dat"""
"101a6df8",38,"""[{}] Initializing Gang Wars system..."""
"101a6e20",47,"""[{}] Gang Wars system initialized successfully"""
"101a6e80",22,"""invalid stoi argument"""
"101a6e98",27,"""stoi argument out of range"""
"101a6ec4",28,"""Fail to schedule the chore!"""
"101a6ef8",61,"""This function cannot be called on a default constructed task"""
"101a6f60",15,"""broken promise"""
"101a6f70",25,"""future already retrieved"""
"101a6f8c",26,"""promise already satisfied"""
"101a6fa8",12,"""no state"""
"101a6fdc",7,"""future"""
"101a6fe8",25,"""[{}] graph not found: {}"""
"101a7004",37,"""[{}] graph has an unsupported format"""
"101a702c",35,"""[{}] graph node section is corrupt"""
"101a7050",35,"""[{}] graph edge section is corrupt"""
"101a7074",39,"""[{}] graph car-link section is corrupt"""
"101a709c",47,"""[{}] graph loaded: {} nodes, {} directed edges"""
"101a70cc",8,"""[{}] {}"""
"101a70d4",40,"""[{}] FLA radar traces applied, count={}"""
"101a70fc",44,"""[{}] FLA radar traces not applied, count={}"""
"101a7128",16,""" handleCounter="""
"101a7138",15,""" traceCounter="""
"101a7148",28,"""target blip rejected: slot="""
"101a7164",11,""" display=0"""
"101a7170",7,""" pos=("""
"101a7178",28,"""target blip accepted: slot="""
"101a7194",8,"""%.1f km"""
"101a719c",7,"""%.0f m"""
"101a71a4",34,"""[{}] route calculation failed: {}"""
"101a71c8",56,"""[{}] route calculation failed with an unknown exception"""
"101a7200",11,""" distance="""
"101a720c",20,"""route found points="""
"101a7220",16,"""route not found"""
"101a7230",11,""") target=("""
"101a723c",22,"""request route start=("""
"101a7254",43,"""[{}] failed to start route calculation: {}"""
"101a7280",65,"""[{}] failed to start route calculation with an unknown exception"""
"101a72c4",28,"""render skipped: no route"""
"101a72e0",23,"""rendered route points="""
"101a72f8",40,"""draw hook installed after game process"""
"101a7320",28,"""waiting for player vehicle"""
"101a733c",43,"""waiting for map waypoint, targetBlipIndex="""
"101a7368",40,"""target waypoint reached, clearing blip"""
"101a7394",9,"""FEATURES"""
"101a73a0",27,"""data\\pecore_gps_graph.pegg"""
"101a73bc",10,"""GraphPath"""
"101a73c8",6,"""Debug"""
"101a73d0",25,"""EnableProximityAutoClear"""
"101a73ec",19,"""EnableDistanceText"""
"101a7400",18,"""EnableScissorClip"""
"101a7414",10,"""LineWidth"""
"101a7420",23,"""ProximityClearDistance"""
"101a7438",11,"""RadarClipX"""
"101a7444",16,"""RadarClipBottom"""
"101a7454",14,"""RadarClipSize"""
"101a7464",17,"""RadarClipPadding"""
"101a7478",16,"""RadarClipExpand"""
"101a7488",21,"""RadarClipLinePadding"""
"101a74a0",8,"""LineRed"""
"101a74a8",10,"""LineGreen"""
"101a74b4",9,"""LineBlue"""
"101a74c0",10,"""LineAlpha"""
"101a74cc",17,"""[{}] initialized"""
"101a78b0",7,"""IplExt"""
"101a78b8",15,"""%f %f %f %f %d"""
"101a78c8",61,"""[{}] Parsed airport: pos=({}, {}) dir={} radius={} region={}"""
"101a7908",39,"""[{}] Skipped malformed arpt line: '{}'"""
"101a7930",33,"""%f %f %f %d %f %f %f %d %d %d %f"""
"101a7958",76,"""[{}] Parsed scrollbar: pos=({}, {}, {}) type={} color=({}, {}, {}) scale={}"""
"101a79a4",39,"""[{}] Skipped malformed scrl line: '{}'"""
"101a79cc",33,"""%f %f %f %f %f %d %d %d %d %f %f"""
"101a79f0",84,"""[{}] Parsed clock: pos=({}, {}, {}) type={} color=({}, {}, {}) drawDist={} scale={}"""
"101a7a44",39,"""[{}] Skipped malformed cloc line: '{}'"""
"101a7a6c",45,"""%f %f %f %f %f %f %d %d %d %d %d %d %f %f %f"""
"101a7aa0",75,"""[{}] Parsed crusher: pos=({}, {}, {}) heading={} fields={} hasCrushZone={}"""
"101a7aec",61,"""[{}] Skipped malformed crsh line ({} fields, need >=4): '{}'"""
"101a7b2c",27,"""%d , %f , %f , %f , %d, %d"""
"101a7b48",18,"""%d %f %f %f %d %d"""
"101a7b5c",41,"""[{}] Skipped malformed pickup line: '{}'"""
"101a7b88",62,"""[{}] Parsed pickup: model={} pos=({}, {}, {}) type={} ammo={}"""
"101a7bc8",75,"""[{}] Parsed {} airports, {} scrollbars, {} clocks, {} crushers, {} pickups"""
"101a7c18",68,"""[{}] Hooked LoadLine at 0x5B8722 / 0x5B8A0F, LoadPickup at 0x5B47B0"""
"101a7c5c",61,"""[{}] IPL section parser installed (arpt/scrl/cloc/crsh/pick)"""
"101a7cd8",16,"""TransparentMenu"""
"101a7ce8",128,"""[{}] Transparent menu patches applied (CHudDraw/RsMouseSetPos hooks installed, frontend background and scaling patches written)"""
"101a7ed4",6,"""Pager"""
"101a7edc",48,"""[{}] AddMessage: priority={} speed={} text=\""{}\"""""
"101a7f0c",47,"""[{}] ClearMessages: all pager messages cleared"""
"101a7f3c",8,"""pager"""
"101a7f44",63,"""[{}] Pager initialized (texture loaded, pager.wav sound ready)"""
"101a7f84",63,"""[{}] Pager initialized but texture 'pager' could not be loaded"""
"101a7fc4",24,"""audio/effects/pager.wav"""
"101a8068",9,"""PatchLog"""
"101a807c",19,"""data\\Changelog.txt"""
"101a8090",30,"""[{}] Failed to open Changelog"""
"101a80b0",40,"""[{}] Loaded {} lines from Changelog.txt"""
"101a80d8",44,"""[{}] Auto-displaying changelog (first load)"""
"101a8104",30,"""[{}] User dismissed changelog"""
"101a8124",7,"""SS_CNG"""
"101a8138",32,"""Up/Down: Scroll | Space: Close"""
"101a83b8",10,"""PedColors"""
"101a840c",17,"""DATA\\PEDCOLS.DAT"""
"101a8420",9,"""%d %d %d"""
"101a8430",195,"""%s %d %d %d %d %d %d %d %d %d %d %d %d %d %d %d %d %d %d %d %d %d %d %d %d %d %d %d %d %d %d %d %d %d %d %d %d %d %d %d %d %d %d %d %d %d %d %d %d %d %d %d %d %d %d %d %d %d %d %d %d %d %d %d %d"""
"101a84f4",47,"""[{}] Failed to locate pedcols.dat. Skipping..."""
"101a86e4",14,"""LicensePlates"""
"101a885c",9,"""carpback"""
"101a8868",99,"""[{}] Hooked CCustomCarPlateMgr Initialise/Shutdown/CreatePlateTexture (0x6FD500/0x6FD720/0x6FDEA0)"""
"101a88cc",16,"""plate_charset"""
"101a88e0",79,"""[{}] Failed to load required charset texture 'plate_charset' - plates disabled"""
"101a8930",9,"""plate_ls"""
"101a893c",9,"""plate_sf"""
"101a8948",9,"""plate_lv"""
"101a8954",9,"""plate_bw"""
"101a8960",9,"""plate_cc"""
"101a896c",9,"""plate_cm"""
"101a8978",12,"""plate_dst"""
"101a8984",9,"""plate_fw"""
"101a8990",9,"""plate_ic"""
"101a899c",9,"""plate_jp"""
"101a89a8",9,"""plate_lc"""
"101a89b4",9,"""plate_vc"""
"101a89c0",9,"""plate_rc"""
"101a89cc",12,"""plate_ups"""
"101a89d8",68,"""[{}] No plate texture for region {} - will fall back to CountrySide"""
"101a8a1c",39,"""[{}] Plate texture ready for region {}"""
"101a8a48",65,"""[{}] Failed to lock charset raster for reading - plates disabled"""
"101a8a90",73,"""[{}] License plate system initialized (charset loaded, {} region plates)"""
"101a8ae0",158,"u""C:\\Users\\Madhav Gupta\\Documents\\GitHub\\ProjectEagleCore\\src\\feature\\plates.cpp"""
"101a8b80",10,"u""text"""
"101a8d4c",9,"""Profiler"""
"101a8d74",7,"""CARREC"""
"101a8d80",6,"""OTHER"""
"101a8d88",6,"""Frame"""
"101a8d90",14,"""World/Physics"""
"101a8da0",11,"""RenderList"""
"101a8dac",10,"""Streaming"""
"101a8db8",56,"""COL shadow-tri count absurd: %d (would size %llu bytes)"""
"101a8df0",55,"""[{}] Allocation capture ENABLED (Malloc/Free detoured)"""
"101a8e28",33,"""[{}] Allocation capture disabled"""
"101a8e4c",12,"""ChurnWindow"""
"101a8e58",9,"""PROFILER"""
"101a8e64",19,"""CaptureAllocations"""
"101a8e78",19,"""GetNumberOfFileIDs"""
"101a8e90",81,"""[{}] Failed to allocate FileStat array ({} entries) - streaming tracker disabled"""
"101a8ee8",109,"""[{}] Profiler initialized: tracking {} file IDs, {} hooks installed (streaming+timing), churn window {:.1f}s"""
"101a8f58",23,"""[{}] Profiler panel {}"""
"101a8f70",32,"""\r\n\r\n==== PECore Profiler ====\r\n"""
"101a8f90",81,"""Frame: %u  FrameTime: %.2f ms  (World %.2f / RenderList %.2f / Streaming %.2f)\r\n"""
"101a8fe4",56,"""Streaming mem: used %d / avail %d bytes  requested %d\r\n"""
"101a901c",30,"""Largest free block: %.1f MB\r\n"""
"101a9040",62,"""Allocs: %llu  Frees: %llu  Failed(NULL): %llu  (capture %s)\r\n"""
"101a9080",59,"""Top file churn (id : type : loads / unloads / requests):\r\n"""
"101a90bc",27,"""  %d : %s : %u / %u / %u\r\n"""
"101a90d8",54,"""Last failed alloc: %u bytes at frame %u, backtrace:\r\n"""
"101a9110",14,"""  [%d] 0x%p\r\n"""
"101a9168",8,"""%.1f MB"""
"101a9170",10,"""FPS: %.1f"""
"101a9180",243,"""Derived from game-logic time (CGame::Process), NOT your displayed framerate. It excludes rendering, present, and the FPS limiter wait, so it reads HIGHER than real FPS. Use it to judge how heavy the logic step is, not as a true frame counter."""
"101a9274",15,"""Frame: %.2f ms"""
"101a9284",16,"""Frame index: %u"""
"101a9298",91,"""Number of frames since the profiler started. Used as the timeline for first/last activity."""
"101a92f4",9,"""frame ms"""
"101a9300",12,"""##frametime"""
"101a9310",69,"""Game-logic time per frame over the last %d frames. Spikes = hitches."""
"101a9358",27,"""Per-subsystem (last frame)"""
"101a9378",392,"""Time spent inside each major engine step last frame, measured with QueryPerformanceCounter around the real functions:\n  World/Physics - CWorld::Process (entities, collision, AI)\n  RenderList    - CRenderer::ConstructRenderList (deciding what to draw)\n  Streaming     - CStreaming::LoadRequestedModels (loading files this frame)\nThe bar fraction is that step's share of the whole logic frame."""
"101a9500",12,"""%s  %.2f ms"""
"101a950c",17,"""Streaming memory"""
"101a9520",15,"""%.1f / %.1f MB"""
"101a9530",190,"""Streaming budget: bytes the game currently holds in the model/file cache vs the total budget. If this stays pinned near full, the streamer is starved and will thrash (constant load/unload)."""
"101a95f0",29,"""Models requested (queue): %d"""
"101a9610",93,"""Files queued to load right now. A persistently high number means the streamer can't keep up."""
"101a9670",23,"""Largest free block: %s"""
"101a9688",307,"""Biggest single contiguous free region in the process address space (from VirtualQuery). This is the fragmentation gauge: it can shrink even while total free memory is fine. When it drops below what an allocation needs, that allocation returns NULL and the game can crash. Watch the trend in the Memory tab."""
"101a97bc",51,"""Streaming tracker unavailable (no FileStat array)."""
"101a97f0",10,"""Type##flt"""
"101a9800",246,"""Filter the table to one file type. The whole game streams through one ID space: DFF=models, TXD=textures, COL=collision, IPL=map placement, IFP=animations, CARREC=car recordings, SCM=scripts. Pick a type to isolate, e.g. only thrashing textures."""
"101a98f8",6,"""Loads"""
"101a9900",8,"""Unloads"""
"101a9908",9,"""Requests"""
"101a9914",15,"""Peak churn/win"""
"101a9924",10,"""Sort##srt"""
"101a9930",340,"""How to rank the table:\n  Loads    - times actually loaded into memory (THE thrash signal - high = reloading constantly)\n  Unloads  - times evicted from memory\n  Requests - times the streamer asked for it (normally huge; near-camera files are re-requested every frame - NOT a problem)\n  Peak churn/win - worst loads seen in one churn window"""
"101a9a84",40,"""Tracking %d file IDs   (showing top %d)"""
"101a9ab0",143,"""Total file IDs the profiler watches (the game's whole unified streaming ID space). Only the top entries by the current Sort metric are listed."""
"101a9b40",12,"""Diagnostics"""
"101a9b50",93,"""Resolved base IDs:  DFF 0 | TXD %d | COL %d | IPL %d | PATH %d | IFP %d | CARREC %d | SCM %d"""
"101a9bb0",87,"""  -> bases are VANILLA. FLA's relocated bases were NOT picked up. (classification bug)"""
"101a9c08",30,"""  -> bases look FLA-adjusted."""
"101a9c28",72,"""Active IDs: %d total | highest active ID = %d | active above 26000 = %d"""
"101a9c70",127,"""  -> NO activity recorded above 26000. High IDs aren't reaching the hooks (or a stale .asi is running). NOT a labelling issue."""
"101a9cf0",89,"""  -> high IDs ARE recorded. If they don't show under a type filter, it's classification."""
"101a9d4c",8,"""##churn"""
"101a9d60",9,"""Peak/win"""
"101a9d6c",52,"""Capture allocations (hooks CMemoryMgr::Malloc/Free)"""
"101a9da0",312,"""When on, the profiler intercepts every game allocation so it can count them and grab a stack backtrace the instant one returns NULL (the failure that precedes these crashes). This detours the single hottest function in the game, so leave it OFF for normal play and only enable it while actively hunting a crash."""
"101a9f0f",29,""" enable only while hunting."""
"101a9f2c",14,"""Allocs:  %llu"""
"101a9f40",144,"""Total CMemoryMgr::Malloc calls counted since capture was enabled. Only counts the game's own allocator - not RenderWare or raw CRT allocations."""
"101a9fd0",14,"""Frees:   %llu"""
"101a9fe0",56,"""Total CMemoryMgr::Free calls since capture was enabled."""
"101aa018",28,"""Failed (NULL returns): %llu"""
"101aa038",216,"""Allocations that returned NULL - the smoking gun. Even one means the game asked for memory and got nothing back, which is what leads to the null-write crashes. The backtrace below shows where the last one came from."""
"101aa110",35,"""Largest contiguous free block (MB)"""
"101aa138",301,"""History of the biggest single free region in the address space. A 32-bit process can have plenty of total free memory yet still fail a small allocation if no single gap is large enough. A steady downward slope during play is fragmentation building up - the root cause of the streaming-thrash crashes."""
"101aa268",13,"""now: %.1f MB"""
"101aa278",7,"""##frag"""
"101aa280",76,"""A downward trend during play = fragmentation; small allocs eventually fail."""
"101aa2cc",21,"""Last NULL allocation"""
"101aa2e8",247,"""The most recent failed allocation: how many bytes were requested, the frame it happened, and the call stack that asked for it. Cross-reference these addresses in IDA to find which system ran out of memory. Requires 'Capture allocations' to be on."""
"101aa3e0",15,"""None captured."""
"101aa3f0",50,"""%u bytes failed at frame %u  (%d frames captured)"""
"101aa42c",11,"""[%2d] 0x%p"""
"101aa438",12,"""Flagged: %d"""
"101aa448",317,"""Files whose loaded data looks corrupt or absurd - specifically a collision shadow-triangle count that would size a huge or overflowing allocation (the exact failure mode behind the investigated shadow-renderer crash). An entry here means a model loaded with bad data; check that model/COL in your mod. Empty is good."""
"101aa588",64,"""Models whose loaded data would size a bad/oversized allocation."""
"101aa5c8",8,"""##integ"""
"101aa5d0",7,"""Reason"""
"101aa5d8",28,"""PECore Profiler##PEProfiler"""
"101aa5f4",11,"""##ProfTabs"""
"101aa600",9,"""Overview"""
"101aa60c",7,"""Memory"""
"101aa614",10,"""Integrity"""
"101aa658",8,"""RadarEx"""
"101aa660",68,"""[{}] RadarEx initialized ({} airstrips: {} vanilla + {} IPL custom)"""
"101aa6a4",45,"""[{}] Replaced SetupAirstripBlips at 0x587D20"""
"101aa7a5",31,"""#tIaudio\\pe\\radio\\static.mp3"""
"101aa7c8",8,"""RadioEx"""
"101aa7d0",10,"""Radio Off"""
"101aa7dc",30,"""[{}] Installing menu hooks..."""
"101aa7fc",46,"""[{}] Hooked PrintRadioStationList at 0x5746F0"""
"101aa82c",44,"""[{}] Hooked GetRadioStationName at 0x507000"""
"101aa858",39,"""[{}] Menu hooks installed successfully"""
"101aa8a0",7,"""system"""
"101aa8a8",16,"""unknown error"""
"101aa8b8",22,"""invalid stof argument"""
"101aa8d0",27,"""stof argument out of range"""
"101aa904",7,"""exists"""
"101aa90c",43,"""[{}] Initializing extended radio system..."""
"101aa938",46,"""[{}] Attempting to load static sound from: {}"""
"101aa968",51,"""[{}] Successfully loaded static sound (handle: {})"""
"101aa99c",41,"""[{}] Failed to load static sound from {}"""
"101aa9c8",22,"""UseVisualRadioSprites"""
"101aa9e0",32,"""[{}] UseVisualRadioSprites = {}"""
"101aaa00",29,"""[{}] Initialization complete"""
"101aaa20",54,"""[{}] New game detected, resetting radio streams/state"""
"101aaa58",16,"""data\\radio.dat"""
"101aaa68",31,"""[{}] Config file not found: {}"""
"101aaa88",36,"""[{}] Failed to open config file: {}"""
"101aaaac",35,"""[{}] Loading configuration from {}"""
"101aaad0",42,"""[{}] Line {} outside of section, ignoring"""
"101aaafc",25,"""[{}] Invalid line {}: {}"""
"101aab18",8,"""Region"""
"101aab20",12,"""RegionName"""
"101aab34",8,"""Station"""
"101aab3c",44,"""[{}] Invalid station format at line {}: {}"""
"101aab68",33,"""[{}] Unknown key '{}' at line {}"""
"101aab8c",39,"""[{}] Configuration loaded successfully"""
"101aabb4",42,"""[{}] Registered {} stations for region {}"""
"101aabe0",48,"""[{}] Entering radio region {} with custom radio"""
"101aac10",64,"""[{}] Reset station to Radio Off (previous station out of range)"""
"101aac50",46,"""[{}] Disabled SA radio text for custom region"""
"101aac80",33,"""[{}] Exiting custom radio region"""
"101aaca4",20,""" Radio out of range"""
"101aacb8",56,"""[{}] Restored SA radio text after leaving custom region"""
"101aacf0",35,"""[{}] Loading {} station streams..."""
"101aad14",30,"""[{}] Audio file not found: {}"""
"101aad34",31,"""[{}] Loaded station '{}' ({}s)"""
"101aad54",30,"""[{}] Failed to load audio: {}"""
"101aad7c",12,"""MODELS\\TXD\\"""
"101aad88",48,"""[{}] TXD not found: {}, HUD will show text only"""
"101aadb8",9,"""radioex_"""
"101aadc4",20,"""[{}] Loaded TXD: {}"""
"101aadd8",28,"""[{}] Failed to load TXD: {}"""
"101aadf4",41,"""[{}] Loaded sprite '{}' for station '{}'"""
"101aae20",51,"""[{}] Sprite '{}' not found in TXD for station '{}'"""
"101aae54",12,"""radioex_off"""
"101aae60",41,"""[{}] Loaded TXD for radio off sprite: {}"""
"101aae8c",44,"""[{}] Loaded universal radio off sprite '{}'"""
"101aaeb8",44,"""[{}] Radio off sprite '{}' not found in TXD"""
"101aaee4",48,"""[{}] Loading SA radio sprites from radio.txd..."""
"101aaf14",8,"""RADIO_2"""
"101aaf1c",8,"""RADIO_3"""
"101aaf24",8,"""RADIO_4"""
"101aaf2c",8,"""RADIO_5"""
"101aaf34",8,"""RADIO_6"""
"101aaf3c",8,"""RADIO_7"""
"101aaf44",8,"""RADIO_8"""
"101aaf4c",8,"""RADIO_9"""
"101aaf54",9,"""RADIO_10"""
"101aaf60",9,"""RADIO_11"""
"101aaf6c",9,"""RADIO_12"""
"101aaf78",8,"""RADIO_1"""
"101aaf80",8,"""RADIO_0"""
"101aaf88",12,"""radioex_sa"""
"101aaf94",24,"""MODELS\\TXD\\RADIO.txd"""
"101aafac",29,"""[{}] Loaded SA radio TXD: {}"""
"101aafcc",37,"""[{}] Failed to load SA radio TXD: {}"""
"101aaff4",44,"""[{}] Loaded SA radio sprite '{}' (index {})"""
"101ab020",49,"""[{}] SA radio sprite '{}' not found in radio.txd"""
"101ab054",42,"""[{}] SA radio sprites loaded successfully"""
"101ab080",31,"""[{}] SA radio sprites unloaded"""
"101ab0a0",75,"""[{}] Radio region changed from {} to {} (mapRegion={}, inSA={}, custom={})"""
"101ab0ec",22,"""SA Radio out of range"""
"101ab104",39,"""[{}] Left SA region, silenced SA radio"""
"101ab12c",18,"""SA Radio in range"""
"101ab140",42,"""[{}] Entered SA region, restored SA radio"""
"101ab16c",16,""" Radio in range"""
"101ab17c",47,"""[{}] SA radio up pressed, predicted station {}"""
"101ab1ac",49,"""[{}] SA radio down pressed, predicted station {}"""
"101ab1e0",46,"""[{}] Resynced prediction to actual station {}"""
"101ab214",15,"""CAR_tune_radio"""
"101ab224",28,"""[{}] Switched to station {}"""
"101ab240",41,"""[{}] Starting station {} '{}' at {:.1f}s"""
"101ab26c",23,"""[{}] Seeked to {:.1f}s"""
"101ab284",61,"""[{}] PlayStaticEffect called, m_StaticStream={}, m_Volume={}"""
"101ab2c4",40,"""[{}] Lazy loading static sound from: {}"""
"101ab2ec",43,"""[{}] Lazy loaded static sound (handle: {})"""
"101ab318",29,"""[{}] Set static volume to {}"""
"101ab338",57,"""[{}] Static stream not loaded, cannot play static effect"""
"101ab374",46,"""[{}] Restoring SA radio, previous station: {}"""
"101ab3a4",51,"""[{}] Disabled SA radio text (using visual sprites)"""
"101ab3d8",45,"""[{}] SA radio text enabled (using text mode)"""
"101ab4ac",16,"""RoadsignCharset"""
"101ab4bc",6,"""SPACE"""
"101ab4c8",20,"""data/roadsigns.dat"""
"101ab4dc",50,"""[{}] data/roadsigns.dat not found, using defaults"""
"101ab510",12,"""CHAR_WIDTH"""
"101ab51c",12,"""CHAR_HEIGHT"""
"101ab528",16,"""GRID_COLUMNS"""
"101ab538",16,"""CHAR_DEFAULT"""
"101ab550",32,"""[{}] invalid CHAR token '{}'"""
"101ab570",53,"""[{}] loaded {} mappings (char {}x{}, gridColumns {})"""
"101ab5e4",27,"""0123456789ABCDEFabcdef-+Xx"""
"101ab600",29,"""0123456789ABCDEFabcdef-+XxPp"""
"101ab7d0",14,"""StreetRubbish"""
"101ab7e0",16,"""gameleaf01_64"""
"101ab7f0",16,"""gameleaf02_64"""
"101ab800",16,"""newspaper01_64"""
"101ab810",16,"""newspaper02_64"""
"101ab820",70,"""[{}] Street rubbish system initialized ({} sheets, 4 textures loaded)"""
"101ab868",70,"""[{}] Street rubbish initialized but only {}/4 rubbish textures loaded"""
"101abac8",15,"""SaveSideloader"""
"101abad8",17,"""map/set too long"""
"101abb04",16,"""PECoreSaveData"""
"101abb14",51,"""[{}] Save slot unavailable; skipping sidecar write"""
"101abb48",37,"""[{}] Wrote {} block(s) to sidecar {}"""
"101abb70",44,"""[{}] Failed to open sidecar for writing: {}"""
"101abb9c",53,"""[{}] No valid sidecar at load; resetting custom data"""
"101abbd8",13,"""StatExtender"""
"101abbe8",18,"""DATA\\STATINFO.DAT"""
"101abbfc",13,"""%hu %d %d %d"""
"101abc0c",48,"""[{}] Failed to locate statinfo.dat. Skipping..."""
"101abc3c",15,"""Untitlted Stat"""
"101abc4c",8,"""%d:%02d"""
"101abc54",9,"""%d of %d"""
"101abc68",11,"""$%d of $%d"""
"101abd8c",7,"""PostFX"""
"101abdd3",65,"""?[{}] Color filter changed to style ID {} (trails={}, bloom={})"""
"101abe18",86,"""[{}] PostFX hooks installed (color filter, radiosity, darkness, im2d shader override)"""
"101ac1f8",10,"""TimeCycle"""
"101ac248",8,"""Unknown"""
"101ac274",15,"""timecyc_ss.dat"""
"101ac288",69,"""[{}] Failed to open {} - timecyc colour tables will be uninitialised"""
"101ac2d0",205,"""%s %s%d %d %d %d %d %d%d %d %d %d %d %d%d %d %d%d %d %d%d %d %d %d %d %d %d %d%d %d %d %d %d %d%d %d %d %d %d %d %d %d %d %d%d %d %d %d %d %d%d %d %d %d%d %d %d %d%f %f %f%d %d %d%d %d %f%f %d %d %f %d %d"""
"101ac3a0",42,"""[{}] Parsed weather type {} ({}/{} hours)"""
"101ac3d0",75,"""[{}] {}: no colour entries parsed ({} lines skipped) - colour tables empty"""
"101ac41c",57,"""[{}] Loaded {} with {} entries skipped (bad/short lines)"""
"101ac458",64,"""[{}] Loaded {} ({} weather types x {} hours, {} colour entries)"""
"101ac498",22,"""timecyc_ss.dat.backup"""
"101ac4b0",54,"""[{}] No {} found to back up - saving without a backup"""
"101ac4e8",35,"""[{}] {} is empty - skipping backup"""
"101ac50c",54,"""[{}] Failed to read {} for backup - timecyc not saved"""
"101ac544",45,"""[{}] Failed to create {} - timecyc not saved"""
"101ac574",33,"""[{}] Backed up pristine {} to {}"""
"101ac598",55,"""[{}] Failed to open {} for writing - timecyc not saved"""
"101ac5d0",9,"""MidNight"""
"101ac610",7,"""MidDay"""
"101ac64c",54,"""//\n/////////////////////////////////////////// %s\n//\n"""
"101ac688",592,"""// HandlingType  ColorFilter              AmbientColor      AmbientColorBlur    AmbientColorObj   AmbientColorObjBlur    MaterialColor     DirectionalLight         PostFX1 (RGBA)         PostFX2 (RGBA)           SkyTop              SkyBottom           LowCloud            TopCloud           BottomCloud     CloudAlpha       SunCore            SunCorona            Water (RGBA)                Fog      WaterFogAlpha   SunSize     SpriteSz   SpriteBrgt  Shadow   LightShadow   PoleShadow  FarClip    FogStart  LightOnGround  DarkFactor   Intensity    Limit     WindMul    WeatherInfo   Flags \n"""
"101ac8d8",350,"""// %s\n%-13s\t\t%-13s\t\t%4d %4d %4d\t\t%4d %4d %4d\t\t%4d %4d %4d\t\t%4d %4d %4d\t\t%4d %4d %4d\t\t%4d %4d %4d\t\t%4d %4d %4d %4d\t\t%4d %4d %4d %4d\t\t%4d %4d %4d\t\t%4d %4d %4d\t\t%4d %4d %4d\t\t%4d %4d %4d\t\t%4d %4d %4d\t\t%4d\t\t%4d %4d %4d\t\t%4d %4d %4d\t\t%4d %4d %4d %4d\t\t%4d %4d %4d\t\t%4d\t\t%6.2f\t\t%6.2f\t\t%6.2f\t\t%4d\t\t%4d\t\t%4d\t\t%4d\t\t%4d\t\t%6.2f\t\t%6.2f\t\t%4d\t\t%4d\t\t%6.2f\t\t%4d\t\t%4d\n"""
"101aca38",44,"""[{}] Saved {} ({} weather types x {} hours)"""
"101aca64",46,"""[{}] Hooked CTimeCycle::Initialise @ 0x5BBAC0"""
"101aca94",43,"""[{}] Hooked CalcColoursForPoint @ 0x5603D0"""
"101acac0",43,"""[{}] Hooked FindFarClipForCoors @ 0x5616E0"""
"101acaec",42,"""[{}] Hooked CTimeCycle::Update @ 0x561760"""
"101acb18",40,"""[{}] Hooked StartExtraColour @ 0x55FEC0"""
"101acb40",81,"""[{}] TimeCycle patch installed (5 hooks, lighting + collision + 6 fog redirects)"""
"101acf98",8,"""Weather"""
"101acfb0",29,"""data\\weather_graph_grid.pewg"""
"101acfd0",100,"""[{}] Weather graph grid not found (data\\weather_graph_grid.pewg); falling back to non-graph weather"""
"101ad038",77,"""[{}] Weather graph grid header invalid (bad magic or unsupported version {})"""
"101ad088",58,"""[{}] Weather graph grid dimensions/bounds invalid ({}x{})"""
"101ad0c4",54,"""[{}] Weather graph grid truncated (expected {} cells)"""
"101ad0fc",49,"""[{}] Weather graph grid loaded ({}x{}, {} cells)"""
"101ad130",38,"""[{}] Dominant weather region {} -> {}"""
"101ad164",7,"""  none"""
"101ad16c",14,"""New Weather: """
"101ad17c",14,"""Old Weather: """
"101ad18c",18,"""Dominant region: """
"101ad1a0",20,"""t (Interpolation): """
"101ad1b4",19,"""Weather graph grid"""
"101ad1c8",20,"""GRAPH LOAD FAILED"""
"101ad1dc",17,"""Weather source: """
"101ad1f0",18,""" | sample radius """
"101ad204",14,"""Raw weights: """
"101ad214",15,"""Visual blend: """
"101ad228",10,""" (cutoff """
"101ad234",18,"""Ignored weights: """
"101ad248",16,"""Visual weather:"""
"101ad258",88,"""[{}] Weather patch installed (4 graph-weather hooks + hurricane/snow/update subsystems)"""
"101ad320",12,"""cloudmasked"""
"101ad32c",12,"""cloudhilit"""
"101ad338",65,"""[{}] Fluffy clouds initialized (cloudmasked + cloudhilit loaded)"""
"101ad380",82,"""[{}] Fluffy clouds init: missing cloud texture(s) (cloudmasked={}, cloudhilit={})"""
"101ad3d8",71,"""[{}] Fluffy clouds patch installed (init/update/render/shutdown hooks)"""
"101ad568",81,"""[{}] Hurricane traffic-light patch installed (4 storm-aware traffic light hooks)"""
"101ad5c4",12,"""snowflake"""
"101ad5d0",56,"""[{}] Failed to load snowflake texture from pe_texdb.txd"""
"101ad648",35,"""[{}] Color filter changed {} -> {}"""
"101ad670",76,"""[{}] Replaced CWeather::Update @ 0x72B850; redirected 5 heat-haze data refs"""
"101ad6c0",73,"""[{}] Weather update hooks installed (1 function replace, 5 data patches)"""
"101ad73c",15,"""ModelVariation"""
"101ad74c",6,"""data/"""
"101ad754",47,"""[{}] Failed to locate {}. Defaulting to {}.dat"""
"101ad784",7,"""cargrp"""
"101ad78c",7,"""pedgrp"""
"101ad794",9,"""popcycle"""
"101ad7a8",124,"""[{}] Model variation patches installed (cop/SWAT/FBI/army/heli streaming hooks and law-enforcement model redirects applied)"""
"101ad930",8,"""COPBOAT"""
"101ad950",8,"""COPCAR"""
"101ad958",8,"""COPPED"""
"101ad960",8,"""COPHELI"""
"101ad968",8,"""FBICAR"""
"101ad980",8,"""SWATCAR"""
"101ad988",8,"""SWPED"""
"101ad990",8,"""SWATPED"""
"101ad998",8,"""ARCAR"""
"101ad9a0",8,"""ARPED"""
"101ad9a8",8,"""ARHELI"""
"101ad9b0",8,"""ARPLANE"""
"101ad9b8",8,"""ARTANK"""
"101ad9c8",8,"""FIRECAR"""
"101ad9d0",16,"""FIREFIGHTERCAR"""
"101ad9e0",6,"""FFPED"""
"101ad9e8",8,"""FIREPED"""
"101ad9f0",15,"""FIREFIGHTERPED"""
"101ada00",7,"""MDCCAR"""
"101ada08",9,"""MEDICCAR"""
"101ada14",7,"""MDCPED"""
"101ada1c",9,"""MEDICPED"""
"101ada28",10,"""NEWSPILOT"""
"101ada34",11,"""NEWSREPORT"""
"101ada40",13,"""NEWSREPORTER"""
"101ada50",9,"""NEWSHELI"""
"101ada5c",7,"""CABCAR"""
"101ada64",7,"""CABPED"""
"101ada6c",19,"""data/variation.dat"""
"101ada80",68,"""[{}] Failed to locate {}. Using built-in model variation fallbacks."""
"101adac4",47,"""[{}] variation.dat:{} unknown city token '{}'."""
"101adaf4",47,"""[{}] variation.dat:{} unknown type token '{}'."""
"101adb24",48,"""[{}] variation.dat:{} invalid model token '{}'."""
"101adb54",46,"""[{}] variation.dat:{} has no valid model IDs."""
"101adb84",53,"""[{}] loaded {} entries and {} unique model mappings."""
"101adbc0",9,"""samp.dll"""
"101adc34",13,"""WeaponSounds"""
"101adc44",24,"""directory_entry::status"""
"101adc60",39,"""directory_iterator::directory_iterator"""
"101adc88",31,"""directory_iterator::operator++"""
"101adca8",49,"""[{}] Failed to register weapon sound '{}' for {}"""
"101adcdc",29,"""[{}] Registering '{}' for {}"""
"101adcfc",9,""".earshot"""
"101add20",14,"""audio/weapon/"""
"101add30",8,"""shoot"""
"101add40",8,"""reload"""
"101add4c",12,"""projectile"""
"101add64",8,"""swing"""
"101ae31c",7,"""ZoneEx"""
"101ae324",24,"""[{}] ZoneEx initialized"""
"101ae33c",35,"""[{}] Hooked CreateZone at 0x5B4B2E"""
"101ae360",83,"""[{}] Added weather zone '{}' region={} bounds=({}, {}, {})-({}, {}, {}) (total={})"""
"101ae3b8",88,"""[{}] Added radio zone '{}' radioRegionId={} bounds=({}, {}, {})-({}, {}, {}) (total={})"""
"101ae474",15,"""VerboseLogging"""
"101ae484",14,"""DeveloperMode"""
"101ae494",17,"""  SaveSideloader"""
"101ae4a8",15,"""  CrashHandler"""
"101ae4b8",11,"""EnhancedUI"""
"101ae4c4",12,"""CRASHSYSTEM"""
"101ae4d0",15,"""FreezeDetector"""
"101ae4e0",17,"""  FreezeDetector"""
"101ae4f4",30,"""  IplExt (IPL section parser)"""
"101ae514",18,"""  AnimatedObjects"""
"101ae528",8,"""  Pager"""
"101ae530",16,"""  LicensePlates"""
"101ae540",18,"""  RoadsignCharset"""
"101ae554",16,"""  MoneyMessages"""
"101ae564",15,"""PatchLogScreen"""
"101ae574",17,"""  PatchLogScreen"""
"101ae588",12,"""  PedColors"""
"101ae594",15,"""  StatExtender"""
"101ae5a4",16,"""  StreetRubbish"""
"101ae5b4",17,"""  ModelVariation"""
"101ae5c8",15,"""  WeaponSounds"""
"101ae5d8",9,"""  ZoneEx"""
"101ae5e4",10,"""  RadarEx"""
"101ae5f0",10,"""  RadioEx"""
"101ae5fc",11,"""  GangWars"""
"101ae608",13,"""  CarCrusher"""
"101ae618",10,"""GRGXPatch"""
"101ae624",12,"""  GRGXPatch"""
"101ae630",15,"""ScriptCommands"""
"101ae640",17,"""  ScriptCommands"""
"101ae654",21,"""\n\nEnabled features->"""
"101ae66c",11,"""  Profiler"""
"101ae678",12,"""  DebugMenu"""
"101ae684",13,"""TimecycPatch"""
"101ae694",15,"""  TimecycPatch"""
"101ae6a4",18,"""  TransparentMenu"""
"101ae6d8",8,"""DX9Hook"""
"101ae6e0",18,"u""d3d9.dll"""
"101ae6f8",74,"""[{}] d3d9.dll not found and could not be loaded; cannot install D3D9 hook"""
"101ae744",16,"""Direct3DCreate9"""
"101ae754",50,"""[{}] Direct3DCreate9 export not found in d3d9.dll"""
"101ae788",66,"""[{}] Direct3DCreate9 returned null; cannot build temporary device"""
"101ae7cc",48,"""[{}] GetAdapterDisplayMode failed (hr=0x{:08X})"""
"101ae800",74,"""[{}] CreateDevice (NULLREF) failed (hr=0x{:08X}); cannot read D3D9 vtable"""
"101ae84c",63,"""[{}] D3D9 device vtable is null; cannot resolve EndScene/Reset"""
"101ae890",152,"u""C:\\Users\\Madhav Gupta\\Documents\\GitHub\\ProjectEagleCore\\src\\gui\\dx9hook.cpp"""
"101ae928",18,"u""resetPtr"""
"101ae93c",24,"u""endScenePtr"""
"101ae958",79,"""[{}] D3D9 vtable resolved (EndScene=0x{:X}, Reset=0x{:X}); MinHook initialized"""
"101ae9a8",51,"""[{}] MH_CreateHook for EndScene failed (status={})"""
"101ae9dc",48,"""[{}] MH_CreateHook for Reset failed (status={})"""
"101aea0c",55,"""[{}] D3D9 EndScene + Reset hooks installed and enabled"""
"101aea44",42,"u""gD3D9Hook != nullptr"""
"101aea70",20,"u""addr != 0"""
"101cf968",35,"""[{}] ImGui context creation failed"""
"101cf98c",37,"""[{}] ImGui Win32 backend init failed"""
"101cf9b4",35,"""[{}] ImGui DX9 backend init failed"""
"101cf9d8",46,"""[{}] Failed to subclass game window procedure"""
"101cfa08",35,"""[{}] ImGui DX9 backend initialized"""
"101cfa2c",29,"""[{}] Font atlas build failed"""
"101cfa4c",37,"""[{}] Font atlas built (font size {})"""
"101cfa74",59,"""[{}] D3D9 device reset - invalidating ImGui device objects"""
"101cfab0",65,"""[{}] D3D9 device reset complete - ImGui device objects recreated"""
"101cfaf8",10,"""OpcodeMgr"""
"101cfb04",9,"""bass.dll"""
"101cfb10",24,"""BASS_ChannelGetPosition"""
"101cfb28",24,"""BASS_ChannelSetPosition"""
"101cfb40",26,"""BASS_ChannelSeconds2Bytes"""
"101cfb5c",26,"""BASS_ChannelBytes2Seconds"""
"101cfb78",22,"""BASS_ChannelGetLength"""
"101cfb90",63,"""[{}] CLEO.asi not present; skipping custom opcode registration"""
"101cfbd0",50,"""[{}] Registered opcode 0x3200 (pager_add_message)"""
"101cfc04",53,"""[{}] Registered opcode 0x3201 (pager_clear_messages)"""
"101cfc3c",51,"""[{}] Registered opcode 0x3202 (patchlog_set_state)"""
"101cfc70",58,"""[{}] Registered opcode 0x3210 (audio_stream_get_position)"""
"101cfcac",58,"""[{}] Registered opcode 0x3211 (audio_stream_set_position)"""
"101cfce8",56,"""[{}] Registered opcode 0x3212 (audio_stream_get_length)"""
"101cfd20",47,"""[{}] BASS audio functions loaded from bass.dll"""
"101cfd50",85,"""[{}] BASS functions unavailable; audio stream opcodes (0x3210-0x3212) not registered"""
"101cfda8",39,"""[{}] Registered {} custom CLEO opcodes"""
"101cfdd0",57,"""[{}] Incorrect CLEO version loaded (have {}, need >= {})"""
"101cfe0c",41,"""An incorrect version of CLEO was loaded."""
"101cfe58",9,"""PatchMgr"""
"101cfe64",9,"""FPSlimit"""
"101cfe70",34,"""[{}] FPS limit applied (limit={})"""
"101cfe94",57,"""[{}] FPS limit disabled (FPSlimit=0); using game default"""
"101cfed0",12,"""RefreshRate"""
"101cfedc",45,"""[{}] Display refresh rate overridden ({} Hz)"""
"101cff0c",47,"""[{}] High-FPS physics timestep fixes installed"""
"101cff6c",19,"""fire_on_driver.asi"""
"101cff80",82,"""[{}] Heli fixes applied (daytime searchlights, crew spawn, crash-on-driver-death)"""
"101d0178",17,"""create_directory"""
"101d018c",12,"""SirenModels"""
"101d0198",12,"""coronahex"""
"101d01a4",16,"""coronacircle"""
"101d01b4",12,"""coronaringa"""
"101d01c0",8,"""streek"""
"101d01c8",28,"""/Project Eagle User Files/"""
"101d01e4",9,"""/Gallery"""
"101d01f0",13,"""/User Tracks"""
"101d0200",7,"""FE_MLG"""
"101d0208",14,"""Page: %d / %d"""
"101d021c",28,"""III.VC.SA.WindowedMode.asi"""
"101d0238",12,"""wndmode.ini"""
"101d0244",37,"""[{}] Windowed mode file detected: {}"""
"101d026c",51,"""[{}] Loading bar fix disabled to prevent conflicts"""
"101d02a0",65,"""[{}] Loading bar fix applied: {} files expected (default was {})"""
"101d02e4",11,"""VehDensity"""
"101d02f0",18,"""VehPopulationMult"""
"101d0304",20,"""NumDesiredLoadedVeh"""
"101d0318",14,"""PedDensityExt"""
"101d0328",14,"""PedDensityInt"""
"101d0338",18,"""PedPopulationMult"""
"101d034c",15,"""wheel_lf_dummy"""
"101d035c",15,"""wheel_lb_dummy"""
"101d036c",15,"""wheel_rf_dummy"""
"101d037c",15,"""wheel_rb_dummy"""
"101d038c",61,"""[{}] GetWheelPosn crash prevented - missing wheel node id {}"""
"101d03d0",76,"""[{}] CRASH IMMINENT: GetWheelPosn - Required wheel node id {} doesn't exist"""
"101d041c",53,"""[{}] Check address 0x004C7DAD on MixMods' Crash List"""
"101d0454",50,"""[{}] Vehicle wheel crash fix (0x004C7DAD) applied"""
"101d05a8",17,"""' already exists"""
"101d05bc",19,"""logger with name '"""
"101d05d8",13,""" for writing"""
"101d05e8",21,"""Failed opening file """
"101d0600",22,"""Failed flush to file """
"101d0618",24,"""Failed writing to file """
"101d0644",12,"""PECore.log"""
"101d0650",8,"""Logger"""
"101d0658",11,"""PECore.ini"""
"101d07a0",12,"""TuningPools"""
"101d07ac",58,"""[{}] Vehicle tuning pool hooks installed (wheel limit={})"""
"101d07ec",10,"""ShaderMgr"""
"101d07f8",40,"""[{}] Pixel shader resource {} not found"""
"101d0820",45,"""[{}] Failed to load pixel shader resource {}"""
"101d0850",45,"""[{}] Failed to lock pixel shader resource {}"""
"101d0880",52,"""[{}] RwD3D9CreatePixelShader failed for resource {}"""
"101d08b4",39,"""[{}] Loaded pixel shader (resource {})"""
"101d08dc",41,"""[{}] Vertex shader resource {} not found"""
"101d0908",46,"""[{}] Failed to load vertex shader resource {}"""
"101d0938",46,"""[{}] Failed to lock vertex shader resource {}"""
"101d0968",53,"""[{}] RwD3D9CreateVertexShader failed for resource {}"""
"101d09a0",40,"""[{}] Loaded vertex shader (resource {})"""
"101d09c8",57,"""[{}] Loaded post-processing shaders (9 pixel + 1 vertex)"""
"101d0a24",7,"""Splash"""
"101d0a50",28,"""Project Eagle is loading"""
"101d0a6c",18,"u""Segoe UI"""
"101d0a80",14,"""[{}] Starting"""
"101d0a90",32,"""[{}] Looking for resource ID {}"""
"101d0ab0",20,"""[{}] Found resource"""
"101d0ac4",6,"""valid"""
"101d0ad4",32,"""[{}] Resource size={}, pData={}"""
"101d0af4",24,"""[{}] Loaded image {}x{}"""
"101d0b0c",41,"""[{}] Image::FromStream failed, status={}"""
"101d0b38",35,"""[{}] FindResource failed, error={}"""
"101d0b5c",18,"""PECoreSplashClass"""
"101d0b70",29,"""[{}] Failed to create window"""
"101d0b90",10,"""[{}] Done"""
"101d0ba0",7,"""TexMgr"""
"101d0ba8",9,"""pe_texdb"""
"101d0bb4",20,"""MODELS\\PE_TEXDB.TXD"""
"101d0bc8",45,"""[{}] Texture DB loaded (MODELS\\PE_TEXDB.TXD)"""
"101d0bf8",51,"""[{}] Failed to load texture DB MODELS\\PE_TEXDB.TXD"""
"101d0c2c",28,"""Failed to load pe_texdb.txd"""
"101d0cac",15,"""bad allocation"""
"101d0cc8",18,"""bad function call"""
"101d0d38",24,"""device or resource busy"""
"101d0d50",17,"""invalid argument"""
"101d0d64",16,"""no such process"""
"101d0d74",18,"""not enough memory"""
"101d0d88",24,"""operation not permitted"""
"101d0da0",30,"""resource deadlock would occur"""
"101d0dc0",31,"""resource unavailable try again"""
"101d39d8",8,"""success"""
"101d39e0",29,"""address family not supported"""
"101d3a00",16,"""address in use"""
"101d3a10",24,"""address not available"""
"101d3a28",20,"""already connected"""
"101d3a3c",24,"""argument list too long"""
"101d3a54",24,"""argument out of domain"""
"101d3a6c",12,"""bad address"""
"101d3a78",20,"""bad file descriptor"""
"101d3a8c",12,"""bad message"""
"101d3a98",12,"""broken pipe"""
"101d3aa4",20,"""connection aborted"""
"101d3ab8",32,"""connection already in progress"""
"101d3ad8",20,"""connection refused"""
"101d3aec",20,"""connection reset"""
"101d3b00",20,"""cross device link"""
"101d3b14",32,"""destination address required"""
"101d3b34",20,"""directory not empty"""
"101d3b48",24,"""executable format error"""
"101d3b60",12,"""file exists"""
"101d3b6c",16,"""file too large"""
"101d3b7c",20,"""filename too long"""
"101d3b90",24,"""function not supported"""
"101d3ba8",20,"""host unreachable"""
"101d3bbc",20,"""identifier removed"""
"101d3bd0",24,"""illegal byte sequence"""
"101d3be8",36,"""inappropriate io control operation"""
"101d3c0c",12,"""interrupted"""
"101d3c18",16,"""invalid seek"""
"101d3c28",12,"""io error"""
"101d3c34",16,"""is a directory"""
"101d3c44",16,"""message size"""
"101d3c54",16,"""network down"""
"101d3c64",16,"""network reset"""
"101d3c74",20,"""network unreachable"""
"101d3c88",16,"""no buffer space"""
"101d3c98",20,"""no child process"""
"101d3cac",8,"""no link"""
"101d3cb4",20,"""no lock available"""
"101d3cc8",24,"""no message available"""
"101d3ce0",12,"""no message"""
"101d3cec",20,"""no protocol option"""
"101d3d00",20,"""no space on device"""
"101d3d14",20,"""no stream resources"""
"101d3d28",28,"""no such device or address"""
"101d3d44",16,"""no such device"""
"101d3d54",28,"""no such file or directory"""
"101d3d70",16,"""not a directory"""
"101d3d80",16,"""not a socket"""
"101d3d90",16,"""not a stream"""
"101d3da0",16,"""not connected"""
"101d3db0",16,"""not supported"""
"101d3dc0",20,"""operation canceled"""
"101d3dd4",24,"""operation in progress"""
"101d3dec",24,"""operation not supported"""
"101d3e04",24,"""operation would block"""
"101d3e1c",12,"""owner dead"""
"101d3e28",20,"""permission denied"""
"101d3e3c",16,"""protocol error"""
"101d3e4c",24,"""protocol not supported"""
"101d3e64",24,"""read only file system"""
"101d3e7c",20,"""result out of range"""
"101d3e90",24,"""state not recoverable"""
"101d3ea8",16,"""stream timeout"""
"101d3eb8",16,"""text file busy"""
"101d3ec8",12,"""timed out"""
"101d3ed4",32,"""too many files open in system"""
"101d3ef4",20,"""too many files open"""
"101d3f08",16,"""too many links"""
"101d3f18",32,"""too many symbolic link levels"""
"101d3f38",16,"""value too large"""
"101d3f48",20,"""wrong protocol type"""
"101d3f5c",14,"""unknown error"""
"101d4008",14,"""bad exception"""
"101d4158",44,"u""!x-sys-default-locale"""
"101d4184",26,"u""kernel32.dll"""
"101d41a0",14,"""GetTempPath2W"""
"101d41b0",37,"""0123456789abcdefghijklmnopqrstuvwxyz"""
"101d4200",37,"""0123456789abcdefghijklmnopqrstuvwxyz"""
"101d4250",31,"""GetSystemTimePreciseAsFileTime"""
"101d4608",12,"""__based("""
"101d4614",8,"""__cdecl"""
"101d461c",12,"""__stdcall"""
"101d4628",12,"""__thiscall"""
"101d4634",12,"""__fastcall"""
"101d4640",16,"""__vectorcall"""
"101d4650",16,"""__preserve_none"""
"101d4660",12,"""__clrcall"""
"101d4674",12,"""__swift_1"""
"101d4680",12,"""__swift_2"""
"101d468c",12,"""__swift_3"""
"101d46a0",12,"""__restrict"""
"101d46ac",12,"""__unaligned"""
"101d46b8",12,"""restrict("""
"101d46cc",8,""" delete"""
"101d46f0",12,"""operator"""
"101d4758",12,"""`vftable'"""
"101d4764",12,"""`vbtable'"""
"101d4784",24,"""`local static guard'"""
"101d479c",12,"""`string'"""
"101d47a8",20,"""`vbase destructor'"""
"101d47bc",32,"""`vector deleting destructor'"""
"101d47dc",32,"""`default constructor closure'"""
"101d47fc",32,"""`scalar deleting destructor'"""
"101d481c",32,"""`vector constructor iterator'"""
"101d483c",32,"""`vector destructor iterator'"""
"101d485c",36,"""`vector vbase constructor iterator'"""
"101d4880",28,"""`virtual displacement map'"""
"101d489c",36,"""`eh vector constructor iterator'"""
"101d48c0",32,"""`eh vector destructor iterator'"""
"101d48e0",40,"""`eh vector vbase constructor iterator'"""
"101d4908",28,"""`copy constructor closure'"""
"101d4924",16,"""`udt returning'"""
"101d4940",16,"""`local vftable'"""
"101d4950",36,"""`local vftable constructor closure'"""
"101d497c",12,""" delete[]"""
"101d4988",16,"""`omni callsig'"""
"101d4998",28,"""`placement delete closure'"""
"101d49b4",32,"""`placement delete[] closure'"""
"101d49d4",40,"""`managed vector constructor iterator'"""
"101d49fc",40,"""`managed vector destructor iterator'"""
"101d4a24",40,"""`eh vector copy constructor iterator'"""
"101d4a4c",44,"""`eh vector vbase copy constructor iterator'"""
"101d4a78",28,"""`dynamic initializer for '"""
"101d4a94",36,"""`dynamic atexit destructor for '"""
"101d4ab8",36,"""`vector copy constructor iterator'"""
"101d4adc",44,"""`vector vbase copy constructor iterator'"""
"101d4b08",44,"""`managed vector copy constructor iterator'"""
"101d4b34",28,"""`local static thread guard'"""
"101d4b50",16,"""operator \""\"" """
"101d4b60",20,"""operator co_await"""
"101d4b74",12,"""operator<=>"""
"101d4b80",20,""" Type Descriptor'"""
"101d4b94",28,""" Base Class Descriptor at ("""
"101d4bb0",20,""" Base Class Array'"""
"101d4bc4",32,""" Class Hierarchy Descriptor'"""
"101d4be4",28,""" Complete Object Locator'"""
"101d4c00",24,"""`anonymous namespace'"""
"101d4c24",60,"u""api-ms-win-core-fibers-l1-1-1"""
"101d4c60",58,"u""api-ms-win-core-synch-l1-2-0"""
"101d4c9c",18,"u""kernel32"""
"101d4cb0",16,"u""api-ms-"""
"101d4cc8",9,"""FlsAlloc"""
"101d4cdc",8,"""FlsFree"""
"101d4cec",12,"""FlsGetValue"""
"101d4d00",12,"""FlsSetValue"""
"101d4d14",28,"""InitializeCriticalSectionEx"""
"101d4d30",84,"u""Assertion failed: %Ts, file %Ts, line %d\n"""
"101d4d88",74,"u""Microsoft Visual C++ Runtime Library"""
"101d4dd4",36,"u""Assertion failed!"""
"101d4df8",20,"u""Program: """
"101d4e0c",14,"u""File: """
"101d4e1c",14,"u""Line: """
"101d4e2c",26,"u""Expression: """
"101d4e48",224,"u""For information on how your program can cause an assertion\nfailure, see the Visual C++ documentation on asserts"""
"101d4f28",122,"u""(Press Retry to debug the application - JIT must be enabled)"""
"101d4fb8",46,"u""<program name unknown>"""
"101d51e8",14,"u""(null)"""
"101d5bc0",100,"u""minkernel\\crts\\ucrt\\inc\\corecrt_internal_strtox.h"""
"101d5c28",92,"u""__crt_strtox::floating_point_value::as_double"""
"101d5c84",22,"u""_is_double"""
"101d5ca0",90,"u""__crt_strtox::floating_point_value::as_float"""
"101d5cfc",24,"u""!_is_double"""
"101d5d98",8,"""INITY"""
"101d5da0",8,"""inity"""
"101d60e0",8,"""INITY"""
"101d60e8",8,"""inity"""
"101d62b0",24,"u""mscoree.dll"""
"101d62c8",16,"""CorExitProcess"""
"101d659c",6,"""log10"""
"101d65f8",8,"""floor"""
"101d6644",12,"""_nextafter"""
"101d6f74",12,"u""am/pm"""
"101d7000",64,"u""api-ms-win-core-datetime-l1-1-1"""
"101d7040",60,"u""api-ms-win-core-fibers-l1-1-2"""
"101d707c",56,"u""api-ms-win-core-file-l1-2-4"""
"101d70b4",56,"u""api-ms-win-core-file-l1-2-2"""
"101d70ec",56,"u""api-ms-win-core-file-l2-1-4"""
"101d7128",72,"u""api-ms-win-core-localization-l1-2-1"""
"101d7170",90,"u""api-ms-win-core-localization-obsolete-l1-2-0"""
"101d71d0",76,"u""api-ms-win-core-processthreads-l1-1-2"""
"101d721c",60,"u""api-ms-win-core-string-l1-1-0"""
"101d7258",62,"u""api-ms-win-core-sysinfo-l1-2-1"""
"101d7298",58,"u""api-ms-win-core-winrt-l1-1-0"""
"101d72d4",60,"u""api-ms-win-core-xstate-l2-1-0"""
"101d7310",78,"u""api-ms-win-rtcore-ntuser-window-l1-1-0"""
"101d7360",86,"u""api-ms-win-security-systemfunctions-l1-1-0"""
"101d73b8",70,"u""ext-ms-win-ntuser-dialogbox-l1-1-0"""
"101d7400",78,"u""ext-ms-win-ntuser-windowstation-l1-1-0"""
"101d7450",18,"u""advapi32"""
"101d7464",22,"u""kernelbase"""
"101d747c",12,"u""ntdll"""
"101d7488",70,"u""api-ms-win-appmodel-runtime-l1-1-2"""
"101d74d0",14,"u""user32"""
"101d74e0",16,"u""ext-ms-"""
"101d74f4",16,"""AreFileApisANSI"""
"101d750c",16,"""CompareStringEx"""
"101d7524",20,"""EnumSystemLocalesEx"""
"101d7540",13,"""FlsGetValue2"""
"101d7558",16,"""GetActiveWindow"""
"101d7570",16,"""GetDateFormatEx"""
"101d7588",19,"""GetLastActivePopup"""
"101d75a4",16,"""GetLocaleInfoEx"""
"101d75bc",24,"""GetProcessWindowStation"""
"101d75dc",16,"""GetTimeFormatEx"""
"101d75f4",25,"""GetUserDefaultLocaleName"""
"101d7618",26,"""GetUserObjectInformationW"""
"101d763c",18,"""IsValidLocaleName"""
"101d7658",14,"""LCMapStringEx"""
"101d7670",17,"""LCIDToLocaleName"""
"101d768c",17,"""LocaleNameToLCID"""
"101d76a8",12,"""MessageBoxA"""
"101d76bc",12,"""MessageBoxW"""
"101d76cc",37,"""AppPolicyGetProcessTerminationMethod"""
"101d76f8",36,"""AppPolicyGetShowDeveloperDiagnostic"""
"101d7720",27,"""AppPolicyGetWindowingModel"""
"101d7740",6,"""UTF-8"""
"101d7748",16,"""UTF-16LEUNICODE"""
"101d7760",12,"u""UTF-8"""
"101d776c",32,"u""UTF-16LEUNICODE"""
"101d7858",16,"u""LC_ALL"""
"101d7868",24,"u""LC_COLLATE"""
"101d7880",18,"u""LC_CTYPE"""
"101d7894",24,"u""LC_MONETARY"""
"101d78ac",22,"u""LC_NUMERIC"""
"101d78c4",16,"u""LC_TIME"""
"101d7a68",9,"""MM/dd/yy"""
"101d7a74",20,"""dddd, MMMM dd, yyyy"""
"101d7a88",9,"""HH:mm:ss"""
"101d7acc",14,"u""Sunday"""
"101d7adc",14,"u""Monday"""
"101d7aec",16,"u""Tuesday"""
"101d7afc",20,"u""Wednesday"""
"101d7b10",18,"u""Thursday"""
"101d7b24",14,"u""Friday"""
"101d7b34",18,"u""Saturday"""
"101d7ba8",16,"u""January"""
"101d7bb8",18,"u""February"""
"101d7bcc",12,"u""March"""
"101d7bd8",12,"u""April"""
"101d7be4",10,"u""June"""
"101d7bf0",10,"u""July"""
"101d7bfc",14,"u""August"""
"101d7c0c",20,"u""September"""
"101d7c20",16,"u""October"""
"101d7c30",18,"u""November"""
"101d7c44",18,"u""December"""
"101d7c68",18,"u""MM/dd/yy"""
"101d7c7c",40,"u""dddd, MMMM dd, yyyy"""
"101d7ca4",18,"u""HH:mm:ss"""
"101d7cb8",12,"u""en-US"""
"101d7d08",10,"""NAN(SNAN)"""
"101d7d14",10,"""nan(snan)"""
"101d7d20",9,"""NAN(IND)"""
"101d7d2c",9,"""nan(ind)"""
"101d7d38",6,"""e+000"""
"101dde88",12,"u""ja-JP"""
"101dde94",12,"u""zh-CN"""
"101ddea0",12,"u""ko-KR"""
"101ddeac",12,"u""zh-TW"""
"101de88c",12,"u""de-DE"""
"101de9ac",12,"u""sl-SI"""
"101dea78",12,"u""hi-IN"""
"101deaf0",12,"u""bn-IN"""
"101deafc",12,"u""pa-IN"""
"101deb14",12,"u""ta-IN"""
"101deb20",12,"u""te-IN"""
"101deb2c",12,"u""kn-IN"""
"101deb50",12,"u""sa-IN"""
"101debe4",12,"u""de-CH"""
"101dec44",24,"u""sr-SP-Latn"""
"101dec80",12,"u""se-SE"""
"101decd8",12,"u""de-AT"""
"101ded08",24,"u""sr-SP-Cyrl"""
"101ded78",12,"u""fr-CH"""
"101dedb8",12,"u""de-LI"""
"101dede8",24,"u""bs-BA-Latn"""
"101dee40",24,"u""sr-BA-Latn"""
"101df874",12,"u""bn-in"""
"101df880",24,"u""bs-ba-latn"""
"101df8c8",12,"u""de-at"""
"101df8d4",12,"u""de-ch"""
"101df8e0",12,"u""de-de"""
"101df8ec",12,"u""de-li"""
"101dfaf4",12,"u""fr-ch"""
"101dfb48",12,"u""hi-in"""
"101dfb84",12,"u""id-id"""
"101dfbd8",12,"u""kn-in"""
"101dfcc0",12,"u""pa-in"""
"101dfd38",12,"u""sa-in"""
"101dfd5c",12,"u""se-se"""
"101dfd74",12,"u""sl-si"""
"101dfe04",24,"u""sr-ba-latn"""
"101dfe1c",24,"u""sr-sp-cyrl"""
"101dfe34",24,"u""sr-sp-latn"""
"101dfe80",12,"u""ta-in"""
"101dfe8c",12,"u""te-in"""
"101e03b8",18,"u""american"""
"101e03cc",36,"u""american english"""
"101e03f0",36,"u""american-english"""
"101e0414",24,"u""australian"""
"101e042c",16,"u""belgian"""
"101e043c",20,"u""canadian"""
"101e0460",16,"u""chinese"""
"101e0470",36,"u""chinese-hongkong"""
"101e0494",40,"u""chinese-simplified"""
"101e04bc",36,"u""chinese-singapore"""
"101e04e0",40,"u""chinese-traditional"""
"101e0508",28,"u""dutch-belgian"""
"101e0524",36,"u""english-american"""
"101e0548",24,"u""english-aus"""
"101e0560",32,"u""english-belize"""
"101e0580",24,"u""english-can"""
"101e0598",36,"u""english-caribbean"""
"101e05bc",24,"u""english-ire"""
"101e05d4",32,"u""english-jamaica"""
"101e05f4",24,"u""english-nz"""
"101e060c",44,"u""english-south africa"""
"101e0638",52,"u""english-trinidad y tobago"""
"101e066c",24,"u""english-uk"""
"101e0684",24,"u""english-us"""
"101e069c",24,"u""english-usa"""
"101e06b4",32,"u""french-belgian"""
"101e06d4",32,"u""french-canadian"""
"101e06f4",36,"u""french-luxembourg"""
"101e0718",28,"u""french-swiss"""
"101e0734",32,"u""german-austrian"""
"101e0754",40,"u""german-lichtenstein"""
"101e077c",36,"u""german-luxembourg"""
"101e07a0",28,"u""german-swiss"""
"101e07bc",28,"u""irish-english"""
"101e07d8",28,"u""italian-swiss"""
"101e07f4",20,"u""norwegian"""
"101e0808",36,"u""norwegian-bokmal"""
"101e082c",36,"u""norwegian-nynorsk"""
"101e0850",44,"u""portuguese-brazilian"""
"101e087c",36,"u""spanish-argentina"""
"101e08a0",32,"u""spanish-bolivia"""
"101e08c0",28,"u""spanish-chile"""
"101e08dc",36,"u""spanish-colombia"""
"101e0900",40,"u""spanish-costa rica"""
"101e0928",56,"u""spanish-dominican republic"""
"101e0960",32,"u""spanish-ecuador"""
"101e0980",40,"u""spanish-el salvador"""
"101e09a8",36,"u""spanish-guatemala"""
"101e09cc",36,"u""spanish-honduras"""
"101e09f0",32,"u""spanish-mexican"""
"101e0a10",32,"u""spanish-modern"""
"101e0a30",36,"u""spanish-nicaragua"""
"101e0a54",32,"u""spanish-panama"""
"101e0a74",36,"u""spanish-paraguay"""
"101e0a98",28,"u""spanish-peru"""
"101e0ab4",40,"u""spanish-puerto rico"""
"101e0adc",32,"u""spanish-uruguay"""
"101e0afc",36,"u""spanish-venezuela"""
"101e0b20",32,"u""swedish-finland"""
"101e0b40",12,"u""swiss"""
"101e0b5c",16,"u""america"""
"101e0b6c",16,"u""britain"""
"101e0b7c",12,"u""china"""
"101e0b94",16,"u""england"""
"101e0ba4",28,"u""great britain"""
"101e0bc0",16,"u""holland"""
"101e0bd0",20,"u""hong-kong"""
"101e0be4",24,"u""new-zealand"""
"101e0c04",20,"u""pr china"""
"101e0c18",20,"u""pr-china"""
"101e0c2c",24,"u""puerto-rico"""
"101e0c54",28,"u""south africa"""
"101e0c70",24,"u""south korea"""
"101e0c88",28,"u""south-africa"""
"101e0ca4",24,"u""south-korea"""
"101e0cbc",36,"u""trinidad & tobago"""
"101e0ce0",32,"u""united-kingdom"""
"101e0d00",28,"u""united-states"""
"101e0d1c",10,"u""utf8"""
"101e0d30",12,"u""utf-8"""
"101e0d58",6,"""1#INF"""
"101e0d60",7,"""1#QNAN"""
"101e0d68",7,"""1#SNAN"""
"101e0d70",6,"""1#IND"""
"101e11f0",16,"u""CONOUT$"""
"101e1300",6,"""log10"""
"101e1c34",20,"""Unknown exception"""
"101e1c48",21,"""bad array new length"""
"101e1c60",16,"""string too long"""
"101e1c70",58,"""ScriptCode::operator<<(float *p): reached local var limit"""
"101e1cac",56,"""ScriptCode::operator<<(int *p): reached local var limit"""
"101e1ce4",16,"""vector too long"""
"101e1cf4",18,"""Plugin-SDK Plugin"""
"101e1d08",142,"u""C:\\Users\\Madhav Gupta\\Documents\\GitHub\\plugin-sdk\\injector\\hooking.hpp"""
"101e1d98",32,"u""size <= bufsize"""
"101e1db8",25,"""invalid vector subscript"""
"101e1dd4",14,"""list too long"""
"101e1de4",13,"""bad_weak_ptr"""
"101e1df4",27,"""unordered_map/set too long"""
"101e1e10",26,"""invalid hash bucket count"""
"101fac24",8,"""float16"""
"101fc848",12,"""zmmword ptr"""
"1020fb63",10,"""\txacquire"""
"1022114b",10,"""\txrelease"""
"10231fa3",11,"""\nfword ptr"""
"10235128",12,"""xmmword ptr"""
"1023603c",12,"""ymmword ptr"""
"10236053",11,"""\ndword ptr"""
"102362cc",8,"""invalid"""
"10236d8c",8,"""notrack"""
"10236f9b",11,"""\nqword ptr"""
"1023741f",10,"""\tword ptr"""
"1024072c",7,"""sint16"""
"102495eb",11,"""\ntbyte ptr"""
"102495ff",10,"""\tbyte ptr"""
"10249684",8,"""invalid"""
"10249880",46,"""FILESYSTEM\nFailed to retrieve plugin dir path"""
"102498b0",44,"""FILESYSTEM\nFailed to retrieve game dir path"""
"102498dc",11,"""plugin-sdk"""
"10249930",138,"u""C:\\Users\\Madhav Gupta\\Documents\\GitHub\\plugin-sdk\\safetyhook\\Zydis.c"""
"102499bc",12,"u""state"""
"102499c8",24,"u""instruction"""
"102499e0",12,"u""value"""
"102499ec",50,"u""instruction->length < 15"""
"10249a20",44,"u""(data & 0xF0) == 0x40"""
"10249a4c",58,"u""((data[1] >> 0) & 0x1F) >= 8"""
"10249a88",110,"u""instruction->raw.xop.offset == instruction->length - 3"""
"10249af8",78,"u""(data[0] == 0xC4) || (data[0] == 0xC5)"""
"10249b48",110,"u""instruction->raw.vex.offset == instruction->length - 3"""
"10249bb8",110,"u""instruction->raw.vex.offset == instruction->length - 2"""
"10249c28",32,"u""data[0] == 0x62"""
"10249c48",112,"u""instruction->raw.evex.offset == instruction->length - 4"""
"10249cb8",64,"u""((data[2] >> 2) & 0x01) == 0x01"""
"10249cf8",112,"u""instruction->raw.mvex.offset == instruction->length - 4"""
"10249d68",64,"u""((data[2] >> 2) & 0x01) == 0x00"""
"10249da8",82,"u""!(instruction->attributes & (1ULL << 0))"""
"10249e00",114,"u""instruction->raw.modrm.offset == instruction->length - 1"""
"10249e78",76,"u""instruction->attributes & (1ULL << 0)"""
"10249ec4",62,"u""instruction->raw.modrm.rm == 4"""
"10249f08",82,"u""!(instruction->attributes & (1ULL << 1))"""
"10249f60",110,"u""instruction->raw.sib.offset == instruction->length - 1"""
"10249fd0",64,"u""instruction->raw.disp.size == 0"""
"1024a010",46,"u""(id == 0) || (id == 1)"""
"1024a040",52,"u""is_signed || !is_relative"""
"1024a078",70,"u""instruction->raw.imm[id].size == 0"""
"1024a0c0",16,"u""context"""
"1024a0d0",16,"u""operand"""
"1024a0e0",22,"u""definition"""
"1024a0f8",76,"u""instruction->avx.vector_length == 512"""
"1024a148",64,"u""instruction->raw.modrm.mod != 3"""
"1024a188",130,"u""definition->cpu_state < (sizeof(mapping) / sizeof((mapping)[0]))"""
"1024a210",130,"u""definition->xmm_state < (sizeof(mapping) / sizeof((mapping)[0]))"""
"1024a298",136,"u""context->vector_unified.LL < (sizeof(lookup) / sizeof((lookup)[0]))"""
"1024a320",110,"u""vector_length < (sizeof(lookup) / sizeof((lookup)[0]))"""
"1024a390",36,"u""def->element_size"""
"1024a3b8",146,"u""def->element_size < (sizeof(element_sizes) / sizeof((element_sizes)[0]))"""
"1024a44c",22,"u""evex_b < 2"""
"1024a468",368,"u""!evex_b || ((!context->vector_unified.W && (context->evex.element_size == 16 || context->evex.element_size == 32)) || ( context->vector_unified.W && context->evex.element_size == 64))"""
"1024a5d8",104,"u""!evex_b || def->functionality == ZYDIS_EVEX_FUNC_BC"""
"1024a640",30,"u""size_index < 3"""
"1024a660",54,"u""!context->vector_unified.W"""
"1024a698",146,"u""(context->evex.element_size == 16) || (context->evex.element_size == 32)"""
"1024a730",66,"u""context->evex.element_size == 32"""
"1024a778",66,"u""context->evex.element_size == 64"""
"1024a7c0",118,"u""def->element_size < (sizeof(scales) / sizeof((scales)[0]))"""
"1024a838",62,"u""context->vector_unified.W == 0"""
"1024a878",166,"u""(instruction->avx.vector_length == 256) || (instruction->avx.vector_length == 512)"""
"1024a920",66,"u""context->evex.element_size == 16"""
"1024a968",64,"u""instruction->raw.modrm.mod == 3"""
"1024a9a8",66,"u""!instruction->avx.broadcast.mode"""
"1024a9f0",128,"u""def->broadcast < (sizeof(broadcasts) / sizeof((broadcasts)[0]))"""
"1024aa70",52,"u""!index || !def->broadcast"""
"1024aaa8",162,"u""instruction->raw.mvex.SSS < (sizeof(lookup[index]) / sizeof((lookup[index])[0]))"""
"1024ab4c",20,"u""index < 2"""
"1024ab60",70,"u""instruction->raw.prefix_count == 0"""
"1024aba8",10,"u""info"""
"1024abb4",44,"u""!(info->flags & 0x02)"""
"1024abe0",254,"u""index < (sizeof(operand_size_map[definition->operand_size_map]) / sizeof((operand_size_map[definition->operand_size_map])[0]))"""
"1024ace0",180,"u""definition->address_size_map < (sizeof(address_size_map) / sizeof((address_size_map)[0]))"""
"1024ad98",254,"u""index < (sizeof(address_size_map[definition->address_size_map]) / sizeof((address_size_map[definition->address_size_map])[0]))"""
"1024ae98",12,"u""index"""
"1024aea8",76,"u""instruction->attributes & (1ULL << 3)"""
"1024aef8",76,"u""instruction->attributes & (1ULL << 4)"""
"1024af48",76,"u""instruction->attributes & (1ULL << 5)"""
"1024af98",76,"u""instruction->attributes & (1ULL << 6)"""
"1024afe8",82,"u""!(instruction->attributes & (1ULL << 4))"""
"1024b040",82,"u""!(instruction->attributes & (1ULL << 5))"""
"1024b098",82,"u""!(instruction->attributes & (1ULL << 6))"""
"1024b0f0",114,"u""instruction->encoding == ZYDIS_INSTRUCTION_ENCODING_EVEX"""
"1024b168",114,"u""instruction->encoding == ZYDIS_INSTRUCTION_ENCODING_MVEX"""
"1024b1e0",116,"u""(ZyanUSize)id_cr < (sizeof(lookup) / sizeof((lookup)[0]))"""
"1024b258",120,"u""def->functionality < (sizeof(lookup) / sizeof((lookup)[0]))"""
"1024b2d0",60,"u""instruction->raw.mvex.SSS < 8"""
"1024b310",206,"u""(def_reg == ZYDIS_REGKIND_VR) && (def_rm == ZYDIS_MEMOP_TYPE_VSIB) && (def_ndsndd == ZYDIS_REGKIND_VR)"""
"1024b3e0",296,"u""((def_reg == ZYDIS_REGKIND_INVALID) || (def_reg == ZYDIS_REGKIND_VR)) && (def_rm == ZYDIS_MEMOP_TYPE_VSIB) && (def_ndsndd == ZYDIS_REGKIND_INVALID)"""
"1024b508",240,"u""(instruction->encoding == ZYDIS_INSTRUCTION_ENCODING_EVEX) || (instruction->encoding == ZYDIS_INSTRUCTION_ENCODING_VEX)"""
"1024b5f8",112,"u""instruction->encoding == ZYDIS_INSTRUCTION_ENCODING_VEX"""
"1024b668",14,"u""is_reg"""
"1024b678",108,"u""node->type == ZYDIS_NODETYPE_FILTER_MODRM_MOD_COMPACT"""
"1024b6e8",88,"u""node->type & ZYDIS_NODETYPE_DEFINITION_MASK"""
"1024b740",574,"u""(instruction->meta.branch_type == ZYDIS_BRANCH_TYPE_NONE) || ((instruction->meta.category == ZYDIS_CATEGORY_CALL) || (instruction->meta.category == ZYDIS_CATEGORY_COND_BR) || (instruction->meta.category == ZYDIS_CATEGORY_UNCOND_BR) || (instruction->meta.category == ZYDIS_CATEGORY_RET))"""
"1024b980",22,"u""index < 13"""
"1024b998",22,"u""index < 17"""
"1024b9b0",22,"u""index < 49"""
"1024b9c8",24,"u""index < 256"""
"1024b9e0",20,"u""index < 4"""
"1024b9f4",20,"u""index < 3"""
"1024ba08",20,"u""index < 8"""
"1024ba1c",20,"u""index < 5"""
"1024ba30",130,"u""class < (sizeof(INSTR_ENCODINGS) / sizeof((INSTR_ENCODINGS)[0]))"""
"1024bab4",44,"u""destination && source"""
"1024bae0",62,"u""!destination->vector.allocator"""
"1024bb20",110,"u""destination->vector.size && source->string.vector.size"""
"1024bb90",82,"u""destination->vector.size && source->size"""
"1024bbe8",174,"u""*(char*)((ZyanU8*)(destination)->vector.data + (destination)->vector.size - 1) == '\\0'"""
"1024bca0",14,"u""buffer"""
"1024bcb0",10,"u""data"""
"1024bcbc",50,"u""(len > 0) && (len < 256)"""
"1024bcfc",8,""" {1to2}"""
"1024bd04",8,""" {1to4}"""
"1024bd0c",8,""" {1to8}"""
"1024bd14",9,""" {1to16}"""
"1024bd20",9,""" {1to32}"""
"1024bd2c",9,""" {1to64}"""
"1024bd38",8,""" {4to8}"""
"1024bd40",9,""" {4to16}"""
"1024bd4c",9,""" {8to16}"""
"1024bd58",8,""" {aaaa}"""
"1024bd60",8,""" {badc}"""
"1024bd68",8,""" {bbbb}"""
"1024bd74",8,""" {cccc}"""
"1024bd7c",8,""" {cdab}"""
"1024bd84",8,""" {dacb}"""
"1024bd8c",8,""" {dddd}"""
"1024bd94",6,""" {eh}"""
"1024bda0",11,""" {float16}"""
"1024bdac",6,""" {rd}"""
"1024bdb4",10,""" {rd-sae}"""
"1024bdc0",6,""" {rn}"""
"1024bdc8",10,""" {rn-sae}"""
"1024bdd4",6,""" {ru}"""
"1024bddc",10,""" {ru-sae}"""
"1024bde8",6,""" {rz}"""
"1024bdf0",10,""" {rz-sae}"""
"1024bdfc",7,""" {sae}"""
"1024be04",9,""" {sint8}"""
"1024be10",10,""" {sint16}"""
"1024be1c",9,""" {uint8}"""
"1024be28",10,""" {uint16}"""
"1024be58",8,"""invalid"""
"1024be74",6,""" near"""
"1024be84",6,"""lock """
"1024be94",6,"""repe """
"1024be9c",7,"""repne """
"1024bea4",8,"""rex.wx """
"1024beac",9,"""rex.wxb """
"1024beb8",8,"""rex.wr """
"1024bec0",9,"""rex.wrb """
"1024becc",9,"""rex.wrx """
"1024bed8",10,"""rex.wrxb """
"1024beec",7,"""rex.b """
"1024bef4",7,"""rex.x """
"1024befc",8,"""rex.xb """
"1024bf04",7,"""rex.r """
"1024bf0c",8,"""rex.rb """
"1024bf14",8,"""rex.rx """
"1024bf1c",9,"""rex.rxb """
"1024bf28",7,"""rex.w """
"1024bf30",8,"""rex.wb """
"1024bf50",12,"""xacquire """
"1024bf5c",10,"""xrelease """
"1024bf68",9,"""notrack """
"1024bf78",7,""" short"""
"1024bf84",12,"""byte ptr """
"1024bf94",12,"""word ptr """
"1024bfa0",12,"""dword ptr """
"1024bfac",12,"""fword ptr """
"1024bfbc",12,"""qword ptr """
"1024bfc8",12,"""tbyte ptr """
"1024bfd8",16,"""xmmword ptr """
"1024bfec",16,"""ymmword ptr """
"1024c000",16,"""zmmword ptr """
"1024c010",20,"u""formatter"""
"1024c024",42,"u""context->instruction"""
"1024c050",36,"u""context->operands"""
"1024c078",86,"u""operand->type == ZYDIS_OPERAND_TYPE_MEMORY"""
"1024c0d0",184,"u""(operand->mem.type == ZYDIS_MEMOP_TYPE_MEM) || (operand->mem.type == ZYDIS_MEMOP_TYPE_VSIB)"""
"1024c1d0",12,"""addsubpd"""
"1024c1dc",12,"""addsubps"""
"1024c210",12,"""aesdeclast"""
"1024c21c",16,"""aesdecwide128kl"""
"1024c22c",16,"""aesdecwide256kl"""
"1024c23c",8,"""aesenc"""
"1024c244",12,"""aesenc128kl"""
"1024c250",12,"""aesenc256kl"""
"1024c25c",12,"""aesenclast"""
"1024c268",16,"""aesencwide128kl"""
"1024c278",16,"""aesencwide256kl"""
"1024c290",16,"""aeskeygenassist"""
"1024c2d4",8,"""bextr"""
"1024c2dc",8,"""blcfill"""
"1024c2ec",8,"""blcic"""
"1024c304",8,"""blendpd"""
"1024c30c",8,"""blendps"""
"1024c314",12,"""blendvpd"""
"1024c320",12,"""blendvps"""
"1024c32c",8,"""blsfill"""
"1024c33c",8,"""blsic"""
"1024c38c",8,"""bound"""
"1024c3e4",12,"""cldemote"""
"1024c3f0",12,"""clevict0"""
"1024c3fc",12,"""clevict1"""
"1024c408",8,"""clflush"""
"1024c410",12,"""clflushopt"""
"1024c470",8,"""cmovle"""
"1024c534",8,"""comisd"""
"1024c53c",8,"""comiss"""
"1024c550",8,"""crc32"""
"1024c678",8,"""delay"""
"1024c6d4",16,"""encodekey128"""
"1024c6e4",16,"""encodekey256"""
"1024c714",8,"""enter"""
"1024c71c",12,"""extractps"""
"1024c778",8,"""fcmove"""
"1024c7bc",8,"""fcomip"""
"1024c7c4",8,"""fcomp"""
"1024c7e4",16,"""fdisi8087_nop"""
"1024c844",8,"""ficom"""
"1024c84c",8,"""ficomp"""
"1024c86c",8,"""fimul"""
"1024c894",8,"""fisub"""
"1024c8b8",8,"""fldenv"""
"1024c908",8,"""fninit"""
"1024c918",8,"""fnsave"""
"1024c928",8,"""fnstenv"""
"1024c938",8,"""fpatan"""
"1024c940",8,"""fprem"""
"1024c950",8,"""fptan"""
"1024c958",8,"""frndint"""
"1024c960",8,"""frstor"""
"1024c968",8,"""fscale"""
"1024c970",16,"""fsetpm287_nop"""
"1024c988",8,"""fsincos"""
"1024c9d4",8,"""fucom"""
"1024c9dc",8,"""fucomi"""
"1024c9e4",8,"""fucomip"""
"1024c9ec",8,"""fucomp"""
"1024c9f4",8,"""fucompp"""
"1024ca14",8,"""fxrstor"""
"1024ca1c",12,"""fxrstor64"""
"1024ca3c",8,"""fxtract"""
"1024ca54",8,"""getsec"""
"1024ca5c",20,"""gf2p8affineinvqb"""
"1024ca70",16,"""gf2p8affineqb"""
"1024caa0",8,"""hreset"""
"1024caf0",12,"""insertps"""
"1024cafc",8,"""insertq"""
"1024cb30",8,"""invept"""
"1024cc64",12,"""kconcath"""
"1024cc70",12,"""kconcatl"""
"1024cc7c",12,"""kextract"""
"1024cd0c",8,"""kortest"""
"1024cd14",12,"""kortestb"""
"1024cd20",12,"""kortestd"""
"1024cd2c",12,"""kortestq"""
"1024cd38",12,"""kortestw"""
"1024cd58",12,"""kshiftld"""
"1024cd88",12,"""kshiftrd"""
"1024ce60",12,"""ldtilecfg"""
"1024ce70",8,"""leave"""
"1024ce7c",8,"""lfence"""
"1024ceb4",12,"""loadiwkey"""
"1024cee8",8,"""loope"""
"1024cef0",8,"""loopne"""
"1024cf1c",12,"""maskmovdqu"""
"1024cf54",8,"""mcommit"""
"1024cf5c",8,"""mfence"""
"1024cf7c",8,"""minss"""
"1024cf84",8,"""monitor"""
"1024cf8c",12,"""monitorx"""
"1024cf98",8,"""montmul"""
"1024cfac",8,"""movaps"""
"1024cfd8",8,"""movdiri"""
"1024d194",12,"""packssdw"""
"1024d1a0",12,"""packsswb"""
"1024d1cc",8,"""paddd"""
"1024d1dc",8,"""paddsb"""
"1024d1ec",8,"""paddusb"""
"1024d204",8,"""palignr"""
"1024d21c",8,"""pause"""
"1024d248",8,"""pblendw"""
"1024d27c",12,"""pcmpestri"""
"1024d288",12,"""pcmpestrm"""
"1024d2b4",12,"""pcmpistri"""
"1024d2c0",12,"""pcmpistrm"""
"1024d2cc",8,"""pconfig"""
"1024d2ec",8,"""pextrd"""
"1024d3a4",8,"""phaddd"""
"1024d3bc",12,"""phminposuw"""
"1024d410",12,"""pmaddubsw"""
"1024d54c",8,"""pmulld"""
"1024d570",8,"""popad"""
"1024d59c",12,"""prefetch"""
"1024d5a8",12,"""prefetchnta"""
"1024d5b4",12,"""prefetcht0"""
"1024d5c0",12,"""prefetcht1"""
"1024d5cc",12,"""prefetcht2"""
"1024d5d8",12,"""prefetchw"""
"1024d5e4",12,"""prefetchwt1"""
"1024d628",8,"""psignd"""
"1024d658",8,"""psmash"""
"1024d660",8,"""psrad"""
"1024d6b8",8,"""psubusb"""
"1024d6d8",8,"""ptest"""
"1024d6e0",8,"""ptwrite"""
"1024d6e8",12,"""punpckhbw"""
"1024d6f4",12,"""punpckhdq"""
"1024d700",12,"""punpckhqdq"""
"1024d70c",12,"""punpckhwd"""
"1024d718",12,"""punpcklbw"""
"1024d724",12,"""punpckldq"""
"1024d730",12,"""punpcklqdq"""
"1024d73c",12,"""punpcklwd"""
"1024d750",8,"""pusha"""
"1024d758",8,"""pushad"""
"1024d778",12,"""pvalidate"""
"1024d7a4",12,"""rdfsbase"""
"1024d7b0",12,"""rdgsbase"""
"1024d7e4",8,"""rdrand"""
"1024d7ec",8,"""rdseed"""
"1024d818",12,"""rmpadjust"""
"1024d824",12,"""rmpupdate"""
"1024d840",8,"""roundpd"""
"1024d848",8,"""roundps"""
"1024d850",8,"""roundsd"""
"1024d858",8,"""roundss"""
"1024d874",12,"""rstorssp"""
"1024d89c",12,"""saveprevssp"""
"1024d8cc",12,"""seamcall"""
"1024d8d8",8,"""seamops"""
"1024d8e0",8,"""seamret"""
"1024d8e8",12,"""senduipi"""
"1024d8f4",12,"""serialize"""
"1024d918",8,"""setle"""
"1024d978",12,"""setssbsy"""
"1024d98c",8,"""sfence"""
"1024d9b4",12,"""sha1nexte"""
"1024d9e4",12,"""sha256rnds2"""
"1024da30",8,"""skinit"""
"1024dac0",12,"""sttilecfg"""
"1024daf0",8,"""subss"""
"1024db00",8,"""syscall"""
"1024db08",12,"""sysenter"""
"1024db14",8,"""sysexit"""
"1024db1c",8,"""sysret"""
"1024db2c",8,"""tdcall"""
"1024db68",8,"""testui"""
"1024db70",12,"""tileloadd"""
"1024db7c",12,"""tileloaddt1"""
"1024db88",12,"""tilerelease"""
"1024db94",12,"""tilestored"""
"1024dba0",12,"""tilezero"""
"1024dbb4",8,"""tpause"""
"1024dbd4",8,"""ucomisd"""
"1024dbdc",8,"""ucomiss"""
"1024dbf0",8,"""uiret"""
"1024dbf8",12,"""umonitor"""
"1024dc24",12,"""unpcklpd"""
"1024dc30",12,"""unpcklps"""
"1024dc48",12,"""v4fmaddss"""
"1024dc60",12,"""v4fnmaddss"""
"1024dc9c",12,"""vaddsetsps"""
"1024dca8",8,"""vaddsh"""
"1024dcb0",8,"""vaddss"""
"1024dcb8",12,"""vaddsubpd"""
"1024dcc4",12,"""vaddsubps"""
"1024dcd0",8,"""vaesdec"""
"1024dcd8",12,"""vaesdeclast"""
"1024dce4",8,"""vaesenc"""
"1024dcec",12,"""vaesenclast"""
"1024dd00",20,"""vaeskeygenassist"""
"1024dd14",8,"""valignd"""
"1024dd44",12,"""vblendmpd"""
"1024dd50",12,"""vblendmps"""
"1024dd5c",12,"""vblendpd"""
"1024dd68",12,"""vblendps"""
"1024dd74",12,"""vblendvpd"""
"1024dd80",12,"""vblendvps"""
"1024dd8c",16,"""vbroadcastf128"""
"1024dd9c",16,"""vbroadcastf32x2"""
"1024ddac",16,"""vbroadcastf32x4"""
"1024ddbc",16,"""vbroadcastf32x8"""
"1024ddcc",16,"""vbroadcastf64x2"""
"1024dddc",16,"""vbroadcastf64x4"""
"1024ddec",16,"""vbroadcasti128"""
"1024ddfc",16,"""vbroadcasti32x2"""
"1024de0c",16,"""vbroadcasti32x4"""
"1024de1c",16,"""vbroadcasti32x8"""
"1024de2c",16,"""vbroadcasti64x2"""
"1024de3c",16,"""vbroadcasti64x4"""
"1024de4c",16,"""vbroadcastsd"""
"1024de5c",16,"""vbroadcastss"""
"1024de9c",8,"""vcomisd"""
"1024dea4",8,"""vcomish"""
"1024deac",8,"""vcomiss"""
"1024deb4",12,"""vcompresspd"""
"1024dec0",12,"""vcompressps"""
"1024e108",12,"""vcvtsi2sh"""
"1024e114",12,"""vcvtsi2ss"""
"1024e204",12,"""vcvttsd2usi"""
"1024e21c",12,"""vcvttsh2usi"""
"1024e234",12,"""vcvttss2usi"""
"1024e294",12,"""vcvtusi2sh"""
"1024e2a0",12,"""vcvtusi2ss"""
"1024e348",12,"""vexpandpd"""
"1024e354",12,"""vexpandps"""
"1024e360",16,"""vextractf128"""
"1024e370",16,"""vextractf32x4"""
"1024e380",16,"""vextractf32x8"""
"1024e390",16,"""vextractf64x2"""
"1024e3a0",16,"""vextractf64x4"""
"1024e3b0",16,"""vextracti128"""
"1024e3c0",16,"""vextracti32x4"""
"1024e3d0",16,"""vextracti32x8"""
"1024e3e0",16,"""vextracti64x2"""
"1024e3f0",16,"""vextracti64x4"""
"1024e400",12,"""vextractps"""
"1024e40c",12,"""vfcmaddcph"""
"1024e418",12,"""vfcmaddcsh"""
"1024e424",12,"""vfcmulcph"""
"1024e430",12,"""vfcmulcsh"""
"1024e43c",12,"""vfixupimmpd"""
"1024e448",12,"""vfixupimmps"""
"1024e454",12,"""vfixupimmsd"""
"1024e460",12,"""vfixupimmss"""
"1024e46c",12,"""vfixupnanpd"""
"1024e478",12,"""vfixupnanps"""
"1024e484",12,"""vfmadd132pd"""
"1024e490",12,"""vfmadd132ph"""
"1024e49c",12,"""vfmadd132ps"""
"1024e4a8",12,"""vfmadd132sd"""
"1024e4b4",12,"""vfmadd132sh"""
"1024e4c0",12,"""vfmadd132ss"""
"1024e4cc",12,"""vfmadd213pd"""
"1024e4d8",12,"""vfmadd213ph"""
"1024e4e4",12,"""vfmadd213ps"""
"1024e4f0",12,"""vfmadd213sd"""
"1024e4fc",12,"""vfmadd213sh"""
"1024e508",12,"""vfmadd213ss"""
"1024e514",12,"""vfmadd231pd"""
"1024e520",12,"""vfmadd231ph"""
"1024e52c",12,"""vfmadd231ps"""
"1024e538",12,"""vfmadd231sd"""
"1024e544",12,"""vfmadd231sh"""
"1024e550",12,"""vfmadd231ss"""
"1024e568",12,"""vfmaddcph"""
"1024e574",12,"""vfmaddcsh"""
"1024e580",12,"""vfmaddpd"""
"1024e58c",12,"""vfmaddps"""
"1024e598",12,"""vfmaddsd"""
"1024e5a4",12,"""vfmaddss"""
"1024e5b0",16,"""vfmaddsub132pd"""
"1024e5c0",16,"""vfmaddsub132ph"""
"1024e5d0",16,"""vfmaddsub132ps"""
"1024e5e0",16,"""vfmaddsub213pd"""
"1024e5f0",16,"""vfmaddsub213ph"""
"1024e600",16,"""vfmaddsub213ps"""
"1024e610",16,"""vfmaddsub231pd"""
"1024e620",16,"""vfmaddsub231ph"""
"1024e630",16,"""vfmaddsub231ps"""
"1024e640",12,"""vfmaddsubpd"""
"1024e64c",12,"""vfmaddsubps"""
"1024e658",12,"""vfmsub132pd"""
"1024e664",12,"""vfmsub132ph"""
"1024e670",12,"""vfmsub132ps"""
"1024e67c",12,"""vfmsub132sd"""
"1024e688",12,"""vfmsub132sh"""
"1024e694",12,"""vfmsub132ss"""
"1024e6b8",12,"""vfmsub213ps"""
"1024e6d0",12,"""vfmsub213sh"""
"1024e6dc",12,"""vfmsub213ss"""
"1024e6e8",12,"""vfmsub231pd"""
"1024e700",12,"""vfmsub231ps"""
"1024e718",12,"""vfmsub231sh"""
"1024e724",12,"""vfmsub231ss"""
"1024e730",16,"""vfmsubadd132pd"""
"1024e740",16,"""vfmsubadd132ph"""
"1024e750",16,"""vfmsubadd132ps"""
"1024e760",16,"""vfmsubadd213pd"""
"1024e770",16,"""vfmsubadd213ph"""
"1024e780",16,"""vfmsubadd213ps"""
"1024e790",16,"""vfmsubadd231pd"""
"1024e7a0",16,"""vfmsubadd231ph"""
"1024e7b0",16,"""vfmsubadd231ps"""
"1024e7c0",12,"""vfmsubaddpd"""
"1024e7cc",12,"""vfmsubaddps"""
"1024e7e4",12,"""vfmsubps"""
"1024e7f0",12,"""vfmsubsd"""
"1024e7fc",12,"""vfmsubss"""
"1024e814",12,"""vfmulcsh"""
"1024e820",16,"""vfnmadd132pd"""
"1024e830",16,"""vfnmadd132ph"""
"1024e840",16,"""vfnmadd132ps"""
"1024e850",16,"""vfnmadd132sd"""
"1024e860",16,"""vfnmadd132sh"""
"1024e870",16,"""vfnmadd132ss"""
"1024e880",16,"""vfnmadd213pd"""
"1024e890",16,"""vfnmadd213ph"""
"1024e8a0",16,"""vfnmadd213ps"""
"1024e8b0",16,"""vfnmadd213sd"""
"1024e8c0",16,"""vfnmadd213sh"""
"1024e8d0",16,"""vfnmadd213ss"""
"1024e8e0",16,"""vfnmadd231pd"""
"1024e8f0",16,"""vfnmadd231ph"""
"1024e900",16,"""vfnmadd231ps"""
"1024e910",16,"""vfnmadd231sd"""
"1024e920",16,"""vfnmadd231sh"""
"1024e930",16,"""vfnmadd231ss"""
"1024e940",12,"""vfnmaddpd"""
"1024e94c",12,"""vfnmaddps"""
"1024e958",12,"""vfnmaddsd"""
"1024e964",12,"""vfnmaddss"""
"1024e970",16,"""vfnmsub132pd"""
"1024e980",16,"""vfnmsub132ph"""
"1024e990",16,"""vfnmsub132ps"""
"1024e9a0",16,"""vfnmsub132sd"""
"1024e9b0",16,"""vfnmsub132sh"""
"1024e9c0",16,"""vfnmsub132ss"""
"1024e9d0",16,"""vfnmsub213pd"""
"1024e9e0",16,"""vfnmsub213ph"""
"1024e9f0",16,"""vfnmsub213ps"""
"1024ea00",16,"""vfnmsub213sd"""
"1024ea10",16,"""vfnmsub213sh"""
"1024ea20",16,"""vfnmsub213ss"""
"1024ea30",16,"""vfnmsub231pd"""
"1024ea40",16,"""vfnmsub231ph"""
"1024ea50",16,"""vfnmsub231ps"""
"1024ea60",16,"""vfnmsub231sd"""
"1024ea70",16,"""vfnmsub231sh"""
"1024ea80",16,"""vfnmsub231ss"""
"1024ea90",12,"""vfnmsubpd"""
"1024ea9c",12,"""vfnmsubps"""
"1024eaa8",12,"""vfnmsubsd"""
"1024eab4",12,"""vfnmsubss"""
"1024eac0",12,"""vfpclasspd"""
"1024eacc",12,"""vfpclassph"""
"1024ead8",12,"""vfpclassps"""
"1024eae4",12,"""vfpclasssd"""
"1024eaf0",12,"""vfpclasssh"""
"1024eafc",12,"""vfpclassss"""
"1024eb28",12,"""vgatherdpd"""
"1024eb34",12,"""vgatherdps"""
"1024eb40",16,"""vgatherpf0dpd"""
"1024eb50",16,"""vgatherpf0dps"""
"1024eb60",20,"""vgatherpf0hintdpd"""
"1024eb74",20,"""vgatherpf0hintdps"""
"1024eb88",16,"""vgatherpf0qpd"""
"1024eb98",16,"""vgatherpf0qps"""
"1024eba8",16,"""vgatherpf1dpd"""
"1024ebb8",16,"""vgatherpf1dps"""
"1024ebc8",16,"""vgatherpf1qpd"""
"1024ebd8",16,"""vgatherpf1qps"""
"1024ebe8",12,"""vgatherqpd"""
"1024ebf4",12,"""vgatherqps"""
"1024ec00",12,"""vgetexppd"""
"1024ec0c",12,"""vgetexpph"""
"1024ec18",12,"""vgetexpps"""
"1024ec24",12,"""vgetexpsd"""
"1024ec30",12,"""vgetexpsh"""
"1024ec3c",12,"""vgetexpss"""
"1024ec48",12,"""vgetmantpd"""
"1024ec54",12,"""vgetmantph"""
"1024ec60",12,"""vgetmantps"""
"1024ec6c",12,"""vgetmantsd"""
"1024ec78",12,"""vgetmantsh"""
"1024ec84",12,"""vgetmantss"""
"1024ec90",20,"""vgf2p8affineinvqb"""
"1024ecc0",12,"""vgmaxabsps"""
"1024ed0c",12,"""vinsertf128"""
"1024ed18",16,"""vinsertf32x4"""
"1024ed28",16,"""vinsertf32x8"""
"1024ed38",16,"""vinsertf64x2"""
"1024ed48",16,"""vinsertf64x4"""
"1024ed58",12,"""vinserti128"""
"1024ed64",16,"""vinserti32x4"""
"1024ed74",16,"""vinserti32x8"""
"1024ed84",16,"""vinserti64x2"""
"1024ed94",16,"""vinserti64x4"""
"1024eda4",12,"""vinsertps"""
"1024edc4",16,"""vloadunpackhd"""
"1024edd4",16,"""vloadunpackhpd"""
"1024ede4",16,"""vloadunpackhps"""
"1024edf4",16,"""vloadunpackhq"""
"1024ee04",16,"""vloadunpackld"""
"1024ee14",16,"""vloadunpacklpd"""
"1024ee24",16,"""vloadunpacklps"""
"1024ee34",16,"""vloadunpacklq"""
"1024ee4c",12,"""vmaskmovdqu"""
"1024ee58",12,"""vmaskmovpd"""
"1024ee64",12,"""vmaskmovps"""
"1024eea0",8,"""vmcall"""
"1024eea8",8,"""vmclear"""
"1024eed8",8,"""vminsh"""
"1024eee0",8,"""vminss"""
"1024eee8",12,"""vmlaunch"""
"1024eef4",8,"""vmload"""
"1024eefc",8,"""vmmcall"""
"1024ef0c",8,"""vmovaps"""
"1024efd0",12,"""vmovnrapd"""
"1024efdc",12,"""vmovnraps"""
"1024efe8",16,"""vmovnrngoapd"""
"1024eff8",16,"""vmovnrngoaps"""
"1024f050",12,"""vmovshdup"""
"1024f05c",12,"""vmovsldup"""
"1024f094",8,"""vmptrld"""
"1024f09c",8,"""vmptrst"""
"1024f0a4",8,"""vmread"""
"1024f0ac",12,"""vmresume"""
"1024f0d0",8,"""vmulph"""
"1024f0f8",8,"""vmwrite"""
"1024f120",16,"""vp2intersectd"""
"1024f130",16,"""vp2intersectq"""
"1024f178",12,"""vpackssdw"""
"1024f184",12,"""vpacksswb"""
"1024f190",16,"""vpackstorehd"""
"1024f1a0",16,"""vpackstorehpd"""
"1024f1b0",16,"""vpackstorehps"""
"1024f1c0",16,"""vpackstorehq"""
"1024f1d0",16,"""vpackstoreld"""
"1024f1e0",16,"""vpackstorelpd"""
"1024f1f0",16,"""vpackstorelps"""
"1024f200",16,"""vpackstorelq"""
"1024f210",12,"""vpackusdw"""
"1024f21c",12,"""vpackuswb"""
"1024f248",8,"""vpaddsb"""
"1024f250",12,"""vpaddsetcd"""
"1024f25c",12,"""vpaddsetsd"""
"1024f270",12,"""vpaddusb"""
"1024f27c",12,"""vpaddusw"""
"1024f290",12,"""vpalignr"""
"1024f29c",8,"""vpand"""
"1024f2b4",8,"""vpandnd"""
"1024f2dc",12,"""vpblendd"""
"1024f2e8",12,"""vpblendmb"""
"1024f2f4",12,"""vpblendmd"""
"1024f300",12,"""vpblendmq"""
"1024f30c",12,"""vpblendmw"""
"1024f318",12,"""vpblendvb"""
"1024f324",12,"""vpblendw"""
"1024f330",16,"""vpbroadcastb"""
"1024f340",16,"""vpbroadcastd"""
"1024f350",16,"""vpbroadcastmb2q"""
"1024f360",16,"""vpbroadcastmw2d"""
"1024f370",16,"""vpbroadcastq"""
"1024f380",16,"""vpbroadcastw"""
"1024f3c0",12,"""vpcmpeqd"""
"1024f3cc",12,"""vpcmpeqq"""
"1024f3e4",12,"""vpcmpestri"""
"1024f3f0",12,"""vpcmpestrm"""
"1024f42c",12,"""vpcmpistri"""
"1024f438",12,"""vpcmpistrm"""
"1024f444",12,"""vpcmpltd"""
"1024f458",8,"""vpcmpub"""
"1024f480",8,"""vpcomb"""
"1024f490",12,"""vpcompressb"""
"1024f49c",12,"""vpcompressd"""
"1024f4a8",12,"""vpcompressq"""
"1024f4b4",12,"""vpcompressw"""
"1024f4d0",8,"""vpcomud"""
"1024f4f0",12,"""vpconflictd"""
"1024f4fc",12,"""vpconflictq"""
"1024f578",12,"""vpermi2d"""
"1024f584",12,"""vpermi2pd"""
"1024f590",12,"""vpermi2ps"""
"1024f5b4",12,"""vpermil2pd"""
"1024f5c0",12,"""vpermil2ps"""
"1024f5cc",12,"""vpermilpd"""
"1024f5d8",12,"""vpermilps"""
"1024f5ec",8,"""vpermps"""
"1024f614",12,"""vpermt2pd"""
"1024f620",12,"""vpermt2ps"""
"1024f64c",12,"""vpexpandb"""
"1024f658",12,"""vpexpandd"""
"1024f664",12,"""vpexpandq"""
"1024f670",12,"""vpexpandw"""
"1024f684",8,"""vpextrd"""
"1024f69c",12,"""vpgatherdd"""
"1024f6a8",12,"""vpgatherdq"""
"1024f6b4",12,"""vpgatherqd"""
"1024f6c0",12,"""vpgatherqq"""
"1024f6cc",12,"""vphaddbd"""
"1024f6d8",12,"""vphaddbq"""
"1024f6e4",12,"""vphaddbw"""
"1024f6f0",8,"""vphaddd"""
"1024f6f8",12,"""vphadddq"""
"1024f704",12,"""vphaddsw"""
"1024f710",12,"""vphaddubd"""
"1024f71c",12,"""vphaddubq"""
"1024f728",12,"""vphaddubw"""
"1024f734",12,"""vphaddudq"""
"1024f740",12,"""vphadduwd"""
"1024f74c",12,"""vphadduwq"""
"1024f760",12,"""vphaddwd"""
"1024f778",12,"""vphminposuw"""
"1024f820",12,"""vpmacssdd"""
"1024f844",12,"""vpmacsswd"""
"1024f850",12,"""vpmacssww"""
"1024f874",12,"""vpmadcsswd"""
"1024f880",12,"""vpmadcswd"""
"1024f8bc",12,"""vpmaddubsw"""
"1024f8d4",12,"""vpmaskmovd"""
"1024f8e0",12,"""vpmaskmovq"""
"1024f934",8,"""vpminsd"""
"1024f944",8,"""vpminsw"""
"1024fa6c",12,"""vpmovsxwd"""
"1024faa8",12,"""vpmovusqd"""
"1024fb64",8,"""vpmulld"""
"1024fb7c",16,"""vpmultishiftqb"""
"1024fb8c",12,"""vpmuludq"""
"1024fbd0",8,"""vpord"""
"1024fbe0",8,"""vpperm"""
"1024fbe8",12,"""vprefetch0"""
"1024fbf4",12,"""vprefetch1"""
"1024fc00",12,"""vprefetch2"""
"1024fc0c",12,"""vprefetche0"""
"1024fc18",12,"""vprefetche1"""
"1024fc24",12,"""vprefetche2"""
"1024fc30",16,"""vprefetchenta"""
"1024fc40",16,"""vprefetchnta"""
"1024fc50",8,"""vprold"""
"1024fc70",8,"""vprord"""
"1024fcc8",12,"""vpscatterdd"""
"1024fcd4",12,"""vpscatterdq"""
"1024fce0",12,"""vpscatterqd"""
"1024fcec",12,"""vpscatterqq"""
"1024fdf0",8,"""vpsignd"""
"1024fec0",12,"""vpsubrsetbd"""
"1024fed4",12,"""vpsubsetbd"""
"1024fee8",12,"""vpsubusb"""
"1024fef4",12,"""vpsubusw"""
"1024ff08",12,"""vpternlogd"""
"1024ff14",12,"""vpternlogq"""
"1024ff20",8,"""vptest"""
"1024ff28",12,"""vptestmb"""
"1024ff34",12,"""vptestmd"""
"1024ff40",12,"""vptestmq"""
"1024ff4c",12,"""vptestmw"""
"1024ff58",12,"""vptestnmb"""
"1024ff64",12,"""vptestnmd"""
"1024ff70",12,"""vptestnmq"""
"1024ff7c",12,"""vptestnmw"""
"1024ff88",12,"""vpunpckhbw"""
"1024ff94",12,"""vpunpckhdq"""
"1024ffa0",12,"""vpunpckhqdq"""
"1024ffac",12,"""vpunpckhwd"""
"1024ffb8",12,"""vpunpcklbw"""
"1024ffc4",12,"""vpunpckldq"""
"1024ffd0",12,"""vpunpcklqdq"""
"1024ffdc",12,"""vpunpcklwd"""
"10250000",12,"""vrangepd"""
"1025000c",12,"""vrangeps"""
"10250018",12,"""vrangesd"""
"10250024",12,"""vrangess"""
"102500bc",12,"""vreducepd"""
"102500c8",12,"""vreduceph"""
"102500d4",12,"""vreduceps"""
"102500e0",12,"""vreducesd"""
"102500ec",12,"""vreducesh"""
"102500f8",12,"""vreducess"""
"1025011c",12,"""vrndscalepd"""
"10250128",12,"""vrndscaleph"""
"10250134",12,"""vrndscaleps"""
"10250140",12,"""vrndscalesd"""
"1025014c",12,"""vrndscalesh"""
"10250158",12,"""vrndscaless"""
"10250164",12,"""vroundpd"""
"10250170",12,"""vroundps"""
"1025017c",12,"""vroundsd"""
"10250188",12,"""vroundss"""
"10250218",12,"""vrsqrtsh"""
"10250224",12,"""vrsqrtss"""
"10250230",12,"""vscalefpd"""
"1025023c",12,"""vscalefph"""
"10250248",12,"""vscalefps"""
"10250254",12,"""vscalefsd"""
"10250260",12,"""vscalefsh"""
"1025026c",12,"""vscalefss"""
"10250278",12,"""vscaleps"""
"10250284",12,"""vscatterdpd"""
"10250290",12,"""vscatterdps"""
"1025029c",16,"""vscatterpf0dpd"""
"102502ac",16,"""vscatterpf0dps"""
"102502bc",20,"""vscatterpf0hintdpd"""
"102502d0",20,"""vscatterpf0hintdps"""
"102502e4",16,"""vscatterpf0qpd"""
"102502f4",16,"""vscatterpf0qps"""
"10250304",16,"""vscatterpf1dpd"""
"10250314",16,"""vscatterpf1dps"""
"10250324",16,"""vscatterpf1qpd"""
"10250334",16,"""vscatterpf1qps"""
"10250344",12,"""vscatterqpd"""
"10250350",12,"""vscatterqps"""
"10250410",8,"""vsubss"""
"10250418",8,"""vtestpd"""
"10250420",8,"""vtestps"""
"10250428",12,"""vucomisd"""
"10250434",12,"""vucomish"""
"10250440",12,"""vucomiss"""
"1025044c",12,"""vunpckhpd"""
"10250458",12,"""vunpckhps"""
"10250464",12,"""vunpcklpd"""
"10250470",12,"""vunpcklps"""
"1025048c",12,"""vzeroall"""
"10250498",12,"""vzeroupper"""
"102504ac",12,"""wrfsbase"""
"102504b8",12,"""wrgsbase"""
"102504f4",8,"""xabort"""
"10250514",12,"""xcrypt_cbc"""
"10250520",12,"""xcrypt_cfb"""
"1025052c",12,"""xcrypt_ctr"""
"10250538",12,"""xcrypt_ecb"""
"10250544",12,"""xcrypt_ofb"""
"10250588",8,"""xrstor"""
"10250590",12,"""xrstor64"""
"1025059c",8,"""xrstors"""
"102505a4",12,"""xrstors64"""
"102505b0",8,"""xsave"""
"102505c8",12,"""xsavec64"""
"102505d4",12,"""xsaveopt"""
"102505e0",12,"""xsaveopt64"""
"102505ec",8,"""xsaves"""
"10250618",8,"""xstore"""
"1025062c",8,"""xtest"""
"102507b4",12,"""x87control"""
"102507c0",12,"""x87status"""
"10250b34",8,"""flags"""
"10250b3c",8,"""eflags"""
"10250ca4",12,"""bndstatus"""
"10250cd0",170,"u""definition->flags_reference < (sizeof(ACCESSED_FLAGS) / sizeof((ACCESSED_FLAGS)[0]))"""
"10250d81",200,"""0010203040506070809101112131415161718192021222324252627282930313233343536373839404142434445464748495051525354555657585960616263646566676869707172737475767778798081828384858687888990919293949596979899"""
"10250e4c",14,"u""string"""
"10250e5c",52,"u""!string->vector.allocator"""
"10250e90",17,"""0123456789ABCDEF"""
"10250eb0",17,"""0123456789abcdef"""
"10250ec8",19,"""S&S\\Garages\\saves\\"""
"10250edc",25,"""S&S\\Garages\\saves\\%d.sav"""
"10250f08",6,"""GA_1B"""
"10250f18",6,"""GA_22"""
"10250f20",6,"""GA_15"""
"10250f28",6,"""GA_16"""
"10250f38",6,"""GA_XX"""
"10250f68",6,"""GA_21"""
"10250f70",44,"""%f %f %f %f %f %f %f %f %d %d %s   %d %d %d"""
"10250f9c",14,"""DATA\\TEST.IPL"""
"1025c9d8",4,"""RSDS"""
"1025c9f0",76,"""C:\\Users\\Madhav Gupta\\Documents\\GitHub\\ProjectEagleCore\\build\\bin\\PECore.pdb"""
"1025cc10",8,""".rdata"""
"1025cc48",16,""".rdata$voltmd"""
"1025cd10",8,""".edata"""
"1025cd70",8,""".data"""
"1025cdb4",12,""".fptable"""
"10269248",11,"""PECore.asi"""
"10269253",16,"""DebugMenuAddCmd"""
"10269263",19,"""DebugMenuAddColor3"""
"10269276",20,"""DebugMenuAddFloat32"""
"1026928a",20,"""DebugMenuAddFloat64"""
"1026929e",18,"""DebugMenuAddInt16"""
"102692b0",18,"""DebugMenuAddInt32"""
"102692c2",18,"""DebugMenuAddInt64"""
"102692d4",17,"""DebugMenuAddInt8"""
"102692e5",19,"""DebugMenuAddUInt16"""
"102692f8",19,"""DebugMenuAddUInt32"""
"1026930b",19,"""DebugMenuAddUInt64"""
"1026931e",18,"""DebugMenuAddUInt8"""
"10269330",25,"""DebugMenuEntrySetAddress"""
"10269349",29,"""DebugMenuEntrySetDescription"""
"10269366",25,"""DebugMenuEntrySetStrings"""
"1026937f",22,"""DebugMenuEntrySetWrap"""
"10269930",9,"""CLEO.asi"""
"1026993c",15,"""GetProcAddress"""
"1026994e",17,"""GetModuleHandleA"""
"10269962",12,"""GlobalAlloc"""
"10269970",13,"""GlobalUnlock"""
"10269980",11,"""GlobalLock"""
"1026998e",11,"""GlobalFree"""
"1026999c",20,"""MultiByteToWideChar"""
"102699b2",20,"""WideCharToMultiByte"""
"102699c8",24,"""QueryPerformanceCounter"""
"102699e2",26,"""QueryPerformanceFrequency"""
"102699fe",12,"""FreeLibrary"""
"10269a0c",13,"""LoadLibraryA"""
"10269a1c",15,"""GetLocaleInfoA"""
"10269a2e",19,"""GetCurrentThreadId"""
"10269a44",15,"""VirtualProtect"""
"10269a56",21,"""GetCurrentDirectoryA"""
"10269a6e",17,"""CreateDirectoryA"""
"10269a82",12,"""CreateFileA"""
"10269a90",12,"""CreateFileW"""
"10269a9e",21,"""GetFileAttributesExA"""
"10269ab6",10,"""WriteFile"""
"10269ac2",12,"""CloseHandle"""
"10269ad0",28,"""SetUnhandledExceptionFilter"""
"10269aee",26,"""InitializeCriticalSection"""
"10269b0a",21,"""EnterCriticalSection"""
"10269b22",21,"""LeaveCriticalSection"""
"10269b3a",9,"""SetEvent"""
"10269b46",20,"""WaitForSingleObject"""
"10269b5c",13,"""CreateEventA"""
"10269b6c",18,"""GetCurrentProcess"""
"10269b80",20,"""GetCurrentProcessId"""
"10269b96",17,"""TerminateProcess"""
"10269baa",13,"""CreateThread"""
"10269bba",17,"""GetCurrentThread"""
"10269bce",11,"""OpenThread"""
"10269bdc",18,"""SetThreadPriority"""
"10269bf0",14,"""SuspendThread"""
"10269c00",13,"""ResumeThread"""
"10269c10",17,"""GetThreadContext"""
"10269c24",13,"""GetTickCount"""
"10269c34",13,"""VirtualQuery"""
"10269c44",19,"""GetModuleFileNameA"""
"10269c5a",19,"""GetModuleHandleExA"""
"10269c70",13,"""LoadLibraryW"""
"10269c80",22,"""K32EnumProcessModules"""
"10269c98",24,"""K32GetModuleFileNameExA"""
"10269cb2",24,"""K32GetProcessMemoryInfo"""
"10269ccc",14,"""GetSystemTime"""
"10269cdc",30,"""GetDynamicTimeZoneInformation"""
"10269cfc",25,"""RtlCaptureStackBackTrace"""
"10269d18",14,"""GetSystemInfo"""
"10269d28",17,"""GetModuleHandleW"""
"10269d3c",13,"""SetErrorMode"""
"10269d4c",13,"""GetStdHandle"""
"10269d5c",19,"""GetFileAttributesA"""
"10269d72",6,"""Sleep"""
"10269d7a",15,"""GetConsoleMode"""
"10269d8c",14,"""WriteConsoleA"""
"10269d9c",27,"""GetConsoleScreenBufferInfo"""
"10269dba",24,"""SetConsoleTextAttribute"""
"10269dd4",13,"""FreeResource"""
"10269de4",13,"""LoadResource"""
"10269df4",13,"""LockResource"""
"10269e04",14,"""FindResourceA"""
"10269e14",13,"""GetLastError"""
"10269e24",15,"""SizeofResource"""
"10269e36",11,"""HeapCreate"""
"10269e44",9,"""HeapFree"""
"10269e50",13,"""Thread32Next"""
"10269e60",14,"""Thread32First"""
"10269e70",25,"""CreateToolhelp32Snapshot"""
"10269e8c",12,"""HeapReAlloc"""
"10269e9a",10,"""HeapAlloc"""
"10269ea6",22,"""FlushInstructionCache"""
"10269ebe",17,"""SetThreadContext"""
"10269ed2",12,"""VirtualFree"""
"10269ee0",13,"""VirtualAlloc"""
"10269ef0",12,"""GetThreadId"""
"10269efe",19,"""GetModuleHandleExW"""
"10269f14",19,"""GetModuleFileNameW"""
"10269f28",13,"""KERNEL32.dll"""
"10269f38",14,"""OpenClipboard"""
"10269f48",15,"""CloseClipboard"""
"10269f5a",17,"""SetClipboardData"""
"10269f6e",17,"""GetClipboardData"""
"10269f82",15,"""EmptyClipboard"""
"10269f94",18,"""GetKeyboardLayout"""
"10269fa8",16,"""TrackMouseEvent"""
"10269fba",20,"""GetMessageExtraInfo"""
"10269fd0",12,"""GetKeyState"""
"10269fde",11,"""GetCapture"""
"10269fec",11,"""SetCapture"""
"10269ffa",15,"""ReleaseCapture"""
"1026a00c",16,"""IsWindowUnicode"""
"1026a01e",20,"""GetForegroundWindow"""
"1026a034",6,"""GetDC"""
"1026a03c",10,"""ReleaseDC"""
"1026a048",14,"""GetClientRect"""
"1026a058",13,"""SetCursorPos"""
"1026a068",10,"""SetCursor"""
"1026a074",13,"""GetCursorPos"""
"1026a084",15,"""ClientToScreen"""
"1026a096",15,"""ScreenToClient"""
"1026a0a8",12,"""LoadCursorA"""
"1026a0b6",11,"""ShowWindow"""
"1026a0c4",13,"""SetWindowPos"""
"1026a0d4",16,"""IsWindowVisible"""
"1026a0e6",9,"""IsIconic"""
"1026a0f2",16,"""DialogBoxParamA"""
"1026a104",10,"""EndDialog"""
"1026a110",11,"""GetDlgItem"""
"1026a11e",16,"""SetDlgItemTextA"""
"1026a130",20,"""SendDlgItemMessageA"""
"1026a146",13,"""EnableWindow"""
"1026a156",17,"""GetSystemMetrics"""
"1026a16a",20,"""SetForegroundWindow"""
"1026a180",14,"""GetWindowRect"""
"1026a190",12,"""MessageBoxA"""
"1026a19e",11,"""ShowCursor"""
"1026a1ac",15,"""GetWindowLongA"""
"1026a1be",15,"""SetWindowLongA"""
"1026a1d0",12,"""EnumWindows"""
"1026a1de",25,"""GetWindowThreadProcessId"""
"1026a1fa",10,"""GetWindow"""
"1026a206",18,"""SetWindowsHookExA"""
"1026a21a",20,"""UnhookWindowsHookEx"""
"1026a230",15,"""CallNextHookEx"""
"1026a242",17,"""GetDesktopWindow"""
"1026a256",16,"""CallWindowProcA"""
"1026a268",17,"""TranslateMessage"""
"1026a27c",17,"""DispatchMessageA"""
"1026a290",13,"""PeekMessageA"""
"1026a2a0",15,"""DefWindowProcA"""
"1026a2b2",17,"""UnregisterClassA"""
"1026a2c6",17,"""RegisterClassExA"""
"1026a2da",16,"""CreateWindowExA"""
"1026a2ec",14,"""DestroyWindow"""
"1026a2fc",20,"""UpdateLayeredWindow"""
"1026a312",13,"""UpdateWindow"""
"1026a322",16,"""GetActiveWindow"""
"1026a332",11,"""USER32.dll"""
"1026a340",13,"""DeleteObject"""
"1026a350",12,"""CreateFontA"""
"1026a35e",19,"""CreateCompatibleDC"""
"1026a374",9,"""DeleteDC"""
"1026a380",13,"""SelectObject"""
"1026a390",17,"""CreateDIBSection"""
"1026a3a2",10,"""GDI32.dll"""
"1026a3ae",24,"""SHGetSpecialFolderPathA"""
"1026a3c6",12,"""SHELL32.dll"""
"1026a3d4",22,"""CreateStreamOnHGlobal"""
"1026a3ea",10,"""ole32.dll"""
"1026a3f6",14,"""ImmGetContext"""
"1026a406",18,"""ImmReleaseContext"""
"1026a41a",24,"""ImmSetCompositionWindow"""
"1026a434",22,"""ImmSetCandidateWindow"""
"1026a44a",10,"""IMM32.dll"""
"1026a456",24,"""GetFileVersionInfoSizeA"""
"1026a470",20,"""GetFileVersionInfoA"""
"1026a486",15,"""VerQueryValueA"""
"1026a496",12,"""VERSION.dll"""
"1026a4a4",12,"""StackWalk64"""
"1026a4b2",14,"""SymSetOptions"""
"1026a4c2",11,"""SymCleanup"""
"1026a4d0",25,"""SymFunctionTableAccess64"""
"1026a4ec",19,"""SymGetModuleBase64"""
"1026a502",21,"""SymGetLineFromAddr64"""
"1026a51a",14,"""SymInitialize"""
"1026a52a",12,"""SymFromAddr"""
"1026a538",18,"""MiniDumpWriteDump"""
"1026a54a",12,"""dbghelp.dll"""
"1026a558",10,"""GdipAlloc"""
"1026a564",9,"""GdipFree"""
"1026a570",15,"""GdiplusStartup"""
"1026a582",15,"""GdipCloneBrush"""
"1026a594",16,"""GdipDeleteBrush"""
"1026a5a6",20,"""GdipCreateSolidFill"""
"1026a5bc",24,"""GdipLoadImageFromStream"""
"1026a5d6",15,"""GdipCloneImage"""
"1026a5e8",17,"""GdipDisposeImage"""
"1026a5fc",18,"""GdipGetImageWidth"""
"1026a610",19,"""GdipGetImageHeight"""
"1026a626",26,"""GdipCreateImageAttributes"""
"1026a642",27,"""GdipDisposeImageAttributes"""
"1026a660",34,"""GdipSetImageAttributesColorMatrix"""
"1026a684",18,"""GdipCreateFromHDC"""
"1026a698",19,"""GdipDeleteGraphics"""
"1026a6ae",23,"""GdipSetCompositingMode"""
"1026a6c8",26,"""GdipSetCompositingQuality"""
"1026a6e4",21,"""GdipSetSmoothingMode"""
"1026a6fc",25,"""GdipSetTextRenderingHint"""
"1026a718",23,"""GdipDrawImageRectRectI"""
"1026a732",29,"""GdipCreateFontFamilyFromName"""
"1026a752",21,"""GdipDeleteFontFamily"""
"1026a76a",15,"""GdipCreateFont"""
"1026a77c",15,"""GdipDeleteFont"""
"1026a78e",15,"""GdipDrawString"""
"1026a7a0",23,"""GdipCreateStringFormat"""
"1026a7ba",23,"""GdipDeleteStringFormat"""
"1026a7d4",25,"""GdipSetStringFormatAlign"""
"1026a7f0",29,"""GdipSetStringFormatLineAlign"""
"1026a80e",12,"""gdiplus.dll"""
"1026a81c",16,"""NtGetNextThread"""
"1026a82c",10,"""ntdll.dll"""
"1026a838",26,"""IsProcessorFeaturePresent"""
"1026a854",24,"""ReleaseSRWLockExclusive"""
"1026a86e",24,"""AcquireSRWLockExclusive"""
"1026a888",25,"""WakeAllConditionVariable"""
"1026a8a4",26,"""SleepConditionVariableSRW"""
"1026a8c0",25,"""UnhandledExceptionFilter"""
"1026a8dc",18,"""IsDebuggerPresent"""
"1026a8f0",16,"""GetStartupInfoW"""
"1026a902",24,"""GetSystemTimeAsFileTime"""
"1026a91c",20,"""InitializeSListHead"""
"1026a932",27,"""TryAcquireSRWLockExclusive"""
"1026a950",15,"""FormatMessageA"""
"1026a962",15,"""RaiseException"""
"1026a974",24,"""InitOnceBeginInitialize"""
"1026a98e",17,"""InitOnceComplete"""
"1026a9a2",22,"""WakeConditionVariable"""
"1026a9ba",15,"""GetTickCount64"""
"1026a9cc",31,"""FreeLibraryWhenCallbackReturns"""
"1026a9ee",21,"""CreateThreadpoolWork"""
"1026aa06",21,"""SubmitThreadpoolWork"""
"1026aa1e",20,"""CloseThreadpoolWork"""
"1026aa34",10,"""LocalFree"""
"1026aa40",16,"""GetLocaleInfoEx"""
"1026aa52",17,"""CreateDirectoryW"""
"1026aa66",10,"""FindClose"""
"1026aa72",15,"""FindFirstFileW"""
"1026aa84",17,"""FindFirstFileExW"""
"1026aa98",14,"""FindNextFileW"""
"1026aaa8",21,"""GetFileAttributesExW"""
"1026aac0",16,"""AreFileApisANSI"""
"1026aad2",29,"""GetFileInformationByHandleEx"""
"1026aaf2",22,"""WaitForSingleObjectEx"""
"1026ab0a",15,"""SwitchToThread"""
"1026ab1c",18,"""GetExitCodeThread"""
"1026ab30",28,"""InitializeCriticalSectionEx"""
"1026ab4e",22,"""DeleteCriticalSection"""
"1026ab66",14,"""EncodePointer"""
"1026ab76",14,"""DecodePointer"""
"1026ab86",14,"""LCMapStringEx"""
"1026ab96",15,"""GetStringTypeW"""
"1026aba8",10,"""GetCPInfo"""
"1026abb4",10,"""RtlUnwind"""
"1026abc0",22,"""InterlockedFlushSList"""
"1026abd8",13,"""SetLastError"""
"1026abe8",38,"""InitializeCriticalSectionAndSpinCount"""
"1026ac10",9,"""TlsAlloc"""
"1026ac1c",12,"""TlsGetValue"""
"1026ac2a",12,"""TlsSetValue"""
"1026ac38",8,"""TlsFree"""
"1026ac42",15,"""LoadLibraryExW"""
"1026ac54",12,"""GetFileType"""
"1026ac62",14,"""WriteConsoleW"""
"1026ac72",9,"""ReadFile"""
"1026ac7e",12,"""ExitProcess"""
"1026ac8c",19,"""OutputDebugStringW"""
"1026aca2",9,"""FlsAlloc"""
"1026acae",12,"""FlsGetValue"""
"1026acbc",12,"""FlsSetValue"""
"1026acca",8,"""FlsFree"""
"1026acd4",15,"""GetDateFormatW"""
"1026ace6",15,"""GetTimeFormatW"""
"1026acf8",15,"""CompareStringW"""
"1026ad0a",13,"""LCMapStringW"""
"1026ad1a",15,"""GetLocaleInfoW"""
"1026ad2c",14,"""IsValidLocale"""
"1026ad3c",19,"""GetUserDefaultLCID"""
"1026ad52",19,"""EnumSystemLocalesW"""
"1026ad68",17,"""FlushFileBuffers"""
"1026ad7c",19,"""GetConsoleOutputCP"""
"1026ad92",13,"""ReadConsoleW"""
"1026ada2",17,"""SetFilePointerEx"""
"1026adb6",14,"""GetFileSizeEx"""
"1026adc6",23,"""GetTimeZoneInformation"""
"1026ade0",16,"""IsValidCodePage"""
"1026adf2",7,"""GetACP"""
"1026adfc",9,"""GetOEMCP"""
"1026ae08",16,"""GetCommandLineA"""
"1026ae1a",16,"""GetCommandLineW"""
"1026ae2c",23,"""GetEnvironmentStringsW"""
"1026ae46",24,"""FreeEnvironmentStringsW"""
"1026ae60",24,"""SetEnvironmentVariableW"""
"1026ae7a",15,"""GetProcessHeap"""
"1026ae8c",13,"""SetStdHandle"""
"1026ae9c",9,"""HeapSize"""
"1026aea8",13,"""SetEndOfFile"""
"1026b0d0",7,"""(none)"""
"1026b2d0",7,"""(none)"""
"1026b5a0",6,"""$1000"""
"1026cf20",24,"""THE TIME IS 12:34    """
"1026cf47",17,"""BTEMP 00 C   """
"1026f0b0",8,"""RADIO_0"""
"1026f0c8",6,"""RADIO"""
"102704aa",30,"""abcdefghijklmnopqrstuvwxyz"""
"102704ca",30,"""ABCDEFGHIJKLMNOPQRSTUVWXYZ"""
"102706b9",27,"""abcdefghijklmnopqrstuvwxyz"""
"102706d9",27,"""ABCDEFGHIJKLMNOPQRSTUVWXYZ"""
"102709c0",65,"""JJJJKRJJJJOLJJJJJJJJUE@JJJEYMFJ]JJJJJJJJJJJJJJacgNJJkmJJEmJJDEJJ"""
"10270ce8",24,""".?AVruntime_error@std@@"""
"10270d08",20,""".?AVbad_cast@std@@"""
"10270d24",28,""".?AVformat_error@v9@fmt@@"""
"10270d48",48,""".?AV<lambda_2>@?1??Initialize@AudioMgr@@SAXXZ@"""
"10270d80",48,""".?AV<lambda_1>@?1??Initialize@AudioMgr@@SAXXZ@"""
"10270db8",496,""".?AV<lambda_1>@?4???$PatchAll@$0HEIOAJ@$0DOJ@$0A@$0A@$0A@$0HEIOAJ@$0DOK@$0A@$0A@$0A@$0HEIOEI@$0DOJ@$0A@$0A@$0A@$0HEIOEI@$0DOK@$0A@$0A@$0A@@?$BaseEventI@Vfunction_hooker@injector@@U?$RefList@$0HEIOAJ@$0DOJ@$0A@$0A@$0A@$0HEIOAJ@$0DOK@$0A@$0A@$0A@$0HEIOEI@$0DOJ@$0A@$0A@$0A@$0HEIOEI@$0DOK@$0A@$0A@$0A@@plugin@@U?$ArgPick@U?$ArgTypes@$$V@plugin@@$S@4@$$A6AXXZ@plugin@@AAEXU?$RefList@$0HEIOAJ@$0DOJ@$0A@$0A@$0A@$0HEIOAJ@$0DOK@$0A@$0A@$0A@$0HEIOEI@$0DOJ@$0A@$0A@$0A@$0HEIOEI@$0DOK@$0A@$0A@$0A@@2@@Z@"""
"10270fb0",332,""".?AV<lambda_1>@?4???$PatchAll@$0FDMAHH@$0DOJ@$0A@$0A@$0A@$0FDMAHH@$0DOK@$0A@$0A@$0A@@?$BaseEventI@Vfunction_hooker@injector@@U?$RefList@$0FDMAHH@$0DOJ@$0A@$0A@$0A@$0FDMAHH@$0DOK@$0A@$0A@$0A@@plugin@@U?$ArgPick@U?$ArgTypes@$$V@plugin@@$S@4@$$A6AXXZ@plugin@@AAEXU?$RefList@$0FDMAHH@$0DOJ@$0A@$0A@$0A@$0FDMAHH@$0DOK@$0A@$0A@$0A@@2@@Z@"""
"10271108",440,""".?AV<lambda_1>@?4???$PatchAll@$0HEIOAJ@$0DOK@$0A@$0A@$0A@$0HEIOEI@$0DOJ@$0A@$0A@$0A@$0HEIOEI@$0DOK@$0A@$0A@$0A@@?$BaseEventI@Vfunction_hooker@injector@@U?$RefList@$0HEIOAJ@$0DOJ@$0A@$0A@$0A@$0HEIOAJ@$0DOK@$0A@$0A@$0A@$0HEIOEI@$0DOJ@$0A@$0A@$0A@$0HEIOEI@$0DOK@$0A@$0A@$0A@@plugin@@U?$ArgPick@U?$ArgTypes@$$V@plugin@@$S@4@$$A6AXXZ@plugin@@AAEXU?$RefList@$0HEIOAJ@$0DOK@$0A@$0A@$0A@$0HEIOEI@$0DOJ@$0A@$0A@$0A@$0HEIOEI@$0DOK@$0A@$0A@$0A@@2@@Z@"""
"102712c8",280,""".?AV<lambda_1>@?4???$PatchAll@$0FDMAHH@$0DOK@$0A@$0A@$0A@$S@?$BaseEventI@Vfunction_hooker@injector@@U?$RefList@$0FDMAHH@$0DOJ@$0A@$0A@$0A@$0FDMAHH@$0DOK@$0A@$0A@$0A@@plugin@@U?$ArgPick@U?$ArgTypes@$$V@plugin@@$S@4@$$A6AXXZ@plugin@@AAEXU?$RefList@$0FDMAHH@$0DOK@$0A@$0A@$0A@@2@@Z@"""
"102713e8",180,""".?AV<lambda_1>@?1??call_hooks@?$function_hooker_manager@Vscoped_call@injector@@V?$function_hooker_base@Vscoped_call@injector@@$0FDMAHH@P6APAXXZPAX$$V@2@PAX$$V@injector@@SAPAXXZ@"""
"102714a8",180,""".?AV<lambda_1>@?1??call_hooks@?$function_hooker_manager@Vscoped_call@injector@@V?$function_hooker_base@Vscoped_call@injector@@$0HEIOAJ@P6APAXXZPAX$$V@2@PAX$$V@injector@@SAPAXXZ@"""
"10271568",388,""".?AV<lambda_1>@?4???$PatchAll@$0HEIOEI@$0DOJ@$0A@$0A@$0A@$0HEIOEI@$0DOK@$0A@$0A@$0A@@?$BaseEventI@Vfunction_hooker@injector@@U?$RefList@$0HEIOAJ@$0DOJ@$0A@$0A@$0A@$0HEIOAJ@$0DOK@$0A@$0A@$0A@$0HEIOEI@$0DOJ@$0A@$0A@$0A@$0HEIOEI@$0DOK@$0A@$0A@$0A@@plugin@@U?$ArgPick@U?$ArgTypes@$$V@plugin@@$S@4@$$A6AXXZ@plugin@@AAEXU?$RefList@$0HEIOEI@$0DOJ@$0A@$0A@$0A@$0HEIOEI@$0DOK@$0A@$0A@$0A@@2@@Z@"""
"102716f8",336,""".?AV<lambda_1>@?4???$PatchAll@$0HEIOEI@$0DOK@$0A@$0A@$0A@$S@?$BaseEventI@Vfunction_hooker@injector@@U?$RefList@$0HEIOAJ@$0DOJ@$0A@$0A@$0A@$0HEIOAJ@$0DOK@$0A@$0A@$0A@$0HEIOEI@$0DOJ@$0A@$0A@$0A@$0HEIOEI@$0DOK@$0A@$0A@$0A@@plugin@@U?$ArgPick@U?$ArgTypes@$$V@plugin@@$S@4@$$A6AXXZ@plugin@@AAEXU?$RefList@$0HEIOEI@$0DOK@$0A@$0A@$0A@@2@@Z@"""
"10271850",180,""".?AV<lambda_2>@?L@??call_hooks@?$function_hooker_manager@Vscoped_call@injector@@V?$function_hooker_base@Vscoped_call@injector@@$0FDMAHH@P6APAXXZPAX$$V@2@PAX$$V@injector@@SAPAXXZ@"""
"10271910",180,""".?AV<lambda_2>@?L@??call_hooks@?$function_hooker_manager@Vscoped_call@injector@@V?$function_hooker_base@Vscoped_call@injector@@$0HEIOAJ@P6APAXXZPAX$$V@2@PAX$$V@injector@@SAPAXXZ@"""
"102719d0",180,""".?AV<lambda_1>@?1??call_hooks@?$function_hooker_manager@Vscoped_call@injector@@V?$function_hooker_base@Vscoped_call@injector@@$0HEIOEI@P6APAXXZPAX$$V@2@PAX$$V@injector@@SAPAXXZ@"""
"10271a90",180,""".?AV<lambda_2>@?L@??call_hooks@?$function_hooker_manager@Vscoped_call@injector@@V?$function_hooker_base@Vscoped_call@injector@@$0HEIOEI@P6APAXXZPAX$$V@2@PAX$$V@injector@@SAPAXXZ@"""
"10271b4c",24,""".?AVsystem_error@std@@"""
"10271b6c",24,""".?AV_System_error@std@@"""
"10271b8c",28,""".?AVfailure@ios_base@std@@"""
"10271bb0",48,""".?AV<lambda_2>@?1??DebugMenu_Initialize@@YAXXZ@"""
"10271be8",48,""".?AV<lambda_1>@?1??DebugMenu_Initialize@@YAXXZ@"""
"10271c20",332,""".?AV<lambda_1>@?4???$PatchAll@$0HEIMPL@$0DOJ@$0A@$0A@$0A@$0HEIMPL@$0DOK@$0A@$0A@$0A@@?$BaseEventI@Vfunction_hooker@injector@@U?$RefList@$0HEIMPL@$0DOJ@$0A@$0A@$0A@$0HEIMPL@$0DOK@$0A@$0A@$0A@@plugin@@U?$ArgPick@U?$ArgTypes@$$V@plugin@@$S@4@$$A6AXXZ@plugin@@AAEXU?$RefList@$0HEIMPL@$0DOJ@$0A@$0A@$0A@$0HEIMPL@$0DOK@$0A@$0A@$0A@@2@@Z@"""
"10271d78",332,""".?AV<lambda_1>@?4???$PatchAll@$0FDOLLB@$0DOJ@$0A@$0A@$0A@$0FDOLLB@$0DOK@$0A@$0A@$0A@@?$BaseEventI@Vfunction_hooker@injector@@U?$RefList@$0FDOLLB@$0DOJ@$0A@$0A@$0A@$0FDOLLB@$0DOK@$0A@$0A@$0A@@plugin@@U?$ArgPick@U?$ArgTypes@$$V@plugin@@$S@4@$$A6AXXZ@plugin@@AAEXU?$RefList@$0FDOLLB@$0DOJ@$0A@$0A@$0A@$0FDOLLB@$0DOK@$0A@$0A@$0A@@2@@Z@"""
"10271ed0",280,""".?AV<lambda_1>@?4???$PatchAll@$0HEIMPL@$0DOK@$0A@$0A@$0A@$S@?$BaseEventI@Vfunction_hooker@injector@@U?$RefList@$0HEIMPL@$0DOJ@$0A@$0A@$0A@$0HEIMPL@$0DOK@$0A@$0A@$0A@@plugin@@U?$ArgPick@U?$ArgTypes@$$V@plugin@@$S@4@$$A6AXXZ@plugin@@AAEXU?$RefList@$0HEIMPL@$0DOK@$0A@$0A@$0A@@2@@Z@"""
"10271ff0",280,""".?AV<lambda_1>@?4???$PatchAll@$0FDOLLB@$0DOK@$0A@$0A@$0A@$S@?$BaseEventI@Vfunction_hooker@injector@@U?$RefList@$0FDOLLB@$0DOJ@$0A@$0A@$0A@$0FDOLLB@$0DOK@$0A@$0A@$0A@@plugin@@U?$ArgPick@U?$ArgTypes@$$V@plugin@@$S@4@$$A6AXXZ@plugin@@AAEXU?$RefList@$0FDOLLB@$0DOK@$0A@$0A@$0A@@2@@Z@"""
"10272110",180,""".?AV<lambda_1>@?1??call_hooks@?$function_hooker_manager@Vscoped_call@injector@@V?$function_hooker_base@Vscoped_call@injector@@$0FDOLLB@P6APAXXZPAX$$V@2@PAX$$V@injector@@SAPAXXZ@"""
"102721d0",180,""".?AV<lambda_1>@?1??call_hooks@?$function_hooker_manager@Vscoped_call@injector@@V?$function_hooker_base@Vscoped_call@injector@@$0HEIMPL@P6APAXXZPAX$$V@2@PAX$$V@injector@@SAPAXXZ@"""
"10272290",180,""".?AV<lambda_2>@?L@??call_hooks@?$function_hooker_manager@Vscoped_call@injector@@V?$function_hooker_base@Vscoped_call@injector@@$0FDOLLB@P6APAXXZPAX$$V@2@PAX$$V@injector@@SAPAXXZ@"""
"10272350",180,""".?AV<lambda_2>@?L@??call_hooks@?$function_hooker_manager@Vscoped_call@injector@@V?$function_hooker_base@Vscoped_call@injector@@$0HEIMPL@P6APAXXZPAX$$V@2@PAX$$V@injector@@SAPAXXZ@"""
"1027240c",24,""".?AVspdlog_ex@spdlog@@"""
"1027242c",56,""".?AV<lambda_4>@?1??Initialize@AnimatedObjects@@SAXXZ@"""
"1027246c",56,""".?AV<lambda_3>@?1??Initialize@AnimatedObjects@@SAXXZ@"""
"102724ac",56,""".?AV<lambda_2>@?1??Initialize@AnimatedObjects@@SAXXZ@"""
"102724ec",56,""".?AV<lambda_1>@?1??Initialize@AnimatedObjects@@SAXXZ@"""
"10272530",332,""".?AV<lambda_1>@?4???$PatchAll@$0FDOCJD@$0DOJ@$0A@$0A@$0A@$0FDOCJD@$0DOK@$0A@$0A@$0A@@?$BaseEventI@Vfunction_hooker@injector@@U?$RefList@$0FDOCJD@$0DOJ@$0A@$0A@$0A@$0FDOCJD@$0DOK@$0A@$0A@$0A@@plugin@@U?$ArgPick@U?$ArgTypes@$$V@plugin@@$S@4@$$A6AXXZ@plugin@@AAEXU?$RefList@$0FDOCJD@$0DOJ@$0A@$0A@$0A@$0FDOCJD@$0DOK@$0A@$0A@$0A@@2@@Z@"""
"10272688",332,""".?AV<lambda_1>@?4???$PatchAll@$0FDNJBA@$0DOJ@$0A@$0A@$0A@$0FDNJBA@$0DOK@$0A@$0A@$0A@@?$BaseEventI@Vfunction_hooker@injector@@U?$RefList@$0FDNJBA@$0DOJ@$0A@$0A@$0A@$0FDNJBA@$0DOK@$0A@$0A@$0A@@plugin@@U?$ArgPick@U?$ArgTypes@$$V@plugin@@$S@4@$$A6AXXZ@plugin@@AAEXU?$RefList@$0FDNJBA@$0DOJ@$0A@$0A@$0A@$0FDNJBA@$0DOK@$0A@$0A@$0A@@2@@Z@"""
"102727e0",332,""".?AV<lambda_1>@?4???$PatchAll@$0FDOJIB@$0DOJ@$0A@$0A@$0A@$0FDOJIB@$0DOK@$0A@$0A@$0A@@?$BaseEventI@Vfunction_hooker@injector@@U?$RefList@$0FDOJIB@$0DOJ@$0A@$0A@$0A@$0FDOJIB@$0DOK@$0A@$0A@$0A@@plugin@@U?$ArgPick@U?$ArgTypes@$$V@plugin@@$S@4@$$A6AXXZ@plugin@@AAEXU?$RefList@$0FDOJIB@$0DOJ@$0A@$0A@$0A@$0FDOJIB@$0DOK@$0A@$0A@$0A@@2@@Z@"""
"10272938",280,""".?AV<lambda_1>@?4???$PatchAll@$0FDOCJD@$0DOK@$0A@$0A@$0A@$S@?$BaseEventI@Vfunction_hooker@injector@@U?$RefList@$0FDOCJD@$0DOJ@$0A@$0A@$0A@$0FDOCJD@$0DOK@$0A@$0A@$0A@@plugin@@U?$ArgPick@U?$ArgTypes@$$V@plugin@@$S@4@$$A6AXXZ@plugin@@AAEXU?$RefList@$0FDOCJD@$0DOK@$0A@$0A@$0A@@2@@Z@"""
"10272a58",280,""".?AV<lambda_1>@?4???$PatchAll@$0FDNJBA@$0DOK@$0A@$0A@$0A@$S@?$BaseEventI@Vfunction_hooker@injector@@U?$RefList@$0FDNJBA@$0DOJ@$0A@$0A@$0A@$0FDNJBA@$0DOK@$0A@$0A@$0A@@plugin@@U?$ArgPick@U?$ArgTypes@$$V@plugin@@$S@4@$$A6AXXZ@plugin@@AAEXU?$RefList@$0FDNJBA@$0DOK@$0A@$0A@$0A@@2@@Z@"""
"10272b78",280,""".?AV<lambda_1>@?4???$PatchAll@$0FDOJIB@$0DOK@$0A@$0A@$0A@$S@?$BaseEventI@Vfunction_hooker@injector@@U?$RefList@$0FDOJIB@$0DOJ@$0A@$0A@$0A@$0FDOJIB@$0DOK@$0A@$0A@$0A@@plugin@@U?$ArgPick@U?$ArgTypes@$$V@plugin@@$S@4@$$A6AXXZ@plugin@@AAEXU?$RefList@$0FDOJIB@$0DOK@$0A@$0A@$0A@@2@@Z@"""
"10272c98",180,""".?AV<lambda_1>@?1??call_hooks@?$function_hooker_manager@Vscoped_call@injector@@V?$function_hooker_base@Vscoped_call@injector@@$0FDOJIB@P6APAXXZPAX$$V@2@PAX$$V@injector@@SAPAXXZ@"""
"10272d58",180,""".?AV<lambda_1>@?1??call_hooks@?$function_hooker_manager@Vscoped_call@injector@@V?$function_hooker_base@Vscoped_call@injector@@$0FDNJBA@P6APAXXZPAX$$V@2@PAX$$V@injector@@SAPAXXZ@"""
"10272e18",180,""".?AV<lambda_1>@?1??call_hooks@?$function_hooker_manager@Vscoped_call@injector@@V?$function_hooker_base@Vscoped_call@injector@@$0FDOCJD@P6APAXXZPAX$$V@2@PAX$$V@injector@@SAPAXXZ@"""
"10272ed8",180,""".?AV<lambda_2>@?L@??call_hooks@?$function_hooker_manager@Vscoped_call@injector@@V?$function_hooker_base@Vscoped_call@injector@@$0FDOJIB@P6APAXXZPAX$$V@2@PAX$$V@injector@@SAPAXXZ@"""
"10272f98",180,""".?AV<lambda_2>@?L@??call_hooks@?$function_hooker_manager@Vscoped_call@injector@@V?$function_hooker_base@Vscoped_call@injector@@$0FDNJBA@P6APAXXZPAX$$V@2@PAX$$V@injector@@SAPAXXZ@"""
"10273058",180,""".?AV<lambda_2>@?L@??call_hooks@?$function_hooker_manager@Vscoped_call@injector@@V?$function_hooker_base@Vscoped_call@injector@@$0FDOCJD@P6APAXXZPAX$$V@2@PAX$$V@injector@@SAPAXXZ@"""
"10273114",44,""".?AV<lambda_4>@?1??CarCrusher_Patch@@YAXXZ@"""
"10273148",44,""".?AV<lambda_3>@?1??CarCrusher_Patch@@YAXXZ@"""
"1027317c",44,""".?AV<lambda_2>@?1??CarCrusher_Patch@@YAXXZ@"""
"102731b0",44,""".?AV<lambda_1>@?1??CarCrusher_Patch@@YAXXZ@"""
"102731e4",48,""".?AV<lambda_1>@?1??Initialize@GangWars@@SAXXZ@"""
"1027321c",24,""".?AVlogic_error@std@@"""
"1027323c",32,""".?AVtask_canceled@Concurrency@@"""
"10273264",36,""".?AVinvalid_operation@Concurrency@@"""
"10273290",52,""".?AV_Interruption_exception@details@Concurrency@@"""
"102732cc",24,""".?AVfuture_error@std@@"""
"102732ec",44,""".?AV<lambda_1>@?1??Initialize@Gps@@YAXXZ@"""
"10273320",64,""".?AV<lambda_2>@?1??InstallDrawHookIfNeeded@?A0x1f68d5ea@@YAXXZ@"""
"10273368",64,""".?AV<lambda_1>@?1??InstallDrawHookIfNeeded@?A0x1f68d5ea@@YAXXZ@"""
"102733b0",120,""".?AV<lambda_1>@?1??_MakeVoidToUnitFunc@details@Concurrency@@YA?AV?$function@$$A6AEXZ@std@@ABV?$function@$$A6AXXZ@5@@Z@"""
"10273430",124,""".?AV<lambda_1>@?4??_ScheduleContinuationTask@_Task_impl_base@details@Concurrency@@QAEXPAU_ContinuationTaskHandleBase@34@@Z@"""
"102734b8",140,""".?AV<lambda_1>@?7???R0?4??_ScheduleContinuationTask@_Task_impl_base@details@Concurrency@@QAEXPAU_ContinuationTaskHandleBase@34@@Z@QBE@XZ@"""
"10273550",160,""".?AV<lambda_1>@?CC@??_CancelAndRunContinuations@?$_Task_impl@E@details@Concurrency@@UAE_N_N00ABV?$shared_ptr@U_ExceptionHolder@details@Concurrency@@@std@@@Z@"""
"102735f8",116,""".?AV?$_Fake_no_copy_callable_adapter@V<lambda_1>@?BJ@??RequestRouteIfNeeded@?A0x1f68d5ea@@YAXABVCVector@@0@Z@@std@@"""
"10273678",332,""".?AV<lambda_1>@?4???$PatchAll@$0FDOEPP@$0DOJ@$0A@$0A@$0A@$0FDOEPP@$0DOK@$0A@$0A@$0A@@?$BaseEventI@Vfunction_hooker@injector@@U?$RefList@$0FDOEPP@$0DOJ@$0A@$0A@$0A@$0FDOEPP@$0DOK@$0A@$0A@$0A@@plugin@@U?$ArgPick@U?$ArgTypes@$$V@plugin@@$S@4@$$A6AXXZ@plugin@@AAEXU?$RefList@$0FDOEPP@$0DOJ@$0A@$0A@$0A@$0FDOEPP@$0DOK@$0A@$0A@$0A@@2@@Z@"""
"102737d0",496,""".?AV<lambda_1>@?4???$PatchAll@$0FHFJOE@$0DOJ@$0A@$0A@$0A@$0FHFJOE@$0DOK@$0A@$0A@$0A@$0FIGJLP@$0DOJ@$0A@$0A@$0A@$0FIGJLP@$0DOK@$0A@$0A@$0A@@?$BaseEventI@Vfunction_hooker@injector@@U?$RefList@$0FHFJOE@$0DOJ@$0A@$0A@$0A@$0FHFJOE@$0DOK@$0A@$0A@$0A@$0FIGJLP@$0DOJ@$0A@$0A@$0A@$0FIGJLP@$0DOK@$0A@$0A@$0A@@plugin@@U?$ArgPick@U?$ArgTypes@$$V@plugin@@$S@4@$$A6AX_N@Z@plugin@@AAEXU?$RefList@$0FHFJOE@$0DOJ@$0A@$0A@$0A@$0FHFJOE@$0DOK@$0A@$0A@$0A@$0FIGJLP@$0DOJ@$0A@$0A@$0A@$0FIGJLP@$0DOK@$0A@$0A@$0A@@2@@Z@"""
"102739c8",312,""".?AV<lambda_1>@?1???$?0V?$_Fake_no_copy_callable_adapter@V<lambda_1>@?BJ@??RequestRouteIfNeeded@?A0x1f68d5ea@@YAXABVCVector@@0@Z@@std@@@?$_Task_async_state@URouteResult@?A0x1f68d5ea@@@std@@QAE@$$QAV?$_Fake_no_copy_callable_adapter@V<lambda_1>@?BJ@??RequestRouteIfNeeded@?A0x1f68d5ea@@YAXABVCVector@@0@Z@@2@@Z@"""
"10273b08",280,""".?AV<lambda_1>@?4???$PatchAll@$0FDOEPP@$0DOK@$0A@$0A@$0A@$S@?$BaseEventI@Vfunction_hooker@injector@@U?$RefList@$0FDOEPP@$0DOJ@$0A@$0A@$0A@$0FDOEPP@$0DOK@$0A@$0A@$0A@@plugin@@U?$ArgPick@U?$ArgTypes@$$V@plugin@@$S@4@$$A6AXXZ@plugin@@AAEXU?$RefList@$0FDOEPP@$0DOK@$0A@$0A@$0A@@2@@Z@"""
"10273c28",444,""".?AV<lambda_1>@?4???$PatchAll@$0FHFJOE@$0DOK@$0A@$0A@$0A@$0FIGJLP@$0DOJ@$0A@$0A@$0A@$0FIGJLP@$0DOK@$0A@$0A@$0A@@?$BaseEventI@Vfunction_hooker@injector@@U?$RefList@$0FHFJOE@$0DOJ@$0A@$0A@$0A@$0FHFJOE@$0DOK@$0A@$0A@$0A@$0FIGJLP@$0DOJ@$0A@$0A@$0A@$0FIGJLP@$0DOK@$0A@$0A@$0A@@plugin@@U?$ArgPick@U?$ArgTypes@$$V@plugin@@$S@4@$$A6AX_N@Z@plugin@@AAEXU?$RefList@$0FHFJOE@$0DOK@$0A@$0A@$0A@$0FIGJLP@$0DOJ@$0A@$0A@$0A@$0FIGJLP@$0DOK@$0A@$0A@$0A@@2@@Z@"""
"10273df0",184,""".?AV<lambda_1>@?1??call_hooks@?$function_hooker_manager@Vscoped_call@injector@@V?$function_hooker_base@Vscoped_call@injector@@$0FHFJOE@P6APAX_N@ZPAX_N@2@PAX_N@injector@@SAPAXAA_N@Z@"""
"10273eb0",180,""".?AV<lambda_1>@?1??call_hooks@?$function_hooker_manager@Vscoped_call@injector@@V?$function_hooker_base@Vscoped_call@injector@@$0FDOEPP@P6APAXXZPAX$$V@2@PAX$$V@injector@@SAPAXXZ@"""
"10273f70",388,""".?AV<lambda_1>@?4???$PatchAll@$0FIGJLP@$0DOJ@$0A@$0A@$0A@$0FIGJLP@$0DOK@$0A@$0A@$0A@@?$BaseEventI@Vfunction_hooker@injector@@U?$RefList@$0FHFJOE@$0DOJ@$0A@$0A@$0A@$0FHFJOE@$0DOK@$0A@$0A@$0A@$0FIGJLP@$0DOJ@$0A@$0A@$0A@$0FIGJLP@$0DOK@$0A@$0A@$0A@@plugin@@U?$ArgPick@U?$ArgTypes@$$V@plugin@@$S@4@$$A6AX_N@Z@plugin@@AAEXU?$RefList@$0FIGJLP@$0DOJ@$0A@$0A@$0A@$0FIGJLP@$0DOK@$0A@$0A@$0A@@2@@Z@"""
"10274100",336,""".?AV<lambda_1>@?4???$PatchAll@$0FIGJLP@$0DOK@$0A@$0A@$0A@$S@?$BaseEventI@Vfunction_hooker@injector@@U?$RefList@$0FHFJOE@$0DOJ@$0A@$0A@$0A@$0FHFJOE@$0DOK@$0A@$0A@$0A@$0FIGJLP@$0DOJ@$0A@$0A@$0A@$0FIGJLP@$0DOK@$0A@$0A@$0A@@plugin@@U?$ArgPick@U?$ArgTypes@$$V@plugin@@$S@4@$$A6AX_N@Z@plugin@@AAEXU?$RefList@$0FIGJLP@$0DOK@$0A@$0A@$0A@@2@@Z@"""
"10274258",184,""".?AV<lambda_2>@?L@??call_hooks@?$function_hooker_manager@Vscoped_call@injector@@V?$function_hooker_base@Vscoped_call@injector@@$0FHFJOE@P6APAX_N@ZPAX_N@2@PAX_N@injector@@SAPAXAA_N@Z@"""
"10274318",180,""".?AV<lambda_2>@?L@??call_hooks@?$function_hooker_manager@Vscoped_call@injector@@V?$function_hooker_base@Vscoped_call@injector@@$0FDOEPP@P6APAXXZPAX$$V@2@PAX$$V@injector@@SAPAXXZ@"""
"102743d8",184,""".?AV<lambda_1>@?1??call_hooks@?$function_hooker_manager@Vscoped_call@injector@@V?$function_hooker_base@Vscoped_call@injector@@$0FIGJLP@P6APAX_N@ZPAX_N@2@PAX_N@injector@@SAPAXAA_N@Z@"""
"10274498",184,""".?AV<lambda_2>@?L@??call_hooks@?$function_hooker_manager@Vscoped_call@injector@@V?$function_hooker_base@Vscoped_call@injector@@$0FIGJLP@P6APAX_N@ZPAX_N@2@PAX_N@injector@@SAPAXAA_N@Z@"""
"10274558",40,""".?AV<lambda_2>@?1??IplExt_Patch@@YAXXZ@"""
"10274588",40,""".?AV<lambda_1>@?1??IplExt_Patch@@YAXXZ@"""
"102745b8",56,""".?AV<lambda_2>@?1??Initialize@TransparentMenu@@SAXXZ@"""
"102745f8",56,""".?AV<lambda_1>@?1??Initialize@TransparentMenu@@SAXXZ@"""
"10274638",56,""".?AV<lambda_1>@?1???$CHudDrawHookSA@$0FDOEPP@@@YAXXZ@"""
"10274678",60,""".?AV<lambda_1>@?1???$RsMouseSetPosHookSA@$0FDOJPB@@@YAXXZ@"""
"102746c0",204,""".?AV<lambda_1>@?1??call_hooks@?$function_hooker_manager@Vscoped_call@injector@@V?$function_hooker_base@Vscoped_call@injector@@$0FDOJPB@P6AXPAURwV2d@@@ZXPAU3@@2@XPAURwV2d@@@injector@@SAXAAPAURwV2d@@@Z@"""
"10274798",172,""".?AV<lambda_1>@?1??call_hooks@?$function_hooker_manager@Vscoped_call@injector@@V?$function_hooker_base@Vscoped_call@injector@@$0FDOEPP@P6AXXZX$$V@2@X$$V@injector@@SAXXZ@"""
"10274850",204,""".?AV<lambda_2>@?L@??call_hooks@?$function_hooker_manager@Vscoped_call@injector@@V?$function_hooker_base@Vscoped_call@injector@@$0FDOJPB@P6AXPAURwV2d@@@ZXPAU3@@2@XPAURwV2d@@@injector@@SAXAAPAURwV2d@@@Z@"""
"10274928",172,""".?AV<lambda_2>@?L@??call_hooks@?$function_hooker_manager@Vscoped_call@injector@@V?$function_hooker_base@Vscoped_call@injector@@$0FDOEPP@P6AXXZX$$V@2@X$$V@injector@@SAXXZ@"""
"102749dc",48,""".?AV<lambda_4>@?1??Initialize@IIIPager@@SAXXZ@"""
"10274a14",48,""".?AV<lambda_3>@?1??Initialize@IIIPager@@SAXXZ@"""
"10274a4c",48,""".?AV<lambda_2>@?1??Initialize@IIIPager@@SAXXZ@"""
"10274a84",48,""".?AV<lambda_1>@?1??Initialize@IIIPager@@SAXXZ@"""
"10274abc",56,""".?AV<lambda_1>@?1??Initialize@PatchLogScreen@@SAXXZ@"""
"10274b00",216,""".?AV<lambda_2>@?L@??call_hooks@?$function_hooker_manager@Vscoped_call@injector@@V?$function_hooker_base@Vscoped_call@injector@@$0FOEIJA@P6EPAXPAVCPed@@H@ZPAXPAV3@H@2@PAXPAVCPed@@H@injector@@SAPAXAAPAVCPed@@AAH@Z@"""
"10274be0",96,""".?AV<lambda_1>@?4??Add@PedExtenderCoreHandler@@SAXPAV?$ExtenderInterface@VCPed@@@plugin@@@Z@"""
"10274c48",308,""".?AV<lambda_1>@?4???$PatchAll@$0FOIIAM@$0DOK@$0A@$0A@$0A@$S@?$BaseEventI@Ufunction_hooker_thiscall@injector@@U?$RefList@$0FOIIAM@$0DOJ@$0A@$0A@$0A@$0FOIIAM@$0DOK@$0A@$0A@$0A@@plugin@@U?$ArgPick@U?$ArgTypes@PAVCPed@@@plugin@@$0A@@4@$$A6AXPAVCPed@@@Z@plugin@@AAEXU?$RefList@$0FOIIAM@$0DOK@$0A@$0A@$0A@@2@@Z@"""
"10274d88",280,""".?AV<lambda_1>@?4???$PatchAll@$0FLPIFL@$0DOK@$0A@$0A@$0A@$S@?$BaseEventI@Vfunction_hooker@injector@@U?$RefList@$0FLPIFL@$0DOJ@$0A@$0A@$0A@$0FLPIFL@$0DOK@$0A@$0A@$0A@@plugin@@U?$ArgPick@U?$ArgTypes@$$V@plugin@@$S@4@$$A6AXXZ@plugin@@AAEXU?$RefList@$0FLPIFL@$0DOK@$0A@$0A@$0A@@2@@Z@"""
"10274ea8",364,""".?AV<lambda_1>@?4???$PatchAll@$0FOEIJA@$0DOJ@$0A@$0A@$0A@$0FOEIJA@$0DOK@$0A@$0A@$0A@@?$BaseEventI@Ufunction_hooker_thiscall@injector@@U?$RefList@$0FOEIJA@$0DOJ@$0A@$0A@$0A@$0FOEIJA@$0DOK@$0A@$0A@$0A@@plugin@@U?$ArgPick@U?$ArgTypes@PAVCPed@@H@plugin@@$0A@$00@4@$$A6AXPAVCPed@@H@Z@plugin@@AAEXU?$RefList@$0FOEIJA@$0DOJ@$0A@$0A@$0A@$0FOEIJA@$0DOK@$0A@$0A@$0A@@2@@Z@"""
"10275020",360,""".?AV<lambda_1>@?4???$PatchAll@$0FOIIAM@$0DOJ@$0A@$0A@$0A@$0FOIIAM@$0DOK@$0A@$0A@$0A@@?$BaseEventI@Ufunction_hooker_thiscall@injector@@U?$RefList@$0FOIIAM@$0DOJ@$0A@$0A@$0A@$0FOIIAM@$0DOK@$0A@$0A@$0A@@plugin@@U?$ArgPick@U?$ArgTypes@PAVCPed@@@plugin@@$0A@@4@$$A6AXPAVCPed@@@Z@plugin@@AAEXU?$RefList@$0FOIIAM@$0DOJ@$0A@$0A@$0A@$0FOIIAM@$0DOK@$0A@$0A@$0A@@2@@Z@"""
"10275190",20,""".P6AXPAVCPed@@H@Z"""
"102751b0",332,""".?AV<lambda_1>@?4???$PatchAll@$0FLPIFL@$0DOJ@$0A@$0A@$0A@$0FLPIFL@$0DOK@$0A@$0A@$0A@@?$BaseEventI@Vfunction_hooker@injector@@U?$RefList@$0FLPIFL@$0DOJ@$0A@$0A@$0A@$0FLPIFL@$0DOK@$0A@$0A@$0A@@plugin@@U?$ArgPick@U?$ArgTypes@$$V@plugin@@$S@4@$$A6AXXZ@plugin@@AAEXU?$RefList@$0FLPIFL@$0DOJ@$0A@$0A@$0A@$0FLPIFL@$0DOK@$0A@$0A@$0A@@2@@Z@"""
"10275308",312,""".?AV<lambda_1>@?4???$PatchAll@$0FOEIJA@$0DOK@$0A@$0A@$0A@$S@?$BaseEventI@Ufunction_hooker_thiscall@injector@@U?$RefList@$0FOEIJA@$0DOJ@$0A@$0A@$0A@$0FOEIJA@$0DOK@$0A@$0A@$0A@@plugin@@U?$ArgPick@U?$ArgTypes@PAVCPed@@H@plugin@@$0A@$00@4@$$A6AXPAVCPed@@H@Z@plugin@@AAEXU?$RefList@$0FOEIJA@$0DOK@$0A@$0A@$0A@@2@@Z@"""
"10275448",20,""".P6AXPAVCPed@@@Z"""
"10275468",180,""".?AV<lambda_2>@?L@??call_hooks@?$function_hooker_manager@Vscoped_call@injector@@V?$function_hooker_base@Vscoped_call@injector@@$0FLPIFL@P6APAXXZPAX$$V@2@PAX$$V@injector@@SAPAXXZ@"""
"10275528",208,""".?AV<lambda_2>@?L@??call_hooks@?$function_hooker_manager@Vscoped_call@injector@@V?$function_hooker_base@Vscoped_call@injector@@$0FOIIAM@P6EPAXPAVCPed@@@ZPAXPAV3@@2@PAXPAVCPed@@@injector@@SAPAXAAPAVCPed@@@Z@"""
"10275600",180,""".?AV<lambda_1>@?1??call_hooks@?$function_hooker_manager@Vscoped_call@injector@@V?$function_hooker_base@Vscoped_call@injector@@$0FLPIFL@P6APAXXZPAX$$V@2@PAX$$V@injector@@SAPAXXZ@"""
"102756c0",212,""".?AV<lambda_1>@?1??call_hooks@?$function_hooker_manager@Vscoped_call@injector@@V?$function_hooker_base@Vscoped_call@injector@@$0FOEIJA@P6EPAXPAVCPed@@H@ZPAXPAV3@H@2@PAXPAVCPed@@H@injector@@SAPAXAAPAVCPed@@AAH@Z@"""
"102757a0",208,""".?AV<lambda_1>@?1??call_hooks@?$function_hooker_manager@Vscoped_call@injector@@V?$function_hooker_base@Vscoped_call@injector@@$0FOIIAM@P6EPAXPAVCPed@@@ZPAXPAV3@@2@PAXPAVCPed@@@injector@@SAPAXAAPAVCPed@@@Z@"""
"10275878",48,""".?AV<lambda_3>@?1??Initialize@PedColors@@SAXXZ@"""
"102758b0",48,""".?AV<lambda_2>@?1??Initialize@PedColors@@SAXXZ@"""
"102758e8",48,""".?AV<lambda_1>@?1??Initialize@PedColors@@SAXXZ@"""
"10275920",520,""".?AV<lambda_1>@?4???$PatchAll@$0FOHHPM@$0DOJ@$0A@$0A@$0A@$0FOHHPM@$0DOK@$0A@$0A@$0A@$0FOHIAK@$0DOJ@$0A@$0A@$0A@$0FOHIAK@$0DOK@$0A@$0A@$0A@@?$BaseEventI@Ufunction_hooker_thiscall@injector@@U?$RefList@$0FOHHPM@$0DOJ@$0A@$0A@$0A@$0FOHHPM@$0DOK@$0A@$0A@$0A@$0FOHIAK@$0DOJ@$0A@$0A@$0A@$0FOHIAK@$0DOK@$0A@$0A@$0A@@plugin@@U?$ArgPick@U?$ArgTypes@PAVCPed@@@plugin@@$0A@@4@$$A6AXPAVCPed@@@Z@plugin@@AAEXU?$RefList@$0FOHHPM@$0DOJ@$0A@$0A@$0A@$0FOHHPM@$0DOK@$0A@$0A@$0A@$0FOHIAK@$0DOJ@$0A@$0A@$0A@$0FOHIAK@$0DOK@$0A@$0A@$0A@@2@@Z@"""
"10275b30",468,""".?AV<lambda_1>@?4???$PatchAll@$0FOHHPM@$0DOK@$0A@$0A@$0A@$0FOHIAK@$0DOJ@$0A@$0A@$0A@$0FOHIAK@$0DOK@$0A@$0A@$0A@@?$BaseEventI@Ufunction_hooker_thiscall@injector@@U?$RefList@$0FOHHPM@$0DOJ@$0A@$0A@$0A@$0FOHHPM@$0DOK@$0A@$0A@$0A@$0FOHIAK@$0DOJ@$0A@$0A@$0A@$0FOHIAK@$0DOK@$0A@$0A@$0A@@plugin@@U?$ArgPick@U?$ArgTypes@PAVCPed@@@plugin@@$0A@@4@$$A6AXPAVCPed@@@Z@plugin@@AAEXU?$RefList@$0FOHHPM@$0DOK@$0A@$0A@$0A@$0FOHIAK@$0DOJ@$0A@$0A@$0A@$0FOHIAK@$0DOK@$0A@$0A@$0A@@2@@Z@"""
"10275d10",208,""".?AV<lambda_1>@?1??call_hooks@?$function_hooker_manager@Vscoped_call@injector@@V?$function_hooker_base@Vscoped_call@injector@@$0FOHHPM@P6EPAXPAVCPed@@@ZPAXPAV3@@2@PAXPAVCPed@@@injector@@SAPAXAAPAVCPed@@@Z@"""
"10275de8",412,""".?AV<lambda_1>@?4???$PatchAll@$0FOHIAK@$0DOJ@$0A@$0A@$0A@$0FOHIAK@$0DOK@$0A@$0A@$0A@@?$BaseEventI@Ufunction_hooker_thiscall@injector@@U?$RefList@$0FOHHPM@$0DOJ@$0A@$0A@$0A@$0FOHHPM@$0DOK@$0A@$0A@$0A@$0FOHIAK@$0DOJ@$0A@$0A@$0A@$0FOHIAK@$0DOK@$0A@$0A@$0A@@plugin@@U?$ArgPick@U?$ArgTypes@PAVCPed@@@plugin@@$0A@@4@$$A6AXPAVCPed@@@Z@plugin@@AAEXU?$RefList@$0FOHIAK@$0DOJ@$0A@$0A@$0A@$0FOHIAK@$0DOK@$0A@$0A@$0A@@2@@Z@"""
"10275f90",360,""".?AV<lambda_1>@?4???$PatchAll@$0FOHIAK@$0DOK@$0A@$0A@$0A@$S@?$BaseEventI@Ufunction_hooker_thiscall@injector@@U?$RefList@$0FOHHPM@$0DOJ@$0A@$0A@$0A@$0FOHHPM@$0DOK@$0A@$0A@$0A@$0FOHIAK@$0DOJ@$0A@$0A@$0A@$0FOHIAK@$0DOK@$0A@$0A@$0A@@plugin@@U?$ArgPick@U?$ArgTypes@PAVCPed@@@plugin@@$0A@@4@$$A6AXPAVCPed@@@Z@plugin@@AAEXU?$RefList@$0FOHIAK@$0DOK@$0A@$0A@$0A@@2@@Z@"""
"10276100",208,""".?AV<lambda_2>@?L@??call_hooks@?$function_hooker_manager@Vscoped_call@injector@@V?$function_hooker_base@Vscoped_call@injector@@$0FOHHPM@P6EPAXPAVCPed@@@ZPAXPAV3@@2@PAXPAVCPed@@@injector@@SAPAXAAPAVCPed@@@Z@"""
"102761d8",208,""".?AV<lambda_1>@?1??call_hooks@?$function_hooker_manager@Vscoped_call@injector@@V?$function_hooker_base@Vscoped_call@injector@@$0FOHIAK@P6EPAXPAVCPed@@@ZPAXPAV3@@2@PAXPAVCPed@@@injector@@SAPAXAAPAVCPed@@@Z@"""
"102762b0",208,""".?AV<lambda_2>@?L@??call_hooks@?$function_hooker_manager@Vscoped_call@injector@@V?$function_hooker_base@Vscoped_call@injector@@$0FOHIAK@P6EPAXPAVCPed@@@ZPAXPAV3@@2@PAXPAVCPed@@@injector@@SAPAXAAPAVCPed@@@Z@"""
"10276388",24,""".P6AXPAVCVehicle@@@Z"""
"102763a8",368,""".?AV<lambda_1>@?4???$PatchAll@$0GNFPCP@$0DOJ@$0A@$0A@$0A@$0GNFPCP@$0DOK@$0A@$0A@$0A@@?$BaseEventI@Ufunction_hooker_thiscall@injector@@U?$RefList@$0GNFPCP@$0DOJ@$0A@$0A@$0A@$0GNFPCP@$0DOK@$0A@$0A@$0A@@plugin@@U?$ArgPick@U?$ArgTypes@PAVCVehicle@@@plugin@@$0A@@4@$$A6AXPAVCVehicle@@@Z@plugin@@AAEXU?$RefList@$0GNFPCP@$0DOJ@$0A@$0A@$0A@$0GNFPCP@$0DOK@$0A@$0A@$0A@@2@@Z@"""
"10276520",368,""".?AV<lambda_1>@?4???$PatchAll@$0GOCNDF@$0DOJ@$0A@$0A@$0A@$0GOCNDF@$0DOK@$0A@$0A@$0A@@?$BaseEventI@Ufunction_hooker_thiscall@injector@@U?$RefList@$0GOCNDF@$0DOJ@$0A@$0A@$0A@$0GOCNDF@$0DOK@$0A@$0A@$0A@@plugin@@U?$ArgPick@U?$ArgTypes@PAVCVehicle@@@plugin@@$0A@@4@$$A6AXPAVCVehicle@@@Z@plugin@@AAEXU?$RefList@$0GOCNDF@$0DOJ@$0A@$0A@$0A@$0GOCNDF@$0DOK@$0A@$0A@$0A@@2@@Z@"""
"10276698",316,""".?AV<lambda_1>@?4???$PatchAll@$0GNFPCP@$0DOK@$0A@$0A@$0A@$S@?$BaseEventI@Ufunction_hooker_thiscall@injector@@U?$RefList@$0GNFPCP@$0DOJ@$0A@$0A@$0A@$0GNFPCP@$0DOK@$0A@$0A@$0A@@plugin@@U?$ArgPick@U?$ArgTypes@PAVCVehicle@@@plugin@@$0A@@4@$$A6AXPAVCVehicle@@@Z@plugin@@AAEXU?$RefList@$0GNFPCP@$0DOK@$0A@$0A@$0A@@2@@Z@"""
"102767e0",316,""".?AV<lambda_1>@?4???$PatchAll@$0GOCNDF@$0DOK@$0A@$0A@$0A@$S@?$BaseEventI@Ufunction_hooker_thiscall@injector@@U?$RefList@$0GOCNDF@$0DOJ@$0A@$0A@$0A@$0GOCNDF@$0DOK@$0A@$0A@$0A@@plugin@@U?$ArgPick@U?$ArgTypes@PAVCVehicle@@@plugin@@$0A@@4@$$A6AXPAVCVehicle@@@Z@plugin@@AAEXU?$RefList@$0GOCNDF@$0DOK@$0A@$0A@$0A@@2@@Z@"""
"10276928",220,""".?AV<lambda_1>@?1??call_hooks@?$function_hooker_manager@Vscoped_call@injector@@V?$function_hooker_base@Vscoped_call@injector@@$0GOCNDF@P6EPAXPAVCVehicle@@@ZPAXPAV3@@2@PAXPAVCVehicle@@@injector@@SAPAXAAPAVCVehicle@@@Z@"""
"10276a10",220,""".?AV<lambda_1>@?1??call_hooks@?$function_hooker_manager@Vscoped_call@injector@@V?$function_hooker_base@Vscoped_call@injector@@$0GNFPCP@P6EPAXPAVCVehicle@@@ZPAXPAV3@@2@PAXPAVCVehicle@@@injector@@SAPAXAAPAVCVehicle@@@Z@"""
"10276af8",220,""".?AV<lambda_2>@?L@??call_hooks@?$function_hooker_manager@Vscoped_call@injector@@V?$function_hooker_base@Vscoped_call@injector@@$0GOCNDF@P6EPAXPAVCVehicle@@@ZPAXPAV3@@2@PAXPAVCVehicle@@@injector@@SAPAXAAPAVCVehicle@@@Z@"""
"10276be0",220,""".?AV<lambda_2>@?L@??call_hooks@?$function_hooker_manager@Vscoped_call@injector@@V?$function_hooker_base@Vscoped_call@injector@@$0GNFPCP@P6EPAXPAVCVehicle@@@ZPAXPAV3@@2@PAXPAVCVehicle@@@injector@@SAPAXAAPAVCVehicle@@@Z@"""
"10276cc4",52,""".?AV<lambda_3>@?1??Initialize@LicensePlates@@SAXXZ@"""
"10276d00",52,""".?AV<lambda_2>@?1??Initialize@LicensePlates@@SAXXZ@"""
"10276d3c",52,""".?AV<lambda_1>@?1??Initialize@LicensePlates@@SAXXZ@"""
"10276d78",524,""".?AV<lambda_1>@?4???$PatchAll@$0GMEFCD@$0DOJ@$0A@$0A@$0A@$0GMEFCD@$0DOK@$0A@$0A@$0A@$0GNAOIJ@$0DOJ@$00$0A@$0A@$0GNAOIJ@$0DOK@$00$0A@$0A@@?$BaseEventI@Ufunction_hooker_thiscall@injector@@U?$RefList@$0GMEFCD@$0DOJ@$0A@$0A@$0A@$0GMEFCD@$0DOK@$0A@$0A@$0A@$0GNAOIJ@$0DOJ@$00$0A@$0A@$0GNAOIJ@$0DOK@$00$0A@$0A@@plugin@@U?$ArgPick@U?$ArgTypes@PAVCVehicle@@@plugin@@$0A@@4@$$A6AXPAVCVehicle@@@Z@plugin@@AAEXU?$RefList@$0GMEFCD@$0DOJ@$0A@$0A@$0A@$0GMEFCD@$0DOK@$0A@$0A@$0A@$0GNAOIJ@$0DOJ@$00$0A@$0A@$0GNAOIJ@$0DOK@$00$0A@$0A@@2@@Z@"""
"10276f90",468,""".?AV<lambda_1>@?4???$PatchAll@$0GMEFCD@$0DOK@$0A@$0A@$0A@$0GNAOIJ@$0DOJ@$00$0A@$0A@$0GNAOIJ@$0DOK@$00$0A@$0A@@?$BaseEventI@Ufunction_hooker_thiscall@injector@@U?$RefList@$0GMEFCD@$0DOJ@$0A@$0A@$0A@$0GMEFCD@$0DOK@$0A@$0A@$0A@$0GNAOIJ@$0DOJ@$00$0A@$0A@$0GNAOIJ@$0DOK@$00$0A@$0A@@plugin@@U?$ArgPick@U?$ArgTypes@PAVCVehicle@@@plugin@@$0A@@4@$$A6AXPAVCVehicle@@@Z@plugin@@AAEXU?$RefList@$0GMEFCD@$0DOK@$0A@$0A@$0A@$0GNAOIJ@$0DOJ@$00$0A@$0A@$0GNAOIJ@$0DOK@$00$0A@$0A@@2@@Z@"""
"10277170",220,""".?AV<lambda_1>@?1??call_hooks@?$function_hooker_manager@Vscoped_call@injector@@V?$function_hooker_base@Vscoped_call@injector@@$0GMEFCD@P6EPAXPAVCVehicle@@@ZPAXPAV3@@2@PAXPAVCVehicle@@@injector@@SAPAXAAPAVCVehicle@@@Z@"""
"10277258",416,""".?AV<lambda_1>@?4???$PatchAll@$0GNAOIJ@$0DOJ@$00$0A@$0A@$0GNAOIJ@$0DOK@$00$0A@$0A@@?$BaseEventI@Ufunction_hooker_thiscall@injector@@U?$RefList@$0GMEFCD@$0DOJ@$0A@$0A@$0A@$0GMEFCD@$0DOK@$0A@$0A@$0A@$0GNAOIJ@$0DOJ@$00$0A@$0A@$0GNAOIJ@$0DOK@$00$0A@$0A@@plugin@@U?$ArgPick@U?$ArgTypes@PAVCVehicle@@@plugin@@$0A@@4@$$A6AXPAVCVehicle@@@Z@plugin@@AAEXU?$RefList@$0GNAOIJ@$0DOJ@$00$0A@$0A@$0GNAOIJ@$0DOK@$00$0A@$0A@@2@@Z@"""
"10277400",364,""".?AV<lambda_1>@?4???$PatchAll@$0GNAOIJ@$0DOK@$00$0A@$0A@$S@?$BaseEventI@Ufunction_hooker_thiscall@injector@@U?$RefList@$0GMEFCD@$0DOJ@$0A@$0A@$0A@$0GMEFCD@$0DOK@$0A@$0A@$0A@$0GNAOIJ@$0DOJ@$00$0A@$0A@$0GNAOIJ@$0DOK@$00$0A@$0A@@plugin@@U?$ArgPick@U?$ArgTypes@PAVCVehicle@@@plugin@@$0A@@4@$$A6AXPAVCVehicle@@@Z@plugin@@AAEXU?$RefList@$0GNAOIJ@$0DOK@$00$0A@$0A@@2@@Z@"""
"10277578",220,""".?AV<lambda_2>@?L@??call_hooks@?$function_hooker_manager@Vscoped_call@injector@@V?$function_hooker_base@Vscoped_call@injector@@$0GMEFCD@P6EPAXPAVCVehicle@@@ZPAXPAV3@@2@PAXPAVCVehicle@@@injector@@SAPAXAAPAVCVehicle@@@Z@"""
"10277660",216,""".?AV<lambda_1>@?1??call_hooks@?$function_hooker_manager@Vscoped_jmp@injector@@V?$function_hooker_base@Vscoped_jmp@injector@@$0GNAOIJ@P6EPAXPAVCVehicle@@@ZPAXPAV3@@2@PAXPAVCVehicle@@@injector@@SAPAXAAPAVCVehicle@@@Z@"""
"10277740",220,""".?AV<lambda_2>@?L@??call_hooks@?$function_hooker_manager@Vscoped_jmp@injector@@V?$function_hooker_base@Vscoped_jmp@injector@@$0GNAOIJ@P6EPAXPAVCVehicle@@@ZPAXPAV3@@2@PAXPAVCVehicle@@@injector@@SAPAXAAPAVCVehicle@@@Z@"""
"10277824",48,""".?AV<lambda_2>@?1??Initialize@CProfiler@@SAXXZ@"""
"1027785c",48,""".?AV<lambda_1>@?1??Initialize@CProfiler@@SAXXZ@"""
"10277894",44,""".?AV<lambda_1>@?1??RadarEx_Patch@@YAXXZ@"""
"102778c8",332,""".?AV<lambda_1>@?4???$PatchAll@$0FLPDKB@$0DOJ@$0A@$0A@$0A@$0FLPDKB@$0DOK@$0A@$0A@$0A@@?$BaseEventI@Vfunction_hooker@injector@@U?$RefList@$0FLPDKB@$0DOJ@$0A@$0A@$0A@$0FLPDKB@$0DOK@$0A@$0A@$0A@@plugin@@U?$ArgPick@U?$ArgTypes@$$V@plugin@@$S@4@$$A6AXXZ@plugin@@AAEXU?$RefList@$0FLPDKB@$0DOJ@$0A@$0A@$0A@$0FLPDKB@$0DOK@$0A@$0A@$0A@@2@@Z@"""
"10277a20",280,""".?AV<lambda_1>@?4???$PatchAll@$0FLPDKB@$0DOK@$0A@$0A@$0A@$S@?$BaseEventI@Vfunction_hooker@injector@@U?$RefList@$0FLPDKB@$0DOJ@$0A@$0A@$0A@$0FLPDKB@$0DOK@$0A@$0A@$0A@@plugin@@U?$ArgPick@U?$ArgTypes@$$V@plugin@@$S@4@$$A6AXXZ@plugin@@AAEXU?$RefList@$0FLPDKB@$0DOK@$0A@$0A@$0A@@2@@Z@"""
"10277b40",180,""".?AV<lambda_1>@?1??call_hooks@?$function_hooker_manager@Vscoped_call@injector@@V?$function_hooker_base@Vscoped_call@injector@@$0FLPDKB@P6APAXXZPAX$$V@2@PAX$$V@injector@@SAPAXXZ@"""
"10277c00",180,""".?AV<lambda_2>@?L@??call_hooks@?$function_hooker_manager@Vscoped_call@injector@@V?$function_hooker_base@Vscoped_call@injector@@$0FLPDKB@P6APAXXZPAX$$V@2@PAX$$V@injector@@SAPAXXZ@"""
"10277cbc",40,""".?AVfilesystem_error@filesystem@std@@"""
"10277cec",44,""".?AV<lambda_5>@?1??RadioEx_Patch@@YAXXZ@"""
"10277d20",44,""".?AV<lambda_4>@?1??RadioEx_Patch@@YAXXZ@"""
"10277d54",44,""".?AV<lambda_3>@?1??RadioEx_Patch@@YAXXZ@"""
"10277d88",44,""".?AV<lambda_2>@?1??RadioEx_Patch@@YAXXZ@"""
"10277dbc",44,""".?AV<lambda_1>@?1??RadioEx_Patch@@YAXXZ@"""
"10277df0",52,""".?AV<lambda_5>@?1??Initialize@StreetRubbish@@SAXXZ@"""
"10277e2c",52,""".?AV<lambda_4>@?1??Initialize@StreetRubbish@@SAXXZ@"""
"10277e68",52,""".?AV<lambda_3>@?1??Initialize@StreetRubbish@@SAXXZ@"""
"10277ea4",52,""".?AV<lambda_2>@?1??Initialize@StreetRubbish@@SAXXZ@"""
"10277ee0",52,""".?AV<lambda_1>@?1??Initialize@StreetRubbish@@SAXXZ@"""
"10277f1c",24,""".P6AXPAVCAutomobile@@@Z"""
"10277f40",344,""".?AV<lambda_1>@?4???$PatchAll@$0FDOKND@$0DOJ@$0A@$0A@$0A@$0FDOKND@$0DOK@$0A@$0A@$0A@@?$BaseEventI@Ufunction_hooker_thiscall@injector@@U?$RefList@$0FDOKND@$0DOJ@$0A@$0A@$0A@$0FDOKND@$0DOK@$0A@$0A@$0A@@plugin@@U?$ArgPick@U?$ArgTypes@$$V@plugin@@$S@4@$$A6AXXZ@plugin@@AAEXU?$RefList@$0FDOKND@$0DOJ@$0A@$0A@$0A@$0FDOKND@$0DOK@$0A@$0A@$0A@@2@@Z@"""
"102780a0",372,""".?AV<lambda_1>@?4???$PatchAll@$0GLBJPJ@$0DOJ@$0A@$0A@$0A@$0GLBJPJ@$0DOK@$0A@$0A@$0A@@?$BaseEventI@Ufunction_hooker_thiscall@injector@@U?$RefList@$0GLBJPJ@$0DOJ@$0A@$0A@$0A@$0GLBJPJ@$0DOK@$0A@$0A@$0A@@plugin@@U?$ArgPick@U?$ArgTypes@PAVCAutomobile@@@plugin@@$0A@@4@$$A6AXPAVCAutomobile@@@Z@plugin@@AAEXU?$RefList@$0GLBJPJ@$0DOJ@$0A@$0A@$0A@$0GLBJPJ@$0DOK@$0A@$0A@$0A@@2@@Z@"""
"10278220",292,""".?AV<lambda_1>@?4???$PatchAll@$0FDOKND@$0DOK@$0A@$0A@$0A@$S@?$BaseEventI@Ufunction_hooker_thiscall@injector@@U?$RefList@$0FDOKND@$0DOJ@$0A@$0A@$0A@$0FDOKND@$0DOK@$0A@$0A@$0A@@plugin@@U?$ArgPick@U?$ArgTypes@$$V@plugin@@$S@4@$$A6AXXZ@plugin@@AAEXU?$RefList@$0FDOKND@$0DOK@$0A@$0A@$0A@@2@@Z@"""
"10278350",320,""".?AV<lambda_1>@?4???$PatchAll@$0GLBJPJ@$0DOK@$0A@$0A@$0A@$S@?$BaseEventI@Ufunction_hooker_thiscall@injector@@U?$RefList@$0GLBJPJ@$0DOJ@$0A@$0A@$0A@$0GLBJPJ@$0DOK@$0A@$0A@$0A@@plugin@@U?$ArgPick@U?$ArgTypes@PAVCAutomobile@@@plugin@@$0A@@4@$$A6AXPAVCAutomobile@@@Z@plugin@@AAEXU?$RefList@$0GLBJPJ@$0DOK@$0A@$0A@$0A@@2@@Z@"""
"10278498",228,""".?AV<lambda_1>@?1??call_hooks@?$function_hooker_manager@Vscoped_call@injector@@V?$function_hooker_base@Vscoped_call@injector@@$0GLBJPJ@P6EPAXPAVCAutomobile@@@ZPAXPAV3@@2@PAXPAVCAutomobile@@@injector@@SAPAXAAPAVCAutomobile@@@Z@"""
"10278588",180,""".?AV<lambda_1>@?1??call_hooks@?$function_hooker_manager@Vscoped_call@injector@@V?$function_hooker_base@Vscoped_call@injector@@$0FDOKND@P6EPAXXZPAX$$V@2@PAX$$V@injector@@SAPAXXZ@"""
"10278648",228,""".?AV<lambda_2>@?L@??call_hooks@?$function_hooker_manager@Vscoped_call@injector@@V?$function_hooker_base@Vscoped_call@injector@@$0GLBJPJ@P6EPAXPAVCAutomobile@@@ZPAXPAV3@@2@PAXPAVCAutomobile@@@injector@@SAPAXAAPAVCAutomobile@@@Z@"""
"10278738",180,""".?AV<lambda_2>@?L@??call_hooks@?$function_hooker_manager@Vscoped_call@injector@@V?$function_hooker_base@Vscoped_call@injector@@$0FDOKND@P6EPAXXZPAX$$V@2@PAX$$V@injector@@SAPAXXZ@"""
"102787f4",52,""".?AV<lambda_4>@?1??Initialize@StatExtender@@SAXXZ@"""
"10278830",52,""".?AV<lambda_3>@?1??Initialize@StatExtender@@SAXXZ@"""
"1027886c",52,""".?AV<lambda_2>@?1??Initialize@StatExtender@@SAXXZ@"""
"102788a8",52,""".?AV<lambda_1>@?1??Initialize@StatExtender@@SAXXZ@"""
"102788e8",72,""".?AV<lambda_1>@?1???$hkConstructStatLine@$0FFKHIA@@StatExtender@@CAXXZ@"""
"10278938",176,""".?AV<lambda_1>@?1??call_hooks@?$function_hooker_manager@Vscoped_jmp@injector@@V?$function_hooker_base@Vscoped_jmp@injector@@$0FFKHIA@P6AHHE@ZHHE@2@HHE@injector@@SAHAAHAAE@Z@"""
"102789f0",176,""".?AV<lambda_2>@?L@??call_hooks@?$function_hooker_manager@Vscoped_jmp@injector@@V?$function_hooker_base@Vscoped_jmp@injector@@$0FFKHIA@P6AHHE@ZHHE@2@HHE@injector@@SAHAAHAAE@Z@"""
"10278aa8",48,""".?AV<lambda_1>@?1??PostEffects_Patch@@YAXXZ@"""
"10278ae0",44,""".?AV<lambda_1>@?4??Weather_Patch@@YAXXZ@"""
"10278b14",48,""".?AV<lambda_4>@?1??FluffyCloud_Patch@@YAXXZ@"""
"10278b4c",48,""".?AV<lambda_3>@?1??FluffyCloud_Patch@@YAXXZ@"""
"10278b84",48,""".?AV<lambda_2>@?1??FluffyCloud_Patch@@YAXXZ@"""
"10278bbc",48,""".?AV<lambda_1>@?1??FluffyCloud_Patch@@YAXXZ@"""
"10278bf8",344,""".?AV<lambda_1>@?4???$PatchAll@$0HBHIPA@$0DOJ@$0A@$0A@$0A@$0HBHIPA@$0DOK@$0A@$0A@$0A@@?$BaseEventI@Ufunction_hooker_thiscall@injector@@U?$RefList@$0HBHIPA@$0DOJ@$0A@$0A@$0A@$0HBHIPA@$0DOK@$0A@$0A@$0A@@plugin@@U?$ArgPick@U?$ArgTypes@$$V@plugin@@$S@4@$$A6AXXZ@plugin@@AAEXU?$RefList@$0HBHIPA@$0DOJ@$0A@$0A@$0A@$0HBHIPA@$0DOK@$0A@$0A@$0A@@2@@Z@"""
"10278d58",292,""".?AV<lambda_1>@?4???$PatchAll@$0HBHIPA@$0DOK@$0A@$0A@$0A@$S@?$BaseEventI@Ufunction_hooker_thiscall@injector@@U?$RefList@$0HBHIPA@$0DOJ@$0A@$0A@$0A@$0HBHIPA@$0DOK@$0A@$0A@$0A@@plugin@@U?$ArgPick@U?$ArgTypes@$$V@plugin@@$S@4@$$A6AXXZ@plugin@@AAEXU?$RefList@$0HBHIPA@$0DOK@$0A@$0A@$0A@@2@@Z@"""
"10278e88",180,""".?AV<lambda_1>@?1??call_hooks@?$function_hooker_manager@Vscoped_call@injector@@V?$function_hooker_base@Vscoped_call@injector@@$0HBHIPA@P6EPAXXZPAX$$V@2@PAX$$V@injector@@SAPAXXZ@"""
"10278f48",180,""".?AV<lambda_2>@?L@??call_hooks@?$function_hooker_manager@Vscoped_call@injector@@V?$function_hooker_base@Vscoped_call@injector@@$0HBHIPA@P6EPAXXZPAX$$V@2@PAX$$V@injector@@SAPAXXZ@"""
"10279004",56,""".?AV<lambda_2>@?4??Initialize@ModelVariation@@SAXXZ@"""
"10279044",56,""".?AV<lambda_1>@?4??Initialize@ModelVariation@@SAXXZ@"""
"10279088",56,""".?AV<lambda_6>@?1??Initialize@WeaponSoundSystem@@SAXXZ@"""
"102790c8",56,""".?AV<lambda_5>@?1??Initialize@WeaponSoundSystem@@SAXXZ@"""
"10279108",56,""".?AV<lambda_4>@?1??Initialize@WeaponSoundSystem@@SAXXZ@"""
"10279148",56,""".?AV<lambda_3>@?1??Initialize@WeaponSoundSystem@@SAXXZ@"""
"10279188",56,""".?AV<lambda_2>@?1??Initialize@WeaponSoundSystem@@SAXXZ@"""
"102791c8",56,""".?AV<lambda_1>@?1??Initialize@WeaponSoundSystem@@SAXXZ@"""
"10279208",36,""".P6AXPAVCAEPedAudioEntity@@HHH@Z"""
"10279234",48,""".P6AXPAVCAEPedAudioEntity@@HPAVCPhysical@@DMI@Z"""
"10279270",60,""".P6AXPAVCAEWeaponAudioEntity@@W4eWeaponType@@PAVCPed@@H@Z"""
"102792b8",64,""".P6AXPAVCAEWeaponAudioEntity@@W4eWeaponType@@PAVCPhysical@@H@Z"""
"10279300",624,""".?AV<lambda_1>@?4???$PatchAll@$0ENPKMG@$0DOJ@$0A@$0A@$0A@$0ENPKMG@$0DOK@$0A@$0A@$0A@$0EOGKDN@$0DOJ@$0A@$0A@$0A@$0EOGKDN@$0DOK@$0A@$0A@$0A@@?$BaseEventI@Ufunction_hooker_thiscall@injector@@U?$RefList@$0ENPKMG@$0DOJ@$0A@$0A@$0A@$0ENPKMG@$0DOK@$0A@$0A@$0A@$0EOGKDN@$0DOJ@$0A@$0A@$0A@$0EOGKDN@$0DOK@$0A@$0A@$0A@@plugin@@U?$ArgPick@U?$ArgTypes@PAVCAEWeaponAudioEntity@@W4eWeaponType@@PAVCPhysical@@H@plugin@@$0A@$00$01$02@4@$$A6AXPAVCAEWeaponAudioEntity@@W4eWeaponType@@PAVCPhysical@@H@Z@plugin@@AAEXU?$RefList@$0ENPKMG@$0DOJ@$0A@$0A@$0A@$0ENPKMG@$0DOK@$0A@$0A@$0A@$0EOGKDN@$0DOJ@$0A@$0A@$0A@$0EOGKDN@$0DOK@$0A@$0A@$0A@@2@@Z@"""
"10279578",612,""".?AV<lambda_1>@?4???$PatchAll@$0ENPKNG@$0DOJ@$0A@$0A@$0A@$0ENPKNG@$0DOK@$0A@$0A@$0A@$0EOGKFL@$0DOJ@$0A@$0A@$0A@$0EOGKFL@$0DOK@$0A@$0A@$0A@@?$BaseEventI@Ufunction_hooker_thiscall@injector@@U?$RefList@$0ENPKNG@$0DOJ@$0A@$0A@$0A@$0ENPKNG@$0DOK@$0A@$0A@$0A@$0EOGKFL@$0DOJ@$0A@$0A@$0A@$0EOGKFL@$0DOK@$0A@$0A@$0A@@plugin@@U?$ArgPick@U?$ArgTypes@PAVCAEWeaponAudioEntity@@W4eWeaponType@@PAVCPed@@H@plugin@@$0A@$00$01$02@4@$$A6AXPAVCAEWeaponAudioEntity@@W4eWeaponType@@PAVCPed@@H@Z@plugin@@AAEXU?$RefList@$0ENPKNG@$0DOJ@$0A@$0A@$0A@$0ENPKNG@$0DOK@$0A@$0A@$0A@$0EOGKFL@$0DOJ@$0A@$0A@$0A@$0EOGKFL@$0DOK@$0A@$0A@$0A@@2@@Z@"""
"102797e8",452,""".?AV<lambda_1>@?4???$PatchAll@$0ENPKOG@$0DOJ@$0A@$0A@$0A@$0ENPKOG@$0DOK@$0A@$0A@$0A@@?$BaseEventI@Ufunction_hooker_thiscall@injector@@U?$RefList@$0ENPKOG@$0DOJ@$0A@$0A@$0A@$0ENPKOG@$0DOK@$0A@$0A@$0A@@plugin@@U?$ArgPick@U?$ArgTypes@PAVCAEWeaponAudioEntity@@W4eWeaponType@@PAVCPed@@H@plugin@@$0A@$00$01$02@4@$$A6AXPAVCAEWeaponAudioEntity@@W4eWeaponType@@PAVCPed@@H@Z@plugin@@AAEXU?$RefList@$0ENPKOG@$0DOJ@$0A@$0A@$0A@$0ENPKOG@$0DOK@$0A@$0A@$0A@@2@@Z@"""
"102799b8",436,""".?AV<lambda_1>@?4???$PatchAll@$0EOCMKJ@$0DOJ@$0A@$0A@$0A@$0EOCMKJ@$0DOK@$0A@$0A@$0A@@?$BaseEventI@Ufunction_hooker_thiscall@injector@@U?$RefList@$0EOCMKJ@$0DOJ@$0A@$0A@$0A@$0EOCMKJ@$0DOK@$0A@$0A@$0A@@plugin@@U?$ArgPick@U?$ArgTypes@PAVCAEPedAudioEntity@@HPAVCPhysical@@DMI@plugin@@$0A@$00$01$02$03$04@4@$$A6AXPAVCAEPedAudioEntity@@HPAVCPhysical@@DMI@Z@plugin@@AAEXU?$RefList@$0EOCMKJ@$0DOJ@$0A@$0A@$0A@$0EOCMKJ@$0DOK@$0A@$0A@$0A@@2@@Z@"""
"10279b78",400,""".?AV<lambda_1>@?4???$PatchAll@$0EOCMHM@$0DOJ@$0A@$0A@$0A@$0EOCMHM@$0DOK@$0A@$0A@$0A@@?$BaseEventI@Ufunction_hooker_thiscall@injector@@U?$RefList@$0EOCMHM@$0DOJ@$0A@$0A@$0A@$0EOCMHM@$0DOK@$0A@$0A@$0A@@plugin@@U?$ArgPick@U?$ArgTypes@PAVCAEPedAudioEntity@@HHH@plugin@@$0A@$00$01$02@4@$$A6ADPAVCAEPedAudioEntity@@HHH@Z@plugin@@AAEXU?$RefList@$0EOCMHM@$0DOJ@$0A@$0A@$0A@$0EOCMHM@$0DOK@$0A@$0A@$0A@@2@@Z@"""
"10279d10",568,""".?AV<lambda_1>@?4???$PatchAll@$0ENPKMG@$0DOK@$0A@$0A@$0A@$0EOGKDN@$0DOJ@$0A@$0A@$0A@$0EOGKDN@$0DOK@$0A@$0A@$0A@@?$BaseEventI@Ufunction_hooker_thiscall@injector@@U?$RefList@$0ENPKMG@$0DOJ@$0A@$0A@$0A@$0ENPKMG@$0DOK@$0A@$0A@$0A@$0EOGKDN@$0DOJ@$0A@$0A@$0A@$0EOGKDN@$0DOK@$0A@$0A@$0A@@plugin@@U?$ArgPick@U?$ArgTypes@PAVCAEWeaponAudioEntity@@W4eWeaponType@@PAVCPhysical@@H@plugin@@$0A@$00$01$02@4@$$A6AXPAVCAEWeaponAudioEntity@@W4eWeaponType@@PAVCPhysical@@H@Z@plugin@@AAEXU?$RefList@$0ENPKMG@$0DOK@$0A@$0A@$0A@$0EOGKDN@$0DOJ@$0A@$0A@$0A@$0EOGKDN@$0DOK@$0A@$0A@$0A@@2@@Z@"""
"10279f50",560,""".?AV<lambda_1>@?4???$PatchAll@$0ENPKNG@$0DOK@$0A@$0A@$0A@$0EOGKFL@$0DOJ@$0A@$0A@$0A@$0EOGKFL@$0DOK@$0A@$0A@$0A@@?$BaseEventI@Ufunction_hooker_thiscall@injector@@U?$RefList@$0ENPKNG@$0DOJ@$0A@$0A@$0A@$0ENPKNG@$0DOK@$0A@$0A@$0A@$0EOGKFL@$0DOJ@$0A@$0A@$0A@$0EOGKFL@$0DOK@$0A@$0A@$0A@@plugin@@U?$ArgPick@U?$ArgTypes@PAVCAEWeaponAudioEntity@@W4eWeaponType@@PAVCPed@@H@plugin@@$0A@$00$01$02@4@$$A6AXPAVCAEWeaponAudioEntity@@W4eWeaponType@@PAVCPed@@H@Z@plugin@@AAEXU?$RefList@$0ENPKNG@$0DOK@$0A@$0A@$0A@$0EOGKFL@$0DOJ@$0A@$0A@$0A@$0EOGKFL@$0DOK@$0A@$0A@$0A@@2@@Z@"""
"1027a188",400,""".?AV<lambda_1>@?4???$PatchAll@$0ENPKOG@$0DOK@$0A@$0A@$0A@$S@?$BaseEventI@Ufunction_hooker_thiscall@injector@@U?$RefList@$0ENPKOG@$0DOJ@$0A@$0A@$0A@$0ENPKOG@$0DOK@$0A@$0A@$0A@@plugin@@U?$ArgPick@U?$ArgTypes@PAVCAEWeaponAudioEntity@@W4eWeaponType@@PAVCPed@@H@plugin@@$0A@$00$01$02@4@$$A6AXPAVCAEWeaponAudioEntity@@W4eWeaponType@@PAVCPed@@H@Z@plugin@@AAEXU?$RefList@$0ENPKOG@$0DOK@$0A@$0A@$0A@@2@@Z@"""
"1027a320",384,""".?AV<lambda_1>@?4???$PatchAll@$0EOCMKJ@$0DOK@$0A@$0A@$0A@$S@?$BaseEventI@Ufunction_hooker_thiscall@injector@@U?$RefList@$0EOCMKJ@$0DOJ@$0A@$0A@$0A@$0EOCMKJ@$0DOK@$0A@$0A@$0A@@plugin@@U?$ArgPick@U?$ArgTypes@PAVCAEPedAudioEntity@@HPAVCPhysical@@DMI@plugin@@$0A@$00$01$02$03$04@4@$$A6AXPAVCAEPedAudioEntity@@HPAVCPhysical@@DMI@Z@plugin@@AAEXU?$RefList@$0EOCMKJ@$0DOK@$0A@$0A@$0A@@2@@Z@"""
"1027a4a8",348,""".?AV<lambda_1>@?4???$PatchAll@$0EOCMHM@$0DOK@$0A@$0A@$0A@$S@?$BaseEventI@Ufunction_hooker_thiscall@injector@@U?$RefList@$0EOCMHM@$0DOJ@$0A@$0A@$0A@$0EOCMHM@$0DOK@$0A@$0A@$0A@@plugin@@U?$ArgPick@U?$ArgTypes@PAVCAEPedAudioEntity@@HHH@plugin@@$0A@$00$01$02@4@$$A6ADPAVCAEPedAudioEntity@@HHH@Z@plugin@@AAEXU?$RefList@$0EOCMHM@$0DOK@$0A@$0A@$0A@@2@@Z@"""
"1027a610",260,""".?AV<lambda_1>@?1??call_hooks@?$function_hooker_manager@Vscoped_call@injector@@V?$function_hooker_base@Vscoped_call@injector@@$0EOCMHM@P6EPAXPAVCAEPedAudioEntity@@HHH@ZPAXPAV3@HHH@2@PAXPAVCAEPedAudioEntity@@HHH@injector@@SAPAXAAPAVCAEPedAudioEntity@@AAH11@Z@"""
"1027a720",320,""".?AV<lambda_1>@?1??call_hooks@?$function_hooker_manager@Vscoped_call@injector@@V?$function_hooker_base@Vscoped_call@injector@@$0EOCMKJ@P6EPAXPAVCAEPedAudioEntity@@HPAVCPhysical@@DMI@ZPAXPAV3@HPAV4@DMI@2@PAXPAVCAEPedAudioEntity@@HPAVCPhysical@@DMI@injector@@SAPAXAAPAVCAEPedAudioEntity@@AAHAAPAVCPhysical@@AADAAMAAI@Z@"""
"1027a868",348,""".?AV<lambda_1>@?1??call_hooks@?$function_hooker_manager@Vscoped_call@injector@@V?$function_hooker_base@Vscoped_call@injector@@$0ENPKOG@P6EPAXPAVCAEWeaponAudioEntity@@W4eWeaponType@@PAVCPed@@H@ZPAXPAV3@W44@PAV5@H@2@PAXPAVCAEWeaponAudioEntity@@W4eWeaponType@@PAVCPed@@H@injector@@SAPAXAAPAVCAEWeaponAudioEntity@@AAW4eWeaponType@@AAPAVCPed@@AAH@Z@"""
"1027a9d0",348,""".?AV<lambda_1>@?1??call_hooks@?$function_hooker_manager@Vscoped_call@injector@@V?$function_hooker_base@Vscoped_call@injector@@$0ENPKNG@P6EPAXPAVCAEWeaponAudioEntity@@W4eWeaponType@@PAVCPed@@H@ZPAXPAV3@W44@PAV5@H@2@PAXPAVCAEWeaponAudioEntity@@W4eWeaponType@@PAVCPed@@H@injector@@SAPAXAAPAVCAEWeaponAudioEntity@@AAW4eWeaponType@@AAPAVCPed@@AAH@Z@"""
"1027ab38",360,""".?AV<lambda_1>@?1??call_hooks@?$function_hooker_manager@Vscoped_call@injector@@V?$function_hooker_base@Vscoped_call@injector@@$0ENPKMG@P6EPAXPAVCAEWeaponAudioEntity@@W4eWeaponType@@PAVCPhysical@@H@ZPAXPAV3@W44@PAV5@H@2@PAXPAVCAEWeaponAudioEntity@@W4eWeaponType@@PAVCPhysical@@H@injector@@SAPAXAAPAVCAEWeaponAudioEntity@@AAW4eWeaponType@@AAPAVCPhysical@@AAH@Z@"""
"1027aca8",516,""".?AV<lambda_1>@?4???$PatchAll@$0EOGKDN@$0DOJ@$0A@$0A@$0A@$0EOGKDN@$0DOK@$0A@$0A@$0A@@?$BaseEventI@Ufunction_hooker_thiscall@injector@@U?$RefList@$0ENPKMG@$0DOJ@$0A@$0A@$0A@$0ENPKMG@$0DOK@$0A@$0A@$0A@$0EOGKDN@$0DOJ@$0A@$0A@$0A@$0EOGKDN@$0DOK@$0A@$0A@$0A@@plugin@@U?$ArgPick@U?$ArgTypes@PAVCAEWeaponAudioEntity@@W4eWeaponType@@PAVCPhysical@@H@plugin@@$0A@$00$01$02@4@$$A6AXPAVCAEWeaponAudioEntity@@W4eWeaponType@@PAVCPhysical@@H@Z@plugin@@AAEXU?$RefList@$0EOGKDN@$0DOJ@$0A@$0A@$0A@$0EOGKDN@$0DOK@$0A@$0A@$0A@@2@@Z@"""
"1027aeb8",504,""".?AV<lambda_1>@?4???$PatchAll@$0EOGKFL@$0DOJ@$0A@$0A@$0A@$0EOGKFL@$0DOK@$0A@$0A@$0A@@?$BaseEventI@Ufunction_hooker_thiscall@injector@@U?$RefList@$0ENPKNG@$0DOJ@$0A@$0A@$0A@$0ENPKNG@$0DOK@$0A@$0A@$0A@$0EOGKFL@$0DOJ@$0A@$0A@$0A@$0EOGKFL@$0DOK@$0A@$0A@$0A@@plugin@@U?$ArgPick@U?$ArgTypes@PAVCAEWeaponAudioEntity@@W4eWeaponType@@PAVCPed@@H@plugin@@$0A@$00$01$02@4@$$A6AXPAVCAEWeaponAudioEntity@@W4eWeaponType@@PAVCPed@@H@Z@plugin@@AAEXU?$RefList@$0EOGKFL@$0DOJ@$0A@$0A@$0A@$0EOGKFL@$0DOK@$0A@$0A@$0A@@2@@Z@"""
"1027b0b8",464,""".?AV<lambda_1>@?4???$PatchAll@$0EOGKDN@$0DOK@$0A@$0A@$0A@$S@?$BaseEventI@Ufunction_hooker_thiscall@injector@@U?$RefList@$0ENPKMG@$0DOJ@$0A@$0A@$0A@$0ENPKMG@$0DOK@$0A@$0A@$0A@$0EOGKDN@$0DOJ@$0A@$0A@$0A@$0EOGKDN@$0DOK@$0A@$0A@$0A@@plugin@@U?$ArgPick@U?$ArgTypes@PAVCAEWeaponAudioEntity@@W4eWeaponType@@PAVCPhysical@@H@plugin@@$0A@$00$01$02@4@$$A6AXPAVCAEWeaponAudioEntity@@W4eWeaponType@@PAVCPhysical@@H@Z@plugin@@AAEXU?$RefList@$0EOGKDN@$0DOK@$0A@$0A@$0A@@2@@Z@"""
"1027b290",452,""".?AV<lambda_1>@?4???$PatchAll@$0EOGKFL@$0DOK@$0A@$0A@$0A@$S@?$BaseEventI@Ufunction_hooker_thiscall@injector@@U?$RefList@$0ENPKNG@$0DOJ@$0A@$0A@$0A@$0ENPKNG@$0DOK@$0A@$0A@$0A@$0EOGKFL@$0DOJ@$0A@$0A@$0A@$0EOGKFL@$0DOK@$0A@$0A@$0A@@plugin@@U?$ArgPick@U?$ArgTypes@PAVCAEWeaponAudioEntity@@W4eWeaponType@@PAVCPed@@H@plugin@@$0A@$00$01$02@4@$$A6AXPAVCAEWeaponAudioEntity@@W4eWeaponType@@PAVCPed@@H@Z@plugin@@AAEXU?$RefList@$0EOGKFL@$0DOK@$0A@$0A@$0A@@2@@Z@"""
"1027b460",260,""".?AV<lambda_2>@?L@??call_hooks@?$function_hooker_manager@Vscoped_call@injector@@V?$function_hooker_base@Vscoped_call@injector@@$0EOCMHM@P6EPAXPAVCAEPedAudioEntity@@HHH@ZPAXPAV3@HHH@2@PAXPAVCAEPedAudioEntity@@HHH@injector@@SAPAXAAPAVCAEPedAudioEntity@@AAH11@Z@"""
"1027b570",320,""".?AV<lambda_2>@?L@??call_hooks@?$function_hooker_manager@Vscoped_call@injector@@V?$function_hooker_base@Vscoped_call@injector@@$0EOCMKJ@P6EPAXPAVCAEPedAudioEntity@@HPAVCPhysical@@DMI@ZPAXPAV3@HPAV4@DMI@2@PAXPAVCAEPedAudioEntity@@HPAVCPhysical@@DMI@injector@@SAPAXAAPAVCAEPedAudioEntity@@AAHAAPAVCPhysical@@AADAAMAAI@Z@"""
"1027b6b8",348,""".?AV<lambda_2>@?L@??call_hooks@?$function_hooker_manager@Vscoped_call@injector@@V?$function_hooker_base@Vscoped_call@injector@@$0ENPKOG@P6EPAXPAVCAEWeaponAudioEntity@@W4eWeaponType@@PAVCPed@@H@ZPAXPAV3@W44@PAV5@H@2@PAXPAVCAEWeaponAudioEntity@@W4eWeaponType@@PAVCPed@@H@injector@@SAPAXAAPAVCAEWeaponAudioEntity@@AAW4eWeaponType@@AAPAVCPed@@AAH@Z@"""
"1027b820",348,""".?AV<lambda_2>@?L@??call_hooks@?$function_hooker_manager@Vscoped_call@injector@@V?$function_hooker_base@Vscoped_call@injector@@$0ENPKNG@P6EPAXPAVCAEWeaponAudioEntity@@W4eWeaponType@@PAVCPed@@H@ZPAXPAV3@W44@PAV5@H@2@PAXPAVCAEWeaponAudioEntity@@W4eWeaponType@@PAVCPed@@H@injector@@SAPAXAAPAVCAEWeaponAudioEntity@@AAW4eWeaponType@@AAPAVCPed@@AAH@Z@"""
"1027b988",364,""".?AV<lambda_2>@?L@??call_hooks@?$function_hooker_manager@Vscoped_call@injector@@V?$function_hooker_base@Vscoped_call@injector@@$0ENPKMG@P6EPAXPAVCAEWeaponAudioEntity@@W4eWeaponType@@PAVCPhysical@@H@ZPAXPAV3@W44@PAV5@H@2@PAXPAVCAEWeaponAudioEntity@@W4eWeaponType@@PAVCPhysical@@H@injector@@SAPAXAAPAVCAEWeaponAudioEntity@@AAW4eWeaponType@@AAPAVCPhysical@@AAH@Z@"""
"1027bb00",348,""".?AV<lambda_1>@?1??call_hooks@?$function_hooker_manager@Vscoped_call@injector@@V?$function_hooker_base@Vscoped_call@injector@@$0EOGKFL@P6EPAXPAVCAEWeaponAudioEntity@@W4eWeaponType@@PAVCPed@@H@ZPAXPAV3@W44@PAV5@H@2@PAXPAVCAEWeaponAudioEntity@@W4eWeaponType@@PAVCPed@@H@injector@@SAPAXAAPAVCAEWeaponAudioEntity@@AAW4eWeaponType@@AAPAVCPed@@AAH@Z@"""
"1027bc68",360,""".?AV<lambda_1>@?1??call_hooks@?$function_hooker_manager@Vscoped_call@injector@@V?$function_hooker_base@Vscoped_call@injector@@$0EOGKDN@P6EPAXPAVCAEWeaponAudioEntity@@W4eWeaponType@@PAVCPhysical@@H@ZPAXPAV3@W44@PAV5@H@2@PAXPAVCAEWeaponAudioEntity@@W4eWeaponType@@PAVCPhysical@@H@injector@@SAPAXAAPAVCAEWeaponAudioEntity@@AAW4eWeaponType@@AAPAVCPhysical@@AAH@Z@"""
"1027bdd8",348,""".?AV<lambda_2>@?L@??call_hooks@?$function_hooker_manager@Vscoped_call@injector@@V?$function_hooker_base@Vscoped_call@injector@@$0EOGKFL@P6EPAXPAVCAEWeaponAudioEntity@@W4eWeaponType@@PAVCPed@@H@ZPAXPAV3@W44@PAV5@H@2@PAXPAVCAEWeaponAudioEntity@@W4eWeaponType@@PAVCPed@@H@injector@@SAPAXAAPAVCAEWeaponAudioEntity@@AAW4eWeaponType@@AAPAVCPed@@AAH@Z@"""
"1027bf40",364,""".?AV<lambda_2>@?L@??call_hooks@?$function_hooker_manager@Vscoped_call@injector@@V?$function_hooker_base@Vscoped_call@injector@@$0EOGKDN@P6EPAXPAVCAEWeaponAudioEntity@@W4eWeaponType@@PAVCPhysical@@H@ZPAXPAV3@W44@PAV5@H@2@PAXPAVCAEWeaponAudioEntity@@W4eWeaponType@@PAVCPhysical@@H@injector@@SAPAXAAPAVCAEWeaponAudioEntity@@AAW4eWeaponType@@AAPAVCPhysical@@AAH@Z@"""
"1027c0b4",52,""".?AV<lambda_1>@?O@??Initialize@FeatureMgr@@SAXXZ@"""
"1027c0f0",48,""".?AV<lambda_1>@?1??Initialize@OpcodeMgr@@SAXXZ@"""
"1027c128",44,""".?AV<lambda_1>@?1??Patch_FPSFixes@@YAXXZ@"""
"1027c15c",40,""".?AV<lambda_4>@?1??Patch_Helis@@YAXXZ@"""
"1027c18c",40,""".?AV<lambda_3>@?1??Patch_Helis@@YAXXZ@"""
"1027c1c0",332,""".?AV<lambda_1>@?4???$PatchAll@$0FDLPOC@$0DOJ@$0A@$0A@$0A@$0FDLPOC@$0DOK@$0A@$0A@$0A@@?$BaseEventI@Vfunction_hooker@injector@@U?$RefList@$0FDLPOC@$0DOJ@$0A@$0A@$0A@$0FDLPOC@$0DOK@$0A@$0A@$0A@@plugin@@U?$ArgPick@U?$ArgTypes@$$V@plugin@@$S@4@$$A6AXXZ@plugin@@AAEXU?$RefList@$0FDLPOC@$0DOJ@$0A@$0A@$0A@$0FDLPOC@$0DOK@$0A@$0A@$0A@@2@@Z@"""
"1027c318",368,""".?AV<lambda_1>@?4???$PatchAll@$0GMGPEE@$0DOJ@$0A@$0A@$0A@$0GMGPEE@$0DOK@$0A@$0A@$0A@@?$BaseEventI@Ufunction_hooker_thiscall@injector@@U?$RefList@$0GMGPEE@$0DOJ@$0A@$0A@$0A@$0GMGPEE@$0DOK@$0A@$0A@$0A@@plugin@@U?$ArgPick@U?$ArgTypes@PAVCVehicle@@@plugin@@$0A@@4@$$A6AXPAVCVehicle@@@Z@plugin@@AAEXU?$RefList@$0GMGPEE@$0DOJ@$0A@$0A@$0A@$0GMGPEE@$0DOK@$0A@$0A@$0A@@2@@Z@"""
"1027c490",280,""".?AV<lambda_1>@?4???$PatchAll@$0FDLPOC@$0DOK@$0A@$0A@$0A@$S@?$BaseEventI@Vfunction_hooker@injector@@U?$RefList@$0FDLPOC@$0DOJ@$0A@$0A@$0A@$0FDLPOC@$0DOK@$0A@$0A@$0A@@plugin@@U?$ArgPick@U?$ArgTypes@$$V@plugin@@$S@4@$$A6AXXZ@plugin@@AAEXU?$RefList@$0FDLPOC@$0DOK@$0A@$0A@$0A@@2@@Z@"""
"1027c5b0",316,""".?AV<lambda_1>@?4???$PatchAll@$0GMGPEE@$0DOK@$0A@$0A@$0A@$S@?$BaseEventI@Ufunction_hooker_thiscall@injector@@U?$RefList@$0GMGPEE@$0DOJ@$0A@$0A@$0A@$0GMGPEE@$0DOK@$0A@$0A@$0A@@plugin@@U?$ArgPick@U?$ArgTypes@PAVCVehicle@@@plugin@@$0A@@4@$$A6AXPAVCVehicle@@@Z@plugin@@AAEXU?$RefList@$0GMGPEE@$0DOK@$0A@$0A@$0A@@2@@Z@"""
"1027c6f8",220,""".?AV<lambda_1>@?1??call_hooks@?$function_hooker_manager@Vscoped_call@injector@@V?$function_hooker_base@Vscoped_call@injector@@$0GMGPEE@P6EPAXPAVCVehicle@@@ZPAXPAV3@@2@PAXPAVCVehicle@@@injector@@SAPAXAAPAVCVehicle@@@Z@"""
"1027c7e0",180,""".?AV<lambda_1>@?1??call_hooks@?$function_hooker_manager@Vscoped_call@injector@@V?$function_hooker_base@Vscoped_call@injector@@$0FDLPOC@P6APAXXZPAX$$V@2@PAX$$V@injector@@SAPAXXZ@"""
"1027c8a0",220,""".?AV<lambda_2>@?L@??call_hooks@?$function_hooker_manager@Vscoped_call@injector@@V?$function_hooker_base@Vscoped_call@injector@@$0GMGPEE@P6EPAXPAVCVehicle@@@ZPAXPAV3@@2@PAXPAVCVehicle@@@injector@@SAPAXAAPAVCVehicle@@@Z@"""
"1027c988",180,""".?AV<lambda_2>@?L@??call_hooks@?$function_hooker_manager@Vscoped_call@injector@@V?$function_hooker_base@Vscoped_call@injector@@$0FDLPOC@P6APAXXZPAX$$V@2@PAX$$V@injector@@SAPAXXZ@"""
"1027ca48",60,""".?AV<lambda_2>@?1??Patch_MapLegendsScreen@PatchMgr@@CAXXZ@"""
"1027ca8c",52,""".?AV<lambda_1>@?1??Patch_Coronas@PatchMgr@@CAXXZ@"""
"1027cac8",52,""".?AV<lambda_1>@?1??Patch_Sirens@PatchMgr@@CAXXZ@"""
"1027cb08",340,""".?AV<lambda_1>@?4???$PatchAll@$0FHMDCE@$0DOJ@$00$0A@$0A@$0FHMDCE@$0DOK@$00$0A@$0A@@?$BaseEventI@Ufunction_hooker_thiscall@injector@@U?$RefList@$0FHMDCE@$0DOJ@$00$0A@$0A@$0FHMDCE@$0DOK@$00$0A@$0A@@plugin@@U?$ArgPick@U?$ArgTypes@$$V@plugin@@$S@4@$$A6AXPAX@Z@plugin@@AAEXU?$RefList@$0FHMDCE@$0DOJ@$00$0A@$0A@$0FHMDCE@$0DOK@$00$0A@$0A@@2@@Z@"""
"1027cc68",288,""".?AV<lambda_1>@?4???$PatchAll@$0FHMDCE@$0DOK@$00$0A@$0A@$S@?$BaseEventI@Ufunction_hooker_thiscall@injector@@U?$RefList@$0FHMDCE@$0DOJ@$00$0A@$0A@$0FHMDCE@$0DOK@$00$0A@$0A@@plugin@@U?$ArgPick@U?$ArgTypes@$$V@plugin@@$S@4@$$A6AXPAX@Z@plugin@@AAEXU?$RefList@$0FHMDCE@$0DOK@$00$0A@$0A@@2@@Z@"""
"1027cd90",184,""".?AV<lambda_1>@?1??call_hooks@?$function_hooker_manager@Vscoped_jmp@injector@@V?$function_hooker_base@Vscoped_jmp@injector@@$0FHMDCE@P6EPAXPAX@ZPAXPAX@2@PAXPAX@injector@@SAPAXAAPAX@Z@"""
"1027ce50",188,""".?AV<lambda_2>@?L@??call_hooks@?$function_hooker_manager@Vscoped_jmp@injector@@V?$function_hooker_base@Vscoped_jmp@injector@@$0FHMDCE@P6EPAXPAX@ZPAXPAX@2@PAXPAX@injector@@SAPAXAAPAX@Z@"""
"1027cf14",12,""".P6AHH@Z"""
"1027cf28",48,""".?AV<lambda_1>@?1??Initialize@ShaderMgr@@SAXXZ@"""
"1027cf60",28,""".?AVinvalid_argument@std@@"""
"1027cf84",24,""".?AVlength_error@std@@"""
"1027cfa4",24,""".?AVout_of_range@std@@"""
"1027cfc4",28,""".?AVbad_function_call@std@@"""
"1027cfe8",24,""".?AVbad_exception@std@@"""
"1027d008",20,""".?AVbad_alloc@std@@"""
"1027d024",20,""".?AVexception@std@@"""
"1027d040",32,""".?AVbad_array_new_length@std@@"""
"1027d068",8,""".P6AXXZ"""
"1027d078",152,""".?AV<lambda_2>@?1??e9_hook@InlineHook@safetyhook@@AAE?AV?$expected@XUError@InlineHook@safetyhook@@@std@@ABV?$shared_ptr@VAllocator@safetyhook@@@5@@Z@"""
"1027d118",152,""".?AV<lambda_1>@?1??e9_hook@InlineHook@safetyhook@@AAE?AV?$expected@XUError@InlineHook@safetyhook@@@std@@ABV?$shared_ptr@VAllocator@safetyhook@@@5@@Z@"""
"1027d1b8",60,""".?AV<lambda_1>@?1??destroy@InlineHook@safetyhook@@AAEXXZ@"""
"1027d200",60,""".?AV<lambda_2>@?1??destroy@InlineHook@safetyhook@@AAEXXZ@"""
"1027d244",24,""".?AVbad_weak_ptr@std@@"""
"1027d268",24,""".?AV_Facet_base@std@@"""
"1027d288",24,""".?AVfacet@locale@std@@"""
"1027d2a8",28,""".?AU_Crt_new_delete@std@@"""
"1027d2cc",32,""".?AV?$buffer@D@detail@v9@fmt@@"""
"1027d2f8",64,""".?AV?$basic_memory_buffer@D$0BPE@V?$allocator@D@std@@@v9@fmt@@"""
"1027d340",64,""".?AV?$basic_memory_buffer@H$0BPE@V?$allocator@H@std@@@v9@fmt@@"""
"1027d388",32,""".?AV?$buffer@H@detail@v9@fmt@@"""
"1027d3b0",64,""".?AV?$basic_memory_buffer@I$0CA@V?$allocator@I@std@@@v9@fmt@@"""
"1027d3f8",32,""".?AV?$buffer@I@detail@v9@fmt@@"""
"1027d420",64,""".?AV?$basic_memory_buffer@D$0PK@V?$allocator@D@std@@@v9@fmt@@"""
"1027d468",32,""".?AV?$_Func_base@PAX$$V@std@@"""
"1027d490",24,""".?AV?$numpunct@D@std@@"""
"1027d4b0",56,""".?AV?$_Func_base@PAXV?$function@$$A6APAXXZ@std@@@std@@"""
"1027d4f0",80,""".?AV?$_Func_impl_no_alloc@V<lambda_1>@?1??Initialize@AudioMgr@@SAXXZ@X$$V@std@@"""
"1027d548",80,""".?AV?$_Func_impl_no_alloc@V<lambda_2>@?1??Initialize@AudioMgr@@SAXXZ@X$$V@std@@"""
"1027d5a0",76,""".?AV?$function_hooker@Vscoped_call@injector@@$0FDMAHH@$$A6APAXXZ@injector@@"""
"1027d5f8",88,""".?AV?$function_hooker_base@Vscoped_call@injector@@$0FDMAHH@P6APAXXZPAX$$V@injector@@"""
"1027d658",144,""".?AV?$function_hooker_manager@Vscoped_call@injector@@V?$function_hooker_base@Vscoped_call@injector@@$0FDMAHH@P6APAXXZPAX$$V@2@PAX$$V@injector@@"""
"1027d6f0",76,""".?AV?$function_hooker@Vscoped_call@injector@@$0HEIOAJ@$$A6APAXXZ@injector@@"""
"1027d748",88,""".?AV?$function_hooker_base@Vscoped_call@injector@@$0HEIOAJ@P6APAXXZPAX$$V@injector@@"""
"1027d7a8",144,""".?AV?$function_hooker_manager@Vscoped_call@injector@@V?$function_hooker_base@Vscoped_call@injector@@$0HEIOAJ@P6APAXXZPAX$$V@2@PAX$$V@injector@@"""
"1027d840",76,""".?AV?$function_hooker@Vscoped_call@injector@@$0HEIOEI@$$A6APAXXZ@injector@@"""
"1027d898",88,""".?AV?$function_hooker_base@Vscoped_call@injector@@$0HEIOEI@P6APAXXZPAX$$V@injector@@"""
"1027d8f8",144,""".?AV?$function_hooker_manager@Vscoped_call@injector@@V?$function_hooker_base@Vscoped_call@injector@@$0HEIOEI@P6APAXXZPAX$$V@2@PAX$$V@injector@@"""
"1027d990",392,""".?AV?$_Func_impl_no_alloc@V<lambda_1>@?4???$PatchAll@$0FDMAHH@$0DOJ@$0A@$0A@$0A@$0FDMAHH@$0DOK@$0A@$0A@$0A@@?$BaseEventI@Vfunction_hooker@injector@@U?$RefList@$0FDMAHH@$0DOJ@$0A@$0A@$0A@$0FDMAHH@$0DOK@$0A@$0A@$0A@@plugin@@U?$ArgPick@U?$ArgTypes@$$V@plugin@@$S@4@$$A6AXXZ@plugin@@AAEXU?$RefList@$0FDMAHH@$0DOJ@$0A@$0A@$0A@$0FDMAHH@$0DOK@$0A@$0A@$0A@@3@@Z@PAXV?$function@$$A6APAXXZ@std@@@std@@"""
"1027db20",556,""".?AV?$_Func_impl_no_alloc@V<lambda_1>@?4???$PatchAll@$0HEIOAJ@$0DOJ@$0A@$0A@$0A@$0HEIOAJ@$0DOK@$0A@$0A@$0A@$0HEIOEI@$0DOJ@$0A@$0A@$0A@$0HEIOEI@$0DOK@$0A@$0A@$0A@@?$BaseEventI@Vfunction_hooker@injector@@U?$RefList@$0HEIOAJ@$0DOJ@$0A@$0A@$0A@$0HEIOAJ@$0DOK@$0A@$0A@$0A@$0HEIOEI@$0DOJ@$0A@$0A@$0A@$0HEIOEI@$0DOK@$0A@$0A@$0A@@plugin@@U?$ArgPick@U?$ArgTypes@$$V@plugin@@$S@4@$$A6AXXZ@plugin@@AAEXU?$RefList@$0HEIOAJ@$0DOJ@$0A@$0A@$0A@$0HEIOAJ@$0DOK@$0A@$0A@$0A@$0HEIOEI@$0DOJ@$0A@$0A@$0A@$0HEIOEI@$0DOK@$0A@$0A@$0A@@3@@Z@PAXV?$function@$$A6APAXXZ@std@@@std@@"""
"1027dd58",340,""".?AV?$_Func_impl_no_alloc@V<lambda_1>@?4???$PatchAll@$0FDMAHH@$0DOK@$0A@$0A@$0A@$S@?$BaseEventI@Vfunction_hooker@injector@@U?$RefList@$0FDMAHH@$0DOJ@$0A@$0A@$0A@$0FDMAHH@$0DOK@$0A@$0A@$0A@@plugin@@U?$ArgPick@U?$ArgTypes@$$V@plugin@@$S@4@$$A6AXXZ@plugin@@AAEXU?$RefList@$0FDMAHH@$0DOK@$0A@$0A@$0A@@3@@Z@PAXV?$function@$$A6APAXXZ@std@@@std@@"""
"1027deb8",500,""".?AV?$_Func_impl_no_alloc@V<lambda_1>@?4???$PatchAll@$0HEIOAJ@$0DOK@$0A@$0A@$0A@$0HEIOEI@$0DOJ@$0A@$0A@$0A@$0HEIOEI@$0DOK@$0A@$0A@$0A@@?$BaseEventI@Vfunction_hooker@injector@@U?$RefList@$0HEIOAJ@$0DOJ@$0A@$0A@$0A@$0HEIOAJ@$0DOK@$0A@$0A@$0A@$0HEIOEI@$0DOJ@$0A@$0A@$0A@$0HEIOEI@$0DOK@$0A@$0A@$0A@@plugin@@U?$ArgPick@U?$ArgTypes@$$V@plugin@@$S@4@$$A6AXXZ@plugin@@AAEXU?$RefList@$0HEIOAJ@$0DOK@$0A@$0A@$0A@$0HEIOEI@$0DOJ@$0A@$0A@$0A@$0HEIOEI@$0DOK@$0A@$0A@$0A@@3@@Z@PAXV?$function@$$A6APAXXZ@std@@@std@@"""
"1027e0b8",164,""".?AV?$_Ref_count@V?$function_hooker_manager@Vscoped_call@injector@@V?$function_hooker_base@Vscoped_call@injector@@$0HEIOAJ@P6APAXXZPAX$$V@2@PAX$$V@injector@@@std@@"""
"1027e168",164,""".?AV?$_Ref_count@V?$function_hooker_manager@Vscoped_call@injector@@V?$function_hooker_base@Vscoped_call@injector@@$0FDMAHH@P6APAXXZPAX$$V@2@PAX$$V@injector@@@std@@"""
"1027e218",448,""".?AV?$_Func_impl_no_alloc@V<lambda_1>@?4???$PatchAll@$0HEIOEI@$0DOJ@$0A@$0A@$0A@$0HEIOEI@$0DOK@$0A@$0A@$0A@@?$BaseEventI@Vfunction_hooker@injector@@U?$RefList@$0HEIOAJ@$0DOJ@$0A@$0A@$0A@$0HEIOAJ@$0DOK@$0A@$0A@$0A@$0HEIOEI@$0DOJ@$0A@$0A@$0A@$0HEIOEI@$0DOK@$0A@$0A@$0A@@plugin@@U?$ArgPick@U?$ArgTypes@$$V@plugin@@$S@4@$$A6AXXZ@plugin@@AAEXU?$RefList@$0HEIOEI@$0DOJ@$0A@$0A@$0A@$0HEIOEI@$0DOK@$0A@$0A@$0A@@3@@Z@PAXV?$function@$$A6APAXXZ@std@@@std@@"""
"1027e3e0",216,""".?AV?$_Func_impl_no_alloc@V<lambda_1>@?1??call_hooks@?$function_hooker_manager@Vscoped_call@injector@@V?$function_hooker_base@Vscoped_call@injector@@$0HEIOAJ@P6APAXXZPAX$$V@2@PAX$$V@injector@@SAPAXXZ@PAX$$V@std@@"""
"1027e4c0",216,""".?AV?$_Func_impl_no_alloc@V<lambda_1>@?1??call_hooks@?$function_hooker_manager@Vscoped_call@injector@@V?$function_hooker_base@Vscoped_call@injector@@$0FDMAHH@P6APAXXZPAX$$V@2@PAX$$V@injector@@SAPAXXZ@PAX$$V@std@@"""
"1027e5a0",216,""".?AV?$_Func_impl_no_alloc@V<lambda_2>@?L@??call_hooks@?$function_hooker_manager@Vscoped_call@injector@@V?$function_hooker_base@Vscoped_call@injector@@$0HEIOAJ@P6APAXXZPAX$$V@2@PAX$$V@injector@@SAPAXXZ@PAX$$V@std@@"""
"1027e680",216,""".?AV?$_Func_impl_no_alloc@V<lambda_2>@?L@??call_hooks@?$function_hooker_manager@Vscoped_call@injector@@V?$function_hooker_base@Vscoped_call@injector@@$0FDMAHH@P6APAXXZPAX$$V@2@PAX$$V@injector@@SAPAXXZ@PAX$$V@std@@"""
"1027e760",396,""".?AV?$_Func_impl_no_alloc@V<lambda_1>@?4???$PatchAll@$0HEIOEI@$0DOK@$0A@$0A@$0A@$S@?$BaseEventI@Vfunction_hooker@injector@@U?$RefList@$0HEIOAJ@$0DOJ@$0A@$0A@$0A@$0HEIOAJ@$0DOK@$0A@$0A@$0A@$0HEIOEI@$0DOJ@$0A@$0A@$0A@$0HEIOEI@$0DOK@$0A@$0A@$0A@@plugin@@U?$ArgPick@U?$ArgTypes@$$V@plugin@@$S@4@$$A6AXXZ@plugin@@AAEXU?$RefList@$0HEIOEI@$0DOK@$0A@$0A@$0A@@3@@Z@PAXV?$function@$$A6APAXXZ@std@@@std@@"""
"1027e8f8",164,""".?AV?$_Ref_count@V?$function_hooker_manager@Vscoped_call@injector@@V?$function_hooker_base@Vscoped_call@injector@@$0HEIOEI@P6APAXXZPAX$$V@2@PAX$$V@injector@@@std@@"""
"1027e9a8",216,""".?AV?$_Func_impl_no_alloc@V<lambda_1>@?1??call_hooks@?$function_hooker_manager@Vscoped_call@injector@@V?$function_hooker_base@Vscoped_call@injector@@$0HEIOEI@P6APAXXZPAX$$V@2@PAX$$V@injector@@SAPAXXZ@PAX$$V@std@@"""
"1027ea88",216,""".?AV?$_Func_impl_no_alloc@V<lambda_2>@?L@??call_hooks@?$function_hooker_manager@Vscoped_call@injector@@V?$function_hooker_base@Vscoped_call@injector@@$0HEIOEI@P6APAXXZPAX$$V@2@PAX$$V@injector@@SAPAXXZ@PAX$$V@std@@"""
"1027eb68",20,""".?AVios_base@std@@"""
"1027eb84",20,""".?AV?$_Iosb@H@std@@"""
"1027eba0",48,""".?AV?$basic_ios@DU?$char_traits@D@std@@@std@@"""
"1027ebd8",52,""".?AV?$basic_streambuf@DU?$char_traits@D@std@@@std@@"""
"1027ec14",52,""".?AV?$basic_istream@DU?$char_traits@D@std@@@std@@"""
"1027ec50",52,""".?AV?$basic_ostream@DU?$char_traits@D@std@@@std@@"""
"1027ec8c",52,""".?AV?$basic_iostream@DU?$char_traits@D@std@@@std@@"""
"1027ecc8",72,""".?AV?$basic_stringbuf@DU?$char_traits@D@std@@V?$allocator@D@2@@std@@"""
"1027ed18",72,""".?AV?$basic_stringstream@DU?$char_traits@D@std@@V?$allocator@D@2@@std@@"""
"1027ed68",28,""".?AVerror_category@std@@"""
"1027ed8c",36,""".?AV_Iostream_error_category2@std@@"""
"1027edb8",24,""".?AUctype_base@std@@"""
"1027edd8",20,""".?AV?$ctype@D@std@@"""
"1027edf8",84,""".?AV?$_Func_impl_no_alloc@V<lambda_1>@?1??DebugMenu_Initialize@@YAXXZ@X$$V@std@@"""
"1027ee58",84,""".?AV?$_Func_impl_no_alloc@V<lambda_2>@?1??DebugMenu_Initialize@@YAXXZ@X$$V@std@@"""
"1027eeb8",76,""".?AV?$function_hooker@Vscoped_call@injector@@$0FDOLLB@$$A6APAXXZ@injector@@"""
"1027ef10",88,""".?AV?$function_hooker_base@Vscoped_call@injector@@$0FDOLLB@P6APAXXZPAX$$V@injector@@"""
"1027ef70",144,""".?AV?$function_hooker_manager@Vscoped_call@injector@@V?$function_hooker_base@Vscoped_call@injector@@$0FDOLLB@P6APAXXZPAX$$V@2@PAX$$V@injector@@"""
"1027f008",76,""".?AV?$function_hooker@Vscoped_call@injector@@$0HEIMPL@$$A6APAXXZ@injector@@"""
"1027f060",88,""".?AV?$function_hooker_base@Vscoped_call@injector@@$0HEIMPL@P6APAXXZPAX$$V@injector@@"""
"1027f0c0",144,""".?AV?$function_hooker_manager@Vscoped_call@injector@@V?$function_hooker_base@Vscoped_call@injector@@$0HEIMPL@P6APAXXZPAX$$V@2@PAX$$V@injector@@"""
"1027f158",392,""".?AV?$_Func_impl_no_alloc@V<lambda_1>@?4???$PatchAll@$0FDOLLB@$0DOJ@$0A@$0A@$0A@$0FDOLLB@$0DOK@$0A@$0A@$0A@@?$BaseEventI@Vfunction_hooker@injector@@U?$RefList@$0FDOLLB@$0DOJ@$0A@$0A@$0A@$0FDOLLB@$0DOK@$0A@$0A@$0A@@plugin@@U?$ArgPick@U?$ArgTypes@$$V@plugin@@$S@4@$$A6AXXZ@plugin@@AAEXU?$RefList@$0FDOLLB@$0DOJ@$0A@$0A@$0A@$0FDOLLB@$0DOK@$0A@$0A@$0A@@3@@Z@PAXV?$function@$$A6APAXXZ@std@@@std@@"""
"1027f2e8",392,""".?AV?$_Func_impl_no_alloc@V<lambda_1>@?4???$PatchAll@$0HEIMPL@$0DOJ@$0A@$0A@$0A@$0HEIMPL@$0DOK@$0A@$0A@$0A@@?$BaseEventI@Vfunction_hooker@injector@@U?$RefList@$0HEIMPL@$0DOJ@$0A@$0A@$0A@$0HEIMPL@$0DOK@$0A@$0A@$0A@@plugin@@U?$ArgPick@U?$ArgTypes@$$V@plugin@@$S@4@$$A6AXXZ@plugin@@AAEXU?$RefList@$0HEIMPL@$0DOJ@$0A@$0A@$0A@$0HEIMPL@$0DOK@$0A@$0A@$0A@@3@@Z@PAXV?$function@$$A6APAXXZ@std@@@std@@"""
"1027f478",340,""".?AV?$_Func_impl_no_alloc@V<lambda_1>@?4???$PatchAll@$0FDOLLB@$0DOK@$0A@$0A@$0A@$S@?$BaseEventI@Vfunction_hooker@injector@@U?$RefList@$0FDOLLB@$0DOJ@$0A@$0A@$0A@$0FDOLLB@$0DOK@$0A@$0A@$0A@@plugin@@U?$ArgPick@U?$ArgTypes@$$V@plugin@@$S@4@$$A6AXXZ@plugin@@AAEXU?$RefList@$0FDOLLB@$0DOK@$0A@$0A@$0A@@3@@Z@PAXV?$function@$$A6APAXXZ@std@@@std@@"""
"1027f5d8",340,""".?AV?$_Func_impl_no_alloc@V<lambda_1>@?4???$PatchAll@$0HEIMPL@$0DOK@$0A@$0A@$0A@$S@?$BaseEventI@Vfunction_hooker@injector@@U?$RefList@$0HEIMPL@$0DOJ@$0A@$0A@$0A@$0HEIMPL@$0DOK@$0A@$0A@$0A@@plugin@@U?$ArgPick@U?$ArgTypes@$$V@plugin@@$S@4@$$A6AXXZ@plugin@@AAEXU?$RefList@$0HEIMPL@$0DOK@$0A@$0A@$0A@@3@@Z@PAXV?$function@$$A6APAXXZ@std@@@std@@"""
"1027f738",164,""".?AV?$_Ref_count@V?$function_hooker_manager@Vscoped_call@injector@@V?$function_hooker_base@Vscoped_call@injector@@$0HEIMPL@P6APAXXZPAX$$V@2@PAX$$V@injector@@@std@@"""
"1027f7e8",164,""".?AV?$_Ref_count@V?$function_hooker_manager@Vscoped_call@injector@@V?$function_hooker_base@Vscoped_call@injector@@$0FDOLLB@P6APAXXZPAX$$V@2@PAX$$V@injector@@@std@@"""
"1027f898",216,""".?AV?$_Func_impl_no_alloc@V<lambda_1>@?1??call_hooks@?$function_hooker_manager@Vscoped_call@injector@@V?$function_hooker_base@Vscoped_call@injector@@$0HEIMPL@P6APAXXZPAX$$V@2@PAX$$V@injector@@SAPAXXZ@PAX$$V@std@@"""
"1027f978",216,""".?AV?$_Func_impl_no_alloc@V<lambda_1>@?1??call_hooks@?$function_hooker_manager@Vscoped_call@injector@@V?$function_hooker_base@Vscoped_call@injector@@$0FDOLLB@P6APAXXZPAX$$V@2@PAX$$V@injector@@SAPAXXZ@PAX$$V@std@@"""
"1027fa58",216,""".?AV?$_Func_impl_no_alloc@V<lambda_2>@?L@??call_hooks@?$function_hooker_manager@Vscoped_call@injector@@V?$function_hooker_base@Vscoped_call@injector@@$0HEIMPL@P6APAXXZPAX$$V@2@PAX$$V@injector@@SAPAXXZ@PAX$$V@std@@"""
"1027fb38",216,""".?AV?$_Func_impl_no_alloc@V<lambda_2>@?L@??call_hooks@?$function_hooker_manager@Vscoped_call@injector@@V?$function_hooker_base@Vscoped_call@injector@@$0FDOLLB@P6APAXXZPAX$$V@2@PAX$$V@injector@@SAPAXXZ@PAX$$V@std@@"""
"1027fc18",36,""".?AV_Generic_error_category@std@@"""
"1027fc44",24,""".?AVformatter@spdlog@@"""
"1027fc64",36,""".?AVflag_formatter@details@spdlog@@"""
"1027fc90",32,""".?AVpattern_formatter@spdlog@@"""
"1027fcb8",36,""".?AVch_formatter@details@spdlog@@"""
"1027fce4",44,""".?AVaggregate_formatter@details@spdlog@@"""
"1027fd18",44,""".?AVcolor_start_formatter@details@spdlog@@"""
"1027fd4c",44,""".?AVcolor_stop_formatter@details@spdlog@@"""
"1027fd80",36,""".?AVfull_formatter@details@spdlog@@"""
"1027fdb0",88,""".?AV?$short_filename_formatter@Unull_scoped_padder@details@spdlog@@@details@spdlog@@"""
"1027fe10",72,""".?AV?$name_formatter@Vscoped_padder@details@spdlog@@@details@spdlog@@"""
"1027fe60",72,""".?AV?$level_formatter@Vscoped_padder@details@spdlog@@@details@spdlog@@"""
"1027feb0",80,""".?AV?$short_level_formatter@Vscoped_padder@details@spdlog@@@details@spdlog@@"""
"1027ff08",68,""".?AV?$t_formatter@Vscoped_padder@details@spdlog@@@details@spdlog@@"""
"1027ff58",68,""".?AV?$v_formatter@Vscoped_padder@details@spdlog@@@details@spdlog@@"""
"1027ffa8",68,""".?AV?$a_formatter@Vscoped_padder@details@spdlog@@@details@spdlog@@"""
"1027fff8",68,""".?AV?$A_formatter@Vscoped_padder@details@spdlog@@@details@spdlog@@"""
"10280048",68,""".?AV?$b_formatter@Vscoped_padder@details@spdlog@@@details@spdlog@@"""
"10280098",68,""".?AV?$B_formatter@Vscoped_padder@details@spdlog@@@details@spdlog@@"""
"102800e8",68,""".?AV?$c_formatter@Vscoped_padder@details@spdlog@@@details@spdlog@@"""
"10280138",68,""".?AV?$C_formatter@Vscoped_padder@details@spdlog@@@details@spdlog@@"""
"10280188",68,""".?AV?$Y_formatter@Vscoped_padder@details@spdlog@@@details@spdlog@@"""
"102801d8",68,""".?AV?$D_formatter@Vscoped_padder@details@spdlog@@@details@spdlog@@"""
"10280228",68,""".?AV?$m_formatter@Vscoped_padder@details@spdlog@@@details@spdlog@@"""
"10280278",68,""".?AV?$d_formatter@Vscoped_padder@details@spdlog@@@details@spdlog@@"""
"102802c8",68,""".?AV?$H_formatter@Vscoped_padder@details@spdlog@@@details@spdlog@@"""
"10280318",68,""".?AV?$I_formatter@Vscoped_padder@details@spdlog@@@details@spdlog@@"""
"10280368",68,""".?AV?$M_formatter@Vscoped_padder@details@spdlog@@@details@spdlog@@"""
"102803b8",68,""".?AV?$S_formatter@Vscoped_padder@details@spdlog@@@details@spdlog@@"""
"10280408",68,""".?AV?$e_formatter@Vscoped_padder@details@spdlog@@@details@spdlog@@"""
"10280458",68,""".?AV?$f_formatter@Vscoped_padder@details@spdlog@@@details@spdlog@@"""
"102804a8",68,""".?AV?$F_formatter@Vscoped_padder@details@spdlog@@@details@spdlog@@"""
"102804f8",68,""".?AV?$E_formatter@Vscoped_padder@details@spdlog@@@details@spdlog@@"""
"10280548",68,""".?AV?$p_formatter@Vscoped_padder@details@spdlog@@@details@spdlog@@"""
"10280598",68,""".?AV?$r_formatter@Vscoped_padder@details@spdlog@@@details@spdlog@@"""
"102805e8",68,""".?AV?$R_formatter@Vscoped_padder@details@spdlog@@@details@spdlog@@"""
"10280638",68,""".?AV?$T_formatter@Vscoped_padder@details@spdlog@@@details@spdlog@@"""
"10280688",68,""".?AV?$z_formatter@Vscoped_padder@details@spdlog@@@details@spdlog@@"""
"102806d8",72,""".?AV?$pid_formatter@Vscoped_padder@details@spdlog@@@details@spdlog@@"""
"10280728",84,""".?AV?$source_location_formatter@Vscoped_padder@details@spdlog@@@details@spdlog@@"""
"10280788",80,""".?AV?$short_filename_formatter@Vscoped_padder@details@spdlog@@@details@spdlog@@"""
"102807e0",84,""".?AV?$source_filename_formatter@Vscoped_padder@details@spdlog@@@details@spdlog@@"""
"10280840",80,""".?AV?$source_linenum_formatter@Vscoped_padder@details@spdlog@@@details@spdlog@@"""
"10280898",84,""".?AV?$source_funcname_formatter@Vscoped_padder@details@spdlog@@@details@spdlog@@"""
"102808f8",132,""".?AV?$elapsed_formatter@Vscoped_padder@details@spdlog@@V?$duration@_JU?$ratio@$00$0DLJKMKAA@@std@@@chrono@std@@@details@spdlog@@"""
"10280988",128,""".?AV?$elapsed_formatter@Vscoped_padder@details@spdlog@@V?$duration@_JU?$ratio@$00$0PECEA@@std@@@chrono@std@@@details@spdlog@@"""
"10280a10",124,""".?AV?$elapsed_formatter@Vscoped_padder@details@spdlog@@V?$duration@_JU?$ratio@$00$0DOI@@std@@@chrono@std@@@details@spdlog@@"""
"10280a98",124,""".?AV?$elapsed_formatter@Vscoped_padder@details@spdlog@@V?$duration@_JU?$ratio@$00$00@std@@@chrono@std@@@details@spdlog@@"""
"10280b20",76,""".?AV?$name_formatter@Unull_scoped_padder@details@spdlog@@@details@spdlog@@"""
"10280b78",76,""".?AV?$level_formatter@Unull_scoped_padder@details@spdlog@@@details@spdlog@@"""
"10280bd0",84,""".?AV?$short_level_formatter@Unull_scoped_padder@details@spdlog@@@details@spdlog@@"""
"10280c30",72,""".?AV?$t_formatter@Unull_scoped_padder@details@spdlog@@@details@spdlog@@"""
"10280c80",72,""".?AV?$v_formatter@Unull_scoped_padder@details@spdlog@@@details@spdlog@@"""
"10280cd0",72,""".?AV?$a_formatter@Unull_scoped_padder@details@spdlog@@@details@spdlog@@"""
"10280d20",72,""".?AV?$A_formatter@Unull_scoped_padder@details@spdlog@@@details@spdlog@@"""
"10280d70",72,""".?AV?$b_formatter@Unull_scoped_padder@details@spdlog@@@details@spdlog@@"""
"10280dc0",72,""".?AV?$B_formatter@Unull_scoped_padder@details@spdlog@@@details@spdlog@@"""
"10280e10",72,""".?AV?$c_formatter@Unull_scoped_padder@details@spdlog@@@details@spdlog@@"""
"10280e60",72,""".?AV?$C_formatter@Unull_scoped_padder@details@spdlog@@@details@spdlog@@"""
"10280eb0",72,""".?AV?$Y_formatter@Unull_scoped_padder@details@spdlog@@@details@spdlog@@"""
"10280f00",72,""".?AV?$D_formatter@Unull_scoped_padder@details@spdlog@@@details@spdlog@@"""
"10280f50",72,""".?AV?$m_formatter@Unull_scoped_padder@details@spdlog@@@details@spdlog@@"""
"10280fa0",72,""".?AV?$d_formatter@Unull_scoped_padder@details@spdlog@@@details@spdlog@@"""
"10280ff0",72,""".?AV?$H_formatter@Unull_scoped_padder@details@spdlog@@@details@spdlog@@"""
"10281040",72,""".?AV?$I_formatter@Unull_scoped_padder@details@spdlog@@@details@spdlog@@"""
"10281090",72,""".?AV?$M_formatter@Unull_scoped_padder@details@spdlog@@@details@spdlog@@"""
"102810e0",72,""".?AV?$S_formatter@Unull_scoped_padder@details@spdlog@@@details@spdlog@@"""
"10281130",72,""".?AV?$e_formatter@Unull_scoped_padder@details@spdlog@@@details@spdlog@@"""
"10281180",72,""".?AV?$f_formatter@Unull_scoped_padder@details@spdlog@@@details@spdlog@@"""
"102811d0",72,""".?AV?$F_formatter@Unull_scoped_padder@details@spdlog@@@details@spdlog@@"""
"10281220",72,""".?AV?$E_formatter@Unull_scoped_padder@details@spdlog@@@details@spdlog@@"""
"10281270",72,""".?AV?$p_formatter@Unull_scoped_padder@details@spdlog@@@details@spdlog@@"""
"102812c0",72,""".?AV?$r_formatter@Unull_scoped_padder@details@spdlog@@@details@spdlog@@"""
"10281310",72,""".?AV?$R_formatter@Unull_scoped_padder@details@spdlog@@@details@spdlog@@"""
"10281360",72,""".?AV?$T_formatter@Unull_scoped_padder@details@spdlog@@@details@spdlog@@"""
"102813b0",72,""".?AV?$z_formatter@Unull_scoped_padder@details@spdlog@@@details@spdlog@@"""
"10281400",76,""".?AV?$pid_formatter@Unull_scoped_padder@details@spdlog@@@details@spdlog@@"""
"10281458",88,""".?AV?$source_location_formatter@Unull_scoped_padder@details@spdlog@@@details@spdlog@@"""
"102814b8",88,""".?AV?$source_filename_formatter@Unull_scoped_padder@details@spdlog@@@details@spdlog@@"""
"10281518",88,""".?AV?$source_linenum_formatter@Unull_scoped_padder@details@spdlog@@@details@spdlog@@"""
"10281578",88,""".?AV?$source_funcname_formatter@Unull_scoped_padder@details@spdlog@@@details@spdlog@@"""
"102815d8",136,""".?AV?$elapsed_formatter@Unull_scoped_padder@details@spdlog@@V?$duration@_JU?$ratio@$00$0DLJKMKAA@@std@@@chrono@std@@@details@spdlog@@"""
"10281668",132,""".?AV?$elapsed_formatter@Unull_scoped_padder@details@spdlog@@V?$duration@_JU?$ratio@$00$0PECEA@@std@@@chrono@std@@@details@spdlog@@"""
"102816f8",132,""".?AV?$elapsed_formatter@Unull_scoped_padder@details@spdlog@@V?$duration@_JU?$ratio@$00$0DOI@@std@@@chrono@std@@@details@spdlog@@"""
"10281788",128,""".?AV?$elapsed_formatter@Unull_scoped_padder@details@spdlog@@V?$duration@_JU?$ratio@$00$00@std@@@chrono@std@@@details@spdlog@@"""
"10281810",160,""".?AV?$iterator_buffer@V?$back_insert_iterator@V?$basic_memory_buffer@D$0PK@V?$allocator@D@std@@@v9@fmt@@@std@@DUbuffer_traits@detail@v9@fmt@@@detail@v9@fmt@@"""
"102818b8",88,""".?AV?$_Func_impl_no_alloc@V<lambda_1>@?1??Initialize@AnimatedObjects@@SAXXZ@X$$V@std@@"""
"10281918",88,""".?AV?$_Func_impl_no_alloc@V<lambda_2>@?1??Initialize@AnimatedObjects@@SAXXZ@X$$V@std@@"""
"10281978",88,""".?AV?$_Func_impl_no_alloc@V<lambda_3>@?1??Initialize@AnimatedObjects@@SAXXZ@X$$V@std@@"""
"102819d8",88,""".?AV?$_Func_impl_no_alloc@V<lambda_4>@?1??Initialize@AnimatedObjects@@SAXXZ@X$$V@std@@"""
"10281a38",76,""".?AV?$function_hooker@Vscoped_call@injector@@$0FDOJIB@$$A6APAXXZ@injector@@"""
"10281a90",88,""".?AV?$function_hooker_base@Vscoped_call@injector@@$0FDOJIB@P6APAXXZPAX$$V@injector@@"""
"10281af0",144,""".?AV?$function_hooker_manager@Vscoped_call@injector@@V?$function_hooker_base@Vscoped_call@injector@@$0FDOJIB@P6APAXXZPAX$$V@2@PAX$$V@injector@@"""
"10281b88",76,""".?AV?$function_hooker@Vscoped_call@injector@@$0FDNJBA@$$A6APAXXZ@injector@@"""
"10281be0",88,""".?AV?$function_hooker_base@Vscoped_call@injector@@$0FDNJBA@P6APAXXZPAX$$V@injector@@"""
"10281c40",144,""".?AV?$function_hooker_manager@Vscoped_call@injector@@V?$function_hooker_base@Vscoped_call@injector@@$0FDNJBA@P6APAXXZPAX$$V@2@PAX$$V@injector@@"""
"10281cd8",76,""".?AV?$function_hooker@Vscoped_call@injector@@$0FDOCJD@$$A6APAXXZ@injector@@"""
"10281d30",88,""".?AV?$function_hooker_base@Vscoped_call@injector@@$0FDOCJD@P6APAXXZPAX$$V@injector@@"""
"10281d90",144,""".?AV?$function_hooker_manager@Vscoped_call@injector@@V?$function_hooker_base@Vscoped_call@injector@@$0FDOCJD@P6APAXXZPAX$$V@2@PAX$$V@injector@@"""
"10281e28",392,""".?AV?$_Func_impl_no_alloc@V<lambda_1>@?4???$PatchAll@$0FDOJIB@$0DOJ@$0A@$0A@$0A@$0FDOJIB@$0DOK@$0A@$0A@$0A@@?$BaseEventI@Vfunction_hooker@injector@@U?$RefList@$0FDOJIB@$0DOJ@$0A@$0A@$0A@$0FDOJIB@$0DOK@$0A@$0A@$0A@@plugin@@U?$ArgPick@U?$ArgTypes@$$V@plugin@@$S@4@$$A6AXXZ@plugin@@AAEXU?$RefList@$0FDOJIB@$0DOJ@$0A@$0A@$0A@$0FDOJIB@$0DOK@$0A@$0A@$0A@@3@@Z@PAXV?$function@$$A6APAXXZ@std@@@std@@"""
"10281fb8",392,""".?AV?$_Func_impl_no_alloc@V<lambda_1>@?4???$PatchAll@$0FDNJBA@$0DOJ@$0A@$0A@$0A@$0FDNJBA@$0DOK@$0A@$0A@$0A@@?$BaseEventI@Vfunction_hooker@injector@@U?$RefList@$0FDNJBA@$0DOJ@$0A@$0A@$0A@$0FDNJBA@$0DOK@$0A@$0A@$0A@@plugin@@U?$ArgPick@U?$ArgTypes@$$V@plugin@@$S@4@$$A6AXXZ@plugin@@AAEXU?$RefList@$0FDNJBA@$0DOJ@$0A@$0A@$0A@$0FDNJBA@$0DOK@$0A@$0A@$0A@@3@@Z@PAXV?$function@$$A6APAXXZ@std@@@std@@"""
"10282148",392,""".?AV?$_Func_impl_no_alloc@V<lambda_1>@?4???$PatchAll@$0FDOCJD@$0DOJ@$0A@$0A@$0A@$0FDOCJD@$0DOK@$0A@$0A@$0A@@?$BaseEventI@Vfunction_hooker@injector@@U?$RefList@$0FDOCJD@$0DOJ@$0A@$0A@$0A@$0FDOCJD@$0DOK@$0A@$0A@$0A@@plugin@@U?$ArgPick@U?$ArgTypes@$$V@plugin@@$S@4@$$A6AXXZ@plugin@@AAEXU?$RefList@$0FDOCJD@$0DOJ@$0A@$0A@$0A@$0FDOCJD@$0DOK@$0A@$0A@$0A@@3@@Z@PAXV?$function@$$A6APAXXZ@std@@@std@@"""
"102822d8",340,""".?AV?$_Func_impl_no_alloc@V<lambda_1>@?4???$PatchAll@$0FDOJIB@$0DOK@$0A@$0A@$0A@$S@?$BaseEventI@Vfunction_hooker@injector@@U?$RefList@$0FDOJIB@$0DOJ@$0A@$0A@$0A@$0FDOJIB@$0DOK@$0A@$0A@$0A@@plugin@@U?$ArgPick@U?$ArgTypes@$$V@plugin@@$S@4@$$A6AXXZ@plugin@@AAEXU?$RefList@$0FDOJIB@$0DOK@$0A@$0A@$0A@@3@@Z@PAXV?$function@$$A6APAXXZ@std@@@std@@"""
"10282438",340,""".?AV?$_Func_impl_no_alloc@V<lambda_1>@?4???$PatchAll@$0FDNJBA@$0DOK@$0A@$0A@$0A@$S@?$BaseEventI@Vfunction_hooker@injector@@U?$RefList@$0FDNJBA@$0DOJ@$0A@$0A@$0A@$0FDNJBA@$0DOK@$0A@$0A@$0A@@plugin@@U?$ArgPick@U?$ArgTypes@$$V@plugin@@$S@4@$$A6AXXZ@plugin@@AAEXU?$RefList@$0FDNJBA@$0DOK@$0A@$0A@$0A@@3@@Z@PAXV?$function@$$A6APAXXZ@std@@@std@@"""
"10282598",340,""".?AV?$_Func_impl_no_alloc@V<lambda_1>@?4???$PatchAll@$0FDOCJD@$0DOK@$0A@$0A@$0A@$S@?$BaseEventI@Vfunction_hooker@injector@@U?$RefList@$0FDOCJD@$0DOJ@$0A@$0A@$0A@$0FDOCJD@$0DOK@$0A@$0A@$0A@@plugin@@U?$ArgPick@U?$ArgTypes@$$V@plugin@@$S@4@$$A6AXXZ@plugin@@AAEXU?$RefList@$0FDOCJD@$0DOK@$0A@$0A@$0A@@3@@Z@PAXV?$function@$$A6APAXXZ@std@@@std@@"""
"102826f8",164,""".?AV?$_Ref_count@V?$function_hooker_manager@Vscoped_call@injector@@V?$function_hooker_base@Vscoped_call@injector@@$0FDOCJD@P6APAXXZPAX$$V@2@PAX$$V@injector@@@std@@"""
"102827a8",164,""".?AV?$_Ref_count@V?$function_hooker_manager@Vscoped_call@injector@@V?$function_hooker_base@Vscoped_call@injector@@$0FDNJBA@P6APAXXZPAX$$V@2@PAX$$V@injector@@@std@@"""
"10282858",164,""".?AV?$_Ref_count@V?$function_hooker_manager@Vscoped_call@injector@@V?$function_hooker_base@Vscoped_call@injector@@$0FDOJIB@P6APAXXZPAX$$V@2@PAX$$V@injector@@@std@@"""
"10282908",216,""".?AV?$_Func_impl_no_alloc@V<lambda_1>@?1??call_hooks@?$function_hooker_manager@Vscoped_call@injector@@V?$function_hooker_base@Vscoped_call@injector@@$0FDOCJD@P6APAXXZPAX$$V@2@PAX$$V@injector@@SAPAXXZ@PAX$$V@std@@"""
"102829e8",216,""".?AV?$_Func_impl_no_alloc@V<lambda_1>@?1??call_hooks@?$function_hooker_manager@Vscoped_call@injector@@V?$function_hooker_base@Vscoped_call@injector@@$0FDNJBA@P6APAXXZPAX$$V@2@PAX$$V@injector@@SAPAXXZ@PAX$$V@std@@"""
"10282ac8",216,""".?AV?$_Func_impl_no_alloc@V<lambda_1>@?1??call_hooks@?$function_hooker_manager@Vscoped_call@injector@@V?$function_hooker_base@Vscoped_call@injector@@$0FDOJIB@P6APAXXZPAX$$V@2@PAX$$V@injector@@SAPAXXZ@PAX$$V@std@@"""
"10282ba8",216,""".?AV?$_Func_impl_no_alloc@V<lambda_2>@?L@??call_hooks@?$function_hooker_manager@Vscoped_call@injector@@V?$function_hooker_base@Vscoped_call@injector@@$0FDOCJD@P6APAXXZPAX$$V@2@PAX$$V@injector@@SAPAXXZ@PAX$$V@std@@"""
"10282c88",216,""".?AV?$_Func_impl_no_alloc@V<lambda_2>@?L@??call_hooks@?$function_hooker_manager@Vscoped_call@injector@@V?$function_hooker_base@Vscoped_call@injector@@$0FDNJBA@P6APAXXZPAX$$V@2@PAX$$V@injector@@SAPAXXZ@PAX$$V@std@@"""
"10282d68",216,""".?AV?$_Func_impl_no_alloc@V<lambda_2>@?L@??call_hooks@?$function_hooker_manager@Vscoped_call@injector@@V?$function_hooker_base@Vscoped_call@injector@@$0FDOJIB@P6APAXXZPAX$$V@2@PAX$$V@injector@@SAPAXXZ@PAX$$V@std@@"""
"10282e48",80,""".?AV?$_Func_impl_no_alloc@V<lambda_1>@?1??CarCrusher_Patch@@YAXXZ@X$$V@std@@"""
"10282ea0",80,""".?AV?$_Func_impl_no_alloc@V<lambda_2>@?1??CarCrusher_Patch@@YAXXZ@X$$V@std@@"""
"10282ef8",80,""".?AV?$_Func_impl_no_alloc@V<lambda_3>@?1??CarCrusher_Patch@@YAXXZ@X$$V@std@@"""
"10282f50",80,""".?AV?$_Func_impl_no_alloc@V<lambda_4>@?1??CarCrusher_Patch@@YAXXZ@X$$V@std@@"""
"10282fa8",76,""".?AV?$basic_istringstream@DU?$char_traits@D@std@@V?$allocator@D@2@@std@@"""
"10282ffc",52,""".?AV?$basic_filebuf@DU?$char_traits@D@std@@@std@@"""
"10283038",52,""".?AV?$basic_ifstream@DU?$char_traits@D@std@@@std@@"""
"10283074",24,""".?AVcodecvt_base@std@@"""
"10283094",36,""".?AV?$codecvt@DDU_Mbstatet@@@std@@"""
"102830c0",80,""".?AV?$_Func_impl_no_alloc@V<lambda_1>@?1??Initialize@GangWars@@SAXXZ@X$$V@std@@"""
"10283118",40,""".?AV_RefCounter@details@Concurrency@@"""
"10283148",60,""".?AV_CancellationTokenRegistration@details@Concurrency@@"""
"1028318c",44,""".?AU_TaskProcHandle@details@Concurrency@@"""
"102831c0",44,""".?AU_Task_impl_base@details@Concurrency@@"""
"102831f8",196,""".?AV?$_CancellationTokenCallback@V<lambda_1>@?1??_RegisterCancellation@_Task_impl_base@details@Concurrency@@QAEXV?$weak_ptr@U_Task_impl_base@details@Concurrency@@@std@@@Z@@details@Concurrency@@"""
"102832c4",28,""".?AV?$_Func_base@E$$V@std@@"""
"102832e8",44,""".?AU?$_Task_impl@E@details@Concurrency@@"""
"1028331c",36,""".?AV_Future_error_category2@std@@"""
"10283348",60,""".?AV?$_Associated_state@URouteResult@?A0x1f68d5ea@@@std@@"""
"10283390",68,""".?AV?$_Ref_count_obj2@U_ExceptionHolder@details@Concurrency@@@std@@"""
"102833e0",172,""".?AV?$_Func_impl_no_alloc@V<lambda_1>@?7???R1?4??_ScheduleContinuationTask@_Task_impl_base@details@Concurrency@@QAEXPAU_ContinuationTaskHandleBase@45@@Z@QBE@XZ@X$$V@std@@"""
"10283498",160,""".?AV?$_Func_impl_no_alloc@V<lambda_1>@?4??_ScheduleContinuationTask@_Task_impl_base@details@Concurrency@@QAEXPAU_ContinuationTaskHandleBase@45@@Z@X$$V@std@@"""
"10283540",152,""".?AV?$_Func_impl_no_alloc@V<lambda_1>@?1??_MakeVoidToUnitFunc@details@Concurrency@@YA?AV?$function@$$A6AEXZ@std@@ABV?$function@$$A6AXXZ@6@@Z@E$$V@std@@"""
"102835e0",68,""".?AV?$_Packaged_state@$$A6A?AURouteResult@?A0x1f68d5ea@@XZ@std@@"""
"1028362c",56,""".?AV?$_Func_base@URouteResult@?A0x1f68d5ea@@$$V@std@@"""
"10283670",60,""".?AV?$_Task_async_state@URouteResult@?A0x1f68d5ea@@@std@@"""
"102836b8",100,""".?AV?$_Func_impl_no_alloc@V<lambda_1>@?1??InstallDrawHookIfNeeded@?A0x1f68d5ea@@YAXXZ@X$$V@std@@"""
"10283728",100,""".?AV?$_Func_impl_no_alloc@V<lambda_2>@?1??InstallDrawHookIfNeeded@?A0x1f68d5ea@@YAXXZ@X$$V@std@@"""
"10283798",76,""".?AV?$_Func_impl_no_alloc@V<lambda_1>@?1??Initialize@Gps@@YAXXZ@X$$V@std@@"""
"102837f0",192,""".?AV?$_Func_impl_no_alloc@V<lambda_1>@?CC@??_CancelAndRunContinuations@?$_Task_impl@E@details@Concurrency@@UAE_N_N00ABV?$shared_ptr@U_ExceptionHolder@details@Concurrency@@@std@@@Z@X$$V@std@@"""
"102838b8",68,""".?AV?$_Ref_count_obj2@U?$_Task_impl@E@details@Concurrency@@@std@@"""
"10283908",176,""".?AV?$_Func_impl_no_alloc@V?$_Fake_no_copy_callable_adapter@V<lambda_1>@?BJ@??RequestRouteIfNeeded@?A0x1f68d5ea@@YAXABVCVector@@0@Z@@std@@URouteResult@?A0x1f68d5ea@@$$V@std@@"""
"102839c0",400,""".?AU?$_InitialTaskHandle@XV<lambda_1>@?1???$?0V?$_Fake_no_copy_callable_adapter@V<lambda_1>@?BJ@??RequestRouteIfNeeded@?A0x1f68d5ea@@YAXABVCVector@@0@Z@@std@@@?$_Task_async_state@URouteResult@?A0x1f68d5ea@@@std@@QAE@$$QAV?$_Fake_no_copy_callable_adapter@V<lambda_1>@?BJ@??RequestRouteIfNeeded@?A0x1f68d5ea@@YAXABVCVector@@0@Z@@3@@Z@U_TypeSelectorNoAsync@details@Concurrency@@@?$task@E@Concurrency@@"""
"10283b58",468,""".?AU?$_PPLTaskHandle@EU?$_InitialTaskHandle@XV<lambda_1>@?1???$?0V?$_Fake_no_copy_callable_adapter@V<lambda_1>@?BJ@??RequestRouteIfNeeded@?A0x1f68d5ea@@YAXABVCVector@@0@Z@@std@@@?$_Task_async_state@URouteResult@?A0x1f68d5ea@@@std@@QAE@$$QAV?$_Fake_no_copy_callable_adapter@V<lambda_1>@?BJ@??RequestRouteIfNeeded@?A0x1f68d5ea@@YAXABVCVector@@0@Z@@3@@Z@U_TypeSelectorNoAsync@details@Concurrency@@@?$task@E@Concurrency@@U_TaskProcHandle@details@3@@details@Concurrency@@"""
"10283d38",80,""".?AV?$function_hooker@Vscoped_call@injector@@$0FHFJOE@$$A6APAX_N@Z@injector@@"""
"10283d90",88,""".?AV?$function_hooker_base@Vscoped_call@injector@@$0FHFJOE@P6APAX_N@ZPAX_N@injector@@"""
"10283df0",144,""".?AV?$function_hooker_manager@Vscoped_call@injector@@V?$function_hooker_base@Vscoped_call@injector@@$0FHFJOE@P6APAX_N@ZPAX_N@2@PAX_N@injector@@"""
"10283e88",32,""".?AV?$_Func_base@PAX_N@std@@"""
"10283eb0",76,""".?AV?$function_hooker@Vscoped_call@injector@@$0FDOEPP@$$A6APAXXZ@injector@@"""
"10283f08",88,""".?AV?$function_hooker_base@Vscoped_call@injector@@$0FDOEPP@P6APAXXZPAX$$V@injector@@"""
"10283f68",144,""".?AV?$function_hooker_manager@Vscoped_call@injector@@V?$function_hooker_base@Vscoped_call@injector@@$0FDOEPP@P6APAXXZPAX$$V@2@PAX$$V@injector@@"""
"10284000",64,""".?AV?$_Func_base@PAXV?$function@$$A6APAX_N@Z@std@@AA_N@std@@"""
"10284048",80,""".?AV?$function_hooker@Vscoped_call@injector@@$0FIGJLP@$$A6APAX_N@Z@injector@@"""
"102840a0",88,""".?AV?$function_hooker_base@Vscoped_call@injector@@$0FIGJLP@P6APAX_N@ZPAX_N@injector@@"""
"10284100",144,""".?AV?$function_hooker_manager@Vscoped_call@injector@@V?$function_hooker_base@Vscoped_call@injector@@$0FIGJLP@P6APAX_N@ZPAX_N@2@PAX_N@injector@@"""
"10284198",564,""".?AV?$_Func_impl_no_alloc@V<lambda_1>@?4???$PatchAll@$0FHFJOE@$0DOJ@$0A@$0A@$0A@$0FHFJOE@$0DOK@$0A@$0A@$0A@$0FIGJLP@$0DOJ@$0A@$0A@$0A@$0FIGJLP@$0DOK@$0A@$0A@$0A@@?$BaseEventI@Vfunction_hooker@injector@@U?$RefList@$0FHFJOE@$0DOJ@$0A@$0A@$0A@$0FHFJOE@$0DOK@$0A@$0A@$0A@$0FIGJLP@$0DOJ@$0A@$0A@$0A@$0FIGJLP@$0DOK@$0A@$0A@$0A@@plugin@@U?$ArgPick@U?$ArgTypes@$$V@plugin@@$S@4@$$A6AX_N@Z@plugin@@AAEXU?$RefList@$0FHFJOE@$0DOJ@$0A@$0A@$0A@$0FHFJOE@$0DOK@$0A@$0A@$0A@$0FIGJLP@$0DOJ@$0A@$0A@$0A@$0FIGJLP@$0DOK@$0A@$0A@$0A@@3@@Z@PAXV?$function@$$A6APAX_N@Z@std@@AA_N@std@@"""
"102843d8",392,""".?AV?$_Func_impl_no_alloc@V<lambda_1>@?4???$PatchAll@$0FDOEPP@$0DOJ@$0A@$0A@$0A@$0FDOEPP@$0DOK@$0A@$0A@$0A@@?$BaseEventI@Vfunction_hooker@injector@@U?$RefList@$0FDOEPP@$0DOJ@$0A@$0A@$0A@$0FDOEPP@$0DOK@$0A@$0A@$0A@@plugin@@U?$ArgPick@U?$ArgTypes@$$V@plugin@@$S@4@$$A6AXXZ@plugin@@AAEXU?$RefList@$0FDOEPP@$0DOJ@$0A@$0A@$0A@$0FDOEPP@$0DOK@$0A@$0A@$0A@@3@@Z@PAXV?$function@$$A6APAXXZ@std@@@std@@"""
"10284568",508,""".?AV?$_Func_impl_no_alloc@V<lambda_1>@?4???$PatchAll@$0FHFJOE@$0DOK@$0A@$0A@$0A@$0FIGJLP@$0DOJ@$0A@$0A@$0A@$0FIGJLP@$0DOK@$0A@$0A@$0A@@?$BaseEventI@Vfunction_hooker@injector@@U?$RefList@$0FHFJOE@$0DOJ@$0A@$0A@$0A@$0FHFJOE@$0DOK@$0A@$0A@$0A@$0FIGJLP@$0DOJ@$0A@$0A@$0A@$0FIGJLP@$0DOK@$0A@$0A@$0A@@plugin@@U?$ArgPick@U?$ArgTypes@$$V@plugin@@$S@4@$$A6AX_N@Z@plugin@@AAEXU?$RefList@$0FHFJOE@$0DOK@$0A@$0A@$0A@$0FIGJLP@$0DOJ@$0A@$0A@$0A@$0FIGJLP@$0DOK@$0A@$0A@$0A@@3@@Z@PAXV?$function@$$A6APAX_N@Z@std@@AA_N@std@@"""
"10284770",340,""".?AV?$_Func_impl_no_alloc@V<lambda_1>@?4???$PatchAll@$0FDOEPP@$0DOK@$0A@$0A@$0A@$S@?$BaseEventI@Vfunction_hooker@injector@@U?$RefList@$0FDOEPP@$0DOJ@$0A@$0A@$0A@$0FDOEPP@$0DOK@$0A@$0A@$0A@@plugin@@U?$ArgPick@U?$ArgTypes@$$V@plugin@@$S@4@$$A6AXXZ@plugin@@AAEXU?$RefList@$0FDOEPP@$0DOK@$0A@$0A@$0A@@3@@Z@PAXV?$function@$$A6APAXXZ@std@@@std@@"""
"102848d0",344,""".?AV?$_Func_impl_no_alloc@V<lambda_1>@?1???$?0V?$_Fake_no_copy_callable_adapter@V<lambda_1>@?BJ@??RequestRouteIfNeeded@?A0x1f68d5ea@@YAXABVCVector@@0@Z@@std@@@?$_Task_async_state@URouteResult@?A0x1f68d5ea@@@std@@QAE@$$QAV?$_Fake_no_copy_callable_adapter@V<lambda_1>@?BJ@??RequestRouteIfNeeded@?A0x1f68d5ea@@YAXABVCVector@@0@Z@@3@@Z@X$$V@std@@"""
"10284a30",164,""".?AV?$_Ref_count@V?$function_hooker_manager@Vscoped_call@injector@@V?$function_hooker_base@Vscoped_call@injector@@$0FDOEPP@P6APAXXZPAX$$V@2@PAX$$V@injector@@@std@@"""
"10284ae0",164,""".?AV?$_Ref_count@V?$function_hooker_manager@Vscoped_call@injector@@V?$function_hooker_base@Vscoped_call@injector@@$0FHFJOE@P6APAX_N@ZPAX_N@2@PAX_N@injector@@@std@@"""
"10284b90",456,""".?AV?$_Func_impl_no_alloc@V<lambda_1>@?4???$PatchAll@$0FIGJLP@$0DOJ@$0A@$0A@$0A@$0FIGJLP@$0DOK@$0A@$0A@$0A@@?$BaseEventI@Vfunction_hooker@injector@@U?$RefList@$0FHFJOE@$0DOJ@$0A@$0A@$0A@$0FHFJOE@$0DOK@$0A@$0A@$0A@$0FIGJLP@$0DOJ@$0A@$0A@$0A@$0FIGJLP@$0DOK@$0A@$0A@$0A@@plugin@@U?$ArgPick@U?$ArgTypes@$$V@plugin@@$S@4@$$A6AX_N@Z@plugin@@AAEXU?$RefList@$0FIGJLP@$0DOJ@$0A@$0A@$0A@$0FIGJLP@$0DOK@$0A@$0A@$0A@@3@@Z@PAXV?$function@$$A6APAX_N@Z@std@@AA_N@std@@"""
"10284d60",216,""".?AV?$_Func_impl_no_alloc@V<lambda_1>@?1??call_hooks@?$function_hooker_manager@Vscoped_call@injector@@V?$function_hooker_base@Vscoped_call@injector@@$0FDOEPP@P6APAXXZPAX$$V@2@PAX$$V@injector@@SAPAXXZ@PAX$$V@std@@"""
"10284e40",216,""".?AV?$_Func_impl_no_alloc@V<lambda_1>@?1??call_hooks@?$function_hooker_manager@Vscoped_call@injector@@V?$function_hooker_base@Vscoped_call@injector@@$0FHFJOE@P6APAX_N@ZPAX_N@2@PAX_N@injector@@SAPAXAA_N@Z@PAX_N@std@@"""
"10284f20",216,""".?AV?$_Func_impl_no_alloc@V<lambda_2>@?L@??call_hooks@?$function_hooker_manager@Vscoped_call@injector@@V?$function_hooker_base@Vscoped_call@injector@@$0FDOEPP@P6APAXXZPAX$$V@2@PAX$$V@injector@@SAPAXXZ@PAX$$V@std@@"""
"10285000",220,""".?AV?$_Func_impl_no_alloc@V<lambda_2>@?L@??call_hooks@?$function_hooker_manager@Vscoped_call@injector@@V?$function_hooker_base@Vscoped_call@injector@@$0FHFJOE@P6APAX_N@ZPAX_N@2@PAX_N@injector@@SAPAXAA_N@Z@PAX_N@std@@"""
"102850e8",404,""".?AV?$_Func_impl_no_alloc@V<lambda_1>@?4???$PatchAll@$0FIGJLP@$0DOK@$0A@$0A@$0A@$S@?$BaseEventI@Vfunction_hooker@injector@@U?$RefList@$0FHFJOE@$0DOJ@$0A@$0A@$0A@$0FHFJOE@$0DOK@$0A@$0A@$0A@$0FIGJLP@$0DOJ@$0A@$0A@$0A@$0FIGJLP@$0DOK@$0A@$0A@$0A@@plugin@@U?$ArgPick@U?$ArgTypes@$$V@plugin@@$S@4@$$A6AX_N@Z@plugin@@AAEXU?$RefList@$0FIGJLP@$0DOK@$0A@$0A@$0A@@3@@Z@PAXV?$function@$$A6APAX_N@Z@std@@AA_N@std@@"""
"10285288",164,""".?AV?$_Ref_count@V?$function_hooker_manager@Vscoped_call@injector@@V?$function_hooker_base@Vscoped_call@injector@@$0FIGJLP@P6APAX_N@ZPAX_N@2@PAX_N@injector@@@std@@"""
"10285338",216,""".?AV?$_Func_impl_no_alloc@V<lambda_1>@?1??call_hooks@?$function_hooker_manager@Vscoped_call@injector@@V?$function_hooker_base@Vscoped_call@injector@@$0FIGJLP@P6APAX_N@ZPAX_N@2@PAX_N@injector@@SAPAXAA_N@Z@PAX_N@std@@"""
"10285418",220,""".?AV?$_Func_impl_no_alloc@V<lambda_2>@?L@??call_hooks@?$function_hooker_manager@Vscoped_call@injector@@V?$function_hooker_base@Vscoped_call@injector@@$0FIGJLP@P6APAX_N@ZPAX_N@2@PAX_N@injector@@SAPAXAA_N@Z@PAX_N@std@@"""
"10285500",76,""".?AV?$_Func_impl_no_alloc@V<lambda_1>@?1??IplExt_Patch@@YAXXZ@X$$V@std@@"""
"10285558",76,""".?AV?$_Func_impl_no_alloc@V<lambda_2>@?1??IplExt_Patch@@YAXXZ@X$$V@std@@"""
"102855b0",84,""".?AV?$function_hooker@Vscoped_call@injector@@$0FDOJPB@$$A6AXPAURwV2d@@@Z@injector@@"""
"10285610",96,""".?AV?$function_hooker_base@Vscoped_call@injector@@$0FDOJPB@P6AXPAURwV2d@@@ZXPAU3@@injector@@"""
"10285678",160,""".?AV?$function_hooker_manager@Vscoped_call@injector@@V?$function_hooker_base@Vscoped_call@injector@@$0FDOJPB@P6AXPAURwV2d@@@ZXPAU3@@2@XPAURwV2d@@@injector@@"""
"10285720",36,""".?AV?$_Func_base@XPAURwV2d@@@std@@"""
"10285750",76,""".?AV?$function_hooker@Vscoped_call@injector@@$0FDOEPP@$$A6AXXZ@injector@@"""
"102857a8",84,""".?AV?$function_hooker_base@Vscoped_call@injector@@$0FDOEPP@P6AXXZX$$V@injector@@"""
"10285808",140,""".?AV?$function_hooker_manager@Vscoped_call@injector@@V?$function_hooker_base@Vscoped_call@injector@@$0FDOEPP@P6AXXZX$$V@2@X$$V@injector@@"""
"102858a0",88,""".?AV?$_Func_impl_no_alloc@V<lambda_1>@?1??Initialize@TransparentMenu@@SAXXZ@X$$V@std@@"""
"10285900",88,""".?AV?$_Func_impl_no_alloc@V<lambda_2>@?1??Initialize@TransparentMenu@@SAXXZ@X$$V@std@@"""
"10285960",52,""".?AV?$_Func_base@XV?$function@$$A6AXXZ@std@@@std@@"""
"102859a0",76,""".?AV?$_Func_base@XV?$function@$$A6AXPAURwV2d@@@Z@std@@AAPAURwV2d@@@std@@"""
"102859f8",140,""".?AV?$_Func_impl_no_alloc@V<lambda_1>@?1???$RsMouseSetPosHookSA@$0FDOJPB@@@YAXXZ@XV?$function@$$A6AXPAURwV2d@@@Z@std@@AAPAURwV2d@@@std@@"""
"10285a90",112,""".?AV?$_Func_impl_no_alloc@V<lambda_1>@?1???$CHudDrawHookSA@$0FDOEPP@@@YAXXZ@XV?$function@$$A6AXXZ@std@@@std@@"""
"10285b08",160,""".?AV?$_Ref_count@V?$function_hooker_manager@Vscoped_call@injector@@V?$function_hooker_base@Vscoped_call@injector@@$0FDOEPP@P6AXXZX$$V@2@X$$V@injector@@@std@@"""
"10285bb0",180,""".?AV?$_Ref_count@V?$function_hooker_manager@Vscoped_call@injector@@V?$function_hooker_base@Vscoped_call@injector@@$0FDOJPB@P6AXPAURwV2d@@@ZXPAU3@@2@XPAURwV2d@@@injector@@@std@@"""
"10285c70",204,""".?AV?$_Func_impl_no_alloc@V<lambda_1>@?1??call_hooks@?$function_hooker_manager@Vscoped_call@injector@@V?$function_hooker_base@Vscoped_call@injector@@$0FDOEPP@P6AXXZX$$V@2@X$$V@injector@@SAXXZ@X$$V@std@@"""
"10285d48",236,""".?AV?$_Func_impl_no_alloc@V<lambda_1>@?1??call_hooks@?$function_hooker_manager@Vscoped_call@injector@@V?$function_hooker_base@Vscoped_call@injector@@$0FDOJPB@P6AXPAURwV2d@@@ZXPAU3@@2@XPAURwV2d@@@injector@@SAXAAPAURwV2d@@@Z@XPAU5@@std@@"""
"10285e40",204,""".?AV?$_Func_impl_no_alloc@V<lambda_2>@?L@??call_hooks@?$function_hooker_manager@Vscoped_call@injector@@V?$function_hooker_base@Vscoped_call@injector@@$0FDOEPP@P6AXXZX$$V@2@X$$V@injector@@SAXXZ@X$$V@std@@"""
"10285f18",240,""".?AV?$_Func_impl_no_alloc@V<lambda_2>@?L@??call_hooks@?$function_hooker_manager@Vscoped_call@injector@@V?$function_hooker_base@Vscoped_call@injector@@$0FDOJPB@P6AXPAURwV2d@@@ZXPAU3@@2@XPAURwV2d@@@injector@@SAXAAPAURwV2d@@@Z@XPAU5@@std@@"""
"10286010",80,""".?AV?$_Func_impl_no_alloc@V<lambda_1>@?1??Initialize@IIIPager@@SAXXZ@X$$V@std@@"""
"10286068",80,""".?AV?$_Func_impl_no_alloc@V<lambda_2>@?1??Initialize@IIIPager@@SAXXZ@X$$V@std@@"""
"102860c0",80,""".?AV?$_Func_impl_no_alloc@V<lambda_3>@?1??Initialize@IIIPager@@SAXXZ@X$$V@std@@"""
"10286118",80,""".?AV?$_Func_impl_no_alloc@V<lambda_4>@?1??Initialize@IIIPager@@SAXXZ@X$$V@std@@"""
"10286170",88,""".?AV?$_Func_impl_no_alloc@V<lambda_1>@?1??Initialize@PatchLogScreen@@SAXXZ@X$$V@std@@"""
"102861d0",36,""".?AV?$_Func_base@XPAVCPed@@@std@@"""
"102861fc",44,""".?AV?$ExtenderInterface@VCPed@@@plugin@@"""
"10286230",36,""".?AV?$_Func_base@XPAVCPed@@H@std@@"""
"1028625c",32,""".?AV?$PedExtender@UPedData@@@@"""
"10286288",136,""".?AV?$_Func_impl_no_alloc@V<lambda_1>@?4??Add@PedExtenderCoreHandler@@SAXPAV?$ExtenderInterface@VCPed@@@plugin@@@Z@XPAVCPed@@H@std@@"""
"10286318",96,""".?AU?$function_hooker_thiscall@Vscoped_call@injector@@$0FOEIJA@$$A6APAXPAVCPed@@H@Z@injector@@"""
"10286380",100,""".?AV?$function_hooker_base@Vscoped_call@injector@@$0FOEIJA@P6EPAXPAVCPed@@H@ZPAXPAV3@H@injector@@"""
"102863f0",164,""".?AV?$function_hooker_manager@Vscoped_call@injector@@V?$function_hooker_base@Vscoped_call@injector@@$0FOEIJA@P6EPAXPAVCPed@@H@ZPAXPAV3@H@2@PAXPAVCPed@@H@injector@@"""
"1028649c",40,""".?AV?$_Func_base@PAXPAVCPed@@H@std@@"""
"102864d0",80,""".?AV?$_Func_base@PAXV?$function@$$A6APAXPAVCPed@@H@Z@std@@AAPAVCPed@@AAH@std@@"""
"10286528",448,""".?AV?$_Func_impl_no_alloc@V<lambda_1>@?4???$PatchAll@$0FOEIJA@$0DOJ@$0A@$0A@$0A@$0FOEIJA@$0DOK@$0A@$0A@$0A@@?$BaseEventI@Ufunction_hooker_thiscall@injector@@U?$RefList@$0FOEIJA@$0DOJ@$0A@$0A@$0A@$0FOEIJA@$0DOK@$0A@$0A@$0A@@plugin@@U?$ArgPick@U?$ArgTypes@PAVCPed@@H@plugin@@$0A@$00@4@$$A6AXPAVCPed@@H@Z@plugin@@AAEXU?$RefList@$0FOEIJA@$0DOJ@$0A@$0A@$0A@$0FOEIJA@$0DOK@$0A@$0A@$0A@@3@@Z@PAXV?$function@$$A6APAXPAVCPed@@H@Z@std@@AAPAVCPed@@AAH@std@@"""
"102866f0",396,""".?AV?$_Func_impl_no_alloc@V<lambda_1>@?4???$PatchAll@$0FOEIJA@$0DOK@$0A@$0A@$0A@$S@?$BaseEventI@Ufunction_hooker_thiscall@injector@@U?$RefList@$0FOEIJA@$0DOJ@$0A@$0A@$0A@$0FOEIJA@$0DOK@$0A@$0A@$0A@@plugin@@U?$ArgPick@U?$ArgTypes@PAVCPed@@H@plugin@@$0A@$00@4@$$A6AXPAVCPed@@H@Z@plugin@@AAEXU?$RefList@$0FOEIJA@$0DOK@$0A@$0A@$0A@@3@@Z@PAXV?$function@$$A6APAXPAVCPed@@H@Z@std@@AAPAVCPed@@AAH@std@@"""
"10286888",184,""".?AV?$_Ref_count@V?$function_hooker_manager@Vscoped_call@injector@@V?$function_hooker_base@Vscoped_call@injector@@$0FOEIJA@P6EPAXPAVCPed@@H@ZPAXPAV3@H@2@PAXPAVCPed@@H@injector@@@std@@"""
"10286948",252,""".?AV?$_Func_impl_no_alloc@V<lambda_1>@?1??call_hooks@?$function_hooker_manager@Vscoped_call@injector@@V?$function_hooker_base@Vscoped_call@injector@@$0FOEIJA@P6EPAXPAVCPed@@H@ZPAXPAV3@H@2@PAXPAVCPed@@H@injector@@SAPAXAAPAVCPed@@AAH@Z@PAXPAV5@H@std@@"""
"10286a50",252,""".?AV?$_Func_impl_no_alloc@V<lambda_2>@?L@??call_hooks@?$function_hooker_manager@Vscoped_call@injector@@V?$function_hooker_base@Vscoped_call@injector@@$0FOEIJA@P6EPAXPAVCPed@@H@ZPAXPAV3@H@2@PAXPAVCPed@@H@injector@@SAPAXAAPAVCPed@@AAH@Z@PAXPAV5@H@std@@"""
"10286b54",44,""".?AV?$_Func_impl_no_alloc@P6AXXZX$$V@std@@"""
"10286b88",56,""".?AV?$_Func_impl_no_alloc@P6AXPAVCPed@@@ZXPAV1@@std@@"""
"10286bc8",76,""".?AV?$function_hooker@Vscoped_call@injector@@$0FLPIFL@$$A6APAXXZ@injector@@"""
"10286c20",88,""".?AV?$function_hooker_base@Vscoped_call@injector@@$0FLPIFL@P6APAXXZPAX$$V@injector@@"""
"10286c80",144,""".?AV?$function_hooker_manager@Vscoped_call@injector@@V?$function_hooker_base@Vscoped_call@injector@@$0FLPIFL@P6APAXXZPAX$$V@2@PAX$$V@injector@@"""
"10286d18",96,""".?AU?$function_hooker_thiscall@Vscoped_call@injector@@$0FOIIAM@$$A6APAXPAVCPed@@@Z@injector@@"""
"10286d80",96,""".?AV?$function_hooker_base@Vscoped_call@injector@@$0FOIIAM@P6EPAXPAVCPed@@@ZPAXPAV3@@injector@@"""
"10286de8",164,""".?AV?$function_hooker_manager@Vscoped_call@injector@@V?$function_hooker_base@Vscoped_call@injector@@$0FOIIAM@P6EPAXPAVCPed@@@ZPAXPAV3@@2@PAXPAVCPed@@@injector@@"""
"10286e94",36,""".?AV?$_Func_base@PAXPAVCPed@@@std@@"""
"10286ec0",76,""".?AV?$_Func_base@PAXV?$function@$$A6APAXPAVCPed@@@Z@std@@AAPAVCPed@@@std@@"""
"10286f18",392,""".?AV?$_Func_impl_no_alloc@V<lambda_1>@?4???$PatchAll@$0FLPIFL@$0DOJ@$0A@$0A@$0A@$0FLPIFL@$0DOK@$0A@$0A@$0A@@?$BaseEventI@Vfunction_hooker@injector@@U?$RefList@$0FLPIFL@$0DOJ@$0A@$0A@$0A@$0FLPIFL@$0DOK@$0A@$0A@$0A@@plugin@@U?$ArgPick@U?$ArgTypes@$$V@plugin@@$S@4@$$A6AXXZ@plugin@@AAEXU?$RefList@$0FLPIFL@$0DOJ@$0A@$0A@$0A@$0FLPIFL@$0DOK@$0A@$0A@$0A@@3@@Z@PAXV?$function@$$A6APAXXZ@std@@@std@@"""
"102870a8",440,""".?AV?$_Func_impl_no_alloc@V<lambda_1>@?4???$PatchAll@$0FOIIAM@$0DOJ@$0A@$0A@$0A@$0FOIIAM@$0DOK@$0A@$0A@$0A@@?$BaseEventI@Ufunction_hooker_thiscall@injector@@U?$RefList@$0FOIIAM@$0DOJ@$0A@$0A@$0A@$0FOIIAM@$0DOK@$0A@$0A@$0A@@plugin@@U?$ArgPick@U?$ArgTypes@PAVCPed@@@plugin@@$0A@@4@$$A6AXPAVCPed@@@Z@plugin@@AAEXU?$RefList@$0FOIIAM@$0DOJ@$0A@$0A@$0A@$0FOIIAM@$0DOK@$0A@$0A@$0A@@3@@Z@PAXV?$function@$$A6APAXPAVCPed@@@Z@std@@AAPAVCPed@@@std@@"""
"10287268",340,""".?AV?$_Func_impl_no_alloc@V<lambda_1>@?4???$PatchAll@$0FLPIFL@$0DOK@$0A@$0A@$0A@$S@?$BaseEventI@Vfunction_hooker@injector@@U?$RefList@$0FLPIFL@$0DOJ@$0A@$0A@$0A@$0FLPIFL@$0DOK@$0A@$0A@$0A@@plugin@@U?$ArgPick@U?$ArgTypes@$$V@plugin@@$S@4@$$A6AXXZ@plugin@@AAEXU?$RefList@$0FLPIFL@$0DOK@$0A@$0A@$0A@@3@@Z@PAXV?$function@$$A6APAXXZ@std@@@std@@"""
"102873c8",388,""".?AV?$_Func_impl_no_alloc@V<lambda_1>@?4???$PatchAll@$0FOIIAM@$0DOK@$0A@$0A@$0A@$S@?$BaseEventI@Ufunction_hooker_thiscall@injector@@U?$RefList@$0FOIIAM@$0DOJ@$0A@$0A@$0A@$0FOIIAM@$0DOK@$0A@$0A@$0A@@plugin@@U?$ArgPick@U?$ArgTypes@PAVCPed@@@plugin@@$0A@@4@$$A6AXPAVCPed@@@Z@plugin@@AAEXU?$RefList@$0FOIIAM@$0DOK@$0A@$0A@$0A@@3@@Z@PAXV?$function@$$A6APAXPAVCPed@@@Z@std@@AAPAVCPed@@@std@@"""
"10287558",184,""".?AV?$_Ref_count@V?$function_hooker_manager@Vscoped_call@injector@@V?$function_hooker_base@Vscoped_call@injector@@$0FOIIAM@P6EPAXPAVCPed@@@ZPAXPAV3@@2@PAXPAVCPed@@@injector@@@std@@"""
"10287618",164,""".?AV?$_Ref_count@V?$function_hooker_manager@Vscoped_call@injector@@V?$function_hooker_base@Vscoped_call@injector@@$0FLPIFL@P6APAXXZPAX$$V@2@PAX$$V@injector@@@std@@"""
"102876c8",244,""".?AV?$_Func_impl_no_alloc@V<lambda_1>@?1??call_hooks@?$function_hooker_manager@Vscoped_call@injector@@V?$function_hooker_base@Vscoped_call@injector@@$0FOIIAM@P6EPAXPAVCPed@@@ZPAXPAV3@@2@PAXPAVCPed@@@injector@@SAPAXAAPAVCPed@@@Z@PAXPAV5@@std@@"""
"102877c8",216,""".?AV?$_Func_impl_no_alloc@V<lambda_1>@?1??call_hooks@?$function_hooker_manager@Vscoped_call@injector@@V?$function_hooker_base@Vscoped_call@injector@@$0FLPIFL@P6APAXXZPAX$$V@2@PAX$$V@injector@@SAPAXXZ@PAX$$V@std@@"""
"102878a8",244,""".?AV?$_Func_impl_no_alloc@V<lambda_2>@?L@??call_hooks@?$function_hooker_manager@Vscoped_call@injector@@V?$function_hooker_base@Vscoped_call@injector@@$0FOIIAM@P6EPAXPAVCPed@@@ZPAXPAV3@@2@PAXPAVCPed@@@injector@@SAPAXAAPAVCPed@@@Z@PAXPAV5@@std@@"""
"102879a8",216,""".?AV?$_Func_impl_no_alloc@V<lambda_2>@?L@??call_hooks@?$function_hooker_manager@Vscoped_call@injector@@V?$function_hooker_base@Vscoped_call@injector@@$0FLPIFL@P6APAXXZPAX$$V@2@PAX$$V@injector@@SAPAXXZ@PAX$$V@std@@"""
"10287a88",84,""".?AV?$_Func_impl_no_alloc@V<lambda_1>@?1??Initialize@PedColors@@SAXXZ@X$$V@std@@"""
"10287ae8",88,""".?AV?$_Func_impl_no_alloc@V<lambda_2>@?1??Initialize@PedColors@@SAXXZ@XPAVCPed@@@std@@"""
"10287b48",88,""".?AV?$_Func_impl_no_alloc@V<lambda_3>@?1??Initialize@PedColors@@SAXXZ@XPAVCPed@@@std@@"""
"10287ba8",96,""".?AU?$function_hooker_thiscall@Vscoped_call@injector@@$0FOHHPM@$$A6APAXPAVCPed@@@Z@injector@@"""
"10287c10",96,""".?AV?$function_hooker_base@Vscoped_call@injector@@$0FOHHPM@P6EPAXPAVCPed@@@ZPAXPAV3@@injector@@"""
"10287c78",164,""".?AV?$function_hooker_manager@Vscoped_call@injector@@V?$function_hooker_base@Vscoped_call@injector@@$0FOHHPM@P6EPAXPAVCPed@@@ZPAXPAV3@@2@PAXPAVCPed@@@injector@@"""
"10287d28",96,""".?AU?$function_hooker_thiscall@Vscoped_call@injector@@$0FOHIAK@$$A6APAXPAVCPed@@@Z@injector@@"""
"10287d90",96,""".?AV?$function_hooker_base@Vscoped_call@injector@@$0FOHIAK@P6EPAXPAVCPed@@@ZPAXPAV3@@injector@@"""
"10287df8",164,""".?AV?$function_hooker_manager@Vscoped_call@injector@@V?$function_hooker_base@Vscoped_call@injector@@$0FOHIAK@P6EPAXPAVCPed@@@ZPAXPAV3@@2@PAXPAVCPed@@@injector@@"""
"10287ea8",600,""".?AV?$_Func_impl_no_alloc@V<lambda_1>@?4???$PatchAll@$0FOHHPM@$0DOJ@$0A@$0A@$0A@$0FOHHPM@$0DOK@$0A@$0A@$0A@$0FOHIAK@$0DOJ@$0A@$0A@$0A@$0FOHIAK@$0DOK@$0A@$0A@$0A@@?$BaseEventI@Ufunction_hooker_thiscall@injector@@U?$RefList@$0FOHHPM@$0DOJ@$0A@$0A@$0A@$0FOHHPM@$0DOK@$0A@$0A@$0A@$0FOHIAK@$0DOJ@$0A@$0A@$0A@$0FOHIAK@$0DOK@$0A@$0A@$0A@@plugin@@U?$ArgPick@U?$ArgTypes@PAVCPed@@@plugin@@$0A@@4@$$A6AXPAVCPed@@@Z@plugin@@AAEXU?$RefList@$0FOHHPM@$0DOJ@$0A@$0A@$0A@$0FOHHPM@$0DOK@$0A@$0A@$0A@$0FOHIAK@$0DOJ@$0A@$0A@$0A@$0FOHIAK@$0DOK@$0A@$0A@$0A@@3@@Z@PAXV?$function@$$A6APAXPAVCPed@@@Z@std@@AAPAVCPed@@@std@@"""
"10288108",548,""".?AV?$_Func_impl_no_alloc@V<lambda_1>@?4???$PatchAll@$0FOHHPM@$0DOK@$0A@$0A@$0A@$0FOHIAK@$0DOJ@$0A@$0A@$0A@$0FOHIAK@$0DOK@$0A@$0A@$0A@@?$BaseEventI@Ufunction_hooker_thiscall@injector@@U?$RefList@$0FOHHPM@$0DOJ@$0A@$0A@$0A@$0FOHHPM@$0DOK@$0A@$0A@$0A@$0FOHIAK@$0DOJ@$0A@$0A@$0A@$0FOHIAK@$0DOK@$0A@$0A@$0A@@plugin@@U?$ArgPick@U?$ArgTypes@PAVCPed@@@plugin@@$0A@@4@$$A6AXPAVCPed@@@Z@plugin@@AAEXU?$RefList@$0FOHHPM@$0DOK@$0A@$0A@$0A@$0FOHIAK@$0DOJ@$0A@$0A@$0A@$0FOHIAK@$0DOK@$0A@$0A@$0A@@3@@Z@PAXV?$function@$$A6APAXPAVCPed@@@Z@std@@AAPAVCPed@@@std@@"""
"10288338",184,""".?AV?$_Ref_count@V?$function_hooker_manager@Vscoped_call@injector@@V?$function_hooker_base@Vscoped_call@injector@@$0FOHHPM@P6EPAXPAVCPed@@@ZPAXPAV3@@2@PAXPAVCPed@@@injector@@@std@@"""
"102883f8",492,""".?AV?$_Func_impl_no_alloc@V<lambda_1>@?4???$PatchAll@$0FOHIAK@$0DOJ@$0A@$0A@$0A@$0FOHIAK@$0DOK@$0A@$0A@$0A@@?$BaseEventI@Ufunction_hooker_thiscall@injector@@U?$RefList@$0FOHHPM@$0DOJ@$0A@$0A@$0A@$0FOHHPM@$0DOK@$0A@$0A@$0A@$0FOHIAK@$0DOJ@$0A@$0A@$0A@$0FOHIAK@$0DOK@$0A@$0A@$0A@@plugin@@U?$ArgPick@U?$ArgTypes@PAVCPed@@@plugin@@$0A@@4@$$A6AXPAVCPed@@@Z@plugin@@AAEXU?$RefList@$0FOHIAK@$0DOJ@$0A@$0A@$0A@$0FOHIAK@$0DOK@$0A@$0A@$0A@@3@@Z@PAXV?$function@$$A6APAXPAVCPed@@@Z@std@@AAPAVCPed@@@std@@"""
"102885f0",244,""".?AV?$_Func_impl_no_alloc@V<lambda_1>@?1??call_hooks@?$function_hooker_manager@Vscoped_call@injector@@V?$function_hooker_base@Vscoped_call@injector@@$0FOHHPM@P6EPAXPAVCPed@@@ZPAXPAV3@@2@PAXPAVCPed@@@injector@@SAPAXAAPAVCPed@@@Z@PAXPAV5@@std@@"""
"102886f0",244,""".?AV?$_Func_impl_no_alloc@V<lambda_2>@?L@??call_hooks@?$function_hooker_manager@Vscoped_call@injector@@V?$function_hooker_base@Vscoped_call@injector@@$0FOHHPM@P6EPAXPAVCPed@@@ZPAXPAV3@@2@PAXPAVCPed@@@injector@@SAPAXAAPAVCPed@@@Z@PAXPAV5@@std@@"""
"102887f0",440,""".?AV?$_Func_impl_no_alloc@V<lambda_1>@?4???$PatchAll@$0FOHIAK@$0DOK@$0A@$0A@$0A@$S@?$BaseEventI@Ufunction_hooker_thiscall@injector@@U?$RefList@$0FOHHPM@$0DOJ@$0A@$0A@$0A@$0FOHHPM@$0DOK@$0A@$0A@$0A@$0FOHIAK@$0DOJ@$0A@$0A@$0A@$0FOHIAK@$0DOK@$0A@$0A@$0A@@plugin@@U?$ArgPick@U?$ArgTypes@PAVCPed@@@plugin@@$0A@@4@$$A6AXPAVCPed@@@Z@plugin@@AAEXU?$RefList@$0FOHIAK@$0DOK@$0A@$0A@$0A@@3@@Z@PAXV?$function@$$A6APAXPAVCPed@@@Z@std@@AAPAVCPed@@@std@@"""
"102889b0",184,""".?AV?$_Ref_count@V?$function_hooker_manager@Vscoped_call@injector@@V?$function_hooker_base@Vscoped_call@injector@@$0FOHIAK@P6EPAXPAVCPed@@@ZPAXPAV3@@2@PAXPAVCPed@@@injector@@@std@@"""
"10288a70",244,""".?AV?$_Func_impl_no_alloc@V<lambda_1>@?1??call_hooks@?$function_hooker_manager@Vscoped_call@injector@@V?$function_hooker_base@Vscoped_call@injector@@$0FOHIAK@P6EPAXPAVCPed@@@ZPAXPAV3@@2@PAXPAVCPed@@@injector@@SAPAXAAPAVCPed@@@Z@PAXPAV5@@std@@"""
"10288b70",244,""".?AV?$_Func_impl_no_alloc@V<lambda_2>@?L@??call_hooks@?$function_hooker_manager@Vscoped_call@injector@@V?$function_hooker_base@Vscoped_call@injector@@$0FOHIAK@P6EPAXPAVCPed@@@ZPAXPAV3@@2@PAXPAVCPed@@@injector@@SAPAXAAPAVCPed@@@Z@PAXPAV5@@std@@"""
"10288c6c",28,""".?AVscoped_jmp@injector@@"""
"10288c90",40,""".?AV?$_Func_base@XPAVCVehicle@@@std@@"""
"10288cc0",100,""".?AU?$function_hooker_thiscall@Vscoped_call@injector@@$0GOCNDF@$$A6APAXPAVCVehicle@@@Z@injector@@"""
"10288d30",100,""".?AV?$function_hooker_base@Vscoped_call@injector@@$0GOCNDF@P6EPAXPAVCVehicle@@@ZPAXPAV3@@injector@@"""
"10288da0",172,""".?AV?$function_hooker_manager@Vscoped_call@injector@@V?$function_hooker_base@Vscoped_call@injector@@$0GOCNDF@P6EPAXPAVCVehicle@@@ZPAXPAV3@@2@PAXPAVCVehicle@@@injector@@"""
"10288e54",40,""".?AV?$_Func_base@PAXPAVCVehicle@@@std@@"""
"10288e88",100,""".?AU?$function_hooker_thiscall@Vscoped_call@injector@@$0GNFPCP@$$A6APAXPAVCVehicle@@@Z@injector@@"""
"10288ef8",100,""".?AV?$function_hooker_base@Vscoped_call@injector@@$0GNFPCP@P6EPAXPAVCVehicle@@@ZPAXPAV3@@injector@@"""
"10288f68",172,""".?AV?$function_hooker_manager@Vscoped_call@injector@@V?$function_hooker_base@Vscoped_call@injector@@$0GNFPCP@P6EPAXPAVCVehicle@@@ZPAXPAV3@@2@PAXPAVCVehicle@@@injector@@"""
"10289020",84,""".?AV?$_Func_base@PAXV?$function@$$A6APAXPAVCVehicle@@@Z@std@@AAPAVCVehicle@@@std@@"""
"10289080",456,""".?AV?$_Func_impl_no_alloc@V<lambda_1>@?4???$PatchAll@$0GOCNDF@$0DOJ@$0A@$0A@$0A@$0GOCNDF@$0DOK@$0A@$0A@$0A@@?$BaseEventI@Ufunction_hooker_thiscall@injector@@U?$RefList@$0GOCNDF@$0DOJ@$0A@$0A@$0A@$0GOCNDF@$0DOK@$0A@$0A@$0A@@plugin@@U?$ArgPick@U?$ArgTypes@PAVCVehicle@@@plugin@@$0A@@4@$$A6AXPAVCVehicle@@@Z@plugin@@AAEXU?$RefList@$0GOCNDF@$0DOJ@$0A@$0A@$0A@$0GOCNDF@$0DOK@$0A@$0A@$0A@@3@@Z@PAXV?$function@$$A6APAXPAVCVehicle@@@Z@std@@AAPAVCVehicle@@@std@@"""
"10289250",456,""".?AV?$_Func_impl_no_alloc@V<lambda_1>@?4???$PatchAll@$0GNFPCP@$0DOJ@$0A@$0A@$0A@$0GNFPCP@$0DOK@$0A@$0A@$0A@@?$BaseEventI@Ufunction_hooker_thiscall@injector@@U?$RefList@$0GNFPCP@$0DOJ@$0A@$0A@$0A@$0GNFPCP@$0DOK@$0A@$0A@$0A@@plugin@@U?$ArgPick@U?$ArgTypes@PAVCVehicle@@@plugin@@$0A@@4@$$A6AXPAVCVehicle@@@Z@plugin@@AAEXU?$RefList@$0GNFPCP@$0DOJ@$0A@$0A@$0A@$0GNFPCP@$0DOK@$0A@$0A@$0A@@3@@Z@PAXV?$function@$$A6APAXPAVCVehicle@@@Z@std@@AAPAVCVehicle@@@std@@"""
"10289420",404,""".?AV?$_Func_impl_no_alloc@V<lambda_1>@?4???$PatchAll@$0GOCNDF@$0DOK@$0A@$0A@$0A@$S@?$BaseEventI@Ufunction_hooker_thiscall@injector@@U?$RefList@$0GOCNDF@$0DOJ@$0A@$0A@$0A@$0GOCNDF@$0DOK@$0A@$0A@$0A@@plugin@@U?$ArgPick@U?$ArgTypes@PAVCVehicle@@@plugin@@$0A@@4@$$A6AXPAVCVehicle@@@Z@plugin@@AAEXU?$RefList@$0GOCNDF@$0DOK@$0A@$0A@$0A@@3@@Z@PAXV?$function@$$A6APAXPAVCVehicle@@@Z@std@@AAPAVCVehicle@@@std@@"""
"102895c0",404,""".?AV?$_Func_impl_no_alloc@V<lambda_1>@?4???$PatchAll@$0GNFPCP@$0DOK@$0A@$0A@$0A@$S@?$BaseEventI@Ufunction_hooker_thiscall@injector@@U?$RefList@$0GNFPCP@$0DOJ@$0A@$0A@$0A@$0GNFPCP@$0DOK@$0A@$0A@$0A@@plugin@@U?$ArgPick@U?$ArgTypes@PAVCVehicle@@@plugin@@$0A@@4@$$A6AXPAVCVehicle@@@Z@plugin@@AAEXU?$RefList@$0GNFPCP@$0DOK@$0A@$0A@$0A@@3@@Z@PAXV?$function@$$A6APAXPAVCVehicle@@@Z@std@@AAPAVCVehicle@@@std@@"""
"10289760",192,""".?AV?$_Ref_count@V?$function_hooker_manager@Vscoped_call@injector@@V?$function_hooker_base@Vscoped_call@injector@@$0GNFPCP@P6EPAXPAVCVehicle@@@ZPAXPAV3@@2@PAXPAVCVehicle@@@injector@@@std@@"""
"10289828",192,""".?AV?$_Ref_count@V?$function_hooker_manager@Vscoped_call@injector@@V?$function_hooker_base@Vscoped_call@injector@@$0GOCNDF@P6EPAXPAVCVehicle@@@ZPAXPAV3@@2@PAXPAVCVehicle@@@injector@@@std@@"""
"102898f0",256,""".?AV?$_Func_impl_no_alloc@V<lambda_1>@?1??call_hooks@?$function_hooker_manager@Vscoped_call@injector@@V?$function_hooker_base@Vscoped_call@injector@@$0GNFPCP@P6EPAXPAVCVehicle@@@ZPAXPAV3@@2@PAXPAVCVehicle@@@injector@@SAPAXAAPAVCVehicle@@@Z@PAXPAV5@@std@@"""
"102899f8",256,""".?AV?$_Func_impl_no_alloc@V<lambda_1>@?1??call_hooks@?$function_hooker_manager@Vscoped_call@injector@@V?$function_hooker_base@Vscoped_call@injector@@$0GOCNDF@P6EPAXPAVCVehicle@@@ZPAXPAV3@@2@PAXPAVCVehicle@@@injector@@SAPAXAAPAVCVehicle@@@Z@PAXPAV5@@std@@"""
"10289b00",256,""".?AV?$_Func_impl_no_alloc@V<lambda_2>@?L@??call_hooks@?$function_hooker_manager@Vscoped_call@injector@@V?$function_hooker_base@Vscoped_call@injector@@$0GNFPCP@P6EPAXPAVCVehicle@@@ZPAXPAV3@@2@PAXPAVCVehicle@@@injector@@SAPAXAAPAVCVehicle@@@Z@PAXPAV5@@std@@"""
"10289c08",256,""".?AV?$_Func_impl_no_alloc@V<lambda_2>@?L@??call_hooks@?$function_hooker_manager@Vscoped_call@injector@@V?$function_hooker_base@Vscoped_call@injector@@$0GOCNDF@P6EPAXPAVCVehicle@@@ZPAXPAV3@@2@PAXPAVCVehicle@@@injector@@SAPAXAAPAVCVehicle@@@Z@PAXPAV5@@std@@"""
"10289d10",96,""".?AV?$_Func_impl_no_alloc@V<lambda_1>@?1??Initialize@LicensePlates@@SAXXZ@XPAVCVehicle@@@std@@"""
"10289d78",96,""".?AV?$_Func_impl_no_alloc@V<lambda_2>@?1??Initialize@LicensePlates@@SAXXZ@XPAVCVehicle@@@std@@"""
"10289de0",96,""".?AV?$_Func_impl_no_alloc@V<lambda_3>@?1??Initialize@LicensePlates@@SAXXZ@XPAVCVehicle@@@std@@"""
"10289e48",100,""".?AU?$function_hooker_thiscall@Vscoped_call@injector@@$0GMEFCD@$$A6APAXPAVCVehicle@@@Z@injector@@"""
"10289eb8",100,""".?AV?$function_hooker_base@Vscoped_call@injector@@$0GMEFCD@P6EPAXPAVCVehicle@@@ZPAXPAV3@@injector@@"""
"10289f28",172,""".?AV?$function_hooker_manager@Vscoped_call@injector@@V?$function_hooker_base@Vscoped_call@injector@@$0GMEFCD@P6EPAXPAVCVehicle@@@ZPAXPAV3@@2@PAXPAVCVehicle@@@injector@@"""
"10289fe0",100,""".?AU?$function_hooker_thiscall@Vscoped_jmp@injector@@$0GNAOIJ@$$A6APAXPAVCVehicle@@@Z@injector@@"""
"1028a050",100,""".?AV?$function_hooker_base@Vscoped_jmp@injector@@$0GNAOIJ@P6EPAXPAVCVehicle@@@ZPAXPAV3@@injector@@"""
"1028a0c0",168,""".?AV?$function_hooker_manager@Vscoped_jmp@injector@@V?$function_hooker_base@Vscoped_jmp@injector@@$0GNAOIJ@P6EPAXPAVCVehicle@@@ZPAXPAV3@@2@PAXPAVCVehicle@@@injector@@"""
"1028a170",612,""".?AV?$_Func_impl_no_alloc@V<lambda_1>@?4???$PatchAll@$0GMEFCD@$0DOJ@$0A@$0A@$0A@$0GMEFCD@$0DOK@$0A@$0A@$0A@$0GNAOIJ@$0DOJ@$00$0A@$0A@$0GNAOIJ@$0DOK@$00$0A@$0A@@?$BaseEventI@Ufunction_hooker_thiscall@injector@@U?$RefList@$0GMEFCD@$0DOJ@$0A@$0A@$0A@$0GMEFCD@$0DOK@$0A@$0A@$0A@$0GNAOIJ@$0DOJ@$00$0A@$0A@$0GNAOIJ@$0DOK@$00$0A@$0A@@plugin@@U?$ArgPick@U?$ArgTypes@PAVCVehicle@@@plugin@@$0A@@4@$$A6AXPAVCVehicle@@@Z@plugin@@AAEXU?$RefList@$0GMEFCD@$0DOJ@$0A@$0A@$0A@$0GMEFCD@$0DOK@$0A@$0A@$0A@$0GNAOIJ@$0DOJ@$00$0A@$0A@$0GNAOIJ@$0DOK@$00$0A@$0A@@3@@Z@PAXV?$function@$$A6APAXPAVCVehicle@@@Z@std@@AAPAVCVehicle@@@std@@"""
"1028a3e0",556,""".?AV?$_Func_impl_no_alloc@V<lambda_1>@?4???$PatchAll@$0GMEFCD@$0DOK@$0A@$0A@$0A@$0GNAOIJ@$0DOJ@$00$0A@$0A@$0GNAOIJ@$0DOK@$00$0A@$0A@@?$BaseEventI@Ufunction_hooker_thiscall@injector@@U?$RefList@$0GMEFCD@$0DOJ@$0A@$0A@$0A@$0GMEFCD@$0DOK@$0A@$0A@$0A@$0GNAOIJ@$0DOJ@$00$0A@$0A@$0GNAOIJ@$0DOK@$00$0A@$0A@@plugin@@U?$ArgPick@U?$ArgTypes@PAVCVehicle@@@plugin@@$0A@@4@$$A6AXPAVCVehicle@@@Z@plugin@@AAEXU?$RefList@$0GMEFCD@$0DOK@$0A@$0A@$0A@$0GNAOIJ@$0DOJ@$00$0A@$0A@$0GNAOIJ@$0DOK@$00$0A@$0A@@3@@Z@PAXV?$function@$$A6APAXPAVCVehicle@@@Z@std@@AAPAVCVehicle@@@std@@"""
"1028a618",192,""".?AV?$_Ref_count@V?$function_hooker_manager@Vscoped_call@injector@@V?$function_hooker_base@Vscoped_call@injector@@$0GMEFCD@P6EPAXPAVCVehicle@@@ZPAXPAV3@@2@PAXPAVCVehicle@@@injector@@@std@@"""
"1028a6e0",504,""".?AV?$_Func_impl_no_alloc@V<lambda_1>@?4???$PatchAll@$0GNAOIJ@$0DOJ@$00$0A@$0A@$0GNAOIJ@$0DOK@$00$0A@$0A@@?$BaseEventI@Ufunction_hooker_thiscall@injector@@U?$RefList@$0GMEFCD@$0DOJ@$0A@$0A@$0A@$0GMEFCD@$0DOK@$0A@$0A@$0A@$0GNAOIJ@$0DOJ@$00$0A@$0A@$0GNAOIJ@$0DOK@$00$0A@$0A@@plugin@@U?$ArgPick@U?$ArgTypes@PAVCVehicle@@@plugin@@$0A@@4@$$A6AXPAVCVehicle@@@Z@plugin@@AAEXU?$RefList@$0GNAOIJ@$0DOJ@$00$0A@$0A@$0GNAOIJ@$0DOK@$00$0A@$0A@@3@@Z@PAXV?$function@$$A6APAXPAVCVehicle@@@Z@std@@AAPAVCVehicle@@@std@@"""
"1028a8e0",256,""".?AV?$_Func_impl_no_alloc@V<lambda_1>@?1??call_hooks@?$function_hooker_manager@Vscoped_call@injector@@V?$function_hooker_base@Vscoped_call@injector@@$0GMEFCD@P6EPAXPAVCVehicle@@@ZPAXPAV3@@2@PAXPAVCVehicle@@@injector@@SAPAXAAPAVCVehicle@@@Z@PAXPAV5@@std@@"""
"1028a9e8",256,""".?AV?$_Func_impl_no_alloc@V<lambda_2>@?L@??call_hooks@?$function_hooker_manager@Vscoped_call@injector@@V?$function_hooker_base@Vscoped_call@injector@@$0GMEFCD@P6EPAXPAVCVehicle@@@ZPAXPAV3@@2@PAXPAVCVehicle@@@injector@@SAPAXAAPAVCVehicle@@@Z@PAXPAV5@@std@@"""
"1028aaf0",452,""".?AV?$_Func_impl_no_alloc@V<lambda_1>@?4???$PatchAll@$0GNAOIJ@$0DOK@$00$0A@$0A@$S@?$BaseEventI@Ufunction_hooker_thiscall@injector@@U?$RefList@$0GMEFCD@$0DOJ@$0A@$0A@$0A@$0GMEFCD@$0DOK@$0A@$0A@$0A@$0GNAOIJ@$0DOJ@$00$0A@$0A@$0GNAOIJ@$0DOK@$00$0A@$0A@@plugin@@U?$ArgPick@U?$ArgTypes@PAVCVehicle@@@plugin@@$0A@@4@$$A6AXPAVCVehicle@@@Z@plugin@@AAEXU?$RefList@$0GNAOIJ@$0DOK@$00$0A@$0A@@3@@Z@PAXV?$function@$$A6APAXPAVCVehicle@@@Z@std@@AAPAVCVehicle@@@std@@"""
"1028acc0",188,""".?AV?$_Ref_count@V?$function_hooker_manager@Vscoped_jmp@injector@@V?$function_hooker_base@Vscoped_jmp@injector@@$0GNAOIJ@P6EPAXPAVCVehicle@@@ZPAXPAV3@@2@PAXPAVCVehicle@@@injector@@@std@@"""
"1028ad88",256,""".?AV?$_Func_impl_no_alloc@V<lambda_1>@?1??call_hooks@?$function_hooker_manager@Vscoped_jmp@injector@@V?$function_hooker_base@Vscoped_jmp@injector@@$0GNAOIJ@P6EPAXPAVCVehicle@@@ZPAXPAV3@@2@PAXPAVCVehicle@@@injector@@SAPAXAAPAVCVehicle@@@Z@PAXPAV5@@std@@"""
"1028ae90",256,""".?AV?$_Func_impl_no_alloc@V<lambda_2>@?L@??call_hooks@?$function_hooker_manager@Vscoped_jmp@injector@@V?$function_hooker_base@Vscoped_jmp@injector@@$0GNAOIJ@P6EPAXPAVCVehicle@@@ZPAXPAV3@@2@PAXPAVCVehicle@@@injector@@SAPAXAAPAVCVehicle@@@Z@PAXPAV5@@std@@"""
"1028af98",84,""".?AV?$_Func_impl_no_alloc@V<lambda_1>@?1??Initialize@CProfiler@@SAXXZ@X$$V@std@@"""
"1028aff8",84,""".?AV?$_Func_impl_no_alloc@V<lambda_2>@?1??Initialize@CProfiler@@SAXXZ@X$$V@std@@"""
"1028b058",76,""".?AV?$_Func_impl_no_alloc@V<lambda_1>@?1??RadarEx_Patch@@YAXXZ@X$$V@std@@"""
"1028b0b0",76,""".?AV?$function_hooker@Vscoped_call@injector@@$0FLPDKB@$$A6APAXXZ@injector@@"""
"1028b108",88,""".?AV?$function_hooker_base@Vscoped_call@injector@@$0FLPDKB@P6APAXXZPAX$$V@injector@@"""
"1028b168",144,""".?AV?$function_hooker_manager@Vscoped_call@injector@@V?$function_hooker_base@Vscoped_call@injector@@$0FLPDKB@P6APAXXZPAX$$V@2@PAX$$V@injector@@"""
"1028b200",392,""".?AV?$_Func_impl_no_alloc@V<lambda_1>@?4???$PatchAll@$0FLPDKB@$0DOJ@$0A@$0A@$0A@$0FLPDKB@$0DOK@$0A@$0A@$0A@@?$BaseEventI@Vfunction_hooker@injector@@U?$RefList@$0FLPDKB@$0DOJ@$0A@$0A@$0A@$0FLPDKB@$0DOK@$0A@$0A@$0A@@plugin@@U?$ArgPick@U?$ArgTypes@$$V@plugin@@$S@4@$$A6AXXZ@plugin@@AAEXU?$RefList@$0FLPDKB@$0DOJ@$0A@$0A@$0A@$0FLPDKB@$0DOK@$0A@$0A@$0A@@3@@Z@PAXV?$function@$$A6APAXXZ@std@@@std@@"""
"1028b390",340,""".?AV?$_Func_impl_no_alloc@V<lambda_1>@?4???$PatchAll@$0FLPDKB@$0DOK@$0A@$0A@$0A@$S@?$BaseEventI@Vfunction_hooker@injector@@U?$RefList@$0FLPDKB@$0DOJ@$0A@$0A@$0A@$0FLPDKB@$0DOK@$0A@$0A@$0A@@plugin@@U?$ArgPick@U?$ArgTypes@$$V@plugin@@$S@4@$$A6AXXZ@plugin@@AAEXU?$RefList@$0FLPDKB@$0DOK@$0A@$0A@$0A@@3@@Z@PAXV?$function@$$A6APAXXZ@std@@@std@@"""
"1028b4f0",164,""".?AV?$_Ref_count@V?$function_hooker_manager@Vscoped_call@injector@@V?$function_hooker_base@Vscoped_call@injector@@$0FLPDKB@P6APAXXZPAX$$V@2@PAX$$V@injector@@@std@@"""
"1028b5a0",216,""".?AV?$_Func_impl_no_alloc@V<lambda_1>@?1??call_hooks@?$function_hooker_manager@Vscoped_call@injector@@V?$function_hooker_base@Vscoped_call@injector@@$0FLPDKB@P6APAXXZPAX$$V@2@PAX$$V@injector@@SAPAXXZ@PAX$$V@std@@"""
"1028b680",216,""".?AV?$_Func_impl_no_alloc@V<lambda_2>@?L@??call_hooks@?$function_hooker_manager@Vscoped_call@injector@@V?$function_hooker_base@Vscoped_call@injector@@$0FLPDKB@P6APAXXZPAX$$V@2@PAX$$V@injector@@SAPAXXZ@PAX$$V@std@@"""
"1028b760",36,""".?AV_System_error_category@std@@"""
"1028b790",76,""".?AV?$_Func_impl_no_alloc@V<lambda_1>@?1??RadioEx_Patch@@YAXXZ@X$$V@std@@"""
"1028b7e8",76,""".?AV?$_Func_impl_no_alloc@V<lambda_2>@?1??RadioEx_Patch@@YAXXZ@X$$V@std@@"""
"1028b840",76,""".?AV?$_Func_impl_no_alloc@V<lambda_3>@?1??RadioEx_Patch@@YAXXZ@X$$V@std@@"""
"1028b898",76,""".?AV?$_Func_impl_no_alloc@V<lambda_4>@?1??RadioEx_Patch@@YAXXZ@X$$V@std@@"""
"1028b8f0",76,""".?AV?$_Func_impl_no_alloc@V<lambda_5>@?1??RadioEx_Patch@@YAXXZ@X$$V@std@@"""
"1028b948",76,""".?AV?$num_get@DV?$istreambuf_iterator@DU?$char_traits@D@std@@@std@@@std@@"""
"1028b99c",44,""".?AV?$_Func_base@XPAVCAutomobile@@@std@@"""
"1028b9d0",88,""".?AV?$_Func_impl_no_alloc@V<lambda_1>@?1??Initialize@StreetRubbish@@SAXXZ@X$$V@std@@"""
"1028ba30",88,""".?AV?$_Func_impl_no_alloc@V<lambda_2>@?1??Initialize@StreetRubbish@@SAXXZ@X$$V@std@@"""
"1028ba90",88,""".?AV?$_Func_impl_no_alloc@V<lambda_3>@?1??Initialize@StreetRubbish@@SAXXZ@X$$V@std@@"""
"1028baf0",88,""".?AV?$_Func_impl_no_alloc@V<lambda_4>@?1??Initialize@StreetRubbish@@SAXXZ@X$$V@std@@"""
"1028bb50",100,""".?AV?$_Func_impl_no_alloc@V<lambda_5>@?1??Initialize@StreetRubbish@@SAXXZ@XPAVCAutomobile@@@std@@"""
"1028bbc0",104,""".?AU?$function_hooker_thiscall@Vscoped_call@injector@@$0GLBJPJ@$$A6APAXPAVCAutomobile@@@Z@injector@@"""
"1028bc30",104,""".?AV?$function_hooker_base@Vscoped_call@injector@@$0GLBJPJ@P6EPAXPAVCAutomobile@@@ZPAXPAV3@@injector@@"""
"1028bca0",176,""".?AV?$function_hooker_manager@Vscoped_call@injector@@V?$function_hooker_base@Vscoped_call@injector@@$0GLBJPJ@P6EPAXPAVCAutomobile@@@ZPAXPAV3@@2@PAXPAVCAutomobile@@@injector@@"""
"1028bd58",44,""".?AV?$_Func_base@PAXPAVCAutomobile@@@std@@"""
"1028bd90",88,""".?AU?$function_hooker_thiscall@Vscoped_call@injector@@$0FDOKND@$$A6APAXXZ@injector@@"""
"1028bdf0",88,""".?AV?$function_hooker_base@Vscoped_call@injector@@$0FDOKND@P6EPAXXZPAX$$V@injector@@"""
"1028be50",144,""".?AV?$function_hooker_manager@Vscoped_call@injector@@V?$function_hooker_base@Vscoped_call@injector@@$0FDOKND@P6EPAXXZPAX$$V@2@PAX$$V@injector@@"""
"1028bee8",92,""".?AV?$_Func_base@PAXV?$function@$$A6APAXPAVCAutomobile@@@Z@std@@AAPAVCAutomobile@@@std@@"""
"1028bf50",468,""".?AV?$_Func_impl_no_alloc@V<lambda_1>@?4???$PatchAll@$0GLBJPJ@$0DOJ@$0A@$0A@$0A@$0GLBJPJ@$0DOK@$0A@$0A@$0A@@?$BaseEventI@Ufunction_hooker_thiscall@injector@@U?$RefList@$0GLBJPJ@$0DOJ@$0A@$0A@$0A@$0GLBJPJ@$0DOK@$0A@$0A@$0A@@plugin@@U?$ArgPick@U?$ArgTypes@PAVCAutomobile@@@plugin@@$0A@@4@$$A6AXPAVCAutomobile@@@Z@plugin@@AAEXU?$RefList@$0GLBJPJ@$0DOJ@$0A@$0A@$0A@$0GLBJPJ@$0DOK@$0A@$0A@$0A@@3@@Z@PAXV?$function@$$A6APAXPAVCAutomobile@@@Z@std@@AAPAVCAutomobile@@@std@@"""
"1028c130",404,""".?AV?$_Func_impl_no_alloc@V<lambda_1>@?4???$PatchAll@$0FDOKND@$0DOJ@$0A@$0A@$0A@$0FDOKND@$0DOK@$0A@$0A@$0A@@?$BaseEventI@Ufunction_hooker_thiscall@injector@@U?$RefList@$0FDOKND@$0DOJ@$0A@$0A@$0A@$0FDOKND@$0DOK@$0A@$0A@$0A@@plugin@@U?$ArgPick@U?$ArgTypes@$$V@plugin@@$S@4@$$A6AXXZ@plugin@@AAEXU?$RefList@$0FDOKND@$0DOJ@$0A@$0A@$0A@$0FDOKND@$0DOK@$0A@$0A@$0A@@3@@Z@PAXV?$function@$$A6APAXXZ@std@@@std@@"""
"1028c2d0",416,""".?AV?$_Func_impl_no_alloc@V<lambda_1>@?4???$PatchAll@$0GLBJPJ@$0DOK@$0A@$0A@$0A@$S@?$BaseEventI@Ufunction_hooker_thiscall@injector@@U?$RefList@$0GLBJPJ@$0DOJ@$0A@$0A@$0A@$0GLBJPJ@$0DOK@$0A@$0A@$0A@@plugin@@U?$ArgPick@U?$ArgTypes@PAVCAutomobile@@@plugin@@$0A@@4@$$A6AXPAVCAutomobile@@@Z@plugin@@AAEXU?$RefList@$0GLBJPJ@$0DOK@$0A@$0A@$0A@@3@@Z@PAXV?$function@$$A6APAXPAVCAutomobile@@@Z@std@@AAPAVCAutomobile@@@std@@"""
"1028c478",352,""".?AV?$_Func_impl_no_alloc@V<lambda_1>@?4???$PatchAll@$0FDOKND@$0DOK@$0A@$0A@$0A@$S@?$BaseEventI@Ufunction_hooker_thiscall@injector@@U?$RefList@$0FDOKND@$0DOJ@$0A@$0A@$0A@$0FDOKND@$0DOK@$0A@$0A@$0A@@plugin@@U?$ArgPick@U?$ArgTypes@$$V@plugin@@$S@4@$$A6AXXZ@plugin@@AAEXU?$RefList@$0FDOKND@$0DOK@$0A@$0A@$0A@@3@@Z@PAXV?$function@$$A6APAXXZ@std@@@std@@"""
"1028c5e0",164,""".?AV?$_Ref_count@V?$function_hooker_manager@Vscoped_call@injector@@V?$function_hooker_base@Vscoped_call@injector@@$0FDOKND@P6EPAXXZPAX$$V@2@PAX$$V@injector@@@std@@"""
"1028c690",196,""".?AV?$_Ref_count@V?$function_hooker_manager@Vscoped_call@injector@@V?$function_hooker_base@Vscoped_call@injector@@$0GLBJPJ@P6EPAXPAVCAutomobile@@@ZPAXPAV3@@2@PAXPAVCAutomobile@@@injector@@@std@@"""
"1028c760",216,""".?AV?$_Func_impl_no_alloc@V<lambda_1>@?1??call_hooks@?$function_hooker_manager@Vscoped_call@injector@@V?$function_hooker_base@Vscoped_call@injector@@$0FDOKND@P6EPAXXZPAX$$V@2@PAX$$V@injector@@SAPAXXZ@PAX$$V@std@@"""
"1028c840",264,""".?AV?$_Func_impl_no_alloc@V<lambda_1>@?1??call_hooks@?$function_hooker_manager@Vscoped_call@injector@@V?$function_hooker_base@Vscoped_call@injector@@$0GLBJPJ@P6EPAXPAVCAutomobile@@@ZPAXPAV3@@2@PAXPAVCAutomobile@@@injector@@SAPAXAAPAVCAutomobile@@@Z@PAXPAV5@@std@@"""
"1028c950",216,""".?AV?$_Func_impl_no_alloc@V<lambda_2>@?L@??call_hooks@?$function_hooker_manager@Vscoped_call@injector@@V?$function_hooker_base@Vscoped_call@injector@@$0FDOKND@P6EPAXXZPAX$$V@2@PAX$$V@injector@@SAPAXXZ@PAX$$V@std@@"""
"1028ca30",268,""".?AV?$_Func_impl_no_alloc@V<lambda_2>@?L@??call_hooks@?$function_hooker_manager@Vscoped_call@injector@@V?$function_hooker_base@Vscoped_call@injector@@$0GLBJPJ@P6EPAXPAVCAutomobile@@@ZPAXPAV3@@2@PAXPAVCAutomobile@@@injector@@SAPAXAAPAVCAutomobile@@@Z@PAXPAV5@@std@@"""
"1028cb44",52,""".?AV?$basic_ofstream@DU?$char_traits@D@std@@@std@@"""
"1028cb80",64,""".?AV?$_Func_base@V?$vector@EV?$allocator@E@std@@@std@@$$V@std@@"""
"1028cbc8",64,""".?AV?$_Func_base@XABV?$vector@EV?$allocator@E@std@@@std@@@std@@"""
"1028cc10",76,""".?AV?$function_hooker@Vscoped_jmp@injector@@$0FFKHIA@$$A6AHHE@Z@injector@@"""
"1028cc68",84,""".?AV?$function_hooker_base@Vscoped_jmp@injector@@$0FFKHIA@P6AHHE@ZHHE@injector@@"""
"1028ccc8",136,""".?AV?$function_hooker_manager@Vscoped_jmp@injector@@V?$function_hooker_base@Vscoped_jmp@injector@@$0FFKHIA@P6AHHE@ZHHE@2@HHE@injector@@"""
"1028cd58",28,""".?AV?$_Func_base@HHE@std@@"""
"1028cd80",120,""".?AV?$_Func_impl_no_alloc@V<lambda_1>@?1??Initialize@StatExtender@@SAXXZ@V?$vector@EV?$allocator@E@std@@@std@@$$V@std@@"""
"1028ce00",120,""".?AV?$_Func_impl_no_alloc@V<lambda_2>@?1??Initialize@StatExtender@@SAXXZ@XABV?$vector@EV?$allocator@E@std@@@std@@@std@@"""
"1028ce80",84,""".?AV?$_Func_impl_no_alloc@V<lambda_3>@?1??Initialize@StatExtender@@SAXXZ@X$$V@std@@"""
"1028cee0",84,""".?AV?$_Func_impl_no_alloc@V<lambda_4>@?1??Initialize@StatExtender@@SAXXZ@X$$V@std@@"""
"1028cf40",60,""".?AV?$_Func_base@HV?$function@$$A6AHHE@Z@std@@AAHAAE@std@@"""
"1028cf88",136,""".?AV?$_Func_impl_no_alloc@V<lambda_1>@?1???$hkConstructStatLine@$0FFKHIA@@StatExtender@@CAXXZ@HV?$function@$$A6AHHE@Z@std@@AAHAAE@std@@"""
"1028d018",156,""".?AV?$_Ref_count@V?$function_hooker_manager@Vscoped_jmp@injector@@V?$function_hooker_base@Vscoped_jmp@injector@@$0FFKHIA@P6AHHE@ZHHE@2@HHE@injector@@@std@@"""
"1028d0c0",208,""".?AV?$_Func_impl_no_alloc@V<lambda_1>@?1??call_hooks@?$function_hooker_manager@Vscoped_jmp@injector@@V?$function_hooker_base@Vscoped_jmp@injector@@$0FFKHIA@P6AHHE@ZHHE@2@HHE@injector@@SAHAAHAAE@Z@HHE@std@@"""
"1028d198",208,""".?AV?$_Func_impl_no_alloc@V<lambda_2>@?L@??call_hooks@?$function_hooker_manager@Vscoped_jmp@injector@@V?$function_hooker_base@Vscoped_jmp@injector@@$0FFKHIA@P6AHHE@ZHHE@2@HHE@injector@@SAHAAHAAE@Z@HHE@std@@"""
"1028d270",80,""".?AV?$_Func_impl_no_alloc@V<lambda_1>@?1??PostEffects_Patch@@YAXXZ@X$$V@std@@"""
"1028d2c8",76,""".?AV?$basic_ostringstream@DU?$char_traits@D@std@@V?$allocator@D@2@@std@@"""
"1028d320",76,""".?AV?$num_put@DV?$ostreambuf_iterator@DU?$char_traits@D@std@@@std@@@std@@"""
"1028d378",76,""".?AV?$_Func_impl_no_alloc@V<lambda_1>@?4??Weather_Patch@@YAXXZ@X$$V@std@@"""
"1028d3d0",80,""".?AV?$_Func_impl_no_alloc@V<lambda_1>@?1??FluffyCloud_Patch@@YAXXZ@X$$V@std@@"""
"1028d428",80,""".?AV?$_Func_impl_no_alloc@V<lambda_2>@?1??FluffyCloud_Patch@@YAXXZ@X$$V@std@@"""
"1028d480",80,""".?AV?$_Func_impl_no_alloc@V<lambda_3>@?1??FluffyCloud_Patch@@YAXXZ@X$$V@std@@"""
"1028d4d8",80,""".?AV?$_Func_impl_no_alloc@V<lambda_4>@?1??FluffyCloud_Patch@@YAXXZ@X$$V@std@@"""
"1028d530",88,""".?AU?$function_hooker_thiscall@Vscoped_call@injector@@$0HBHIPA@$$A6APAXXZ@injector@@"""
"1028d590",88,""".?AV?$function_hooker_base@Vscoped_call@injector@@$0HBHIPA@P6EPAXXZPAX$$V@injector@@"""
"1028d5f0",144,""".?AV?$function_hooker_manager@Vscoped_call@injector@@V?$function_hooker_base@Vscoped_call@injector@@$0HBHIPA@P6EPAXXZPAX$$V@2@PAX$$V@injector@@"""
"1028d688",404,""".?AV?$_Func_impl_no_alloc@V<lambda_1>@?4???$PatchAll@$0HBHIPA@$0DOJ@$0A@$0A@$0A@$0HBHIPA@$0DOK@$0A@$0A@$0A@@?$BaseEventI@Ufunction_hooker_thiscall@injector@@U?$RefList@$0HBHIPA@$0DOJ@$0A@$0A@$0A@$0HBHIPA@$0DOK@$0A@$0A@$0A@@plugin@@U?$ArgPick@U?$ArgTypes@$$V@plugin@@$S@4@$$A6AXXZ@plugin@@AAEXU?$RefList@$0HBHIPA@$0DOJ@$0A@$0A@$0A@$0HBHIPA@$0DOK@$0A@$0A@$0A@@3@@Z@PAXV?$function@$$A6APAXXZ@std@@@std@@"""
"1028d828",352,""".?AV?$_Func_impl_no_alloc@V<lambda_1>@?4???$PatchAll@$0HBHIPA@$0DOK@$0A@$0A@$0A@$S@?$BaseEventI@Ufunction_hooker_thiscall@injector@@U?$RefList@$0HBHIPA@$0DOJ@$0A@$0A@$0A@$0HBHIPA@$0DOK@$0A@$0A@$0A@@plugin@@U?$ArgPick@U?$ArgTypes@$$V@plugin@@$S@4@$$A6AXXZ@plugin@@AAEXU?$RefList@$0HBHIPA@$0DOK@$0A@$0A@$0A@@3@@Z@PAXV?$function@$$A6APAXXZ@std@@@std@@"""
"1028d990",164,""".?AV?$_Ref_count@V?$function_hooker_manager@Vscoped_call@injector@@V?$function_hooker_base@Vscoped_call@injector@@$0HBHIPA@P6EPAXXZPAX$$V@2@PAX$$V@injector@@@std@@"""
"1028da40",216,""".?AV?$_Func_impl_no_alloc@V<lambda_1>@?1??call_hooks@?$function_hooker_manager@Vscoped_call@injector@@V?$function_hooker_base@Vscoped_call@injector@@$0HBHIPA@P6EPAXXZPAX$$V@2@PAX$$V@injector@@SAPAXXZ@PAX$$V@std@@"""
"1028db20",216,""".?AV?$_Func_impl_no_alloc@V<lambda_2>@?L@??call_hooks@?$function_hooker_manager@Vscoped_call@injector@@V?$function_hooker_base@Vscoped_call@injector@@$0HBHIPA@P6EPAXXZPAX$$V@2@PAX$$V@injector@@SAPAXXZ@PAX$$V@std@@"""
"1028dc00",88,""".?AV?$_Func_impl_no_alloc@V<lambda_1>@?4??Initialize@ModelVariation@@SAXXZ@X$$V@std@@"""
"1028dc60",88,""".?AV?$_Func_impl_no_alloc@V<lambda_2>@?4??Initialize@ModelVariation@@SAXXZ@X$$V@std@@"""
"1028dcc0",80,""".?AV?$_Func_base@XPAVCAEWeaponAudioEntity@@W4eWeaponType@@PAVCPhysical@@H@std@@"""
"1028dd18",76,""".?AV?$_Func_base@XPAVCAEWeaponAudioEntity@@W4eWeaponType@@PAVCPed@@H@std@@"""
"1028dd70",68,""".?AV?$_Func_base@XPAVCAEPedAudioEntity@@HPAVCPhysical@@DMI@std@@"""
"1028ddbc",52,""".?AV?$_Func_base@XPAVCAEPedAudioEntity@@HHH@std@@"""
"1028ddf8",64,""".?AV?$_Ref_count_obj2@U_Dir_enum_impl@filesystem@std@@@std@@"""
"1028de40",92,""".?AV?$_Func_impl_no_alloc@V<lambda_1>@?1??Initialize@WeaponSoundSystem@@SAXXZ@X$$V@std@@"""
"1028dea8",144,""".?AV?$_Func_impl_no_alloc@V<lambda_2>@?1??Initialize@WeaponSoundSystem@@SAXXZ@XPAVCAEWeaponAudioEntity@@W4eWeaponType@@PAVCPhysical@@H@std@@"""
"1028df40",136,""".?AV?$_Func_impl_no_alloc@V<lambda_3>@?1??Initialize@WeaponSoundSystem@@SAXXZ@XPAVCAEWeaponAudioEntity@@W4eWeaponType@@PAVCPed@@H@std@@"""
"1028dfd0",136,""".?AV?$_Func_impl_no_alloc@V<lambda_4>@?1??Initialize@WeaponSoundSystem@@SAXXZ@XPAVCAEWeaponAudioEntity@@W4eWeaponType@@PAVCPed@@H@std@@"""
"1028e060",128,""".?AV?$_Func_impl_no_alloc@V<lambda_5>@?1??Initialize@WeaponSoundSystem@@SAXXZ@XPAVCAEPedAudioEntity@@HPAVCPhysical@@DMI@std@@"""
"1028e0e8",112,""".?AV?$_Func_impl_no_alloc@V<lambda_6>@?1??Initialize@WeaponSoundSystem@@SAXXZ@XPAVCAEPedAudioEntity@@HHH@std@@"""
"1028e160",112,""".?AU?$function_hooker_thiscall@Vscoped_call@injector@@$0EOCMHM@$$A6APAXPAVCAEPedAudioEntity@@HHH@Z@injector@@"""
"1028e1d8",116,""".?AV?$function_hooker_base@Vscoped_call@injector@@$0EOCMHM@P6EPAXPAVCAEPedAudioEntity@@HHH@ZPAXPAV3@HHH@injector@@"""
"1028e258",196,""".?AV?$function_hooker_manager@Vscoped_call@injector@@V?$function_hooker_base@Vscoped_call@injector@@$0EOCMHM@P6EPAXPAVCAEPedAudioEntity@@HHH@ZPAXPAV3@HHH@2@PAXPAVCAEPedAudioEntity@@HHH@injector@@"""
"1028e324",52,""".?AV?$_Func_base@PAXPAVCAEPedAudioEntity@@HHH@std@@"""
"1028e360",128,""".?AU?$function_hooker_thiscall@Vscoped_call@injector@@$0EOCMKJ@$$A6APAXPAVCAEPedAudioEntity@@HPAVCPhysical@@DMI@Z@injector@@"""
"1028e3e8",136,""".?AV?$function_hooker_base@Vscoped_call@injector@@$0EOCMKJ@P6EPAXPAVCAEPedAudioEntity@@HPAVCPhysical@@DMI@ZPAXPAV3@HPAV4@DMI@injector@@"""
"1028e478",232,""".?AV?$function_hooker_manager@Vscoped_call@injector@@V?$function_hooker_base@Vscoped_call@injector@@$0EOCMKJ@P6EPAXPAVCAEPedAudioEntity@@HPAVCPhysical@@DMI@ZPAXPAV3@HPAV4@DMI@2@PAXPAVCAEPedAudioEntity@@HPAVCPhysical@@DMI@injector@@"""
"1028e568",68,""".?AV?$_Func_base@PAXPAVCAEPedAudioEntity@@HPAVCPhysical@@DMI@std@@"""
"1028e5b8",136,""".?AU?$function_hooker_thiscall@Vscoped_call@injector@@$0ENPKOG@$$A6APAXPAVCAEWeaponAudioEntity@@W4eWeaponType@@PAVCPed@@H@Z@injector@@"""
"1028e648",148,""".?AV?$function_hooker_base@Vscoped_call@injector@@$0ENPKOG@P6EPAXPAVCAEWeaponAudioEntity@@W4eWeaponType@@PAVCPed@@H@ZPAXPAV3@W44@PAV5@H@injector@@"""
"1028e6e8",256,""".?AV?$function_hooker_manager@Vscoped_call@injector@@V?$function_hooker_base@Vscoped_call@injector@@$0ENPKOG@P6EPAXPAVCAEWeaponAudioEntity@@W4eWeaponType@@PAVCPed@@H@ZPAXPAV3@W44@PAV5@H@2@PAXPAVCAEWeaponAudioEntity@@W4eWeaponType@@PAVCPed@@H@injector@@"""
"1028e7f0",80,""".?AV?$_Func_base@PAXPAVCAEWeaponAudioEntity@@W4eWeaponType@@PAVCPed@@H@std@@"""
"1028e848",136,""".?AU?$function_hooker_thiscall@Vscoped_call@injector@@$0ENPKNG@$$A6APAXPAVCAEWeaponAudioEntity@@W4eWeaponType@@PAVCPed@@H@Z@injector@@"""
"1028e8d8",148,""".?AV?$function_hooker_base@Vscoped_call@injector@@$0ENPKNG@P6EPAXPAVCAEWeaponAudioEntity@@W4eWeaponType@@PAVCPed@@H@ZPAXPAV3@W44@PAV5@H@injector@@"""
"1028e978",256,""".?AV?$function_hooker_manager@Vscoped_call@injector@@V?$function_hooker_base@Vscoped_call@injector@@$0ENPKNG@P6EPAXPAVCAEWeaponAudioEntity@@W4eWeaponType@@PAVCPed@@H@ZPAXPAV3@W44@PAV5@H@2@PAXPAVCAEWeaponAudioEntity@@W4eWeaponType@@PAVCPed@@H@injector@@"""
"1028ea80",140,""".?AU?$function_hooker_thiscall@Vscoped_call@injector@@$0ENPKMG@$$A6APAXPAVCAEWeaponAudioEntity@@W4eWeaponType@@PAVCPhysical@@H@Z@injector@@"""
"1028eb18",152,""".?AV?$function_hooker_base@Vscoped_call@injector@@$0ENPKMG@P6EPAXPAVCAEWeaponAudioEntity@@W4eWeaponType@@PAVCPhysical@@H@ZPAXPAV3@W44@PAV5@H@injector@@"""
"1028ebb8",264,""".?AV?$function_hooker_manager@Vscoped_call@injector@@V?$function_hooker_base@Vscoped_call@injector@@$0ENPKMG@P6EPAXPAVCAEWeaponAudioEntity@@W4eWeaponType@@PAVCPhysical@@H@ZPAXPAV3@W44@PAV5@H@2@PAXPAVCAEWeaponAudioEntity@@W4eWeaponType@@PAVCPhysical@@H@injector@@"""
"1028ecc8",84,""".?AV?$_Func_base@PAXPAVCAEWeaponAudioEntity@@W4eWeaponType@@PAVCPhysical@@H@std@@"""
"1028ed28",176,""".?AV?$_Func_base@PAXV?$function@$$A6APAXPAVCAEWeaponAudioEntity@@W4eWeaponType@@PAVCPhysical@@H@Z@std@@AAPAVCAEWeaponAudioEntity@@AAW4eWeaponType@@AAPAVCPhysical@@AAH@std@@"""
"1028ede0",164,""".?AV?$_Func_base@PAXV?$function@$$A6APAXPAVCAEWeaponAudioEntity@@W4eWeaponType@@PAVCPed@@H@Z@std@@AAPAVCAEWeaponAudioEntity@@AAW4eWeaponType@@AAPAVCPed@@AAH@std@@"""
"1028ee90",148,""".?AV?$_Func_base@PAXV?$function@$$A6APAXPAVCAEPedAudioEntity@@HPAVCPhysical@@DMI@Z@std@@AAPAVCAEPedAudioEntity@@AAHAAPAVCPhysical@@AADAAMAAI@std@@"""
"1028ef30",116,""".?AV?$_Func_base@PAXV?$function@$$A6APAXPAVCAEPedAudioEntity@@HHH@Z@std@@AAPAVCAEPedAudioEntity@@AAHAAHAAH@std@@"""
"1028efb0",136,""".?AU?$function_hooker_thiscall@Vscoped_call@injector@@$0EOGKFL@$$A6APAXPAVCAEWeaponAudioEntity@@W4eWeaponType@@PAVCPed@@H@Z@injector@@"""
"1028f040",148,""".?AV?$function_hooker_base@Vscoped_call@injector@@$0EOGKFL@P6EPAXPAVCAEWeaponAudioEntity@@W4eWeaponType@@PAVCPed@@H@ZPAXPAV3@W44@PAV5@H@injector@@"""
"1028f0e0",256,""".?AV?$function_hooker_manager@Vscoped_call@injector@@V?$function_hooker_base@Vscoped_call@injector@@$0EOGKFL@P6EPAXPAVCAEWeaponAudioEntity@@W4eWeaponType@@PAVCPed@@H@ZPAXPAV3@W44@PAV5@H@2@PAXPAVCAEWeaponAudioEntity@@W4eWeaponType@@PAVCPed@@H@injector@@"""
"1028f1e8",140,""".?AU?$function_hooker_thiscall@Vscoped_call@injector@@$0EOGKDN@$$A6APAXPAVCAEWeaponAudioEntity@@W4eWeaponType@@PAVCPhysical@@H@Z@injector@@"""
"1028f280",152,""".?AV?$function_hooker_base@Vscoped_call@injector@@$0EOGKDN@P6EPAXPAVCAEWeaponAudioEntity@@W4eWeaponType@@PAVCPhysical@@H@ZPAXPAV3@W44@PAV5@H@injector@@"""
"1028f320",264,""".?AV?$function_hooker_manager@Vscoped_call@injector@@V?$function_hooker_base@Vscoped_call@injector@@$0EOGKDN@P6EPAXPAVCAEWeaponAudioEntity@@W4eWeaponType@@PAVCPhysical@@H@ZPAXPAV3@W44@PAV5@H@2@PAXPAVCAEWeaponAudioEntity@@W4eWeaponType@@PAVCPhysical@@H@injector@@"""
"1028f430",520,""".?AV?$_Func_impl_no_alloc@V<lambda_1>@?4???$PatchAll@$0EOCMHM@$0DOJ@$0A@$0A@$0A@$0EOCMHM@$0DOK@$0A@$0A@$0A@@?$BaseEventI@Ufunction_hooker_thiscall@injector@@U?$RefList@$0EOCMHM@$0DOJ@$0A@$0A@$0A@$0EOCMHM@$0DOK@$0A@$0A@$0A@@plugin@@U?$ArgPick@U?$ArgTypes@PAVCAEPedAudioEntity@@HHH@plugin@@$0A@$00$01$02@4@$$A6ADPAVCAEPedAudioEntity@@HHH@Z@plugin@@AAEXU?$RefList@$0EOCMHM@$0DOJ@$0A@$0A@$0A@$0EOCMHM@$0DOK@$0A@$0A@$0A@@3@@Z@PAXV?$function@$$A6APAXPAVCAEPedAudioEntity@@HHH@Z@std@@AAPAVCAEPedAudioEntity@@AAHAAHAAH@std@@"""
"1028f640",588,""".?AV?$_Func_impl_no_alloc@V<lambda_1>@?4???$PatchAll@$0EOCMKJ@$0DOJ@$0A@$0A@$0A@$0EOCMKJ@$0DOK@$0A@$0A@$0A@@?$BaseEventI@Ufunction_hooker_thiscall@injector@@U?$RefList@$0EOCMKJ@$0DOJ@$0A@$0A@$0A@$0EOCMKJ@$0DOK@$0A@$0A@$0A@@plugin@@U?$ArgPick@U?$ArgTypes@PAVCAEPedAudioEntity@@HPAVCPhysical@@DMI@plugin@@$0A@$00$01$02$03$04@4@$$A6AXPAVCAEPedAudioEntity@@HPAVCPhysical@@DMI@Z@plugin@@AAEXU?$RefList@$0EOCMKJ@$0DOJ@$0A@$0A@$0A@$0EOCMKJ@$0DOK@$0A@$0A@$0A@@3@@Z@PAXV?$function@$$A6APAXPAVCAEPedAudioEntity@@HPAVCPhysical@@DMI@Z@std@@AAPAVCAEPedAudioEntity@@AAHAAPAVCPhysical@@AADAAMAAI@std@@"""
"1028f898",620,""".?AV?$_Func_impl_no_alloc@V<lambda_1>@?4???$PatchAll@$0ENPKOG@$0DOJ@$0A@$0A@$0A@$0ENPKOG@$0DOK@$0A@$0A@$0A@@?$BaseEventI@Ufunction_hooker_thiscall@injector@@U?$RefList@$0ENPKOG@$0DOJ@$0A@$0A@$0A@$0ENPKOG@$0DOK@$0A@$0A@$0A@@plugin@@U?$ArgPick@U?$ArgTypes@PAVCAEWeaponAudioEntity@@W4eWeaponType@@PAVCPed@@H@plugin@@$0A@$00$01$02@4@$$A6AXPAVCAEWeaponAudioEntity@@W4eWeaponType@@PAVCPed@@H@Z@plugin@@AAEXU?$RefList@$0ENPKOG@$0DOJ@$0A@$0A@$0A@$0ENPKOG@$0DOK@$0A@$0A@$0A@@3@@Z@PAXV?$function@$$A6APAXPAVCAEWeaponAudioEntity@@W4eWeaponType@@PAVCPed@@H@Z@std@@AAPAVCAEWeaponAudioEntity@@AAW4eWeaponType@@AAPAVCPed@@AAH@std@@"""
"1028fb10",780,""".?AV?$_Func_impl_no_alloc@V<lambda_1>@?4???$PatchAll@$0ENPKNG@$0DOJ@$0A@$0A@$0A@$0ENPKNG@$0DOK@$0A@$0A@$0A@$0EOGKFL@$0DOJ@$0A@$0A@$0A@$0EOGKFL@$0DOK@$0A@$0A@$0A@@?$BaseEventI@Ufunction_hooker_thiscall@injector@@U?$RefList@$0ENPKNG@$0DOJ@$0A@$0A@$0A@$0ENPKNG@$0DOK@$0A@$0A@$0A@$0EOGKFL@$0DOJ@$0A@$0A@$0A@$0EOGKFL@$0DOK@$0A@$0A@$0A@@plugin@@U?$ArgPick@U?$ArgTypes@PAVCAEWeaponAudioEntity@@W4eWeaponType@@PAVCPed@@H@plugin@@$0A@$00$01$02@4@$$A6AXPAVCAEWeaponAudioEntity@@W4eWeaponType@@PAVCPed@@H@Z@plugin@@AAEXU?$RefList@$0ENPKNG@$0DOJ@$0A@$0A@$0A@$0ENPKNG@$0DOK@$0A@$0A@$0A@$0EOGKFL@$0DOJ@$0A@$0A@$0A@$0EOGKFL@$0DOK@$0A@$0A@$0A@@3@@Z@PAXV?$function@$$A6APAXPAVCAEWeaponAudioEntity@@W4eWeaponType@@PAVCPed@@H@Z@std@@AAPAVCAEWeaponAudioEntity@@AAW4eWeaponType@@AAPAVCPed@@AAH@std@@"""
"1028fe28",800,""".?AV?$_Func_impl_no_alloc@V<lambda_1>@?4???$PatchAll@$0ENPKMG@$0DOJ@$0A@$0A@$0A@$0ENPKMG@$0DOK@$0A@$0A@$0A@$0EOGKDN@$0DOJ@$0A@$0A@$0A@$0EOGKDN@$0DOK@$0A@$0A@$0A@@?$BaseEventI@Ufunction_hooker_thiscall@injector@@U?$RefList@$0ENPKMG@$0DOJ@$0A@$0A@$0A@$0ENPKMG@$0DOK@$0A@$0A@$0A@$0EOGKDN@$0DOJ@$0A@$0A@$0A@$0EOGKDN@$0DOK@$0A@$0A@$0A@@plugin@@U?$ArgPick@U?$ArgTypes@PAVCAEWeaponAudioEntity@@W4eWeaponType@@PAVCPhysical@@H@plugin@@$0A@$00$01$02@4@$$A6AXPAVCAEWeaponAudioEntity@@W4eWeaponType@@PAVCPhysical@@H@Z@plugin@@AAEXU?$RefList@$0ENPKMG@$0DOJ@$0A@$0A@$0A@$0ENPKMG@$0DOK@$0A@$0A@$0A@$0EOGKDN@$0DOJ@$0A@$0A@$0A@$0EOGKDN@$0DOK@$0A@$0A@$0A@@3@@Z@PAXV?$function@$$A6APAXPAVCAEWeaponAudioEntity@@W4eWeaponType@@PAVCPhysical@@H@Z@std@@AAPAVCAEWeaponAudioEntity@@AAW4eWeaponType@@AAPAVCPhysical@@AAH@std@@"""
"10290150",468,""".?AV?$_Func_impl_no_alloc@V<lambda_1>@?4???$PatchAll@$0EOCMHM@$0DOK@$0A@$0A@$0A@$S@?$BaseEventI@Ufunction_hooker_thiscall@injector@@U?$RefList@$0EOCMHM@$0DOJ@$0A@$0A@$0A@$0EOCMHM@$0DOK@$0A@$0A@$0A@@plugin@@U?$ArgPick@U?$ArgTypes@PAVCAEPedAudioEntity@@HHH@plugin@@$0A@$00$01$02@4@$$A6ADPAVCAEPedAudioEntity@@HHH@Z@plugin@@AAEXU?$RefList@$0EOCMHM@$0DOK@$0A@$0A@$0A@@3@@Z@PAXV?$function@$$A6APAXPAVCAEPedAudioEntity@@HHH@Z@std@@AAPAVCAEPedAudioEntity@@AAHAAHAAH@std@@"""
"10290330",536,""".?AV?$_Func_impl_no_alloc@V<lambda_1>@?4???$PatchAll@$0EOCMKJ@$0DOK@$0A@$0A@$0A@$S@?$BaseEventI@Ufunction_hooker_thiscall@injector@@U?$RefList@$0EOCMKJ@$0DOJ@$0A@$0A@$0A@$0EOCMKJ@$0DOK@$0A@$0A@$0A@@plugin@@U?$ArgPick@U?$ArgTypes@PAVCAEPedAudioEntity@@HPAVCPhysical@@DMI@plugin@@$0A@$00$01$02$03$04@4@$$A6AXPAVCAEPedAudioEntity@@HPAVCPhysical@@DMI@Z@plugin@@AAEXU?$RefList@$0EOCMKJ@$0DOK@$0A@$0A@$0A@@3@@Z@PAXV?$function@$$A6APAXPAVCAEPedAudioEntity@@HPAVCPhysical@@DMI@Z@std@@AAPAVCAEPedAudioEntity@@AAHAAPAVCPhysical@@AADAAMAAI@std@@"""
"10290550",568,""".?AV?$_Func_impl_no_alloc@V<lambda_1>@?4???$PatchAll@$0ENPKOG@$0DOK@$0A@$0A@$0A@$S@?$BaseEventI@Ufunction_hooker_thiscall@injector@@U?$RefList@$0ENPKOG@$0DOJ@$0A@$0A@$0A@$0ENPKOG@$0DOK@$0A@$0A@$0A@@plugin@@U?$ArgPick@U?$ArgTypes@PAVCAEWeaponAudioEntity@@W4eWeaponType@@PAVCPed@@H@plugin@@$0A@$00$01$02@4@$$A6AXPAVCAEWeaponAudioEntity@@W4eWeaponType@@PAVCPed@@H@Z@plugin@@AAEXU?$RefList@$0ENPKOG@$0DOK@$0A@$0A@$0A@@3@@Z@PAXV?$function@$$A6APAXPAVCAEWeaponAudioEntity@@W4eWeaponType@@PAVCPed@@H@Z@std@@AAPAVCAEWeaponAudioEntity@@AAW4eWeaponType@@AAPAVCPed@@AAH@std@@"""
"10290790",728,""".?AV?$_Func_impl_no_alloc@V<lambda_1>@?4???$PatchAll@$0ENPKNG@$0DOK@$0A@$0A@$0A@$0EOGKFL@$0DOJ@$0A@$0A@$0A@$0EOGKFL@$0DOK@$0A@$0A@$0A@@?$BaseEventI@Ufunction_hooker_thiscall@injector@@U?$RefList@$0ENPKNG@$0DOJ@$0A@$0A@$0A@$0ENPKNG@$0DOK@$0A@$0A@$0A@$0EOGKFL@$0DOJ@$0A@$0A@$0A@$0EOGKFL@$0DOK@$0A@$0A@$0A@@plugin@@U?$ArgPick@U?$ArgTypes@PAVCAEWeaponAudioEntity@@W4eWeaponType@@PAVCPed@@H@plugin@@$0A@$00$01$02@4@$$A6AXPAVCAEWeaponAudioEntity@@W4eWeaponType@@PAVCPed@@H@Z@plugin@@AAEXU?$RefList@$0ENPKNG@$0DOK@$0A@$0A@$0A@$0EOGKFL@$0DOJ@$0A@$0A@$0A@$0EOGKFL@$0DOK@$0A@$0A@$0A@@3@@Z@PAXV?$function@$$A6APAXPAVCAEWeaponAudioEntity@@W4eWeaponType@@PAVCPed@@H@Z@std@@AAPAVCAEWeaponAudioEntity@@AAW4eWeaponType@@AAPAVCPed@@AAH@std@@"""
"10290a70",748,""".?AV?$_Func_impl_no_alloc@V<lambda_1>@?4???$PatchAll@$0ENPKMG@$0DOK@$0A@$0A@$0A@$0EOGKDN@$0DOJ@$0A@$0A@$0A@$0EOGKDN@$0DOK@$0A@$0A@$0A@@?$BaseEventI@Ufunction_hooker_thiscall@injector@@U?$RefList@$0ENPKMG@$0DOJ@$0A@$0A@$0A@$0ENPKMG@$0DOK@$0A@$0A@$0A@$0EOGKDN@$0DOJ@$0A@$0A@$0A@$0EOGKDN@$0DOK@$0A@$0A@$0A@@plugin@@U?$ArgPick@U?$ArgTypes@PAVCAEWeaponAudioEntity@@W4eWeaponType@@PAVCPhysical@@H@plugin@@$0A@$00$01$02@4@$$A6AXPAVCAEWeaponAudioEntity@@W4eWeaponType@@PAVCPhysical@@H@Z@plugin@@AAEXU?$RefList@$0ENPKMG@$0DOK@$0A@$0A@$0A@$0EOGKDN@$0DOJ@$0A@$0A@$0A@$0EOGKDN@$0DOK@$0A@$0A@$0A@@3@@Z@PAXV?$function@$$A6APAXPAVCAEWeaponAudioEntity@@W4eWeaponType@@PAVCPhysical@@H@Z@std@@AAPAVCAEWeaponAudioEntity@@AAW4eWeaponType@@AAPAVCPhysical@@AAH@std@@"""
"10290d68",284,""".?AV?$_Ref_count@V?$function_hooker_manager@Vscoped_call@injector@@V?$function_hooker_base@Vscoped_call@injector@@$0ENPKMG@P6EPAXPAVCAEWeaponAudioEntity@@W4eWeaponType@@PAVCPhysical@@H@ZPAXPAV3@W44@PAV5@H@2@PAXPAVCAEWeaponAudioEntity@@W4eWeaponType@@PAVCPhysical@@H@injector@@@std@@"""
"10290e90",276,""".?AV?$_Ref_count@V?$function_hooker_manager@Vscoped_call@injector@@V?$function_hooker_base@Vscoped_call@injector@@$0ENPKNG@P6EPAXPAVCAEWeaponAudioEntity@@W4eWeaponType@@PAVCPed@@H@ZPAXPAV3@W44@PAV5@H@2@PAXPAVCAEWeaponAudioEntity@@W4eWeaponType@@PAVCPed@@H@injector@@@std@@"""
"10290fb0",276,""".?AV?$_Ref_count@V?$function_hooker_manager@Vscoped_call@injector@@V?$function_hooker_base@Vscoped_call@injector@@$0ENPKOG@P6EPAXPAVCAEWeaponAudioEntity@@W4eWeaponType@@PAVCPed@@H@ZPAXPAV3@W44@PAV5@H@2@PAXPAVCAEWeaponAudioEntity@@W4eWeaponType@@PAVCPed@@H@injector@@@std@@"""
"102910d0",252,""".?AV?$_Ref_count@V?$function_hooker_manager@Vscoped_call@injector@@V?$function_hooker_base@Vscoped_call@injector@@$0EOCMKJ@P6EPAXPAVCAEPedAudioEntity@@HPAVCPhysical@@DMI@ZPAXPAV3@HPAV4@DMI@2@PAXPAVCAEPedAudioEntity@@HPAVCPhysical@@DMI@injector@@@std@@"""
"102911d8",216,""".?AV?$_Ref_count@V?$function_hooker_manager@Vscoped_call@injector@@V?$function_hooker_base@Vscoped_call@injector@@$0EOCMHM@P6EPAXPAVCAEPedAudioEntity@@HHH@ZPAXPAV3@HHH@2@PAXPAVCAEPedAudioEntity@@HHH@injector@@@std@@"""
"102912b8",672,""".?AV?$_Func_impl_no_alloc@V<lambda_1>@?4???$PatchAll@$0EOGKFL@$0DOJ@$0A@$0A@$0A@$0EOGKFL@$0DOK@$0A@$0A@$0A@@?$BaseEventI@Ufunction_hooker_thiscall@injector@@U?$RefList@$0ENPKNG@$0DOJ@$0A@$0A@$0A@$0ENPKNG@$0DOK@$0A@$0A@$0A@$0EOGKFL@$0DOJ@$0A@$0A@$0A@$0EOGKFL@$0DOK@$0A@$0A@$0A@@plugin@@U?$ArgPick@U?$ArgTypes@PAVCAEWeaponAudioEntity@@W4eWeaponType@@PAVCPed@@H@plugin@@$0A@$00$01$02@4@$$A6AXPAVCAEWeaponAudioEntity@@W4eWeaponType@@PAVCPed@@H@Z@plugin@@AAEXU?$RefList@$0EOGKFL@$0DOJ@$0A@$0A@$0A@$0EOGKFL@$0DOK@$0A@$0A@$0A@@3@@Z@PAXV?$function@$$A6APAXPAVCAEWeaponAudioEntity@@W4eWeaponType@@PAVCPed@@H@Z@std@@AAPAVCAEWeaponAudioEntity@@AAW4eWeaponType@@AAPAVCPed@@AAH@std@@"""
"10291560",692,""".?AV?$_Func_impl_no_alloc@V<lambda_1>@?4???$PatchAll@$0EOGKDN@$0DOJ@$0A@$0A@$0A@$0EOGKDN@$0DOK@$0A@$0A@$0A@@?$BaseEventI@Ufunction_hooker_thiscall@injector@@U?$RefList@$0ENPKMG@$0DOJ@$0A@$0A@$0A@$0ENPKMG@$0DOK@$0A@$0A@$0A@$0EOGKDN@$0DOJ@$0A@$0A@$0A@$0EOGKDN@$0DOK@$0A@$0A@$0A@@plugin@@U?$ArgPick@U?$ArgTypes@PAVCAEWeaponAudioEntity@@W4eWeaponType@@PAVCPhysical@@H@plugin@@$0A@$00$01$02@4@$$A6AXPAVCAEWeaponAudioEntity@@W4eWeaponType@@PAVCPhysical@@H@Z@plugin@@AAEXU?$RefList@$0EOGKDN@$0DOJ@$0A@$0A@$0A@$0EOGKDN@$0DOK@$0A@$0A@$0A@@3@@Z@PAXV?$function@$$A6APAXPAVCAEWeaponAudioEntity@@W4eWeaponType@@PAVCPhysical@@H@Z@std@@AAPAVCAEWeaponAudioEntity@@AAW4eWeaponType@@AAPAVCPhysical@@AAH@std@@"""
"10291820",408,""".?AV?$_Func_impl_no_alloc@V<lambda_1>@?1??call_hooks@?$function_hooker_manager@Vscoped_call@injector@@V?$function_hooker_base@Vscoped_call@injector@@$0ENPKMG@P6EPAXPAVCAEWeaponAudioEntity@@W4eWeaponType@@PAVCPhysical@@H@ZPAXPAV3@W44@PAV5@H@2@PAXPAVCAEWeaponAudioEntity@@W4eWeaponType@@PAVCPhysical@@H@injector@@SAPAXAAPAVCAEWeaponAudioEntity@@AAW4eWeaponType@@AAPAVCPhysical@@AAH@Z@PAXPAV5@W46@PAV7@H@std@@"""
"102919c0",392,""".?AV?$_Func_impl_no_alloc@V<lambda_1>@?1??call_hooks@?$function_hooker_manager@Vscoped_call@injector@@V?$function_hooker_base@Vscoped_call@injector@@$0ENPKNG@P6EPAXPAVCAEWeaponAudioEntity@@W4eWeaponType@@PAVCPed@@H@ZPAXPAV3@W44@PAV5@H@2@PAXPAVCAEWeaponAudioEntity@@W4eWeaponType@@PAVCPed@@H@injector@@SAPAXAAPAVCAEWeaponAudioEntity@@AAW4eWeaponType@@AAPAVCPed@@AAH@Z@PAXPAV5@W46@PAV7@H@std@@"""
"10291b50",392,""".?AV?$_Func_impl_no_alloc@V<lambda_1>@?1??call_hooks@?$function_hooker_manager@Vscoped_call@injector@@V?$function_hooker_base@Vscoped_call@injector@@$0ENPKOG@P6EPAXPAVCAEWeaponAudioEntity@@W4eWeaponType@@PAVCPed@@H@ZPAXPAV3@W44@PAV5@H@2@PAXPAVCAEWeaponAudioEntity@@W4eWeaponType@@PAVCPed@@H@injector@@SAPAXAAPAVCAEWeaponAudioEntity@@AAW4eWeaponType@@AAPAVCPed@@AAH@Z@PAXPAV5@W46@PAV7@H@std@@"""
"10291ce0",364,""".?AV?$_Func_impl_no_alloc@V<lambda_1>@?1??call_hooks@?$function_hooker_manager@Vscoped_call@injector@@V?$function_hooker_base@Vscoped_call@injector@@$0EOCMKJ@P6EPAXPAVCAEPedAudioEntity@@HPAVCPhysical@@DMI@ZPAXPAV3@HPAV4@DMI@2@PAXPAVCAEPedAudioEntity@@HPAVCPhysical@@DMI@injector@@SAPAXAAPAVCAEPedAudioEntity@@AAHAAPAVCPhysical@@AADAAMAAI@Z@PAXPAV5@HPAV6@DMI@std@@"""
"10291e58",300,""".?AV?$_Func_impl_no_alloc@V<lambda_1>@?1??call_hooks@?$function_hooker_manager@Vscoped_call@injector@@V?$function_hooker_base@Vscoped_call@injector@@$0EOCMHM@P6EPAXPAVCAEPedAudioEntity@@HHH@ZPAXPAV3@HHH@2@PAXPAVCAEPedAudioEntity@@HHH@injector@@SAPAXAAPAVCAEPedAudioEntity@@AAH11@Z@PAXPAV5@HHH@std@@"""
"10291f90",408,""".?AV?$_Func_impl_no_alloc@V<lambda_2>@?L@??call_hooks@?$function_hooker_manager@Vscoped_call@injector@@V?$function_hooker_base@Vscoped_call@injector@@$0ENPKMG@P6EPAXPAVCAEWeaponAudioEntity@@W4eWeaponType@@PAVCPhysical@@H@ZPAXPAV3@W44@PAV5@H@2@PAXPAVCAEWeaponAudioEntity@@W4eWeaponType@@PAVCPhysical@@H@injector@@SAPAXAAPAVCAEWeaponAudioEntity@@AAW4eWeaponType@@AAPAVCPhysical@@AAH@Z@PAXPAV5@W46@PAV7@H@std@@"""
"10292130",396,""".?AV?$_Func_impl_no_alloc@V<lambda_2>@?L@??call_hooks@?$function_hooker_manager@Vscoped_call@injector@@V?$function_hooker_base@Vscoped_call@injector@@$0ENPKNG@P6EPAXPAVCAEWeaponAudioEntity@@W4eWeaponType@@PAVCPed@@H@ZPAXPAV3@W44@PAV5@H@2@PAXPAVCAEWeaponAudioEntity@@W4eWeaponType@@PAVCPed@@H@injector@@SAPAXAAPAVCAEWeaponAudioEntity@@AAW4eWeaponType@@AAPAVCPed@@AAH@Z@PAXPAV5@W46@PAV7@H@std@@"""
"102922c8",396,""".?AV?$_Func_impl_no_alloc@V<lambda_2>@?L@??call_hooks@?$function_hooker_manager@Vscoped_call@injector@@V?$function_hooker_base@Vscoped_call@injector@@$0ENPKOG@P6EPAXPAVCAEWeaponAudioEntity@@W4eWeaponType@@PAVCPed@@H@ZPAXPAV3@W44@PAV5@H@2@PAXPAVCAEWeaponAudioEntity@@W4eWeaponType@@PAVCPed@@H@injector@@SAPAXAAPAVCAEWeaponAudioEntity@@AAW4eWeaponType@@AAPAVCPed@@AAH@Z@PAXPAV5@W46@PAV7@H@std@@"""
"10292460",368,""".?AV?$_Func_impl_no_alloc@V<lambda_2>@?L@??call_hooks@?$function_hooker_manager@Vscoped_call@injector@@V?$function_hooker_base@Vscoped_call@injector@@$0EOCMKJ@P6EPAXPAVCAEPedAudioEntity@@HPAVCPhysical@@DMI@ZPAXPAV3@HPAV4@DMI@2@PAXPAVCAEPedAudioEntity@@HPAVCPhysical@@DMI@injector@@SAPAXAAPAVCAEPedAudioEntity@@AAHAAPAVCPhysical@@AADAAMAAI@Z@PAXPAV5@HPAV6@DMI@std@@"""
"102925d8",300,""".?AV?$_Func_impl_no_alloc@V<lambda_2>@?L@??call_hooks@?$function_hooker_manager@Vscoped_call@injector@@V?$function_hooker_base@Vscoped_call@injector@@$0EOCMHM@P6EPAXPAVCAEPedAudioEntity@@HHH@ZPAXPAV3@HHH@2@PAXPAVCAEPedAudioEntity@@HHH@injector@@SAPAXAAPAVCAEPedAudioEntity@@AAH11@Z@PAXPAV5@HHH@std@@"""
"10292710",620,""".?AV?$_Func_impl_no_alloc@V<lambda_1>@?4???$PatchAll@$0EOGKFL@$0DOK@$0A@$0A@$0A@$S@?$BaseEventI@Ufunction_hooker_thiscall@injector@@U?$RefList@$0ENPKNG@$0DOJ@$0A@$0A@$0A@$0ENPKNG@$0DOK@$0A@$0A@$0A@$0EOGKFL@$0DOJ@$0A@$0A@$0A@$0EOGKFL@$0DOK@$0A@$0A@$0A@@plugin@@U?$ArgPick@U?$ArgTypes@PAVCAEWeaponAudioEntity@@W4eWeaponType@@PAVCPed@@H@plugin@@$0A@$00$01$02@4@$$A6AXPAVCAEWeaponAudioEntity@@W4eWeaponType@@PAVCPed@@H@Z@plugin@@AAEXU?$RefList@$0EOGKFL@$0DOK@$0A@$0A@$0A@@3@@Z@PAXV?$function@$$A6APAXPAVCAEWeaponAudioEntity@@W4eWeaponType@@PAVCPed@@H@Z@std@@AAPAVCAEWeaponAudioEntity@@AAW4eWeaponType@@AAPAVCPed@@AAH@std@@"""
"10292988",640,""".?AV?$_Func_impl_no_alloc@V<lambda_1>@?4???$PatchAll@$0EOGKDN@$0DOK@$0A@$0A@$0A@$S@?$BaseEventI@Ufunction_hooker_thiscall@injector@@U?$RefList@$0ENPKMG@$0DOJ@$0A@$0A@$0A@$0ENPKMG@$0DOK@$0A@$0A@$0A@$0EOGKDN@$0DOJ@$0A@$0A@$0A@$0EOGKDN@$0DOK@$0A@$0A@$0A@@plugin@@U?$ArgPick@U?$ArgTypes@PAVCAEWeaponAudioEntity@@W4eWeaponType@@PAVCPhysical@@H@plugin@@$0A@$00$01$02@4@$$A6AXPAVCAEWeaponAudioEntity@@W4eWeaponType@@PAVCPhysical@@H@Z@plugin@@AAEXU?$RefList@$0EOGKDN@$0DOK@$0A@$0A@$0A@@3@@Z@PAXV?$function@$$A6APAXPAVCAEWeaponAudioEntity@@W4eWeaponType@@PAVCPhysical@@H@Z@std@@AAPAVCAEWeaponAudioEntity@@AAW4eWeaponType@@AAPAVCPhysical@@AAH@std@@"""
"10292c10",284,""".?AV?$_Ref_count@V?$function_hooker_manager@Vscoped_call@injector@@V?$function_hooker_base@Vscoped_call@injector@@$0EOGKDN@P6EPAXPAVCAEWeaponAudioEntity@@W4eWeaponType@@PAVCPhysical@@H@ZPAXPAV3@W44@PAV5@H@2@PAXPAVCAEWeaponAudioEntity@@W4eWeaponType@@PAVCPhysical@@H@injector@@@std@@"""
"10292d38",276,""".?AV?$_Ref_count@V?$function_hooker_manager@Vscoped_call@injector@@V?$function_hooker_base@Vscoped_call@injector@@$0EOGKFL@P6EPAXPAVCAEWeaponAudioEntity@@W4eWeaponType@@PAVCPed@@H@ZPAXPAV3@W44@PAV5@H@2@PAXPAVCAEWeaponAudioEntity@@W4eWeaponType@@PAVCPed@@H@injector@@@std@@"""
"10292e58",408,""".?AV?$_Func_impl_no_alloc@V<lambda_1>@?1??call_hooks@?$function_hooker_manager@Vscoped_call@injector@@V?$function_hooker_base@Vscoped_call@injector@@$0EOGKDN@P6EPAXPAVCAEWeaponAudioEntity@@W4eWeaponType@@PAVCPhysical@@H@ZPAXPAV3@W44@PAV5@H@2@PAXPAVCAEWeaponAudioEntity@@W4eWeaponType@@PAVCPhysical@@H@injector@@SAPAXAAPAVCAEWeaponAudioEntity@@AAW4eWeaponType@@AAPAVCPhysical@@AAH@Z@PAXPAV5@W46@PAV7@H@std@@"""
"10292ff8",392,""".?AV?$_Func_impl_no_alloc@V<lambda_1>@?1??call_hooks@?$function_hooker_manager@Vscoped_call@injector@@V?$function_hooker_base@Vscoped_call@injector@@$0EOGKFL@P6EPAXPAVCAEWeaponAudioEntity@@W4eWeaponType@@PAVCPed@@H@ZPAXPAV3@W44@PAV5@H@2@PAXPAVCAEWeaponAudioEntity@@W4eWeaponType@@PAVCPed@@H@injector@@SAPAXAAPAVCAEWeaponAudioEntity@@AAW4eWeaponType@@AAPAVCPed@@AAH@Z@PAXPAV5@W46@PAV7@H@std@@"""
"10293188",408,""".?AV?$_Func_impl_no_alloc@V<lambda_2>@?L@??call_hooks@?$function_hooker_manager@Vscoped_call@injector@@V?$function_hooker_base@Vscoped_call@injector@@$0EOGKDN@P6EPAXPAVCAEWeaponAudioEntity@@W4eWeaponType@@PAVCPhysical@@H@ZPAXPAV3@W44@PAV5@H@2@PAXPAVCAEWeaponAudioEntity@@W4eWeaponType@@PAVCPhysical@@H@injector@@SAPAXAAPAVCAEWeaponAudioEntity@@AAW4eWeaponType@@AAPAVCPhysical@@AAH@Z@PAXPAV5@W46@PAV7@H@std@@"""
"10293328",396,""".?AV?$_Func_impl_no_alloc@V<lambda_2>@?L@??call_hooks@?$function_hooker_manager@Vscoped_call@injector@@V?$function_hooker_base@Vscoped_call@injector@@$0EOGKFL@P6EPAXPAVCAEWeaponAudioEntity@@W4eWeaponType@@PAVCPed@@H@ZPAXPAV3@W44@PAV5@H@2@PAXPAVCAEWeaponAudioEntity@@W4eWeaponType@@PAVCPed@@H@injector@@SAPAXAAPAVCAEWeaponAudioEntity@@AAW4eWeaponType@@AAPAVCPed@@AAH@Z@PAXPAV5@W46@PAV7@H@std@@"""
"102934c0",84,""".?AV?$_Func_impl_no_alloc@V<lambda_1>@?O@??Initialize@FeatureMgr@@SAXXZ@X$$V@std@@"""
"10293520",84,""".?AV?$_Func_impl_no_alloc@V<lambda_1>@?1??Initialize@OpcodeMgr@@SAXXZ@X$$V@std@@"""
"10293580",76,""".?AV?$_Func_impl_no_alloc@V<lambda_1>@?1??Patch_FPSFixes@@YAXXZ@X$$V@std@@"""
"102935d8",72,""".?AV?$_Func_impl_no_alloc@V<lambda_3>@?1??Patch_Helis@@YAXXZ@X$$V@std@@"""
"10293628",84,""".?AV?$_Func_impl_no_alloc@V<lambda_4>@?1??Patch_Helis@@YAXXZ@XPAVCVehicle@@@std@@"""
"10293688",100,""".?AU?$function_hooker_thiscall@Vscoped_call@injector@@$0GMGPEE@$$A6APAXPAVCVehicle@@@Z@injector@@"""
"102936f8",100,""".?AV?$function_hooker_base@Vscoped_call@injector@@$0GMGPEE@P6EPAXPAVCVehicle@@@ZPAXPAV3@@injector@@"""
"10293768",172,""".?AV?$function_hooker_manager@Vscoped_call@injector@@V?$function_hooker_base@Vscoped_call@injector@@$0GMGPEE@P6EPAXPAVCVehicle@@@ZPAXPAV3@@2@PAXPAVCVehicle@@@injector@@"""
"10293820",76,""".?AV?$function_hooker@Vscoped_call@injector@@$0FDLPOC@$$A6APAXXZ@injector@@"""
"10293878",88,""".?AV?$function_hooker_base@Vscoped_call@injector@@$0FDLPOC@P6APAXXZPAX$$V@injector@@"""
"102938d8",144,""".?AV?$function_hooker_manager@Vscoped_call@injector@@V?$function_hooker_base@Vscoped_call@injector@@$0FDLPOC@P6APAXXZPAX$$V@2@PAX$$V@injector@@"""
"10293970",456,""".?AV?$_Func_impl_no_alloc@V<lambda_1>@?4???$PatchAll@$0GMGPEE@$0DOJ@$0A@$0A@$0A@$0GMGPEE@$0DOK@$0A@$0A@$0A@@?$BaseEventI@Ufunction_hooker_thiscall@injector@@U?$RefList@$0GMGPEE@$0DOJ@$0A@$0A@$0A@$0GMGPEE@$0DOK@$0A@$0A@$0A@@plugin@@U?$ArgPick@U?$ArgTypes@PAVCVehicle@@@plugin@@$0A@@4@$$A6AXPAVCVehicle@@@Z@plugin@@AAEXU?$RefList@$0GMGPEE@$0DOJ@$0A@$0A@$0A@$0GMGPEE@$0DOK@$0A@$0A@$0A@@3@@Z@PAXV?$function@$$A6APAXPAVCVehicle@@@Z@std@@AAPAVCVehicle@@@std@@"""
"10293b40",392,""".?AV?$_Func_impl_no_alloc@V<lambda_1>@?4???$PatchAll@$0FDLPOC@$0DOJ@$0A@$0A@$0A@$0FDLPOC@$0DOK@$0A@$0A@$0A@@?$BaseEventI@Vfunction_hooker@injector@@U?$RefList@$0FDLPOC@$0DOJ@$0A@$0A@$0A@$0FDLPOC@$0DOK@$0A@$0A@$0A@@plugin@@U?$ArgPick@U?$ArgTypes@$$V@plugin@@$S@4@$$A6AXXZ@plugin@@AAEXU?$RefList@$0FDLPOC@$0DOJ@$0A@$0A@$0A@$0FDLPOC@$0DOK@$0A@$0A@$0A@@3@@Z@PAXV?$function@$$A6APAXXZ@std@@@std@@"""
"10293cd0",404,""".?AV?$_Func_impl_no_alloc@V<lambda_1>@?4???$PatchAll@$0GMGPEE@$0DOK@$0A@$0A@$0A@$S@?$BaseEventI@Ufunction_hooker_thiscall@injector@@U?$RefList@$0GMGPEE@$0DOJ@$0A@$0A@$0A@$0GMGPEE@$0DOK@$0A@$0A@$0A@@plugin@@U?$ArgPick@U?$ArgTypes@PAVCVehicle@@@plugin@@$0A@@4@$$A6AXPAVCVehicle@@@Z@plugin@@AAEXU?$RefList@$0GMGPEE@$0DOK@$0A@$0A@$0A@@3@@Z@PAXV?$function@$$A6APAXPAVCVehicle@@@Z@std@@AAPAVCVehicle@@@std@@"""
"10293e70",340,""".?AV?$_Func_impl_no_alloc@V<lambda_1>@?4???$PatchAll@$0FDLPOC@$0DOK@$0A@$0A@$0A@$S@?$BaseEventI@Vfunction_hooker@injector@@U?$RefList@$0FDLPOC@$0DOJ@$0A@$0A@$0A@$0FDLPOC@$0DOK@$0A@$0A@$0A@@plugin@@U?$ArgPick@U?$ArgTypes@$$V@plugin@@$S@4@$$A6AXXZ@plugin@@AAEXU?$RefList@$0FDLPOC@$0DOK@$0A@$0A@$0A@@3@@Z@PAXV?$function@$$A6APAXXZ@std@@@std@@"""
"10293fd0",164,""".?AV?$_Ref_count@V?$function_hooker_manager@Vscoped_call@injector@@V?$function_hooker_base@Vscoped_call@injector@@$0FDLPOC@P6APAXXZPAX$$V@2@PAX$$V@injector@@@std@@"""
"10294080",192,""".?AV?$_Ref_count@V?$function_hooker_manager@Vscoped_call@injector@@V?$function_hooker_base@Vscoped_call@injector@@$0GMGPEE@P6EPAXPAVCVehicle@@@ZPAXPAV3@@2@PAXPAVCVehicle@@@injector@@@std@@"""
"10294148",216,""".?AV?$_Func_impl_no_alloc@V<lambda_1>@?1??call_hooks@?$function_hooker_manager@Vscoped_call@injector@@V?$function_hooker_base@Vscoped_call@injector@@$0FDLPOC@P6APAXXZPAX$$V@2@PAX$$V@injector@@SAPAXXZ@PAX$$V@std@@"""
"10294228",256,""".?AV?$_Func_impl_no_alloc@V<lambda_1>@?1??call_hooks@?$function_hooker_manager@Vscoped_call@injector@@V?$function_hooker_base@Vscoped_call@injector@@$0GMGPEE@P6EPAXPAVCVehicle@@@ZPAXPAV3@@2@PAXPAVCVehicle@@@injector@@SAPAXAAPAVCVehicle@@@Z@PAXPAV5@@std@@"""
"10294330",216,""".?AV?$_Func_impl_no_alloc@V<lambda_2>@?L@??call_hooks@?$function_hooker_manager@Vscoped_call@injector@@V?$function_hooker_base@Vscoped_call@injector@@$0FDLPOC@P6APAXXZPAX$$V@2@PAX$$V@injector@@SAPAXXZ@PAX$$V@std@@"""
"10294410",256,""".?AV?$_Func_impl_no_alloc@V<lambda_2>@?L@??call_hooks@?$function_hooker_manager@Vscoped_call@injector@@V?$function_hooker_base@Vscoped_call@injector@@$0GMGPEE@P6EPAXPAVCVehicle@@@ZPAXPAV3@@2@PAXPAVCVehicle@@@injector@@SAPAXAAPAVCVehicle@@@Z@PAXPAV5@@std@@"""
"10294518",84,""".?AV?$_Func_impl_no_alloc@V<lambda_1>@?1??Patch_Sirens@PatchMgr@@CAXXZ@X$$V@std@@"""
"10294578",84,""".?AV?$_Func_impl_no_alloc@V<lambda_1>@?1??Patch_Coronas@PatchMgr@@CAXXZ@X$$V@std@@"""
"102945d8",92,""".?AV?$_Func_impl_no_alloc@V<lambda_2>@?1??Patch_MapLegendsScreen@PatchMgr@@CAXXZ@X$$V@std@@"""
"10294640",88,""".?AU?$function_hooker_thiscall@Vscoped_jmp@injector@@$0FHMDCE@$$A6APAXPAX@Z@injector@@"""
"102946a0",88,""".?AV?$function_hooker_base@Vscoped_jmp@injector@@$0FHMDCE@P6EPAXPAX@ZPAXPAX@injector@@"""
"10294700",148,""".?AV?$function_hooker_manager@Vscoped_jmp@injector@@V?$function_hooker_base@Vscoped_jmp@injector@@$0FHMDCE@P6EPAXPAX@ZPAXPAX@2@PAXPAX@injector@@"""
"1029479c",32,""".?AV?$_Func_base@PAXPAX@std@@"""
"102947c8",64,""".?AV?$_Func_base@PAXV?$function@$$A6APAXPAX@Z@std@@AAPAX@std@@"""
"10294810",408,""".?AV?$_Func_impl_no_alloc@V<lambda_1>@?4???$PatchAll@$0FHMDCE@$0DOJ@$00$0A@$0A@$0FHMDCE@$0DOK@$00$0A@$0A@@?$BaseEventI@Ufunction_hooker_thiscall@injector@@U?$RefList@$0FHMDCE@$0DOJ@$00$0A@$0A@$0FHMDCE@$0DOK@$00$0A@$0A@@plugin@@U?$ArgPick@U?$ArgTypes@$$V@plugin@@$S@4@$$A6AXPAX@Z@plugin@@AAEXU?$RefList@$0FHMDCE@$0DOJ@$00$0A@$0A@$0FHMDCE@$0DOK@$00$0A@$0A@@3@@Z@PAXV?$function@$$A6APAXPAX@Z@std@@AAPAX@std@@"""
"102949b0",356,""".?AV?$_Func_impl_no_alloc@V<lambda_1>@?4???$PatchAll@$0FHMDCE@$0DOK@$00$0A@$0A@$S@?$BaseEventI@Ufunction_hooker_thiscall@injector@@U?$RefList@$0FHMDCE@$0DOJ@$00$0A@$0A@$0FHMDCE@$0DOK@$00$0A@$0A@@plugin@@U?$ArgPick@U?$ArgTypes@$$V@plugin@@$S@4@$$A6AXPAX@Z@plugin@@AAEXU?$RefList@$0FHMDCE@$0DOK@$00$0A@$0A@@3@@Z@PAXV?$function@$$A6APAXPAX@Z@std@@AAPAX@std@@"""
"10294b20",168,""".?AV?$_Ref_count@V?$function_hooker_manager@Vscoped_jmp@injector@@V?$function_hooker_base@Vscoped_jmp@injector@@$0FHMDCE@P6EPAXPAX@ZPAXPAX@2@PAXPAX@injector@@@std@@"""
"10294bd0",220,""".?AV?$_Func_impl_no_alloc@V<lambda_1>@?1??call_hooks@?$function_hooker_manager@Vscoped_jmp@injector@@V?$function_hooker_base@Vscoped_jmp@injector@@$0FHMDCE@P6EPAXPAX@ZPAXPAX@2@PAXPAX@injector@@SAPAXAAPAX@Z@PAXPAX@std@@"""
"10294cb8",220,""".?AV?$_Func_impl_no_alloc@V<lambda_2>@?L@??call_hooks@?$function_hooker_manager@Vscoped_jmp@injector@@V?$function_hooker_base@Vscoped_jmp@injector@@$0FHMDCE@P6EPAXPAX@ZPAXPAX@2@PAXPAX@injector@@SAPAXAAPAX@Z@PAXPAX@std@@"""
"10294d9c",24,""".?AVsink@sinks@spdlog@@"""
"10294dbc",20,""".?AVlogger@spdlog@@"""
"10294dd8",76,""".?AV?$wincolor_stdout_sink@Uconsole_mutex@details@spdlog@@@sinks@spdlog@@"""
"10294e30",68,""".?AV?$wincolor_sink@Uconsole_mutex@details@spdlog@@@sinks@spdlog@@"""
"10294e7c",48,""".?AV?$_Ref_count_obj2@Vlogger@spdlog@@@std@@"""
"10294eb8",100,""".?AV?$_Ref_count_obj2@V?$wincolor_stdout_sink@Uconsole_mutex@details@spdlog@@@sinks@spdlog@@@std@@"""
"10294f24",28,""".?AV?$_Func_base@HH@std@@"""
"10294f48",44,""".?AV?$_Func_impl_no_alloc@P6AHH@ZHH@std@@"""
"10294f7c",52,""".?AV?$basic_file_sink@Vmutex@std@@@sinks@spdlog@@"""
"10294fb8",44,""".?AV?$base_sink@Vmutex@std@@@sinks@spdlog@@"""
"10294ff0",76,""".?AV?$_Ref_count_obj2@V?$basic_file_sink@Vmutex@std@@@sinks@spdlog@@@std@@"""
"10295048",84,""".?AV?$_Func_impl_no_alloc@V<lambda_1>@?1??Initialize@ShaderMgr@@SAXXZ@X$$V@std@@"""
"102950a4",20,""".?AVBrush@Gdiplus@@"""
"102950c0",28,""".?AVGdiplusBase@Gdiplus@@"""
"102950e4",20,""".?AVImage@Gdiplus@@"""
"10295100",28,""".?AVSolidBrush@Gdiplus@@"""
"10295124",16,""".?AVtype_info@@"""
"1029513c",28,""".?AV_Locimp@locale@std@@"""
"10295160",40,""".?AV_ExceptionPtr_normal@?A0x6e02efe5@@"""
"10295190",60,""".?AV?$_ExceptionPtr_static@Vbad_alloc@std@@@?A0x6e02efe5@@"""
"102951d8",64,""".?AV?$_ExceptionPtr_static@Vbad_exception@std@@@?A0x6e02efe5@@"""
"10295220",28,""".?AV_Ref_count_base@std@@"""
"10295244",28,""".?AV?$_Func_base@X$$V@std@@"""
"10295268",28,""".?AVscoped_call@injector@@"""
"1029528c",36,""".?AV?$scoped_basic@$04@injector@@"""
"102952b8",28,""".?AVscoped_base@injector@@"""
"102952e0",184,""".?AV?$_Func_impl_no_alloc@V<lambda_1>@?1??e9_hook@InlineHook@safetyhook@@AAE?AV?$expected@XUError@InlineHook@safetyhook@@@std@@ABV?$shared_ptr@VAllocator@safetyhook@@@6@@Z@X$$V@std@@"""
"102953a0",32,""".?AV?$_Func_base@XIPAXPAX@std@@"""
"102953c8",188,""".?AV?$_Func_impl_no_alloc@V<lambda_2>@?1??e9_hook@InlineHook@safetyhook@@AAE?AV?$expected@XUError@InlineHook@safetyhook@@@std@@ABV?$shared_ptr@VAllocator@safetyhook@@@6@@Z@XIPAXPAX@std@@"""
"10295490",92,""".?AV?$_Func_impl_no_alloc@V<lambda_1>@?1??destroy@InlineHook@safetyhook@@AAEXXZ@X$$V@std@@"""
"102954f8",96,""".?AV?$_Func_impl_no_alloc@V<lambda_2>@?1??destroy@InlineHook@safetyhook@@AAEXXZ@XIPAXPAX@std@@"""
"10295560",48,""".?AV?$_Ref_count@VAllocator@safetyhook@@@std@@"""
"10295598",32,""".?AVCTaskSimpleRunNamedAnim@@"""
"102955c0",24,""".?AVCTaskSimpleAnim@@"""
"102955e0",20,""".?AVCTaskSimple@@"""
"102955fc",12,""".?AVCTask@@"""
"10295610",20,""".?AUCGarageData@@"""
"1029562c",20,""".?AVCCustomGarage@@"""
"10295648",16,""".?AUCGarage@@"""
"10295660",20,""".?AVCGarageBase@@"""
"10333ea0",382,"""<?xml version='1.0' encoding='UTF-8' standalone='yes'?>\r\n<assembly xmlns='urn:schemas-microsoft-com:asm.v1' manifestVersion='1.0'>\r\n  <trustInfo xmlns=\""urn:schemas-microsoft-com:asm.v3\"">\r\n    <security>\r\n      <requestedPrivileges>\r\n        <requestedExecutionLevel level='asInvoker' uiAccess='false' />\r\n      </requestedPrivileges>\r\n    </security>\r\n  </trustInfo>\r\n</assembly>\r\n"""
"ffdff1ac",36,""""""
"ffdffc00",522,"u"""""
