address,name,namespace,type,source,external,primary
".comment::00000000","ElfComment[0]","Global","Label","IMPORTED",false,true
".shstrtab::00000000","DAT_.shstrtab__00000000","Global","Label","DEFAULT",false,true
"00010034","Elf32_Phdr_ARRAY_00010034","Global","Label","DEFAULT",false,true
"00010134","GnuBuildId_00010134","Global","Label","DEFAULT",false,true
"00010158","__DT_GNU_HASH","Global","Label","IMPORTED",false,true
"00010200","DWORD_ARRAY_000101e8[6]","Global","Label","DEFAULT",false,true
"00010630","__DT_SYMTAB","Global","Label","IMPORTED",false,true
"000115d0","__DT_STRTAB","Global","Label","IMPORTED",false,true
"00015124","__DT_REL","Global","Label","IMPORTED",false,true
"00015b4c","__DT_JMPREL","Global","Label","IMPORTED",false,true
"00016000","FUN_00016000","Global","Function","DEFAULT",false,true
"00016050","operator.new[]","<EXTERNAL>","Function","DEFAULT",false,true
"000160c0","__throw_future_error","<EXTERNAL>::std","Function","DEFAULT",false,true
"000160d0","strerror","<EXTERNAL>","Function","DEFAULT",false,true
"000160e0","memmove","<EXTERNAL>","Function","DEFAULT",false,true
"000160f0","FUN_000160f0","Global","Function","DEFAULT",false,true
"00016120","__to_xstring<std::__cxx11::string,char>","__gnu_cxx","Function","DEFAULT",false,true
"00016130","string","std::__cxx11::string","Function","DEFAULT",false,true
"00016140","memcpy","<EXTERNAL>","Function","DEFAULT",false,true
"00016150","pthread_cancel","<EXTERNAL>","Function","DEFAULT",false,true
"00016170","_M_dispose","std::__cxx11::string","Function","DEFAULT",false,true
"00016180","FUN_00016180","Global","Function","DEFAULT",false,true
"000161a0","wait","<EXTERNAL>::std::condition_variable","Function","DEFAULT",false,true
"000161c0","lock","std::mutex","Function","DEFAULT",false,true
"000161d0","operator[]","std::__detail::_Map_base<unsigned_short,std::pair<unsigned_short_const,char>,std::allocator<std::pair<unsigned_short_const,char>>,std::__detail::_Select1st,std::equal_to<unsigned_short>,std::hash<unsigned_short>,std::__detail::_Mod_range_hashing,std::__detail::_Default_ranged_hash,std::__detail::_Prime_rehash_policy,std::__detail::_Hashtable_traits<false,false,true>,true>","Function","DEFAULT",false,true
"000161f0","__throw_bad_alloc","<EXTERNAL>::std","Function","DEFAULT",false,true
"00016210","_S_copy","std::__cxx11::string","Function","DEFAULT",false,true
"00016220","FUN_00016220","Global","Function","DEFAULT",false,true
"00016230","__to_chars_len<unsigned_int>","std::__detail","Function","DEFAULT",false,true
"00016240","sleep_for<long_long,std::ratio<1ll,1000ll>>","std::this_thread","Function","DEFAULT",false,true
"00016250","__throw_length_error","<EXTERNAL>::std","Function","DEFAULT",false,true
"00016260","_Result_base","<EXTERNAL>::std::__future_base::_Result_base","Function","DEFAULT",false,true
"00016280","string<std::allocator<char>>","std::__cxx11::string","Function","DEFAULT",false,true
"00016290","notify_one","<EXTERNAL>::std::condition_variable","Function","DEFAULT",false,true
"000162b0","terminate","<EXTERNAL>::std","Function","DEFAULT",false,true
"000162c0","~_Function_base","std::_Function_base","Function","DEFAULT",false,true
"00016300","nanosleep","<EXTERNAL>","Function","DEFAULT",false,true
"00016330","~thread","std::thread","Function","DEFAULT",false,true
"00016340","_M_construct","std::__cxx11::string","Function","DEFAULT",false,true
"00016350","operator==","std","Function","DEFAULT",false,true
"00016370","operator.delete","<EXTERNAL>","Function","DEFAULT",false,true
"000163e0","pthread_once","<EXTERNAL>","Function","DEFAULT",false,true
"000163f0","_Unwind_Resume","<EXTERNAL>","Function","DEFAULT",false,true
"00016400","_M_rehash","std::_Hashtable<unsigned_short,std::pair<unsigned_short_const,char>,std::allocator<std::pair<unsigned_short_const,char>>,std::__detail::_Select1st,std::equal_to<unsigned_short>,std::hash<unsigned_short>,std::__detail::_Mod_range_hashing,std::__detail::_Default_ranged_hash,std::__detail::_Prime_rehash_policy,std::__detail::_Hashtable_traits<false,false,true>>","Function","DEFAULT",false,true
"00016470","__cxa_throw_bad_array_new_length","<EXTERNAL>","Function","DEFAULT",false,true
"00016480","~unique_lock","std::unique_lock<std::mutex>","Function","DEFAULT",false,true
"00016490","__throw_bad_array_new_length","<EXTERNAL>::std","Function","DEFAULT",false,true
"000164c0","__cxa_atexit","<EXTERNAL>","Function","DEFAULT",false,true
"000164d0","_M_need_rehash","<EXTERNAL>::std::__detail::_Prime_rehash_policy","Function","DEFAULT",false,true
"00016550","operator.delete[]","<EXTERNAL>","Function","DEFAULT",false,true
"00016560","FUN_00016560","Global","Function","DEFAULT",false,true
"00016580","__assert_fail","<EXTERNAL>","Function","DEFAULT",false,true
"00016590","_M_set_result","std::__future_base::_State_baseV2","Function","DEFAULT",false,true
"000165e0","_M_futex_notify_all","<EXTERNAL>::std::__atomic_futex_unsigned_base","Function","DEFAULT",false,true
"000165f0","to_string","std::__cxx11","Function","DEFAULT",false,true
"00016630","~__shared_count","std::__shared_count<(__gnu_cxx::_Lock_policy)2>","Function","DEFAULT",false,true
"00016650","detach","<EXTERNAL>::std::thread","Function","DEFAULT",false,true
"00016670","_Async_state_impl<BufferHandles::Process()::{lambda()#2}>","std::__future_base::_Async_state_impl<std::thread::_Invoker<std::tuple<BufferHandles::Process()::{lambda()#2}>>,void>","Function","DEFAULT",false,true
"00016690","pthread_mutex_lock","<EXTERNAL>","Function","DEFAULT",false,true
"000166a0","unlock","std::unique_lock<std::mutex>","Function","DEFAULT",false,true
"000166e0","operator.new","<EXTERNAL>","Function","DEFAULT",false,true
"000166f0","__errno_location","<EXTERNAL>","Function","DEFAULT",false,true
"00016700","atoi","<EXTERNAL>","Function","DEFAULT",false,true
"00016710","~unique_ptr","std::unique_ptr<std::thread::_State,std::default_delete<std::thread::_State>>","Function","DEFAULT",false,true
"00016740","___tls_get_addr","<EXTERNAL>","Function","DEFAULT",false,true
"00016760","_M_assign","std::__cxx11::string","Function","DEFAULT",false,true
"00016770","_M_replace","std::__cxx11::string","Function","DEFAULT",false,true
"00016790","condition_variable","<EXTERNAL>::std::condition_variable","Function","DEFAULT",false,true
"000167b0","logic_error","<EXTERNAL>::std::logic_error","Function","DEFAULT",false,true
"000167c0","__to_chars_10_impl<unsigned_int>","std::__detail","Function","DEFAULT",false,true
"000167f0","_M_is_local","std::__cxx11::string","Function","DEFAULT",false,true
"00016810","__throw_system_error","<EXTERNAL>::std","Function","DEFAULT",false,true
"00016820","_M_start_thread","<EXTERNAL>::std::thread","Function","DEFAULT",false,true
"00016830","free","<EXTERNAL>","Function","DEFAULT",false,true
"00016840","LAB_00016840","Global","Label","DEFAULT",false,true
"00016848","FUN_00016848","Global","Function","DEFAULT",false,true
"000168b1","FUN_000168b1","Global","Function","DEFAULT",false,true
"000168b4","_INIT_0","Global","Function","IMPORTED",false,true
"00016bfe","_INIT_1","Global","Function","IMPORTED",false,true
"00016c76","_INIT_2","Global","Function","IMPORTED",false,true
"00016e71","_INIT_3","Global","Function","IMPORTED",false,true
"0001706c","_INIT_4","Global","Function","IMPORTED",false,true
"00017267","FUN_00017267","Global","Function","DEFAULT",false,true
"000172e6","FUN_000172e6","Global","Function","DEFAULT",false,true
"0001737a","FUN_0001737a","Global","Function","DEFAULT",false,true
"000173d6","__i686.get_pc_thunk.bx","Global","Function","ANALYSIS",false,true
"000173da","FUN_000173da","Global","Function","DEFAULT",false,true
"000174e8","FUN_000174e8","Global","Function","DEFAULT",false,true
"00017542","FUN_00017542","Global","Function","DEFAULT",false,true
"000175a9","FUN_000175a9","Global","Function","DEFAULT",false,true
"0001762a","FUN_0001762a","Global","Function","DEFAULT",false,true
"0001769e","FUN_0001769e","Global","Function","DEFAULT",false,true
"0001771a","FUN_0001771a","Global","Function","DEFAULT",false,true
"00017763","FUN_00017763","Global","Function","DEFAULT",false,true
"000177be","FUN_000177be","Global","Function","DEFAULT",false,true
"0001780f","FUN_0001780f","Global","Function","DEFAULT",false,true
"0001786e","FUN_0001786e","Global","Function","DEFAULT",false,true
"00017994","FUN_00017994","Global","Function","DEFAULT",false,true
"000179d4","FUN_000179d4","Global","Function","DEFAULT",false,true
"00017b05","FUN_00017b05","Global","Function","DEFAULT",false,true
"00017b3a","FUN_00017b3a","Global","Function","DEFAULT",false,true
"00017b6f","FUN_00017b6f","Global","Function","DEFAULT",false,true
"00017b70","FUN_00017b70","Global","Function","DEFAULT",false,true
"00017ba6","FUN_00017ba6","Global","Function","DEFAULT",false,true
"00017c09","LAB_00017c09","Global","Label","DEFAULT",false,true
"00017c0b","FUN_00017c0b","Global","Function","DEFAULT",false,true
"00017c4f","LAB_00017c4f","Global","Label","DEFAULT",false,true
"00017c51","FUN_00017c51","Global","Function","DEFAULT",false,true
"00017c52","FUN_00017c52","Global","Function","DEFAULT",false,true
"00017c82","LAB_00017c82","Global","Label","DEFAULT",false,true
"00017c8a","FUN_00017c8a","Global","Function","DEFAULT",false,true
"00017cd0","LAB_00017cd0","Global","Label","DEFAULT",false,true
"00017cd8","FUN_00017cd8","Global","Function","DEFAULT",false,true
"00017d24","LAB_00017d24","Global","Label","DEFAULT",false,true
"00017d2b","LAB_00017d2b","Global","Label","DEFAULT",false,true
"00017d4c","LAB_00017d4c","Global","Label","DEFAULT",false,true
"00017ddc","LAB_00017ddc","Global","Label","DEFAULT",false,true
"00017dfe","LAB_00017dfe","Global","Label","DEFAULT",false,true
"00017e08","FUN_00017e08","Global","Function","DEFAULT",false,true
"00017e8a","FUN_00017e8a","Global","Function","DEFAULT",false,true
"00017eb6","FUN_00017eb6","Global","Function","DEFAULT",false,true
"00017ee6","FUN_00017ee6","Global","Function","DEFAULT",false,true
"00017f12","FUN_00017f12","Global","Function","DEFAULT",false,true
"00017f42","FUN_00017f42","Global","Function","DEFAULT",false,true
"00017fa4","FUN_00017fa4","Global","Function","DEFAULT",false,true
"0001804a","FUN_0001804a","Global","Function","DEFAULT",false,true
"0001809e","FUN_0001809e","Global","Function","DEFAULT",false,true
"000180bb","LAB_000180bb","Global","Label","DEFAULT",false,true
"000180de","LAB_000180de","Global","Label","DEFAULT",false,true
"000180e0","LAB_000180e0","Global","Label","DEFAULT",false,true
"000180e8","FUN_000180e8","Global","Function","DEFAULT",false,true
"000181e0","LAB_000181e0","Global","Label","DEFAULT",false,true
"000181e8","LAB_000181e8","Global","Label","DEFAULT",false,true
"000181ef","FUN_000181ef","Global","Function","DEFAULT",false,true
"00018210","FUN_00018210","Global","Function","DEFAULT",false,true
"0001825d","FUN_0001825d","Global","Function","DEFAULT",false,true
"00018292","FUN_00018292","Global","Function","DEFAULT",false,true
"000182e5","FUN_000182e5","Global","Function","DEFAULT",false,true
"000182f2","DAT_000182f2","Global","Label","DEFAULT",false,true
"00018345","FUN_00018345","Global","Function","DEFAULT",false,true
"0001837a","FUN_0001837a","Global","Function","DEFAULT",false,true
"00018469","FUN_00018469","Global","Function","DEFAULT",false,true
"00018504","FUN_00018504","Global","Function","DEFAULT",false,true
"00018506","FUN_00018506","Global","Function","DEFAULT",false,true
"0001855c","FUN_0001855c","Global","Function","DEFAULT",false,true
"000185b2","FUN_000185b2","Global","Function","DEFAULT",false,true
"00018664","FUN_00018664","Global","Function","DEFAULT",false,true
"000186b6","switchD","switchD_000186b6","Label","ANALYSIS",false,true
"000186b8","caseD_1","switchD_000186b6","Label","ANALYSIS",false,true
"000186ca","caseD_2","switchD_000186b6","Label","ANALYSIS",false,true
"000186dc","caseD_3","switchD_000186b6","Label","ANALYSIS",false,true
"000186ee","caseD_4","switchD_000186b6","Label","ANALYSIS",false,true
"00018700","caseD_5","switchD_000186b6","Label","ANALYSIS",false,true
"00018712","caseD_6","switchD_000186b6","Label","ANALYSIS",false,true
"00018724","caseD_7","switchD_000186b6","Label","ANALYSIS",false,true
"00018736","caseD_8","switchD_000186b6","Label","ANALYSIS",false,true
"00018748","caseD_9","switchD_000186b6","Label","ANALYSIS",false,true
"0001875a","caseD_a","switchD_000186b6","Label","ANALYSIS",false,true
"0001875a","caseD_b","switchD_000186b6","Label","ANALYSIS",false,false
"0001876c","caseD_c","switchD_000186b6","Label","ANALYSIS",false,true
"0001876c","caseD_d","switchD_000186b6","Label","ANALYSIS",false,false
"0001877e","caseD_e","switchD_000186b6","Label","ANALYSIS",false,true
"00018790","caseD_f","switchD_000186b6","Label","ANALYSIS",false,true
"000187a2","caseD_10","switchD_000186b6","Label","ANALYSIS",false,true
"000187b4","caseD_11","switchD_000186b6","Label","ANALYSIS",false,true
"000187c6","caseD_12","switchD_000186b6","Label","ANALYSIS",false,true
"000187d8","caseD_16","switchD_000186b6","Label","ANALYSIS",false,true
"000187ea","caseD_17","switchD_000186b6","Label","ANALYSIS",false,true
"000187fc","caseD_18","switchD_000186b6","Label","ANALYSIS",false,true
"0001880e","caseD_19","switchD_000186b6","Label","ANALYSIS",false,true
"00018820","caseD_1a","switchD_000186b6","Label","ANALYSIS",false,true
"00018832","caseD_1b","switchD_000186b6","Label","ANALYSIS",false,true
"00018844","caseD_1c","switchD_000186b6","Label","ANALYSIS",false,true
"00018856","caseD_1d","switchD_000186b6","Label","ANALYSIS",false,true
"00018868","caseD_1e","switchD_000186b6","Label","ANALYSIS",false,true
"0001887a","caseD_1f","switchD_000186b6","Label","ANALYSIS",false,true
"0001888c","caseD_20","switchD_000186b6","Label","ANALYSIS",false,true
"0001889e","caseD_21","switchD_000186b6","Label","ANALYSIS",false,true
"000188b0","caseD_22","switchD_000186b6","Label","ANALYSIS",false,true
"000188c2","caseD_23","switchD_000186b6","Label","ANALYSIS",false,true
"000188d4","caseD_24","switchD_000186b6","Label","ANALYSIS",false,true
"000188e6","caseD_25","switchD_000186b6","Label","ANALYSIS",false,true
"000188f8","caseD_26","switchD_000186b6","Label","ANALYSIS",false,true
"0001890a","caseD_27","switchD_000186b6","Label","ANALYSIS",false,true
"0001891c","caseD_28","switchD_000186b6","Label","ANALYSIS",false,true
"0001892e","caseD_29","switchD_000186b6","Label","ANALYSIS",false,true
"00018940","caseD_2a","switchD_000186b6","Label","ANALYSIS",false,true
"00018952","caseD_2b","switchD_000186b6","Label","ANALYSIS",false,true
"00018964","caseD_2c","switchD_000186b6","Label","ANALYSIS",false,true
"00018976","caseD_2d","switchD_000186b6","Label","ANALYSIS",false,true
"00018988","caseD_2e","switchD_000186b6","Label","ANALYSIS",false,true
"0001899a","caseD_31","switchD_000186b6","Label","ANALYSIS",false,true
"000189ac","caseD_35","switchD_000186b6","Label","ANALYSIS",false,true
"000189be","caseD_36","switchD_000186b6","Label","ANALYSIS",false,true
"000189d0","caseD_46","switchD_000186b6","Label","ANALYSIS",false,true
"000189e2","caseD_47","switchD_000186b6","Label","ANALYSIS",false,true
"000189f4","caseD_48","switchD_000186b6","Label","ANALYSIS",false,true
"00018a06","caseD_49","switchD_000186b6","Label","ANALYSIS",false,true
"00018a18","caseD_4a","switchD_000186b6","Label","ANALYSIS",false,true
"00018a2a","caseD_4b","switchD_000186b6","Label","ANALYSIS",false,true
"00018a3c","caseD_4c","switchD_000186b6","Label","ANALYSIS",false,true
"00018a4e","caseD_4d","switchD_000186b6","Label","ANALYSIS",false,true
"00018a60","caseD_4e","switchD_000186b6","Label","ANALYSIS",false,true
"00018a72","caseD_4f","switchD_000186b6","Label","ANALYSIS",false,true
"00018a84","caseD_50","switchD_000186b6","Label","ANALYSIS",false,true
"00018a96","caseD_51","switchD_000186b6","Label","ANALYSIS",false,true
"00018aa8","caseD_52","switchD_000186b6","Label","ANALYSIS",false,true
"00018aba","caseD_53","switchD_000186b6","Label","ANALYSIS",false,true
"00018acc","caseD_54","switchD_000186b6","Label","ANALYSIS",false,true
"00018ade","caseD_55","switchD_000186b6","Label","ANALYSIS",false,true
"00018af0","caseD_56","switchD_000186b6","Label","ANALYSIS",false,true
"00018b02","caseD_57","switchD_000186b6","Label","ANALYSIS",false,true
"00018b14","caseD_58","switchD_000186b6","Label","ANALYSIS",false,true
"00018b26","caseD_59","switchD_000186b6","Label","ANALYSIS",false,true
"00018b38","caseD_5a","switchD_000186b6","Label","ANALYSIS",false,true
"00018b4a","caseD_5b","switchD_000186b6","Label","ANALYSIS",false,true
"00018b5c","caseD_5c","switchD_000186b6","Label","ANALYSIS",false,true
"00018b6e","caseD_63","switchD_000186b6","Label","ANALYSIS",false,true
"00018b80","caseD_64","switchD_000186b6","Label","ANALYSIS",false,true
"00018b92","caseD_65","switchD_000186b6","Label","ANALYSIS",false,true
"00018ba4","caseD_66","switchD_000186b6","Label","ANALYSIS",false,true
"00018bb6","caseD_67","switchD_000186b6","Label","ANALYSIS",false,true
"00018bc8","caseD_68","switchD_000186b6","Label","ANALYSIS",false,true
"00018bda","caseD_69","switchD_000186b6","Label","ANALYSIS",false,true
"00018bec","caseD_6a","switchD_000186b6","Label","ANALYSIS",false,true
"00018bfe","caseD_6b","switchD_000186b6","Label","ANALYSIS",false,true
"00018c10","caseD_6c","switchD_000186b6","Label","ANALYSIS",false,true
"00018c22","caseD_6d","switchD_000186b6","Label","ANALYSIS",false,true
"00018c34","caseD_6e","switchD_000186b6","Label","ANALYSIS",false,true
"00018c46","caseD_6f","switchD_000186b6","Label","ANALYSIS",false,true
"00018c58","caseD_70","switchD_000186b6","Label","ANALYSIS",false,true
"00018c6a","caseD_71","switchD_000186b6","Label","ANALYSIS",false,true
"00018c7c","caseD_72","switchD_000186b6","Label","ANALYSIS",false,true
"00018c8e","caseD_73","switchD_000186b6","Label","ANALYSIS",false,true
"00018ca0","caseD_74","switchD_000186b6","Label","ANALYSIS",false,true
"00018cb2","caseD_75","switchD_000186b6","Label","ANALYSIS",false,true
"00018cc4","caseD_76","switchD_000186b6","Label","ANALYSIS",false,true
"00018cd6","caseD_77","switchD_000186b6","Label","ANALYSIS",false,true
"00018ce8","caseD_78","switchD_000186b6","Label","ANALYSIS",false,true
"00018cfa","caseD_79","switchD_000186b6","Label","ANALYSIS",false,true
"00018d0c","caseD_7a","switchD_000186b6","Label","ANALYSIS",false,true
"00018d1e","caseD_7b","switchD_000186b6","Label","ANALYSIS",false,true
"00018d30","caseD_7c","switchD_000186b6","Label","ANALYSIS",false,true
"00018d42","caseD_7d","switchD_000186b6","Label","ANALYSIS",false,true
"00018d54","caseD_7e","switchD_000186b6","Label","ANALYSIS",false,true
"00018d66","caseD_7f","switchD_000186b6","Label","ANALYSIS",false,true
"00018d78","caseD_80","switchD_000186b6","Label","ANALYSIS",false,true
"00018d8a","caseD_81","switchD_000186b6","Label","ANALYSIS",false,true
"00018d9c","caseD_82","switchD_000186b6","Label","ANALYSIS",false,true
"00018dae","caseD_83","switchD_000186b6","Label","ANALYSIS",false,true
"00018dc0","caseD_84","switchD_000186b6","Label","ANALYSIS",false,true
"00018dd2","caseD_85","switchD_000186b6","Label","ANALYSIS",false,true
"00018de4","caseD_86","switchD_000186b6","Label","ANALYSIS",false,true
"00018df6","caseD_87","switchD_000186b6","Label","ANALYSIS",false,true
"00018e08","caseD_88","switchD_000186b6","Label","ANALYSIS",false,true
"00018e1a","caseD_89","switchD_000186b6","Label","ANALYSIS",false,true
"00018e2c","caseD_8a","switchD_000186b6","Label","ANALYSIS",false,true
"00018e3e","caseD_8b","switchD_000186b6","Label","ANALYSIS",false,true
"00018e50","caseD_8c","switchD_000186b6","Label","ANALYSIS",false,true
"00018e62","caseD_8d","switchD_000186b6","Label","ANALYSIS",false,true
"00018e74","caseD_8e","switchD_000186b6","Label","ANALYSIS",false,true
"00018e86","caseD_8f","switchD_000186b6","Label","ANALYSIS",false,true
"00018e98","caseD_90","switchD_000186b6","Label","ANALYSIS",false,true
"00018eaa","caseD_91","switchD_000186b6","Label","ANALYSIS",false,true
"00018ebc","caseD_92","switchD_000186b6","Label","ANALYSIS",false,true
"00018ece","caseD_93","switchD_000186b6","Label","ANALYSIS",false,true
"00018ee0","caseD_94","switchD_000186b6","Label","ANALYSIS",false,true
"00018ef2","caseD_95","switchD_000186b6","Label","ANALYSIS",false,true
"00018f04","caseD_96","switchD_000186b6","Label","ANALYSIS",false,true
"00018f16","caseD_97","switchD_000186b6","Label","ANALYSIS",false,true
"00018f28","caseD_98","switchD_000186b6","Label","ANALYSIS",false,true
"00018f3a","caseD_99","switchD_000186b6","Label","ANALYSIS",false,true
"00018f4c","caseD_9a","switchD_000186b6","Label","ANALYSIS",false,true
"00018f5e","caseD_9b","switchD_000186b6","Label","ANALYSIS",false,true
"00018f70","caseD_9c","switchD_000186b6","Label","ANALYSIS",false,true
"00018f82","caseD_9d","switchD_000186b6","Label","ANALYSIS",false,true
"00018f94","caseD_9e","switchD_000186b6","Label","ANALYSIS",false,true
"00018fa6","caseD_9f","switchD_000186b6","Label","ANALYSIS",false,true
"00018fb8","caseD_a0","switchD_000186b6","Label","ANALYSIS",false,true
"00018fca","caseD_a1","switchD_000186b6","Label","ANALYSIS",false,true
"00018fdc","caseD_a2","switchD_000186b6","Label","ANALYSIS",false,true
"00018fee","caseD_a3","switchD_000186b6","Label","ANALYSIS",false,true
"00019000","caseD_a4","switchD_000186b6","Label","ANALYSIS",false,true
"00019012","caseD_a5","switchD_000186b6","Label","ANALYSIS",false,true
"00019024","caseD_a6","switchD_000186b6","Label","ANALYSIS",false,true
"00019036","caseD_a7","switchD_000186b6","Label","ANALYSIS",false,true
"00019048","caseD_a8","switchD_000186b6","Label","ANALYSIS",false,true
"0001905a","caseD_a9","switchD_000186b6","Label","ANALYSIS",false,true
"0001906c","caseD_aa","switchD_000186b6","Label","ANALYSIS",false,true
"0001907e","caseD_ab","switchD_000186b6","Label","ANALYSIS",false,true
"0001908d","caseD_ac","switchD_000186b6","Label","ANALYSIS",false,true
"0001909c","caseD_ad","switchD_000186b6","Label","ANALYSIS",false,true
"000190ab","caseD_ae","switchD_000186b6","Label","ANALYSIS",false,true
"000190ba","caseD_af","switchD_000186b6","Label","ANALYSIS",false,true
"000190c9","caseD_b1","switchD_000186b6","Label","ANALYSIS",false,true
"000190d8","caseD_13","switchD_000186b6","Label","ANALYSIS",false,true
"000190d8","caseD_14","switchD_000186b6","Label","ANALYSIS",false,false
"000190d8","caseD_15","switchD_000186b6","Label","ANALYSIS",false,false
"000190d8","caseD_2f","switchD_000186b6","Label","ANALYSIS",false,false
"000190d8","caseD_30","switchD_000186b6","Label","ANALYSIS",false,false
"000190d8","caseD_32","switchD_000186b6","Label","ANALYSIS",false,false
"000190d8","caseD_33","switchD_000186b6","Label","ANALYSIS",false,false
"000190d8","caseD_34","switchD_000186b6","Label","ANALYSIS",false,false
"000190d8","caseD_37","switchD_000186b6","Label","ANALYSIS",false,false
"000190d8","caseD_38","switchD_000186b6","Label","ANALYSIS",false,false
"000190d8","caseD_39","switchD_000186b6","Label","ANALYSIS",false,false
"000190d8","caseD_3a","switchD_000186b6","Label","ANALYSIS",false,false
"000190d8","caseD_3b","switchD_000186b6","Label","ANALYSIS",false,false
"000190d8","caseD_3c","switchD_000186b6","Label","ANALYSIS",false,false
"000190d8","caseD_3d","switchD_000186b6","Label","ANALYSIS",false,false
"000190d8","caseD_3e","switchD_000186b6","Label","ANALYSIS",false,false
"000190d8","caseD_3f","switchD_000186b6","Label","ANALYSIS",false,false
"000190d8","caseD_40","switchD_000186b6","Label","ANALYSIS",false,false
"000190d8","caseD_41","switchD_000186b6","Label","ANALYSIS",false,false
"000190d8","caseD_42","switchD_000186b6","Label","ANALYSIS",false,false
"000190d8","caseD_43","switchD_000186b6","Label","ANALYSIS",false,false
"000190d8","caseD_44","switchD_000186b6","Label","ANALYSIS",false,false
"000190d8","caseD_45","switchD_000186b6","Label","ANALYSIS",false,false
"000190d8","caseD_5d","switchD_000186b6","Label","ANALYSIS",false,false
"000190d8","caseD_5e","switchD_000186b6","Label","ANALYSIS",false,false
"000190d8","caseD_5f","switchD_000186b6","Label","ANALYSIS",false,false
"000190d8","caseD_60","switchD_000186b6","Label","ANALYSIS",false,false
"000190d8","caseD_61","switchD_000186b6","Label","ANALYSIS",false,false
"000190d8","caseD_62","switchD_000186b6","Label","ANALYSIS",false,false
"000190d8","caseD_b0","switchD_000186b6","Label","ANALYSIS",false,false
"00019100","LAB_00019100","Global","Label","DEFAULT",false,true
"0001911c","FUN_0001911c","Global","Function","DEFAULT",false,true
"00019165","FUN_00019165","Global","Function","DEFAULT",false,true
"00019261","LAB_00019261","Global","Label","DEFAULT",false,true
"000192c6","LAB_000192c6","Global","Label","DEFAULT",false,true
"0001932a","LAB_0001932a","Global","Label","DEFAULT",false,true
"00019383","LAB_00019383","Global","Label","DEFAULT",false,true
"0001938f","LAB_0001938f","Global","Label","DEFAULT",false,true
"00019409","FUN_00019409","Global","Function","DEFAULT",false,true
"0001945e","LAB_0001945e","Global","Label","DEFAULT",false,true
"00019470","LAB_00019470","Global","Label","DEFAULT",false,true
"00019496","LAB_00019496","Global","Label","DEFAULT",false,true
"000194dc","LAB_000194dc","Global","Label","DEFAULT",false,true
"0001951e","LAB_0001951e","Global","Label","DEFAULT",false,true
"00019553","LAB_00019553","Global","Label","DEFAULT",false,true
"00019594","LAB_00019594","Global","Label","DEFAULT",false,true
"000196f8","LAB_000196f8","Global","Label","DEFAULT",false,true
"00019700","_M_thread_deps_never_run","std::thread","Function","ANALYSIS",false,true
"00019700","_ZNSt6thread24_M_thread_deps_never_runEv","Global","Label","IMPORTED",false,false
"00019702","_ZNSt6threadD1Ev","Global","Label","IMPORTED",false,false
"00019702","_ZNSt6threadD2Ev","Global","Label","IMPORTED",false,false
"00019702","~thread","std::thread","Function","ANALYSIS",false,true
"00019723","_S_copy","std::__cxx11::string","Function","ANALYSIS",false,true
"00019723","_ZNSt7__cxx1112basic_stringIcSt11char_traitsIcESaIcEE7_S_copyEPcPKcj","Global","Label","IMPORTED",false,false
"0001973c","LAB_0001973c","Global","Label","DEFAULT",false,true
"00019744","LAB_00019744","Global","Label","DEFAULT",false,true
"00019748","_ZNSt11this_thread9sleep_forIxSt5ratioILx1ELx1000EEEEvRKNSt6chrono8durationIT_T0_EE","Global","Label","IMPORTED",false,false
"00019748","sleep_for<long_long,std::ratio<1ll,1000ll>>","std::this_thread","Function","ANALYSIS",false,true
"000197b2","_M_dispose","std::__cxx11::string","Function","ANALYSIS",false,true
"000197b2","_ZNSt7__cxx1112basic_stringIcSt11char_traitsIcESaIcEE10_M_disposeEv","Global","Label","IMPORTED",false,false
"000197e4","_ZNKSt7__cxx1112basic_stringIcSt11char_traitsIcESaIcEE8capacityEv","Global","Label","IMPORTED",false,false
"000197e4","capacity","std::__cxx11::string","Function","ANALYSIS",false,true
"000197f9","LAB_000197f9","Global","Label","DEFAULT",false,true
"000197fe","_ZNSt10unique_ptrINSt6thread6_StateESt14default_deleteIS1_EED1Ev","Global","Label","IMPORTED",false,false
"000197fe","_ZNSt10unique_ptrINSt6thread6_StateESt14default_deleteIS1_EED2Ev","Global","Label","IMPORTED",false,false
"000197fe","~unique_ptr","std::unique_ptr<std::thread::_State,std::default_delete<std::thread::_State>>","Function","ANALYSIS",false,true
"00019815","LAB_00019815","Global","Label","DEFAULT",false,true
"00019818","_M_rehash","std::_Hashtable<unsigned_short,std::pair<unsigned_short_const,char>,std::allocator<std::pair<unsigned_short_const,char>>,std::__detail::_Select1st,std::equal_to<unsigned_short>,std::hash<unsigned_short>,std::__detail::_Mod_range_hashing,std::__detail::_Default_ranged_hash,std::__detail::_Prime_rehash_policy,std::__detail::_Hashtable_traits<false,false,true>>","Function","ANALYSIS",false,true
"00019818","_ZNSt10_HashtableItSt4pairIKtcESaIS2_ENSt8__detail10_Select1stESt8equal_toItESt4hashItENS4_18_Mod_range_hashingENS4_20_Default_ranged_hashENS4_20_Prime_rehash_policyENS4_17_Hashtable_traitsILb0ELb0ELb1EEEE9_M_rehashEjRKj","Global","Label","IMPORTED",false,false
"00019844","LAB_00019844","Global","Label","DEFAULT",false,true
"0001985e","LAB_0001985e","Global","Label","DEFAULT",false,true
"00019863","LAB_00019863","Global","Label","DEFAULT",false,true
"00019888","LAB_00019888","Global","Label","DEFAULT",false,true
"00019898","LAB_00019898","Global","Label","DEFAULT",false,true
"000198d0","LAB_000198d0","Global","Label","DEFAULT",false,true
"000198da","LAB_000198da","Global","Label","DEFAULT",false,true
"000198e1","LAB_000198e1","Global","Label","DEFAULT",false,true
"000198ff","LAB_000198ff","Global","Label","DEFAULT",false,true
"00019948","_ZNSt8__detail9_Map_baseItSt4pairIKtcESaIS3_ENS_10_Select1stESt8equal_toItESt4hashItENS_18_Mod_range_hashingENS_20_Default_ranged_hashENS_20_Prime_rehash_policyENS_17_Hashtable_traitsILb0ELb0ELb1EEELb1EEixEOt","Global","Label","IMPORTED",false,false
"00019948","operator[]","std::__detail::_Map_base<unsigned_short,std::pair<unsigned_short_const,char>,std::allocator<std::pair<unsigned_short_const,char>>,std::__detail::_Select1st,std::equal_to<unsigned_short>,std::hash<unsigned_short>,std::__detail::_Mod_range_hashing,std::__detail::_Default_ranged_hash,std::__detail::_Prime_rehash_policy,std::__detail::_Hashtable_traits<false,false,true>,true>","Function","ANALYSIS",false,true
"0001998e","LAB_0001998e","Global","Label","DEFAULT",false,true
"000199fa","LAB_000199fa","Global","Label","DEFAULT",false,true
"00019a12","LAB_00019a12","Global","Label","DEFAULT",false,true
"00019a2a","LAB_00019a2a","Global","Label","DEFAULT",false,true
"00019a2f","LAB_00019a2f","Global","Label","DEFAULT",false,true
"00019a51","LAB_00019a51","Global","Label","DEFAULT",false,true
"00019a59","__i686.get_pc_thunk.ax","Global","Function","ANALYSIS",false,true
"00019a5d","__i686.get_pc_thunk.si","Global","Function","ANALYSIS",false,true
"00019a62","FUN_00019a62","Global","Function","DEFAULT",false,true
"00019a8e","FUN_00019a8e","Global","Function","DEFAULT",false,true
"00019abe","FUN_00019abe","Global","Function","DEFAULT",false,true
"00019b11","AmxLoad","Global","Function","IMPORTED",false,true
"00019b3e","Supports","Global","Function","IMPORTED",false,true
"00019b44","AmxUnload","Global","Function","IMPORTED",false,true
"00019b47","Unload","Global","Function","IMPORTED",false,true
"00019b48","Load","Global","Function","IMPORTED",false,true
"00019ced","LAB_00019ced","Global","Label","DEFAULT",false,true
"00019d5a","FUN_00019d5a","Global","Function","DEFAULT",false,true
"00019d76","_M_complete_async","std::__future_base::_State_baseV2","Function","ANALYSIS",false,true
"00019d76","_ZNSt13__future_base13_State_baseV217_M_complete_asyncEv","Global","Label","IMPORTED",false,false
"00019d78","_M_is_deferred_future","std::__future_base::_State_baseV2","Function","ANALYSIS",false,true
"00019d78","_ZNKSt13__future_base13_State_baseV221_M_is_deferred_futureEv","Global","Label","IMPORTED",false,false
"00019d7c","_M_destroy","std::__future_base::_Result<void>","Function","ANALYSIS",false,true
"00019d7c","_ZNSt13__future_base7_ResultIvE10_M_destroyEv","Global","Label","IMPORTED",false,false
"00019d8d","_ZNSt15__exception_ptr12__dest_thunkISt12future_errorEEvPv","Global","Label","IMPORTED",false,false
"00019d8d","__dest_thunk<std::future_error>","std::__exception_ptr","Function","ANALYSIS",false,true
"00019d9e","_ZNSt23_Sp_counted_ptr_inplaceINSt13__future_base15_Deferred_stateINSt6thread8_InvokerISt5tupleIJZN13BufferHandles7ProcessEvEUlvE0_EEEEvEESaIvELN9__gnu_cxx12_Lock_policyE2EED1Ev","Global","Label","IMPORTED",false,false
"00019d9e","_ZNSt23_Sp_counted_ptr_inplaceINSt13__future_base15_Deferred_stateINSt6thread8_InvokerISt5tupleIJZN13BufferHandles7ProcessEvEUlvE0_EEEEvEESaIvELN9__gnu_cxx12_Lock_policyE2EED2Ev","Global","Label","IMPORTED",false,false
"00019d9e","~_Sp_counted_ptr_inplace","std::_Sp_counted_ptr_inplace<std::__future_base::_Deferred_state<std::thread::_Invoker<std::tuple<BufferHandles::Process()::{lambda()#2}>>,void>,std::allocator<void>,(__gnu_cxx::_Lock_policy)2>","Function","ANALYSIS",false,true
"00019da0","_ZNSt23_Sp_counted_ptr_inplaceINSt13__future_base17_Async_state_implINSt6thread8_InvokerISt5tupleIJZN13BufferHandles7ProcessEvEUlvE0_EEEEvEESaIvELN9__gnu_cxx12_Lock_policyE2EED1Ev","Global","Label","IMPORTED",false,false
"00019da0","_ZNSt23_Sp_counted_ptr_inplaceINSt13__future_base17_Async_state_implINSt6thread8_InvokerISt5tupleIJZN13BufferHandles7ProcessEvEUlvE0_EEEEvEESaIvELN9__gnu_cxx12_Lock_policyE2EED2Ev","Global","Label","IMPORTED",false,false
"00019da0","~_Sp_counted_ptr_inplace","std::_Sp_counted_ptr_inplace<std::__future_base::_Async_state_impl<std::thread::_Invoker<std::tuple<BufferHandles::Process()::{lambda()#2}>>,void>,std::allocator<void>,(__gnu_cxx::_Lock_policy)2>","Function","ANALYSIS",false,true
"00019da2","_M_is_deferred_future","std::__future_base::_Deferred_state<std::thread::_Invoker<std::tuple<BufferHandles::Process()::{lambda()#2}>>,void>","Function","ANALYSIS",false,true
"00019da2","_ZNKSt13__future_base15_Deferred_stateINSt6thread8_InvokerISt5tupleIJZN13BufferHandles7ProcessEvEUlvE0_EEEEvE21_M_is_deferred_futureEv","Global","Label","IMPORTED",false,false
"00019da6","_ZNSt23_Sp_counted_ptr_inplaceINSt13__future_base17_Async_state_implINSt6thread8_InvokerISt5tupleIJZN13BufferHandles7ProcessEvEUlvE0_EEEEvEESaIvELN9__gnu_cxx12_Lock_policyE2EED0Ev","Global","Label","IMPORTED",false,false
"00019da6","~_Sp_counted_ptr_inplace","std::_Sp_counted_ptr_inplace<std::__future_base::_Async_state_impl<std::thread::_Invoker<std::tuple<BufferHandles::Process()::{lambda()#2}>>,void>,std::allocator<void>,(__gnu_cxx::_Lock_policy)2>","Function","ANALYSIS",false,true
"00019dca","_ZNSt23_Sp_counted_ptr_inplaceINSt13__future_base15_Deferred_stateINSt6thread8_InvokerISt5tupleIJZN13BufferHandles7ProcessEvEUlvE0_EEEEvEESaIvELN9__gnu_cxx12_Lock_policyE2EED0Ev","Global","Label","IMPORTED",false,false
"00019dca","~_Sp_counted_ptr_inplace","std::_Sp_counted_ptr_inplace<std::__future_base::_Deferred_state<std::thread::_Invoker<std::tuple<BufferHandles::Process()::{lambda()#2}>>,void>,std::allocator<void>,(__gnu_cxx::_Lock_policy)2>","Function","ANALYSIS",false,true
"00019dee","_ZNSt6thread11_State_implINS_8_InvokerISt5tupleIJPFvvEEEEEED1Ev","Global","Label","IMPORTED",false,false
"00019dee","_ZNSt6thread11_State_implINS_8_InvokerISt5tupleIJPFvvEEEEEED2Ev","Global","Label","IMPORTED",false,false
"00019dee","~_State_impl","std::thread::_State_impl<std::thread::_Invoker<std::tuple<void(*)()>>>","Function","ANALYSIS",false,true
"00019e1c","_ZNSt6thread11_State_implINS_8_InvokerISt5tupleIJPFvvEEEEEED0Ev","Global","Label","IMPORTED",false,false
"00019e1c","~_State_impl","std::thread::_State_impl<std::thread::_Invoker<std::tuple<void(*)()>>>","Function","ANALYSIS",false,true
"00019e4c","_ZNSt6thread11_State_implINS_8_InvokerISt5tupleIJMNSt13__future_base17_Async_state_implINS1_IS2_IJZN13BufferHandles7ProcessEvEUlvE0_EEEEvEEFvvEPS9_EEEEED1Ev","Global","Label","IMPORTED",false,false
"00019e4c","_ZNSt6thread11_State_implINS_8_InvokerISt5tupleIJMNSt13__future_base17_Async_state_implINS1_IS2_IJZN13BufferHandles7ProcessEvEUlvE0_EEEEvEEFvvEPS9_EEEEED2Ev","Global","Label","IMPORTED",false,false
"00019e4c","~_State_impl","std::thread::_State_impl<std::thread::_Invoker<std::tuple<void(std::__future_base::_Async_state_impl<std::thread::_Invoker<std::tuple<BufferHandles::Process()::{lambda()#2}>>,void>::*)(),std::__future_base::_Async_state_impl<std::thread::_Invoker<std::tuple<BufferHandles::Process()::{lambda()#2}>>,void>*>>>","Function","ANALYSIS",false,true
"00019e7a","_ZNSt6thread11_State_implINS_8_InvokerISt5tupleIJMNSt13__future_base17_Async_state_implINS1_IS2_IJZN13BufferHandles7ProcessEvEUlvE0_EEEEvEEFvvEPS9_EEEEED0Ev","Global","Label","IMPORTED",false,false
"00019e7a","~_State_impl","std::thread::_State_impl<std::thread::_Invoker<std::tuple<void(std::__future_base::_Async_state_impl<std::thread::_Invoker<std::tuple<BufferHandles::Process()::{lambda()#2}>>,void>::*)(),std::__future_base::_Async_state_impl<std::thread::_Invoker<std::tuple<BufferHandles::Process()::{lambda()#2}>>,void>*>>>","Function","ANALYSIS",false,true
"00019eaa","_M_complete_async","std::__future_base::_Async_state_commonV2","Function","ANALYSIS",false,true
"00019eaa","_ZNSt13__future_base21_Async_state_commonV217_M_complete_asyncEv","Global","Label","IMPORTED",false,false
"00019f29","LAB_00019f29","Global","Label","DEFAULT",false,true
"00019f7e","_ZNSt13__future_base7_ResultIvED1Ev","Global","Label","IMPORTED",false,false
"00019f7e","_ZNSt13__future_base7_ResultIvED2Ev","Global","Label","IMPORTED",false,false
"00019f7e","~_Result","std::__future_base::_Result<void>","Function","ANALYSIS",false,true
"00019fac","_ZNSt13__future_base7_ResultIvED0Ev","Global","Label","IMPORTED",false,false
"00019fac","~_Result","std::__future_base::_Result<void>","Function","ANALYSIS",false,true
"00019fdc","_M_run","std::thread::_State_impl<std::thread::_Invoker<std::tuple<void(*)()>>>","Function","ANALYSIS",false,true
"00019fdc","_ZNSt6thread11_State_implINS_8_InvokerISt5tupleIJPFvvEEEEEE6_M_runEv","Global","Label","IMPORTED",false,false
"00019fe8","_M_run","std::thread::_State_impl<std::thread::_Invoker<std::tuple<void(std::__future_base::_Async_state_impl<std::thread::_Invoker<std::tuple<BufferHandles::Process()::{lambda()#2}>>,void>::*)(),std::__future_base::_Async_state_impl<std::thread::_Invoker<std::tuple<BufferHandles::Process()::{lambda()#2}>>,void>*>>>","Function","ANALYSIS",false,true
"00019fe8","_ZNSt6thread11_State_implINS_8_InvokerISt5tupleIJMNSt13__future_base17_Async_state_implINS1_IS2_IJZN13BufferHandles7ProcessEvEUlvE0_EEEEvEEFvvEPS9_EEEEE6_M_runEv","Global","Label","IMPORTED",false,false
"0001a001","LAB_0001a001","Global","Label","DEFAULT",false,true
"0001a007","_M_manager","std::_Function_handler<std::unique_ptr<std::__future_base::_Result_base,std::__future_base::_Result_base::_Deleter>(),std::__future_base::_Task_setter<std::unique_ptr<std::__future_base::_Result<void>,std::__future_base::_Result_base::_Deleter>,std::thread::_Invoker<std::tuple<BufferHandles::Process()::{lambda()#2}>>,void>>","Function","ANALYSIS",false,true
"0001a007","_ZNSt17_Function_handlerIFSt10unique_ptrINSt13__future_base12_Result_baseENS2_8_DeleterEEvENS1_12_Task_setterIS0_INS1_7_ResultIvEES3_ENSt6thread8_InvokerISt5tupleIJZN13BufferHandles7ProcessEvEUlvE0_EEEEvEEE10_M_managerERSt9_Any_dataRKSJ_St18_Manager_operation","Global","Label","IMPORTED",false,false
"0001a04a","_FUN","std::once_flag::_Prepare_execution::_Prepare_execution<std::call_once<void(std::thread::*)(),std::thread*>(std::once_flag&,void(std::thread::*&&)(),std::thread*&&)::{lambda()#1}()#1}>(void(std::thread::*&)())::{lambda()#1}","Function","ANALYSIS",false,true
"0001a04a","_ZZNSt9once_flag18_Prepare_executionC4IZSt9call_onceIMSt6threadFvvEJPS3_EEvRS_OT_DpOT0_EUlvE_EERS8_ENUlvE_4_FUNEv","Global","Label","IMPORTED",false,false
"0001a08c","_FUN","std::once_flag::_Prepare_execution::_Prepare_execution<std::call_once<void(std::__future_base::_State_baseV2::*)(std::function<std::unique_ptr<std::__future_base::_Result_base,std::__future_base::_Result_base::_Deleter>()>*,bool*),std::__future_base::_State_baseV2*,std::function<std::unique_ptr<std::__future_base::_Result_base,std::__future_base::_Result_base::_Deleter>()>*,bool*>(std::once_flag&,void(std::__future_base::_State_baseV2::*&&)(std::function<std::unique_ptr<std::__future_base::_Result_base,std::__future_base::_Result_base::_Deleter>()>*,bool*),std::__future_base::_State_baseV2*&&,std::function<std::unique_ptr<std::__future_base::_Result_base,std::__future_base::_Result_base::_Deleter>()>*&&,bool*&&)::{lambda()#1}()#1}>(void(std::__future_base::_State_baseV2::*&)(std::function<std::unique_ptr<std::__future_base::_Result_base,std::__future_base::_Result_base::_Deleter>()>*,bool*))::{lambda()#1}","Function","ANALYSIS",false,true
"0001a08c","_ZZNSt9once_flag18_Prepare_executionC4IZSt9call_onceIMNSt13__future_base13_State_baseV2EFvPSt8functionIFSt10unique_ptrINS3_12_Result_baseENS7_8_DeleterEEvEEPbEJPS4_SC_SD_EEvRS_OT_DpOT0_EUlvE_EERSI_ENUlvE_4_FUNEv","Global","Label","IMPORTED",false,false
"0001a0e0","_M_destroy","std::_Sp_counted_ptr_inplace<std::__future_base::_Deferred_state<std::thread::_Invoker<std::tuple<BufferHandles::Process()::{lambda()#2}>>,void>,std::allocator<void>,(__gnu_cxx::_Lock_policy)2>","Function","ANALYSIS",false,true
"0001a0e0","_ZNSt23_Sp_counted_ptr_inplaceINSt13__future_base15_Deferred_stateINSt6thread8_InvokerISt5tupleIJZN13BufferHandles7ProcessEvEUlvE0_EEEEvEESaIvELN9__gnu_cxx12_Lock_policyE2EE10_M_destroyEv","Global","Label","IMPORTED",false,false
"0001a104","_M_destroy","std::_Sp_counted_ptr_inplace<std::__future_base::_Async_state_impl<std::thread::_Invoker<std::tuple<BufferHandles::Process()::{lambda()#2}>>,void>,std::allocator<void>,(__gnu_cxx::_Lock_policy)2>","Function","ANALYSIS",false,true
"0001a104","_ZNSt23_Sp_counted_ptr_inplaceINSt13__future_base17_Async_state_implINSt6thread8_InvokerISt5tupleIJZN13BufferHandles7ProcessEvEUlvE0_EEEEvEESaIvELN9__gnu_cxx12_Lock_policyE2EE10_M_destroyEv","Global","Label","IMPORTED",false,false
"0001a128","_ZNKSt9type_infoeqERKS_","Global","Label","IMPORTED",false,false
"0001a128","operator==","std::type_info","Function","ANALYSIS",false,true
"0001a170","_M_get_deleter","std::_Sp_counted_ptr_inplace<std::__future_base::_Async_state_impl<std::thread::_Invoker<std::tuple<BufferHandles::Process()::{lambda()#2}>>,void>,std::allocator<void>,(__gnu_cxx::_Lock_policy)2>","Function","ANALYSIS",false,true
"0001a170","_ZNSt23_Sp_counted_ptr_inplaceINSt13__future_base17_Async_state_implINSt6thread8_InvokerISt5tupleIJZN13BufferHandles7ProcessEvEUlvE0_EEEEvEESaIvELN9__gnu_cxx12_Lock_policyE2EE14_M_get_deleterERKSt9type_info","Global","Label","IMPORTED",false,false
"0001a1b0","_M_get_deleter","std::_Sp_counted_ptr_inplace<std::__future_base::_Deferred_state<std::thread::_Invoker<std::tuple<BufferHandles::Process()::{lambda()#2}>>,void>,std::allocator<void>,(__gnu_cxx::_Lock_policy)2>","Function","ANALYSIS",false,true
"0001a1b0","_ZNSt23_Sp_counted_ptr_inplaceINSt13__future_base15_Deferred_stateINSt6thread8_InvokerISt5tupleIJZN13BufferHandles7ProcessEvEUlvE0_EEEEvEESaIvELN9__gnu_cxx12_Lock_policyE2EE14_M_get_deleterERKSt9type_info","Global","Label","IMPORTED",false,false
"0001a1f0","_ZNSt15__exception_ptr13exception_ptrD1Ev","Global","Label","IMPORTED",false,false
"0001a1f0","_ZNSt15__exception_ptr13exception_ptrD2Ev","Global","Label","IMPORTED",false,false
"0001a1f0","~exception_ptr","std::__exception_ptr::exception_ptr","Function","ANALYSIS",false,true
"0001a21a","_ZNSt14_Function_baseD1Ev","Global","Label","IMPORTED",false,false
"0001a21a","_ZNSt14_Function_baseD2Ev","Global","Label","IMPORTED",false,false
"0001a21a","~_Function_base","std::_Function_base","Function","ANALYSIS",false,true
"0001a234","LAB_0001a234","Global","Label","DEFAULT",false,true
"0001a236","_M_set_result","std::__future_base::_State_baseV2","Function","ANALYSIS",false,true
"0001a236","_ZNSt13__future_base13_State_baseV213_M_set_resultESt8functionIFSt10unique_ptrINS_12_Result_baseENS3_8_DeleterEEvEEb","Global","Label","IMPORTED",false,false
"0001a2d4","LAB_0001a2d4","Global","Label","DEFAULT",false,true
"0001a329","LAB_0001a329","Global","Label","DEFAULT",false,true
"0001a345","LAB_0001a345","Global","Label","DEFAULT",false,true
"0001a355","LAB_0001a355","Global","Label","DEFAULT",false,true
"0001a35e","_M_complete_async","std::__future_base::_Deferred_state<std::thread::_Invoker<std::tuple<BufferHandles::Process()::{lambda()#2}>>,void>","Function","ANALYSIS",false,true
"0001a35e","_ZNSt13__future_base15_Deferred_stateINSt6thread8_InvokerISt5tupleIJZN13BufferHandles7ProcessEvEUlvE0_EEEEvE17_M_complete_asyncEv","Global","Label","IMPORTED",false,false
"0001a3ca","FUN_0001a3ca","Global","Function","DEFAULT",false,true
"0001a3e6","FUN_0001a3e6","Global","Function","DEFAULT",false,true
"0001a412","_ZNSt14__shared_countILN9__gnu_cxx12_Lock_policyE2EED1Ev","Global","Label","IMPORTED",false,false
"0001a412","_ZNSt14__shared_countILN9__gnu_cxx12_Lock_policyE2EED2Ev","Global","Label","IMPORTED",false,false
"0001a412","~__shared_count","std::__shared_count<(__gnu_cxx::_Lock_policy)2>","Function","ANALYSIS",false,true
"0001a43f","LAB_0001a43f","Global","Label","DEFAULT",false,true
"0001a447","LAB_0001a447","Global","Label","DEFAULT",false,true
"0001a46a","LAB_0001a46a","Global","Label","DEFAULT",false,true
"0001a472","LAB_0001a472","Global","Label","DEFAULT",false,true
"0001a485","LAB_0001a485","Global","Label","DEFAULT",false,true
"0001a48c","_ZNSt10unique_ptrINSt13__future_base12_Result_baseENS1_8_DeleterEED1Ev","Global","Label","IMPORTED",false,false
"0001a48c","_ZNSt10unique_ptrINSt13__future_base12_Result_baseENS1_8_DeleterEED2Ev","Global","Label","IMPORTED",false,false
"0001a48c","~unique_ptr","std::unique_ptr<std::__future_base::_Result_base,std::__future_base::_Result_base::_Deleter>","Function","ANALYSIS",false,true
"0001a4a6","LAB_0001a4a6","Global","Label","DEFAULT",false,true
"0001a4a8","_ZNSt13__future_base13_State_baseV2D1Ev","Global","Label","IMPORTED",false,false
"0001a4a8","_ZNSt13__future_base13_State_baseV2D2Ev","Global","Label","IMPORTED",false,false
"0001a4a8","~_State_baseV2","std::__future_base::_State_baseV2","Function","ANALYSIS",false,true
"0001a4da","_ZNSt13__future_base13_State_baseV2D0Ev","Global","Label","IMPORTED",false,false
"0001a4da","~_State_baseV2","std::__future_base::_State_baseV2","Function","ANALYSIS",false,true
"0001a50a","_ZNSt13__future_base21_Async_state_commonV2D1Ev","Global","Label","IMPORTED",false,false
"0001a50a","_ZNSt13__future_base21_Async_state_commonV2D2Ev","Global","Label","IMPORTED",false,false
"0001a50a","~_Async_state_commonV2","std::__future_base::_Async_state_commonV2","Function","ANALYSIS",false,true
"0001a546","_ZNSt13__future_base21_Async_state_commonV2D0Ev","Global","Label","IMPORTED",false,false
"0001a546","~_Async_state_commonV2","std::__future_base::_Async_state_commonV2","Function","ANALYSIS",false,true
"0001a576","_M_do_set","std::__future_base::_State_baseV2","Function","ANALYSIS",false,true
"0001a576","_ZNSt13__future_base13_State_baseV29_M_do_setEPSt8functionIFSt10unique_ptrINS_12_Result_baseENS3_8_DeleterEEvEEPb","Global","Label","IMPORTED",false,false
"0001a5c8","_ZNSt10unique_ptrINSt13__future_base7_ResultIvEENS0_12_Result_base8_DeleterEED1Ev","Global","Label","IMPORTED",false,false
"0001a5c8","_ZNSt10unique_ptrINSt13__future_base7_ResultIvEENS0_12_Result_base8_DeleterEED2Ev","Global","Label","IMPORTED",false,false
"0001a5c8","~unique_ptr","std::unique_ptr<std::__future_base::_Result<void>,std::__future_base::_Result_base::_Deleter>","Function","ANALYSIS",false,true
"0001a5e2","LAB_0001a5e2","Global","Label","DEFAULT",false,true
"0001a5e4","_ZNSt13__future_base17_Async_state_implINSt6thread8_InvokerISt5tupleIJZN13BufferHandles7ProcessEvEUlvE0_EEEEvED1Ev","Global","Label","IMPORTED",false,false
"0001a5e4","_ZNSt13__future_base17_Async_state_implINSt6thread8_InvokerISt5tupleIJZN13BufferHandles7ProcessEvEUlvE0_EEEEvED2Ev","Global","Label","IMPORTED",false,false
"0001a5e4","~_Async_state_impl","std::__future_base::_Async_state_impl<std::thread::_Invoker<std::tuple<BufferHandles::Process()::{lambda()#2}>>,void>","Function","ANALYSIS",false,true
"0001a636","_ZNSt13__future_base17_Async_state_implINSt6thread8_InvokerISt5tupleIJZN13BufferHandles7ProcessEvEUlvE0_EEEEvED0Ev","Global","Label","IMPORTED",false,false
"0001a636","~_Async_state_impl","std::__future_base::_Async_state_impl<std::thread::_Invoker<std::tuple<BufferHandles::Process()::{lambda()#2}>>,void>","Function","ANALYSIS",false,true
"0001a666","_M_dispose","std::_Sp_counted_ptr_inplace<std::__future_base::_Async_state_impl<std::thread::_Invoker<std::tuple<BufferHandles::Process()::{lambda()#2}>>,void>,std::allocator<void>,(__gnu_cxx::_Lock_policy)2>","Function","ANALYSIS",false,true
"0001a666","_ZNSt23_Sp_counted_ptr_inplaceINSt13__future_base17_Async_state_implINSt6thread8_InvokerISt5tupleIJZN13BufferHandles7ProcessEvEUlvE0_EEEEvEESaIvELN9__gnu_cxx12_Lock_policyE2EE10_M_disposeEv","Global","Label","IMPORTED",false,false
"0001a68c","_ZNSt13__future_base15_Deferred_stateINSt6thread8_InvokerISt5tupleIJZN13BufferHandles7ProcessEvEUlvE0_EEEEvED1Ev","Global","Label","IMPORTED",false,false
"0001a68c","_ZNSt13__future_base15_Deferred_stateINSt6thread8_InvokerISt5tupleIJZN13BufferHandles7ProcessEvEUlvE0_EEEEvED2Ev","Global","Label","IMPORTED",false,false
"0001a68c","~_Deferred_state","std::__future_base::_Deferred_state<std::thread::_Invoker<std::tuple<BufferHandles::Process()::{lambda()#2}>>,void>","Function","ANALYSIS",false,true
"0001a6c8","_ZNSt13__future_base15_Deferred_stateINSt6thread8_InvokerISt5tupleIJZN13BufferHandles7ProcessEvEUlvE0_EEEEvED0Ev","Global","Label","IMPORTED",false,false
"0001a6c8","~_Deferred_state","std::__future_base::_Deferred_state<std::thread::_Invoker<std::tuple<BufferHandles::Process()::{lambda()#2}>>,void>","Function","ANALYSIS",false,true
"0001a6f8","_M_dispose","std::_Sp_counted_ptr_inplace<std::__future_base::_Deferred_state<std::thread::_Invoker<std::tuple<BufferHandles::Process()::{lambda()#2}>>,void>,std::allocator<void>,(__gnu_cxx::_Lock_policy)2>","Function","ANALYSIS",false,true
"0001a6f8","_ZNSt23_Sp_counted_ptr_inplaceINSt13__future_base15_Deferred_stateINSt6thread8_InvokerISt5tupleIJZN13BufferHandles7ProcessEvEUlvE0_EEEEvEESaIvELN9__gnu_cxx12_Lock_policyE2EE10_M_disposeEv","Global","Label","IMPORTED",false,false
"0001a71e","_ZSteqIcSt11char_traitsIcESaIcEEbRKNSt7__cxx1112basic_stringIT_T0_T1_EESA_","Global","Label","IMPORTED",false,false
"0001a71e","operator==","std","Function","ANALYSIS",false,true
"0001a75e","FUN_0001a75e","Global","Function","DEFAULT",false,true
"0001a777","LAB_0001a777","Global","Label","DEFAULT",false,true
"0001a77c","FUN_0001a77c","Global","Function","DEFAULT",false,true
"0001a82c","_ZNSt11unique_lockISt5mutexE6unlockEv","Global","Label","IMPORTED",false,false
"0001a82c","unlock","std::unique_lock<std::mutex>","Function","ANALYSIS",false,true
"0001a86c","_ZNSt11unique_lockISt5mutexED1Ev","Global","Label","IMPORTED",false,false
"0001a86c","_ZNSt11unique_lockISt5mutexED2Ev","Global","Label","IMPORTED",false,false
"0001a86c","~unique_lock","std::unique_lock<std::mutex>","Function","ANALYSIS",false,true
"0001a896","_M_is_local","std::__cxx11::string","Function","ANALYSIS",false,true
"0001a896","_ZNKSt7__cxx1112basic_stringIcSt11char_traitsIcESaIcEE11_M_is_localEv","Global","Label","IMPORTED",false,false
"0001a8a6","_ZNSt7__cxx1112basic_stringIcSt11char_traitsIcESaIcEED1Ev","Global","Label","IMPORTED",false,false
"0001a8a6","_ZNSt7__cxx1112basic_stringIcSt11char_traitsIcESaIcEED2Ev","Global","Label","IMPORTED",false,false
"0001a8a6","~string","std::__cxx11::string","Function","ANALYSIS",false,true
"0001a8c8","FUN_0001a8c8","Global","Function","DEFAULT",false,true
"0001a9d6","_M_replace","std::__cxx11::string","Function","ANALYSIS",false,true
"0001a9d6","_ZNSt7__cxx1112basic_stringIcSt11char_traitsIcESaIcEE10_M_replaceEjjPKcj","Global","Label","IMPORTED",false,false
"0001ab66","_ZNSt12future_errorC1ESt10error_code","Global","Label","IMPORTED",false,false
"0001ab66","_ZNSt12future_errorC2ESt10error_code","Global","Label","IMPORTED",false,false
"0001ab66","future_error","std::future_error","Function","ANALYSIS",false,true
"0001abe0","LAB_0001abe0","Global","Label","DEFAULT",false,true
"0001abeb","LAB_0001abeb","Global","Label","DEFAULT",false,true
"0001ac80","_M_break_promise","std::__future_base::_State_baseV2","Function","ANALYSIS",false,true
"0001ac80","_ZNSt13__future_base13_State_baseV216_M_break_promiseESt10unique_ptrINS_12_Result_baseENS2_8_DeleterEE","Global","Label","IMPORTED",false,false
"0001ad78","_M_run","std::__future_base::_Async_state_impl<std::thread::_Invoker<std::tuple<BufferHandles::Process()::{lambda()#2}>>,void>","Function","ANALYSIS",false,true
"0001ad78","_ZNSt13__future_base17_Async_state_implINSt6thread8_InvokerISt5tupleIJZN13BufferHandles7ProcessEvEUlvE0_EEEEvE6_M_runEv","Global","Label","IMPORTED",false,false
"0001ae64","FUN_0001ae64","Global","Function","DEFAULT",false,true
"0001aea0","FUN_0001aea0","Global","Function","DEFAULT",false,true
"0001af01","_ZNSt12_Destroy_auxILb0EE9__destroyIPN8Commands7CommandEEEvT_S5_","Global","Label","IMPORTED",false,false
"0001af01","__destroy<Commands::Command*>","std::_Destroy_aux<false>","Function","ANALYSIS",false,true
"0001af09","LAB_0001af09","Global","Label","DEFAULT",false,true
"0001af1f","LAB_0001af1f","Global","Label","DEFAULT",false,true
"0001af24","FUN_0001af24","Global","Function","DEFAULT",false,true
"0001b004","_Async_state_impl<BufferHandles::Process()::{lambda()#2}>","std::__future_base::_Async_state_impl<std::thread::_Invoker<std::tuple<BufferHandles::Process()::{lambda()#2}>>,void>","Function","ANALYSIS",false,true
"0001b004","_ZNSt13__future_base17_Async_state_implINSt6thread8_InvokerISt5tupleIJZN13BufferHandles7ProcessEvEUlvE0_EEEEvEC1IJS5_EEEDpOT_","Global","Label","IMPORTED",false,false
"0001b004","_ZNSt13__future_base17_Async_state_implINSt6thread8_InvokerISt5tupleIJZN13BufferHandles7ProcessEvEUlvE0_EEEEvEC2IJS5_EEEDpOT_","Global","Label","IMPORTED",false,false
"0001b107","LAB_0001b107","Global","Label","DEFAULT",false,true
"0001b171","FUN_0001b171","Global","Function","DEFAULT",false,true
"0001b270","LAB_0001b270","Global","Label","DEFAULT",false,true
"0001b29e","LAB_0001b29e","Global","Label","DEFAULT",false,true
"0001b2da","LAB_0001b2da","Global","Label","DEFAULT",false,true
"0001b2de","LAB_0001b2de","Global","Label","DEFAULT",false,true
"0001b2f4","LAB_0001b2f4","Global","Label","DEFAULT",false,true
"0001b359","LAB_0001b359","Global","Label","DEFAULT",false,true
"0001b373","LAB_0001b373","Global","Label","DEFAULT",false,true
"0001b390","FUN_0001b390","Global","Function","DEFAULT",false,true
"0001b3ca","LAB_0001b3ca","Global","Label","DEFAULT",false,true
"0001b411","LAB_0001b411","Global","Label","DEFAULT",false,true
"0001b41e","LAB_0001b41e","Global","Label","DEFAULT",false,true
"0001b44e","LAB_0001b44e","Global","Label","DEFAULT",false,true
"0001b4cb","LAB_0001b4cb","Global","Label","DEFAULT",false,true
"0001b52e","LAB_0001b52e","Global","Label","DEFAULT",false,true
"0001b558","LAB_0001b558","Global","Label","DEFAULT",false,true
"0001b58a","LAB_0001b58a","Global","Label","DEFAULT",false,true
"0001b606","LAB_0001b606","Global","Label","DEFAULT",false,true
"0001b62f","LAB_0001b62f","Global","Label","DEFAULT",false,true
"0001b656","LAB_0001b656","Global","Label","DEFAULT",false,true
"0001b688","LAB_0001b688","Global","Label","DEFAULT",false,true
"0001b71c","LAB_0001b71c","Global","Label","DEFAULT",false,true
"0001b743","LAB_0001b743","Global","Label","DEFAULT",false,true
"0001b775","LAB_0001b775","Global","Label","DEFAULT",false,true
"0001b804","LAB_0001b804","Global","Label","DEFAULT",false,true
"0001b80f","LAB_0001b80f","Global","Label","DEFAULT",false,true
"0001b836","LAB_0001b836","Global","Label","DEFAULT",false,true
"0001b861","LAB_0001b861","Global","Label","DEFAULT",false,true
"0001b8b7","LAB_0001b8b7","Global","Label","DEFAULT",false,true
"0001b8de","LAB_0001b8de","Global","Label","DEFAULT",false,true
"0001b909","LAB_0001b909","Global","Label","DEFAULT",false,true
"0001b94c","LAB_0001b94c","Global","Label","DEFAULT",false,true
"0001b973","LAB_0001b973","Global","Label","DEFAULT",false,true
"0001b99e","LAB_0001b99e","Global","Label","DEFAULT",false,true
"0001b9dc","LAB_0001b9dc","Global","Label","DEFAULT",false,true
"0001b9e4","LAB_0001b9e4","Global","Label","DEFAULT",false,true
"0001ba0b","LAB_0001ba0b","Global","Label","DEFAULT",false,true
"0001ba3d","LAB_0001ba3d","Global","Label","DEFAULT",false,true
"0001bb7a","LAB_0001bb7a","Global","Label","DEFAULT",false,true
"0001bba1","LAB_0001bba1","Global","Label","DEFAULT",false,true
"0001bbd3","LAB_0001bbd3","Global","Label","DEFAULT",false,true
"0001bd00","LAB_0001bd00","Global","Label","DEFAULT",false,true
"0001bd27","LAB_0001bd27","Global","Label","DEFAULT",false,true
"0001bd59","LAB_0001bd59","Global","Label","DEFAULT",false,true
"0001be81","LAB_0001be81","Global","Label","DEFAULT",false,true
"0001be87","LAB_0001be87","Global","Label","DEFAULT",false,true
"0001be8f","LAB_0001be8f","Global","Label","DEFAULT",false,true
"0001beb6","LAB_0001beb6","Global","Label","DEFAULT",false,true
"0001bee8","LAB_0001bee8","Global","Label","DEFAULT",false,true
"0001bf69","LAB_0001bf69","Global","Label","DEFAULT",false,true
"0001bfe5","LAB_0001bfe5","Global","Label","DEFAULT",false,true
"0001c00c","LAB_0001c00c","Global","Label","DEFAULT",false,true
"0001c037","LAB_0001c037","Global","Label","DEFAULT",false,true
"0001c07a","LAB_0001c07a","Global","Label","DEFAULT",false,true
"0001c0a1","LAB_0001c0a1","Global","Label","DEFAULT",false,true
"0001c0cc","LAB_0001c0cc","Global","Label","DEFAULT",false,true
"0001c109","LAB_0001c109","Global","Label","DEFAULT",false,true
"0001c130","LAB_0001c130","Global","Label","DEFAULT",false,true
"0001c15b","LAB_0001c15b","Global","Label","DEFAULT",false,true
"0001c19a","LAB_0001c19a","Global","Label","DEFAULT",false,true
"0001c1c1","LAB_0001c1c1","Global","Label","DEFAULT",false,true
"0001c1ec","LAB_0001c1ec","Global","Label","DEFAULT",false,true
"0001c23d","LAB_0001c23d","Global","Label","DEFAULT",false,true
"0001c264","LAB_0001c264","Global","Label","DEFAULT",false,true
"0001c293","LAB_0001c293","Global","Label","DEFAULT",false,true
"0001c300","LAB_0001c300","Global","Label","DEFAULT",false,true
"0001c327","LAB_0001c327","Global","Label","DEFAULT",false,true
"0001c359","LAB_0001c359","Global","Label","DEFAULT",false,true
"0001c40d","LAB_0001c40d","Global","Label","DEFAULT",false,true
"0001c4b4","LAB_0001c4b4","Global","Label","DEFAULT",false,true
"0001c4ba","LAB_0001c4ba","Global","Label","DEFAULT",false,true
"0001c4d0","LAB_0001c4d0","Global","Label","DEFAULT",false,true
"0001c501","LAB_0001c501","Global","Label","DEFAULT",false,true
"0001c509","LAB_0001c509","Global","Label","DEFAULT",false,true
"0001c608","LAB_0001c608","Global","Label","DEFAULT",false,true
"0001c60c","LAB_0001c60c","Global","Label","DEFAULT",false,true
"0001c610","LAB_0001c610","Global","Label","DEFAULT",false,true
"0001c612","LAB_0001c612","Global","Label","DEFAULT",false,true
"0001c615","LAB_0001c615","Global","Label","DEFAULT",false,true
"0001c66e","_ZNKSt13__future_base12_Task_setterISt10unique_ptrINS_7_ResultIvEENS_12_Result_base8_DeleterEENSt6thread8_InvokerISt5tupleIJZN13BufferHandles7ProcessEvEUlvE0_EEEEvEclEv","Global","Label","IMPORTED",false,false
"0001c66e","operator()","std::__future_base::_Task_setter<std::unique_ptr<std::__future_base::_Result<void>,std::__future_base::_Result_base::_Deleter>,std::thread::_Invoker<std::tuple<BufferHandles::Process()::{lambda()#2}>>,void>","Function","ANALYSIS",false,true
"0001c71a","LAB_0001c71a","Global","Label","DEFAULT",false,true
"0001c733","_M_invoke","std::_Function_handler<std::unique_ptr<std::__future_base::_Result_base,std::__future_base::_Result_base::_Deleter>(),std::__future_base::_Task_setter<std::unique_ptr<std::__future_base::_Result<void>,std::__future_base::_Result_base::_Deleter>,std::thread::_Invoker<std::tuple<BufferHandles::Process()::{lambda()#2}>>,void>>","Function","ANALYSIS",false,true
"0001c733","_ZNSt17_Function_handlerIFSt10unique_ptrINSt13__future_base12_Result_baseENS2_8_DeleterEEvENS1_12_Task_setterIS0_INS1_7_ResultIvEES3_ENSt6thread8_InvokerISt5tupleIJZN13BufferHandles7ProcessEvEUlvE0_EEEEvEEE9_M_invokeERKSt9_Any_data","Global","Label","IMPORTED",false,false
"0001c762","FUN_0001c762","Global","Function","DEFAULT",false,true
"0001c792","FUN_0001c792","Global","Function","DEFAULT",false,true
"0001c87d","FUN_0001c87d","Global","Function","DEFAULT",false,true
"0001c911","FUN_0001c911","Global","Function","DEFAULT",false,true
"0001c93c","FUN_0001c93c","Global","Function","DEFAULT",false,true
"0001c968","FUN_0001c968","Global","Function","DEFAULT",false,true
"0001c998","FUN_0001c998","Global","Function","DEFAULT",false,true
"0001ca51","LAB_0001ca51","Global","Label","DEFAULT",false,true
"0001ca6d","LAB_0001ca6d","Global","Label","DEFAULT",false,true
"0001ca7d","LAB_0001ca7d","Global","Label","DEFAULT",false,true
"0001ca90","LAB_0001ca90","Global","Label","DEFAULT",false,true
"0001cac1","LAB_0001cac1","Global","Label","DEFAULT",false,true
"0001cb22","FUN_0001cb22","Global","Function","DEFAULT",false,true
"0001cc12","LAB_0001cc12","Global","Label","DEFAULT",false,true
"0001cc52","FUN_0001cc52","Global","Function","DEFAULT",false,true
"0001ccb0","LAB_0001ccb0","Global","Label","DEFAULT",false,true
"0001ccc3","LAB_0001ccc3","Global","Label","DEFAULT",false,true
"0001cd1d","FUN_0001cd1d","Global","Function","DEFAULT",false,true
"0001cd3e","FUN_0001cd3e","Global","Function","DEFAULT",false,true
"0001d023","FUN_0001d023","Global","Function","DEFAULT",false,true
"0001d041","LAB_0001d041","Global","Label","DEFAULT",false,true
"0001d04b","LAB_0001d04b","Global","Label","DEFAULT",false,true
"0001d0d4","LAB_0001d0d4","Global","Label","DEFAULT",false,true
"0001d0dc","FUN_0001d0dc","Global","Function","DEFAULT",false,true
"0001d103","FUN_0001d103","Global","Function","DEFAULT",false,true
"0001d12a","FUN_0001d12a","Global","Function","DEFAULT",false,true
"0001d15a","FUN_0001d15a","Global","Function","DEFAULT",false,true
"0001d18b","FUN_0001d18b","Global","Function","DEFAULT",false,true
"0001d1c0","LAB_0001d1c0","Global","Label","DEFAULT",false,true
"0001d1c4","LAB_0001d1c4","Global","Label","DEFAULT",false,true
"0001d1d6","LAB_0001d1d6","Global","Label","DEFAULT",false,true
"0001d229","LAB_0001d229","Global","Label","DEFAULT",false,true
"0001d236","FUN_0001d236","Global","Function","DEFAULT",false,true
"0001d288","FUN_0001d288","Global","Function","DEFAULT",false,true
"0001d29e","LAB_0001d29e","Global","Label","DEFAULT",false,true
"0001d2a0","FUN_0001d2a0","Global","Function","DEFAULT",false,true
"0001d345","LAB_0001d345","Global","Label","DEFAULT",false,true
"0001d35f","LAB_0001d35f","Global","Label","DEFAULT",false,true
"0001d367","FUN_0001d367","Global","Function","DEFAULT",false,true
"0001d3a6","FUN_0001d3a6","Global","Function","DEFAULT",false,true
"0001d3b7","FUN_0001d3b7","Global","Function","DEFAULT",false,true
"0001d3d0","FUN_0001d3d0","Global","Function","DEFAULT",false,true
"0001d3ea","LAB_0001d3ea","Global","Label","DEFAULT",false,true
"0001d3ec","FUN_0001d3ec","Global","Function","DEFAULT",false,true
"0001d409","DAT_0001d409","Global","Label","DEFAULT",false,true
"0001d439","FUN_0001d439","Global","Function","DEFAULT",false,true
"0001d460","FUN_0001d460","Global","Function","DEFAULT",false,true
"0001d518","LAB_0001d518","Global","Label","DEFAULT",false,true
"0001d55a","LAB_0001d55a","Global","Label","DEFAULT",false,true
"0001d635","LAB_0001d635","Global","Label","DEFAULT",false,true
"0001d74f","LAB_0001d74f","Global","Label","DEFAULT",false,true
"0001d84d","LAB_0001d84d","Global","Label","DEFAULT",false,true
"0001d89f","LAB_0001d89f","Global","Label","DEFAULT",false,true
"0001d8ac","FUN_0001d8ac","Global","Function","DEFAULT",false,true
"0001dbb7","FUN_0001dbb7","Global","Function","DEFAULT",false,true
"0001dcbc","FUN_0001dcbc","Global","Function","DEFAULT",false,true
"0001dcf5","FUN_0001dcf5","Global","Function","DEFAULT",false,true
"0001dd3e","FUN_0001dd3e","Global","Function","DEFAULT",false,true
"0001dd8b","LAB_0001dd8b","Global","Label","DEFAULT",false,true
"0001ddcf","LAB_0001ddcf","Global","Label","DEFAULT",false,true
"0001ddee","LAB_0001ddee","Global","Label","DEFAULT",false,true
"0001de65","LAB_0001de65","Global","Label","DEFAULT",false,true
"0001de6d","LAB_0001de6d","Global","Label","DEFAULT",false,true
"0001de78","LAB_0001de78","Global","Label","DEFAULT",false,true
"0001de7b","LAB_0001de7b","Global","Label","DEFAULT",false,true
"0001de86","LAB_0001de86","Global","Label","DEFAULT",false,true
"0001de98","LAB_0001de98","Global","Label","DEFAULT",false,true
"0001deae","LAB_0001deae","Global","Label","DEFAULT",false,true
"0001dec4","LAB_0001dec4","Global","Label","DEFAULT",false,true
"0001deda","LAB_0001deda","Global","Label","DEFAULT",false,true
"0001def0","LAB_0001def0","Global","Label","DEFAULT",false,true
"0001df25","LAB_0001df25","Global","Label","DEFAULT",false,true
"0001df2d","FUN_0001df2d","Global","Function","DEFAULT",false,true
"0001df57","LAB_0001df57","Global","Label","DEFAULT",false,true
"0001df86","LAB_0001df86","Global","Label","DEFAULT",false,true
"0001df96","LAB_0001df96","Global","Label","DEFAULT",false,true
"0001e0fd","LAB_0001e0fd","Global","Label","DEFAULT",false,true
"0001e105","LAB_0001e105","Global","Label","DEFAULT",false,true
"0001e119","LAB_0001e119","Global","Label","DEFAULT",false,true
"0001e11b","LAB_0001e11b","Global","Label","DEFAULT",false,true
"0001e1b0","LAB_0001e1b0","Global","Label","DEFAULT",false,true
"0001e206","LAB_0001e206","Global","Label","DEFAULT",false,true
"0001e20e","_ZNSt5mutex4lockEv","Global","Label","IMPORTED",false,false
"0001e20e","lock","std::mutex","Function","ANALYSIS",false,true
"0001e23e","_ZNSt7__cxx1112basic_stringIcSt11char_traitsIcESaIcEEC1IS3_EEPKcRKS3_","Global","Label","IMPORTED",false,false
"0001e23e","_ZNSt7__cxx1112basic_stringIcSt11char_traitsIcESaIcEEC2IS3_EEPKcRKS3_","Global","Label","IMPORTED",false,false
"0001e23e","string<std::allocator<char>>","std::__cxx11::string","Function","ANALYSIS",false,true
"0001e2d4","_ZNSt11this_thread9sleep_forIxSt5ratioILx1ELx1EEEEvRKNSt6chrono8durationIT_T0_EE","Global","Label","IMPORTED",false,false
"0001e2d4","sleep_for<long_long,std::ratio<1ll,1ll>>","std::this_thread","Function","ANALYSIS",false,true
"0001e31d","FUN_0001e31d","Global","Function","DEFAULT",false,true
"0001e323","FUN_0001e323","Global","Function","DEFAULT",false,true
"0001e3b7","FUN_0001e3b7","Global","Function","DEFAULT",false,true
"0001e4a6","_ZNSt13unordered_mapItcSt4hashItESt8equal_toItESaISt4pairIKtcEEED1Ev","Global","Label","IMPORTED",false,false
"0001e4a6","_ZNSt13unordered_mapItcSt4hashItESt8equal_toItESaISt4pairIKtcEEED2Ev","Global","Label","IMPORTED",false,false
"0001e4a6","~unordered_map","std::unordered_map<unsigned_short,char,std::hash<unsigned_short>,std::equal_to<unsigned_short>,std::allocator<std::pair<unsigned_short_const,char>>>","Function","ANALYSIS",false,true
"0001e514","FUN_0001e514","Global","Function","DEFAULT",false,true
"0001e566","FUN_0001e566","Global","Function","DEFAULT",false,true
"0001e5ba","FUN_0001e5ba","Global","Function","DEFAULT",false,true
"0001e5d7","LAB_0001e5d7","Global","Label","DEFAULT",false,true
"0001e5fa","LAB_0001e5fa","Global","Label","DEFAULT",false,true
"0001e5fc","LAB_0001e5fc","Global","Label","DEFAULT",false,true
"0001e604","FUN_0001e604","Global","Function","DEFAULT",false,true
"0001e66d","FUN_0001e66d","Global","Function","DEFAULT",false,true
"0001e695","LAB_0001e695","Global","Label","DEFAULT",false,true
"0001e6a3","LAB_0001e6a3","Global","Label","DEFAULT",false,true
"0001e6a7","LAB_0001e6a7","Global","Label","DEFAULT",false,true
"0001e6c5","LAB_0001e6c5","Global","Label","DEFAULT",false,true
"0001e6c8","LAB_0001e6c8","Global","Label","DEFAULT",false,true
"0001e6ce","FUN_0001e6ce","Global","Function","DEFAULT",false,true
"0001e6e4","FUN_0001e6e4","Global","Function","DEFAULT",false,true
"0001e764","FUN_0001e764","Global","Function","DEFAULT",false,true
"0001e9c5","LAB_0001e9c5","Global","Label","DEFAULT",false,true
"0001e9cf","FUN_0001e9cf","Global","Function","DEFAULT",false,true
"0001e9fd","LAB_0001e9fd","Global","Label","DEFAULT",false,true
"0001ea3a","LAB_0001ea3a","Global","Label","DEFAULT",false,true
"0001eaa6","LAB_0001eaa6","Global","Label","DEFAULT",false,true
"0001eacd","LAB_0001eacd","Global","Label","DEFAULT",false,true
"0001eaeb","LAB_0001eaeb","Global","Label","DEFAULT",false,true
"0001eaf3","LAB_0001eaf3","Global","Label","DEFAULT",false,true
"0001eaf9","LAB_0001eaf9","Global","Label","DEFAULT",false,true
"0001eb24","LAB_0001eb24","Global","Label","DEFAULT",false,true
"0001eb2c","FUN_0001eb2c","Global","Function","DEFAULT",false,true
"0001ef3b","_ZSt3decRSt8ios_base","Global","Label","IMPORTED",false,false
"0001ef3b","dec","std","Function","ANALYSIS",false,true
"0001ef51","_ZSt3hexRSt8ios_base","Global","Label","IMPORTED",false,false
"0001ef51","hex","std","Function","ANALYSIS",false,true
"0001ef67","_ZNSt7__cxx119to_stringEj","Global","Label","IMPORTED",false,false
"0001ef67","to_string","std::__cxx11","Function","ANALYSIS",false,true
"0001ef93","LAB_0001ef93","Global","Label","DEFAULT",false,true
"0001efa0","LAB_0001efa0","Global","Label","DEFAULT",false,true
"0001efac","LAB_0001efac","Global","Label","DEFAULT",false,true
"0001efb8","LAB_0001efb8","Global","Label","DEFAULT",false,true
"0001efc1","LAB_0001efc1","Global","Label","DEFAULT",false,true
"0001efe9","LAB_0001efe9","Global","Label","DEFAULT",false,true
"0001efff","LAB_0001efff","Global","Label","DEFAULT",false,true
"0001f007","LAB_0001f007","Global","Label","DEFAULT",false,true
"0001f03f","LAB_0001f03f","Global","Label","DEFAULT",false,true
"0001f069","LAB_0001f069","Global","Label","DEFAULT",false,true
"0001f091","LAB_0001f091","Global","Label","DEFAULT",false,true
"0001f0a8","_ZNSt7__cxx1112basic_stringIcSt11char_traitsIcESaIcEEC1ERKS4_","Global","Label","IMPORTED",false,false
"0001f0a8","_ZNSt7__cxx1112basic_stringIcSt11char_traitsIcESaIcEEC2ERKS4_","Global","Label","IMPORTED",false,false
"0001f0a8","string","std::__cxx11::string","Function","ANALYSIS",false,true
"0001f0e8","LAB_0001f0e8","Global","Label","DEFAULT",false,true
"0001f10c","FUN_0001f10c","Global","Function","DEFAULT",false,true
"0001f1a2","FUN_0001f1a2","Global","Function","DEFAULT",false,true
"0001f216","LAB_0001f216","Global","Label","DEFAULT",false,true
"0001f25d","LAB_0001f25d","Global","Label","DEFAULT",false,true
"0001f26c","LAB_0001f26c","Global","Label","DEFAULT",false,true
"0001f27e","LAB_0001f27e","Global","Label","DEFAULT",false,true
"0001f28b","LAB_0001f28b","Global","Label","DEFAULT",false,true
"0001f29b","LAB_0001f29b","Global","Label","DEFAULT",false,true
"0001f2c2","LAB_0001f2c2","Global","Label","DEFAULT",false,true
"0001f2c7","LAB_0001f2c7","Global","Label","DEFAULT",false,true
"0001f313","LAB_0001f313","Global","Label","DEFAULT",false,true
"0001f319","LAB_0001f319","Global","Label","DEFAULT",false,true
"0001f337","LAB_0001f337","Global","Label","DEFAULT",false,true
"0001f33a","LAB_0001f33a","Global","Label","DEFAULT",false,true
"0001f35f","LAB_0001f35f","Global","Label","DEFAULT",false,true
"0001f3ea","FUN_0001f3ea","Global","Function","DEFAULT",false,true
"0001f41c","LAB_0001f41c","Global","Label","DEFAULT",false,true
"0001f425","LAB_0001f425","Global","Label","DEFAULT",false,true
"0001f440","_M_assign","std::__cxx11::string","Function","ANALYSIS",false,true
"0001f440","_ZNSt7__cxx1112basic_stringIcSt11char_traitsIcESaIcEE9_M_assignERKS4_","Global","Label","IMPORTED",false,false
"0001f4cc","FUN_0001f4cc","Global","Function","DEFAULT",false,true
"0001f558","LAB_0001f558","Global","Label","DEFAULT",false,true
"0001f567","LAB_0001f567","Global","Label","DEFAULT",false,true
"0001f589","LAB_0001f589","Global","Label","DEFAULT",false,true
"0001f5aa","LAB_0001f5aa","Global","Label","DEFAULT",false,true
"0001f5b0","LAB_0001f5b0","Global","Label","DEFAULT",false,true
"0001f62f","__i686.get_pc_thunk.cx","Global","Function","ANALYSIS",false,true
"0001f634","FUN_0001f634","Global","Function","DEFAULT",false,true
"0001f670","FUN_0001f670","Global","Function","DEFAULT",false,true
"0001f69c","FUN_0001f69c","Global","Function","DEFAULT",false,true
"0001f6d2","FUN_0001f6d2","Global","Function","DEFAULT",false,true
"0001f708","DAT_0001f708","Global","Label","DEFAULT",false,true
"0001f75c","FUN_0001f75c","Global","Function","DEFAULT",false,true
"0001f7c6","FUN_0001f7c6","Global","Function","DEFAULT",false,true
"0001f80a","FUN_0001f80a","Global","Function","DEFAULT",false,true
"0001f8ea","FUN_0001f8ea","Global","Function","DEFAULT",false,true
"0001f940","FUN_0001f940","Global","Function","DEFAULT",false,true
"0001fa44","LAB_0001fa44","Global","Label","DEFAULT",false,true
"0001fadd","LAB_0001fadd","Global","Label","DEFAULT",false,true
"0001fb67","LAB_0001fb67","Global","Label","DEFAULT",false,true
"0001fb75","LAB_0001fb75","Global","Label","DEFAULT",false,true
"0001fb80","FUN_0001fb80","Global","Function","DEFAULT",false,true
"0001fb92","LAB_0001fb92","Global","Label","DEFAULT",false,true
"0001fb9b","LAB_0001fb9b","Global","Label","DEFAULT",false,true
"0001fba5","LAB_0001fba5","Global","Label","DEFAULT",false,true
"0001fba7","__i686.get_pc_thunk.dx","Global","Function","ANALYSIS",false,true
"0001fbab","FUN_0001fbab","Global","Function","DEFAULT",false,true
"0001fbbd","FUN_0001fbbd","Global","Function","DEFAULT",false,true
"0001fbd0","FUN_0001fbd0","Global","Function","DEFAULT",false,true
"0001fbe3","FUN_0001fbe3","Global","Function","DEFAULT",false,true
"0001fbf6","FUN_0001fbf6","Global","Function","DEFAULT",false,true
"0001fc09","FUN_0001fc09","Global","Function","DEFAULT",false,true
"0001fc1c","FUN_0001fc1c","Global","Function","DEFAULT",false,true
"0001fc2f","FUN_0001fc2f","Global","Function","DEFAULT",false,true
"0001fc42","FUN_0001fc42","Global","Function","DEFAULT",false,true
"0001fc55","FUN_0001fc55","Global","Function","DEFAULT",false,true
"0001fc68","FUN_0001fc68","Global","Function","DEFAULT",false,true
"0001fc7b","FUN_0001fc7b","Global","Function","DEFAULT",false,true
"0001fc8e","FUN_0001fc8e","Global","Function","DEFAULT",false,true
"0001fca1","FUN_0001fca1","Global","Function","DEFAULT",false,true
"0001fcb4","FUN_0001fcb4","Global","Function","DEFAULT",false,true
"0001fcc7","FUN_0001fcc7","Global","Function","DEFAULT",false,true
"0001fcda","FUN_0001fcda","Global","Function","DEFAULT",false,true
"0001fced","FUN_0001fced","Global","Function","DEFAULT",false,true
"0001fd00","FUN_0001fd00","Global","Function","DEFAULT",false,true
"0001fd13","FUN_0001fd13","Global","Function","DEFAULT",false,true
"0001fd26","FUN_0001fd26","Global","Function","DEFAULT",false,true
"0001fd39","FUN_0001fd39","Global","Function","DEFAULT",false,true
"0001fd4c","FUN_0001fd4c","Global","Function","DEFAULT",false,true
"0001fd5f","FUN_0001fd5f","Global","Function","DEFAULT",false,true
"0001fd72","FUN_0001fd72","Global","Function","DEFAULT",false,true
"0001fd85","FUN_0001fd85","Global","Function","DEFAULT",false,true
"0001fd98","FUN_0001fd98","Global","Function","DEFAULT",false,true
"0001fdab","FUN_0001fdab","Global","Function","DEFAULT",false,true
"0001fdbe","FUN_0001fdbe","Global","Function","DEFAULT",false,true
"0001fdd1","FUN_0001fdd1","Global","Function","DEFAULT",false,true
"0001fde4","FUN_0001fde4","Global","Function","DEFAULT",false,true
"0001fdf7","FUN_0001fdf7","Global","Function","DEFAULT",false,true
"0001fe0d","LAB_0001fe0d","Global","Label","DEFAULT",false,true
"0001fe23","FUN_0001fe23","Global","Function","DEFAULT",false,true
"0001fe39","FUN_0001fe39","Global","Function","DEFAULT",false,true
"0001fe4f","FUN_0001fe4f","Global","Function","DEFAULT",false,true
"0001fe65","FUN_0001fe65","Global","Function","DEFAULT",false,true
"0001fe7b","FUN_0001fe7b","Global","Function","DEFAULT",false,true
"0001fe91","FUN_0001fe91","Global","Function","DEFAULT",false,true
"0001fea7","FUN_0001fea7","Global","Function","DEFAULT",false,true
"0001febd","FUN_0001febd","Global","Function","DEFAULT",false,true
"0001fed3","FUN_0001fed3","Global","Function","DEFAULT",false,true
"0001fee9","FUN_0001fee9","Global","Function","DEFAULT",false,true
"0001feff","FUN_0001feff","Global","Function","DEFAULT",false,true
"0001ff02","FUN_0001ff02","Global","Function","DEFAULT",false,true
"0001ff4b","FUN_0001ff4b","Global","Function","DEFAULT",false,true
"0001ff5f","FUN_0001ff5f","Global","Function","DEFAULT",false,true
"0001ffed","FUN_0001ffed","Global","Function","DEFAULT",false,true
"00020000","DAT_00020000","Global","Label","DEFAULT",false,true
"00020021","FUN_00020021","Global","Function","DEFAULT",false,true
"000200e9","FUN_000200e9","Global","Function","DEFAULT",false,true
"00020139","FUN_00020139","Global","Function","DEFAULT",false,true
"000201a3","FUN_000201a3","Global","Function","DEFAULT",false,true
"0002020d","FUN_0002020d","Global","Function","DEFAULT",false,true
"00020273","FUN_00020273","Global","Function","DEFAULT",false,true
"000202ad","FUN_000202ad","Global","Function","DEFAULT",false,true
"00020364","FUN_00020364","Global","Function","DEFAULT",false,true
"000203be","FUN_000203be","Global","Function","DEFAULT",false,true
"00020415","FUN_00020415","Global","Function","DEFAULT",false,true
"000204e1","FUN_000204e1","Global","Function","DEFAULT",false,true
"00020537","FUN_00020537","Global","Function","DEFAULT",false,true
"0002057d","FUN_0002057d","Global","Function","DEFAULT",false,true
"000205cb","FUN_000205cb","Global","Function","DEFAULT",false,true
"00020639","FUN_00020639","Global","Function","DEFAULT",false,true
"0002064a","LAB_0002064a","Global","Label","DEFAULT",false,true
"0002066e","LAB_0002066e","Global","Label","DEFAULT",false,true
"00020673","LAB_00020673","Global","Label","DEFAULT",false,true
"0002067d","FUN_0002067d","Global","Function","DEFAULT",false,true
"000206f9","FUN_000206f9","Global","Function","DEFAULT",false,true
"00020813","FUN_00020813","Global","Function","DEFAULT",false,true
"000208fa","FUN_000208fa","Global","Function","DEFAULT",false,true
"0002090c","LAB_0002090c","Global","Label","DEFAULT",false,true
"00020938","LAB_00020938","Global","Label","DEFAULT",false,true
"0002093b","LAB_0002093b","Global","Label","DEFAULT",false,true
"00020940","LAB_00020940","Global","Label","DEFAULT",false,true
"0002094a","FUN_0002094a","Global","Function","DEFAULT",false,true
"00020960","FUN_00020960","Global","Function","DEFAULT",false,true
"00020994","LAB_00020994","Global","Label","DEFAULT",false,true
"000209b1","LAB_000209b1","Global","Label","DEFAULT",false,true
"000209b9","LAB_000209b9","Global","Label","DEFAULT",false,true
"000209c1","LAB_000209c1","Global","Label","DEFAULT",false,true
"000209dc","LAB_000209dc","Global","Label","DEFAULT",false,true
"000209ec","LAB_000209ec","Global","Label","DEFAULT",false,true
"000209f3","FUN_000209f3","Global","Function","DEFAULT",false,true
"00020a37","FUN_00020a37","Global","Function","DEFAULT",false,true
"00020a9b","FUN_00020a9b","Global","Function","DEFAULT",false,true
"00020aff","FUN_00020aff","Global","Function","DEFAULT",false,true
"00020b0e","FUN_00020b0e","Global","Function","DEFAULT",false,true
"00020b0f","FUN_00020b0f","Global","Function","DEFAULT",false,true
"00020b5e","FUN_00020b5e","Global","Function","DEFAULT",false,true
"00020bf5","FUN_00020bf5","Global","Function","DEFAULT",false,true
"00020c60","LAB_00020c60","Global","Label","DEFAULT",false,true
"00020c67","FUN_00020c67","Global","Function","DEFAULT",false,true
"00020c8f","FUN_00020c8f","Global","Function","DEFAULT",false,true
"00020cb7","LAB_00020cb7","Global","Label","DEFAULT",false,true
"00020cc1","FUN_00020cc1","Global","Function","DEFAULT",false,true
"00020d03","LAB_00020d03","Global","Label","DEFAULT",false,true
"00020d1a","LAB_00020d1a","Global","Label","DEFAULT",false,true
"00020d26","LAB_00020d26","Global","Label","DEFAULT",false,true
"00020d51","LAB_00020d51","Global","Label","DEFAULT",false,true
"00020d7a","LAB_00020d7a","Global","Label","DEFAULT",false,true
"00020d87","LAB_00020d87","Global","Label","DEFAULT",false,true
"00020d8b","LAB_00020d8b","Global","Label","DEFAULT",false,true
"00020d94","LAB_00020d94","Global","Label","DEFAULT",false,true
"00020d9e","LAB_00020d9e","Global","Label","DEFAULT",false,true
"00020dce","LAB_00020dce","Global","Label","DEFAULT",false,true
"00020dd1","LAB_00020dd1","Global","Label","DEFAULT",false,true
"00020dd9","LAB_00020dd9","Global","Label","DEFAULT",false,true
"00020de1","LAB_00020de1","Global","Label","DEFAULT",false,true
"00020ded","LAB_00020ded","Global","Label","DEFAULT",false,true
"00020e02","LAB_00020e02","Global","Label","DEFAULT",false,true
"00020e0b","LAB_00020e0b","Global","Label","DEFAULT",false,true
"00020e0f","LAB_00020e0f","Global","Label","DEFAULT",false,true
"00020e34","LAB_00020e34","Global","Label","DEFAULT",false,true
"00020e69","LAB_00020e69","Global","Label","DEFAULT",false,true
"00020e91","LAB_00020e91","Global","Label","DEFAULT",false,true
"00020e9c","FUN_00020e9c","Global","Function","DEFAULT",false,true
"00020ebe","FUN_00020ebe","Global","Function","DEFAULT",false,true
"00020ec6","FUN_00020ec6","Global","Function","DEFAULT",false,true
"00020ee8","FUN_00020ee8","Global","Function","DEFAULT",false,true
"00020f09","FUN_00020f09","Global","Function","DEFAULT",false,true
"00020f71","FUN_00020f71","Global","Function","DEFAULT",false,true
"00020fbc","FUN_00020fbc","Global","Function","DEFAULT",false,true
"00021005","FUN_00021005","Global","Function","DEFAULT",false,true
"0002106b","FUN_0002106b","Global","Function","DEFAULT",false,true
"000210ce","FUN_000210ce","Global","Function","DEFAULT",false,true
"00021110","LAB_00021110","Global","Label","DEFAULT",false,true
"00021115","FUN_00021115","Global","Function","DEFAULT",false,true
"00021136","FUN_00021136","Global","Function","DEFAULT",false,true
"000211a8","FUN_000211a8","Global","Function","DEFAULT",false,true
"000211bb","LAB_000211bb","Global","Label","DEFAULT",false,true
"000211bf","FUN_000211bf","Global","Function","DEFAULT",false,true
"0002126d","FUN_0002126d","Global","Function","DEFAULT",false,true
"000212d7","LAB_000212d7","Global","Label","DEFAULT",false,true
"000212e4","LAB_000212e4","Global","Label","DEFAULT",false,true
"000212f2","LAB_000212f2","Global","Label","DEFAULT",false,true
"00021326","LAB_00021326","Global","Label","DEFAULT",false,true
"0002132c","LAB_0002132c","Global","Label","DEFAULT",false,true
"00021343","LAB_00021343","Global","Label","DEFAULT",false,true
"00021359","FUN_00021359","Global","Function","DEFAULT",false,true
"000213c2","FUN_000213c2","Global","Function","DEFAULT",false,true
"00021413","FUN_00021413","Global","Function","DEFAULT",false,true
"00021464","FUN_00021464","Global","Function","DEFAULT",false,true
"000214cb","FUN_000214cb","Global","Function","DEFAULT",false,true
"000214e9","LAB_000214e9","Global","Label","DEFAULT",false,true
"000214f1","thunk_FUN_000214cb","Global","Function","DEFAULT",false,true
"000214f3","FUN_000214f3","Global","Function","DEFAULT",false,true
"0002153e","thunk_FUN_000214f3","Global","Function","DEFAULT",false,true
"00021540","FUN_00021540","Global","Function","DEFAULT",false,true
"00021599","FUN_00021599","Global","Function","DEFAULT",false,true
"000216a7","FUN_000216a7","Global","Function","DEFAULT",false,true
"00021706","FUN_00021706","Global","Function","DEFAULT",false,true
"0002180d","FUN_0002180d","Global","Function","DEFAULT",false,true
"00021824","LAB_00021824","Global","Label","DEFAULT",false,true
"00021826","FUN_00021826","Global","Function","DEFAULT",false,true
"0002188c","FUN_0002188c","Global","Function","DEFAULT",false,true
"00021941","FUN_00021941","Global","Function","DEFAULT",false,true
"00021962","FUN_00021962","Global","Function","DEFAULT",false,true
"00021973","FUN_00021973","Global","Function","DEFAULT",false,true
"00021a37","FUN_00021a37","Global","Function","DEFAULT",false,true
"00021a92","LAB_00021a92","Global","Label","DEFAULT",false,true
"00021ac4","LAB_00021ac4","Global","Label","DEFAULT",false,true
"00021acb","LAB_00021acb","Global","Label","DEFAULT",false,true
"00021b21","LAB_00021b21","Global","Label","DEFAULT",false,true
"00021b2b","FUN_00021b2b","Global","Function","DEFAULT",false,true
"00021bb2","FUN_00021bb2","Global","Function","DEFAULT",false,true
"00021c13","thunk_FUN_00021bb2","Global","Function","DEFAULT",false,true
"00021c15","FUN_00021c15","Global","Function","DEFAULT",false,true
"00021cd3","FUN_00021cd3","Global","Function","DEFAULT",false,true
"00021d9d","FUN_00021d9d","Global","Function","DEFAULT",false,true
"00021e15","FUN_00021e15","Global","Function","DEFAULT",false,true
"00021e8d","FUN_00021e8d","Global","Function","DEFAULT",false,true
"00021f03","FUN_00021f03","Global","Function","DEFAULT",false,true
"00021fab","FUN_00021fab","Global","Function","DEFAULT",false,true
"00022039","FUN_00022039","Global","Function","DEFAULT",false,true
"00022082","FUN_00022082","Global","Function","DEFAULT",false,true
"000220f0","LAB_000220f0","Global","Label","DEFAULT",false,true
"00022387","LAB_00022387","Global","Label","DEFAULT",false,true
"0002239c","LAB_0002239c","Global","Label","DEFAULT",false,true
"0002239f","LAB_0002239f","Global","Label","DEFAULT",false,true
"000223d7","LAB_000223d7","Global","Label","DEFAULT",false,true
"000223e4","LAB_000223e4","Global","Label","DEFAULT",false,true
"000223ef","LAB_000223ef","Global","Label","DEFAULT",false,true
"000223f2","LAB_000223f2","Global","Label","DEFAULT",false,true
"00022403","LAB_00022403","Global","Label","DEFAULT",false,true
"0002240d","thunk_FUN_00022082","Global","Function","DEFAULT",false,true
"00022412","FUN_00022412","Global","Function","DEFAULT",false,true
"00022453","LAB_00022453","Global","Label","DEFAULT",false,true
"00022464","LAB_00022464","Global","Label","DEFAULT",false,true
"0002248e","LAB_0002248e","Global","Label","DEFAULT",false,true
"000224d0","LAB_000224d0","Global","Label","DEFAULT",false,true
"000224dd","LAB_000224dd","Global","Label","DEFAULT",false,true
"000224e8","LAB_000224e8","Global","Label","DEFAULT",false,true
"00022503","FUN_00022503","Global","Function","DEFAULT",false,true
"0002251a","thunk_FUN_00022412","Global","Function","DEFAULT",false,true
"0002251f","FUN_0002251f","Global","Function","DEFAULT",false,true
"00022531","LAB_00022531","Global","Label","DEFAULT",false,true
"00022536","FUN_00022536","Global","Function","DEFAULT",false,true
"0002274a","LAB_0002274a","Global","Label","DEFAULT",false,true
"00022754","FUN_00022754","Global","Function","DEFAULT",false,true
"000227e4","LAB_000227e4","Global","Label","DEFAULT",false,true
"000227fe","LAB_000227fe","Global","Label","DEFAULT",false,true
"00022825","LAB_00022825","Global","Label","DEFAULT",false,true
"00022838","LAB_00022838","Global","Label","DEFAULT",false,true
"00022853","LAB_00022853","Global","Label","DEFAULT",false,true
"00022868","LAB_00022868","Global","Label","DEFAULT",false,true
"000228a2","LAB_000228a2","Global","Label","DEFAULT",false,true
"000228cd","FUN_000228cd","Global","Function","DEFAULT",false,true
"0002291e","FUN_0002291e","Global","Function","DEFAULT",false,true
"0002297a","FUN_0002297a","Global","Function","DEFAULT",false,true
"000229d6","FUN_000229d6","Global","Function","DEFAULT",false,true
"00022a1b","FUN_00022a1b","Global","Function","DEFAULT",false,true
"00022aa3","FUN_00022aa3","Global","Function","DEFAULT",false,true
"00022b06","LAB_00022b06","Global","Label","DEFAULT",false,true
"00022b11","FUN_00022b11","Global","Function","DEFAULT",false,true
"00022b74","LAB_00022b74","Global","Label","DEFAULT",false,true
"00022b7f","FUN_00022b7f","Global","Function","DEFAULT",false,true
"00022bd3","FUN_00022bd3","Global","Function","DEFAULT",false,true
"00022c58","FUN_00022c58","Global","Function","DEFAULT",false,true
"00022cbb","LAB_00022cbb","Global","Label","DEFAULT",false,true
"00022cc3","FUN_00022cc3","Global","Function","DEFAULT",false,true
"00022d08","FUN_00022d08","Global","Function","DEFAULT",false,true
"00022d4d","FUN_00022d4d","Global","Function","DEFAULT",false,true
"00022da9","FUN_00022da9","Global","Function","DEFAULT",false,true
"00022dee","FUN_00022dee","Global","Function","DEFAULT",false,true
"00022e63","FUN_00022e63","Global","Function","DEFAULT",false,true
"00022ed8","FUN_00022ed8","Global","Function","DEFAULT",false,true
"00022f1d","FUN_00022f1d","Global","Function","DEFAULT",false,true
"00022f62","FUN_00022f62","Global","Function","DEFAULT",false,true
"00022fbe","FUN_00022fbe","Global","Function","DEFAULT",false,true
"0002301a","FUN_0002301a","Global","Function","DEFAULT",false,true
"00023076","FUN_00023076","Global","Function","DEFAULT",false,true
"000230fe","FUN_000230fe","Global","Function","DEFAULT",false,true
"00023152","FUN_00023152","Global","Function","DEFAULT",false,true
"000231ae","FUN_000231ae","Global","Function","DEFAULT",false,true
"00023202","FUN_00023202","Global","Function","DEFAULT",false,true
"00023277","FUN_00023277","Global","Function","DEFAULT",false,true
"000232d3","FUN_000232d3","Global","Function","DEFAULT",false,true
"0002332f","FUN_0002332f","Global","Function","DEFAULT",false,true
"00023383","FUN_00023383","Global","Function","DEFAULT",false,true
"000233e6","LAB_000233e6","Global","Label","DEFAULT",false,true
"000233ee","FUN_000233ee","Global","Function","DEFAULT",false,true
"00023451","LAB_00023451","Global","Label","DEFAULT",false,true
"0002345c","FUN_0002345c","Global","Function","DEFAULT",false,true
"000234b8","FUN_000234b8","Global","Function","DEFAULT",false,true
"0002353d","FUN_0002353d","Global","Function","DEFAULT",false,true
"000235c2","FUN_000235c2","Global","Function","DEFAULT",false,true
"00023661","FUN_00023661","Global","Function","DEFAULT",false,true
"000236d6","FUN_000236d6","Global","Function","DEFAULT",false,true
"0002372a","FUN_0002372a","Global","Function","DEFAULT",false,true
"00023786","FUN_00023786","Global","Function","DEFAULT",false,true
"000237e2","FUN_000237e2","Global","Function","DEFAULT",false,true
"00023835","FUN_00023835","Global","Function","DEFAULT",false,true
"000238ab","FUN_000238ab","Global","Function","DEFAULT",false,true
"00023921","FUN_00023921","Global","Function","DEFAULT",false,true
"00023971","FUN_00023971","Global","Function","DEFAULT",false,true
"00023a30","FUN_00023a30","Global","Function","DEFAULT",false,true
"00023c29","FUN_00023c29","Global","Function","DEFAULT",false,true
"00023d9d","FUN_00023d9d","Global","Function","DEFAULT",false,true
"00023e63","FUN_00023e63","Global","Function","DEFAULT",false,true
"00023f29","FUN_00023f29","Global","Function","DEFAULT",false,true
"00024031","FUN_00024031","Global","Function","DEFAULT",false,true
"000240f7","FUN_000240f7","Global","Function","DEFAULT",false,true
"000241fc","FUN_000241fc","Global","Function","DEFAULT",false,true
"00024352","FUN_00024352","Global","Function","DEFAULT",false,true
"0002440c","FUN_0002440c","Global","Function","DEFAULT",false,true
"000244d8","FUN_000244d8","Global","Function","DEFAULT",false,true
"00024557","LAB_00024557","Global","Label","DEFAULT",false,true
"0002456d","FUN_0002456d","Global","Function","DEFAULT",false,true
"000245d2","LAB_000245d2","Global","Label","DEFAULT",false,true
"000245e8","FUN_000245e8","Global","Function","DEFAULT",false,true
"0002464d","LAB_0002464d","Global","Label","DEFAULT",false,true
"00024660","FUN_00024660","Global","Function","DEFAULT",false,true
"000246af","LAB_000246af","Global","Label","DEFAULT",false,true
"000246c6","FUN_000246c6","Global","Function","DEFAULT",false,true
"0002474d","FUN_0002474d","Global","Function","DEFAULT",false,true
"000247cd","FUN_000247cd","Global","Function","DEFAULT",false,true
"00024803","LAB_00024803","Global","Label","DEFAULT",false,true
"00024808","FUN_00024808","Global","Function","DEFAULT",false,true
"00024829","FUN_00024829","Global","Function","DEFAULT",false,true
"0002486b","LAB_0002486b","Global","Label","DEFAULT",false,true
"000248aa","LAB_000248aa","Global","Label","DEFAULT",false,true
"000248bb","LAB_000248bb","Global","Label","DEFAULT",false,true
"000248e9","LAB_000248e9","Global","Label","DEFAULT",false,true
"000248ed","LAB_000248ed","Global","Label","DEFAULT",false,true
"00024922","LAB_00024922","Global","Label","DEFAULT",false,true
"00024926","LAB_00024926","Global","Label","DEFAULT",false,true
"0002492d","LAB_0002492d","Global","Label","DEFAULT",false,true
"00024940","LAB_00024940","Global","Label","DEFAULT",false,true
"00024959","LAB_00024959","Global","Label","DEFAULT",false,true
"00024963","FUN_00024963","Global","Function","DEFAULT",false,true
"000249c0","LAB_000249c0","Global","Label","DEFAULT",false,true
"000249c7","FUN_000249c7","Global","Function","DEFAULT",false,true
"00024b8b","FUN_00024b8b","Global","Function","DEFAULT",false,true
"00024b91","FUN_00024b91","Global","Function","DEFAULT",false,true
"00024ba2","FUN_00024ba2","Global","Function","DEFAULT",false,true
"00024ba8","FUN_00024ba8","Global","Function","DEFAULT",false,true
"00024bd0","FUN_00024bd0","Global","Function","DEFAULT",false,true
"00024be7","thunk_FUN_00020b0f","Global","Function","DEFAULT",false,true
"00024bec","FUN_00024bec","Global","Function","DEFAULT",false,true
"00024ca2","thunk_FUN_0001ff02","Global","Function","DEFAULT",false,true
"00024ca7","FUN_00024ca7","Global","Function","DEFAULT",false,true
"00024d3a","FUN_00024d3a","Global","Function","DEFAULT",false,true
"00024da1","FUN_00024da1","Global","Function","DEFAULT",false,true
"00024e11","FUN_00024e11","Global","Function","DEFAULT",false,true
"00024e81","FUN_00024e81","Global","Function","DEFAULT",false,true
"00024ee0","FUN_00024ee0","Global","Function","DEFAULT",false,true
"00024fe5","FUN_00024fe5","Global","Function","DEFAULT",false,true
"0002504c","FUN_0002504c","Global","Function","DEFAULT",false,true
"000250da","FUN_000250da","Global","Function","DEFAULT",false,true
"000251d9","FUN_000251d9","Global","Function","DEFAULT",false,true
"0002524d","FUN_0002524d","Global","Function","DEFAULT",false,true
"000252e6","FUN_000252e6","Global","Function","DEFAULT",false,true
"0002535a","FUN_0002535a","Global","Function","DEFAULT",false,true
"000253f3","FUN_000253f3","Global","Function","DEFAULT",false,true
"00025464","FUN_00025464","Global","Function","DEFAULT",false,true
"000254cb","FUN_000254cb","Global","Function","DEFAULT",false,true
"00025532","FUN_00025532","Global","Function","DEFAULT",false,true
"00025535","FUN_00025535","Global","Function","DEFAULT",false,true
"00025536","FUN_00025536","Global","Function","DEFAULT",false,true
"0002559d","FUN_0002559d","Global","Function","DEFAULT",false,true
"00025629","FUN_00025629","Global","Function","DEFAULT",false,true
"000256e4","FUN_000256e4","Global","Function","DEFAULT",false,true
"0002574b","FUN_0002574b","Global","Function","DEFAULT",false,true
"000257bb","FUN_000257bb","Global","Function","DEFAULT",false,true
"000258ba","FUN_000258ba","Global","Function","DEFAULT",false,true
"00025948","FUN_00025948","Global","Function","DEFAULT",false,true
"000259e1","FUN_000259e1","Global","Function","DEFAULT",false,true
"00025b12","FUN_00025b12","Global","Function","DEFAULT",false,true
"00025b86","FUN_00025b86","Global","Function","DEFAULT",false,true
"00025c09","FUN_00025c09","Global","Function","DEFAULT",false,true
"00025c5d","FUN_00025c5d","Global","Function","DEFAULT",false,true
"00025d04","FUN_00025d04","Global","Function","DEFAULT",false,true
"00025ecf","FUN_00025ecf","Global","Function","DEFAULT",false,true
"00025f2e","FUN_00025f2e","Global","Function","DEFAULT",false,true
"00025fba","FUN_00025fba","Global","Function","DEFAULT",false,true
"000260eb","FUN_000260eb","Global","Function","DEFAULT",false,true
"00026177","FUN_00026177","Global","Function","DEFAULT",false,true
"000262a8","FUN_000262a8","Global","Function","DEFAULT",false,true
"0002630f","FUN_0002630f","Global","Function","DEFAULT",false,true
"0002637f","FUN_0002637f","Global","Function","DEFAULT",false,true
"000263ef","FUN_000263ef","Global","Function","DEFAULT",false,true
"0002645f","FUN_0002645f","Global","Function","DEFAULT",false,true
"000264d9","FUN_000264d9","Global","Function","DEFAULT",false,true
"00026549","FUN_00026549","Global","Function","DEFAULT",false,true
"000265bd","FUN_000265bd","Global","Function","DEFAULT",false,true
"00026656","FUN_00026656","Global","Function","DEFAULT",false,true
"000266c6","FUN_000266c6","Global","Function","DEFAULT",false,true
"0002672d","FUN_0002672d","Global","Function","DEFAULT",false,true
"00026794","FUN_00026794","Global","Function","DEFAULT",false,true
"000267f3","FUN_000267f3","Global","Function","DEFAULT",false,true
"00026883","FUN_00026883","Global","Function","DEFAULT",false,true
"000268b4","LAB_000268b4","Global","Label","DEFAULT",false,true
"000268e2","FUN_000268e2","Global","Function","DEFAULT",false,true
"00026944","LAB_00026944","Global","Label","DEFAULT",false,true
"0002694a","FUN_0002694a","Global","Function","DEFAULT",false,true
"000269a9","FUN_000269a9","Global","Function","DEFAULT",false,true
"00026a10","FUN_00026a10","Global","Function","DEFAULT",false,true
"00026b0f","FUN_00026b0f","Global","Function","DEFAULT",false,true
"00026b2a","LAB_00026b2a","Global","Label","DEFAULT",false,true
"00026b9a","LAB_00026b9a","Global","Label","DEFAULT",false,true
"00026b9d","FUN_00026b9d","Global","Function","DEFAULT",false,true
"00026ba8","LAB_00026ba8","Global","Label","DEFAULT",false,true
"00026bad","LAB_00026bad","Global","Label","DEFAULT",false,true
"00026be7","DAT_00026be7","Global","Label","DEFAULT",false,true
"00026bec","LAB_00026beb+1","Global","Label","DEFAULT",false,true
"00026bf9","LAB_00026bf7+2","Global","Label","DEFAULT",false,true
"00026c2b","FUN_00026c2b","Global","Function","DEFAULT",false,true
"00026d5c","FUN_00026d5c","Global","Function","DEFAULT",false,true
"00026de8","FUN_00026de8","Global","Function","DEFAULT",false,true
"00026e58","FUN_00026e58","Global","Function","DEFAULT",false,true
"00026eb7","FUN_00026eb7","Global","Function","DEFAULT",false,true
"00026fbd","FUN_00026fbd","Global","Function","DEFAULT",false,true
"00026fc0","FUN_00026fc0","Global","Function","DEFAULT",false,true
"00026fc1","FUN_00026fc1","Global","Function","DEFAULT",false,true
"0002705b","FUN_0002705b","Global","Function","DEFAULT",false,true
"000270eb","FUN_000270eb","Global","Function","DEFAULT",false,true
"00027185","FUN_00027185","Global","Function","DEFAULT",false,true
"00027215","FUN_00027215","Global","Function","DEFAULT",false,true
"0002728f","FUN_0002728f","Global","Function","DEFAULT",false,true
"00027312","FUN_00027312","Global","Function","DEFAULT",false,true
"000273ac","FUN_000273ac","Global","Function","DEFAULT",false,true
"0002744f","FUN_0002744f","Global","Function","DEFAULT",false,true
"0002749b","FUN_0002749b","Global","Function","DEFAULT",false,true
"000274e7","FUN_000274e7","Global","Function","DEFAULT",false,true
"00027569","FUN_00027569","Global","Function","DEFAULT",false,true
"000275b5","FUN_000275b5","Global","Function","DEFAULT",false,true
"00027601","FUN_00027601","Global","Function","DEFAULT",false,true
"0002764d","FUN_0002764d","Global","Function","DEFAULT",false,true
"0002773c","FUN_0002773c","Global","Function","DEFAULT",false,true
"000277cc","FUN_000277cc","Global","Function","DEFAULT",false,true
"0002784f","FUN_0002784f","Global","Function","DEFAULT",false,true
"000278f9","FUN_000278f9","Global","Function","DEFAULT",false,true
"000279c3","FUN_000279c3","Global","Function","DEFAULT",false,true
"00027a57","FUN_00027a57","Global","Function","DEFAULT",false,true
"00027adc","FUN_00027adc","Global","Function","DEFAULT",false,true
"00027b63","FUN_00027b63","Global","Function","DEFAULT",false,true
"00027baf","FUN_00027baf","Global","Function","DEFAULT",false,true
"00027c55","FUN_00027c55","Global","Function","DEFAULT",false,true
"00027cd8","FUN_00027cd8","Global","Function","DEFAULT",false,true
"00027d57","LAB_00027d57","Global","Label","DEFAULT",false,true
"00027d5f","FUN_00027d5f","Global","Function","DEFAULT",false,true
"00027d75","LAB_00027d75","Global","Label","DEFAULT",false,true
"00027dc6","FUN_00027dc6","Global","Function","DEFAULT",false,true
"00027dcf","LAB_00027dcc+3","Global","Label","DEFAULT",false,true
"00027de1","LAB_00027de1","Global","Label","DEFAULT",false,true
"00027e13","LAB_00027e11+2","Global","Label","DEFAULT",false,true
"00027e92","FUN_00027e92","Global","Function","DEFAULT",false,true
"00027f67","FUN_00027f67","Global","Function","DEFAULT",false,true
"0002800f","FUN_0002800f","Global","Function","DEFAULT",false,true
"000280ca","FUN_000280ca","Global","Function","DEFAULT",false,true
"000280e8","LAB_000280e8","Global","Label","DEFAULT",false,true
"0002811a","LAB_0002811a","Global","Label","DEFAULT",false,true
"0002815c","LAB_0002815c","Global","Label","DEFAULT",false,true
"00028165","FUN_00028165","Global","Function","DEFAULT",false,true
"000281c1","LAB_000281c1","Global","Label","DEFAULT",false,true
"000281db","LAB_000281d6+5","Global","Label","DEFAULT",false,true
"00028200","FUN_00028200","Global","Function","DEFAULT",false,true
"00028267","FUN_00028267","Global","Function","DEFAULT",false,true
"000282cf","FUN_000282cf","Global","Function","DEFAULT",false,true
"00028336","FUN_00028336","Global","Function","DEFAULT",false,true
"0002838a","FUN_0002838a","Global","Function","DEFAULT",false,true
"000283f1","FUN_000283f1","Global","Function","DEFAULT",false,true
"00028497","FUN_00028497","Global","Function","DEFAULT",false,true
"000284ff","FUN_000284ff","Global","Function","DEFAULT",false,true
"00028553","FUN_00028553","Global","Function","DEFAULT",false,true
"000285bb","FUN_000285bb","Global","Function","DEFAULT",false,true
"00028622","FUN_00028622","Global","Function","DEFAULT",false,true
"00028664","LAB_00028664","Global","Label","DEFAULT",false,true
"0002868b","FUN_0002868b","Global","Function","DEFAULT",false,true
"000286c0","LAB_000286c0","Global","Label","DEFAULT",false,true
"000286dd","FUN_000286dd","Global","Function","DEFAULT",false,true
"00028745","FUN_00028745","Global","Function","DEFAULT",false,true
"000287ac","FUN_000287ac","Global","Function","DEFAULT",false,true
"00028849","FUN_00028849","Global","Function","DEFAULT",false,true
"000288b1","FUN_000288b1","Global","Function","DEFAULT",false,true
"00028905","FUN_00028905","Global","Function","DEFAULT",false,true
"00028959","FUN_00028959","Global","Function","DEFAULT",false,true
"000289c2","FUN_000289c2","Global","Function","DEFAULT",false,true
"00028a16","FUN_00028a16","Global","Function","DEFAULT",false,true
"00028a7f","FUN_00028a7f","Global","Function","DEFAULT",false,true
"00028ae8","FUN_00028ae8","Global","Function","DEFAULT",false,true
"00028b92","FUN_00028b92","Global","Function","DEFAULT",false,true
"00028bf9","FUN_00028bf9","Global","Function","DEFAULT",false,true
"00028c60","FUN_00028c60","Global","Function","DEFAULT",false,true
"00028cc7","FUN_00028cc7","Global","Function","DEFAULT",false,true
"00028d2e","FUN_00028d2e","Global","Function","DEFAULT",false,true
"00028dbe","FUN_00028dbe","Global","Function","DEFAULT",false,true
"00028e45","FUN_00028e45","Global","Function","DEFAULT",false,true
"00028eeb","FUN_00028eeb","Global","Function","DEFAULT",false,true
"00028f89","FUN_00028f89","Global","Function","DEFAULT",false,true
"0002902f","FUN_0002902f","Global","Function","DEFAULT",false,true
"000290bf","FUN_000290bf","Global","Function","DEFAULT",false,true
"000290e7","LAB_000290e7","Global","Label","DEFAULT",false,true
"000290fb","LAB_000290fb","Global","Label","DEFAULT",false,true
"00029146","FUN_00029146","Global","Function","DEFAULT",false,true
"00029165","LAB_00029165","Global","Label","DEFAULT",false,true
"000291ac","LAB_000291a9+3","Global","Label","DEFAULT",false,true
"000291b9","LAB_000291b7+2","Global","Label","DEFAULT",false,true
"00029210","FUN_00029210","Global","Function","DEFAULT",false,true
"00029293","FUN_00029293","Global","Function","DEFAULT",false,true
"000292a3","LAB_000292a3","Global","Label","DEFAULT",false,true
"000292b7","LAB_000292b3+4","Global","Label","DEFAULT",false,true
"000292c1","DAT_000292c1","Global","Label","DEFAULT",false,true
"000292dc","LAB_000292dc","Global","Label","DEFAULT",false,true
"000292f7","LAB_000292f4+3","Global","Label","DEFAULT",false,true
"0002931a","FUN_0002931a","Global","Function","DEFAULT",false,true
"00029337","LAB_00029337","Global","Label","DEFAULT",false,true
"0002936a","LAB_0002936a","Global","Label","DEFAULT",false,true
"0002937e","LAB_0002937d+1","Global","Label","DEFAULT",false,true
"000293aa","LAB_000293a8+2","Global","Label","DEFAULT",false,true
"000293bd","LAB_000293bd","Global","Label","DEFAULT",false,true
"000293d6","LAB_000293d6","Global","Label","DEFAULT",false,true
"000293e4","FUN_000293e4","Global","Function","DEFAULT",false,true
"000293ed","LAB_000293e9+4","Global","Label","DEFAULT",false,true
"000293ef","LAB_000293ef","Global","Label","DEFAULT",false,true
"00029404","LAB_00029404","Global","Label","DEFAULT",false,true
"00029409","LAB_00029409","Global","Label","DEFAULT",false,true
"00029467","FUN_00029467","Global","Function","DEFAULT",false,true
"000294b0","LAB_000294b0","Global","Label","DEFAULT",false,true
"000294ee","FUN_000294ee","Global","Function","DEFAULT",false,true
"00029500","LAB_00029500","Global","Label","DEFAULT",false,true
"00029524","LAB_00029524","Global","Label","DEFAULT",false,true
"0002953a","FUN_0002953a","Global","Function","DEFAULT",false,true
"0002955c","LAB_0002955c","Global","Label","DEFAULT",false,true
"0002955d","LAB_0002955c+1","Global","Label","DEFAULT",false,true
"00029599","FUN_00029599","Global","Function","DEFAULT",false,true
"000295a8","LAB_000295a8","Global","Label","DEFAULT",false,true
"000295f8","FUN_000295f8","Global","Function","DEFAULT",false,true
"00029611","LAB_00029611","Global","Label","DEFAULT",false,true
"00029657","FUN_00029657","Global","Function","DEFAULT",false,true
"000296b6","FUN_000296b6","Global","Function","DEFAULT",false,true
"000296d7","LAB_000296d7","Global","Label","DEFAULT",false,true
"000296d9","LAB_000296d7+2","Global","Label","DEFAULT",false,true
"000296f3","DAT_000296f3","Global","Label","DEFAULT",false,true
"00029715","FUN_00029715","Global","Function","DEFAULT",false,true
"00029774","FUN_00029774","Global","Function","DEFAULT",false,true
"000297d9","FUN_000297d9","Global","Function","DEFAULT",false,true
"00029818","LAB_00029818","Global","Label","DEFAULT",false,true
"00029838","FUN_00029838","Global","Function","DEFAULT",false,true
"00029859","LAB_00029859","Global","Label","DEFAULT",false,true
"000298de","FUN_000298de","Global","Function","DEFAULT",false,true
"00029912","LAB_00029912","Global","Label","DEFAULT",false,true
"0002992c","LAB_0002992c","Global","Label","DEFAULT",false,true
"00029931","LAB_0002992c+5","Global","Label","DEFAULT",false,true
"00029942","LAB_00029942","Global","Label","DEFAULT",false,true
"00029948","LAB_00029948","Global","Label","DEFAULT",false,true
"00029996","LAB_00029996","Global","Label","DEFAULT",false,true
"0002999e","FUN_0002999e","Global","Function","DEFAULT",false,true
"000299cd","LAB_000299cd","Global","Label","DEFAULT",false,true
"000299e0","LAB_000299e0","Global","Label","DEFAULT",false,true
"00029a05","FUN_00029a05","Global","Function","DEFAULT",false,true
"00029a37","LAB_00029a37","Global","Label","DEFAULT",false,true
"00029a4c","LAB_00029a4c","Global","Label","DEFAULT",false,true
"00029a9b","FUN_00029a9b","Global","Function","DEFAULT",false,true
"00029b35","FUN_00029b35","Global","Function","DEFAULT",false,true
"00029b48","LAB_00029b48","Global","Label","DEFAULT",false,true
"00029b54","LAB_00029b51+3","Global","Label","DEFAULT",false,true
"00029b7e","LAB_00029b7e","Global","Label","DEFAULT",false,true
"00029ba5","FUN_00029ba5","Global","Function","DEFAULT",false,true
"00029c15","FUN_00029c15","Global","Function","DEFAULT",false,true
"00029c7c","FUN_00029c7c","Global","Function","DEFAULT",false,true
"00029c92","LAB_00029c92","Global","Label","DEFAULT",false,true
"00029ca8","LAB_00029ca8","Global","Label","DEFAULT",false,true
"00029cb1","LAB_00029cb0+1","Global","Label","DEFAULT",false,true
"00029cc7","DAT_00029cc7","Global","Label","DEFAULT",false,true
"00029ce3","FUN_00029ce3","Global","Function","DEFAULT",false,true
"00029ce4","LAB_00029ce4","Global","Label","DEFAULT",false,true
"00029ceb","LAB_00029ceb","Global","Label","DEFAULT",false,true
"00029d01","LAB_00029d01","Global","Label","DEFAULT",false,true
"00029d1e","LAB_00029d1e","Global","Label","DEFAULT",false,true
"00029d1f","LAB_00029d1e+1","Global","Label","DEFAULT",false,true
"00029d2e","LAB_00029d2e","Global","Label","DEFAULT",false,true
"00029d41","LAB_00029d41","Global","Label","DEFAULT",false,true
"00029d53","FUN_00029d53","Global","Function","DEFAULT",false,true
"00029d55","LAB_00029d55","Global","Label","DEFAULT",false,true
"00029db2","FUN_00029db2","Global","Function","DEFAULT",false,true
"00029e52","FUN_00029e52","Global","Function","DEFAULT",false,true
"00029eaa","LAB_00029eaa","Global","Label","DEFAULT",false,true
"00029eb9","FUN_00029eb9","Global","Function","DEFAULT",false,true
"00029f14","LAB_00029f14","Global","Label","DEFAULT",false,true
"00029f3a","FUN_00029f3a","Global","Function","DEFAULT",false,true
"00029f51","LAB_00029f51","Global","Label","DEFAULT",false,true
"00029f5b","LAB_00029f5a+1","Global","Label","DEFAULT",false,true
"00029f79","DAT_00029f79","Global","Label","DEFAULT",false,true
"00029fbb","FUN_00029fbb","Global","Function","DEFAULT",false,true
"0002a02b","FUN_0002a02b","Global","Function","DEFAULT",false,true
"0002a09b","FUN_0002a09b","Global","Function","DEFAULT",false,true
"0002a10c","FUN_0002a10c","Global","Function","DEFAULT",false,true
"0002a17c","FUN_0002a17c","Global","Function","DEFAULT",false,true
"0002a1ec","FUN_0002a1ec","Global","Function","DEFAULT",false,true
"0002a236","LAB_0002a236","Global","Label","DEFAULT",false,true
"0002a25c","FUN_0002a25c","Global","Function","DEFAULT",false,true
"0002a29a","LAB_0002a29a","Global","Label","DEFAULT",false,true
"0002a2bf","LAB_0002a2bf","Global","Label","DEFAULT",false,true
"0002a2cc","FUN_0002a2cc","Global","Function","DEFAULT",false,true
"0002a2fc","LAB_0002a2fc","Global","Label","DEFAULT",false,true
"0002a308","LAB_0002a307+1","Global","Label","DEFAULT",false,true
"0002a324","LAB_0002a323+1","Global","Label","DEFAULT",false,true
"0002a33c","FUN_0002a33c","Global","Function","DEFAULT",false,true
"0002a35e","LAB_0002a35e","Global","Label","DEFAULT",false,true
"0002a39c","LAB_0002a39c","Global","Label","DEFAULT",false,true
"0002a3ad","FUN_0002a3ad","Global","Function","DEFAULT",false,true
"0002a3b1","LAB_0002a3b1","Global","Label","DEFAULT",false,true
"0002a3c5","DAT_0002a3c5","Global","Label","DEFAULT",false,true
"0002a41e","FUN_0002a41e","Global","Function","DEFAULT",false,true
"0002a48e","FUN_0002a48e","Global","Function","DEFAULT",false,true
"0002a4fe","FUN_0002a4fe","Global","Function","DEFAULT",false,true
"0002a565","FUN_0002a565","Global","Function","DEFAULT",false,true
"0002a5cc","FUN_0002a5cc","Global","Function","DEFAULT",false,true
"0002a65c","FUN_0002a65c","Global","Function","DEFAULT",false,true
"0002a6cc","FUN_0002a6cc","Global","Function","DEFAULT",false,true
"0002a767","FUN_0002a767","Global","Function","DEFAULT",false,true
"0002a7e1","FUN_0002a7e1","Global","Function","DEFAULT",false,true
"0002a851","FUN_0002a851","Global","Function","DEFAULT",false,true
"0002a8b8","FUN_0002a8b8","Global","Function","DEFAULT",false,true
"0002a8c8","LAB_0002a8c8","Global","Label","DEFAULT",false,true
"0002a8ed","LAB_0002a8ed","Global","Label","DEFAULT",false,true
"0002a941","FUN_0002a941","Global","Function","DEFAULT",false,true
"0002a946","LAB_0002a946","Global","Label","DEFAULT",false,true
"0002a95a","DAT_0002a95a","Global","Label","DEFAULT",false,true
"0002a998","LAB_0002a998","Global","Label","DEFAULT",false,true
"0002a9a8","FUN_0002a9a8","Global","Function","DEFAULT",false,true
"0002a9ac","LAB_0002a9ac","Global","Label","DEFAULT",false,true
"0002a9d1","DAT_0002a9d1","Global","Label","DEFAULT",false,true
"0002aa22","FUN_0002aa22","Global","Function","DEFAULT",false,true
"0002aa92","FUN_0002aa92","Global","Function","DEFAULT",false,true
"0002ab02","FUN_0002ab02","Global","Function","DEFAULT",false,true
"0002ab66","LAB_0002ab66","Global","Label","DEFAULT",false,true
"0002ab69","FUN_0002ab69","Global","Function","DEFAULT",false,true
"0002ab94","DAT_0002ab94","Global","Label","DEFAULT",false,true
"0002abab","LAB_0002abab","Global","Label","DEFAULT",false,true
"0002abe3","FUN_0002abe3","Global","Function","DEFAULT",false,true
"0002ac0b","DAT_0002ac0b","Global","Label","DEFAULT",false,true
"0002ac50","LAB_0002ac50","Global","Label","DEFAULT",false,true
"0002ac53","FUN_0002ac53","Global","Function","DEFAULT",false,true
"0002ac63","LAB_0002ac63","Global","Label","DEFAULT",false,true
"0002ac7a","LAB_0002ac78+2","Global","Label","DEFAULT",false,true
"0002acc3","FUN_0002acc3","Global","Function","DEFAULT",false,true
"0002ad2a","FUN_0002ad2a","Global","Function","DEFAULT",false,true
"0002ad78","LAB_0002ad78","Global","Label","DEFAULT",false,true
"0002adbf","LAB_0002adbf","Global","Label","DEFAULT",false,true
"0002add7","LAB_0002add7","Global","Label","DEFAULT",false,true
"0002ae00","FUN_0002ae00","Global","Function","DEFAULT",false,true
"0002ae20","LAB_0002ae20","Global","Label","DEFAULT",false,true
"0002ae36","DAT_0002ae36","Global","Label","DEFAULT",false,true
"0002ae3b","LAB_0002ae39+2","Global","Label","DEFAULT",false,true
"0002ae4e","LAB_0002ae4e","Global","Label","DEFAULT",false,true
"0002ae5f","LAB_0002ae5d+2","Global","Label","DEFAULT",false,true
"0002ae67","FUN_0002ae67","Global","Function","DEFAULT",false,true
"0002aefe","FUN_0002aefe","Global","Function","DEFAULT",false,true
"0002af95","FUN_0002af95","Global","Function","DEFAULT",false,true
"0002b004","LAB_0002b004","Global","Label","DEFAULT",false,true
"0002b02f","FUN_0002b02f","Global","Function","DEFAULT",false,true
"0002b04d","LAB_0002b04d","Global","Label","DEFAULT",false,true
"0002b061","LAB_0002b061","Global","Label","DEFAULT",false,true
"0002b093","LAB_0002b093","Global","Label","DEFAULT",false,true
"0002b0d0","DAT_0002b0d0","Global","Label","DEFAULT",false,true
"0002b0f4","LAB_0002b0f4","Global","Label","DEFAULT",false,true
"0002b116","FUN_0002b116","Global","Function","DEFAULT",false,true
"0002b12c","LAB_0002b12c","Global","Label","DEFAULT",false,true
"0002b13d","LAB_0002b13b+2","Global","Label","DEFAULT",false,true
"0002b156","LAB_0002b156","Global","Label","DEFAULT",false,true
"0002b16c","LAB_0002b16c","Global","Label","DEFAULT",false,true
"0002b171","LAB_0002b16d+4","Global","Label","DEFAULT",false,true
"0002b186","FUN_0002b186","Global","Function","DEFAULT",false,true
"0002b1aa","LAB_0002b1aa","Global","Label","DEFAULT",false,true
"0002b1d9","LAB_0002b1d8+1","Global","Label","DEFAULT",false,true
"0002b1fc","LAB_0002b1fc","Global","Label","DEFAULT",false,true
"0002b229","FUN_0002b229","Global","Function","DEFAULT",false,true
"0002b279","LAB_0002b279","Global","Label","DEFAULT",false,true
"0002b2ef","LAB_0002b2ee+1","Global","Label","DEFAULT",false,true
"0002b30a","LAB_0002b30a","Global","Label","DEFAULT",false,true
"0002b323","LAB_0002b320+3","Global","Label","DEFAULT",false,true
"0002b343","FUN_0002b343","Global","Function","DEFAULT",false,true
"0002b346","LAB_0002b346","Global","Label","DEFAULT",false,true
"0002b34b","LAB_0002b347+4","Global","Label","DEFAULT",false,true
"0002b357","LAB_0002b357","Global","Label","DEFAULT",false,true
"0002b36e","LAB_0002b36b+3","Global","Label","DEFAULT",false,true
"0002b390","LAB_0002b38e+2","Global","Label","DEFAULT",false,true
"0002b3e9","FUN_0002b3e9","Global","Function","DEFAULT",false,true
"0002b40c","LAB_0002b40c","Global","Label","DEFAULT",false,true
"0002b41a","LAB_0002b41a","Global","Label","DEFAULT",false,true
"0002b444","LAB_0002b444","Global","Label","DEFAULT",false,true
"0002b4a2","FUN_0002b4a2","Global","Function","DEFAULT",false,true
"0002b564","FUN_0002b564","Global","Function","DEFAULT",false,true
"0002b638","FUN_0002b638","Global","Function","DEFAULT",false,true
"0002b6de","FUN_0002b6de","Global","Function","DEFAULT",false,true
"0002b784","FUN_0002b784","Global","Function","DEFAULT",false,true
"0002b814","FUN_0002b814","Global","Function","DEFAULT",false,true
"0002bf38","FUN_0002bf38","Global","Function","DEFAULT",false,true
"0002c26e","FUN_0002c26e","Global","Function","DEFAULT",false,true
"0002c27e","FUN_0002c27e","Global","Function","DEFAULT",false,true
"0002c293","FUN_0002c293","Global","Function","DEFAULT",false,true
"0002c379","FUN_0002c379","Global","Function","DEFAULT",false,true
"0002c3a5","FUN_0002c3a5","Global","Function","DEFAULT",false,true
"0002c3fb","LAB_0002c3fb","Global","Label","DEFAULT",false,true
"0002c3fd","FUN_0002c3fd","Global","Function","DEFAULT",false,true
"0002c462","FUN_0002c462","Global","Function","DEFAULT",false,true
"0002c50c","FUN_0002c50c","Global","Function","DEFAULT",false,true
"0002c52d","FUN_0002c52d","Global","Function","DEFAULT",false,true
"0002c54b","LAB_0002c547+4","Global","Label","DEFAULT",false,true
"0002c55c","FUN_0002c55c","Global","Function","DEFAULT",false,true
"0002c5ee","LAB_0002c5ee","Global","Label","DEFAULT",false,true
"0002c5f3","FUN_0002c5f3","Global","Function","DEFAULT",false,true
"0002c600","LAB_0002c600","Global","Label","DEFAULT",false,true
"0002c614","LAB_0002c613+1","Global","Label","DEFAULT",false,true
"0002c62e","LAB_0002c62e","Global","Label","DEFAULT",false,true
"0002c64a","LAB_0002c64a","Global","Label","DEFAULT",false,true
"0002c669","LAB_0002c669","Global","Label","DEFAULT",false,true
"0002c66e","LAB_0002c669+5","Global","Label","DEFAULT",false,true
"0002c68a","LAB_0002c688+2","Global","Label","DEFAULT",false,true
"0002c697","LAB_0002c697","Global","Label","DEFAULT",false,true
"0002c6ac","LAB_0002c6ac","Global","Label","DEFAULT",false,true
"0002c6ad","FUN_0002c6ad","Global","Function","DEFAULT",false,true
"0002c6fd","LAB_0002c6fd","Global","Label","DEFAULT",false,true
"0002c704","LAB_0002c704","Global","Label","DEFAULT",false,true
"0002c76b","FUN_0002c76b","Global","Function","DEFAULT",false,true
"0002c836","FUN_0002c836","Global","Function","DEFAULT",false,true
"0002c8f4","FUN_0002c8f4","Global","Function","DEFAULT",false,true
"0002c982","FUN_0002c982","Global","Function","DEFAULT",false,true
"0002c998","LAB_0002c998","Global","Label","DEFAULT",false,true
"0002c9b0","LAB_0002c9ac+4","Global","Label","DEFAULT",false,true
"0002c9d6","LAB_0002c9d6","Global","Label","DEFAULT",false,true
"0002c9f5","LAB_0002c9f5","Global","Label","DEFAULT",false,true
"0002ca81","FUN_0002ca81","Global","Function","DEFAULT",false,true
"0002cafe","LAB_0002cafe","Global","Label","DEFAULT",false,true
"0002cb0f","FUN_0002cb0f","Global","Function","DEFAULT",false,true
"0002cb1d","LAB_0002cb1d","Global","Label","DEFAULT",false,true
"0002cb22","LAB_0002cb1f+3","Global","Label","DEFAULT",false,true
"0002cb3d","LAB_0002cb39+4","Global","Label","DEFAULT",false,true
"0002cb66","LAB_0002cb65+1","Global","Label","DEFAULT",false,true
"0002cb8e","LAB_0002cb8c+2","Global","Label","DEFAULT",false,true
"0002cc0e","FUN_0002cc0e","Global","Function","DEFAULT",false,true
"0002cc2e","LAB_0002cc2e","Global","Label","DEFAULT",false,true
"0002cc4d","LAB_0002cc4a+3","Global","Label","DEFAULT",false,true
"0002cc52","LAB_0002cc51+1","Global","Label","DEFAULT",false,true
"0002cc6d","FUN_0002cc6d","Global","Function","DEFAULT",false,true
"0002cc81","LAB_0002cc81","Global","Label","DEFAULT",false,true
"0002cc8b","LAB_0002cc8b","Global","Label","DEFAULT",false,true
"0002cc9f","DAT_0002cc9f","Global","Label","DEFAULT",false,true
"0002ccd4","FUN_0002ccd4","Global","Function","DEFAULT",false,true
"0002ccfe","LAB_0002ccfa+4","Global","Label","DEFAULT",false,true
"0002cd18","LAB_0002cd18","Global","Label","DEFAULT",false,true
"0002cd3b","FUN_0002cd3b","Global","Function","DEFAULT",false,true
"0002cda2","FUN_0002cda2","Global","Function","DEFAULT",false,true
"0002ce5c","FUN_0002ce5c","Global","Function","DEFAULT",false,true
"0002cec3","FUN_0002cec3","Global","Function","DEFAULT",false,true
"0002cf2a","FUN_0002cf2a","Global","Function","DEFAULT",false,true
"0002cf9a","FUN_0002cf9a","Global","Function","DEFAULT",false,true
"0002d00a","FUN_0002d00a","Global","Function","DEFAULT",false,true
"0002d023","LAB_0002d023","Global","Label","DEFAULT",false,true
"0002d024","LAB_0002d023+1","Global","Label","DEFAULT",false,true
"0002d057","LAB_0002d057","Global","Label","DEFAULT",false,true
"0002d061","LAB_0002d060+1","Global","Label","DEFAULT",false,true
"0002d071","FUN_0002d071","Global","Function","DEFAULT",false,true
"0002d08d","LAB_0002d08d","Global","Label","DEFAULT",false,true
"0002d0bc","DAT_0002d0bc","Global","Label","DEFAULT",false,true
"0002d0c0","LAB_0002d0c0","Global","Label","DEFAULT",false,true
"0002d0cd","LAB_0002d0cc+1","Global","Label","DEFAULT",false,true
"0002d0d2","LAB_0002d0d1+1","Global","Label","DEFAULT",false,true
"0002d0d8","FUN_0002d0d8","Global","Function","DEFAULT",false,true
"0002d18b","LAB_0002d18b","Global","Label","DEFAULT",false,true
"0002d19b","FUN_0002d19b","Global","Function","DEFAULT",false,true
"0002d1b9","LAB_0002d1b9","Global","Label","DEFAULT",false,true
"0002d1d4","LAB_0002d1d3+1","Global","Label","DEFAULT",false,true
"0002d1db","LAB_0002d1da+1","Global","Label","DEFAULT",false,true
"0002d20b","LAB_0002d209+2","Global","Label","DEFAULT",false,true
"0002d217","LAB_0002d212+5","Global","Label","DEFAULT",false,true
"0002d224","LAB_0002d21e+6","Global","Label","DEFAULT",false,true
"0002d262","FUN_0002d262","Global","Function","DEFAULT",false,true
"0002d2a0","LAB_0002d2a0","Global","Label","DEFAULT",false,true
"0002d2cc","DAT_0002d2cc","Global","Label","DEFAULT",false,true
"0002d2db","LAB_0002d2db","Global","Label","DEFAULT",false,true
"0002d2e7","LAB_0002d2e7","Global","Label","DEFAULT",false,true
"0002d301","LAB_0002d301","Global","Label","DEFAULT",false,true
"0002d329","FUN_0002d329","Global","Function","DEFAULT",false,true
"0002d338","LAB_0002d338","Global","Label","DEFAULT",false,true
"0002d349","LAB_0002d346+3","Global","Label","DEFAULT",false,true
"0002d35a","LAB_0002d35a","Global","Label","DEFAULT",false,true
"0002d3c0","FUN_0002d3c0","Global","Function","DEFAULT",false,true
"0002d460","LAB_0002d460","Global","Label","DEFAULT",false,true
"0002d4bb","LAB_0002d4bb","Global","Label","DEFAULT",false,true
"0002d4c6","FUN_0002d4c6","Global","Function","DEFAULT",false,true
"0002d55d","FUN_0002d55d","Global","Function","DEFAULT",false,true
"0002d57d","LAB_0002d57d","Global","Label","DEFAULT",false,true
"0002d64b","LAB_0002d64b","Global","Label","DEFAULT",false,true
"0002d663","FUN_0002d663","Global","Function","DEFAULT",false,true
"0002d669","LAB_0002d669","Global","Label","DEFAULT",false,true
"0002d6cb","FUN_0002d6cb","Global","Function","DEFAULT",false,true
"0002d709","LAB_0002d709","Global","Label","DEFAULT",false,true
"0002d73b","FUN_0002d73b","Global","Function","DEFAULT",false,true
"0002d778","LAB_0002d778","Global","Label","DEFAULT",false,true
"0002d7ab","FUN_0002d7ab","Global","Function","DEFAULT",false,true
"0002d81b","FUN_0002d81b","Global","Function","DEFAULT",false,true
"0002d85d","LAB_0002d85d","Global","Label","DEFAULT",false,true
"0002d865","LAB_0002d865","Global","Label","DEFAULT",false,true
"0002d87b","DAT_0002d87b","Global","Label","DEFAULT",false,true
"0002d89a","LAB_0002d899+1","Global","Label","DEFAULT",false,true
"0002d8de","FUN_0002d8de","Global","Function","DEFAULT",false,true
"0002d94e","FUN_0002d94e","Global","Function","DEFAULT",false,true
"0002d9be","FUN_0002d9be","Global","Function","DEFAULT",false,true
"0002da8d","FUN_0002da8d","Global","Function","DEFAULT",false,true
"0002db65","FUN_0002db65","Global","Function","DEFAULT",false,true
"0002dc5c","FUN_0002dc5c","Global","Function","DEFAULT",false,true
"0002dd3e","LAB_0002dd3e","Global","Label","DEFAULT",false,true
"0002dd5c","FUN_0002dd5c","Global","Function","DEFAULT",false,true
"0002dd70","LAB_0002dd70","Global","Label","DEFAULT",false,true
"0002ddc4","FUN_0002ddc4","Global","Function","DEFAULT",false,true
"0002ddc7","FUN_0002ddc7","Global","Function","DEFAULT",false,true
"0002ddc8","FUN_0002ddc8","Global","Function","DEFAULT",false,true
"0002dde0","LAB_0002dde0","Global","Label","DEFAULT",false,true
"0002ddee","LAB_0002ddee","Global","Label","DEFAULT",false,true
"0002deae","FUN_0002deae","Global","Function","DEFAULT",false,true
"0002df09","LAB_0002df09","Global","Label","DEFAULT",false,true
"0002df15","FUN_0002df15","Global","Function","DEFAULT",false,true
"0002df20","LAB_0002df20","Global","Label","DEFAULT",false,true
"0002df2d","LAB_0002df2d","Global","Label","DEFAULT",false,true
"0002df6c","LAB_0002df6c","Global","Label","DEFAULT",false,true
"0002dfa3","FUN_0002dfa3","Global","Function","DEFAULT",false,true
"0002e031","FUN_0002e031","Global","Function","DEFAULT",false,true
"0002e130","FUN_0002e130","Global","Function","DEFAULT",false,true
"0002e139","LAB_0002e139","Global","Label","DEFAULT",false,true
"0002e151","LAB_0002e14c+5","Global","Label","DEFAULT",false,true
"0002e185","LAB_0002e183+2","Global","Label","DEFAULT",false,true
"0002e19d","LAB_0002e19d","Global","Label","DEFAULT",false,true
"0002e1a4","FUN_0002e1a4","Global","Function","DEFAULT",false,true
"0002e1ea","LAB_0002e1ea","Global","Label","DEFAULT",false,true
"0002e201","LAB_0002e1fe+3","Global","Label","DEFAULT",false,true
"0002e23d","FUN_0002e23d","Global","Function","DEFAULT",false,true
"0002e2d8","FUN_0002e2d8","Global","Function","DEFAULT",false,true
"0002e364","FUN_0002e364","Global","Function","DEFAULT",false,true
"0002e3d4","FUN_0002e3d4","Global","Function","DEFAULT",false,true
"0002e444","FUN_0002e444","Global","Function","DEFAULT",false,true
"0002e4a3","FUN_0002e4a3","Global","Function","DEFAULT",false,true
"0002e517","FUN_0002e517","Global","Function","DEFAULT",false,true
"0002e5b0","FUN_0002e5b0","Global","Function","DEFAULT",false,true
"0002e624","FUN_0002e624","Global","Function","DEFAULT",false,true
"0002e6bd","FUN_0002e6bd","Global","Function","DEFAULT",false,true
"0002e737","FUN_0002e737","Global","Function","DEFAULT",false,true
"0002e796","FUN_0002e796","Global","Function","DEFAULT",false,true
"0002e7f5","FUN_0002e7f5","Global","Function","DEFAULT",false,true
"0002e854","FUN_0002e854","Global","Function","DEFAULT",false,true
"0002e8b3","FUN_0002e8b3","Global","Function","DEFAULT",false,true
"0002e923","FUN_0002e923","Global","Function","DEFAULT",false,true
"0002e950","LAB_0002e950","Global","Label","DEFAULT",false,true
"0002e982","FUN_0002e982","Global","Function","DEFAULT",false,true
"0002e9c5","LAB_0002e9c5","Global","Label","DEFAULT",false,true
"0002e9f2","FUN_0002e9f2","Global","Function","DEFAULT",false,true
"0002ea42","LAB_0002ea42","Global","Label","DEFAULT",false,true
"0002ea51","FUN_0002ea51","Global","Function","DEFAULT",false,true
"0002ea76","LAB_0002ea76","Global","Label","DEFAULT",false,true
"0002eab0","FUN_0002eab0","Global","Function","DEFAULT",false,true
"0002eb0a","LAB_0002eb0a","Global","Label","DEFAULT",false,true
"0002eb1f","LAB_0002eb1f","Global","Label","DEFAULT",false,true
"0002eb20","FUN_0002eb20","Global","Function","DEFAULT",false,true
"0002eb90","FUN_0002eb90","Global","Function","DEFAULT",false,true
"0002ebef","FUN_0002ebef","Global","Function","DEFAULT",false,true
"0002ec5f","FUN_0002ec5f","Global","Function","DEFAULT",false,true
"0002ecbe","FUN_0002ecbe","Global","Function","DEFAULT",false,true
"0002ed38","FUN_0002ed38","Global","Function","DEFAULT",false,true
"0002ed9f","FUN_0002ed9f","Global","Function","DEFAULT",false,true
"0002ee0f","FUN_0002ee0f","Global","Function","DEFAULT",false,true
"0002eee0","FUN_0002eee0","Global","Function","DEFAULT",false,true
"0002ef50","FUN_0002ef50","Global","Function","DEFAULT",false,true
"0002efb7","FUN_0002efb7","Global","Function","DEFAULT",false,true
"0002f043","FUN_0002f043","Global","Function","DEFAULT",false,true
"0002f0a2","FUN_0002f0a2","Global","Function","DEFAULT",false,true
"0002f101","FUN_0002f101","Global","Function","DEFAULT",false,true
"0002f10c","LAB_0002f10c","Global","Label","DEFAULT",false,true
"0002f12c","DAT_0002f12c","Global","Label","DEFAULT",false,true
"0002f143","LAB_0002f143","Global","Label","DEFAULT",false,true
"0002f155","LAB_0002f155","Global","Label","DEFAULT",false,true
"0002f173","LAB_0002f173","Global","Label","DEFAULT",false,true
"0002f188","LAB_0002f186+2","Global","Label","DEFAULT",false,true
"0002f19c","LAB_0002f19c","Global","Label","DEFAULT",false,true
"0002f1a2","LAB_0002f1a2","Global","Label","DEFAULT",false,true
"0002f1a7","FUN_0002f1a7","Global","Function","DEFAULT",false,true
"0002f206","FUN_0002f206","Global","Function","DEFAULT",false,true
"0002f211","LAB_0002f211","Global","Label","DEFAULT",false,true
"0002f265","FUN_0002f265","Global","Function","DEFAULT",false,true
"0002f364","FUN_0002f364","Global","Function","DEFAULT",false,true
"0002f37d","LAB_0002f37d","Global","Label","DEFAULT",false,true
"0002f38e","LAB_0002f38c+2","Global","Label","DEFAULT",false,true
"0002f3a8","LAB_0002f3a6+2","Global","Label","DEFAULT",false,true
"0002f3cf","LAB_0002f3c9+6","Global","Label","DEFAULT",false,true
"0002f3d4","LAB_0002f3d4","Global","Label","DEFAULT",false,true
"0002f3e5","LAB_0002f3e3+2","Global","Label","DEFAULT",false,true
"0002f406","FUN_0002f406","Global","Function","DEFAULT",false,true
"0002f480","FUN_0002f480","Global","Function","DEFAULT",false,true
"0002f4cc","LAB_0002f4cc","Global","Label","DEFAULT",false,true
"0002f54a","FUN_0002f54a","Global","Function","DEFAULT",false,true
"0002f5bb","FUN_0002f5bb","Global","Function","DEFAULT",false,true
"0002f5dd","LAB_0002f5dd","Global","Label","DEFAULT",false,true
"0002f5fb","LAB_0002f5f9+2","Global","Label","DEFAULT",false,true
"0002f62a","LAB_0002f62a","Global","Label","DEFAULT",false,true
"0002f62b","FUN_0002f62b","Global","Function","DEFAULT",false,true
"0002f692","FUN_0002f692","Global","Function","DEFAULT",false,true
"0002f702","FUN_0002f702","Global","Function","DEFAULT",false,true
"0002f761","FUN_0002f761","Global","Function","DEFAULT",false,true
"0002f7d1","FUN_0002f7d1","Global","Function","DEFAULT",false,true
"0002f830","FUN_0002f830","Global","Function","DEFAULT",false,true
"0002f8be","FUN_0002f8be","Global","Function","DEFAULT",false,true
"0002f940","LAB_0002f940","Global","Label","DEFAULT",false,true
"0002f96f","LAB_0002f96f","Global","Label","DEFAULT",false,true
"0002f9bd","FUN_0002f9bd","Global","Function","DEFAULT",false,true
"0002f9e0","DAT_0002f9e0","Global","Label","DEFAULT",false,true
"0002fa08","LAB_0002fa08","Global","Label","DEFAULT",false,true
"0002fa2c","LAB_0002fa2c","Global","Label","DEFAULT",false,true
"0002fa37","FUN_0002fa37","Global","Function","DEFAULT",false,true
"0002fa3a","LAB_0002fa3a","Global","Label","DEFAULT",false,true
"0002fa48","LAB_0002fa48","Global","Label","DEFAULT",false,true
"0002fa7e","LAB_0002fa7e","Global","Label","DEFAULT",false,true
"0002faa6","LAB_0002faa5+1","Global","Label","DEFAULT",false,true
"0002faca","LAB_0002fac8+2","Global","Label","DEFAULT",false,true
"0002fad8","LAB_0002fad7+1","Global","Label","DEFAULT",false,true
"0002faf6","LAB_0002faf2+4","Global","Label","DEFAULT",false,true
"0002faf8","LAB_0002faf8","Global","Label","DEFAULT",false,true
"0002fafa","LAB_0002fafa","Global","Label","DEFAULT",false,true
"0002fafc","LAB_0002fafc","Global","Label","DEFAULT",false,true
"0002fb07","FUN_0002fb07","Global","Function","DEFAULT",false,true
"0002fb1f","LAB_0002fb1f","Global","Label","DEFAULT",false,true
"0002fb24","LAB_0002fb24","Global","Label","DEFAULT",false,true
"0002fb45","LAB_0002fb43+2","Global","Label","DEFAULT",false,true
"0002fb61","LAB_0002fb5f+2","Global","Label","DEFAULT",false,true
"0002fb65","LAB_0002fb64+1","Global","Label","DEFAULT",false,true
"0002fb6e","FUN_0002fb6e","Global","Function","DEFAULT",false,true
"0002fbfe","FUN_0002fbfe","Global","Function","DEFAULT",false,true
"0002fc78","FUN_0002fc78","Global","Function","DEFAULT",false,true
"0002fcd7","FUN_0002fcd7","Global","Function","DEFAULT",false,true
"0002fd36","FUN_0002fd36","Global","Function","DEFAULT",false,true
"0002fdda","FUN_0002fdda","Global","Function","DEFAULT",false,true
"0002ff73","FUN_0002ff73","Global","Function","DEFAULT",false,true
"0003007f","FUN_0003007f","Global","Function","DEFAULT",false,true
"000300ef","FUN_000300ef","Global","Function","DEFAULT",false,true
"0003015f","FUN_0003015f","Global","Function","DEFAULT",false,true
"000301cf","FUN_000301cf","Global","Function","DEFAULT",false,true
"00030278","FUN_00030278","Global","Function","DEFAULT",false,true
"000302e8","FUN_000302e8","Global","Function","DEFAULT",false,true
"00030372","FUN_00030372","Global","Function","DEFAULT",false,true
"000303fc","FUN_000303fc","Global","Function","DEFAULT",false,true
"00030476","FUN_00030476","Global","Function","DEFAULT",false,true
"000304f0","FUN_000304f0","Global","Function","DEFAULT",false,true
"0003056b","FUN_0003056b","Global","Function","DEFAULT",false,true
"000305e5","FUN_000305e5","Global","Function","DEFAULT",false,true
"0003065f","FUN_0003065f","Global","Function","DEFAULT",false,true
"000306d9","FUN_000306d9","Global","Function","DEFAULT",false,true
"00030753","FUN_00030753","Global","Function","DEFAULT",false,true
"000307cd","FUN_000307cd","Global","Function","DEFAULT",false,true
"00030848","FUN_00030848","Global","Function","DEFAULT",false,true
"000308c3","FUN_000308c3","Global","Function","DEFAULT",false,true
"00030933","FUN_00030933","Global","Function","DEFAULT",false,true
"000309a3","FUN_000309a3","Global","Function","DEFAULT",false,true
"00030a3d","FUN_00030a3d","Global","Function","DEFAULT",false,true
"00030ab7","FUN_00030ab7","Global","Function","DEFAULT",false,true
"00030b5b","FUN_00030b5b","Global","Function","DEFAULT",false,true
"00030bde","FUN_00030bde","Global","Function","DEFAULT",false,true
"00030c78","FUN_00030c78","Global","Function","DEFAULT",false,true
"00030d04","FUN_00030d04","Global","Function","DEFAULT",false,true
"00030db8","FUN_00030db8","Global","Function","DEFAULT",false,true
"00030e8b","FUN_00030e8b","Global","Function","DEFAULT",false,true
"00030f28","FUN_00030f28","Global","Function","DEFAULT",false,true
"00030fb6","FUN_00030fb6","Global","Function","DEFAULT",false,true
"00031046","FUN_00031046","Global","Function","DEFAULT",false,true
"000310a5","FUN_000310a5","Global","Function","DEFAULT",false,true
"00031154","FUN_00031154","Global","Function","DEFAULT",false,true
"000311e0","FUN_000311e0","Global","Function","DEFAULT",false,true
"00031291","FUN_00031291","Global","Function","DEFAULT",false,true
"0003130b","FUN_0003130b","Global","Function","DEFAULT",false,true
"0003136a","FUN_0003136a","Global","Function","DEFAULT",false,true
"000313c9","FUN_000313c9","Global","Function","DEFAULT",false,true
"00031430","FUN_00031430","Global","Function","DEFAULT",false,true
"000314a1","FUN_000314a1","Global","Function","DEFAULT",false,true
"00031538","FUN_00031538","Global","Function","DEFAULT",false,true
"0003164d","FUN_0003164d","Global","Function","DEFAULT",false,true
"000316be","FUN_000316be","Global","Function","DEFAULT",false,true
"0003171d","FUN_0003171d","Global","Function","DEFAULT",false,true
"00031805","FUN_00031805","Global","Function","DEFAULT",false,true
"00031864","FUN_00031864","Global","Function","DEFAULT",false,true
"000318d4","FUN_000318d4","Global","Function","DEFAULT",false,true
"00031945","FUN_00031945","Global","Function","DEFAULT",false,true
"000319e0","FUN_000319e0","Global","Function","DEFAULT",false,true
"00031a47","FUN_00031a47","Global","Function","DEFAULT",false,true
"00031b12","FUN_00031b12","Global","Function","DEFAULT",false,true
"00031b79","FUN_00031b79","Global","Function","DEFAULT",false,true
"00031c14","FUN_00031c14","Global","Function","DEFAULT",false,true
"00031c8e","FUN_00031c8e","Global","Function","DEFAULT",false,true
"00031d09","FUN_00031d09","Global","Function","DEFAULT",false,true
"00031dbe","FUN_00031dbe","Global","Function","DEFAULT",false,true
"00031e2e","FUN_00031e2e","Global","Function","DEFAULT",false,true
"00031e9f","FUN_00031e9f","Global","Function","DEFAULT",false,true
"00031f2d","FUN_00031f2d","Global","Function","DEFAULT",false,true
"00031fc7","FUN_00031fc7","Global","Function","DEFAULT",false,true
"0003202e","FUN_0003202e","Global","Function","DEFAULT",false,true
"0003212d","FUN_0003212d","Global","Function","DEFAULT",false,true
"0003222c","FUN_0003222c","Global","Function","DEFAULT",false,true
"0003228b","FUN_0003228b","Global","Function","DEFAULT",false,true
"000322fc","FUN_000322fc","Global","Function","DEFAULT",false,true
"0003235b","FUN_0003235b","Global","Function","DEFAULT",false,true
"000323ba","FUN_000323ba","Global","Function","DEFAULT",false,true
"00032419","FUN_00032419","Global","Function","DEFAULT",false,true
"00032478","FUN_00032478","Global","Function","DEFAULT",false,true
"000324dd","FUN_000324dd","Global","Function","DEFAULT",false,true
"00032542","FUN_00032542","Global","Function","DEFAULT",false,true
"000325b2","FUN_000325b2","Global","Function","DEFAULT",false,true
"00032622","FUN_00032622","Global","Function","DEFAULT",false,true
"000326ec","FUN_000326ec","Global","Function","DEFAULT",false,true
"000327b6","FUN_000327b6","Global","Function","DEFAULT",false,true
"0003281d","FUN_0003281d","Global","Function","DEFAULT",false,true
"0003288d","FUN_0003288d","Global","Function","DEFAULT",false,true
"000328f4","FUN_000328f4","Global","Function","DEFAULT",false,true
"0003295b","FUN_0003295b","Global","Function","DEFAULT",false,true
"000329c2","FUN_000329c2","Global","Function","DEFAULT",false,true
"00032a32","FUN_00032a32","Global","Function","DEFAULT",false,true
"00032a91","FUN_00032a91","Global","Function","DEFAULT",false,true
"00032b02","FUN_00032b02","Global","Function","DEFAULT",false,true
"00032b6a","FUN_00032b6a","Global","Function","DEFAULT",false,true
"00032bdb","FUN_00032bdb","Global","Function","DEFAULT",false,true
"00032c55","FUN_00032c55","Global","Function","DEFAULT",false,true
"00032ccf","FUN_00032ccf","Global","Function","DEFAULT",false,true
"00032d69","FUN_00032d69","Global","Function","DEFAULT",false,true
"00032dd0","FUN_00032dd0","Global","Function","DEFAULT",false,true
"00032e76","FUN_00032e76","Global","Function","DEFAULT",false,true
"00032e79","FUN_00032e79","Global","Function","DEFAULT",false,true
"00032e7a","FUN_00032e7a","Global","Function","DEFAULT",false,true
"00032e7e","FUN_00032e7e","Global","Function","DEFAULT",false,true
"00032ec4","FUN_00032ec4","Global","Function","DEFAULT",false,true
"00032f5a","FUN_00032f5a","Global","Function","DEFAULT",false,true
"00032fa0","FUN_00032fa0","Global","Function","DEFAULT",false,true
"00033040","FUN_00033040","Global","Function","DEFAULT",false,true
"00033042","FUN_00033042","Global","Function","DEFAULT",false,true
"00033044","FUN_00033044","Global","Function","DEFAULT",false,true
"00033048","FUN_00033048","Global","Function","DEFAULT",false,true
"0003306c","FUN_0003306c","Global","Function","DEFAULT",false,true
"00033090","FUN_00033090","Global","Function","DEFAULT",false,true
"000330bc","FUN_000330bc","Global","Function","DEFAULT",false,true
"000330ec","FUN_000330ec","Global","Function","DEFAULT",false,true
"00033105","LAB_00033105","Global","Label","DEFAULT",false,true
"0003310b","FUN_0003310b","Global","Function","DEFAULT",false,true
"0003314e","FUN_0003314e","Global","Function","DEFAULT",false,true
"000331a2","FUN_000331a2","Global","Function","DEFAULT",false,true
"000331c6","FUN_000331c6","Global","Function","DEFAULT",false,true
"000331ea","FUN_000331ea","Global","Function","DEFAULT",false,true
"0003322a","FUN_0003322a","Global","Function","DEFAULT",false,true
"00033269","FUN_00033269","Global","Function","DEFAULT",false,true
"00033291","LAB_00033291","Global","Label","DEFAULT",false,true
"000332b3","LAB_000332b3","Global","Label","DEFAULT",false,true
"000333a0","LAB_000333a0","Global","Label","DEFAULT",false,true
"000333b8","FUN_000333b8","Global","Function","DEFAULT",false,true
"00033424","FUN_00033424","Global","Function","DEFAULT",false,true
"0003348e","FUN_0003348e","Global","Function","DEFAULT",false,true
"000334c8","LAB_000334c8","Global","Label","DEFAULT",false,true
"000334ec","FUN_000334ec","Global","Function","DEFAULT",false,true
"000334ed","FUN_000334ed","Global","Function","DEFAULT",false,true
"000334f4","FUN_000334f4","Global","Function","DEFAULT",false,true
"00033542","FUN_00033542","Global","Function","DEFAULT",false,true
"00033572","FUN_00033572","Global","Function","DEFAULT",false,true
"00033580","FUN_00033580","Global","Function","DEFAULT",false,true
"000335ba","FUN_000335ba","Global","Function","DEFAULT",false,true
"000335ea","FUN_000335ea","Global","Function","DEFAULT",false,true
"000335f4","FUN_000335f4","Global","Function","DEFAULT",false,true
"00033691","FUN_00033691","Global","Function","DEFAULT",false,true
"000337e8","LAB_000337e8","Global","Label","DEFAULT",false,true
"0003387f","LAB_0003387f","Global","Label","DEFAULT",false,true
"000339df","LAB_000339df","Global","Label","DEFAULT",false,true
"00033a0c","LAB_00033a0c","Global","Label","DEFAULT",false,true
"00033a7b","FUN_00033a7b","Global","Function","DEFAULT",false,true
"00033bba","LAB_00033bba","Global","Label","DEFAULT",false,true
"00033c70","LAB_00033c70","Global","Label","DEFAULT",false,true
"00033cf9","FUN_00033cf9","Global","Function","DEFAULT",false,true
"00033e39","LAB_00033e39","Global","Label","DEFAULT",false,true
"00033eef","LAB_00033eef","Global","Label","DEFAULT",false,true
"00033f78","FUN_00033f78","Global","Function","DEFAULT",false,true
"000340ba","LAB_000340ba","Global","Label","DEFAULT",false,true
"00034170","LAB_00034170","Global","Label","DEFAULT",false,true
"000341f9","FUN_000341f9","Global","Function","DEFAULT",false,true
"0003437c","LAB_0003437c","Global","Label","DEFAULT",false,true
"0003442d","LAB_0003442d","Global","Label","DEFAULT",false,true
"000344ae","LAB_000344ae","Global","Label","DEFAULT",false,true
"000344bb","FUN_000344bb","Global","Function","DEFAULT",false,true
"0003465f","LAB_0003465f","Global","Label","DEFAULT",false,true
"00034726","LAB_00034726","Global","Label","DEFAULT",false,true
"000347aa","LAB_000347aa","Global","Label","DEFAULT",false,true
"000347ae","LAB_000347ae","Global","Label","DEFAULT",false,true
"000347b0","LAB_000347b0","Global","Label","DEFAULT",false,true
"000347bd","FUN_000347bd","Global","Function","DEFAULT",false,true
"00034991","LAB_00034991","Global","Label","DEFAULT",false,true
"00034a9b","LAB_00034a9b","Global","Label","DEFAULT",false,true
"00034b1f","LAB_00034b1f","Global","Label","DEFAULT",false,true
"00034b23","LAB_00034b23","Global","Label","DEFAULT",false,true
"00034b25","LAB_00034b25","Global","Label","DEFAULT",false,true
"00034b32","FUN_00034b32","Global","Function","DEFAULT",false,true
"00034c93","LAB_00034c93","Global","Label","DEFAULT",false,true
"00034d4d","LAB_00034d4d","Global","Label","DEFAULT",false,true
"00034dd9","FUN_00034dd9","Global","Function","DEFAULT",false,true
"00034f45","LAB_00034f45","Global","Label","DEFAULT",false,true
"00035009","LAB_00035009","Global","Label","DEFAULT",false,true
"00035050","LAB_00035050","Global","Label","DEFAULT",false,true
"00035088","FUN_00035088","Global","Function","DEFAULT",false,true
"0003520d","LAB_0003520d","Global","Label","DEFAULT",false,true
"000352e4","LAB_000352e4","Global","Label","DEFAULT",false,true
"0003532b","LAB_0003532b","Global","Label","DEFAULT",false,true
"00035363","FUN_00035363","Global","Function","DEFAULT",false,true
"00035542","LAB_00035542","Global","Label","DEFAULT",false,true
"00035603","LAB_00035603","Global","Label","DEFAULT",false,true
"00035684","LAB_00035684","Global","Label","DEFAULT",false,true
"00035691","FUN_00035691","Global","Function","DEFAULT",false,true
"00035854","LAB_00035854","Global","Label","DEFAULT",false,true
"0003590e","LAB_0003590e","Global","Label","DEFAULT",false,true
"00035955","LAB_00035955","Global","Label","DEFAULT",false,true
"0003598a","FUN_0003598a","Global","Function","DEFAULT",false,true
"00035b52","LAB_00035b52","Global","Label","DEFAULT",false,true
"00035c11","LAB_00035c11","Global","Label","DEFAULT",false,true
"00035c58","LAB_00035c58","Global","Label","DEFAULT",false,true
"00035c8d","FUN_00035c8d","Global","Function","DEFAULT",false,true
"00035e0d","LAB_00035e0d","Global","Label","DEFAULT",false,true
"00035ece","LAB_00035ece","Global","Label","DEFAULT",false,true
"00035f4f","LAB_00035f4f","Global","Label","DEFAULT",false,true
"00035f51","LAB_00035f51","Global","Label","DEFAULT",false,true
"00035f5e","FUN_00035f5e","Global","Function","DEFAULT",false,true
"000360e0","LAB_000360e0","Global","Label","DEFAULT",false,true
"00036191","LAB_00036191","Global","Label","DEFAULT",false,true
"00036212","LAB_00036212","Global","Label","DEFAULT",false,true
"00036214","LAB_00036214","Global","Label","DEFAULT",false,true
"00036221","FUN_00036221","Global","Function","DEFAULT",false,true
"000363e2","LAB_000363e2","Global","Label","DEFAULT",false,true
"00036493","LAB_00036493","Global","Label","DEFAULT",false,true
"00036514","LAB_00036514","Global","Label","DEFAULT",false,true
"00036516","LAB_00036516","Global","Label","DEFAULT",false,true
"00036523","FUN_00036523","Global","Function","DEFAULT",false,true
"000366e2","LAB_000366e2","Global","Label","DEFAULT",false,true
"00036793","LAB_00036793","Global","Label","DEFAULT",false,true
"00036814","LAB_00036814","Global","Label","DEFAULT",false,true
"00036816","LAB_00036816","Global","Label","DEFAULT",false,true
"00036824","FUN_00036824","Global","Function","DEFAULT",false,true
"00036910","FUN_00036910","Global","Function","DEFAULT",false,true
"000369b0","LAB_000369b0","Global","Label","DEFAULT",false,true
"00036c22","LAB_00036c22","Global","Label","DEFAULT",false,true
"00036d37","LAB_00036d37","Global","Label","DEFAULT",false,true
"00036d3b","LAB_00036d3b","Global","Label","DEFAULT",false,true
"00036d55","LAB_00036d55","Global","Label","DEFAULT",false,true
"00036d89","LAB_00036d89","Global","Label","DEFAULT",false,true
"00036e43","LAB_00036e43","Global","Label","DEFAULT",false,true
"00036e60","LAB_00036e60","Global","Label","DEFAULT",false,true
"00036ff1","LAB_00036ff1","Global","Label","DEFAULT",false,true
"00037022","LAB_00037022","Global","Label","DEFAULT",false,true
"00037034","LAB_00037034","Global","Label","DEFAULT",false,true
"00037067","LAB_00037067","Global","Label","DEFAULT",false,true
"00037099","_ZNSt8__detail14__to_chars_lenIjEEjT_i","Global","Label","IMPORTED",false,false
"00037099","__to_chars_len<unsigned_int>","std::__detail","Function","ANALYSIS",false,true
"000370bd","LAB_000370bd","Global","Label","DEFAULT",false,true
"000370c8","LAB_000370c8","Global","Label","DEFAULT",false,true
"000370d1","LAB_000370d1","Global","Label","DEFAULT",false,true
"000370dd","LAB_000370dd","Global","Label","DEFAULT",false,true
"000370e7","LAB_000370e7","Global","Label","DEFAULT",false,true
"000370ef","_ZNSt8__detail18__to_chars_10_implIjEEvPcjT_","Global","Label","IMPORTED",false,false
"000370ef","__to_chars_10_impl<unsigned_int>","std::__detail","Function","ANALYSIS",false,true
"00037129","LAB_00037129","Global","Label","DEFAULT",false,true
"0003714c","LAB_0003714c","Global","Label","DEFAULT",false,true
"0003716a","LAB_0003716a","Global","Label","DEFAULT",false,true
"0003717a","_ZN9__gnu_cxx12__to_xstringINSt7__cxx1112basic_stringIcSt11char_traitsIcESaIcEEEcEET_PFiPT0_jPKS8_PcEjSB_z","Global","Label","IMPORTED",false,false
"0003717a","__to_xstring<std::__cxx11::string,char>","__gnu_cxx","Function","ANALYSIS",false,true
"00037197","LAB_00037197","Global","Label","DEFAULT",false,true
"000371ab","LAB_000371ab","Global","Label","DEFAULT",false,true
"000371bb","LAB_000371bb","Global","Label","DEFAULT",false,true
"000371f2","_M_construct","std::__cxx11::string","Function","ANALYSIS",false,true
"000371f2","_ZNSt7__cxx1112basic_stringIcSt11char_traitsIcESaIcEE12_M_constructEjc","Global","Label","IMPORTED",false,false
"0003721c","LAB_0003721c","Global","Label","DEFAULT",false,true
"00037231","LAB_00037231","Global","Label","DEFAULT",false,true
"0003723a","LAB_0003723a","Global","Label","DEFAULT",false,true
"0003724c","FUN_0003724c","Global","Function","DEFAULT",false,true
"0003733c","FUN_0003733c","Global","Function","DEFAULT",false,true
"00037344","FUN_00037344","Global","Function","DEFAULT",false,true
"0003734c","FUN_0003734c","Global","Function","DEFAULT",false,true
"00037354","FUN_00037354","Global","Function","DEFAULT",false,true
"0003735c","FUN_0003735c","Global","Function","DEFAULT",false,true
"00037364","FUN_00037364","Global","Function","DEFAULT",false,true
"0003736c","FUN_0003736c","Global","Function","DEFAULT",false,true
"00037374","FUN_00037374","Global","Function","DEFAULT",false,true
"0003737c","FUN_0003737c","Global","Function","DEFAULT",false,true
"0003738e","FUN_0003738e","Global","Function","DEFAULT",false,true
"000373a8","FUN_000373a8","Global","Function","DEFAULT",false,true
"000373b6","FUN_000373b6","Global","Function","DEFAULT",false,true
"000373be","FUN_000373be","Global","Function","DEFAULT",false,true
"000373d8","FUN_000373d8","Global","Function","DEFAULT",false,true
"000373f2","FUN_000373f2","Global","Function","DEFAULT",false,true
"000373fa","LAB_000373fa","Global","Label","DEFAULT",false,true
"00037402","LAB_00037402","Global","Label","DEFAULT",false,true
"0003740a","LAB_0003740a","Global","Label","DEFAULT",false,true
"00037412","LAB_00037412","Global","Label","DEFAULT",false,true
"0003741a","FUN_0003741a","Global","Function","DEFAULT",false,true
"00037422","FUN_00037422","Global","Function","DEFAULT",false,true
"0003742a","LAB_0003742a","Global","Label","DEFAULT",false,true
"00037432","LAB_00037432","Global","Label","DEFAULT",false,true
"0003743a","FUN_0003743a","Global","Function","DEFAULT",false,true
"00037442","FUN_00037442","Global","Function","DEFAULT",false,true
"0003744a","FUN_0003744a","Global","Function","DEFAULT",false,true
"00037452","LAB_00037452","Global","Label","DEFAULT",false,true
"0003745a","FUN_0003745a","Global","Function","DEFAULT",false,true
"0003747c","FUN_0003747c","Global","Function","DEFAULT",false,true
"000374d0","FUN_000374d0","Global","Function","DEFAULT",false,true
"00037554","FUN_00037554","Global","Function","DEFAULT",false,true
"00037562","FUN_00037562","Global","Function","DEFAULT",false,true
"00037598","FUN_00037598","Global","Function","DEFAULT",false,true
"000375a8","FUN_000375a8","Global","Function","DEFAULT",false,true
"000375b6","FUN_000375b6","Global","Function","DEFAULT",false,true
"000375c2","FUN_000375c2","Global","Function","DEFAULT",false,true
"000375f0","FUN_000375f0","Global","Function","DEFAULT",false,true
"00037607","LAB_00037607","Global","Label","DEFAULT",false,true
"0003760a","FUN_0003760a","Global","Function","DEFAULT",false,true
"00037623","LAB_00037623","Global","Label","DEFAULT",false,true
"00037626","FUN_00037626","Global","Function","DEFAULT",false,true
"00037639","LAB_00037639","Global","Label","DEFAULT",false,true
"0003763d","LAB_0003763d","Global","Label","DEFAULT",false,true
"00037670","LAB_00037670","Global","Label","DEFAULT",false,true
"00037678","FUN_00037678","Global","Function","DEFAULT",false,true
"0003768a","FUN_0003768a","Global","Function","DEFAULT",false,true
"000376da","LAB_000376da","Global","Label","DEFAULT",false,true
"00037709","LAB_00037709","Global","Label","DEFAULT",false,true
"0003771e","LAB_0003771e","Global","Label","DEFAULT",false,true
"00037737","LAB_00037737","Global","Label","DEFAULT",false,true
"00037743","LAB_00037743","Global","Label","DEFAULT",false,true
"00037749","LAB_00037749","Global","Label","DEFAULT",false,true
"00037753","LAB_00037753","Global","Label","DEFAULT",false,true
"0003775c","FUN_0003775c","Global","Function","DEFAULT",false,true
"00037795","LAB_00037795","Global","Label","DEFAULT",false,true
"000377a4","LAB_000377a4","Global","Label","DEFAULT",false,true
"000377ac","FUN_000377ac","Global","Function","DEFAULT",false,true
"000377d5","LAB_000377d5","Global","Label","DEFAULT",false,true
"000377ff","LAB_000377ff","Global","Label","DEFAULT",false,true
"00037812","LAB_00037812","Global","Label","DEFAULT",false,true
"00037819","LAB_00037819","Global","Label","DEFAULT",false,true
"0003781d","LAB_0003781d","Global","Label","DEFAULT",false,true
"00037851","LAB_00037851","Global","Label","DEFAULT",false,true
"0003785f","LAB_0003785f","Global","Label","DEFAULT",false,true
"00037871","LAB_00037871","Global","Label","DEFAULT",false,true
"0003787a","FUN_0003787a","Global","Function","DEFAULT",false,true
"0003791c","FUN_0003791c","Global","Function","DEFAULT",false,true
"00037938","LAB_00037938","Global","Label","DEFAULT",false,true
"00037980","LAB_00037980","Global","Label","DEFAULT",false,true
"00037989","LAB_00037989","Global","Label","DEFAULT",false,true
"000379a4","LAB_000379a4","Global","Label","DEFAULT",false,true
"000379a9","LAB_000379a9","Global","Label","DEFAULT",false,true
"000379b2","FUN_000379b2","Global","Function","DEFAULT",false,true
"000379cc","FUN_000379cc","Global","Function","DEFAULT",false,true
"000379f1","LAB_000379f1","Global","Label","DEFAULT",false,true
"000379f8","FUN_000379f8","Global","Function","DEFAULT",false,true
"00037a22","LAB_00037a22","Global","Label","DEFAULT",false,true
"00037a2e","LAB_00037a2e","Global","Label","DEFAULT",false,true
"00037a38","FUN_00037a38","Global","Function","DEFAULT",false,true
"00037a6f","LAB_00037a6f","Global","Label","DEFAULT",false,true
"00037a8d","LAB_00037a8d","Global","Label","DEFAULT",false,true
"00037a9f","LAB_00037a9f","Global","Label","DEFAULT",false,true
"00037ac3","LAB_00037ac3","Global","Label","DEFAULT",false,true
"00037acd","LAB_00037acd","Global","Label","DEFAULT",false,true
"00037ad1","LAB_00037ad1","Global","Label","DEFAULT",false,true
"00037adb","LAB_00037adb","Global","Label","DEFAULT",false,true
"00037ae4","FUN_00037ae4","Global","Function","DEFAULT",false,true
"00037b07","LAB_00037b07","Global","Label","DEFAULT",false,true
"00037b0a","FUN_00037b0a","Global","Function","DEFAULT",false,true
"00037b29","LAB_00037b29","Global","Label","DEFAULT",false,true
"00037b4a","LAB_00037b4a","Global","Label","DEFAULT",false,true
"00037b79","LAB_00037b79","Global","Label","DEFAULT",false,true
"00037b87","LAB_00037b87","Global","Label","DEFAULT",false,true
"00037b8b","LAB_00037b8b","Global","Label","DEFAULT",false,true
"00037ba5","LAB_00037ba5","Global","Label","DEFAULT",false,true
"00037bbd","LAB_00037bbd","Global","Label","DEFAULT",false,true
"00037bce","FUN_00037bce","Global","Function","DEFAULT",false,true
"00037c19","LAB_00037c19","Global","Label","DEFAULT",false,true
"00037c23","LAB_00037c23","Global","Label","DEFAULT",false,true
"00037c26","LAB_00037c26","Global","Label","DEFAULT",false,true
"00037c2e","FUN_00037c2e","Global","Function","DEFAULT",false,true
"00037c5e","FUN_00037c5e","Global","Function","DEFAULT",false,true
"00037c9c","FUN_00037c9c","Global","Function","DEFAULT",false,true
"00037d46","FUN_00037d46","Global","Function","DEFAULT",false,true
"00037d92","FUN_00037d92","Global","Function","DEFAULT",false,true
"00037da0","FUN_00037da0","Global","Function","DEFAULT",false,true
"00037dae","FUN_00037dae","Global","Function","DEFAULT",false,true
"00037e0c","FUN_00037e0c","Global","Function","DEFAULT",false,true
"00037e1b","LAB_00037e1b","Global","Label","DEFAULT",false,true
"00037e30","LAB_00037e30","Global","Label","DEFAULT",false,true
"00037e34","FUN_00037e34","Global","Function","DEFAULT",false,true
"00037e38","FUN_00037e38","Global","Function","DEFAULT",false,true
"00037e6e","LAB_00037e6e","Global","Label","DEFAULT",false,true
"00037e73","FUN_00037e73","Global","Function","DEFAULT",false,true
"00037e8d","LAB_00037e8d","Global","Label","DEFAULT",false,true
"00037e93","LAB_00037e93","Global","Label","DEFAULT",false,true
"00037e95","FUN_00037e95","Global","Function","DEFAULT",false,true
"00037eaf","LAB_00037eaf","Global","Label","DEFAULT",false,true
"00037eb5","LAB_00037eb5","Global","Label","DEFAULT",false,true
"00037eb7","FUN_00037eb7","Global","Function","DEFAULT",false,true
"00037ed1","LAB_00037ed1","Global","Label","DEFAULT",false,true
"00037ed7","LAB_00037ed7","Global","Label","DEFAULT",false,true
"00037ed9","FUN_00037ed9","Global","Function","DEFAULT",false,true
"00037ef3","LAB_00037ef3","Global","Label","DEFAULT",false,true
"00037ef8","LAB_00037ef8","Global","Label","DEFAULT",false,true
"00037efa","FUN_00037efa","Global","Function","DEFAULT",false,true
"00037f13","FUN_00037f13","Global","Function","DEFAULT",false,true
"00037f76","FUN_00037f76","Global","Function","DEFAULT",false,true
"00037faf","LAB_00037faf","Global","Label","DEFAULT",false,true
"00037fb4","LAB_00037fb4","Global","Label","DEFAULT",false,true
"00037fb9","FUN_00037fb9","Global","Function","DEFAULT",false,true
"00037fd7","LAB_00037fd7","Global","Label","DEFAULT",false,true
"00037fea","LAB_00037fea","Global","Label","DEFAULT",false,true
"00037fef","FUN_00037fef","Global","Function","DEFAULT",false,true
"00038028","LAB_00038028","Global","Label","DEFAULT",false,true
"00038063","LAB_00038063","Global","Label","DEFAULT",false,true
"00038067","LAB_00038067","Global","Label","DEFAULT",false,true
"00038079","LAB_00038079","Global","Label","DEFAULT",false,true
"000380d8","LAB_000380d8","Global","Label","DEFAULT",false,true
"000380df","LAB_000380df","Global","Label","DEFAULT",false,true
"0003811f","LAB_0003811f","Global","Label","DEFAULT",false,true
"0003813d","LAB_0003813d","Global","Label","DEFAULT",false,true
"00038141","LAB_00038141","Global","Label","DEFAULT",false,true
"0003814b","LAB_0003814b","Global","Label","DEFAULT",false,true
"0003815b","LAB_0003815b","Global","Label","DEFAULT",false,true
"0003817a","LAB_0003817a","Global","Label","DEFAULT",false,true
"000381f7","LAB_000381f7","Global","Label","DEFAULT",false,true
"000381fb","LAB_000381fb","Global","Label","DEFAULT",false,true
"00038205","LAB_00038205","Global","Label","DEFAULT",false,true
"00038217","LAB_00038217","Global","Label","DEFAULT",false,true
"0003821b","LAB_0003821b","Global","Label","DEFAULT",false,true
"00038230","LAB_00038230","Global","Label","DEFAULT",false,true
"00038245","LAB_00038245","Global","Label","DEFAULT",false,true
"0003825c","LAB_0003825c","Global","Label","DEFAULT",false,true
"0003825f","LAB_0003825f","Global","Label","DEFAULT",false,true
"00038264","FUN_00038264","Global","Function","DEFAULT",false,true
"00038278","FUN_00038278","Global","Function","DEFAULT",false,true
"000382ba","FUN_000382ba","Global","Function","DEFAULT",false,true
"000382d7","FUN_000382d7","Global","Function","DEFAULT",false,true
"0003840b","FUN_0003840b","Global","Function","DEFAULT",false,true
"000385fc","FUN_000385fc","Global","Function","DEFAULT",false,true
"00038655","FUN_00038655","Global","Function","DEFAULT",false,true
"00038672","LAB_00038672","Global","Label","DEFAULT",false,true
"00038682","LAB_00038682","Global","Label","DEFAULT",false,true
"000386b8","LAB_000386b8","Global","Label","DEFAULT",false,true
"000386bb","LAB_000386bb","Global","Label","DEFAULT",false,true
"000386bd","FUN_000386bd","Global","Function","DEFAULT",false,true
"000386db","LAB_000386db","Global","Label","DEFAULT",false,true
"000386eb","LAB_000386eb","Global","Label","DEFAULT",false,true
"0003871b","LAB_0003871b","Global","Label","DEFAULT",false,true
"00038720","FUN_00038720","Global","Function","DEFAULT",false,true
"00038752","LAB_00038752","Global","Label","DEFAULT",false,true
"00038757","LAB_00038757","Global","Label","DEFAULT",false,true
"00039000","s_OnPlayerPickUpPickup_00039000","Global","Label","DEFAULT",false,true
"00039040","s_Brass_Knuckles_00039040","Global","Label","DEFAULT",false,true
"0003904f","s_Golf_Club_0003904f","Global","Label","DEFAULT",false,true
"00039059","s_Nite_Stick_00039059","Global","Label","DEFAULT",false,true
"00039064","s_Baseball_Bat_00039064","Global","Label","DEFAULT",false,true
"00039071","s_Shovel_00039071","Global","Label","DEFAULT",false,true
"00039078","s_Pool_Cue_00039078","Global","Label","DEFAULT",false,true
"00039081","s_Katana_00039081","Global","Label","DEFAULT",false,true
"00039088","s_Dildo_00039088","Global","Label","DEFAULT",false,true
"0003908e","s_Vibrator_0003908e","Global","Label","DEFAULT",false,true
"00039097","s_Flowers_00039097","Global","Label","DEFAULT",false,true
"0003909f","DAT_0003909f","Global","Label","DEFAULT",false,true
"000390a4","s_Grenade_000390a4","Global","Label","DEFAULT",false,true
"000390ac","s_Teargas_000390ac","Global","Label","DEFAULT",false,true
"000390b4","s_Molotov_Cocktail_000390b4","Global","Label","DEFAULT",false,true
"000390c5","s_Colt_45_000390c5","Global","Label","DEFAULT",false,true
"000390cd","s_Silenced_Pistol_000390cd","Global","Label","DEFAULT",false,true
"000390dd","s_Desert_Eagle_000390dd","Global","Label","DEFAULT",false,true
"000390ea","s_Sawn-off_Shotgun_000390ea","Global","Label","DEFAULT",false,true
"000390f3","s_Shotgun_000390ea+9","Global","Label","DEFAULT",false,true
"000390fb","s_Combat_Shotgun_000390fb","Global","Label","DEFAULT",false,true
"0003910a","DAT_0003910a","Global","Label","DEFAULT",false,true
"0003910e","DAT_0003910e","Global","Label","DEFAULT",false,true
"00039112","DAT_00039112","Global","Label","DEFAULT",false,true
"00039117","DAT_00039117","Global","Label","DEFAULT",false,true
"0003911a","DAT_0003911a","Global","Label","DEFAULT",false,true
"0003911f","s_Sniper_Rifle_0003911f","Global","Label","DEFAULT",false,true
"00039126","s_Rifle_0003911f+7","Global","Label","DEFAULT",false,true
"0003912c","s_Rocket_Launcher_0003912c","Global","Label","DEFAULT",false,true
"0003913c","s_Heat_Seaker_0003913c","Global","Label","DEFAULT",false,true
"00039148","s_Flamethrower_00039148","Global","Label","DEFAULT",false,true
"00039155","s_Minigun_00039155","Global","Label","DEFAULT",false,true
"0003915d","s_Satchel_Explosives_0003915d","Global","Label","DEFAULT",false,true
"00039170","s_Spray_Can_00039170","Global","Label","DEFAULT",false,true
"0003917a","s_Fire_Extinguisher_0003917a","Global","Label","DEFAULT",false,true
"0003918c","s_Camera_0003918c","Global","Label","DEFAULT",false,true
"00039193","s_Night_Vision_00039193","Global","Label","DEFAULT",false,true
"000391a0","s_Thermal_Goggles_000391a0","Global","Label","DEFAULT",false,true
"000391b0","s_Parachute_000391b0","Global","Label","DEFAULT",false,true
"000391ba","s_Drowned_000391ba","Global","Label","DEFAULT",false,true
"000391c2","s_Splat_000391c2","Global","Label","DEFAULT",false,true
"000391c8","s_Skateboard_000391c8","Global","Label","DEFAULT",false,true
"000391d3","s_Binoculars_000391d3","Global","Label","DEFAULT",false,true
"000391de","s_Cudgel_000391de","Global","Label","DEFAULT",false,true
"000391e5","s_Nailbat_000391e5","Global","Label","DEFAULT",false,true
"000391ed","s_Shovel_2_000391ed","Global","Label","DEFAULT",false,true
"000391f6","DAT_000391f6","Global","Label","DEFAULT",false,true
"000391fa","s_Wrench_000391fa","Global","Label","DEFAULT",false,true
"00039201","s_Pipe_wrench_00039201","Global","Label","DEFAULT",false,true
"0003920d","s_Crowbar_0003920d","Global","Label","DEFAULT",false,true
"00039215","s_Cleaver_00039215","Global","Label","DEFAULT",false,true
"0003921d","s_Hatchet_0003921d","Global","Label","DEFAULT",false,true
"00039225","s_Screwdriver_00039225","Global","Label","DEFAULT",false,true
"00039231","s_Machete_00039231","Global","Label","DEFAULT",false,true
"00039239","s_Kukri_Knife_00039239","Global","Label","DEFAULT",false,true
"0003923f","s_Knife_00039239+6","Global","Label","DEFAULT",false,true
"00039245","s_Dagger_Knife_00039245","Global","Label","DEFAULT",false,true
"00039252","s_Butterfly_Knife_00039252","Global","Label","DEFAULT",false,true
"00039262","s_Hammer_00039262","Global","Label","DEFAULT",false,true
"00039269","s_Pickaxe_00039269","Global","Label","DEFAULT",false,true
"00039271","s_Guitar_00039271","Global","Label","DEFAULT",false,true
"00039278","s_Hockey_Stick_00039278","Global","Label","DEFAULT",false,true
"00039285","s_Broken_Bottle_00039285","Global","Label","DEFAULT",false,true
"00039293","s_Yu_Jian_Sword_00039293","Global","Label","DEFAULT",false,true
"000392a1","s_Manhunt_Chainsaw_000392a1","Global","Label","DEFAULT",false,true
"000392a9","s_Chainsaw_000392a1+8","Global","Label","DEFAULT",false,true
"000392b2","s_Parachute_2_000392b2","Global","Label","DEFAULT",false,true
"000392be","DAT_000392be","Global","Label","DEFAULT",false,true
"000392c3","s_Glock_000392c3","Global","Label","DEFAULT",false,true
"000392c9","s_Glock_Silenced_000392c9","Global","Label","DEFAULT",false,true
"000392d8","s_FN_FAL_000392d8","Global","Label","DEFAULT",false,true
"000392df","s_Double_Barrel_000392df","Global","Label","DEFAULT",false,true
"000392ed","s_M202A1_000392ed","Global","Label","DEFAULT",false,true
"000392f4","s_Beretta_M9_000392f4","Global","Label","DEFAULT",false,true
"000392ff","s_OTs-33_000392ff","Global","Label","DEFAULT",false,true
"00039306","DAT_00039306","Global","Label","DEFAULT",false,true
"0003930a","s_Beretta_M12_0003930a","Global","Label","DEFAULT",false,true
"00039316","s_AA-12_00039316","Global","Label","DEFAULT",false,true
"0003931c","s_Tommy_Gun_0003931c","Global","Label","DEFAULT",false,true
"00039326","s_MAC-10_00039326","Global","Label","DEFAULT",false,true
"0003932d","s_MAC-10_Silenced_0003932d","Global","Label","DEFAULT",false,true
"0003933d","s_WA_2000_0003933d","Global","Label","DEFAULT",false,true
"00039345","s_50CAL_00039345","Global","Label","DEFAULT",false,true
"0003934b","s_Python_0003934b","Global","Label","DEFAULT",false,true
"00039352","s_Equalizer_00039352","Global","Label","DEFAULT",false,true
"0003935c","DAT_0003935c","Global","Label","DEFAULT",false,true
"0003935f","DAT_0003935f","Global","Label","DEFAULT",false,true
"00039363","s_M16_Scope_00039363","Global","Label","DEFAULT",false,true
"0003936d","DAT_0003936d","Global","Label","DEFAULT",false,true
"00039371","s_M4SD_Silenced_00039371","Global","Label","DEFAULT",false,true
"0003937f","s_M4_Shit_0003937f","Global","Label","DEFAULT",false,true
"00039387","DAT_00039387","Global","Label","DEFAULT",false,true
"0003938c","DAT_0003938c","Global","Label","DEFAULT",false,true
"00039390","DAT_00039390","Global","Label","DEFAULT",false,true
"00039395","s_Skorpion_00039395","Global","Label","DEFAULT",false,true
"0003939e","s_Ruger_0003939e","Global","Label","DEFAULT",false,true
"000393a4","s_Ruger_Scope_000393a4","Global","Label","DEFAULT",false,true
"000393b0","s_USAS-12_000393b0","Global","Label","DEFAULT",false,true
"000393b8","s_Steyr_AUG_000393b8","Global","Label","DEFAULT",false,true
"000393c2","s_PP-19_Bizon_000393c2","Global","Label","DEFAULT",false,true
"000393ce","s_Beta_C-Mag_000393ce","Global","Label","DEFAULT",false,true
"000393d9","DAT_000393d9","Global","Label","DEFAULT",false,true
"000393dd","s_Uzi_Silenced_000393dd","Global","Label","DEFAULT",false,true
"000393ea","s_Galil_000393ea","Global","Label","DEFAULT",false,true
"000393f0","s_MP5_Silenced_000393f0","Global","Label","DEFAULT",false,true
"000393fd","DAT_000393fd","Global","Label","DEFAULT",false,true
"00039402","s_Lever_SG_00039402","Global","Label","DEFAULT",false,true
"0003940b","DAT_0003940b","Global","Label","DEFAULT",false,true
"0003940f","s_Stubby_Shotgun_0003940f","Global","Label","DEFAULT",false,true
"0003941e","s_AS_Val_0003941e","Global","Label","DEFAULT",false,true
"00039425","s_FAMAS_00039425","Global","Label","DEFAULT",false,true
"0003942b","s_TAC-SMG_0003942b","Global","Label","DEFAULT",false,true
"00039433","s_87_Target_00039433","Global","Label","DEFAULT",false,true
"0003943d","s_38_Revolver_0003943d","Global","Label","DEFAULT",false,true
"00039449","s_Mauser_C96_00039449","Global","Label","DEFAULT",false,true
"00039454","s_Smith_10_00039454","Global","Label","DEFAULT",false,true
"0003945d","s_Volcanic_Revolver_0003945d","Global","Label","DEFAULT",false,true
"0003946f","s_Clahitec_0003946f","Global","Label","DEFAULT",false,true
"00039478","s_Colt_Scamp_00039478","Global","Label","DEFAULT",false,true
"00039483","s_Danuvia_VD-01_00039483","Global","Label","DEFAULT",false,true
"00039491","s_Peppergun_00039491","Global","Label","DEFAULT",false,true
"0003949b","DAT_0003949b","Global","Label","DEFAULT",false,true
"000394a0","DAT_000394a0","Global","Label","DEFAULT",false,true
"000394a5","s_Pipe_Bomb_000394a5","Global","Label","DEFAULT",false,true
"000394aa","s_Bomb_000394a5+5","Global","Label","DEFAULT",false,true
"000394af","s_Winchester_1912_000394af","Global","Label","DEFAULT",false,true
"000394bf","s_Mossberg_500_000394bf","Global","Label","DEFAULT",false,true
"000394cc","s_HK_CAWS_000394cc","Global","Label","DEFAULT",false,true
"000394d4","s_Christmas_Shotgun_000394d4","Global","Label","DEFAULT",false,true
"000394e6","s_Micro_SMG_000394e6","Global","Label","DEFAULT",false,true
"000394f0","s_Ingram_000394f0","Global","Label","DEFAULT",false,true
"000394f7","s_Jatimatic_000394f7","Global","Label","DEFAULT",false,true
"00039501","DAT_00039501","Global","Label","DEFAULT",false,true
"00039505","DAT_00039505","Global","Label","DEFAULT",false,true
"0003950a","DAT_0003950a","Global","Label","DEFAULT",false,true
"0003950e","s_AR-15_0003950e","Global","Label","DEFAULT",false,true
"00039514","s_M1918_00039514","Global","Label","DEFAULT",false,true
"0003951a","DAT_0003951a","Global","Label","DEFAULT",false,true
"00039525","s_M1_Garand_00039525","Global","Label","DEFAULT",false,true
"0003952f","s_Henry_1860_0003952f","Global","Label","DEFAULT",false,true
"0003953a","DAT_0003953a","Global","Label","DEFAULT",false,true
"0003953e","DAT_0003953e","Global","Label","DEFAULT",false,true
"00039542","s_FG-42_00039542","Global","Label","DEFAULT",false,true
"00039548","DAT_00039548","Global","Label","DEFAULT",false,true
"0003954d","s_Evans_Rifle_0003954d","Global","Label","DEFAULT",false,true
"00039559","s_Unknown_00039559","Global","Label","DEFAULT",false,true
"00039561","s_set_brake_desseleration_00039561","Global","Label","DEFAULT",false,true
"00039579","s_set_vehicle_handling_flags_00039579","Global","Label","DEFAULT",false,true
"00039594","s_set_vehicle_wheel_angle_00039594","Global","Label","DEFAULT",false,true
"000395ac","s_add_vehicle_handling_flags_000395ac","Global","Label","DEFAULT",false,true
"000395c7","s_add_wheel_steer_angle_000395c7","Global","Label","DEFAULT",false,true
"000395dd","s_subtract_max_speed_000395dd","Global","Label","DEFAULT",false,true
"000395f0","s_subtract_wheel_steer_angle_000395f0","Global","Label","DEFAULT",false,true
"0003960b","s_subtract_vehicle_handling_flags_0003960b","Global","Label","DEFAULT",false,true
"0003962b","s_IsSSmpPlayer_0003962b","Global","Label","DEFAULT",false,true
"00039638","s_RunAsyncTask_00039638","Global","Label","DEFAULT",false,true
"00039645","s_StopAsyncTask_00039645","Global","Label","DEFAULT",false,true
"00039653","s_WaitMilliseconds_00039653","Global","Label","DEFAULT",false,true
"00039664","s_WaitSeconds_00039664","Global","Label","DEFAULT",false,true
"00039670","s_GlobalMutexLock_00039670","Global","Label","DEFAULT",false,true
"00039676","s_MutexLock_00039670+6","Global","Label","DEFAULT",false,true
"00039680","s_GlobalMutexUnlock_00039680","Global","Label","DEFAULT",false,true
"00039686","s_MutexUnlock_00039680+6","Global","Label","DEFAULT",false,true
"00039692","s_CreateMutex_00039692","Global","Label","DEFAULT",false,true
"0003969e","s_DestroyMutex_0003969e","Global","Label","DEFAULT",false,true
"000396ab","s_IsAsyncTaskNull_000396ab","Global","Label","DEFAULT",false,true
"000396bb","s_CreateLockGuard_000396bb","Global","Label","DEFAULT",false,true
"000396cb","s_DestroyLockGuard_000396cb","Global","Label","DEFAULT",false,true
"000396dc","s_GetGlobalMutex_000396dc","Global","Label","DEFAULT",false,true
"000396eb","s_GetHardwareConcurrency_000396eb","Global","Label","DEFAULT",false,true
"00039702","s_IsAsyncTaskJoinable_00039702","Global","Label","DEFAULT",false,true
"00039716","s_JoinAsyncTask_00039716","Global","Label","DEFAULT",false,true
"00039724","s_DetachAsyncTask_00039724","Global","Label","DEFAULT",false,true
"00039734","s_IsCurrentAsyncTaskMainThread_00039734","Global","Label","DEFAULT",false,true
"00039751","s_SetVehicleMaxSpeed_00039751","Global","Label","DEFAULT",false,true
"00039764","s_SetVehicleMass_00039764","Global","Label","DEFAULT",false,true
"00039773","s_SetVehicleDriveType_00039773","Global","Label","DEFAULT",false,true
"00039787","s_SetVehicleHandleFlags_00039787","Global","Label","DEFAULT",false,true
"0003979d","s_SetVehicleBrakeDesseleration_0003979d","Global","Label","DEFAULT",false,true
"000397ba","s_SetVehicleWheelSteerAngle_000397ba","Global","Label","DEFAULT",false,true
"000397d4","s_AddVehicleAcceleration_000397d4","Global","Label","DEFAULT",false,true
"000397eb","s_AddVehicleMaxSpeed_000397eb","Global","Label","DEFAULT",false,true
"000397fe","s_AddVehicleMass_000397fe","Global","Label","DEFAULT",false,true
"0003980d","s_AddVehicleHandleFlags_0003980d","Global","Label","DEFAULT",false,true
"00039823","s_AddVehicleWheelSteerAngle_00039823","Global","Label","DEFAULT",false,true
"0003983d","s_SubtractVehicleAcceleration_0003983d","Global","Label","DEFAULT",false,true
"00039859","s_SubtractVehicleMass_00039859","Global","Label","DEFAULT",false,true
"0003986d","s_SubtractVehicleMaxSpeed_0003986d","Global","Label","DEFAULT",false,true
"00039885","s_SubtractVehicleWheelSteerAngle_00039885","Global","Label","DEFAULT",false,true
"000398a4","s_SubtractVehicleHandleFlags_000398a4","Global","Label","DEFAULT",false,true
"000398bf","s_SetVehicleAcceleration_000398bf","Global","Label","DEFAULT",false,true
"000398ef","s_std::future_error:_000398ef","Global","Label","DEFAULT",false,true
"00039902","s__000398ef+0x13","Global","Label","DEFAULT",false,true
"00039937","s_Please,_use_GlobalMutexLock()_00039937","Global","Label","DEFAULT",false,true
"000399eb","s_uint32_t_000399eb","Global","Label","DEFAULT",false,true
"000399f4","DAT_000399f4","Global","Label","DEFAULT",false,true
"000399f5","s_00102030405060708091011121314151_000399f5","Global","Label","DEFAULT",false,true
"00039abd","s_cannot_create_std::deque_larger_t_00039abd","Global","Label","DEFAULT",false,true
"00039b36","s_/home/yuri/projects/ssmp_server_p_00039b36","Global","Label","DEFAULT",false,true
"00039bbf","s_elem_!=_NULL_00039bbf","Global","Label","DEFAULT",false,true
"00039c82","s_a_!=_NULL_00039c82","Global","Label","DEFAULT",false,true
"00039e9c","s_int_sampgdk_array_append(sampgdk_00039e9c","Global","Label","DEFAULT",false,true
"0003a02b","s_OnGameModeExit()_0003a02b","Global","Label","DEFAULT",false,true
"0003a03c","s_OnGameModeInit()_0003a03c","Global","Label","DEFAULT",false,true
"0003a04d","s_Unsupported_instruction_0003a04d","Global","Label","DEFAULT",false,true
"0003a754","s_format_ptr_!=_NULL_0003a754","Global","Label","DEFAULT",false,true
"0003a833","s_cell_sampgdk_native_invoke(AMX_N_0003a833","Global","Label","DEFAULT",false,true
"0003aa59","s_OnObjectMoved(%d)_0003aa59","Global","Label","DEFAULT",false,true
"0003aa6b","s_OnPlayerClickPlayer(%d,_%d,_%d)_0003aa6b","Global","Label","DEFAULT",false,true
"0003aae1","s_OnPlayerDeath(%d,_%d,_%d)_0003aae1","Global","Label","DEFAULT",false,true
"0003ab16","s_OnPlayerEnterCheckpoint(%d)_0003ab16","Global","Label","DEFAULT",false,true
"0003ab32","s_OnPlayerEnterRaceCheckpoint(%d)_0003ab32","Global","Label","DEFAULT",false,true
"0003ab6e","s_OnPlayerExitedMenu(%d)_0003ab6e","Global","Label","DEFAULT",false,true
"0003ab85","s_OnPlayerInteriorChange(%d,_%d,_%_0003ab85","Global","Label","DEFAULT",false,true
"0003aba8","s_OnPlayerKeyStateChange(%d,_%d,_%_0003aba8","Global","Label","DEFAULT",false,true
"0003abcb","s_OnPlayerLeaveCheckpoint(%d)_0003abcb","Global","Label","DEFAULT",false,true
"0003abe7","s_OnPlayerLeaveRaceCheckpoint(%d)_0003abe7","Global","Label","DEFAULT",false,true
"0003ac5d","s_OnPlayerRequestDownload(%d,_%d,_%_0003ac5d","Global","Label","DEFAULT",false,true
"0003accc","s_OnPlayerStateChange(%d,_%d,_%d)_0003accc","Global","Label","DEFAULT",false,true
"0003ad85","s_OnVehicleMod(%d,_%d,_%d)_0003ad85","Global","Label","DEFAULT",false,true
"0003ad9e","s_OnVehiclePaintjob(%d,_%d,_%d)_0003ad9e","Global","Label","DEFAULT",false,true
"0003adbc","s_OnVehicleRespray(%d,_%d,_%d,_%d)_0003adbc","Global","Label","DEFAULT",false,true
"0003addd","s_OnVehicleSirenStateChange(%d,_%d_0003addd","Global","Label","DEFAULT",false,true
"0003ae79","s_OnEnterExitModShop(%d,_%d,_%d)_0003ae79","Global","Label","DEFAULT",false,true
"0003ae98","s_OnPlayerEnterVehicle(%d,_%d,_%d)_0003ae98","Global","Label","DEFAULT",false,true
"0003af0a","s_OnPlayerEditAttachedObject(%d,_%_0003af0a","Global","Label","DEFAULT",false,true
"0003af5d","s_OnPlayerEditObject(%d,_%d,_%d,_%_0003af5d","Global","Label","DEFAULT",false,true
"0003af98","s_OnPlayerGiveDamage(%d,_%d,_%f,_%_0003af98","Global","Label","DEFAULT",false,true
"0003afbf","s_OnPlayerGiveDamageActor(%d,_%d,_%_0003afbf","Global","Label","DEFAULT",false,true
"0003afeb","s_OnPlayerSelectObject(%d,_%d,_%d,_0003afeb","Global","Label","DEFAULT",false,true
"0003b01c","s_OnPlayerTakeDamage(%d,_%d,_%f,_%_0003b01c","Global","Label","DEFAULT",false,true
"0003b043","s_OnPlayerWeaponShot(%d,_%d,_%d,_%_0003b043","Global","Label","DEFAULT",false,true
"0003b072","s_OnUnoccupiedVehicleUpdate(%d,_%d_0003b072","Global","Label","DEFAULT",false,true
"0003b0e1","s_OnDialogResponse(%d,_%d,_%d,_%d,_0003b0e1","Global","Label","DEFAULT",false,true
"0003b197","s_OnHTTPResponse(%d,_%d,_""%s"")_0003b197","Global","Label","DEFAULT",false,true
"0003b1b4","DAT_0003b1b4","Global","Label","DEFAULT",false,true
"0003b1b9","s_false_0003b1b9","Global","Label","DEFAULT",false,true
"0003b1bf","s_int_sampgdk_timer_set(int,_bool,_0003b1bf","Global","Label","DEFAULT",false,true
"0003b1ff","s_callback_!=_NULL_0003b1ff","Global","Label","DEFAULT",false,true
"0003b210","s_Error_setting_timer:_%s_0003b210","Global","Label","DEFAULT",false,true
"0003b228","s_Created_timer:_ID_=_%d,_interval_0003b228","Global","Label","DEFAULT",false,true
"0003b25b","s_Killed_timer_%d_0003b25b","Global","Label","DEFAULT",false,true
"0003b8ae","s_GetVehicleParamsEx(%d,_@%p,_@%p,_0003b8ae","Global","Label","DEFAULT",false,true
"0003c4b5","s_Vehicle_0003c4ac+9","Global","Label","DEFAULT",false,true
"0003dc07","s_OnHTTPResponse_0003dc07","Global","Label","DEFAULT",false,true
"0003dc3d","s_4.6.4_0003dc30+0xd","Global","Label","DEFAULT",false,true
"0003e683","s_int_0003e670+0x13","Global","Label","DEFAULT",false,true
"0003f059","s_GetPlayerLastShotVectors(%d,_@%p_0003f059","Global","Label","DEFAULT",false,true
"0003fa26","s_GetAnimationName(%d,_@%p,_%d,_@%_0003fa26","Global","Label","DEFAULT",false,true
"0004047c","s_float_0004047c","Global","Label","DEFAULT",false,true
"00040482","DAT_00040482","Global","Label","DEFAULT",false,true
"00040487","DAT_00040487","Global","Label","DEFAULT",false,true
"0004053c","DAT_0004053c","Global","Label","DEFAULT",false,true
"00040540","DAT_00040540","Global","Label","DEFAULT",false,true
"00040544","DAT_00040544","Global","Label","DEFAULT",false,true
"00040548","DAT_00040548","Global","Label","DEFAULT",false,true
"0004054c","DAT_0004054c","Global","Label","DEFAULT",false,true
"00040550","DAT_00040550","Global","Label","DEFAULT",false,true
"00040560","switchdataD_00040560","switchD_000186b6","Label","ANALYSIS",false,true
"00040840","s_*NSt6thread11_State_implINS_8_In_00040840","Global","Label","DEFAULT",false,true
"000408c0","s_*NSt6thread11_State_implINS_8_In_000408c0","Global","Label","DEFAULT",false,true
"0004092a","DAT_0004092a","Global","Label","DEFAULT",false,true
"00040940","_ZTSSt11_Mutex_baseILN9__gnu_cxx12_Lock_policyE2EE","Global","Label","IMPORTED",false,false
"00040940","typeinfo-name","std::_Mutex_base<(__gnu_cxx::_Lock_policy)2>","Label","ANALYSIS",false,true
"00040970","_ZTSSt19_Sp_make_shared_tag","Global","Label","IMPORTED",false,false
"00040970","typeinfo-name","std::_Sp_make_shared_tag","Label","ANALYSIS",false,true
"000409a0","_ZTSSt16_Sp_counted_baseILN9__gnu_cxx12_Lock_policyE2EE","Global","Label","IMPORTED",false,false
"000409a0","typeinfo-name","std::_Sp_counted_base<(__gnu_cxx::_Lock_policy)2>","Label","ANALYSIS",false,true
"000409e0","_ZTSNSt13__future_base13_State_baseV2E","Global","Label","IMPORTED",false,false
"000409e0","typeinfo-name","std::__future_base::_State_baseV2","Label","ANALYSIS",false,true
"00040a04","_ZTSNSt13__future_base7_ResultIvEE","Global","Label","IMPORTED",false,false
"00040a04","typeinfo-name","std::__future_base::_Result<void>","Label","ANALYSIS",false,true
"00040a40","_ZTSNSt13__future_base21_Async_state_commonV2E","Global","Label","IMPORTED",false,false
"00040a40","typeinfo-name","std::__future_base::_Async_state_commonV2","Label","ANALYSIS",false,true
"00040a80","_ZTSNSt13__future_base17_Async_state_implINSt6thread8_InvokerISt5tupleIJZN13BufferHandles7ProcessEvEUlvE0_EEEEvEE","Global","Label","IMPORTED",false,false
"00040a80","typeinfo-name","std::__future_base::_Async_state_impl<std::thread::_Invoker<std::tuple<BufferHandles::Process()::{lambda()#2}>>,void>","Label","ANALYSIS",false,true
"00040b00","_ZTSNSt13__future_base15_Deferred_stateINSt6thread8_InvokerISt5tupleIJZN13BufferHandles7ProcessEvEUlvE0_EEEEvEE","Global","Label","IMPORTED",false,false
"00040b00","typeinfo-name","std::__future_base::_Deferred_state<std::thread::_Invoker<std::tuple<BufferHandles::Process()::{lambda()#2}>>,void>","Label","ANALYSIS",false,true
"00040b80","_ZTSNSt6thread11_State_implINS_8_InvokerISt5tupleIJPFvvEEEEEEE","Global","Label","IMPORTED",false,false
"00040b80","typeinfo-name","std::thread::_State_impl<std::thread::_Invoker<std::tuple<void(*)()>>>","Label","ANALYSIS",false,true
"00040bc0","s_*NSt6thread11_State_implINS_8_In_00040bc0","Global","Label","DEFAULT",false,true
"00040c20","_ZTSSt23_Sp_counted_ptr_inplaceINSt13__future_base17_Async_state_implINSt6thread8_InvokerISt5tupleIJZN13BufferHandles7ProcessEvEUlvE0_EEEEvEESaIvELN9__gnu_cxx12_Lock_policyE2EE","Global","Label","IMPORTED",false,false
"00040c20","typeinfo-name","std::_Sp_counted_ptr_inplace<std::__future_base::_Async_state_impl<std::thread::_Invoker<std::tuple<BufferHandles::Process()::{lambda()#2}>>,void>,std::allocator<void>,(__gnu_cxx::_Lock_policy)2>","Label","ANALYSIS",false,true
"00040ce0","_ZTSSt23_Sp_counted_ptr_inplaceINSt13__future_base15_Deferred_stateINSt6thread8_InvokerISt5tupleIJZN13BufferHandles7ProcessEvEUlvE0_EEEEvEESaIvELN9__gnu_cxx12_Lock_policyE2EE","Global","Label","IMPORTED",false,false
"00040ce0","typeinfo-name","std::_Sp_counted_ptr_inplace<std::__future_base::_Deferred_state<std::thread::_Invoker<std::tuple<BufferHandles::Process()::{lambda()#2}>>,void>,std::allocator<void>,(__gnu_cxx::_Lock_policy)2>","Label","ANALYSIS",false,true
"00040da0","_ZTSNSt6thread11_State_implINS_8_InvokerISt5tupleIJMNSt13__future_base17_Async_state_implINS1_IS2_IJZN13BufferHandles7ProcessEvEUlvE0_EEEEvEEFvvEPS9_EEEEEE","Global","Label","IMPORTED",false,false
"00040da0","typeinfo-name","std::thread::_State_impl<std::thread::_Invoker<std::tuple<void(std::__future_base::_Async_state_impl<std::thread::_Invoker<std::tuple<BufferHandles::Process()::{lambda()#2}>>,void>::*)(),std::__future_base::_Async_state_impl<std::thread::_Invoker<std::tuple<BufferHandles::Process()::{lambda()#2}>>,void>*>>>","Label","ANALYSIS",false,true
"00040e40","_ZTSNSt13__future_base12_Task_setterISt10unique_ptrINS_7_ResultIvEENS_12_Result_base8_DeleterEENSt6thread8_InvokerISt5tupleIJZN13BufferHandles7ProcessEvEUlvE0_EEEEvEE","Global","Label","IMPORTED",false,false
"00040e40","typeinfo-name","std::__future_base::_Task_setter<std::unique_ptr<std::__future_base::_Result<void>,std::__future_base::_Result_base::_Deleter>,std::thread::_Invoker<std::tuple<BufferHandles::Process()::{lambda()#2}>>,void>","Label","ANALYSIS",false,true
"00040ee3","_ZZNSt19_Sp_make_shared_tag5_S_tiEvE5__tag","Global","Label","IMPORTED",false,false
"00040ee3","__tag","std::_Sp_make_shared_tag::_S_ti()","Label","ANALYSIS",false,true
"00040f00","s_*NSt6thread11_State_implINS_8_In_00040f00","Global","Label","DEFAULT",false,true
"000414e0","DAT_000414e0","Global","Label","DEFAULT",false,true
"000414e8","DAT_000414e8","Global","Label","DEFAULT",false,true
"000414ec","DAT_000414ec","Global","Label","DEFAULT",false,true
"000414f4","DAT_000414f4","Global","Label","DEFAULT",false,true
"00041f6c","DAT_00041f6c","Global","Label","DEFAULT",false,true
"00041fcc","DAT_00041fcc","Global","Label","DEFAULT",false,true
"00042020","DAT_00042020","Global","Label","DEFAULT",false,true
"00042024","DAT_00042024","Global","Label","DEFAULT",false,true
"00042028","DAT_00042028","Global","Label","DEFAULT",false,true
"0004202c","DAT_0004202c","Global","Label","DEFAULT",false,true
"00042030","DAT_00042030","Global","Label","DEFAULT",false,true
"00042034","DAT_00042034","Global","Label","DEFAULT",false,true
"00042188","DAT_00042188","Global","Label","DEFAULT",false,true
"000421a0","DAT_000421a0","Global","Label","DEFAULT",false,true
"000421a4","DAT_000421a4","Global","Label","DEFAULT",false,true
"000421cc","DAT_000421cc","Global","Label","DEFAULT",false,true
"000421e0","s_*NSt13__future_base17_Async_stat_000421e0","Global","Label","DEFAULT",false,true
"00042280","s_*NSt13__future_base15_Deferred_s_00042280","Global","Label","DEFAULT",false,true
"00042320","s_*St23_Sp_counted_ptr_inplaceINSt_00042320","Global","Label","DEFAULT",false,true
"00042400","s_*NSt6thread11_State_implINS_8_In_00042400","Global","Label","DEFAULT",false,true
"000424c0","s_*NSt13__future_base12_Task_sette_000424c0","Global","Label","DEFAULT",false,true
"000425f8","cie_000425f8","Global","Label","ANALYSIS",false,true
"00042610","fde_00042610","Global","Label","ANALYSIS",false,true
"0004263c","fde_0004263c","Global","Label","ANALYSIS",false,true
"0004266c","fde_0004266c","Global","Label","ANALYSIS",false,true
"00042698","fde_00042698","Global","Label","ANALYSIS",false,true
"000426ac","fde_000426ac","Global","Label","ANALYSIS",false,true
"000426d0","fde_000426d0","Global","Label","ANALYSIS",false,true
"000426e4","fde_000426e4","Global","Label","ANALYSIS",false,true
"00042714","fde_00042714","Global","Label","ANALYSIS",false,true
"00042740","fde_00042740","Global","Label","ANALYSIS",false,true
"00042770","fde_00042770","Global","Label","ANALYSIS",false,true
"00042798","fde_00042798","Global","Label","ANALYSIS",false,true
"000427c0","fde_000427c0","Global","Label","ANALYSIS",false,true
"000427e8","fde_000427e8","Global","Label","ANALYSIS",false,true
"00042810","fde_00042810","Global","Label","ANALYSIS",false,true
"00042838","fde_00042838","Global","Label","ANALYSIS",false,true
"00042860","fde_00042860","Global","Label","ANALYSIS",false,true
"00042888","fde_00042888","Global","Label","ANALYSIS",false,true
"000428b8","fde_000428b8","Global","Label","ANALYSIS",false,true
"000428e4","fde_000428e4","Global","Label","ANALYSIS",false,true
"00042908","fde_00042908","Global","Label","ANALYSIS",false,true
"00042930","fde_00042930","Global","Label","ANALYSIS",false,true
"00042958","fde_00042958","Global","Label","ANALYSIS",false,true
"0004296c","fde_0004296c","Global","Label","ANALYSIS",false,true
"00042998","fde_00042998","Global","Label","ANALYSIS",false,true
"000429ac","fde_000429ac","Global","Label","ANALYSIS",false,true
"000429cc","fde_000429cc","Global","Label","ANALYSIS",false,true
"000429ec","fde_000429ec","Global","Label","ANALYSIS",false,true
"00042a00","fde_00042a00","Global","Label","ANALYSIS",false,true
"00042a14","fde_00042a14","Global","Label","ANALYSIS",false,true
"00042a28","cie_00042a28","Global","Label","ANALYSIS",false,true
"00042a48","fde_00042a48","Global","Label","ANALYSIS",false,true
"00042a7c","fde_00042a7c","Global","Label","ANALYSIS",false,true
"00042aa8","fde_00042aa8","Global","Label","ANALYSIS",false,true
"00042acc","fde_00042acc","Global","Label","ANALYSIS",false,true
"00042af4","fde_00042af4","Global","Label","ANALYSIS",false,true
"00042b18","fde_00042b18","Global","Label","ANALYSIS",false,true
"00042b40","fde_00042b40","Global","Label","ANALYSIS",false,true
"00042b6c","fde_00042b6c","Global","Label","ANALYSIS",false,true
"00042b98","fde_00042b98","Global","Label","ANALYSIS",false,true
"00042bbc","fde_00042bbc","Global","Label","ANALYSIS",false,true
"00042be8","fde_00042be8","Global","Label","ANALYSIS",false,true
"00042c28","fde_00042c28","Global","Label","ANALYSIS",false,true
"00042c4c","fde_00042c4c","Global","Label","ANALYSIS",false,true
"00042c60","fde_00042c60","Global","Label","ANALYSIS",false,true
"00042c84","fde_00042c84","Global","Label","ANALYSIS",false,true
"00042cac","fde_00042cac","Global","Label","ANALYSIS",false,true
"00042cd4","fde_00042cd4","Global","Label","ANALYSIS",false,true
"00042cf8","fde_00042cf8","Global","Label","ANALYSIS",false,true
"00042d20","fde_00042d20","Global","Label","ANALYSIS",false,true
"00042d34","fde_00042d34","Global","Label","ANALYSIS",false,true
"00042d58","fde_00042d58","Global","Label","ANALYSIS",false,true
"00042d7c","fde_00042d7c","Global","Label","ANALYSIS",false,true
"00042da8","fde_00042da8","Global","Label","ANALYSIS",false,true
"00042dd4","fde_00042dd4","Global","Label","ANALYSIS",false,true
"00042de8","fde_00042de8","Global","Label","ANALYSIS",false,true
"00042e0c","fde_00042e0c","Global","Label","ANALYSIS",false,true
"00042e38","fde_00042e38","Global","Label","ANALYSIS",false,true
"00042e64","fde_00042e64","Global","Label","ANALYSIS",false,true
"00042e88","fde_00042e88","Global","Label","ANALYSIS",false,true
"00042ea8","fde_00042ea8","Global","Label","ANALYSIS",false,true
"00042ed8","fde_00042ed8","Global","Label","ANALYSIS",false,true
"00042f0c","fde_00042f0c","Global","Label","ANALYSIS",false,true
"00042f38","fde_00042f38","Global","Label","ANALYSIS",false,true
"00042f60","fde_00042f60","Global","Label","ANALYSIS",false,true
"00042fb0","fde_00042fb0","Global","Label","ANALYSIS",false,true
"00042fec","fde_00042fec","Global","Label","ANALYSIS",false,true
"00043024","fde_00043024","Global","Label","ANALYSIS",false,true
"0004306c","fde_0004306c","Global","Label","ANALYSIS",false,true
"00043080","fde_00043080","Global","Label","ANALYSIS",false,true
"00043094","fde_00043094","Global","Label","ANALYSIS",false,true
"000430a8","fde_000430a8","Global","Label","ANALYSIS",false,true
"000430bc","fde_000430bc","Global","Label","ANALYSIS",false,true
"000430dc","fde_000430dc","Global","Label","ANALYSIS",false,true
"000430fc","fde_000430fc","Global","Label","ANALYSIS",false,true
"00043110","fde_00043110","Global","Label","ANALYSIS",false,true
"00043124","fde_00043124","Global","Label","ANALYSIS",false,true
"00043138","fde_00043138","Global","Label","ANALYSIS",false,true
"0004315c","fde_0004315c","Global","Label","ANALYSIS",false,true
"00043180","fde_00043180","Global","Label","ANALYSIS",false,true
"000431a4","fde_000431a4","Global","Label","ANALYSIS",false,true
"000431cc","fde_000431cc","Global","Label","ANALYSIS",false,true
"000431f0","fde_000431f0","Global","Label","ANALYSIS",false,true
"00043218","fde_00043218","Global","Label","ANALYSIS",false,true
"0004323c","fde_0004323c","Global","Label","ANALYSIS",false,true
"00043264","fde_00043264","Global","Label","ANALYSIS",false,true
"00043269","DWORD_00043268+1","Global","Label","DEFAULT",false,true
"0004329b","BYTE_ARRAY_00043279[34]","Global","Label","DEFAULT",false,true
"0004329c","fde_0004329c","Global","Label","ANALYSIS",false,true
"000432c0","fde_000432c0","Global","Label","ANALYSIS",false,true
"000432e8","fde_000432e8","Global","Label","ANALYSIS",false,true
"00043308","fde_00043308","Global","Label","ANALYSIS",false,true
"0004331d","BYTE_ARRAY_00043319[4]","Global","Label","DEFAULT",false,true
"00043328","fde_00043328","Global","Label","ANALYSIS",false,true
"00043332","DWORD_00043330+2","Global","Label","DEFAULT",false,true
"0004334c","fde_0004334c","Global","Label","ANALYSIS",false,true
"00043370","fde_00043370","Global","Label","ANALYSIS",false,true
"00043383","BYTE_ARRAY_00043381[2]","Global","Label","DEFAULT",false,true
"0004338a","BYTE_ARRAY_00043381[9]","Global","Label","DEFAULT",false,true
"0004339c","fde_0004339c","Global","Label","ANALYSIS",false,true
"000433b8","BYTE_ARRAY_000433ad[11]","Global","Label","DEFAULT",false,true
"000433c0","fde_000433c0","Global","Label","ANALYSIS",false,true
"000433e4","fde_000433e4","Global","Label","ANALYSIS",false,true
"000433f6","BYTE_ARRAY_000433f5[1]","Global","Label","DEFAULT",false,true
"00043408","fde_00043408","Global","Label","ANALYSIS",false,true
"0004340b","fde_00043408+3","Global","Label","DEFAULT",false,true
"0004341f","BYTE_ARRAY_00043419[6]","Global","Label","DEFAULT",false,true
"0004342c","fde_0004342c","Global","Label","ANALYSIS",false,true
"00043450","fde_00043450","Global","Label","ANALYSIS",false,true
"00043474","fde_00043474","Global","Label","ANALYSIS",false,true
"00043498","fde_00043498","Global","Label","ANALYSIS",false,true
"000434bc","fde_000434bc","Global","Label","ANALYSIS",false,true
"000434f4","fde_000434f4","Global","Label","ANALYSIS",false,true
"0004352c","fde_0004352c","Global","Label","ANALYSIS",false,true
"00043550","fde_00043550","Global","Label","ANALYSIS",false,true
"00043574","fde_00043574","Global","Label","ANALYSIS",false,true
"000435a4","fde_000435a4","Global","Label","ANALYSIS",false,true
"000435b8","fde_000435b8","Global","Label","ANALYSIS",false,true
"000435dc","fde_000435dc","Global","Label","ANALYSIS",false,true
"000435f0","fde_000435f0","Global","Label","ANALYSIS",false,true
"00043604","fde_00043604","Global","Label","ANALYSIS",false,true
"00043618","fde_00043618","Global","Label","ANALYSIS",false,true
"00043650","fde_00043650","Global","Label","ANALYSIS",false,true
"00043674","fde_00043674","Global","Label","ANALYSIS",false,true
"00043691","BYTE_ARRAY_00043685[12]","Global","Label","DEFAULT",false,true
"00043698","fde_00043698","Global","Label","ANALYSIS",false,true
"000436c0","fde_000436c0","Global","Label","ANALYSIS",false,true
"000436da","BYTE_ARRAY_000436d1[9]","Global","Label","DEFAULT",false,true
"000436e8","fde_000436e8","Global","Label","ANALYSIS",false,true
"00043710","fde_00043710","Global","Label","ANALYSIS",false,true
"0004373c","fde_0004373c","Global","Label","ANALYSIS",false,true
"00043749","DWORD_00043748+1","Global","Label","DEFAULT",false,true
"00043760","fde_00043760","Global","Label","ANALYSIS",false,true
"0004378c","fde_0004378c","Global","Label","ANALYSIS",false,true
"000437b4","fde_000437b4","Global","Label","ANALYSIS",false,true
"000437d8","fde_000437d8","Global","Label","ANALYSIS",false,true
"000437fa","BYTE_ARRAY_000437e9[17]","Global","Label","DEFAULT",false,true
"00043800","fde_00043800","Global","Label","ANALYSIS",false,true
"0004381b","BYTE_ARRAY_00043811[10]","Global","Label","DEFAULT",false,true
"00043828","fde_00043828","Global","Label","ANALYSIS",false,true
"0004384c","fde_0004384c","Global","Label","ANALYSIS",false,true
"00043874","fde_00043874","Global","Label","ANALYSIS",false,true
"00043894","fde_00043894","Global","Label","ANALYSIS",false,true
"000438c0","fde_000438c0","Global","Label","ANALYSIS",false,true
"000438e8","fde_000438e8","Global","Label","ANALYSIS",false,true
"00043910","fde_00043910","Global","Label","ANALYSIS",false,true
"00043930","fde_00043930","Global","Label","ANALYSIS",false,true
"00043941","BYTE_ARRAY_00043941","Global","Label","DEFAULT",false,true
"00043954","fde_00043954","Global","Label","ANALYSIS",false,true
"00043989","BYTE_ARRAY_00043969[32]","Global","Label","DEFAULT",false,true
"0004398c","fde_0004398c","Global","Label","ANALYSIS",false,true
"00043990","DWORD_00043990","Global","Label","DEFAULT",false,true
"000439c4","fde_000439c4","Global","Label","ANALYSIS",false,true
"000439f3","BYTE_ARRAY_000439d5[30]","Global","Label","DEFAULT",false,true
"000439f4","fde_000439f4","Global","Label","ANALYSIS",false,true
"00043a1c","BYTE_ARRAY_00043a09[19]","Global","Label","DEFAULT",false,true
"00043a30","fde_00043a30","Global","Label","ANALYSIS",false,true
"00043a34","DWORD_00043a34","Global","Label","DEFAULT",false,true
"00043a54","BYTE_ARRAY_00043a41[19]","Global","Label","DEFAULT",false,true
"00043a59","BYTE_ARRAY_00043a41[24]","Global","Label","DEFAULT",false,true
"00043a5c","fde_00043a5c","Global","Label","ANALYSIS",false,true
"00043a6e","DWORD_00043a6d+1","Global","Label","DEFAULT",false,true
"00043a7b","BYTE_ARRAY_00043a71[10]","Global","Label","DEFAULT",false,true
"00043a98","fde_00043a98","Global","Label","ANALYSIS",false,true
"00043aa7","DWORD_00043aa4+3","Global","Label","DEFAULT",false,true
"00043ac0","fde_00043ac0","Global","Label","ANALYSIS",false,true
"00043ae8","fde_00043ae8","Global","Label","ANALYSIS",false,true
"00043b0c","fde_00043b0c","Global","Label","ANALYSIS",false,true
"00043b1f","BYTE_ARRAY_00043b1d[2]","Global","Label","DEFAULT",false,true
"00043b38","fde_00043b38","Global","Label","ANALYSIS",false,true
"00043b70","fde_00043b70","Global","Label","ANALYSIS",false,true
"00043bac","fde_00043bac","Global","Label","ANALYSIS",false,true
"00043bcc","BYTE_ARRAY_00043bc1[11]","Global","Label","DEFAULT",false,true
"00043bec","BYTE_ARRAY_00043bc1[43]","Global","Label","DEFAULT",false,true
"00043bfc","fde_00043bfc","Global","Label","ANALYSIS",false,true
"00043c0a","DWORD_00043c08+2","Global","Label","DEFAULT",false,true
"00043c18","fde_00043c18","Global","Label","ANALYSIS",false,true
"00043c3e","BYTE_ARRAY_00043c2d[17]","Global","Label","DEFAULT",false,true
"00043c50","fde_00043c50","Global","Label","ANALYSIS",false,true
"00043c57","DWORD_00043c54+3","Global","Label","DEFAULT",false,true
"00043c74","fde_00043c74","Global","Label","ANALYSIS",false,true
"00043c80","DWORD_00043c80","Global","Label","DEFAULT",false,true
"00043c98","BYTE_ARRAY_00043c89[15]","Global","Label","DEFAULT",false,true
"00043cb0","fde_00043cb0","Global","Label","ANALYSIS",false,true
"00043cb3","fde_00043cb0+3","Global","Label","DEFAULT",false,true
"00043cd2","BYTE_ARRAY_00043cc1[17]","Global","Label","DEFAULT",false,true
"00043cd4","fde_00043cd4","Global","Label","ANALYSIS",false,true
"00043cd7","fde_00043cd4+3","Global","Label","DEFAULT",false,true
"00043cec","BYTE_ARRAY_00043ce5[7]","Global","Label","DEFAULT",false,true
"00043cf9","BYTE_ARRAY_00043ce5[20]","Global","Label","DEFAULT",false,true
"00043d00","fde_00043d00","Global","Label","ANALYSIS",false,true
"00043d24","fde_00043d24","Global","Label","ANALYSIS",false,true
"00043d25","fde_00043d24+1","Global","Label","DEFAULT",false,true
"00043d48","fde_00043d48","Global","Label","ANALYSIS",false,true
"00043d6c","fde_00043d6c","Global","Label","ANALYSIS",false,true
"00043d94","fde_00043d94","Global","Label","ANALYSIS",false,true
"00043d9e","DWORD_00043d9c+2","Global","Label","DEFAULT",false,true
"00043db8","fde_00043db8","Global","Label","ANALYSIS",false,true
"00043dfc","fde_00043dfc","Global","Label","ANALYSIS",false,true
"00043e38","fde_00043e38","Global","Label","ANALYSIS",false,true
"00043e4b","DWORD_00043e49+2","Global","Label","DEFAULT",false,true
"00043e6b","BYTE_ARRAY_00043e4d[30]","Global","Label","DEFAULT",false,true
"00043e7c","fde_00043e7c","Global","Label","ANALYSIS",false,true
"00043e89","DWORD_00043e88+1","Global","Label","DEFAULT",false,true
"00043e9c","fde_00043e9c","Global","Label","ANALYSIS",false,true
"00043ebd","BYTE_ARRAY_00043ead[16]","Global","Label","DEFAULT",false,true
"00043ecc","fde_00043ecc","Global","Label","ANALYSIS",false,true
"00043ed6","DWORD_00043ed4+2","Global","Label","DEFAULT",false,true
"00043eff","BYTE_ARRAY_00043ee1[30]","Global","Label","DEFAULT",false,true
"00043f00","fde_00043f00","Global","Label","ANALYSIS",false,true
"00043f17","BYTE_ARRAY_00043f11[6]","Global","Label","DEFAULT",false,true
"00043f24","fde_00043f24","Global","Label","ANALYSIS",false,true
"00043f32","DWORD_00043f30+2","Global","Label","DEFAULT",false,true
"00043f48","fde_00043f48","Global","Label","ANALYSIS",false,true
"00043f51","DWORD_00043f50+1","Global","Label","DEFAULT",false,true
"00043f56","DWORD_00043f54+2","Global","Label","DEFAULT",false,true
"00043f6b","BYTE_ARRAY_00043f59[18]","Global","Label","DEFAULT",false,true
"00043f70","fde_00043f70","Global","Label","ANALYSIS",false,true
"00043f78","DWORD_00043f78","Global","Label","DEFAULT",false,true
"00043f94","fde_00043f94","Global","Label","ANALYSIS",false,true
"00043fa4","uleb128_00043fa4","Global","Label","DEFAULT",false,true
"00043fc8","fde_00043fc8","Global","Label","ANALYSIS",false,true
"00043fec","fde_00043fec","Global","Label","ANALYSIS",false,true
"00044000","BYTE_ARRAY_00043ffd[3]","Global","Label","DEFAULT",false,true
"0004400c","fde_0004400c","Global","Label","ANALYSIS",false,true
"0004401f","DWORD_0004401d+2","Global","Label","DEFAULT",false,true
"00044040","fde_00044040","Global","Label","ANALYSIS",false,true
"00044068","fde_00044068","Global","Label","ANALYSIS",false,true
"0004407c","fde_0004407c","Global","Label","ANALYSIS",false,true
"000440a0","fde_000440a0","Global","Label","ANALYSIS",false,true
"000440c0","fde_000440c0","Global","Label","ANALYSIS",false,true
"000440cc","DWORD_000440cc","Global","Label","DEFAULT",false,true
"000440dc","fde_000440dc","Global","Label","ANALYSIS",false,true
"000440ec","uleb128_000440ec","Global","Label","DEFAULT",false,true
"00044100","fde_00044100","Global","Label","ANALYSIS",false,true
"0004410a","DWORD_00044108+2","Global","Label","DEFAULT",false,true
"00044124","fde_00044124","Global","Label","ANALYSIS",false,true
"0004413e","BYTE_ARRAY_00044139[5]","Global","Label","DEFAULT",false,true
"00044157","BYTE_ARRAY_00044139[30]","Global","Label","DEFAULT",false,true
"00044178","fde_00044178","Global","Label","ANALYSIS",false,true
"00044180","DWORD_00044180","Global","Label","DEFAULT",false,true
"00044198","BYTE_ARRAY_00044189[15]","Global","Label","DEFAULT",false,true
"000441a8","fde_000441a8","Global","Label","ANALYSIS",false,true
"000441b3","DWORD_000441b0+3","Global","Label","DEFAULT",false,true
"000441d2","BYTE_ARRAY_000441b9[25]","Global","Label","DEFAULT",false,true
"000441d4","fde_000441d4","Global","Label","ANALYSIS",false,true
"000441d7","fde_000441d4+3","Global","Label","DEFAULT",false,true
"000441ec","BYTE_ARRAY_000441e5[7]","Global","Label","DEFAULT",false,true
"000441f8","fde_000441f8","Global","Label","ANALYSIS",false,true
"000441f9","fde_000441f8+1","Global","Label","DEFAULT",false,true
"00044224","fde_00044224","Global","Label","ANALYSIS",false,true
"0004423e","BYTE_ARRAY_00044235[9]","Global","Label","DEFAULT",false,true
"00044248","fde_00044248","Global","Label","ANALYSIS",false,true
"0004426c","fde_0004426c","Global","Label","ANALYSIS",false,true
"000442a8","fde_000442a8","Global","Label","ANALYSIS",false,true
"000442dd","BYTE_ARRAY_000442bd[32]","Global","Label","DEFAULT",false,true
"000442e0","fde_000442e0","Global","Label","ANALYSIS",false,true
"0004430c","fde_0004430c","Global","Label","ANALYSIS",false,true
"00044320","fde_00044320","Global","Label","ANALYSIS",false,true
"00044344","fde_00044344","Global","Label","ANALYSIS",false,true
"00044370","fde_00044370","Global","Label","ANALYSIS",false,true
"00044396","BYTE_ARRAY_00044381[21]","Global","Label","DEFAULT",false,true
"00044398","fde_00044398","Global","Label","ANALYSIS",false,true
"000443b1","BYTE_ARRAY_000443a9[8]","Global","Label","DEFAULT",false,true
"000443b8","fde_000443b8","Global","Label","ANALYSIS",false,true
"000443d5","BYTE_ARRAY_000443c9[12]","Global","Label","DEFAULT",false,true
"000443d8","fde_000443d8","Global","Label","ANALYSIS",false,true
"00044400","fde_00044400","Global","Label","ANALYSIS",false,true
"00044414","BYTE_ARRAY_00044411[3]","Global","Label","DEFAULT",false,true
"00044424","fde_00044424","Global","Label","ANALYSIS",false,true
"00044432","DWORD_00044430+2","Global","Label","DEFAULT",false,true
"0004444d","BYTE_ARRAY_00044435[24]","Global","Label","DEFAULT",false,true
"00044450","fde_00044450","Global","Label","ANALYSIS",false,true
"0004446d","BYTE_ARRAY_00044465[8]","Global","Label","DEFAULT",false,true
"00044484","fde_00044484","Global","Label","ANALYSIS",false,true
"00044487","fde_00044484+3","Global","Label","DEFAULT",false,true
"0004448c","DWORD_0004448c","Global","Label","DEFAULT",false,true
"0004449c","BYTE_ARRAY_00044495[7]","Global","Label","DEFAULT",false,true
"000444b4","fde_000444b4","Global","Label","ANALYSIS",false,true
"000444bb","DWORD_000444b8+3","Global","Label","DEFAULT",false,true
"000444d8","fde_000444d8","Global","Label","ANALYSIS",false,true
"000444f8","fde_000444f8","Global","Label","ANALYSIS",false,true
"000444f9","fde_000444f8+1","Global","Label","DEFAULT",false,true
"00044524","fde_00044524","Global","Label","ANALYSIS",false,true
"00044550","fde_00044550","Global","Label","ANALYSIS",false,true
"00044588","fde_00044588","Global","Label","ANALYSIS",false,true
"000445c0","BYTE_ARRAY_0004459d[35]","Global","Label","DEFAULT",false,true
"000445c4","fde_000445c4","Global","Label","ANALYSIS",false,true
"000445f0","fde_000445f0","Global","Label","ANALYSIS",false,true
"0004461c","fde_0004461c","Global","Label","ANALYSIS",false,true
"00044654","fde_00044654","Global","Label","ANALYSIS",false,true
"00044688","fde_00044688","Global","Label","ANALYSIS",false,true
"0004468f","DWORD_0004468c+3","Global","Label","DEFAULT",false,true
"000446aa","BYTE_ARRAY_0004469d[13]","Global","Label","DEFAULT",false,true
"000446c0","fde_000446c0","Global","Label","ANALYSIS",false,true
"000446ce","DWORD_000446cc+2","Global","Label","DEFAULT",false,true
"000446f0","fde_000446f0","Global","Label","ANALYSIS",false,true
"000446f9","DWORD_000446f8+1","Global","Label","DEFAULT",false,true
"0004470d","BYTE_ARRAY_00044701[12]","Global","Label","DEFAULT",false,true
"00044720","fde_00044720","Global","Label","ANALYSIS",false,true
"0004472e","DWORD_0004472c+2","Global","Label","DEFAULT",false,true
"00044734","fde_00044734","Global","Label","ANALYSIS",false,true
"00044749","BYTE_ARRAY_00044745[4]","Global","Label","DEFAULT",false,true
"0004475c","fde_0004475c","Global","Label","ANALYSIS",false,true
"00044769","DWORD_00044768+1","Global","Label","DEFAULT",false,true
"00044783","BYTE_ARRAY_0004476d[22]","Global","Label","DEFAULT",false,true
"00044784","fde_00044784","Global","Label","ANALYSIS",false,true
"00044788","DWORD_00044788","Global","Label","DEFAULT",false,true
"00044798","BYTE_ARRAY_00044795[3]","Global","Label","DEFAULT",false,true
"000447b0","fde_000447b0","Global","Label","ANALYSIS",false,true
"000447bd","DWORD_000447bc+1","Global","Label","DEFAULT",false,true
"000447d4","fde_000447d4","Global","Label","ANALYSIS",false,true
"000447f8","fde_000447f8","Global","Label","ANALYSIS",false,true
"000447fb","fde_000447f8+3","Global","Label","DEFAULT",false,true
"00044828","fde_00044828","Global","Label","ANALYSIS",false,true
"0004484c","fde_0004484c","Global","Label","ANALYSIS",false,true
"00044874","fde_00044874","Global","Label","ANALYSIS",false,true
"000448a0","fde_000448a0","Global","Label","ANALYSIS",false,true
"000448e4","fde_000448e4","Global","Label","ANALYSIS",false,true
"000448f2","DWORD_000448f0+2","Global","Label","DEFAULT",false,true
"00044914","fde_00044914","Global","Label","ANALYSIS",false,true
"00044934","fde_00044934","Global","Label","ANALYSIS",false,true
"00044948","fde_00044948","Global","Label","ANALYSIS",false,true
"0004495c","fde_0004495c","Global","Label","ANALYSIS",false,true
"00044970","fde_00044970","Global","Label","ANALYSIS",false,true
"00044984","fde_00044984","Global","Label","ANALYSIS",false,true
"00044998","fde_00044998","Global","Label","ANALYSIS",false,true
"000449a7","DWORD_000449a4+3","Global","Label","DEFAULT",false,true
"000449ac","fde_000449ac","Global","Label","ANALYSIS",false,true
"000449c0","fde_000449c0","Global","Label","ANALYSIS",false,true
"000449d4","fde_000449d4","Global","Label","ANALYSIS",false,true
"000449e8","fde_000449e8","Global","Label","ANALYSIS",false,true
"000449fc","fde_000449fc","Global","Label","ANALYSIS",false,true
"00044a10","fde_00044a10","Global","Label","ANALYSIS",false,true
"00044a1f","DWORD_00044a1c+3","Global","Label","DEFAULT",false,true
"00044a24","fde_00044a24","Global","Label","ANALYSIS",false,true
"00044a38","fde_00044a38","Global","Label","ANALYSIS",false,true
"00044a43","DWORD_00044a40+3","Global","Label","DEFAULT",false,true
"00044a4c","fde_00044a4c","Global","Label","ANALYSIS",false,true
"00044a60","fde_00044a60","Global","Label","ANALYSIS",false,true
"00044a6e","DWORD_00044a6c+2","Global","Label","DEFAULT",false,true
"00044a74","fde_00044a74","Global","Label","ANALYSIS",false,true
"00044a82","DWORD_00044a80+2","Global","Label","DEFAULT",false,true
"00044a88","fde_00044a88","Global","Label","ANALYSIS",false,true
"00044a9c","fde_00044a9c","Global","Label","ANALYSIS",false,true
"00044aa3","DWORD_00044aa0+3","Global","Label","DEFAULT",false,true
"00044ab0","fde_00044ab0","Global","Label","ANALYSIS",false,true
"00044abe","DWORD_00044abc+2","Global","Label","DEFAULT",false,true
"00044ac4","fde_00044ac4","Global","Label","ANALYSIS",false,true
"00044ad8","fde_00044ad8","Global","Label","ANALYSIS",false,true
"00044ade","DWORD_00044adc+2","Global","Label","DEFAULT",false,true
"00044aec","fde_00044aec","Global","Label","ANALYSIS",false,true
"00044af8","DWORD_00044af8","Global","Label","DEFAULT",false,true
"00044afd","BYTE_ARRAY_00044afd","Global","Label","DEFAULT",false,true
"00044b00","fde_00044b00","Global","Label","ANALYSIS",false,true
"00044b0d","DWORD_00044b0c+1","Global","Label","DEFAULT",false,true
"00044b14","fde_00044b14","Global","Label","ANALYSIS",false,true
"00044b28","fde_00044b28","Global","Label","ANALYSIS",false,true
"00044b32","DWORD_00044b30+2","Global","Label","DEFAULT",false,true
"00044b3c","fde_00044b3c","Global","Label","ANALYSIS",false,true
"00044b50","fde_00044b50","Global","Label","ANALYSIS",false,true
"00044b64","fde_00044b64","Global","Label","ANALYSIS",false,true
"00044b78","fde_00044b78","Global","Label","ANALYSIS",false,true
"00044b7d","DWORD_00044b7c+1","Global","Label","DEFAULT",false,true
"00044b8c","fde_00044b8c","Global","Label","ANALYSIS",false,true
"00044ba0","fde_00044ba0","Global","Label","ANALYSIS",false,true
"00044bb4","fde_00044bb4","Global","Label","ANALYSIS",false,true
"00044bc8","fde_00044bc8","Global","Label","ANALYSIS",false,true
"00044bdc","fde_00044bdc","Global","Label","ANALYSIS",false,true
"00044bf0","fde_00044bf0","Global","Label","ANALYSIS",false,true
"00044bf4","DWORD_00044bf4","Global","Label","DEFAULT",false,true
"00044c04","fde_00044c04","Global","Label","ANALYSIS",false,true
"00044c18","fde_00044c18","Global","Label","ANALYSIS",false,true
"00044c2c","fde_00044c2c","Global","Label","ANALYSIS",false,true
"00044c40","fde_00044c40","Global","Label","ANALYSIS",false,true
"00044c54","fde_00044c54","Global","Label","ANALYSIS",false,true
"00044c68","fde_00044c68","Global","Label","ANALYSIS",false,true
"00044c7c","fde_00044c7c","Global","Label","ANALYSIS",false,true
"00044c90","fde_00044c90","Global","Label","ANALYSIS",false,true
"00044ca4","fde_00044ca4","Global","Label","ANALYSIS",false,true
"00044cab","DWORD_00044ca8+3","Global","Label","DEFAULT",false,true
"00044cb8","fde_00044cb8","Global","Label","ANALYSIS",false,true
"00044cc6","DWORD_00044cc4+2","Global","Label","DEFAULT",false,true
"00044cdc","fde_00044cdc","Global","Label","ANALYSIS",false,true
"00044ce3","DWORD_00044ce0+3","Global","Label","DEFAULT",false,true
"00044d00","fde_00044d00","Global","Label","ANALYSIS",false,true
"00044d17","BYTE_ARRAY_00044d11[6]","Global","Label","DEFAULT",false,true
"00044d24","fde_00044d24","Global","Label","ANALYSIS",false,true
"00044d30","DWORD_00044d30","Global","Label","DEFAULT",false,true
"00044d48","fde_00044d48","Global","Label","ANALYSIS",false,true
"00044d5d","BYTE_ARRAY_00044d59[4]","Global","Label","DEFAULT",false,true
"00044d75","BYTE_ARRAY_00044d59[28]","Global","Label","DEFAULT",false,true
"00044d78","fde_00044d78","Global","Label","ANALYSIS",false,true
"00044d8b","BYTE_ARRAY_00044d89[2]","Global","Label","DEFAULT",false,true
"00044d9c","fde_00044d9c","Global","Label","ANALYSIS",false,true
"00044daa","DWORD_00044da8+2","Global","Label","DEFAULT",false,true
"00044daf","BYTE_ARRAY_00044dad[2]","Global","Label","DEFAULT",false,true
"00044dc0","fde_00044dc0","Global","Label","ANALYSIS",false,true
"00044dc4","DWORD_00044dc4","Global","Label","DEFAULT",false,true
"00044dd9","BYTE_ARRAY_00044dd1[8]","Global","Label","DEFAULT",false,true
"00044de4","fde_00044de4","Global","Label","ANALYSIS",false,true
"00044e08","fde_00044e08","Global","Label","ANALYSIS",false,true
"00044e0b","fde_00044e08+3","Global","Label","DEFAULT",false,true
"00044e38","fde_00044e38","Global","Label","ANALYSIS",false,true
"00044e64","fde_00044e64","Global","Label","ANALYSIS",false,true
"00044e90","fde_00044e90","Global","Label","ANALYSIS",false,true
"00044ea6","BYTE_ARRAY_00044ea1[5]","Global","Label","DEFAULT",false,true
"00044eb8","fde_00044eb8","Global","Label","ANALYSIS",false,true
"00044ee4","fde_00044ee4","Global","Label","ANALYSIS",false,true
"00044f08","fde_00044f08","Global","Label","ANALYSIS",false,true
"00044f2c","fde_00044f2c","Global","Label","ANALYSIS",false,true
"00044f50","fde_00044f50","Global","Label","ANALYSIS",false,true
"00044f67","BYTE_ARRAY_00044f61[6]","Global","Label","DEFAULT",false,true
"00044f74","fde_00044f74","Global","Label","ANALYSIS",false,true
"00044f82","DWORD_00044f80+2","Global","Label","DEFAULT",false,true
"00044f9f","BYTE_ARRAY_00044f85[26]","Global","Label","DEFAULT",false,true
"00044fa4","fde_00044fa4","Global","Label","ANALYSIS",false,true
"00044fd0","fde_00044fd0","Global","Label","ANALYSIS",false,true
"00044fd3","fde_00044fd0+3","Global","Label","DEFAULT",false,true
"00044fec","BYTE_ARRAY_00044fe1[11]","Global","Label","DEFAULT",false,true
"00045000","fde_00045000","Global","Label","ANALYSIS",false,true
"0004500c","DWORD_0004500c","Global","Label","DEFAULT",false,true
"00045024","BYTE_ARRAY_00045011[19]","Global","Label","DEFAULT",false,true
"0004503a","BYTE_ARRAY_00045011[41]","Global","Label","DEFAULT",false,true
"0004503c","fde_0004503c","Global","Label","ANALYSIS",false,true
"00045059","BYTE_ARRAY_0004504d[12]","Global","Label","DEFAULT",false,true
"0004505e","BYTE_ARRAY_0004504d[17]","Global","Label","DEFAULT",false,true
"0004506c","fde_0004506c","Global","Label","ANALYSIS",false,true
"00045073","DWORD_00045070+3","Global","Label","DEFAULT",false,true
"00045088","BYTE_ARRAY_0004507d[11]","Global","Label","DEFAULT",false,true
"0004508c","fde_0004508c","Global","Label","ANALYSIS",false,true
"000450b4","fde_000450b4","Global","Label","ANALYSIS",false,true
"000450ba","DWORD_000450b8+2","Global","Label","DEFAULT",false,true
"000450d8","fde_000450d8","Global","Label","ANALYSIS",false,true
"000450fc","fde_000450fc","Global","Label","ANALYSIS",false,true
"00045120","fde_00045120","Global","Label","ANALYSIS",false,true
"00045140","fde_00045140","Global","Label","ANALYSIS",false,true
"00045154","fde_00045154","Global","Label","ANALYSIS",false,true
"0004516e","BYTE_ARRAY_00045165[9]","Global","Label","DEFAULT",false,true
"0004517c","fde_0004517c","Global","Label","ANALYSIS",false,true
"000451a4","fde_000451a4","Global","Label","ANALYSIS",false,true
"000451cc","fde_000451cc","Global","Label","ANALYSIS",false,true
"000451ec","fde_000451ec","Global","Label","ANALYSIS",false,true
"0004520c","fde_0004520c","Global","Label","ANALYSIS",false,true
"0004520d","fde_0004520c+1","Global","Label","DEFAULT",false,true
"0004523c","fde_0004523c","Global","Label","ANALYSIS",false,true
"0004525d","BYTE_ARRAY_0004524d[16]","Global","Label","DEFAULT",false,true
"00045260","fde_00045260","Global","Label","ANALYSIS",false,true
"0004527a","BYTE_ARRAY_00045271[9]","Global","Label","DEFAULT",false,true
"00045280","fde_00045280","Global","Label","ANALYSIS",false,true
"000452a0","fde_000452a0","Global","Label","ANALYSIS",false,true
"000452ae","DWORD_000452ac+2","Global","Label","DEFAULT",false,true
"000452c0","fde_000452c0","Global","Label","ANALYSIS",false,true
"000452c7","DWORD_000452c4+3","Global","Label","DEFAULT",false,true
"000452e4","fde_000452e4","Global","Label","ANALYSIS",false,true
"000452e7","fde_000452e4+3","Global","Label","DEFAULT",false,true
"000452ff","BYTE_ARRAY_000452f5[10]","Global","Label","DEFAULT",false,true
"00045308","fde_00045308","Global","Label","ANALYSIS",false,true
"00045315","DWORD_00045314+1","Global","Label","DEFAULT",false,true
"0004532c","fde_0004532c","Global","Label","ANALYSIS",false,true
"00045334","DWORD_00045334","Global","Label","DEFAULT",false,true
"00045339","DWORD_00045338+1","Global","Label","DEFAULT",false,true
"0004534e","BYTE_ARRAY_0004533d[17]","Global","Label","DEFAULT",false,true
"00045350","fde_00045350","Global","Label","ANALYSIS",false,true
"00045363","BYTE_ARRAY_00045361[2]","Global","Label","DEFAULT",false,true
"00045374","fde_00045374","Global","Label","ANALYSIS",false,true
"00045398","fde_00045398","Global","Label","ANALYSIS",false,true
"000453a8","uleb128_000453a8","Global","Label","DEFAULT",false,true
"000453b8","fde_000453b8","Global","Label","ANALYSIS",false,true
"000453dc","fde_000453dc","Global","Label","ANALYSIS",false,true
"00045404","fde_00045404","Global","Label","ANALYSIS",false,true
"00045430","fde_00045430","Global","Label","ANALYSIS",false,true
"0004545c","fde_0004545c","Global","Label","ANALYSIS",false,true
"00045488","fde_00045488","Global","Label","ANALYSIS",false,true
"000454a3","BYTE_ARRAY_00045499[10]","Global","Label","DEFAULT",false,true
"000454ac","fde_000454ac","Global","Label","ANALYSIS",false,true
"000454d0","fde_000454d0","Global","Label","ANALYSIS",false,true
"0004550c","fde_0004550c","Global","Label","ANALYSIS",false,true
"0004552c","fde_0004552c","Global","Label","ANALYSIS",false,true
"00045540","fde_00045540","Global","Label","ANALYSIS",false,true
"00045564","fde_00045564","Global","Label","ANALYSIS",false,true
"0004556c","DWORD_0004556c","Global","Label","DEFAULT",false,true
"00045578","fde_00045578","Global","Label","ANALYSIS",false,true
"00045587","DWORD_00045584+3","Global","Label","DEFAULT",false,true
"000455a8","fde_000455a8","Global","Label","ANALYSIS",false,true
"000455ab","fde_000455a8+3","Global","Label","DEFAULT",false,true
"000455d6","BYTE_ARRAY_000455b9[29]","Global","Label","DEFAULT",false,true
"000455e4","fde_000455e4","Global","Label","ANALYSIS",false,true
"000455ea","DWORD_000455e8+2","Global","Label","DEFAULT",false,true
"00045608","fde_00045608","Global","Label","ANALYSIS",false,true
"00045623","BYTE_ARRAY_00045619[10]","Global","Label","DEFAULT",false,true
"00045634","fde_00045634","Global","Label","ANALYSIS",false,true
"00045643","DWORD_00045640+3","Global","Label","DEFAULT",false,true
"00045654","fde_00045654","Global","Label","ANALYSIS",false,true
"0004565d","DWORD_0004565c+1","Global","Label","DEFAULT",false,true
"00045662","DWORD_00045660+2","Global","Label","DEFAULT",false,true
"00045672","BYTE_ARRAY_00045665[13]","Global","Label","DEFAULT",false,true
"0004567c","fde_0004567c","Global","Label","ANALYSIS",false,true
"00045691","BYTE_ARRAY_0004568d[4]","Global","Label","DEFAULT",false,true
"000456a8","fde_000456a8","Global","Label","ANALYSIS",false,true
"000456c8","fde_000456c8","Global","Label","ANALYSIS",false,true
"000456ca","fde_000456c8+2","Global","Label","DEFAULT",false,true
"000456dc","fde_000456dc","Global","Label","ANALYSIS",false,true
"00045708","fde_00045708","Global","Label","ANALYSIS",false,true
"00045744","fde_00045744","Global","Label","ANALYSIS",false,true
"00045770","fde_00045770","Global","Label","ANALYSIS",false,true
"00045798","fde_00045798","Global","Label","ANALYSIS",false,true
"000457ac","fde_000457ac","Global","Label","ANALYSIS",false,true
"000457b5","DWORD_000457b4+1","Global","Label","DEFAULT",false,true
"000457d8","fde_000457d8","Global","Label","ANALYSIS",false,true
"00045804","fde_00045804","Global","Label","ANALYSIS",false,true
"0004582c","fde_0004582c","Global","Label","ANALYSIS",false,true
"00045854","fde_00045854","Global","Label","ANALYSIS",false,true
"0004586c","BYTE_ARRAY_00045865[7]","Global","Label","DEFAULT",false,true
"0004587c","fde_0004587c","Global","Label","ANALYSIS",false,true
"00045887","DWORD_00045884+3","Global","Label","DEFAULT",false,true
"000458a4","BYTE_ARRAY_0004588d[23]","Global","Label","DEFAULT",false,true
"000458a8","fde_000458a8","Global","Label","ANALYSIS",false,true
"000458d4","fde_000458d4","Global","Label","ANALYSIS",false,true
"000458d8","DWORD_000458d8","Global","Label","DEFAULT",false,true
"000458f1","BYTE_ARRAY_000458e5[12]","Global","Label","DEFAULT",false,true
"000458f8","fde_000458f8","Global","Label","ANALYSIS",false,true
"00045911","BYTE_ARRAY_00045909[8]","Global","Label","DEFAULT",false,true
"00045928","fde_00045928","Global","Label","ANALYSIS",false,true
"00045929","fde_00045928+1","Global","Label","DEFAULT",false,true
"0004593c","fde_0004593c","Global","Label","ANALYSIS",false,true
"0004593f","fde_0004593c+3","Global","Label","DEFAULT",false,true
"0004595e","BYTE_ARRAY_0004594d[17]","Global","Label","DEFAULT",false,true
"00045963","BYTE_ARRAY_0004594d[22]","Global","Label","DEFAULT",false,true
"0004596c","fde_0004596c","Global","Label","ANALYSIS",false,true
"00045978","DWORD_00045978","Global","Label","DEFAULT",false,true
"0004598a","BYTE_ARRAY_0004597d[13]","Global","Label","DEFAULT",false,true
"0004598c","fde_0004598c","Global","Label","ANALYSIS",false,true
"000459a0","fde_000459a0","Global","Label","ANALYSIS",false,true
"000459c0","fde_000459c0","Global","Label","ANALYSIS",false,true
"000459c3","fde_000459c0+3","Global","Label","DEFAULT",false,true
"000459f0","fde_000459f0","Global","Label","ANALYSIS",false,true
"00045a20","fde_00045a20","Global","Label","ANALYSIS",false,true
"00045a44","fde_00045a44","Global","Label","ANALYSIS",false,true
"00045a74","fde_00045a74","Global","Label","ANALYSIS",false,true
"00045aa4","fde_00045aa4","Global","Label","ANALYSIS",false,true
"00045ab3","DWORD_00045ab0+3","Global","Label","DEFAULT",false,true
"00045acc","fde_00045acc","Global","Label","ANALYSIS",false,true
"00045af8","fde_00045af8","Global","Label","ANALYSIS",false,true
"00045b24","fde_00045b24","Global","Label","ANALYSIS",false,true
"00045b50","fde_00045b50","Global","Label","ANALYSIS",false,true
"00045b52","fde_00045b50+2","Global","Label","DEFAULT",false,true
"00045b7c","fde_00045b7c","Global","Label","ANALYSIS",false,true
"00045b8a","DWORD_00045b88+2","Global","Label","DEFAULT",false,true
"00045ba7","BYTE_ARRAY_00045b8d[26]","Global","Label","DEFAULT",false,true
"00045ba8","fde_00045ba8","Global","Label","ANALYSIS",false,true
"00045bd4","fde_00045bd4","Global","Label","ANALYSIS",false,true
"00045bdb","DWORD_00045bd8+3","Global","Label","DEFAULT",false,true
"00045bf4","BYTE_ARRAY_00045be5[15]","Global","Label","DEFAULT",false,true
"00045bfc","fde_00045bfc","Global","Label","ANALYSIS",false,true
"00045c14","BYTE_ARRAY_00045c0d[7]","Global","Label","DEFAULT",false,true
"00045c24","fde_00045c24","Global","Label","ANALYSIS",false,true
"00045c2c","DWORD_00045c2c","Global","Label","DEFAULT",false,true
"00045c42","BYTE_ARRAY_00045c35[13]","Global","Label","DEFAULT",false,true
"00045c54","fde_00045c54","Global","Label","ANALYSIS",false,true
"00045c61","DWORD_00045c60+1","Global","Label","DEFAULT",false,true
"00045c66","BYTE_ARRAY_00045c65[1]","Global","Label","DEFAULT",false,true
"00045c7b","BYTE_ARRAY_00045c65[22]","Global","Label","DEFAULT",false,true
"00045c7c","fde_00045c7c","Global","Label","ANALYSIS",false,true
"00045c8d","BYTE_ARRAY_00045c8d","Global","Label","DEFAULT",false,true
"00045ca8","fde_00045ca8","Global","Label","ANALYSIS",false,true
"00045ccb","BYTE_ARRAY_00045cb9[18]","Global","Label","DEFAULT",false,true
"00045cd4","fde_00045cd4","Global","Label","ANALYSIS",false,true
"00045cfc","fde_00045cfc","Global","Label","ANALYSIS",false,true
"00045d24","fde_00045d24","Global","Label","ANALYSIS",false,true
"00045d54","fde_00045d54","Global","Label","ANALYSIS",false,true
"00045d6e","BYTE_ARRAY_00045d65[9]","Global","Label","DEFAULT",false,true
"00045d84","fde_00045d84","Global","Label","ANALYSIS",false,true
"00045db4","fde_00045db4","Global","Label","ANALYSIS",false,true
"00045de0","fde_00045de0","Global","Label","ANALYSIS",false,true
"00045e0c","fde_00045e0c","Global","Label","ANALYSIS",false,true
"00045e37","BYTE_ARRAY_00045e1d[26]","Global","Label","DEFAULT",false,true
"00045e3c","fde_00045e3c","Global","Label","ANALYSIS",false,true
"00045e52","BYTE_ARRAY_00045e4d[5]","Global","Label","DEFAULT",false,true
"00045e68","fde_00045e68","Global","Label","ANALYSIS",false,true
"00045e76","DWORD_00045e74+2","Global","Label","DEFAULT",false,true
"00045e94","fde_00045e94","Global","Label","ANALYSIS",false,true
"00045ea1","DWORD_00045ea0+1","Global","Label","DEFAULT",false,true
"00045eb5","BYTE_ARRAY_00045ea5[16]","Global","Label","DEFAULT",false,true
"00045ec4","fde_00045ec4","Global","Label","ANALYSIS",false,true
"00045ed3","DWORD_00045ed0+3","Global","Label","DEFAULT",false,true
"00045eee","BYTE_ARRAY_00045ed5[25]","Global","Label","DEFAULT",false,true
"00045ef4","fde_00045ef4","Global","Label","ANALYSIS",false,true
"00045f0e","BYTE_ARRAY_00045f05[9]","Global","Label","DEFAULT",false,true
"00045f20","fde_00045f20","Global","Label","ANALYSIS",false,true
"00045f28","DWORD_00045f28","Global","Label","DEFAULT",false,true
"00045f2d","DWORD_00045f2c+1","Global","Label","DEFAULT",false,true
"00045f3d","BYTE_ARRAY_00045f31[12]","Global","Label","DEFAULT",false,true
"00045f4c","fde_00045f4c","Global","Label","ANALYSIS",false,true
"00045f5e","BYTE_ARRAY_00045f5d[1]","Global","Label","DEFAULT",false,true
"00045f78","fde_00045f78","Global","Label","ANALYSIS",false,true
"00045f9c","BYTE_ARRAY_00045f89[19]","Global","Label","DEFAULT",false,true
"00045fa8","fde_00045fa8","Global","Label","ANALYSIS",false,true
"00045fd4","fde_00045fd4","Global","Label","ANALYSIS",false,true
"00046000","fde_00046000","Global","Label","ANALYSIS",false,true
"0004602c","fde_0004602c","Global","Label","ANALYSIS",false,true
"00046041","BYTE_ARRAY_0004603d[4]","Global","Label","DEFAULT",false,true
"00046058","fde_00046058","Global","Label","ANALYSIS",false,true
"00046084","fde_00046084","Global","Label","ANALYSIS",false,true
"000460b4","fde_000460b4","Global","Label","ANALYSIS",false,true
"000460e4","fde_000460e4","Global","Label","ANALYSIS",false,true
"000460fa","BYTE_ARRAY_000460f5[5]","Global","Label","DEFAULT",false,true
"00046108","fde_00046108","Global","Label","ANALYSIS",false,true
"00046115","DWORD_00046114+1","Global","Label","DEFAULT",false,true
"00046134","fde_00046134","Global","Label","ANALYSIS",false,true
"00046139","DWORD_00046138+1","Global","Label","DEFAULT",false,true
"00046160","fde_00046160","Global","Label","ANALYSIS",false,true
"00046164","DWORD_00046164","Global","Label","DEFAULT",false,true
"00046178","BYTE_ARRAY_00046171[7]","Global","Label","DEFAULT",false,true
"00046184","fde_00046184","Global","Label","ANALYSIS",false,true
"00046196","BYTE_ARRAY_00046195[1]","Global","Label","DEFAULT",false,true
"000461b1","BYTE_ARRAY_00046195[28]","Global","Label","DEFAULT",false,true
"000461b4","fde_000461b4","Global","Label","ANALYSIS",false,true
"000461d1","BYTE_ARRAY_000461c5[12]","Global","Label","DEFAULT",false,true
"000461e4","fde_000461e4","Global","Label","ANALYSIS",false,true
"000461eb","DWORD_000461e8+3","Global","Label","DEFAULT",false,true
"000461f0","DWORD_000461f0","Global","Label","DEFAULT",false,true
"00046200","BYTE_ARRAY_000461f5[11]","Global","Label","DEFAULT",false,true
"00046214","fde_00046214","Global","Label","ANALYSIS",false,true
"00046221","DWORD_00046220+1","Global","Label","DEFAULT",false,true
"00046240","fde_00046240","Global","Label","ANALYSIS",false,true
"00046252","BYTE_ARRAY_00046251[1]","Global","Label","DEFAULT",false,true
"0004626c","fde_0004626c","Global","Label","ANALYSIS",false,true
"00046298","fde_00046298","Global","Label","ANALYSIS",false,true
"000462c4","fde_000462c4","Global","Label","ANALYSIS",false,true
"000462f0","fde_000462f0","Global","Label","ANALYSIS",false,true
"00046320","fde_00046320","Global","Label","ANALYSIS",false,true
"00046339","BYTE_ARRAY_00046331[8]","Global","Label","DEFAULT",false,true
"0004634c","fde_0004634c","Global","Label","ANALYSIS",false,true
"00046378","fde_00046378","Global","Label","ANALYSIS",false,true
"000463a4","fde_000463a4","Global","Label","ANALYSIS",false,true
"000463d0","fde_000463d0","Global","Label","ANALYSIS",false,true
"000463fc","fde_000463fc","Global","Label","ANALYSIS",false,true
"00046417","BYTE_ARRAY_0004640d[10]","Global","Label","DEFAULT",false,true
"00046428","fde_00046428","Global","Label","ANALYSIS",false,true
"0004643b","BYTE_ARRAY_00046439[2]","Global","Label","DEFAULT",false,true
"00046454","fde_00046454","Global","Label","ANALYSIS",false,true
"00046466","BYTE_ARRAY_00046465[1]","Global","Label","DEFAULT",false,true
"0004647a","BYTE_ARRAY_00046465[21]","Global","Label","DEFAULT",false,true
"00046484","fde_00046484","Global","Label","ANALYSIS",false,true
"00046498","BYTE_ARRAY_00046495[3]","Global","Label","DEFAULT",false,true
"000464a8","fde_000464a8","Global","Label","ANALYSIS",false,true
"000464b3","DWORD_000464b0+3","Global","Label","DEFAULT",false,true
"000464c8","fde_000464c8","Global","Label","ANALYSIS",false,true
"000464d3","DWORD_000464d0+3","Global","Label","DEFAULT",false,true
"000464ed","BYTE_ARRAY_000464d9[20]","Global","Label","DEFAULT",false,true
"000464f2","BYTE_ARRAY_000464d9[25]","Global","Label","DEFAULT",false,true
"000464f8","fde_000464f8","Global","Label","ANALYSIS",false,true
"00046502","DWORD_00046500+2","Global","Label","DEFAULT",false,true
"00046523","BYTE_ARRAY_00046509[26]","Global","Label","DEFAULT",false,true
"00046524","fde_00046524","Global","Label","ANALYSIS",false,true
"00046554","fde_00046554","Global","Label","ANALYSIS",false,true
"00046568","fde_00046568","Global","Label","ANALYSIS",false,true
"0004657c","fde_0004657c","Global","Label","ANALYSIS",false,true
"00046590","fde_00046590","Global","Label","ANALYSIS",false,true
"000465b0","fde_000465b0","Global","Label","ANALYSIS",false,true
"000465d0","fde_000465d0","Global","Label","ANALYSIS",false,true
"000465e4","fde_000465e4","Global","Label","ANALYSIS",false,true
"00046608","fde_00046608","Global","Label","ANALYSIS",false,true
"0004661c","fde_0004661c","Global","Label","ANALYSIS",false,true
"00046639","BYTE_ARRAY_0004662d[12]","Global","Label","DEFAULT",false,true
"00046644","fde_00046644","Global","Label","ANALYSIS",false,true
"0004666c","fde_0004666c","Global","Label","ANALYSIS",false,true
"00046698","fde_00046698","Global","Label","ANALYSIS",false,true
"000466c4","fde_000466c4","Global","Label","ANALYSIS",false,true
"000466ec","fde_000466ec","Global","Label","ANALYSIS",false,true
"000466fc","uleb128_000466fc","Global","Label","DEFAULT",false,true
"00046717","BYTE_ARRAY_000466fd[26]","Global","Label","DEFAULT",false,true
"00046718","fde_00046718","Global","Label","ANALYSIS",false,true
"0004673b","BYTE_ARRAY_00046729[18]","Global","Label","DEFAULT",false,true
"00046740","fde_00046740","Global","Label","ANALYSIS",false,true
"00046766","BYTE_ARRAY_00046751[21]","Global","Label","DEFAULT",false,true
"00046768","fde_00046768","Global","Label","ANALYSIS",false,true
"0004677a","BYTE_ARRAY_00046779[1]","Global","Label","DEFAULT",false,true
"00046794","fde_00046794","Global","Label","ANALYSIS",false,true
"00046798","DWORD_00046798","Global","Label","DEFAULT",false,true
"000467b3","BYTE_ARRAY_000467a5[14]","Global","Label","DEFAULT",false,true
"000467bc","fde_000467bc","Global","Label","ANALYSIS",false,true
"000467d3","BYTE_ARRAY_000467cd[6]","Global","Label","DEFAULT",false,true
"000467e8","fde_000467e8","Global","Label","ANALYSIS",false,true
"000467ed","DWORD_000467ec+1","Global","Label","DEFAULT",false,true
"000467f2","DWORD_000467f0+2","Global","Label","DEFAULT",false,true
"00046802","BYTE_ARRAY_000467f9[9]","Global","Label","DEFAULT",false,true
"00046810","fde_00046810","Global","Label","ANALYSIS",false,true
"00046824","BYTE_ARRAY_00046821[3]","Global","Label","DEFAULT",false,true
"0004683c","fde_0004683c","Global","Label","ANALYSIS",false,true
"00046868","fde_00046868","Global","Label","ANALYSIS",false,true
"0004686b","fde_00046868+3","Global","Label","DEFAULT",false,true
"00046883","BYTE_ARRAY_00046879[10]","Global","Label","DEFAULT",false,true
"00046890","fde_00046890","Global","Label","ANALYSIS",false,true
"000468b8","fde_000468b8","Global","Label","ANALYSIS",false,true
"000468cc","fde_000468cc","Global","Label","ANALYSIS",false,true
"000468e0","fde_000468e0","Global","Label","ANALYSIS",false,true
"000468e2","fde_000468e0+2","Global","Label","DEFAULT",false,true
"000468e7","DWORD_000468e4+3","Global","Label","DEFAULT",false,true
"000468fa","BYTE_ARRAY_000468f1[9]","Global","Label","DEFAULT",false,true
"00046908","fde_00046908","Global","Label","ANALYSIS",false,true
"0004690b","fde_00046908+3","Global","Label","DEFAULT",false,true
"00046910","DWORD_00046910","Global","Label","DEFAULT",false,true
"00046930","fde_00046930","Global","Label","ANALYSIS",false,true
"00046950","BYTE_ARRAY_00046941[15]","Global","Label","DEFAULT",false,true
"0004695c","fde_0004695c","Global","Label","ANALYSIS",false,true
"00046984","fde_00046984","Global","Label","ANALYSIS",false,true
"000469b0","fde_000469b0","Global","Label","ANALYSIS",false,true
"000469dc","fde_000469dc","Global","Label","ANALYSIS",false,true
"000469fd","BYTE_ARRAY_000469ed[16]","Global","Label","DEFAULT",false,true
"00046a04","fde_00046a04","Global","Label","ANALYSIS",false,true
"00046a30","fde_00046a30","Global","Label","ANALYSIS",false,true
"00046a60","fde_00046a60","Global","Label","ANALYSIS",false,true
"00046a88","fde_00046a88","Global","Label","ANALYSIS",false,true
"00046aaf","BYTE_ARRAY_00046a99[22]","Global","Label","DEFAULT",false,true
"00046ab4","fde_00046ab4","Global","Label","ANALYSIS",false,true
"00046ad8","fde_00046ad8","Global","Label","ANALYSIS",false,true
"00046b04","fde_00046b04","Global","Label","ANALYSIS",false,true
"00046b0e","DWORD_00046b0c+2","Global","Label","DEFAULT",false,true
"00046b25","BYTE_ARRAY_00046b15[16]","Global","Label","DEFAULT",false,true
"00046b34","fde_00046b34","Global","Label","ANALYSIS",false,true
"00046b5c","fde_00046b5c","Global","Label","ANALYSIS",false,true
"00046b7d","BYTE_ARRAY_00046b6d[16]","Global","Label","DEFAULT",false,true
"00046b88","fde_00046b88","Global","Label","ANALYSIS",false,true
"00046bb8","fde_00046bb8","Global","Label","ANALYSIS",false,true
"00046bcc","BYTE_ARRAY_00046bc9[3]","Global","Label","DEFAULT",false,true
"00046be4","fde_00046be4","Global","Label","ANALYSIS",false,true
"00046bf3","DWORD_00046bf0+3","Global","Label","DEFAULT",false,true
"00046c14","fde_00046c14","Global","Label","ANALYSIS",false,true
"00046c3c","fde_00046c3c","Global","Label","ANALYSIS",false,true
"00046c68","fde_00046c68","Global","Label","ANALYSIS",false,true
"00046c94","fde_00046c94","Global","Label","ANALYSIS",false,true
"00046cae","BYTE_ARRAY_00046ca5[9]","Global","Label","DEFAULT",false,true
"00046cc0","fde_00046cc0","Global","Label","ANALYSIS",false,true
"00046cd8","BYTE_ARRAY_00046cd1[7]","Global","Label","DEFAULT",false,true
"00046cec","fde_00046cec","Global","Label","ANALYSIS",false,true
"00046cfd","BYTE_ARRAY_00046cfd","Global","Label","DEFAULT",false,true
"00046d18","fde_00046d18","Global","Label","ANALYSIS",false,true
"00046d40","fde_00046d40","Global","Label","ANALYSIS",false,true
"00046d50","uleb128_00046d50","Global","Label","DEFAULT",false,true
"00046d6c","fde_00046d6c","Global","Label","ANALYSIS",false,true
"00046d6e","fde_00046d6c+2","Global","Label","DEFAULT",false,true
"00046d98","fde_00046d98","Global","Label","ANALYSIS",false,true
"00046dc0","fde_00046dc0","Global","Label","ANALYSIS",false,true
"00046dc3","fde_00046dc0+3","Global","Label","DEFAULT",false,true
"00046de8","fde_00046de8","Global","Label","ANALYSIS",false,true
"00046e10","fde_00046e10","Global","Label","ANALYSIS",false,true
"00046e31","BYTE_ARRAY_00046e21[16]","Global","Label","DEFAULT",false,true
"00046e36","BYTE_ARRAY_00046e21[21]","Global","Label","DEFAULT",false,true
"00046e3c","fde_00046e3c","Global","Label","ANALYSIS",false,true
"00046e64","fde_00046e64","Global","Label","ANALYSIS",false,true
"00046e72","DWORD_00046e70+2","Global","Label","DEFAULT",false,true
"00046e90","fde_00046e90","Global","Label","ANALYSIS",false,true
"00046e93","fde_00046e90+3","Global","Label","DEFAULT",false,true
"00046eb8","fde_00046eb8","Global","Label","ANALYSIS",false,true
"00046ee0","fde_00046ee0","Global","Label","ANALYSIS",false,true
"00046f0c","fde_00046f0c","Global","Label","ANALYSIS",false,true
"00046f12","DWORD_00046f10+2","Global","Label","DEFAULT",false,true
"00046f34","fde_00046f34","Global","Label","ANALYSIS",false,true
"00046f5c","fde_00046f5c","Global","Label","ANALYSIS",false,true
"00046f8c","fde_00046f8c","Global","Label","ANALYSIS",false,true
"00046f94","DWORD_00046f94","Global","Label","DEFAULT",false,true
"00046f9b","DWORD_00046f98+3","Global","Label","DEFAULT",false,true
"00046fb8","fde_00046fb8","Global","Label","ANALYSIS",false,true
"00046fe4","fde_00046fe4","Global","Label","ANALYSIS",false,true
"00047005","BYTE_ARRAY_00046ff5[16]","Global","Label","DEFAULT",false,true
"0004700c","fde_0004700c","Global","Label","ANALYSIS",false,true
"00047032","BYTE_ARRAY_0004701d[21]","Global","Label","DEFAULT",false,true
"00047038","fde_00047038","Global","Label","ANALYSIS",false,true
"0004704c","fde_0004704c","Global","Label","ANALYSIS",false,true
"0004704e","fde_0004704c+2","Global","Label","DEFAULT",false,true
"00047060","fde_00047060","Global","Label","ANALYSIS",false,true
"0004706d","DWORD_0004706c+1","Global","Label","DEFAULT",false,true
"00047072","BYTE_ARRAY_00047071[1]","Global","Label","DEFAULT",false,true
"00047087","BYTE_ARRAY_00047071[22]","Global","Label","DEFAULT",false,true
"0004708c","fde_0004708c","Global","Label","ANALYSIS",false,true
"000470b8","fde_000470b8","Global","Label","ANALYSIS",false,true
"000470e4","fde_000470e4","Global","Label","ANALYSIS",false,true
"00047110","fde_00047110","Global","Label","ANALYSIS",false,true
"0004713c","fde_0004713c","Global","Label","ANALYSIS",false,true
"00047168","fde_00047168","Global","Label","ANALYSIS",false,true
"00047194","fde_00047194","Global","Label","ANALYSIS",false,true
"000471c0","fde_000471c0","Global","Label","ANALYSIS",false,true
"000471e4","fde_000471e4","Global","Label","ANALYSIS",false,true
"00047208","fde_00047208","Global","Label","ANALYSIS",false,true
"0004722c","fde_0004722c","Global","Label","ANALYSIS",false,true
"0004724c","BYTE_ARRAY_0004723d[15]","Global","Label","DEFAULT",false,true
"00047250","fde_00047250","Global","Label","ANALYSIS",false,true
"00047274","fde_00047274","Global","Label","ANALYSIS",false,true
"00047298","fde_00047298","Global","Label","ANALYSIS",false,true
"000472b8","BYTE_ARRAY_000472a9[15]","Global","Label","DEFAULT",false,true
"000472c4","fde_000472c4","Global","Label","ANALYSIS",false,true
"000472f0","fde_000472f0","Global","Label","ANALYSIS",false,true
"00047307","BYTE_ARRAY_00047301[6]","Global","Label","DEFAULT",false,true
"00047318","fde_00047318","Global","Label","ANALYSIS",false,true
"00047337","BYTE_ARRAY_00047329[14]","Global","Label","DEFAULT",false,true
"00047344","fde_00047344","Global","Label","ANALYSIS",false,true
"00047370","fde_00047370","Global","Label","ANALYSIS",false,true
"00047398","fde_00047398","Global","Label","ANALYSIS",false,true
"000473c0","fde_000473c0","Global","Label","ANALYSIS",false,true
"000473e8","fde_000473e8","Global","Label","ANALYSIS",false,true
"0004740c","fde_0004740c","Global","Label","ANALYSIS",false,true
"0004743c","fde_0004743c","Global","Label","ANALYSIS",false,true
"00047464","fde_00047464","Global","Label","ANALYSIS",false,true
"0004748c","fde_0004748c","Global","Label","ANALYSIS",false,true
"000474b4","fde_000474b4","Global","Label","ANALYSIS",false,true
"000474e0","fde_000474e0","Global","Label","ANALYSIS",false,true
"0004750c","fde_0004750c","Global","Label","ANALYSIS",false,true
"00047538","fde_00047538","Global","Label","ANALYSIS",false,true
"00047564","fde_00047564","Global","Label","ANALYSIS",false,true
"00047590","fde_00047590","Global","Label","ANALYSIS",false,true
"000475bc","fde_000475bc","Global","Label","ANALYSIS",false,true
"000475e4","fde_000475e4","Global","Label","ANALYSIS",false,true
"0004760c","fde_0004760c","Global","Label","ANALYSIS",false,true
"00047634","fde_00047634","Global","Label","ANALYSIS",false,true
"00047658","fde_00047658","Global","Label","ANALYSIS",false,true
"00047680","fde_00047680","Global","Label","ANALYSIS",false,true
"000476b0","fde_000476b0","Global","Label","ANALYSIS",false,true
"000476d8","fde_000476d8","Global","Label","ANALYSIS",false,true
"000476fc","fde_000476fc","Global","Label","ANALYSIS",false,true
"00047724","fde_00047724","Global","Label","ANALYSIS",false,true
"0004774c","fde_0004774c","Global","Label","ANALYSIS",false,true
"00047770","fde_00047770","Global","Label","ANALYSIS",false,true
"00047794","fde_00047794","Global","Label","ANALYSIS",false,true
"000477bc","fde_000477bc","Global","Label","ANALYSIS",false,true
"000477e4","fde_000477e4","Global","Label","ANALYSIS",false,true
"0004780c","fde_0004780c","Global","Label","ANALYSIS",false,true
"00047834","fde_00047834","Global","Label","ANALYSIS",false,true
"00047858","fde_00047858","Global","Label","ANALYSIS",false,true
"0004787c","fde_0004787c","Global","Label","ANALYSIS",false,true
"000478a0","fde_000478a0","Global","Label","ANALYSIS",false,true
"000478c4","fde_000478c4","Global","Label","ANALYSIS",false,true
"000478e8","fde_000478e8","Global","Label","ANALYSIS",false,true
"0004790c","fde_0004790c","Global","Label","ANALYSIS",false,true
"00047938","fde_00047938","Global","Label","ANALYSIS",false,true
"00047960","fde_00047960","Global","Label","ANALYSIS",false,true
"00047988","fde_00047988","Global","Label","ANALYSIS",false,true
"000479b0","fde_000479b0","Global","Label","ANALYSIS",false,true
"000479d8","fde_000479d8","Global","Label","ANALYSIS",false,true
"00047a04","fde_00047a04","Global","Label","ANALYSIS",false,true
"00047a2c","fde_00047a2c","Global","Label","ANALYSIS",false,true
"00047a5c","fde_00047a5c","Global","Label","ANALYSIS",false,true
"00047a88","fde_00047a88","Global","Label","ANALYSIS",false,true
"00047ab8","fde_00047ab8","Global","Label","ANALYSIS",false,true
"00047ae4","fde_00047ae4","Global","Label","ANALYSIS",false,true
"00047b0c","fde_00047b0c","Global","Label","ANALYSIS",false,true
"00047b38","fde_00047b38","Global","Label","ANALYSIS",false,true
"00047b60","fde_00047b60","Global","Label","ANALYSIS",false,true
"00047b88","fde_00047b88","Global","Label","ANALYSIS",false,true
"00047bb4","fde_00047bb4","Global","Label","ANALYSIS",false,true
"00047bdc","fde_00047bdc","Global","Label","ANALYSIS",false,true
"00047c04","fde_00047c04","Global","Label","ANALYSIS",false,true
"00047c28","fde_00047c28","Global","Label","ANALYSIS",false,true
"00047c50","fde_00047c50","Global","Label","ANALYSIS",false,true
"00047c78","fde_00047c78","Global","Label","ANALYSIS",false,true
"00047ca0","fde_00047ca0","Global","Label","ANALYSIS",false,true
"00047cc8","fde_00047cc8","Global","Label","ANALYSIS",false,true
"00047cf0","fde_00047cf0","Global","Label","ANALYSIS",false,true
"00047d18","fde_00047d18","Global","Label","ANALYSIS",false,true
"00047d40","fde_00047d40","Global","Label","ANALYSIS",false,true
"00047d68","fde_00047d68","Global","Label","ANALYSIS",false,true
"00047d98","fde_00047d98","Global","Label","ANALYSIS",false,true
"00047dc4","fde_00047dc4","Global","Label","ANALYSIS",false,true
"00047dec","fde_00047dec","Global","Label","ANALYSIS",false,true
"00047e18","fde_00047e18","Global","Label","ANALYSIS",false,true
"00047e44","fde_00047e44","Global","Label","ANALYSIS",false,true
"00047e70","fde_00047e70","Global","Label","ANALYSIS",false,true
"00047e9c","fde_00047e9c","Global","Label","ANALYSIS",false,true
"00047ec4","fde_00047ec4","Global","Label","ANALYSIS",false,true
"00047eec","fde_00047eec","Global","Label","ANALYSIS",false,true
"00047f18","fde_00047f18","Global","Label","ANALYSIS",false,true
"00047f40","fde_00047f40","Global","Label","ANALYSIS",false,true
"00047f68","fde_00047f68","Global","Label","ANALYSIS",false,true
"00047f90","fde_00047f90","Global","Label","ANALYSIS",false,true
"00047fb8","fde_00047fb8","Global","Label","ANALYSIS",false,true
"00047fe0","fde_00047fe0","Global","Label","ANALYSIS",false,true
"0004800c","fde_0004800c","Global","Label","ANALYSIS",false,true
"00048038","fde_00048038","Global","Label","ANALYSIS",false,true
"00048064","fde_00048064","Global","Label","ANALYSIS",false,true
"00048090","fde_00048090","Global","Label","ANALYSIS",false,true
"000480bc","fde_000480bc","Global","Label","ANALYSIS",false,true
"000480e8","fde_000480e8","Global","Label","ANALYSIS",false,true
"00048114","fde_00048114","Global","Label","ANALYSIS",false,true
"00048140","fde_00048140","Global","Label","ANALYSIS",false,true
"0004816c","fde_0004816c","Global","Label","ANALYSIS",false,true
"00048198","fde_00048198","Global","Label","ANALYSIS",false,true
"000481c4","fde_000481c4","Global","Label","ANALYSIS",false,true
"000481f0","fde_000481f0","Global","Label","ANALYSIS",false,true
"00048218","fde_00048218","Global","Label","ANALYSIS",false,true
"00048240","fde_00048240","Global","Label","ANALYSIS",false,true
"0004826c","fde_0004826c","Global","Label","ANALYSIS",false,true
"00048298","fde_00048298","Global","Label","ANALYSIS",false,true
"000482c0","fde_000482c0","Global","Label","ANALYSIS",false,true
"000482ec","fde_000482ec","Global","Label","ANALYSIS",false,true
"00048318","fde_00048318","Global","Label","ANALYSIS",false,true
"00048340","fde_00048340","Global","Label","ANALYSIS",false,true
"00048364","fde_00048364","Global","Label","ANALYSIS",false,true
"0004838c","fde_0004838c","Global","Label","ANALYSIS",false,true
"000483b8","fde_000483b8","Global","Label","ANALYSIS",false,true
"000483e4","fde_000483e4","Global","Label","ANALYSIS",false,true
"00048410","fde_00048410","Global","Label","ANALYSIS",false,true
"00048438","fde_00048438","Global","Label","ANALYSIS",false,true
"00048464","fde_00048464","Global","Label","ANALYSIS",false,true
"00048490","fde_00048490","Global","Label","ANALYSIS",false,true
"000484bc","fde_000484bc","Global","Label","ANALYSIS",false,true
"000484e4","fde_000484e4","Global","Label","ANALYSIS",false,true
"00048510","fde_00048510","Global","Label","ANALYSIS",false,true
"00048538","fde_00048538","Global","Label","ANALYSIS",false,true
"00048564","fde_00048564","Global","Label","ANALYSIS",false,true
"00048590","fde_00048590","Global","Label","ANALYSIS",false,true
"000485bc","fde_000485bc","Global","Label","ANALYSIS",false,true
"000485e8","fde_000485e8","Global","Label","ANALYSIS",false,true
"00048614","fde_00048614","Global","Label","ANALYSIS",false,true
"00048640","fde_00048640","Global","Label","ANALYSIS",false,true
"00048670","fde_00048670","Global","Label","ANALYSIS",false,true
"000486a0","fde_000486a0","Global","Label","ANALYSIS",false,true
"000486cc","fde_000486cc","Global","Label","ANALYSIS",false,true
"000486f8","fde_000486f8","Global","Label","ANALYSIS",false,true
"00048724","fde_00048724","Global","Label","ANALYSIS",false,true
"00048754","fde_00048754","Global","Label","ANALYSIS",false,true
"00048784","fde_00048784","Global","Label","ANALYSIS",false,true
"000487b0","fde_000487b0","Global","Label","ANALYSIS",false,true
"000487d4","fde_000487d4","Global","Label","ANALYSIS",false,true
"000487f8","fde_000487f8","Global","Label","ANALYSIS",false,true
"00048818","fde_00048818","Global","Label","ANALYSIS",false,true
"00048838","fde_00048838","Global","Label","ANALYSIS",false,true
"00048864","fde_00048864","Global","Label","ANALYSIS",false,true
"00048884","fde_00048884","Global","Label","ANALYSIS",false,true
"000488a4","fde_000488a4","Global","Label","ANALYSIS",false,true
"000488c8","fde_000488c8","Global","Label","ANALYSIS",false,true
"000488f0","fde_000488f0","Global","Label","ANALYSIS",false,true
"00048910","fde_00048910","Global","Label","ANALYSIS",false,true
"00048930","fde_00048930","Global","Label","ANALYSIS",false,true
"0004895c","fde_0004895c","Global","Label","ANALYSIS",false,true
"00048984","fde_00048984","Global","Label","ANALYSIS",false,true
"000489b0","fde_000489b0","Global","Label","ANALYSIS",false,true
"000489dc","fde_000489dc","Global","Label","ANALYSIS",false,true
"00048a08","fde_00048a08","Global","Label","ANALYSIS",false,true
"00048a30","fde_00048a30","Global","Label","ANALYSIS",false,true
"00048a5c","fde_00048a5c","Global","Label","ANALYSIS",false,true
"00048a84","fde_00048a84","Global","Label","ANALYSIS",false,true
"00048ab0","fde_00048ab0","Global","Label","ANALYSIS",false,true
"00048ad8","fde_00048ad8","Global","Label","ANALYSIS",false,true
"00048b00","fde_00048b00","Global","Label","ANALYSIS",false,true
"00048b28","fde_00048b28","Global","Label","ANALYSIS",false,true
"00048b50","fde_00048b50","Global","Label","ANALYSIS",false,true
"00048b78","fde_00048b78","Global","Label","ANALYSIS",false,true
"00048ba0","fde_00048ba0","Global","Label","ANALYSIS",false,true
"00048bc8","fde_00048bc8","Global","Label","ANALYSIS",false,true
"00048bf4","fde_00048bf4","Global","Label","ANALYSIS",false,true
"00048c20","fde_00048c20","Global","Label","ANALYSIS",false,true
"00048c48","fde_00048c48","Global","Label","ANALYSIS",false,true
"00048c70","fde_00048c70","Global","Label","ANALYSIS",false,true
"00048c9c","fde_00048c9c","Global","Label","ANALYSIS",false,true
"00048cc8","fde_00048cc8","Global","Label","ANALYSIS",false,true
"00048cf4","fde_00048cf4","Global","Label","ANALYSIS",false,true
"00048d20","fde_00048d20","Global","Label","ANALYSIS",false,true
"00048d4c","fde_00048d4c","Global","Label","ANALYSIS",false,true
"00048d78","fde_00048d78","Global","Label","ANALYSIS",false,true
"00048da4","fde_00048da4","Global","Label","ANALYSIS",false,true
"00048dd0","fde_00048dd0","Global","Label","ANALYSIS",false,true
"00048dfc","fde_00048dfc","Global","Label","ANALYSIS",false,true
"00048e28","fde_00048e28","Global","Label","ANALYSIS",false,true
"00048e54","fde_00048e54","Global","Label","ANALYSIS",false,true
"00048e80","fde_00048e80","Global","Label","ANALYSIS",false,true
"00048eac","fde_00048eac","Global","Label","ANALYSIS",false,true
"00048ed8","fde_00048ed8","Global","Label","ANALYSIS",false,true
"00048f04","fde_00048f04","Global","Label","ANALYSIS",false,true
"00048f30","fde_00048f30","Global","Label","ANALYSIS",false,true
"00048f60","fde_00048f60","Global","Label","ANALYSIS",false,true
"00048f90","fde_00048f90","Global","Label","ANALYSIS",false,true
"00048fb8","fde_00048fb8","Global","Label","ANALYSIS",false,true
"00048fcc","fde_00048fcc","Global","Label","ANALYSIS",false,true
"00048fe0","fde_00048fe0","Global","Label","ANALYSIS",false,true
"0004900c","fde_0004900c","Global","Label","ANALYSIS",false,true
"00049034","fde_00049034","Global","Label","ANALYSIS",false,true
"0004905c","fde_0004905c","Global","Label","ANALYSIS",false,true
"00049084","fde_00049084","Global","Label","ANALYSIS",false,true
"000490b0","fde_000490b0","Global","Label","ANALYSIS",false,true
"000490d8","fde_000490d8","Global","Label","ANALYSIS",false,true
"00049104","fde_00049104","Global","Label","ANALYSIS",false,true
"0004912c","fde_0004912c","Global","Label","ANALYSIS",false,true
"00049154","fde_00049154","Global","Label","ANALYSIS",false,true
"00049180","fde_00049180","Global","Label","ANALYSIS",false,true
"000491ac","fde_000491ac","Global","Label","ANALYSIS",false,true
"000491d4","fde_000491d4","Global","Label","ANALYSIS",false,true
"000491fc","fde_000491fc","Global","Label","ANALYSIS",false,true
"00049228","fde_00049228","Global","Label","ANALYSIS",false,true
"00049250","fde_00049250","Global","Label","ANALYSIS",false,true
"0004927c","fde_0004927c","Global","Label","ANALYSIS",false,true
"000492a8","fde_000492a8","Global","Label","ANALYSIS",false,true
"000492d0","fde_000492d0","Global","Label","ANALYSIS",false,true
"000492f8","fde_000492f8","Global","Label","ANALYSIS",false,true
"00049320","fde_00049320","Global","Label","ANALYSIS",false,true
"00049348","fde_00049348","Global","Label","ANALYSIS",false,true
"00049374","fde_00049374","Global","Label","ANALYSIS",false,true
"0004939c","fde_0004939c","Global","Label","ANALYSIS",false,true
"000493c8","fde_000493c8","Global","Label","ANALYSIS",false,true
"000493f0","fde_000493f0","Global","Label","ANALYSIS",false,true
"00049418","fde_00049418","Global","Label","ANALYSIS",false,true
"00049444","fde_00049444","Global","Label","ANALYSIS",false,true
"00049470","fde_00049470","Global","Label","ANALYSIS",false,true
"00049498","fde_00049498","Global","Label","ANALYSIS",false,true
"000494c4","fde_000494c4","Global","Label","ANALYSIS",false,true
"000494ec","fde_000494ec","Global","Label","ANALYSIS",false,true
"00049518","fde_00049518","Global","Label","ANALYSIS",false,true
"00049540","fde_00049540","Global","Label","ANALYSIS",false,true
"0004956c","fde_0004956c","Global","Label","ANALYSIS",false,true
"00049598","fde_00049598","Global","Label","ANALYSIS",false,true
"000495c4","fde_000495c4","Global","Label","ANALYSIS",false,true
"000495ec","fde_000495ec","Global","Label","ANALYSIS",false,true
"00049618","fde_00049618","Global","Label","ANALYSIS",false,true
"00049640","fde_00049640","Global","Label","ANALYSIS",false,true
"00049668","fde_00049668","Global","Label","ANALYSIS",false,true
"00049698","fde_00049698","Global","Label","ANALYSIS",false,true
"000496c0","fde_000496c0","Global","Label","ANALYSIS",false,true
"000496e8","fde_000496e8","Global","Label","ANALYSIS",false,true
"00049714","fde_00049714","Global","Label","ANALYSIS",false,true
"00049740","fde_00049740","Global","Label","ANALYSIS",false,true
"0004976c","fde_0004976c","Global","Label","ANALYSIS",false,true
"00049798","fde_00049798","Global","Label","ANALYSIS",false,true
"000497c4","fde_000497c4","Global","Label","ANALYSIS",false,true
"000497f0","fde_000497f0","Global","Label","ANALYSIS",false,true
"00049818","fde_00049818","Global","Label","ANALYSIS",false,true
"00049844","fde_00049844","Global","Label","ANALYSIS",false,true
"0004986c","fde_0004986c","Global","Label","ANALYSIS",false,true
"00049898","fde_00049898","Global","Label","ANALYSIS",false,true
"000498c0","fde_000498c0","Global","Label","ANALYSIS",false,true
"000498e8","fde_000498e8","Global","Label","ANALYSIS",false,true
"00049914","fde_00049914","Global","Label","ANALYSIS",false,true
"00049940","fde_00049940","Global","Label","ANALYSIS",false,true
"0004996c","fde_0004996c","Global","Label","ANALYSIS",false,true
"00049994","fde_00049994","Global","Label","ANALYSIS",false,true
"000499c0","fde_000499c0","Global","Label","ANALYSIS",false,true
"000499ec","fde_000499ec","Global","Label","ANALYSIS",false,true
"00049a14","fde_00049a14","Global","Label","ANALYSIS",false,true
"00049a3c","fde_00049a3c","Global","Label","ANALYSIS",false,true
"00049a68","fde_00049a68","Global","Label","ANALYSIS",false,true
"00049a98","fde_00049a98","Global","Label","ANALYSIS",false,true
"00049ac8","fde_00049ac8","Global","Label","ANALYSIS",false,true
"00049af4","fde_00049af4","Global","Label","ANALYSIS",false,true
"00049b20","fde_00049b20","Global","Label","ANALYSIS",false,true
"00049b4c","fde_00049b4c","Global","Label","ANALYSIS",false,true
"00049b78","fde_00049b78","Global","Label","ANALYSIS",false,true
"00049ba4","fde_00049ba4","Global","Label","ANALYSIS",false,true
"00049bd0","fde_00049bd0","Global","Label","ANALYSIS",false,true
"00049bfc","fde_00049bfc","Global","Label","ANALYSIS",false,true
"00049c28","fde_00049c28","Global","Label","ANALYSIS",false,true
"00049c54","fde_00049c54","Global","Label","ANALYSIS",false,true
"00049c80","fde_00049c80","Global","Label","ANALYSIS",false,true
"00049cac","fde_00049cac","Global","Label","ANALYSIS",false,true
"00049cd8","fde_00049cd8","Global","Label","ANALYSIS",false,true
"00049d04","fde_00049d04","Global","Label","ANALYSIS",false,true
"00049d30","fde_00049d30","Global","Label","ANALYSIS",false,true
"00049d5c","fde_00049d5c","Global","Label","ANALYSIS",false,true
"00049d88","fde_00049d88","Global","Label","ANALYSIS",false,true
"00049db4","fde_00049db4","Global","Label","ANALYSIS",false,true
"00049de0","fde_00049de0","Global","Label","ANALYSIS",false,true
"00049e0c","fde_00049e0c","Global","Label","ANALYSIS",false,true
"00049e38","fde_00049e38","Global","Label","ANALYSIS",false,true
"00049e64","fde_00049e64","Global","Label","ANALYSIS",false,true
"00049e90","fde_00049e90","Global","Label","ANALYSIS",false,true
"00049ebc","fde_00049ebc","Global","Label","ANALYSIS",false,true
"00049ee8","fde_00049ee8","Global","Label","ANALYSIS",false,true
"00049f14","fde_00049f14","Global","Label","ANALYSIS",false,true
"00049f40","fde_00049f40","Global","Label","ANALYSIS",false,true
"00049f6c","fde_00049f6c","Global","Label","ANALYSIS",false,true
"00049f98","fde_00049f98","Global","Label","ANALYSIS",false,true
"00049fc4","fde_00049fc4","Global","Label","ANALYSIS",false,true
"00049ff0","fde_00049ff0","Global","Label","ANALYSIS",false,true
"0004a018","fde_0004a018","Global","Label","ANALYSIS",false,true
"0004a048","fde_0004a048","Global","Label","ANALYSIS",false,true
"0004a074","fde_0004a074","Global","Label","ANALYSIS",false,true
"0004a0a0","fde_0004a0a0","Global","Label","ANALYSIS",false,true
"0004a0cc","fde_0004a0cc","Global","Label","ANALYSIS",false,true
"0004a0f4","fde_0004a0f4","Global","Label","ANALYSIS",false,true
"0004a11c","fde_0004a11c","Global","Label","ANALYSIS",false,true
"0004a144","fde_0004a144","Global","Label","ANALYSIS",false,true
"0004a170","fde_0004a170","Global","Label","ANALYSIS",false,true
"0004a19c","fde_0004a19c","Global","Label","ANALYSIS",false,true
"0004a1cc","fde_0004a1cc","Global","Label","ANALYSIS",false,true
"0004a1f8","fde_0004a1f8","Global","Label","ANALYSIS",false,true
"0004a220","fde_0004a220","Global","Label","ANALYSIS",false,true
"0004a250","fde_0004a250","Global","Label","ANALYSIS",false,true
"0004a278","fde_0004a278","Global","Label","ANALYSIS",false,true
"0004a2a4","fde_0004a2a4","Global","Label","ANALYSIS",false,true
"0004a2d0","fde_0004a2d0","Global","Label","ANALYSIS",false,true
"0004a2f8","fde_0004a2f8","Global","Label","ANALYSIS",false,true
"0004a320","fde_0004a320","Global","Label","ANALYSIS",false,true
"0004a34c","fde_0004a34c","Global","Label","ANALYSIS",false,true
"0004a374","fde_0004a374","Global","Label","ANALYSIS",false,true
"0004a39c","fde_0004a39c","Global","Label","ANALYSIS",false,true
"0004a3c8","fde_0004a3c8","Global","Label","ANALYSIS",false,true
"0004a3f4","fde_0004a3f4","Global","Label","ANALYSIS",false,true
"0004a420","fde_0004a420","Global","Label","ANALYSIS",false,true
"0004a44c","fde_0004a44c","Global","Label","ANALYSIS",false,true
"0004a478","fde_0004a478","Global","Label","ANALYSIS",false,true
"0004a4a0","fde_0004a4a0","Global","Label","ANALYSIS",false,true
"0004a4cc","fde_0004a4cc","Global","Label","ANALYSIS",false,true
"0004a4f4","fde_0004a4f4","Global","Label","ANALYSIS",false,true
"0004a520","fde_0004a520","Global","Label","ANALYSIS",false,true
"0004a54c","fde_0004a54c","Global","Label","ANALYSIS",false,true
"0004a574","fde_0004a574","Global","Label","ANALYSIS",false,true
"0004a5a0","fde_0004a5a0","Global","Label","ANALYSIS",false,true
"0004a5c8","fde_0004a5c8","Global","Label","ANALYSIS",false,true
"0004a5f0","fde_0004a5f0","Global","Label","ANALYSIS",false,true
"0004a618","fde_0004a618","Global","Label","ANALYSIS",false,true
"0004a640","fde_0004a640","Global","Label","ANALYSIS",false,true
"0004a668","fde_0004a668","Global","Label","ANALYSIS",false,true
"0004a690","fde_0004a690","Global","Label","ANALYSIS",false,true
"0004a6bc","fde_0004a6bc","Global","Label","ANALYSIS",false,true
"0004a6e8","fde_0004a6e8","Global","Label","ANALYSIS",false,true
"0004a714","fde_0004a714","Global","Label","ANALYSIS",false,true
"0004a740","fde_0004a740","Global","Label","ANALYSIS",false,true
"0004a768","fde_0004a768","Global","Label","ANALYSIS",false,true
"0004a794","fde_0004a794","Global","Label","ANALYSIS",false,true
"0004a7bc","fde_0004a7bc","Global","Label","ANALYSIS",false,true
"0004a7e4","fde_0004a7e4","Global","Label","ANALYSIS",false,true
"0004a80c","fde_0004a80c","Global","Label","ANALYSIS",false,true
"0004a838","fde_0004a838","Global","Label","ANALYSIS",false,true
"0004a860","fde_0004a860","Global","Label","ANALYSIS",false,true
"0004a88c","fde_0004a88c","Global","Label","ANALYSIS",false,true
"0004a8b4","fde_0004a8b4","Global","Label","ANALYSIS",false,true
"0004a8e0","fde_0004a8e0","Global","Label","ANALYSIS",false,true
"0004a90c","fde_0004a90c","Global","Label","ANALYSIS",false,true
"0004a938","fde_0004a938","Global","Label","ANALYSIS",false,true
"0004a964","fde_0004a964","Global","Label","ANALYSIS",false,true
"0004a98c","fde_0004a98c","Global","Label","ANALYSIS",false,true
"0004a9b8","fde_0004a9b8","Global","Label","ANALYSIS",false,true
"0004a9cc","fde_0004a9cc","Global","Label","ANALYSIS",false,true
"0004a9e0","fde_0004a9e0","Global","Label","ANALYSIS",false,true
"0004a9f4","fde_0004a9f4","Global","Label","ANALYSIS",false,true
"0004aa20","fde_0004aa20","Global","Label","ANALYSIS",false,true
"0004aa4c","fde_0004aa4c","Global","Label","ANALYSIS",false,true
"0004aa74","fde_0004aa74","Global","Label","ANALYSIS",false,true
"0004aa9c","fde_0004aa9c","Global","Label","ANALYSIS",false,true
"0004aab0","fde_0004aab0","Global","Label","ANALYSIS",false,true
"0004aac4","fde_0004aac4","Global","Label","ANALYSIS",false,true
"0004aad8","fde_0004aad8","Global","Label","ANALYSIS",false,true
"0004aafc","fde_0004aafc","Global","Label","ANALYSIS",false,true
"0004ab20","fde_0004ab20","Global","Label","ANALYSIS",false,true
"0004ab44","fde_0004ab44","Global","Label","ANALYSIS",false,true
"0004ab6c","fde_0004ab6c","Global","Label","ANALYSIS",false,true
"0004ab8c","fde_0004ab8c","Global","Label","ANALYSIS",false,true
"0004abb0","fde_0004abb0","Global","Label","ANALYSIS",false,true
"0004abd4","fde_0004abd4","Global","Label","ANALYSIS",false,true
"0004abf8","fde_0004abf8","Global","Label","ANALYSIS",false,true
"0004ac1c","fde_0004ac1c","Global","Label","ANALYSIS",false,true
"0004ac40","fde_0004ac40","Global","Label","ANALYSIS",false,true
"0004ac64","fde_0004ac64","Global","Label","ANALYSIS",false,true
"0004ac9c","fde_0004ac9c","Global","Label","ANALYSIS",false,true
"0004acd4","fde_0004acd4","Global","Label","ANALYSIS",false,true
"0004ad04","fde_0004ad04","Global","Label","ANALYSIS",false,true
"0004ad34","fde_0004ad34","Global","Label","ANALYSIS",false,true
"0004ad48","fde_0004ad48","Global","Label","ANALYSIS",false,true
"0004ad5c","fde_0004ad5c","Global","Label","ANALYSIS",false,true
"0004ad88","fde_0004ad88","Global","Label","ANALYSIS",false,true
"0004adb8","fde_0004adb8","Global","Label","ANALYSIS",false,true
"0004ade0","fde_0004ade0","Global","Label","ANALYSIS",false,true
"0004ae0c","fde_0004ae0c","Global","Label","ANALYSIS",false,true
"0004ae34","fde_0004ae34","Global","Label","ANALYSIS",false,true
"0004ae54","fde_0004ae54","Global","Label","ANALYSIS",false,true
"0004ae7c","fde_0004ae7c","Global","Label","ANALYSIS",false,true
"0004aea4","fde_0004aea4","Global","Label","ANALYSIS",false,true
"0004aec4","fde_0004aec4","Global","Label","ANALYSIS",false,true
"0004aef0","fde_0004aef0","Global","Label","ANALYSIS",false,true
"0004af20","fde_0004af20","Global","Label","ANALYSIS",false,true
"0004af64","fde_0004af64","Global","Label","ANALYSIS",false,true
"0004afac","fde_0004afac","Global","Label","ANALYSIS",false,true
"0004aff4","fde_0004aff4","Global","Label","ANALYSIS",false,true
"0004b03c","fde_0004b03c","Global","Label","ANALYSIS",false,true
"0004b078","fde_0004b078","Global","Label","ANALYSIS",false,true
"0004b0bc","fde_0004b0bc","Global","Label","ANALYSIS",false,true
"0004b104","fde_0004b104","Global","Label","ANALYSIS",false,true
"0004b14c","fde_0004b14c","Global","Label","ANALYSIS",false,true
"0004b194","fde_0004b194","Global","Label","ANALYSIS",false,true
"0004b1cc","fde_0004b1cc","Global","Label","ANALYSIS",false,true
"0004b204","fde_0004b204","Global","Label","ANALYSIS",false,true
"0004b24c","fde_0004b24c","Global","Label","ANALYSIS",false,true
"0004b288","fde_0004b288","Global","Label","ANALYSIS",false,true
"0004b2c4","fde_0004b2c4","Global","Label","ANALYSIS",false,true
"0004b308","fde_0004b308","Global","Label","ANALYSIS",false,true
"0004b34c","fde_0004b34c","Global","Label","ANALYSIS",false,true
"0004b394","fde_0004b394","Global","Label","ANALYSIS",false,true
"0004b3dc","fde_0004b3dc","Global","Label","ANALYSIS",false,true
"0004b418","fde_0004b418","Global","Label","ANALYSIS",false,true
"0004b46c","fde_0004b46c","Global","Label","ANALYSIS",false,true
"0004b49c","fde_0004b49c","Global","Label","ANALYSIS",false,true
"0004b4b0","fde_0004b4b0","Global","Label","ANALYSIS",false,true
"0004b4c4","fde_0004b4c4","Global","Label","ANALYSIS",false,true
"0004b4d8","fde_0004b4d8","Global","Label","ANALYSIS",false,true
"0004b4ec","fde_0004b4ec","Global","Label","ANALYSIS",false,true
"0004b500","fde_0004b500","Global","Label","ANALYSIS",false,true
"0004b514","fde_0004b514","Global","Label","ANALYSIS",false,true
"0004b528","fde_0004b528","Global","Label","ANALYSIS",false,true
"0004b53c","fde_0004b53c","Global","Label","ANALYSIS",false,true
"0004b55c","fde_0004b55c","Global","Label","ANALYSIS",false,true
"0004b57c","fde_0004b57c","Global","Label","ANALYSIS",false,true
"0004b59c","fde_0004b59c","Global","Label","ANALYSIS",false,true
"0004b5b0","fde_0004b5b0","Global","Label","ANALYSIS",false,true
"0004b5d0","fde_0004b5d0","Global","Label","ANALYSIS",false,true
"0004b5f0","fde_0004b5f0","Global","Label","ANALYSIS",false,true
"0004b604","fde_0004b604","Global","Label","ANALYSIS",false,true
"0004b618","fde_0004b618","Global","Label","ANALYSIS",false,true
"0004b62c","fde_0004b62c","Global","Label","ANALYSIS",false,true
"0004b640","fde_0004b640","Global","Label","ANALYSIS",false,true
"0004b654","fde_0004b654","Global","Label","ANALYSIS",false,true
"0004b668","fde_0004b668","Global","Label","ANALYSIS",false,true
"0004b67c","fde_0004b67c","Global","Label","ANALYSIS",false,true
"0004b690","fde_0004b690","Global","Label","ANALYSIS",false,true
"0004b6a4","fde_0004b6a4","Global","Label","ANALYSIS",false,true
"0004b6b8","fde_0004b6b8","Global","Label","ANALYSIS",false,true
"0004b6cc","fde_0004b6cc","Global","Label","ANALYSIS",false,true
"0004b6e0","fde_0004b6e0","Global","Label","ANALYSIS",false,true
"0004b6f4","fde_0004b6f4","Global","Label","ANALYSIS",false,true
"0004b718","fde_0004b718","Global","Label","ANALYSIS",false,true
"0004b738","fde_0004b738","Global","Label","ANALYSIS",false,true
"0004b764","fde_0004b764","Global","Label","ANALYSIS",false,true
"0004b790","fde_0004b790","Global","Label","ANALYSIS",false,true
"0004b7b0","fde_0004b7b0","Global","Label","ANALYSIS",false,true
"0004b7d4","fde_0004b7d4","Global","Label","ANALYSIS",false,true
"0004b7f4","fde_0004b7f4","Global","Label","ANALYSIS",false,true
"0004b814","fde_0004b814","Global","Label","ANALYSIS",false,true
"0004b834","fde_0004b834","Global","Label","ANALYSIS",false,true
"0004b858","fde_0004b858","Global","Label","ANALYSIS",false,true
"0004b878","fde_0004b878","Global","Label","ANALYSIS",false,true
"0004b898","fde_0004b898","Global","Label","ANALYSIS",false,true
"0004b8c4","fde_0004b8c4","Global","Label","ANALYSIS",false,true
"0004b8e4","fde_0004b8e4","Global","Label","ANALYSIS",false,true
"0004b910","fde_0004b910","Global","Label","ANALYSIS",false,true
"0004b93c","fde_0004b93c","Global","Label","ANALYSIS",false,true
"0004b978","fde_0004b978","Global","Label","ANALYSIS",false,true
"0004b9a4","fde_0004b9a4","Global","Label","ANALYSIS",false,true
"0004b9d0","fde_0004b9d0","Global","Label","ANALYSIS",false,true
"0004b9f0","fde_0004b9f0","Global","Label","ANALYSIS",false,true
"0004ba14","fde_0004ba14","Global","Label","ANALYSIS",false,true
"0004ba3c","fde_0004ba3c","Global","Label","ANALYSIS",false,true
"0004ba6c","fde_0004ba6c","Global","Label","ANALYSIS",false,true
"0004ba9c","fde_0004ba9c","Global","Label","ANALYSIS",false,true
"0004bad8","fde_0004bad8","Global","Label","ANALYSIS",false,true
"0004bb04","fde_0004bb04","Global","Label","ANALYSIS",false,true
"0004bb30","fde_0004bb30","Global","Label","ANALYSIS",false,true
"0004bb54","fde_0004bb54","Global","Label","ANALYSIS",false,true
"0004bb84","fde_0004bb84","Global","Label","ANALYSIS",false,true
"0004bbb0","fde_0004bbb0","Global","Label","ANALYSIS",false,true
"0004bbd0","fde_0004bbd0","Global","Label","ANALYSIS",false,true
"0004bbf0","fde_0004bbf0","Global","Label","ANALYSIS",false,true
"0004bc1c","fde_0004bc1c","Global","Label","ANALYSIS",false,true
"0004bc44","fde_0004bc44","Global","Label","ANALYSIS",false,true
"0004bc58","fde_0004bc58","Global","Label","ANALYSIS",false,true
"0004bc78","fde_0004bc78","Global","Label","ANALYSIS",false,true
"0004bc98","fde_0004bc98","Global","Label","ANALYSIS",false,true
"0004bcb8","fde_0004bcb8","Global","Label","ANALYSIS",false,true
"0004bcd8","fde_0004bcd8","Global","Label","ANALYSIS",false,true
"0004bcf8","fde_0004bcf8","Global","Label","ANALYSIS",false,true
"0004bd1c","fde_0004bd1c","Global","Label","ANALYSIS",false,true
"0004bd40","fde_0004bd40","Global","Label","ANALYSIS",false,true
"0004bd64","fde_0004bd64","Global","Label","ANALYSIS",false,true
"0004bd88","fde_0004bd88","Global","Label","ANALYSIS",false,true
"0004bda8","fde_0004bda8","Global","Label","ANALYSIS",false,true
"0004bdc8","fde_0004bdc8","Global","Label","ANALYSIS",false,true
"0004bde8","fde_0004bde8","Global","Label","ANALYSIS",false,true
"0004be0c","fde_0004be0c","Global","Label","ANALYSIS",false,true
"0004be38","fde_0004be38","Global","Label","ANALYSIS",false,true
"0004be5c","fde_0004be5c","Global","Label","ANALYSIS",false,true
"0004be7c","fde_0004be7c","Global","Label","ANALYSIS",false,true
"0004bea0","fde_0004bea0","Global","Label","ANALYSIS",false,true
"0004bec0","lsda_exception_table_0004bec0","Global","Label","ANALYSIS",false,true
"0004bed3","lsda_exception_table_0004bed3","Global","Label","ANALYSIS",false,true
"0004bee5","lsda_exception_table_0004bee5","Global","Label","ANALYSIS",false,true
"0004bef4","lsda_exception_table_0004bef4","Global","Label","ANALYSIS",false,true
"0004bf34","lsda_exception_table_0004bf34","Global","Label","ANALYSIS",false,true
"0004bf50","lsda_exception_table_0004bf50","Global","Label","ANALYSIS",false,true
"0004bf63","lsda_exception_table_0004bf63","Global","Label","ANALYSIS",false,true
"0004bf8e","lsda_exception_table_0004bf8e","Global","Label","ANALYSIS",false,true
"0004bf9c","lsda_exception_table_0004bf9c","Global","Label","ANALYSIS",false,true
"0004bfa0","lsda_exception_table_0004bfa0","Global","Label","ANALYSIS",false,true
"0004bfaf","lsda_exception_table_0004bfaf","Global","Label","ANALYSIS",false,true
"0004bfbb","lsda_exception_table_0004bfbb","Global","Label","ANALYSIS",false,true
"0004bfbf","lsda_exception_table_0004bfbf","Global","Label","ANALYSIS",false,true
"0004bfc3","lsda_exception_table_0004bfc3","Global","Label","ANALYSIS",false,true
"0004bfc7","lsda_exception_table_0004bfc7","Global","Label","ANALYSIS",false,true
"0004bfcb","lsda_exception_table_0004bfcb","Global","Label","ANALYSIS",false,true
"0004bfe4","lsda_exception_table_0004bfe4","Global","Label","ANALYSIS",false,true
"0004c00f","lsda_exception_table_0004c00f","Global","Label","ANALYSIS",false,true
"0004c028","lsda_exception_table_0004c028","Global","Label","ANALYSIS",false,true
"0004c04c","lsda_exception_table_0004c04c","Global","Label","ANALYSIS",false,true
"0004c06c","lsda_exception_table_0004c06c","Global","Label","ANALYSIS",false,true
"0004c09c","lsda_exception_table_0004c09c","Global","Label","ANALYSIS",false,true
"0004c0c0","lsda_exception_table_0004c0c0","Global","Label","ANALYSIS",false,true
"0004c0e0","lsda_exception_table_0004c0e0","Global","Label","ANALYSIS",false,true
"0004c10c","lsda_exception_table_0004c10c","Global","Label","ANALYSIS",false,true
"0004c11f","lsda_exception_table_0004c11f","Global","Label","ANALYSIS",false,true
"0004c131","lsda_exception_table_0004c131","Global","Label","ANALYSIS",false,true
"0004c144","lsda_exception_table_0004c144","Global","Label","ANALYSIS",false,true
"0004c16c","lsda_exception_table_0004c16c","Global","Label","ANALYSIS",false,true
"0004c18c","lsda_exception_table_0004c18c","Global","Label","ANALYSIS",false,true
"0004c1ac","lsda_exception_table_0004c1ac","Global","Label","ANALYSIS",false,true
"0004c1d4","lsda_exception_table_0004c1d4","Global","Label","ANALYSIS",false,true
"0004c1e8","lsda_exception_table_0004c1e8","Global","Label","ANALYSIS",false,true
"0004c202","lsda_exception_table_0004c202","Global","Label","ANALYSIS",false,true
"0004c206","lsda_exception_table_0004c206","Global","Label","ANALYSIS",false,true
"0004c21c","lsda_exception_table_0004c21c","Global","Label","ANALYSIS",false,true
"0004c240","lsda_exception_table_0004c240","Global","Label","ANALYSIS",false,true
"0004c250","lsda_exception_table_0004c250","Global","Label","ANALYSIS",false,true
"0004c270","lsda_exception_table_0004c270","Global","Label","ANALYSIS",false,true
"0004c283","lsda_exception_table_0004c283","Global","Label","ANALYSIS",false,true
"0004c2c8","lsda_exception_table_0004c2c8","Global","Label","ANALYSIS",false,true
"0004c2ff","lsda_exception_table_0004c2ff","Global","Label","ANALYSIS",false,true
"0004c313","lsda_exception_table_0004c313","Global","Label","ANALYSIS",false,true
"0004c350","lsda_exception_table_0004c350","Global","Label","ANALYSIS",false,true
"0004c390","lsda_exception_table_0004c390","Global","Label","ANALYSIS",false,true
"0004c3c1","lsda_exception_table_0004c3c1","Global","Label","ANALYSIS",false,true
"0004c3f2","lsda_exception_table_0004c3f2","Global","Label","ANALYSIS",false,true
"0004c423","lsda_exception_table_0004c423","Global","Label","ANALYSIS",false,true
"0004c431","lsda_exception_table_0004c431","Global","Label","ANALYSIS",false,true
"0004c463","lsda_exception_table_0004c463","Global","Label","ANALYSIS",false,true
"0004c495","lsda_exception_table_0004c495","Global","Label","ANALYSIS",false,true
"0004c4c7","lsda_exception_table_0004c4c7","Global","Label","ANALYSIS",false,true
"0004c4f8","lsda_exception_table_0004c4f8","Global","Label","ANALYSIS",false,true
"0004c52a","lsda_exception_table_0004c52a","Global","Label","ANALYSIS",false,true
"0004c55c","lsda_exception_table_0004c55c","Global","Label","ANALYSIS",false,true
"0004c58e","lsda_exception_table_0004c58e","Global","Label","ANALYSIS",false,true
"0004c5c0","lsda_exception_table_0004c5c0","Global","Label","ANALYSIS",false,true
"0004c5f2","lsda_exception_table_0004c5f2","Global","Label","ANALYSIS",false,true
"0004c624","lsda_exception_table_0004c624","Global","Label","ANALYSIS",false,true
"0004c656","lsda_exception_table_0004c656","Global","Label","ANALYSIS",false,true
"0004c688","lsda_exception_table_0004c688","Global","Label","ANALYSIS",false,true
"0004c6d4","lsda_exception_table_0004c6d4","Global","Label","ANALYSIS",false,true
"0004c6f8","lsda_exception_table_0004c6f8","Global","Label","ANALYSIS",false,true
"0004dbd8","__DT_INIT_ARRAY","Global","Label","IMPORTED",false,true
"0004dbec","DAT_0004dbec","Global","Label","DEFAULT",false,true
"0004dbf4","PTR_FUN_0004dbf4","Global","Label","DEFAULT",false,true
"0004dc08","PTR_FUN_0004dc08","Global","Label","DEFAULT",false,true
"0004dc1c","PTR_FUN_0004dc1c","Global","Label","DEFAULT",false,true
"0004dc30","PTR_FUN_0004dc30","Global","Label","DEFAULT",false,true
"0004dc5c","PTR_FUN_0004dc5c","Global","Label","DEFAULT",false,true
"0004dc78","PTR_FUN_0004dc78","Global","Label","DEFAULT",false,true
"0004dc9c","_ZTISt11_Mutex_baseILN9__gnu_cxx12_Lock_policyE2EE","Global","Label","IMPORTED",false,false
"0004dc9c","typeinfo","std::_Mutex_base<(__gnu_cxx::_Lock_policy)2>","Label","ANALYSIS",false,true
"0004dca4","_ZTISt19_Sp_make_shared_tag","Global","Label","IMPORTED",false,false
"0004dca4","typeinfo","std::_Sp_make_shared_tag","Label","ANALYSIS",false,true
"0004dcac","_ZTISt16_Sp_counted_baseILN9__gnu_cxx12_Lock_policyE2EE","Global","Label","IMPORTED",false,false
"0004dcac","typeinfo","std::_Sp_counted_base<(__gnu_cxx::_Lock_policy)2>","Label","ANALYSIS",false,true
"0004dcb8","_ZTINSt13__future_base13_State_baseV2E","Global","Label","IMPORTED",false,false
"0004dcb8","typeinfo","std::__future_base::_State_baseV2","Label","ANALYSIS",false,true
"0004dcc0","_ZTINSt13__future_base7_ResultIvEE","Global","Label","IMPORTED",false,false
"0004dcc0","typeinfo","std::__future_base::_Result<void>","Label","ANALYSIS",false,true
"0004dccc","_ZTINSt13__future_base21_Async_state_commonV2E","Global","Label","IMPORTED",false,false
"0004dccc","typeinfo","std::__future_base::_Async_state_commonV2","Label","ANALYSIS",false,true
"0004dcd8","_ZTINSt13__future_base17_Async_state_implINSt6thread8_InvokerISt5tupleIJZN13BufferHandles7ProcessEvEUlvE0_EEEEvEE","Global","Label","IMPORTED",false,false
"0004dcd8","typeinfo","std::__future_base::_Async_state_impl<std::thread::_Invoker<std::tuple<BufferHandles::Process()::{lambda()#2}>>,void>","Label","ANALYSIS",false,true
"0004dce4","_ZTINSt13__future_base15_Deferred_stateINSt6thread8_InvokerISt5tupleIJZN13BufferHandles7ProcessEvEUlvE0_EEEEvEE","Global","Label","IMPORTED",false,false
"0004dce4","typeinfo","std::__future_base::_Deferred_state<std::thread::_Invoker<std::tuple<BufferHandles::Process()::{lambda()#2}>>,void>","Label","ANALYSIS",false,true
"0004dcf0","_ZTINSt6thread11_State_implINS_8_InvokerISt5tupleIJPFvvEEEEEEE","Global","Label","IMPORTED",false,false
"0004dcf0","typeinfo","std::thread::_State_impl<std::thread::_Invoker<std::tuple<void(*)()>>>","Label","ANALYSIS",false,true
"0004dd08","_ZTISt23_Sp_counted_ptr_inplaceINSt13__future_base17_Async_state_implINSt6thread8_InvokerISt5tupleIJZN13BufferHandles7ProcessEvEUlvE0_EEEEvEESaIvELN9__gnu_cxx12_Lock_policyE2EE","Global","Label","IMPORTED",false,false
"0004dd08","typeinfo","std::_Sp_counted_ptr_inplace<std::__future_base::_Async_state_impl<std::thread::_Invoker<std::tuple<BufferHandles::Process()::{lambda()#2}>>,void>,std::allocator<void>,(__gnu_cxx::_Lock_policy)2>","Label","ANALYSIS",false,true
"0004dd14","_ZTISt23_Sp_counted_ptr_inplaceINSt13__future_base15_Deferred_stateINSt6thread8_InvokerISt5tupleIJZN13BufferHandles7ProcessEvEUlvE0_EEEEvEESaIvELN9__gnu_cxx12_Lock_policyE2EE","Global","Label","IMPORTED",false,false
"0004dd14","typeinfo","std::_Sp_counted_ptr_inplace<std::__future_base::_Deferred_state<std::thread::_Invoker<std::tuple<BufferHandles::Process()::{lambda()#2}>>,void>,std::allocator<void>,(__gnu_cxx::_Lock_policy)2>","Label","ANALYSIS",false,true
"0004dd20","_ZTINSt6thread11_State_implINS_8_InvokerISt5tupleIJMNSt13__future_base17_Async_state_implINS1_IS2_IJZN13BufferHandles7ProcessEvEUlvE0_EEEEvEEFvvEPS9_EEEEEE","Global","Label","IMPORTED",false,false
"0004dd20","typeinfo","std::thread::_State_impl<std::thread::_Invoker<std::tuple<void(std::__future_base::_Async_state_impl<std::thread::_Invoker<std::tuple<BufferHandles::Process()::{lambda()#2}>>,void>::*)(),std::__future_base::_Async_state_impl<std::thread::_Invoker<std::tuple<BufferHandles::Process()::{lambda()#2}>>,void>*>>>","Label","ANALYSIS",false,true
"0004dd2c","_ZTINSt13__future_base12_Task_setterISt10unique_ptrINS_7_ResultIvEENS_12_Result_base8_DeleterEENSt6thread8_InvokerISt5tupleIJZN13BufferHandles7ProcessEvEUlvE0_EEEEvEE","Global","Label","IMPORTED",false,false
"0004dd2c","typeinfo","std::__future_base::_Task_setter<std::unique_ptr<std::__future_base::_Result<void>,std::__future_base::_Result_base::_Deleter>,std::thread::_Invoker<std::tuple<BufferHandles::Process()::{lambda()#2}>>,void>","Label","ANALYSIS",false,true
"0004dd34","_ZTVNSt13__future_base13_State_baseV2E","Global","Label","IMPORTED",false,false
"0004dd34","vtable","std::__future_base::_State_baseV2","Label","ANALYSIS",false,true
"0004dd4c","_ZTVNSt13__future_base7_ResultIvEE","Global","Label","IMPORTED",false,false
"0004dd4c","vtable","std::__future_base::_Result<void>","Label","ANALYSIS",false,true
"0004dd54","PTR__M_destroy_0004dd54","Global","Label","DEFAULT",false,true
"0004dd60","_ZTVNSt13__future_base21_Async_state_commonV2E","Global","Label","IMPORTED",false,false
"0004dd60","vtable","std::__future_base::_Async_state_commonV2","Label","ANALYSIS",false,true
"0004dd78","_ZTVNSt13__future_base17_Async_state_implINSt6thread8_InvokerISt5tupleIJZN13BufferHandles7ProcessEvEUlvE0_EEEEvEE","Global","Label","IMPORTED",false,false
"0004dd78","vtable","std::__future_base::_Async_state_impl<std::thread::_Invoker<std::tuple<BufferHandles::Process()::{lambda()#2}>>,void>","Label","ANALYSIS",false,true
"0004dd80","PTR_~_Async_state_impl_0004dd80","Global","Label","DEFAULT",false,true
"0004dd90","_ZTVNSt13__future_base15_Deferred_stateINSt6thread8_InvokerISt5tupleIJZN13BufferHandles7ProcessEvEUlvE0_EEEEvEE","Global","Label","IMPORTED",false,false
"0004dd90","vtable","std::__future_base::_Deferred_state<std::thread::_Invoker<std::tuple<BufferHandles::Process()::{lambda()#2}>>,void>","Label","ANALYSIS",false,true
"0004dd98","PTR_~_Deferred_state_0004dd98","Global","Label","DEFAULT",false,true
"0004dda8","_ZTVNSt6thread11_State_implINS_8_InvokerISt5tupleIJPFvvEEEEEEE","Global","Label","IMPORTED",false,false
"0004dda8","vtable","std::thread::_State_impl<std::thread::_Invoker<std::tuple<void(*)()>>>","Label","ANALYSIS",false,true
"0004ddb0","PTR_~_State_impl_0004ddb0","Global","Label","DEFAULT",false,true
"0004ddbc","_ZTVSt23_Sp_counted_ptr_inplaceINSt13__future_base17_Async_state_implINSt6thread8_InvokerISt5tupleIJZN13BufferHandles7ProcessEvEUlvE0_EEEEvEESaIvELN9__gnu_cxx12_Lock_policyE2EE","Global","Label","IMPORTED",false,false
"0004ddbc","vtable","std::_Sp_counted_ptr_inplace<std::__future_base::_Async_state_impl<std::thread::_Invoker<std::tuple<BufferHandles::Process()::{lambda()#2}>>,void>,std::allocator<void>,(__gnu_cxx::_Lock_policy)2>","Label","ANALYSIS",false,true
"0004ddc4","PTR_~_Sp_counted_ptr_inplace_0004ddc4","Global","Label","DEFAULT",false,true
"0004ddd8","_ZTVSt23_Sp_counted_ptr_inplaceINSt13__future_base15_Deferred_stateINSt6thread8_InvokerISt5tupleIJZN13BufferHandles7ProcessEvEUlvE0_EEEEvEESaIvELN9__gnu_cxx12_Lock_policyE2EE","Global","Label","IMPORTED",false,false
"0004ddd8","vtable","std::_Sp_counted_ptr_inplace<std::__future_base::_Deferred_state<std::thread::_Invoker<std::tuple<BufferHandles::Process()::{lambda()#2}>>,void>,std::allocator<void>,(__gnu_cxx::_Lock_policy)2>","Label","ANALYSIS",false,true
"0004dde0","PTR_~_Sp_counted_ptr_inplace_0004dde0","Global","Label","DEFAULT",false,true
"0004ddf4","_ZTVNSt6thread11_State_implINS_8_InvokerISt5tupleIJMNSt13__future_base17_Async_state_implINS1_IS2_IJZN13BufferHandles7ProcessEvEUlvE0_EEEEvEEFvvEPS9_EEEEEE","Global","Label","IMPORTED",false,false
"0004ddf4","vtable","std::thread::_State_impl<std::thread::_Invoker<std::tuple<void(std::__future_base::_Async_state_impl<std::thread::_Invoker<std::tuple<BufferHandles::Process()::{lambda()#2}>>,void>::*)(),std::__future_base::_Async_state_impl<std::thread::_Invoker<std::tuple<BufferHandles::Process()::{lambda()#2}>>,void>*>>>","Label","ANALYSIS",false,true
"0004ddfc","PTR_~_State_impl_0004ddfc","Global","Label","DEFAULT",false,true
"0004de20","PTR_vtable_0004de20","Global","Label","DEFAULT",false,true
"0004de54","PTR_FUN_0004de54","Global","Label","DEFAULT",false,true
"0004de64","_DYNAMIC","Global","Label","IMPORTED",false,true
"0004df1c","PTR_vtable_0004df1c","Global","Label","DEFAULT",false,true
"0004df34","PTR_vtable_0004df34","Global","Label","DEFAULT",false,true
"0004df38","PTR__M_invoke_0004df38","Global","Label","DEFAULT",false,true
"0004df44","PTR_vsnprintf_0004df44","Global","Label","DEFAULT",false,true
"0004df48","PTR__M_thread_deps_never_run_0004df48","Global","Label","DEFAULT",false,true
"0004df4c","PTR_vtable_0004df4c","Global","Label","DEFAULT",false,true
"0004df54","PTR__M_run_0004df54","Global","Label","DEFAULT",false,true
"0004df58","PTR_0004df58","Global","Label","DEFAULT",false,true
"0004df78","PTR_vtable_0004df78","Global","Label","DEFAULT",false,true
"0004df84","PTR_join_0004df84","Global","Label","DEFAULT",false,true
"0004df88","PTR__M_manager_0004df88","Global","Label","DEFAULT",false,true
"0004df8c","PTR_vtable_0004df8c","Global","Label","DEFAULT",false,true
"0004df98","PTR_~string_0004df98","Global","Label","DEFAULT",false,true
"0004dfa4","PTR__FUN_0004dfa4","Global","Label","DEFAULT",false,true
"0004dfac","PTR___once_proxy_0004dfac","Global","Label","DEFAULT",false,true
"0004dfb4","PTR_vtable_0004dfb4","Global","Label","DEFAULT",false,true
"0004dfc4","PTR_vtable_0004dfc4","Global","Label","DEFAULT",false,true
"0004dfcc","PTR_DAT_0004dfcc","Global","Label","DEFAULT",false,true
"0004dfd0","PTR_vtable_0004dfd0","Global","Label","DEFAULT",false,true
"0004dfe0","PTR_0004dfe0","Global","Label","DEFAULT",false,true
"0004dfec","PTR__M_do_set_0004dfec","Global","Label","DEFAULT",false,true
"0004dff0","PTR__FUN_0004dff0","Global","Label","DEFAULT",false,true
"0004dff4","__DT_PLTGOT","Global","Label","IMPORTED",false,true
"0004dff8","PTR_0004dff8","Global","Label","DEFAULT",false,true
"0004dffc","PTR_0004dffc","Global","Label","DEFAULT",false,true
"0004e010","PTR_operator.new[]_0004e010","Global","Label","DEFAULT",false,true
"0004e02c","PTR___throw_future_error_0004e02c","Global","Label","DEFAULT",false,true
"0004e030","PTR_strerror_0004e030","Global","Label","DEFAULT",false,true
"0004e034","PTR_memmove_0004e034","Global","Label","DEFAULT",false,true
"0004e044","PTR___to_xstring<std::__cxx11::string,char>_0004e044","Global","Label","DEFAULT",false,true
"0004e048","PTR_string_0004e048","Global","Label","DEFAULT",false,true
"0004e04c","PTR_memcpy_0004e04c","Global","Label","DEFAULT",false,true
"0004e050","PTR_pthread_cancel_0004e050","Global","Label","DEFAULT",false,true
"0004e058","PTR__M_dispose_0004e058","Global","Label","DEFAULT",false,true
"0004e064","PTR_wait_0004e064","Global","Label","DEFAULT",false,true
"0004e06c","PTR_lock_0004e06c","Global","Label","DEFAULT",false,true
"0004e070","PTR_operator[]_0004e070","Global","Label","DEFAULT",false,true
"0004e078","PTR___throw_bad_alloc_0004e078","Global","Label","DEFAULT",false,true
"0004e080","PTR__S_copy_0004e080","Global","Label","DEFAULT",false,true
"0004e088","PTR___to_chars_len<unsigned_int>_0004e088","Global","Label","DEFAULT",false,true
"0004e08c","PTR_sleep_for<long_long,std::ratio<1ll,1000ll>>_0004e08c","Global","Label","DEFAULT",false,true
"0004e090","PTR___throw_length_error_0004e090","Global","Label","DEFAULT",false,true
"0004e094","PTR__Result_base_0004e094","Global","Label","DEFAULT",false,true
"0004e09c","PTR_string<std::allocator<char>>_0004e09c","Global","Label","DEFAULT",false,true
"0004e0a0","PTR_notify_one_0004e0a0","Global","Label","DEFAULT",false,true
"0004e0a8","PTR_terminate_0004e0a8","Global","Label","DEFAULT",false,true
"0004e0ac","PTR_~_Function_base_0004e0ac","Global","Label","DEFAULT",false,true
"0004e0b0","PTR__M_break_promise_0004e0b0","Global","Label","DEFAULT",false,true
"0004e0bc","PTR_nanosleep_0004e0bc","Global","Label","DEFAULT",false,true
"0004e0c8","PTR_~thread_0004e0c8","Global","Label","DEFAULT",false,true
"0004e0cc","PTR__M_construct_0004e0cc","Global","Label","DEFAULT",false,true
"0004e0d0","PTR_operator==_0004e0d0","Global","Label","DEFAULT",false,true
"0004e0d8","PTR_operator.delete_0004e0d8","Global","Label","DEFAULT",false,true
"0004e0f4","PTR_pthread_once_0004e0f4","Global","Label","DEFAULT",false,true
"0004e0f8","PTR__Unwind_Resume_0004e0f8","Global","Label","DEFAULT",false,true
"0004e0fc","PTR__M_rehash_0004e0fc","Global","Label","DEFAULT",false,true
"0004e118","PTR___cxa_throw_bad_array_new_length_0004e118","Global","Label","DEFAULT",false,true
"0004e11c","PTR_~unique_lock_0004e11c","Global","Label","DEFAULT",false,true
"0004e120","PTR___throw_bad_array_new_length_0004e120","Global","Label","DEFAULT",false,true
"0004e12c","PTR___cxa_atexit_0004e12c","Global","Label","DEFAULT",false,true
"0004e130","PTR__M_need_rehash_0004e130","Global","Label","DEFAULT",false,true
"0004e150","PTR_operator.delete[]_0004e150","Global","Label","DEFAULT",false,true
"0004e15c","PTR___assert_fail_0004e15c","Global","Label","DEFAULT",false,true
"0004e160","PTR__M_set_result_0004e160","Global","Label","DEFAULT",false,true
"0004e174","PTR__M_futex_notify_all_0004e174","Global","Label","DEFAULT",false,true
"0004e178","PTR_to_string_0004e178","Global","Label","DEFAULT",false,true
"0004e188","PTR_~__shared_count_0004e188","Global","Label","DEFAULT",false,true
"0004e190","PTR_detach_0004e190","Global","Label","DEFAULT",false,true
"0004e198","PTR__Async_state_impl<BufferHandles::Process()::{lambda()#2}>_0004e198","Global","Label","DEFAULT",false,true
"0004e1a0","PTR_pthread_mutex_lock_0004e1a0","Global","Label","DEFAULT",false,true
"0004e1a4","PTR_unlock_0004e1a4","Global","Label","DEFAULT",false,true
"0004e1b4","PTR_operator.new_0004e1b4","Global","Label","DEFAULT",false,true
"0004e1b8","PTR___errno_location_0004e1b8","Global","Label","DEFAULT",false,true
"0004e1bc","PTR_atoi_0004e1bc","Global","Label","DEFAULT",false,true
"0004e1c0","PTR_~unique_ptr_0004e1c0","Global","Label","DEFAULT",false,true
"0004e1cc","PTR____tls_get_addr_0004e1cc","Global","Label","DEFAULT",false,true
"0004e1d4","PTR__M_assign_0004e1d4","Global","Label","DEFAULT",false,true
"0004e1d8","PTR__M_replace_0004e1d8","Global","Label","DEFAULT",false,true
"0004e1e0","PTR_condition_variable_0004e1e0","Global","Label","DEFAULT",false,true
"0004e1e8","PTR_logic_error_0004e1e8","Global","Label","DEFAULT",false,true
"0004e1ec","PTR___to_chars_10_impl<unsigned_int>_0004e1ec","Global","Label","DEFAULT",false,true
"0004e1f4","PTR_current_exception_0004e1f4","Global","Label","DEFAULT",false,true
"0004e1f8","PTR__M_is_local_0004e1f8","Global","Label","DEFAULT",false,true
"0004e200","PTR___throw_system_error_0004e200","Global","Label","DEFAULT",false,true
"0004e204","PTR__M_start_thread_0004e204","Global","Label","DEFAULT",false,true
"0004e208","PTR_free_0004e208","Global","Label","DEFAULT",false,true
"0004e220","DAT_0004e220","Global","Label","DEFAULT",false,true
"0004e370","PTR_s_subtract_mass_0004e370","Global","Label","DEFAULT",false,true
"0004e378","s_subtract_mass_0004e378","Global","Label","DEFAULT",false,true
"0004e388","PTR_s_subtract_accel_0004e388","Global","Label","DEFAULT",false,true
"0004e390","s_subtract_accel_0004e390","Global","Label","DEFAULT",false,true
"0004e3a0","PTR_s_add_mass_0004e3a0","Global","Label","DEFAULT",false,true
"0004e3a8","s_add_mass_0004e3a8","Global","Label","DEFAULT",false,true
"0004e3b8","PTR_s_add_accel_0004e3b8","Global","Label","DEFAULT",false,true
"0004e3c0","s_add_accel_0004e3c0","Global","Label","DEFAULT",false,true
"0004e3d0","PTR_s_add_max_speed_0004e3d0","Global","Label","DEFAULT",false,true
"0004e3d8","s_add_max_speed_0004e3d8","Global","Label","DEFAULT",false,true
"0004e3e8","PTR_s_set_heavy_0004e3e8","Global","Label","DEFAULT",false,true
"0004e3f0","s_set_heavy_0004e3f0","Global","Label","DEFAULT",false,true
"0004e400","PTR_s_set_drive_type_0004e400","Global","Label","DEFAULT",false,true
"0004e408","s_set_drive_type_0004e408","Global","Label","DEFAULT",false,true
"0004e418","PTR_s_set_gears_0004e418","Global","Label","DEFAULT",false,true
"0004e420","s_set_gears_0004e420","Global","Label","DEFAULT",false,true
"0004e430","PTR_s_set_mass_0004e430","Global","Label","DEFAULT",false,true
"0004e438","s_set_mass_0004e438","Global","Label","DEFAULT",false,true
"0004e448","PTR_s_set_accel_0004e448","Global","Label","DEFAULT",false,true
"0004e450","s_set_accel_0004e450","Global","Label","DEFAULT",false,true
"0004e460","PTR_s_max_speed_0004e460","Global","Label","DEFAULT",false,true
"0004e468","s_max_speed_0004e468","Global","Label","DEFAULT",false,true
"0004e480","DAT_0004e480","Global","Label","DEFAULT",false,true
"0004e494","s_subtract_mass_0004e494","Global","Label","DEFAULT",false,true
"0004e6a4","PTR_s_subtract_mass_0004e6a4","Global","Label","DEFAULT",false,true
"0004e6ac","s_subtract_mass_0004e6ac","Global","Label","DEFAULT",false,true
"0004e6d4","PTR_s_add_mass_0004e6d4","Global","Label","DEFAULT",false,true
"0004e6dc","s_add_mass_0004e6dc","Global","Label","DEFAULT",false,true
"0004e6ec","PTR_s_add_accel_0004e6ec","Global","Label","DEFAULT",false,true
"0004e6f4","s_add_accel_0004e6f4","Global","Label","DEFAULT",false,true
"0004e704","PTR_s_add_max_speed_0004e704","Global","Label","DEFAULT",false,true
"0004e70c","s_add_max_speed_0004e70c","Global","Label","DEFAULT",false,true
"0004e734","PTR_s_set_drive_type_0004e734","Global","Label","DEFAULT",false,true
"0004e73c","s_set_drive_type_0004e73c","Global","Label","DEFAULT",false,true
"0004e74c","PTR_s_set_gears_0004e74c","Global","Label","DEFAULT",false,true
"0004e754","s_set_gears_0004e754","Global","Label","DEFAULT",false,true
"0004e764","PTR_s_set_mass_0004e764","Global","Label","DEFAULT",false,true
"0004e76c","s_set_mass_0004e76c","Global","Label","DEFAULT",false,true
"0004e77c","PTR_s_set_accel_0004e77c","Global","Label","DEFAULT",false,true
"0004e784","s_set_accel_0004e784","Global","Label","DEFAULT",false,true
"0004e794","PTR_s_max_speed_0004e794","Global","Label","DEFAULT",false,true
"0004e79c","s_max_speed_0004e79c","Global","Label","DEFAULT",false,true
"0004e7c0","DAT_0004e7c0","Global","Label","DEFAULT",false,true
"0004e7e0","DAT_0004e7e0","Global","Label","DEFAULT",false,true
"0004e7e1","DAT_0004e7e1","Global","Label","DEFAULT",false,true
"0004e7e4","DAT_0004e7e4","Global","Label","DEFAULT",false,true
"0004eac0","DAT_0004eac0","Global","Label","DEFAULT",false,true
"0004eae0","DAT_0004eae0","Global","Label","DEFAULT",false,true
"0004eae4","DAT_0004eae4","Global","Label","DEFAULT",false,true
"0004eae8","DAT_0004eae8","Global","Label","DEFAULT",false,true
"0004eaec","DAT_0004eaec","Global","Label","DEFAULT",false,true
"0004eaf0","DAT_0004eaf0","Global","Label","DEFAULT",false,true
"0004eaf4","DAT_0004eaf4","Global","Label","DEFAULT",false,true
"0004eaf8","DAT_0004eaf8","Global","Label","DEFAULT",false,true
"0004eafc","DAT_0004eafc","Global","Label","DEFAULT",false,true
"0004eb00","DAT_0004eb00","Global","Label","DEFAULT",false,true
"0004eb04","DAT_0004eb04","Global","Label","DEFAULT",false,true
"0004eb08","DAT_0004eb08","Global","Label","DEFAULT",false,true
"0004eb38","DAT_0004eb38","Global","Label","DEFAULT",false,true
"0004eb3c","DAT_0004eb3c","Global","Label","DEFAULT",false,true
"0004eb54","DAT_0004eb54","Global","Label","DEFAULT",false,true
"0004eb6c","DAT_0004eb6c","Global","Label","DEFAULT",false,true
"0004eb84","DAT_0004eb84","Global","Label","DEFAULT",false,true
"0004eb9c","DAT_0004eb9c","Global","Label","DEFAULT",false,true
"0004ebb4","DAT_0004ebb4","Global","Label","DEFAULT",false,true
"0004ebcc","DAT_0004ebcc","Global","Label","DEFAULT",false,true
"0004ebe4","DAT_0004ebe4","Global","Label","DEFAULT",false,true
"0004ec00","DAT_0004ec00","Global","Label","DEFAULT",false,true
"0004ec18","DAT_0004ec18","Global","Label","DEFAULT",false,true
"0004ec1c","DAT_0004ec1c","Global","Label","DEFAULT",false,true
"0004ec20","DAT_0004ec20","Global","Label","DEFAULT",false,true
"0004ec24","DAT_0004ec24","Global","Label","DEFAULT",false,true
"0004ec28","DAT_0004ec28","Global","Label","DEFAULT",false,true
"0004ec2c","DAT_0004ec2c","Global","Label","DEFAULT",false,true
"0004ec34","DAT_0004ec34","Global","Label","DEFAULT",false,true
"0004ec38","DAT_0004ec38","Global","Label","DEFAULT",false,true
"0004ec3c","DAT_0004ec3c","Global","Label","DEFAULT",false,true
"0004ec40","DAT_0004ec40","Global","Label","DEFAULT",false,true
"0004ec44","DAT_0004ec44","Global","Label","DEFAULT",false,true
"0004ec4c","DAT_0004ec4c","Global","Label","DEFAULT",false,true
"0004ed70","DAT_0004ed70","Global","Label","DEFAULT",false,true
"0004edd0","DAT_0004edd0","Global","Label","DEFAULT",false,true
"0004f42c","DAT_0004f42c","Global","Label","DEFAULT",false,true
"0004f430","DAT_0004f430","Global","Label","DEFAULT",false,true
"0004f440","DAT_0004f440","Global","Label","DEFAULT",false,true
"0004f4e0","DAT_0004f4e0","Global","Label","DEFAULT",false,true
"0004f500","DAT_0004f500","Global","Label","DEFAULT",false,true
"0004f504","DAT_0004f504","Global","Label","DEFAULT",false,true
"0004f510","DAT_0004f510","Global","Label","DEFAULT",false,true
"0004f520","DAT_0004f520","Global","Label","DEFAULT",false,true
"0004f524","DAT_0004f524","Global","Label","DEFAULT",false,true
"0004f53c","DAT_0004f53c","Global","Label","DEFAULT",false,true
"0004f56c","DAT_0004f56c","Global","Label","DEFAULT",false,true
"0004f584","DAT_0004f584","Global","Label","DEFAULT",false,true
"0004f59c","DAT_0004f59c","Global","Label","DEFAULT",false,true
"0004f5b4","DAT_0004f5b4","Global","Label","DEFAULT",false,true
"0004f5cc","DAT_0004f5cc","Global","Label","DEFAULT",false,true
"0004f5e4","DAT_0004f5e4","Global","Label","DEFAULT",false,true
"00050000","_M_replace_cold","<EXTERNAL>::std::__cxx11::string","Function","DEFAULT",false,true
"00050004","putchar","<EXTERNAL>","Function","DEFAULT",false,true
"00050008","clock_gettime","<EXTERNAL>","Function","DEFAULT",false,true
"0005000c","operator.new[]","<EXTERNAL>","Function","DEFAULT",false,true
"00050010","operator<<","<EXTERNAL>::std","Function","DEFAULT",false,true
"00050014","__divdi3","Global","Label","IMPORTED",false,true
"00050018","__cxa_rethrow","<EXTERNAL>","Function","DEFAULT",false,true
"0005001c","__strcpy_chk","<EXTERNAL>","Function","DEFAULT",false,true
"00050020","sysconf","<EXTERNAL>","Function","DEFAULT",false,true
"00050024","~future_error","<EXTERNAL>::std::future_error","Function","DEFAULT",false,true
"00050028","__throw_future_error","<EXTERNAL>::std","Function","DEFAULT",false,true
"0005002c","strerror","<EXTERNAL>","Function","DEFAULT",false,true
"00050030","memmove","<EXTERNAL>","Function","DEFAULT",false,true
"00050034","munmap","<EXTERNAL>","Function","DEFAULT",false,true
"00050038","ios_base_library_init","<EXTERNAL>::std","Function","DEFAULT",false,true
"0005003c","getenv","<EXTERNAL>","Function","DEFAULT",false,true
"00050040","bsearch","<EXTERNAL>","Function","DEFAULT",false,true
"00050044","memcpy","<EXTERNAL>","Function","DEFAULT",false,true
"00050048","pthread_cancel","<EXTERNAL>","Function","DEFAULT",false,true
"0005004c","puts","<EXTERNAL>","Function","DEFAULT",false,true
"00050050","_ZTISt12out_of_range","Global","Label","IMPORTED",false,false
"00050050","typeinfo","std::out_of_range","Label","ANALYSIS",false,true
"00050054","malloc","<EXTERNAL>","Function","DEFAULT",false,true
"00050058","__isoc23_strtol","<EXTERNAL>","Function","DEFAULT",false,true
"0005005c","wait","<EXTERNAL>::std::condition_variable","Function","DEFAULT",false,true
"00050060","vsnprintf","Global","Label","IMPORTED",false,true
"00050064","__throw_bad_alloc","<EXTERNAL>::std","Function","DEFAULT",false,true
"00050068","dladdr","<EXTERNAL>","Function","DEFAULT",false,true
"0005006c","_ZTVN10__cxxabiv120__si_class_type_infoE","Global","Label","IMPORTED",false,false
"0005006c","vtable","__cxxabiv1::__si_class_type_info","Label","ANALYSIS",false,true
"00050070","mmap","<EXTERNAL>","Function","DEFAULT",false,true
"00050074","__throw_length_error","<EXTERNAL>::std","Function","DEFAULT",false,true
"00050078","_Result_base","<EXTERNAL>::std::__future_base::_Result_base","Function","DEFAULT",false,true
"0005007c","__cxa_end_catch","<EXTERNAL>","Function","DEFAULT",false,true
"00050080","notify_one","<EXTERNAL>::std::condition_variable","Function","DEFAULT",false,true
"00050084","terminate","<EXTERNAL>::std","Function","DEFAULT",false,true
"00050088","hardware_concurrency","<EXTERNAL>::std::thread","Function","DEFAULT",false,true
"0005008c","generic_category","<EXTERNAL>::std::_V2","Function","DEFAULT",false,true
"00050090","nanosleep","<EXTERNAL>","Function","DEFAULT",false,true
"00050094","__gxx_personality_v0","Global","Label","IMPORTED",false,true
"00050098","_ZTISt9exception","Global","Label","IMPORTED",false,false
"00050098","typeinfo","std::exception","Label","ANALYSIS",false,true
"0005009c","calloc","<EXTERNAL>","Function","DEFAULT",false,true
"000500a0","_ZTVSt12future_error","Global","Label","IMPORTED",false,false
"000500a0","vtable","std::future_error","Label","ANALYSIS",false,true
"000500a4","atof","<EXTERNAL>","Function","DEFAULT",false,true
"000500a8","operator.delete","<EXTERNAL>","Function","DEFAULT",false,true
"000500ac","operator<<","<EXTERNAL>::std::ostream","Function","DEFAULT",false,true
"000500b0","__cxa_init_primary_exception","<EXTERNAL>","Function","DEFAULT",false,true
"000500b4","pthread_once","<EXTERNAL>","Function","DEFAULT",false,true
"000500b8","_Unwind_Resume","<EXTERNAL>","Function","DEFAULT",false,true
"000500bc","operator<<","<EXTERNAL>::std::ostream","Function","DEFAULT",false,true
"000500c0","logic_error","<EXTERNAL>::std::logic_error","Function","DEFAULT",false,true
"000500c4","join","<EXTERNAL>::std::thread","Function","DEFAULT",false,true
"000500c8","operator<<","<EXTERNAL>::std::ostream","Function","DEFAULT",false,true
"000500cc","dlopen","<EXTERNAL>","Function","DEFAULT",false,true
"000500d0","_ZTISt12system_error","Global","Label","IMPORTED",false,false
"000500d0","typeinfo","std::system_error","Label","ANALYSIS",false,true
"000500d4","strncpy","<EXTERNAL>","Function","DEFAULT",false,true
"000500d8","__cxa_throw_bad_array_new_length","<EXTERNAL>","Function","DEFAULT",false,true
"000500dc","__throw_bad_array_new_length","<EXTERNAL>::std","Function","DEFAULT",false,true
"000500e0","realloc","<EXTERNAL>","Function","DEFAULT",false,true
"000500e4","__cxa_atexit","<EXTERNAL>","Function","DEFAULT",false,true
"000500e8","_M_need_rehash","<EXTERNAL>::std::__detail::_Prime_rehash_policy","Function","DEFAULT",false,true
"000500ec","memcmp","<EXTERNAL>","Function","DEFAULT",false,true
"000500f0","__vprintf_chk","<EXTERNAL>","Function","DEFAULT",false,true
"000500f4","dlsym","<EXTERNAL>","Function","DEFAULT",false,true
"000500f8","__throw_logic_error","<EXTERNAL>::std","Function","DEFAULT",false,true
"000500fc","_ZTVN10__cxxabiv117__class_type_infoE","Global","Label","IMPORTED",false,false
"000500fc","vtable","__cxxabiv1::__class_type_info","Label","ANALYSIS",false,true
"00050100","__snprintf_chk","<EXTERNAL>","Function","DEFAULT",false,true
"00050104","__throw_bad_function_call","<EXTERNAL>::std","Function","DEFAULT",false,true
"00050108","operator.delete[]","<EXTERNAL>","Function","DEFAULT",false,true
"0005010c","__memcpy_chk","<EXTERNAL>","Function","DEFAULT",false,true
"00050110","future_category","<EXTERNAL>::std","Function","DEFAULT",false,true
"00050114","__assert_fail","<EXTERNAL>","Function","DEFAULT",false,true
"00050118","strcmp","<EXTERNAL>","Function","DEFAULT",false,true
"0005011c","pthread_mutex_unlock","<EXTERNAL>","Function","DEFAULT",false,true
"00050120","~condition_variable","<EXTERNAL>::std::condition_variable","Function","DEFAULT",false,true
"00050124","__once_proxy","Global","Label","IMPORTED",false,true
"00050128","_M_futex_notify_all","<EXTERNAL>::std::__atomic_futex_unsigned_base","Function","DEFAULT",false,true
"0005012c","_ZTIN10__cxxabiv115__forced_unwindE","Global","Label","IMPORTED",false,false
"0005012c","typeinfo","__cxxabiv1::__forced_unwind","Label","ANALYSIS",false,true
"00050130","_ZTISt12future_error","Global","Label","IMPORTED",false,false
"00050130","typeinfo","std::future_error","Label","ANALYSIS",false,true
"00050134","_ZTINSt6thread6_StateE","Global","Label","IMPORTED",false,false
"00050134","typeinfo","std::thread::_State","Label","ANALYSIS",false,true
"00050138","~_Result_base","<EXTERNAL>::std::__future_base::_Result_base","Function","DEFAULT",false,true
"0005013c","pthread_self","<EXTERNAL>","Function","DEFAULT",false,true
"00050140","__cxa_begin_catch","<EXTERNAL>","Function","DEFAULT",false,true
"00050144","detach","<EXTERNAL>::std::thread","Function","DEFAULT",false,true
"00050148","__cxa_allocate_exception","<EXTERNAL>","Function","DEFAULT",false,true
"0005014c","endl<char,std::char_traits<char>>","<EXTERNAL>::std","Function","DEFAULT",false,true
"00050150","pthread_mutex_lock","<EXTERNAL>","Function","DEFAULT",false,true
"00050154","__divmoddi4","<EXTERNAL>","Function","DEFAULT",false,true
"00050158","_ZSt4cout","Global","Label","IMPORTED",false,false
"00050158","cout","std","Label","ANALYSIS",false,true
"0005015c","~_State","<EXTERNAL>::std::thread::_State","Function","DEFAULT",false,true
"00050160","operator.new","<EXTERNAL>","Function","DEFAULT",false,true
"00050164","__errno_location","<EXTERNAL>","Function","DEFAULT",false,true
"00050168","_ZTINSt13__future_base12_Result_baseE","Global","Label","IMPORTED",false,false
"00050168","typeinfo","std::__future_base::_Result_base","Label","ANALYSIS",false,true
"0005016c","atoi","<EXTERNAL>","Function","DEFAULT",false,true
"00050170","__vsnprintf_chk","<EXTERNAL>","Function","DEFAULT",false,true
"00050174","_M_release","<EXTERNAL>::std::__exception_ptr::exception_ptr","Function","DEFAULT",false,true
"00050178","___tls_get_addr","<EXTERNAL>","Function","DEFAULT",false,true
"0005017c","strlen","<EXTERNAL>","Function","DEFAULT",false,true
"00050180","exception_ptr","<EXTERNAL>::std::__exception_ptr::exception_ptr","Function","DEFAULT",false,true
"00050184","condition_variable","<EXTERNAL>::std::condition_variable","Function","DEFAULT",false,true
"00050188","mprotect","<EXTERNAL>","Function","DEFAULT",false,true
"0005018c","logic_error","<EXTERNAL>::std::logic_error","Function","DEFAULT",false,true
"00050190","current_exception","<EXTERNAL>::std","Function","DEFAULT",false,true
"00050194","__throw_system_error","<EXTERNAL>::std","Function","DEFAULT",false,true
"00050198","_M_start_thread","<EXTERNAL>::std::thread","Function","DEFAULT",false,true
"0005019c","free","<EXTERNAL>","Function","DEFAULT",false,true
"081ca4bc","DAT_081ca4bc","Global","Label","DEFAULT",false,true
"560001ee","LAB_560001ee","Global","Label","DEFAULT",false,true
"56006a4c","DAT_56006a4c","Global","Label","DEFAULT",false,true
"56006a50","DAT_56006a50","Global","Label","DEFAULT",false,true
"56006a54","DAT_56006a54","Global","Label","DEFAULT",false,true
"56006a58","DAT_56006a58","Global","Label","DEFAULT",false,true
"8d58ffff","DAT_8d58ffff","Global","Label","DEFAULT",false,true
"8e02a2ec","LAB_8e02a2ec","Global","Label","DEFAULT",false,true
"EXTERNAL:00000001","terminate","<EXTERNAL>::std","Function","IMPORTED",true,true
"EXTERNAL:00000002","_Unwind_Resume","<EXTERNAL>","Function","IMPORTED",true,true
"EXTERNAL:00000003","__assert_fail","<EXTERNAL>","Function","IMPORTED",true,true
"EXTERNAL:00000004","join","<EXTERNAL>::std::thread","Function","IMPORTED",true,true
"EXTERNAL:00000005","_M_replace_cold","<EXTERNAL>::std::__cxx11::string","Function","IMPORTED",true,true
"EXTERNAL:00000006","putchar","<EXTERNAL>","Function","IMPORTED",true,true
"EXTERNAL:00000007","clock_gettime","<EXTERNAL>","Function","IMPORTED",true,true
"EXTERNAL:00000008","operator.new[]","<EXTERNAL>","Function","IMPORTED",true,true
"EXTERNAL:00000009","operator<<","<EXTERNAL>::std","Function","IMPORTED",true,true
"EXTERNAL:0000000a","__cxa_rethrow","<EXTERNAL>","Function","IMPORTED",true,true
"EXTERNAL:0000000b","__strcpy_chk","<EXTERNAL>","Function","IMPORTED",true,true
"EXTERNAL:0000000c","sysconf","<EXTERNAL>","Function","IMPORTED",true,true
"EXTERNAL:0000000d","~future_error","<EXTERNAL>::std::future_error","Function","IMPORTED",true,true
"EXTERNAL:0000000e","__throw_future_error","<EXTERNAL>::std","Function","IMPORTED",true,true
"EXTERNAL:0000000f","strerror","<EXTERNAL>","Function","IMPORTED",true,true
"EXTERNAL:00000010","memmove","<EXTERNAL>","Function","IMPORTED",true,true
"EXTERNAL:00000011","munmap","<EXTERNAL>","Function","IMPORTED",true,true
"EXTERNAL:00000012","getenv","<EXTERNAL>","Function","IMPORTED",true,true
"EXTERNAL:00000013","bsearch","<EXTERNAL>","Function","IMPORTED",true,true
"EXTERNAL:00000014","memcpy","<EXTERNAL>","Function","IMPORTED",true,true
"EXTERNAL:00000015","pthread_cancel","<EXTERNAL>","Function","IMPORTED",true,true
"EXTERNAL:00000016","puts","<EXTERNAL>","Function","IMPORTED",true,true
"EXTERNAL:00000017","malloc","<EXTERNAL>","Function","IMPORTED",true,true
"EXTERNAL:00000018","__isoc23_strtol","<EXTERNAL>","Function","IMPORTED",true,true
"EXTERNAL:00000019","wait","<EXTERNAL>::std::condition_variable","Function","IMPORTED",true,true
"EXTERNAL:0000001a","__throw_bad_alloc","<EXTERNAL>::std","Function","IMPORTED",true,true
"EXTERNAL:0000001b","dladdr","<EXTERNAL>","Function","IMPORTED",true,true
"EXTERNAL:0000001c","mmap","<EXTERNAL>","Function","IMPORTED",true,true
"EXTERNAL:0000001d","__throw_length_error","<EXTERNAL>::std","Function","IMPORTED",true,true
"EXTERNAL:0000001e","_Result_base","<EXTERNAL>::std::__future_base::_Result_base","Function","IMPORTED",true,true
"EXTERNAL:0000001f","__cxa_end_catch","<EXTERNAL>","Function","IMPORTED",true,true
"EXTERNAL:00000020","notify_one","<EXTERNAL>::std::condition_variable","Function","IMPORTED",true,true
"EXTERNAL:00000021","hardware_concurrency","<EXTERNAL>::std::thread","Function","IMPORTED",true,true
"EXTERNAL:00000022","generic_category","<EXTERNAL>::std::_V2","Function","IMPORTED",true,true
"EXTERNAL:00000023","nanosleep","<EXTERNAL>","Function","IMPORTED",true,true
"EXTERNAL:00000024","calloc","<EXTERNAL>","Function","IMPORTED",true,true
"EXTERNAL:00000025","atof","<EXTERNAL>","Function","IMPORTED",true,true
"EXTERNAL:00000026","operator.delete","<EXTERNAL>","Function","IMPORTED",true,true
"EXTERNAL:00000027","operator<<","<EXTERNAL>::std::ostream","Function","IMPORTED",true,true
"EXTERNAL:00000028","__cxa_init_primary_exception","<EXTERNAL>","Function","IMPORTED",true,true
"EXTERNAL:00000029","pthread_once","<EXTERNAL>","Function","IMPORTED",true,true
"EXTERNAL:0000002a","operator<<","<EXTERNAL>::std::ostream","Function","IMPORTED",true,true
"EXTERNAL:0000002b","logic_error","<EXTERNAL>::std::logic_error","Function","IMPORTED",true,true
"EXTERNAL:0000002c","operator<<","<EXTERNAL>::std::ostream","Function","IMPORTED",true,true
"EXTERNAL:0000002d","dlopen","<EXTERNAL>","Function","IMPORTED",true,true
"EXTERNAL:0000002e","strncpy","<EXTERNAL>","Function","IMPORTED",true,true
"EXTERNAL:0000002f","__cxa_throw_bad_array_new_length","<EXTERNAL>","Function","IMPORTED",true,true
"EXTERNAL:00000030","__throw_bad_array_new_length","<EXTERNAL>::std","Function","IMPORTED",true,true
"EXTERNAL:00000031","realloc","<EXTERNAL>","Function","IMPORTED",true,true
"EXTERNAL:00000032","__cxa_atexit","<EXTERNAL>","Function","IMPORTED",true,true
"EXTERNAL:00000033","_M_need_rehash","<EXTERNAL>::std::__detail::_Prime_rehash_policy","Function","IMPORTED",true,true
"EXTERNAL:00000034","memcmp","<EXTERNAL>","Function","IMPORTED",true,true
"EXTERNAL:00000035","__vprintf_chk","<EXTERNAL>","Function","IMPORTED",true,true
"EXTERNAL:00000036","dlsym","<EXTERNAL>","Function","IMPORTED",true,true
"EXTERNAL:00000037","__throw_logic_error","<EXTERNAL>::std","Function","IMPORTED",true,true
"EXTERNAL:00000038","__snprintf_chk","<EXTERNAL>","Function","IMPORTED",true,true
"EXTERNAL:00000039","__throw_bad_function_call","<EXTERNAL>::std","Function","IMPORTED",true,true
"EXTERNAL:0000003a","operator.delete[]","<EXTERNAL>","Function","IMPORTED",true,true
"EXTERNAL:0000003b","__memcpy_chk","<EXTERNAL>","Function","IMPORTED",true,true
"EXTERNAL:0000003c","future_category","<EXTERNAL>::std","Function","IMPORTED",true,true
"EXTERNAL:0000003d","strcmp","<EXTERNAL>","Function","IMPORTED",true,true
"EXTERNAL:0000003e","pthread_mutex_unlock","<EXTERNAL>","Function","IMPORTED",true,true
"EXTERNAL:0000003f","~condition_variable","<EXTERNAL>::std::condition_variable","Function","IMPORTED",true,true
"EXTERNAL:00000040","_M_futex_notify_all","<EXTERNAL>::std::__atomic_futex_unsigned_base","Function","IMPORTED",true,true
"EXTERNAL:00000041","~_Result_base","<EXTERNAL>::std::__future_base::_Result_base","Function","IMPORTED",true,true
"EXTERNAL:00000042","pthread_self","<EXTERNAL>","Function","IMPORTED",true,true
"EXTERNAL:00000043","__cxa_begin_catch","<EXTERNAL>","Function","IMPORTED",true,true
"EXTERNAL:00000044","detach","<EXTERNAL>::std::thread","Function","IMPORTED",true,true
"EXTERNAL:00000045","__cxa_allocate_exception","<EXTERNAL>","Function","IMPORTED",true,true
"EXTERNAL:00000046","endl<char,std::char_traits<char>>","<EXTERNAL>::std","Function","IMPORTED",true,true
"EXTERNAL:00000047","pthread_mutex_lock","<EXTERNAL>","Function","IMPORTED",true,true
"EXTERNAL:00000048","__divmoddi4","<EXTERNAL>","Function","IMPORTED",true,true
"EXTERNAL:00000049","~_State","<EXTERNAL>::std::thread::_State","Function","IMPORTED",true,true
"EXTERNAL:0000004a","operator.new","<EXTERNAL>","Function","IMPORTED",true,true
"EXTERNAL:0000004b","__errno_location","<EXTERNAL>","Function","IMPORTED",true,true
"EXTERNAL:0000004c","atoi","<EXTERNAL>","Function","IMPORTED",true,true
"EXTERNAL:0000004d","__vsnprintf_chk","<EXTERNAL>","Function","IMPORTED",true,true
"EXTERNAL:0000004e","_M_release","<EXTERNAL>::std::__exception_ptr::exception_ptr","Function","IMPORTED",true,true
"EXTERNAL:0000004f","___tls_get_addr","<EXTERNAL>","Function","IMPORTED",true,true
"EXTERNAL:00000050","strlen","<EXTERNAL>","Function","IMPORTED",true,true
"EXTERNAL:00000051","exception_ptr","<EXTERNAL>::std::__exception_ptr::exception_ptr","Function","IMPORTED",true,true
"EXTERNAL:00000052","condition_variable","<EXTERNAL>::std::condition_variable","Function","IMPORTED",true,true
"EXTERNAL:00000053","mprotect","<EXTERNAL>","Function","IMPORTED",true,true
"EXTERNAL:00000054","logic_error","<EXTERNAL>::std::logic_error","Function","IMPORTED",true,true
"EXTERNAL:00000055","__throw_system_error","<EXTERNAL>::std","Function","IMPORTED",true,true
"EXTERNAL:00000056","_M_start_thread","<EXTERNAL>::std::thread","Function","IMPORTED",true,true
"EXTERNAL:00000057","free","<EXTERNAL>","Function","IMPORTED",true,true
"EXTERNAL:00000058","current_exception","<EXTERNAL>::std","Function","IMPORTED",true,true
"EXTERNAL:00000059","ios_base_library_init","<EXTERNAL>::std","Function","IMPORTED",true,true
"_elfSectionHeaders::00000000","Elf32_Shdr_ARRAY__elfSectionHeaders__00000000","Global","Label","DEFAULT",false,true
