entry,name,size
004045b0,IplStore::AddIplsNeededAtPosn,5
004045e0,IplStore::ClearIplsNeededAtPosn,5
004045f0,IplStore::SetIfInteriorIplIsRequired,101
00404660,IplStore::SetIfIplIsRequired,39
00404700,IplStore::SetIplsRequired,127
00404780,IplStore::GetNewIplEntityIndexArray,5
004047b0,IplStore::GetIplEntityIndexArray,5
00404ac0,IplStore::FindIplSlot,88
00404b20,IplStore::RemoveIpl,326
00404c90,IplStore::IncludeEntity,5
00404de0,IplStore::SetupRelatedIpls,799
00405110,IplStore::RemoveRelatedIpls,85
00405170,IplStore::LoadIpls,5
004053f0,IplStore::EnsureIplsAreInMemory,293
00405600,IplStore::HaveIplsLoaded,278
00405720,IplStore::RemoveAllIpls,90
00405780,IplStore::LoadAllRemainingIpls,184
00405850,IplStore::RequestIplAndIgnore,5
00405890,IplStore::RemoveIplAndIgnore,5
004058d0,IplStore::RemoveIplWhenFarAway,5
00405ac0,IplStore::AddIplSlot,5
00405b60,IplStore::RemoveIplSlot,5
00405c00,IplStore::LoadIplBoundingBox,695
00405ec0,IplStore::Initialise,217
00405fa0,IplStore::Shutdown,5
00406080,IplStore::LoadIpl,725
00406370,CdStreamInfo::CdStreamShutdown,103
004063e0,CdStreamInfo::CdStreamGetStatus,5
00406460,CdStreamInfo::CdStreamSync,5
00406690,CdStreamInfo::CdStreamRemoveImages,115
004067b0,CdStreamInfo::CdStreamOpen,5
004068f0,CdStreamInfo::CdStreamInitThread,289
00406a20,CdStreamInfo::CdStreamRead,5
00406b70,CdStreamInfo::CdStreamInit,276
00406f50,Population::DoesCarGroupHaveModelId,5
00407100,Streaming::RequestTxdModel,19
00407180,General::GetRandomNumberInRange_int32,16
00407260,World::GetSector,5
004072a0,World::GetRepeatSector,5
004072e0,World::CWorld::AdvanceCurrentScanCode,5
00407410,Cheat::IsZoneStreamingAllowed,5
00407460,StreamingInfo::Init,5
00407480,StreamingInfo::AddToList,5
004074e0,StreamingInfo::RemoveFromList,5
004075a0,StreamingInfo::GetCdPosnAndSize,5
004075e0,StreamingInfo::SetCdPosnAndSize,5
00407610,Streaming::AddImageToList,5
004076a0,Streaming::IsVeryBusy,5
004076c0,Streaming::RetryLoadFile,246
00407800,Streaming::CStreaming::IsObjectInCdImage,5
00407820,Streaming::HasVehicleUpgradeLoaded,5
00407a10,Streaming::CStreaming::ForceLayerToRead,5
00407a30,Streaming::CStreaming::SetLoadVehiclesInLoadScene,5
00407a40,Streaming::ClearFlagForAll,5
00407ac0,Streaming::CStreaming::RemoveUnusedModelsInLoadedList,1
00407ad0,Streaming::AreAnimsUsedByRequestedModels,5
00407be0,Streaming::CStreaming::ImGonnaUseStreamingMemory,1
00407bf0,Streaming::CStreaming::IHaveUsedStreamingMemory,1
00407c00,Streaming::GetDefaultCopModel,5
00407c50,Streaming::GetDefaultCopCarModel,180
00407d10,Streaming::DisableCopBikes,5
00407d20,Streaming::GetDefaultMedicModel,5
00407d40,Streaming::GetDefaultFiremanModel,5
00407d50,Streaming::GetDefaultCabDriverModel,100
00407dd0,Streaming::IsCarModelNeededInCurrentZone,5
00407f00,Streaming::HasSpecialCharLoaded,5
00407f20,Streaming::CStreaming::LoadInitialVehicles,1
00407f80,Streaming::WeAreTryingToPhaseVehicleOut,5
00407fb0,Streaming::FindMIPedSlotForInterior,61
00408000,Streaming::AddToLoadedVehiclesList,5
004080f0,Streaming::RemoveCarModel,5
00408340,TxdStore::GetTxd,5
00408370,TxdStore::GetParentTxdSlot,5
004083c0,Streaming::InitImageList,230
004084b0,Streaming::Shutdown,5
004084f0,Streaming::InstanceLoadedModels,743
004087e0,Streaming::RequestModel,25
004089a0,Streaming::RemoveModel,708
00408c70,Streaming::RequestVehicleUpgrade,5
00408cb0,Streaming::FinishLoadingLargeFile,356
00408e20,Streaming::GetNextFileOnCd,560
00409050,Streaming::RequestFilesInChannel,79
004090a0,Streaming::DeleteAllRwObjects,362
00409210,Streaming::DeleteRwObjectsAfterDeath,409
004093b0,Streaming::RemoveBigBuildings,115
00409430,Streaming::RequestBigBuildings,116
004094b0,Streaming::RemoveBuildingsNotInArea,267
00409650,Streaming::AddEntity,112
004096c0,Streaming::CStreaming::StartRenderEntities,11
004096d0,Streaming::RenderEntity,5
00409710,Streaming::RemoveEntity,5
00409760,Streaming::DeleteLeastUsedEntityRwObject,467
00409940,Streaming::CStreaming::DeleteRwObjectsBehindCameraInSectorList,19
004099e0,Streaming::CStreaming::DeleteRwObjectsNotInFrustumInSectorList,163
00409a90,Streaming::AreTexturesUsedByRequestedModels,5
00409c10,Streaming::SetModelIsDeletable,84
00409c70,Streaming::CStreaming::SetModelTxdIsDeletable,30
00409c90,Streaming::SetMissionDoesntRequireModel,113
00409d10,Streaming::RequestSpecialModel,726
0040a080,Streaming::RequestFile,5
0040a120,Streaming::LoadInitialWeapons,5
0040a150,Streaming::StreamCopModels,5
0040a2a0,Streaming::StreamAmbulanceAndMedic,347
0040a400,Streaming::StreamFireEngineAndFireman,5
0040a560,Streaming::StreamZoneModels,10
0040aa10,Streaming::StreamZoneModels_Gangs,1408
0040afa0,Streaming::ReclassifyLoadedCars,10
0040b080,Streaming::RemoveCurrentZonesModels,5
0040b340,Streaming::RemoveLoadedZoneModel,5
0040b3a0,Streaming::RemoveInappropriatePedModels,5
0040b450,Streaming::RequestSpecialChar,19
0040b490,Streaming::CStreaming::SetMissionDoesntRequireSpecialChar,18
0040b4f0,Streaming::StreamOneNewCar,5
0040b650,Streaming::StreamVehiclesAndPeds_Always,164
0040b700,Streaming::StreamVehiclesAndPeds,875
0040ba70,Streaming::PossiblyStreamCarOutAfterCreation,5
0040baa0,Streaming::ClearSlots,253
0040bbb0,Streaming::StreamPedsForInterior,343
0040bda0,Streaming::StreamPedsIntoRandomSlots,5
0040be60,Streaming::RemoveDodgyPedsFromRandomSlots,257
0040c020,Streaming::RemoveLoadedVehicle,335
0040c180,Streaming::RemoveTxdModel,18
0040c520,Streaming::AddLodsToRequestList,377
0040c6b0,Streaming::ConvertBufferToObject,1250
0040cba0,Streaming::RequestModelStream,988
0040cf80,Streaming::RemoveAllUnusedModels,5
0040cfd0,Streaming::RemoveLeastUsedModel,662
0040d2f0,Streaming::RemoveReferencedTxds,205
0040d3d0,Streaming::LoadInitialPeds,5
0040d3f0,Streaming::AddModelsToRequestList,8
0040d7c0,Streaming::DeleteRwObjectsBehindCamera,2388
0040e120,Streaming::MakeSpaceFor,5
0040e170,Streaming::ProcessLoadingChannel,545
0040e3a0,Streaming::LoadRequestedModels,5
0040e460,Streaming::FlushChannels,128
0040e4e0,Streaming::FlushRequestList,125
0040e560,Streaming::ReInit,5
0040e670,Streaming::Update,866
0040ea10,Streaming::LoadAllRequestedModels,5
0040eb70,Streaming::LoadScene,514
0040ed80,Streaming::LoadSceneCollision,83
0041b7c0,PedGeometryAnalyser::new,6
0041b7d0,PedGeometryAnalyser::delete,5
0041b950,AutoPilot::CAutoPilot::RemoveOnePathNode,5
0041b980,AutoPilot (thunk),752
0041bc70,Bridge::Init,1
0041bc80,Bridge::Update,1
0041bc90,Bridge::ShouldLightsBeFlashing,3
0041bcb0,Bridge::CBridge::ThisIsABridgeObjectMovingUp,3
0041bf10,TaskComplexSequence::Contains,56
0041bf70,CarAI::FindSwitchDistanceFar,42
0041bfa0,CarAI::BackToCruisingIfNoWantedLevel,5
0041c070,CarAI::AddPoliceCarOccupants,6
0041c4a0,CarAI::AddAmbulanceOccupants,5
0041c600,CarAI::AddFiretruckOccupants,5
0041c760,CarAI::TellOccupantsToLeaveCar,5
0041c960,CarAI::TellCarToFollowOtherCar,4
0041c9d0,CarAI::FindPoliceCarMissionForWantedLevel,74
0041ca40,CarAI::FindPoliceBikeMissionForWantedLevel,3
0041ca50,CarAI::FindPoliceBoatMissionForWantedLevel,5
0041caa0,CarAI::FindPoliceCarSpeedForWantedLevel,16
0041cd00,CarAI::EntitiesGoHeadOn,291
0041ce30,CarAI::GetCarToGoToCoors,360
0041cfb0,CarAI::GetCarToGoToCoorsStraightLine,294
0041d0e0,CarAI::GetCarToGoToCoorsAccurate,294
0041d210,CarAI::GetCarToGoToCoorsRacing,312
0041d350,CarAI::GetCarToParkAtCoors,120
0041d3d0,CarAI::MellowOutChaseSpeed,638
0041d660,CarAI::MakeWayForCarWithSiren,973
0041da30,CarAI::UpdateCarAI,6
00420a10,PathFind::GetPosition,71
00420c40,Camera::CCamera::IsSphereVisible,255
00420e30,TaskTimer::IsOutOfTime,5
00420e70,EventAcquaintancePedHate::Constructor2,5
00420ed0,EventEditableResponse::Clone,32
00421050,MentalHealth::CMentalState::IncrementAnger,5
00421150,TaskComplexLeaveAnyCar::Constructor,5
004211c0,TaskComplexLeaveAnyCar::Clone,114
00421270,TaskComplexLeaveAnyCar::Destructor,11
004212e0,CarCtrl::Init,197
004213b0,CarCtrl::ReInit,131
00421440,CarCtrl::GetNewVehicleDependingOnCarModel,6
00421740,CarCtrl::InitSequence,5
00421770,CarCtrl::CCarCtrl::FindSequenceElement,5
004217c0,CarCtrl::CCarCtrl::SetUpDriverAndPassengersForVehicle,307
00421900,CarCtrl::ChooseCarModelToLoad,105
00421980,CarCtrl::ChoosePoliceCarModel,184
00421fe0,CarCtrl::CCarCtrl::ThisVehicleShouldTryNotToTurn,38
00422090,CarCtrl::CCarCtrl::FindPathDirection,318
004222a0,CarCtrl::CCarCtrl::SwitchBetweenPhysicsAndGhost,208
00422370,CarCtrl (thunk),365
004224e0,CarCtrl::CCarCtrl::FindSpeedMultiplier,167
00422590,CarCtrl::CCarCtrl::StopCarIfNodesAreInvalid,5
00422620,CarCtrl::CCarCtrl::FindPercDependingOnDistToLink,208
004226f0,CarCtrl::CCarCtrl::FindIntersection2Lines,100
00422760,CarCtrl::CCarCtrl::ClitargetOrientationToLink,1
00422b20,CarCtrl::CCarCtrl::SteerAICarBlockingPlayerForwardAndBack,745
00423000,CarCtrl::CCarCtrl::FlyAIPlaneInCertainDirection,5
00423790,CarCtrl::CCarCtrl::SteerAIPlaneTowardsTargetCoors,75
004237f0,CarCtrl::CCarCtrl::SteerAIPlaneToFollowEntity,141
00423880,CarCtrl::CCarCtrl::SteerAIPlaneToCrashAndBurn,5
004238e0,CarCtrl::CCarCtrl::SteerAIHeliToCrashAndBurn,89
00423940,CarCtrl::CCarCtrl::FlyAIHeliToTarget_FixedOrientation,1167
00423de0,CarCtrl::CCarCtrl::RegisterVehicleOfInterest,169
00423ea0,CarCtrl::IsThisVehicleInteresting,33
00423ed0,CarCtrl::RemoveFromInterestingVehicleList,5
00423f00,CarCtrl::CCarCtrl::ClearInterestingVehicleList,5
00423f10,CarCtrl::PruneVehiclesOfInterest,107
00423fc0,CarCtrl::CCarCtrl::SwitchVehicleToRealPhysics,5
00424000,CarCtrl::CCarCtrl::UpdateCarCount,19
00424130,CarCtrl::CCarCtrl::FindSpeedMultiplierWithSpeedFromNodes,44
00424210,CarCtrl::CCarCtrl::GenerateCarCreationCoors2,2751
00424ce0,CarCtrl::CCarCtrl::ChooseModel,672
00424f80,CarCtrl::CCarCtrl::PossiblyRemoveVehicle,1204
00425440,CarCtrl::CCarCtrl::SlowCarDownForPedsSectorList,1761
00425b30,CarCtrl::CCarCtrl::TestCollisionBetween2MovingRects,40
00425f70,CarCtrl::CCarCtrl::TestCollisionBetween2MovingRects_OnlyFrontBumper,672
00426220,CarCtrl::SlowCarDownForObject,293
00426350,CarCtrl::CCarCtrl::WeaveForOtherCar,1558
00426bc0,CarCtrl::CCarCtrl::WeaveForObject,803
00426ef0,CarCtrl::CCarCtrl::PickNextNodeToChaseCar,151
00427fe0,CarCtrl::FindMaxSteerAngle,89
00428040,CarCtrl::CCarCtrl::DealWithBend_Racing,19
00428990,CarCtrl::CCarCtrl::SteerAICarWithPhysicsTryingToBlockTarget_Stop,583
00428be0,CarCtrl::CCarCtrl::SteerAIBoatWithPhysicsHeadingForTarget,416
00428de0,CarCtrl::CCarCtrl::SteerAIBoatWithPhysicsAttackingPlayer,684
00429090,CarCtrl::CCarCtrl::SteerAIBoatWithPhysicsCirclingPlayer,613
00429300,CarCtrl::CCarCtrl::TriggerDogFightMoves,526
00429520,CarCtrl::CCarCtrl::TestWhetherToFirePlaneGuns,14
00429600,CarCtrl::PossiblyFireHSMissile,381
00429780,CarCtrl::CCarCtrl::GetAIPlaneToAttackPlayer,261
00429890,CarCtrl::CCarCtrl::GetAIPlaneToDoDogFight,472
00429a70,CarCtrl::CCarCtrl::FlyAIHeliInCertainDirection,2994
0042a630,CarCtrl::CCarCtrl::SteerAIHeliTowardsTargetCoors,244
0042a730,CarCtrl::CCarCtrl::GetAIHeliToFlyInDirection,5
0042a750,CarCtrl::CCarCtrl::SteerAIHeliToFollowEntity,896
0042aad0,CarCtrl::CCarCtrl::SteerAIHeliAsPoliceHeli,475
0042acb0,CarCtrl::CCarCtrl::SteerAIHeliFlyingAwayFromPlayer,122
0042ad30,CarCtrl::CCarCtrl::SteerAIHeliToLand,370
0042aeb0,CarCtrl::CCarCtrl::SteerAIHeliToKeepEntityInView,939
0042b270,CarCtrl::CCarCtrl::FireHeliRocketsAtTarget,506
0042b470,CarCtrl::CCarCtrl::FindLinksToGoWithTheseNodes,862
0042b7d0,CarCtrl::CCarCtrl::GenerateOneEmergencyServicesCar,2
0042bd20,CarCtrl::CCarCtrl::FindNodesThisCarIsNearestTo,1323
0042c250,CarCtrl::IsAnyoneParking,5
0042c2b0,CarCtrl::CCarCtrl::CreatePoliceChase,1161
0042c740,CarCtrl::CCarCtrl::CreateConvoy,1168
0042cd10,CarCtrl::RemoveDistantCars,289
0042ce40,CarCtrl::CCarCtrl::ScanForPedDanger,657
0042d0e0,CarCtrl::CCarCtrl::SlowCarDownForOtherCar,1032
0042d4f0,CarCtrl::CCarCtrl::SlowCarDownForObjectsSectorList,391
0042d680,CarCtrl::CCarCtrl::WeaveThroughCarsSectorList,341
0042d7e0,CarCtrl::CCarCtrl::WeaveThroughPedsSectorList,346
0042d950,CarCtrl::CCarCtrl::WeaveThroughObjectsSectorList,343
0042dab0,CarCtrl::CCarCtrl::IsThisAnAppropriateNode,932
0042de80,CarCtrl::CCarCtrl::PickNextNodeRandomly,3591
0042ec90,CarCtrl::CCarCtrl::DragCarToPoint,1748
0042f370,CarCtrl::CCarCtrl::GetAIPlaneToDoDogFightAgainstPlayer,76
0042f3c0,CarCtrl::CCarCtrl::GetAIHeliToAttackPlayer,472
0042f5a0,CarCtrl::CCarCtrl::JoinCarWithRoadSystem,10
0042f870,CarCtrl::CCarCtrl::JoinCarWithRoadSystemGotoCoors,5
0042fbc0,CarCtrl::ScriptGenerateOneEmergencyServicesCar,5
0042fc40,CarCtrl::CCarCtrl::ReconsiderRoute,855
00430050,CarCtrl::CCarCtrl::GenerateOneRandomCar,6
00431f80,CarCtrl::CreateCarForScript,811
004322b0,CarCtrl::RemoveCarsIfThePoolGetsFull,342
00432420,CarCtrl::CCarCtrl::SlowCarDownForCarsSectorList,413
004325c0,CarCtrl::CCarCtrl::FindAngleToWeaveThroughTraffic,1339
00432b10,CarCtrl::CCarCtrl::PickNextNodeAccordingStrategy,321
00432cb0,CarCtrl::JoinCarWithRoadAccordingToMission,184
00432dd0,CarCtrl::CCarCtrl::SteerAICarWithPhysicsFollowPreRecordedPath,1177
00433280,CarCtrl::CCarCtrl::SteerAICarWithPhysicsHeadingForTarget,841
004335e0,CarCtrl::CCarCtrl::SteerAICarWithPhysicsTryingToBlockTarget,240
004336d0,CarCtrl::CCarCtrl::SteerAICarTowardsPointInEscort,1223
00433ba0,CarCtrl::CCarCtrl::SteerAICarParkParallel,762
00433ea0,CarCtrl::CCarCtrl::SteerAICarParkPerpendicular,800
004341c0,CarCtrl::GenerateRandomCars,709
004342a0,CarCtrl::CCarCtrl::SetCoordsOfScriptCar,350
00434400,CarCtrl::CCarCtrl::FindMaximumSpeedForThisCarInTraffic,95
00434790,CarCtrl::SlowCarOnRailsDownForTrafficAndLights,365
00434900,CarCtrl::CCarCtrl::SteerAICarWithPhysicsFollowPath,3729
00435830,CarCtrl::CCarCtrl::SteerAICarWithPhysicsFollowPath_Racing,3320
00436540,CarCtrl::CCarCtrl::UpdateCarOnRails,21
00436a90,CarCtrl::CCarCtrl::SteerAICarWithPhysics_OnlyMission,4243
00437c20,CarCtrl::CCarCtrl::SteerAICarWithPhysics,14
00438370,Cheat::ApplyCheat,35
00438450,Cheat::ResetCheats,5
00438480,Cheat::AddToCheatString,289
00438890,Cheat::CCheat::WeaponCheat2,671
00438ff0,Cheat::CCheat::SuicideCheat,221
00439230,Cheat::CCheat::BeachPartyCheat,6
00439720,Cheat::CCheat::FunhouseCheat,352
00439a10,Cheat::HandleSpecialCheats,107
00439af0,Cheat::DoCheats,5
00439c70,Cheat::CCheat::EverybodyAttacksPlayerCheat,259
00439f60,Cheat::CCheat::CountrysideInvasionCheat,323
0043a0b0,Cheat::VehicleCheat,6
0043a570,Cheat::CCheat::TankerCheat,231
0043c660,Curves::CalcSpeedVariationInBend,161
0043c710,Curves::CalcSpeedScaleFactor,368
0043c880,Curves::CalcCorrectedDist,125
0043c900,Curves::CalcCurvePoint,1371
0043ceb0,Darkel::Init,5
0043cec0,Darkel::DrawMessages,782
0043d1e0,Darkel::ReadStatus,7
0043d1f0,Darkel::FrenzyOnGoing,5
0043d210,Darkel::RegisterKillNotByPlayer,194
0043d2f0,Darkel::ThisPedShouldBeKilledForFrenzy,5
0043d350,Darkel::ThisVehicleShouldBeKilledForFrenzy,5
0043d3b0,Darkel::StartFrenzy,739
0043d6a0,Darkel::ResetModelsKilledByPlayer,5
0043d6c0,Darkel::QueryModelsKilledByPlayer,5
0043d6e0,Darkel::FindTotalPedsKilledByPlayer,5
0043d7a0,Darkel::DealWithWeaponChangeAtEndOfFrenzy,8
0043d9e0,Darkel::CheckDamagedWeaponType,67
0043dac0,Darkel::Update,335
0043dc10,Darkel::ResetOnPlayerDeath,69
0043dcd0,Darkel::RegisterKillByPlayer,561
0043df20,Darkel::RegisterCarBlownUpByPlayer,224
0043e1c0,EventLeaderEntryExit::Constructor,5
0043e2e0,TaskSimpleUninterruptable::Constructor,5
0043e410,EntryExitManager::AddEntryExitToStack,5
0043e460,EntryExit::IsInArea,481
0043e650,EntryExit::GetEntryExitToDisplayNameOf,5
0043e690,EntryExit::RequestObjectsInFrustum,49
0043e6d0,EntryExit::RequestAmbientPeds,465
0043e8b0,EntryExit::GenerateAmbientPeds,223
0043e990,EntryExit::ProcessStealableObjects,112
0043ea00,EntryExit::GetPositionRelativeToOutsideWorld,143
0043ea90,EntryExit::IsTeleportPointValid,96
0043eaf0,EntryExit::FindValidTeleportPoint,512
0043ecf0,EntryExitManager::SetAreaCodeForVisibleObjects,5
0043ed80,EntryExitManager::ResetAreaCodeForVisibleObjects,5
0043efd0,EntryExitManager::GetEntryExitIndex,10
0043f0a0,EntryExitManager::PostEntryExitsCreation,5
0043f150,EntryExitManager::GetPositionRelativeToOutsideWorld,5
0043f180,EntryExitManager::EnableBurglaryHouses,5
0043f1f0,EntryExit::WarpGangWithPlayer,702
0043f4b0,EntryExitManager::FindNearestEntryExit,370
0043f630,EntryExitManager::FindNearestDoor,228
0043f880,EntryExitManager::Init,5
0043fa00,EntryExitManager::AddOne,841
0043fd50,EntryExitManager::DeleteOne,5
0043ffd0,EntryExit::TransitionStarted,1226
004404a0,EntryExit::TransitionFinished,1772
00440b90,EntryExitManager::Shutdown,5
00440c40,EntryExitManager::ShutdownForRestart,5
00440d10,EntryExitManager::Update,909
00441210,GameLogic::InitAtStartOfGame,5
00441290,GameLogic::StopPlayerMovingFromDirection,249
00441390,GameLogic::IsCoopGameGoingOn,5
004413c0,GameLogic::Remove2ndPlayerIfPresent,5
00441440,GameLogic::SortOutStreamingAndMemory,120
004414c0,GameLogic::PassTime,146
00441560,GameLogic::ClearSkip,5
004415c0,GameLogic::SkipCanBeActivated,5
004416c0,GameLogic::IsSkipWaitingForScriptToFadeIn,5
004416e0,GameLogic::IsPointWithinLineArea,137
00441770,GameLogic::SetPlayerWantedLevelForForbiddenTerritories,365
004418e0,GameLogic::CalcDistanceToForbiddenTrainCrossing,647
00441b70,GameLogic::FindCityClosestToPoint,158
00441c10,GameLogic::LaRiotsActiveHere,227
00441d30,GameLogic::RestorePedsWeapons,5
00441e10,GameLogic::IsPlayerAllowedToGoInThisDirection,6
00442020,GameLogic::IsPlayerUse2PlayerControls,5
00442060,GameLogic::RestorePlayerStuffDuringResurrection,857
004423c0,GameLogic::SetUpSkip,5
00442480,GameLogic::UpdateSkip,1051
004428b0,GameLogic::DoWeaponStuffAtStartOf2PlayerGame,5
00442ad0,GameLogic::Update,3572
00443920,GangWars::InitAtStartOfGame,5
00443950,GangWars::AddKillToProvocation,110
004439c0,GangWars::DontCreateCivilians,5
004439d0,GangWars::PedStreamedInForThisGang,14
00443a20,GangWars::PickStreamedInPedForThisGang,128
00443aa0,GangWars::GangWarGoingOn,27
00443ac0,GangWars::GangWarFightingGoingOn,5
00443b00,GangWars::PickZoneToAttack,588
00443d50,GangWars::TellStreamingWhichGangsAreNeeded,96
00443db0,GangWars::CalculateTimeTillNextAttack,46
00443de0,GangWars::UpdateTerritoryUnderControlPercentage,413
00443f80,GangWars::CanPlayerStartAGangWarHere,5
00443ff0,GangWars::ClearSpecificZonesToTriggerGangWar,5
00444010,GangWars::SetSpecificZoneToTriggerGangWar,35
00444040,GangWars::CheerVictory,272
00444300,GangWars::StartDefensiveGangWar,404
004444b0,GangWars::ClearTheStreets,5
00444530,GangWars::TellGangMembersTo,5
00444810,GangWars::CreateAttackWave,7
004453d0,GangWars::CreateDefendingGroup,1865
00445b30,GangWars::AttackWaveOvercome,10
00445c30,GangWars::ReleasePedsInAttackWave,5
00445e20,GangWars::ReleaseCarsInAttackWave,81
00445e80,GangWars::MakePlayerGainInfluenceInZone,196
00445f50,GangWars::StrengthenPlayerInfluenceInZone,5
00445fd0,GangWars::MakeEnemyGainInfluenceInZone,126
00446050,GangWars::StartOffensiveGangWar,932
00446400,GangWars::DoStuffWhenPlayerVictorious,184
004464c0,GangWars::EndGangWar,6
00446570,GangWars::SetGangWarsActive,116
00446610,GangWars::Update,2112
00447120,Garages::Init,143
004471b0,Garages::Shutdown,5
004471e0,Garages::AddOne,1044
00447600,Garage::InitDoorsAtStart,61
00447680,Garages::GetGarageNumberByName,5
004476d0,Garages::ChangeGarageType,5
00447790,Garages::PrintMessages,513
004479a0,Garages::IsCarSprayable,5
004479f0,Garage::BuildRotatedDoorMatrix,389
00447b80,Garages::TriggerMessage,5
00447c40,Garages::SetTargetCarForMissionGarage,5
00447cb0,Garages::DeActivateGarage,5
00447cd0,Garages::ActivateGarage,5
00447d00,Garages::IsGarageOpen,5
00447d30,Garages::IsGarageClosed,5
00447d50,Garage::OpenThisGarage,5
00447d70,Garage::CloseThisGarage,5
00447e40,Garage::CStoredCar::RestoreCar,1211
00448650,Garages::GivePlayerDetonator,5
00448660,Garages::CGarages::GivePlayerDetonator,5
004486c0,Garage::PlayerArrestedOrDied,60
00448740,Garage::IsPointInsideGarage,138
004487d0,Garage::IsPointInsideGarage,174
00448900,Garages::IsPointWithinHideOutGarage,6
00448990,Garages::CGarages::IsPointWithinAnyGarage,5
004489f0,Garages::FindSafeHouseIndexForGarageType,136
00448af0,Garages::IsModelIndexADoor,62
00448b30,Garages::AllRespraysCloseOrOpen,5
00448b60,Garages::Init_AfterRestart,105
00448be0,Garage::IsEntityEntirelyInside3D,333
00448d30,Garage::IsEntityEntirelyOutside,281
00448ee0,Garage::IsEntityTouching3D,356
00449050,Garage::EntityHasASphereWayOutsideGarage,162
00449690,Garage::RemoveCarsBlockingDoorNotInside,175
00449760,Garage::CStoredCar::StoreCar,411
00449900,Garage::StoreAndRemoveCarsForThisHideOut,319
00449ba0,Garages::CGarages::IsPointInAGarageCameraZone,93
00449e60,Garages::PlayerArrestedOrDied,5
0044a170,Garages::CloseHideOutGaragesBeforeSave,159
0044a210,Garages::CountCarsInHideoutGarage,5
0044a240,Garages::FindGarageForObject,370
0044a3c0,Garages::StoreCarInNearestImpoundingGarage,263
0044a830,Garage::IsStaticPlayerCarEntirelyInside,38
0044a9c0,Garage::CGarage::IsGarageEmpty,141
0044aa50,Garage::Update,7553
0044c8c0,Garages::Update,885
0044cb10,OnscreenTimerEntry::COnscreenTimerEntry::Process,167
0044cbc0,OnscreenTimer::COnscreenTimer::Init,5
0044cc20,OnscreenTimer::COnscreenTimer::ProcessForDisplay,5
0044cd30,OnscreenTimer::COnscreenTimer::Process,25
0044cd50,OnscreenTimer::AddClock,5
0044cda0,OnscreenTimer::AddCounter,5
0044ce60,OnscreenTimer::ClearClock,5
0044ce80,OnscreenTimer::ClearCounter,5
0044ceb0,OnscreenTimer::SetCounterFlashWhenFirstDisplayed,5
0044cee0,OnscreenTimer::SetClockBeepCountdownSecs,5
0044d080,PathFind::Init,5
0044d0f0,PathFind::UnLoadPathFindData,5
0044d230,PathFind::These2NodesAreAdjacent,5
0044d310,PathFind::ThisNodeWillLeadIntoADeadEnd,5
0044d3b0,PathFind::TidyUpNodeSwitchesAfterMission,5
0044d3e0,PathFind::ThisNodeHasToBeSwitchedOff,5
0044d400,PathFind::UnMarkAllRoadNodesAsDontWander,5
0044d480,PathFind::TestForPedTrafficLight,5
0044d790,PathFind::TestCrossesRoad,5
0044d830,PathFind::FindRegionForCoors,92
0044d890,PathFind::FindXRegionForCoors,44
0044d8c0,PathFind::FindYRegionForCoors,44
0044d8f0,PathFind::FindXCoorsForRegion,19
0044d910,PathFind::FindYCoorsForRegion,19
0044d960,PathFind::SetLinksBridgeLights,179
0044db60,PathFind::MarkRegionsForCoors,355
0044dcd0,PathFind::SetPathsNeededAtPosition,5
0044dd00,PathFind::ReleaseRequestedNodes,5
0044dd10,PathFind::AreNodesLoadedForArea,230
0044de00,PathFind::LoadSceneForPathNodes,5
0044de80,PathFind::StartNewInterior,5
0044ded0,PathFind::AddInteriorLink,5
0044df30,PathFind::AddInteriorLinkToExternalNode,36
0044e000,PathFind::AddDynamicLinkBetween2Nodes_For1Node,5
0044e1a0,PathFind::RemoveInterior,5
0044e4e0,PathFind::ReInit,5
0044eca0,PathFind::CPathFind::GeneratePedCreationCoors_Interior,787
0044efc0,PathFind::CalcRoadDensity,454
0044f190,PathFind::CalcDistToAnyConnectingLinks,298
0044f2c0,PathFind::FindNodeClosestInRegion,9
0044f460,PathFind::CPathFind::FindNodeClosestToCoors,1115
0044f8c0,PathFind::FindNthNodeClosestToCoors,354
0044fa30,PathFind::FindNodeClosestToCoors,285
0044fce0,PathFind::FindNodeClosestToCoorsFavourDirection,488
0044fee0,PathFind::FindNodePairClosestToCoors,1077
00450320,PathFind::FindNodeOrientationForCarPlacement,8
004504f0,PathFind::CountNeighboursToBeSwitchedOff,5
004505e0,PathFind::FindNodeCoorsForScript,404
00450780,PathFind::FindNodeCoorsForScript,454
00450950,PathFind::Shutdown,5
004509a0,PathFind::TakeWidthIntoAccountForWandering,189
00450a60,PathFind::UpdateStreaming,772
00450d70,PathFind::MakeRequestForNodesToBeLoaded,5
00450de0,PathFind::IsWaterNodeNearby,166
00450e90,PathFind::AddNodeToNewInterior,6
00450f30,PathFind::FindNearestExteriorNodeToInteriorNode,113
00451350,PathFind::FindLinkBetweenNodes,5
004513f0,PathFind::FindParkingNodeInArea,476
004515d0,PathFind::DoPathSearch,1389
00451b70,PathFind::FindNextNodeWandering,997
00452090,PathFind::Find2NodesForCarCreation,5
00452160,PathFind::SwitchOffNodeAndNeighbours,5
00452270,PathFind::CompleteNewInterior,1244
00452760,PathFind::ComputeRoute,5
00452820,PathFind::SwitchRoadsOffInAreaForOneRegion,439
004529f0,PathFind::LoadPathFindData,5
00452c80,PathFind::SwitchRoadsOffInArea,76
00452f00,PathFind::SwitchPedRoadsOffInArea,5
00452f40,PathFind::LoadPathFindData,80
004549a0,Pickup::GetPosn,71
00454a70,Pickups::Init,5
00454ac0,Pickups::ModelForWeapon,5
00454ae0,Pickups::WeaponForModel,7
00454b40,Pickups::IsPickUpPickedUp,5
00454b70,Pickups::ModifyStringLabelForControlSetting,89
00454be0,Pickup::ExtractAmmoFromPickup,5
00454c70,Pickup::IsVisible,115
00454cf0,Pickup::GetRidOfObjects,41
00454d20,Pickup::PickUpShouldBeInvisible,345
00454e80,Pickups::DoMoneyEffects,376
00455000,Pickups::RenderPickUpText,444
004551c0,Pickups::FindPickUpForThisObject,5
00455200,Pickups::PassTime,57
00455240,Pickups::AddToCollectedPickupsArray,5
004552a0,Pickups::GetActualPickupIndex,5
004552d0,Pickups::PickedUpOyster,78
00455390,Pickups::PickedUpHorseShoe,217
00455470,Pickups::RemovePickupObjects,67
004554c0,Pickups::PlayerCanPickUpThisWeaponTypeAtThisMoment,5
00455500,Pickup::FindTextIndexForString,5
00455540,Pickup::FindStringForTextIndex,5
004555a0,Pickups::TryToMerge_WeaponType,216
00455680,Pickups::UpdateMoneyPerDay,5
004556c0,Pickup::Remove,10
00455720,Pickups::DoPickUpEffects,1789
00455e20,Pickups::DoCollectableEffects,696
004560e0,Pickups::DoMineEffects,696
004563a0,Pickups::RemoveUnnecessaryPickups,168
00456450,Pickups::TestForPickupsInBubble,149
004564f0,Pickups::GivePlayerGoodiesWithPickUpMI,6
004567e0,Pickup::GiveUsAPickUpObject,580
00456a70,Pickups::PictureTaken,687
00456d30,Pickups::RemovePickUpsInArea,169
00456de0,Pickups::RemoveMissionPickUps,117
00456e60,Pickups::ReInit,178
00456f20,Pickups::GenerateNewOne,1118
00457380,Pickups::GenerateNewOne_WeaponType,5
004573d0,Pickups::RemovePickUp,50
00457410,Pickup::Update,5135
00458970,Pickups::CreateSomeMoney,258
00458a80,Pickups::CreatePickupCoorsCloseToCoors,863
00458de0,Pickups::Update,729
00459390,VehicleRecording::Init,97
00459400,VehicleRecording::ShutDown,5
00459440,VehicleRecording::StopPlaybackWithIndex,101
004594c0,VehicleRecording::IsPlaybackGoingOnForCar,5
00459660,VehicleRecording::SetPlaybackSpeed,223
00459740,VehicleRecording::PausePlaybackRecordedCar,5
00459850,VehicleRecording::UnpausePlaybackRecordedCar,5
00459960,VehicleRecording::RestoreInfoForMatrix,208
00459a30,VehicleRecording::RestoreInfoForCar,249
00459b30,VehicleRecording::InterpolateInfoForCar,477
00459d10,VehicleRecording::SkipForwardInRecording,471
00459f70,VehicleRecording::Render,1
00459f80,VehicleRecording::RegisterRecordingFile,5
0045a020,VehicleRecording::RequestRecordingFile,5
0045a060,VehicleRecording::HasRecordingFileBeenLoaded,5
0045a0a0,VehicleRecording::RemoveRecordingFile,5
0045a0f0,VehicleRecording::SmoothRecording,100
0045a160,VehicleRecording::RemoveAllRecordingsThatArentUsed,5
0045a1b0,VehicleRecording::InitAtStartOfGame,28
0045a1e0,VehicleRecording::SetRecordingToPointClosestToCoors,148
0045a280,VehicleRecording::StopPlaybackRecordedCar,220
0045a4a0,VehicleRecording::SkipToEndAndStopPlaybackRecordedCar,339
0045a610,VehicleRecording::SaveOrRetrieveDataForThisFrame,725
0045a8f0,VehicleRecording::Load,5
0045a980,VehicleRecording::StartPlaybackRecordedCar,5
0045ab10,Remote (thunk),548
0045ae80,Remote (thunk),5
0045b150,Replay::DisableReplays,5
0045b160,Replay::EnableReplays,5
0045b170,Replay::StorePedAnimation,857
0045b4d0,Replay::RetrievePedAnimation,594
0045b730,ReplayBlockType::tReplayVehicleBlock::MakeVehicleUpdateData,857
0045ba90,ReplayBlockType::tReplayVehicleBlock::ExtractVehicleUpdateData,1
0045bf90,ReplayBlockType::tReplayBmxBlock::MakeBmxUpdateData,81
0045bff0,ReplayBlockType::tReplayBmxBlock::ExtractBmxUpdateData,116
0045c070,ReplayBlockType::tReplayBikeBlock::MakeBikeUpdateData,81
0045c0d0,ReplayBlockType::tReplayBikeBlock::ExtractBikeUpdateData,116
0045c210,Replay::Display,298
0045c440,Replay::ShouldStandardCameraBeProcessed,5
0045c750,Replay::StoreClothesDesc,125
0045c7d0,Replay::RestoreClothesDesc,128
0045c850,Replay::FindSizeOfPacket,86
0045c940,Replay::StorePedUpdate,291
0045ca70,Replay::ProcessPedUpdate,6
0045cd10,ReplayBlockType::tReplayTrainBlock::MakeTrainUpdateData,5
0045cdb0,ReplayBlockType::tReplayTrainBlock::ExtractTrainUpdateData,226
0045cea0,Replay::DealWithNewPedPacket,5
0045d060,Replay::ProcessReplayCamera,816
0045d390,Replay::EmptyPedsAndVehiclePools_NoDestructors,148
0045d430,Replay::MarkEverythingAsNew,6
0045d4b0,Replay::StreamAllNecessaryCarsAndPeds,5
0045d540,Replay::CreatePlayerPed,282
0045d6c0,Replay::FindFirstFocusCoordinate,5
0045d760,Replay::ProcessLookAroundCam,1649
0045dde0,Replay::IsThisPedUsedInRecording,5
0045de40,Replay::IsThisVehicleUsedInRecording,131
0045e220,Replay::Init,10
0045e300,Replay::RecordThisFrame,2104
0045ebb0,Replay::RecordVehicleDeleted,5
0045ec20,Replay::RecordPedDeleted,5
0045ec90,Replay::EmptyReplayBuffer,63
0045ecd0,Replay::RestoreStuffFromMem,225
0045ef20,Replay::InitialisePedPoolConversionTable,5
0045efa0,Replay::InitialiseVehiclePoolConversionTable,113
0045f050,Replay::FinishPlayback,293
0045f180,Replay::StoreStuffInMem,5
0045f380,Replay::PlayBackThisFrameInterpolation,539
004600f0,Replay::TriggerPlayback,5
004604a0,Replay::PlayBackThisFrame,5
00460500,Replay::Update,628
00460630,Restart::Initialise,5
00460730,Restart::AddHospitalRestartPoint,76
00460780,Restart::AddPoliceRestartPoint,76
004607d0,Restart::OverrideNextRestart,5
00460800,Restart::CancelOverrideRestart,8
00460810,Restart::SetRespawnPointForDurationOfMission,5
00460840,Restart::ClearRespawnPointForDurationOfMission,5
00460850,Restart::FindClosestHospitalRestartPoint,502
00460a50,Restart::FindClosestPoliceRestartPoint,502
00460c80,TaskComplexWanderCop::Constructor,78
00460ce0,TaskComplexWanderCop::CreateNextSubTask,102
00460d80,TaskComplexWanderCop::CTaskComplexWanderCop,87
00460df0,RoadBlocks::RegisterScriptRoadBlock,5
00460ec0,RoadBlocks::ClearScriptRoadBlocks,5
00460ee0,RoadBlocks::GetRoadBlockNodeInfo,306
00461020,RoadBlocks::ClearSpaceForRoadBlockObject,212
00461100,RoadBlocks::Init,5
00461170,RoadBlocks::GenerateRoadBlockPedsForCar,1930
004619c0,RoadBlocks::CreateRoadBlockBetween2Points,7
004629e0,RoadBlocks::GenerateRoadBlocks,210
00463540,TaskSimpleLeaveGroup::Constructor,5
00463560,TaskSimpleLeaveGroup::Destructor,6
00463660,TaskSimpleFinishBrain::Clone,80
00463830,UpsideDownCarCheck::IsCarUpsideDown,104
004638d0,UpsideDownCarCheck::AddCarToCheck,5
00463910,UpsideDownCarCheck::RemoveCarFromCheck,5
00463940,UpsideDownCarCheck::HasCarBeenUpsideDownForAWhile,5
004639e0,StuckCarCheck::Init,118
00463a60,StuckCarCheck::AttemptToWarpVehicle,285
00463b80,StuckCarCheck::RemoveCarFromCheck,5
00463c00,StuckCarCheck::HasCarBeenStuckForAWhile,5
00463c40,StuckCarCheck::ClearStuckFlagForCar,5
00463c70,StuckCarCheck::IsCarInStuckCarArray,5
004650a0,DecisionMaker::CDecisionMaker,5
004655e0,UpsideDownCarCheck::UpdateTimers,155
00465680,StuckCarCheck::Process,742
00465970,StuckCarCheck::AddCarToCheck,5
004684f0,DecisionMakerTypes::CDecisionMakerTypes::GetInstance,7
0046a470,TaskSimpleSetCharDecisionMaker::Constructor,5
0046a490,TaskSimpleSetCharDecisionMaker::Clone,90
0046a6e0,TaskComplexClimb::Clone,11
0046a760,Glass::IsObjectGlass,67
0046a8c0,ScriptsForBrains::Init,5
0046a900,ScriptsForBrains::SwitchAllObjectBrainsWithThisID,5
0046a930,ScriptsForBrains::AddNewScriptBrain,131
0046a9c0,ScriptsForBrains::AddNewStreamedScriptBrainForCodeUse,5
0046aa30,ScriptsForBrains::GetIndexOfScriptBrainWithThisName,5
0046aa80,ScriptsForBrains (thunk),5
0046aae0,ScriptsForBrains (thunk),5
0046ab20,ScriptsForBrains::HasAttractorScriptBrainWithThisNameLoaded,5
0046ac10,TaskComplexSeekEntityStandard::Constructor,5
0046ad50,TaskComplexSeekEntityStandard::Destructor,30
0046af10,TaskSimpleSetCharDecisionMaker::Destructor,5
0046b270,ScriptsForBrains::StartNewStreamedScriptBrain,250
0046b390,ScriptsForBrains::StartAttractorScriptBrainWithThisName,5
0046b3d0,ScriptsForBrains::IsObjectWithinBrainActivationRange,136
0046cd80,ScriptsForBrains::StartOrRequestNewStreamedScriptBrain,309
0046ced0,ScriptsForBrains::StartOrRequestNewStreamedScriptBrainWithThisName,5
0046ef50,TaskComplexSeekEntityStandard::Clone,150
0046f1e0,TaskComplexSeekEntityStandard::CreateSubTask,903
0046f800,TaskComplexSeekEntityStandard::ControlSubTask,1608
0046fe60,TaskComplexGoToPointAndStandStill::GoToPoint,122
0046ff20,ScriptsForBrains (thunk),201
00470480,ScriptResourceManager::Initialise,5
004704b0,ScriptResourceManager::AddToResourceManager,5
00470510,ScriptResourceManager::RemoveFromResourceManager,5
00470620,ScriptResourceManager::HasResourceBeenRequested,5
00470660,StreamedScripts::Initialise,5
004706a0,StreamedScripts::ReInitialise,5
004706c0,StreamedScripts::RegisterScript,5
00470750,StreamedScripts::ReadStreamedScriptData,5
00470810,StreamedScripts::GetProperIndexFromIndexUsedByScript,5
00470840,StreamedScripts::LoadStreamedScript,5
00470890,StreamedScripts::StartNewStreamedScript,5
004708e0,StreamedScripts::RemoveStreamedScriptFromMemory,5
00470910,StreamedScripts::GetStreamedScriptWithThisStartAddress,34
00474640,TaskSimpleSetCharIgnoreWeaponRangeFlag::Clone,92
004748a0,Camera::CCamera::VectorMoveRunning,46
004748f0,TaskSimpleSetCharIgnoreWeaponRangeFlag::Destructor,5
004893e0,PedIntelligence::GetPedEntities,5
0048b570,Streaming::CStreaming::SetMissionDoesntRequireAnim,18
0048de70,TaskSimpleCower::Constructor,5
0048deb0,TaskSimpleCower::Clone,102
0048df60,TaskSimpleScratchHead::IsInterruptable,102
0048dfe0,TaskSimpleUseAtm::Constructor,5
0048e010,TaskSimpleUseAtm::Clone,102
0048e090,TaskSimpleRunTimedAnim::Destructor,5
0048e0a0,TaskSimpleHitWall::CTaskSimpleHitWall,5
0048e0f0,TaskSimpleLookAbout::Clone,112
0048e1c0,EventLeaderEnteredCarAsDriver::Constructor,5
0048e360,TaskSimpleSay::Constructor,5
0048e440,TaskSimpleSay::ProcessPed,114
0048e4e0,TaskSimpleSay::Destructor,11
0048e4f0,TaskComplexWanderStandard::CTaskComplexWanderStandard,5
0048e530,TaskComplexWanderStandard::GetWanderType,149
0048e610,TaskComplexWanderCriminal::CTaskComplexWanderCriminal,5
0048e650,TaskComplexWanderCriminal::GetWanderType,149
0048e720,TaskComplexWanderCriminal::Clone,11
0048e750,TaskSimplePause::Constructor,5
0048e780,TaskSimplePause::Clone,124
0048e900,TaskSimpleCower::Destructor,5
0048e960,TaskSimpleUseAtm::Destructor,5
0048e970,TaskSimpleHandsUp::Constructor,5
0048e9c0,TaskSimpleHandsUp::Clone,115
0048ea60,TaskSimpleHandsUp::Destructor,5
00492d10,TaskSimpleTogglePedThreatScanner::CTaskSimpleTogglePedThreatScanner,5
00492d50,TaskSimpleTogglePedThreatScanner::MakeAbortable,122
00492e20,TaskComplexDiveFromAttachedEntityAndGetUp::Constructor,5
00492e70,TaskComplexDiveFromAttachedEntityAndGetUp::Clone,110
00492f10,TaskComplexDiveFromAttachedEntityAndGetUp::Destructor,11
00493730,TaskComplexSeekEntity::Constructor,5
00493890,TaskComplexSeekEntity::Destructor,5
00493900,SearchLight::CSearchLight::IsSpottedEntity,5
00495fb0,TaskComplexSeekEntityRadiusAngleOffset::Clone,162
00496270,TaskComplexSeekEntityRadiusAngleOffset::CreateSubTask,897
00496760,TaskComplexSeekEntityRadiusAngleOffset::ControlSubTask,1628
00496dc0,TaskComplexSeekEntity::CreateSubTask,61
004994f0,SetPieces::Init,5
00499500,SetPieces::AddOne,393
00499690,SetPiece::TryToGenerateCopPed,7
004998a0,SetPiece::TryToGenerateCopCar,479
00499a80,SetPiece::Update,3925
0049aa00,SetPieces::Update,5
0049aad0,Shopping::GetPriceSectionFromName,48
0049ab10,Shopping::GetItemIndex,5
0049ab30,Shopping::GetKey,5
0049ad50,Shopping::GetPrice,66
0049ada0,Shopping::GetNameTag,5
0049ade0,Shopping::GetExtraInfo,5
0049ae30,Shopping::RemoveLoadedShop,5
0049ae70,Shopping::FindSection,5
0049af10,Shopping::GetNextSection,5
0049b200,Shopping::StoreClothesState,5
0049b240,Shopping::RestoreClothesState,5
0049b3c0,Shopping::RestoreVehicleMods,483
0049b5e0,Shopping::HasPlayerBought,5
0049b610,Shopping::SetPlayerHasBought,5
0049b640,Shopping::ShutdownForRestart,5
0049b6a0,Shopping::LoadStats,554
0049b8d0,Shopping::LoadPrices,740
0049bbe0,Shopping::LoadShop,493
0049be70,Shopping::IncrementStat,117
0049bef0,Shopping::UpdateStats,5
0049bf70,Shopping::Buy,751
0049c290,Shopping::Init,53
0049c490,StuntJumpManager::Update,1109
0049ca50,StuntJumpManager::Init,5
0049cb10,StuntJumpManager::ShutdownForRestart,5
0049cb40,StuntJumpManager::AddOne,5
0049cbc0,StuntJumpManager::Shutdown,5
0049cc50,TagManager::Init,5
0049cc60,TagManager::ShutdownForRestart,5
0049cc90,TagManager::AddTag,5
0049cce0,TagManager::IsTag,16
0049cda0,TagManager::GetPercentageTagged,60
0049cde0,TagManager::UpdateNumTagged,5
0049ce10,TagManager::SetupAtomic,5
0049ce40,TagManager::RenderTagForPC,85
0049cec0,TagManager::SetAlpha,206
0049cf90,TagManager::GetAlpha,65
0049cfe0,TagManager::SetAlphaInArea,198
0049d0b0,TagManager::GetPercentageTaggedInArea,165
0049d160,TagManager::GetNearestTag,115
0049d2d0,TrafficLights::LightForCars1,5
0049d310,TrafficLights::LightForCars2,5
0049d350,TrafficLights::LightForCars1_Visual,73
0049d3a0,TrafficLights::LightForCars2_Visual,83
0049d400,TrafficLights::LightForPeds,32
0049d420,TrafficLights::ShouldCarStopForBridge,171
0049d4d0,TrafficLights::FindTrafficLightTypeFromOrientation,80
0049d520,TrafficLights::FindOrientationForTrafficLightType,86
0049d5a0,TrafficLights::IsMITrafficLight,109
0049d610,TrafficLights::ShouldCarStopForLight,49
0049dab0,TrafficLights::DisplayActualLight,2855
004ab340,EventGroup::Constructor,41
004ab370,EventGroup::Flush,170
004ab420,EventGroup::Add,370
004ab5a0,EventGroup::Remove,63
004ab5e0,EventGroup::HasEventOfType,106
004ab650,EventGroup::GetEventOfType,66
004ab6a0,EventGroup::HasEvent,41
004ab6d0,EventGroup::TickEvents,34
004ab700,EventGroup::Reorganise,84
004ab760,EventGroup::RemoveInvalidEvents,91
004ab7c0,EventGroup::GetHighestPriorityEvent,128
004ab840,EventGroup::HasScriptCommandOfTaskType,87
004ab8a0,EventGlobalGroup::AddEventsToGroup,81
004ab900,EventGlobalGroup::GetSoundLevel,126
004ab9c0,EventGlobalGroup::AddEventsToPed,86
004aba50,RwHelper::GetEventGlobalGroup,77
004abac0,EventSource (thunk),46
004abda0,TaskSimpleFight::CTaskSimpleFight::GetComboAnimGroupID,30
004abdc0,TaskSimpleFight::CTaskSimpleFight::IsComboSet,46
004abdf0,TaskSimpleFight::CTaskSimpleFight::IsHitComboSet,60
004abea0,PedIntelligence::CPedIntelligence::GetPedFOVRange,33
004abf50,Weather::IsRainy,28
004abfc0,Event::Constructor,17
004ac050,Event::CalcSoundLevelIncrement,113
004ac1e0,InformFriendsEventQueue::Add,192
004ac2a0,InformFriendsEventQueue::Flush,64
004ac2e0,InformFriendsEventQueue::Process,107
004ac410,InformGroupEventQueue::Flush,64
004ac450,EventEditableResponse::Constructor,33
004ac480,EventEditableResponse::Clone,7
004ac490,EventEditableResponse::WillRespond,12
004ac4a0,EventEditableResponse::InformVehicleOccupants,254
004ac5a0,EventEditableResponse::TriggerLookAt,99
004ac610,EventGunShot::Constructor,159
004ac780,EventGunShot::TakesPriorityOver,137
004ac840,EventVehicleCollision::Constructor,174
004ac990,EventPedCollisionWithPed::Constructor,173
004accf0,EventObjectCollision::Constructor,164
004ace30,EventObjectCollision::AffectsPed,71
004acf00,EventBuildingCollision::Constructor,164
004ad070,EventBuildingCollision::AffectsPed,358
004ad1e0,EventBuildingCollision::IsHeadOnCollision,110
004ad250,EventDraggedOutCar::CEventDraggedOutCar,139
004ad3a0,EventDraggedOutCar::CEventDraggedOutCar::AffectsPed,32
004ad3f0,PedDamageResponseCalculator::Constructor,39
004ad420,PedDamageResponseCalculator::AccountForPedDamageStats,1
004ad430,PedDamageResponseCalculator::AccountForPedDamageStats,279
004ad550,PedDamageResponseCalculator::AccountForPedArmour,180
004ad610,PedDamageResponseCalculator::ComputeWillForceDeath,418
004ad830,EventDamage::Constructor,7
004ad9c0,EventDamage::From,175
004ada90,EventDamage::IsCriminalEvent,73
004adae0,EventDamage::DoInformVehicleOccupants,29
004adc10,EventDamage::ComputeBodyPartToRemove,234
004add60,EventDamage::CEventDamage::WasHeadShot,61
004addf0,EventDeath::CEventDeath,35
004adea0,EventDeadPed::CEventDeadPed,120
004adfd0,EventGroupEvent::CEventGroupEvent,95
004ae100,EventGroupEvent::CEventGroupEvent::BaseEventTakesPriorityOverBaseEvent,149
004ae320,EventPotentialWalkIntoVehicle::Constructor,111
004ae5d0,EventPotentialWalkIntoObject::Constructor,111
004ae6e0,EventPotentialWalkIntoPed::Constructor,128
004ae990,EventVehicleHitAndRun::Constructor,101
004af130,EventPedToChase::CEventPedToChase,86
004af240,EventPedToFlee::CEventPedToFlee,86
004af350,EventAttractor::Constructor,118
004af460,EventAttractor::IsEffectActive,72
004af670,EventVehicleToSteal::Constructor,86
004af820,EventAcquaintancePed::Constructor,102
004af8f0,EventAcquaintancePed::TakesPriorityOver,117
004af970,EventAcquaintancePed::AffectsPedGroup,185
004afa30,EventAcquaintancePed::AffectsPed,85
004afa90,EventAcquaintancePedHateBadlyLit::AffectsPed,165
004afc70,EventKnockOffBike::Constructor,50
004afcf0,EventKnockOffBike::Constructor,7
004afdd0,EventKnockOffBike::From,157
004afee0,EventKnockOffBike::AffectsPed,122
004aff60,EventKnockOffBike::SetPedOutCar,187
004b0020,EventKnockOffBike::CalcForcesAndAnims,1619
004b0700,EventGunAimedAt::CEventGunAimedAt,7
004b0810,EventGunAimedAt::CEventGunAimedAt::TakesPriorityOver,138
004b0a00,EventScriptCommand::Constructor,40
004b0ab0,EventScriptCommand::IsValid,54
004b0af0,EventScriptCommand::AffectsPed,38
004b0b20,EventScriptCommand::GetEventPriority,124
004b0ba0,EventScriptCommand::TakesPriorityOver,83
004b0cb0,EventInAir::Constructor,17
004b0d10,EventVehicleDied::Constructor,85
004b0f80,EventLeaderExitedCarAsDriver::AffectsPedGroup,134
004b1050,EventOnFire::AffectsPed,112
004b10c0,EventVehicleOnFire::Constructor,7
004b1290,EventHitByWaterCannon::Constructor,67
004b1330,EventHitByWaterCannon::AffectsPed,60
004b1490,EventStuckInAir::Constructor,86
004b15b0,EventStuckInAir::TakesPriorityOver,69
004b1600,EventStuckInAir::GetEventPriority,56
004b16c0,EventLeanOnVehicle::IsValid,54
004b1700,EventPassObject::IsValid,54
004b1740,EventCopCarBeingStolen::Constructor,116
004b1860,EventCopCarBeingStolen::AffectsPed,97
004b18d0,EventVehicleDamage::Constructor,7
004b1a00,EventVehicleDamage::AffectsPed,112
004b1a90,EventVehicleDamage::IsCriminalEvent,73
004b1b60,EventGotKnockedOverByCar::CEventGotKnockedOverByCar,102
004b1cc0,EventCarUpsideDown::Constructor,86
004b1db0,EventCarUpsideDown::AffectsPed,111
004b1e20,EventPotentialWalkIntoFire::Constructor,175
004b1f80,EventFireNearby::GetEventType,7
004b1fd0,EventGunShotWhizzedBy::Constructor,82
004b2080,EventSeenPanickedPed::Constructor,102
004b2190,EventAreaCodes::Constructor,86
004b23d0,EventPlayerCommandToGroup::Constructor,109
004b24d0,EventPlayerCommandToGroup::AffectsPedGroup,78
004b2530,EventPlayerCommandToGroupAttack::AffectsPedGroup,73
004b2580,EventEscalator::AffectsPed,84
004b2600,EventDanger::Constructor,109
004b27d0,EventVehicleHitAndRun::ReportCriminalEvent,113
004b2850,Event::GetSoundLevel,247
004b2990,InformFriendsEventQueue::Init,5
004b29a0,InformGroupEvent::Destructor,50
004b29e0,InformGroupEvent::Process,230
004b2ad0,InformGroupEventQueue::Init,5
004b2ae0,InformGroupEventQueue::Process,26
004b2b00,EventEditableResponse::InformRespectedFriends,464
004b2cd0,EventGunShot::AffectsPed,528
004b2ee0,EventVehicleCollision::AffectsPed,564
004b3120,EventBuildingCollision::CanTreatBuildingAsObject,226
004b3210,PedDamageResponseCalculator::ComputeWillKillPed,402
004b33b0,EventDamage::Constructor,111
004b3440,EventDamage::ReportCriminalEvent,349
004b35a0,EventDamage::AffectsPed,815
004b3a20,EventDamage::ProcessDamage,51
004b3a60,EventDamage::ComputeDeathAnim,945
004b3fc0,EventDamage::ComputeDamageAnim,1865
004b4950,EventPotentialWalkIntoObject::AffectsPed,243
004b4aa0,EventKnockOffBike::From,19
004b4ac0,EventKnockOffBike::SetPedSafePosition,957
004b4ee0,EventGunAimedAt::CEventGunAimedAt::AffectsPed,232
004b50b0,EventVehicleDamage::ReportCriminalEvent,103
004b5470,EventDanger::AffectsPed,109
004b54e0,EventDanger::AffectsPedGroup,131
004b5620,Event::new,11
004b5630,Event::delete,49
004b56c0,EventEditableResponse::ComputeResponseTaskType,108
004b5730,EventEditableResponse::ComputeResponseTaskOfType,111
004b57a0,EventEditableResponse::ComputeResponseTaskType,309
004b5ac0,PedDamageResponseCalculator::ComputeDamageResponse,559
004b5d40,EventDamage::CloneEditable,102
004b6490,EventScriptCommand::Clone,63
004b6b20,EventGunShot::CloneEditable,154
004b6bc0,EventVehicleCollision::Clone,123
004b6dc0,EventDraggedOutCar::CEventDraggedOutCar::CloneEditable,107
004b6e30,EventDeath::AffectsPed,53
004b6e70,EventDeadPed::CEventDeadPed::CloneEditable,107
004b6ee0,EventGroupEvent::AffectsPed,90
004b7100,EventVehicleHitAndRun::Clone,101
004b73d0,EventPedToFlee::AffectsPed,97
004b7440,EventAttractor::CloneEditable,107
004b7630,EventGunAimedAt::CEventGunAimedAt::CloneEditable,97
004b76d0,EventVehicleDied::Clone,97
004b7740,EventVehicleOnFire::CloneEditable,97
004b7960,EventGotKnockedOverByCar::CEventGotKnockedOverByCar::CloneEditable,97
004b7cd0,InformGroupEventQueue::Add,287
004b7df0,EventEditableResponse::InformGroup,82
004b8300,EventLeaderExitedCarAsDriver::Constructor,14
004b85b0,PedIntelligence::GetActivePrimaryTask,18
004b8790,TaskComplexUseClosestFreeScriptedAttractorRun::Constructor,27
004b87b0,TaskComplexUseClosestFreeScriptedAttractorRun::Clone,88
004b8840,TaskComplexUseClosestFreeScriptedAttractorRun::Destructor,11
004b8850,TaskComplexUseClosestFreeScriptedAttractorSprint::Constructor,27
004b8870,TaskComplexUseClosestFreeScriptedAttractorSprint::Clone,88
004b8900,TaskComplexUseClosestFreeScriptedAttractorSprint::Destructor,11
004b8b90,EventHandlerHistory::IsRespondingToEvent,88
004b8bf0,EventHandlerHistory::StoreActiveEvent,44
004b8c40,EventHandlerHistory::ClearTempEvent,25
004b8c60,EventHandlerHistory::ClearNonTempEvent,25
004b8ca0,EventHandlerHistory::GetCurrentEvent,11
004b8cc0,EventHandler::GetCurrentEventType,31
004b8ce0,EventHandler::ComputePlayerCollisionWithPedResponse,1475
004b92b0,EventHandler::ComputeObjectCollisionResponse,144
004b9340,EventHandler::RegisterKill,183
004b9400,EventHandler::ComputeDeathResponse,105
004b9470,EventHandler::ComputeDeadPedResponse,595
004b96d0,EventHandler::ComputeVehiclePotentialPassiveCollisionResponse,208
004b97b0,EventHandler::ComputeReviveResponse,293
004b98e0,EventHandler::ComputeChatPartnerResponse,269
004b99f0,EventHandler::ComputeSexyPedResponse,172
004b9aa0,EventHandler::ComputeSexyVehicleResponse,174
004b9b50,EventHandler::ComputePedToFleeResponse,141
004b9be0,EventHandler::ComputeAttractorResponse,162
004b9c90,EventHandler::ComputePedThreatBadlyLitResponse,168
004b9d40,EventHandler::ComputePedSoundQuietResponse,138
004b9dd0,EventHandler::ComputePedFriendResponse,432
004b9f80,EventHandler::ComputeVehicleToStealResponse,109
004b9ff0,EventHandler::ComputeKnockOffBikeResponse,7
004ba7c0,EventHandler::ComputeScriptCommandResponse,238
004ba8b0,EventHandler::ComputeVehicleDiedResponse,216
004ba990,EventHandler::ComputeLowHealthResponse,150
004baa30,EventHandler::ComputeReallyLowHealthResponse,150
004baad0,EventHandler::ComputeLowAngerAtPlayerResponse,307
004bac10,EventHandler::ComputeHighAngerAtPlayerResponse,307
004bad50,EventHandler::ComputeOnFireResponse,193
004bae30,EventHandler::ComputeWaterCannonResponse,329
004baf80,EventHandler::ComputeInWaterResponse,83
004bafe0,EventHandler::ComputeInteriorUseInfoResponse,105
004bb050,EventHandler::ComputeSignalAtPedResponse,101
004bb0c0,EventHandler::ComputePassObjectResponse,97
004bb130,EventHandler::ComputeCreatePartnerTaskResponse,321
004bb280,EventHandler::ComputePlayerWantedLevelResponse,83
004bb2e0,EventHandler::ComputeVehicleOnFireResponse,876
004bb740,EventHandler::ComputeCopCarBeingStolenResponse,178
004bb800,EventHandler::ComputeSpecialResponse,900
004bbb90,EventHandler::ComputeObjectCollisionPassiveResponse,148
004bbc30,EventHandler::ComputeCarUpsideDownResponse,151
004bbcd0,EventHandler::ComputePotentialWalkIntoFireResponse,339
004bbe30,EventHandler::ComputeShotFiredWhizzedByResponse,286
004bbf50,EventHandler::ComputeAreaCodesResponse,96
004bbfb0,EventHandler::ComputeFireNearbyResponse,148
004bc050,EventHandler::ComputeSeenCopResponse,255
004bc150,EventHandler::ComputeOnEscalatorResponse,118
004bc1d0,EventHandler::ComputeDontJoinGroupResponse,85
004bc230,EventHandler::ComputeDangerResponse,320
004bc370,EventHandler::IsTemporaryEvent,103
004bc3e0,EventHandler::IsKillTaskAppropriate,11
004bc4b0,EventHandlerHistory::RecordCurrentEvent,150
004bc550,EventHandlerHistory::ClearAllEvents,45
004bc580,EventHandlerHistory::TakesPriorityOverCurrentEvent,124
004bc600,EventHandler::SetEventResponseTask,272
004bc710,EventHandler::ComputeShotFiredResponse,1090
004bcc30,EventHandler::ComputeDraggedOutCarResponse,2596
004bd6a0,EventHandler::ComputeVehicleCollisionResponse,1233
004bdb80,EventHandler::ComputePedCollisionWithPedResponse,3074
004be7d0,EventHandler::ComputePedCollisionWithPlayerResponse,2751
004bf2b0,EventHandler::ComputeBuildingCollisionResponse,1791
004bf9b0,EventHandler::ComputePersonalityResponseToDamage,1849
004c0170,EventHandler::ComputeDamageResponse,2640
004c0bd0,EventHandler::ComputeVehiclePotentialCollisionResponse,2470
004c1590,EventHandler::ComputePedEnteredVehicleResponse,886
004c1910,EventHandler::ComputePedToChaseResponse,131
004c19a0,EventHandler::ComputePedThreatResponse,1877
004c2610,EventHandler::ComputePotentialPedCollideResponse,547
004c2840,EventHandler::ComputeGunAimedAtResponse,1637
004c2fc0,EventHandler::ComputeVehicleDamageResponse,1136
004c3430,EventHandler::ComputeGotKnockedOverByCarResponse,437
004c35f0,EventHandler::ComputeSeenPanickedPedResponse,326
004c3790,EventHandler::Flush,137
004c3820,EventHandler::FlushImmediately,65
004c3870,EventHandler::ComputeEventResponseTask,6
004c3e80,EventHandler::Constructor,52
004c3ec0,EventHandler::Destructor,65
004c3f10,EventHandler::HandleEvents,778
004c4220,EventHandler::ComputeEventResponseTask,201
004c6b10,ModelInfoAccelerator::CModelInfoAccelerator::FreeModelInfoIds,11
004c6b70,ModelInfoAccelerator::CModelInfoAccelerator::GetModelInfoIdFile,92
004c6bd0,ModelInfoAccelerator::CModelInfoAccelerator::EndOfLoadPhase,61
004d58a0,Cam::ConvertPedNode2BoneTag,128
004d5980,Pad::f0x57C330,46
004d5a20,CutsceneMgr::Initialise,144
004d5ab0,CutsceneMgr::LoadAnimationUncompressed,52
004d5c10,CutsceneMgr::LoadEverythingBecauseCutsceneDeletedAllOfIt,235
004d5d00,CutsceneMgr::Update,15
004d5d10,CutsceneMgr::IsCutsceneSkipButtonBeingPressed,15
004d5db0,CutsceneMgr::AppendToNextCutscene,98
004d5e60,CutsceneMgr::Shutdown,26
004d5e80,CutsceneMgr::LoadCutsceneData,72
004d5ed0,CutsceneMgr::DeleteCutsceneData,30
00509a30,Cam::IsLampPost,7
00509ae0,Cam::WellBufferMe,243
00509ce0,Cam::GetVectorsReadyForRW,209
00509dc0,Cam::CCam::GetWeaponFirstPersonOn,42
00509df0,Cam::KeepTrackOfTheSpeed,673
0050a160,IdleCam::Reset,152
0050a200,IdleCam::ProcessIdleCamTicker,94
0050a280,IdleCam::SetTarget,5
0050a3b0,Camera::InitCameraVehicleTweaks,208
0050a480,Camera::ApplyVehicleCameraTweaks,104
0050a4f0,Cam::RotCamIfInFrontCar,858
0050a850,Cam::Using3rdPersonMouseCam,22
0050a970,Camera::CamShakeNoPos,120
0050a9f0,Camera::CamShake,287
0050ab10,Camera::ClearPlayerWeaponMode,34
0050ab50,Camera::GetScreenRect,161
0050ac20,Camera::Fade,5
0050ad20,Camera::FindCamFOV,18
0050ad40,Camera::Find3rdPersonQuickAimPitch,78
0050ad90,Camera::GetCutSceneFinishTime,72
0050ade0,Camera::GetFading,4
0050adf0,Camera::GetFadingDirection,27
0050ae10,Camera::Get_Just_Switched_Status,4
0050ae20,Camera::GetScreenFadeStatus,45
0050ae50,Camera::GetGameCamPosition,7
0050ae60,Camera::GetLookingLRBFirstPerson,37
0050ae90,Camera::GetLookDirection,60
0050aed0,Camera::GetLookingForwardFirstPerson,37
0050af00,Camera::GetArrPosForVehicleType,97
0050af80,Camera::GetPositionAlongSpline,7
0050afa0,Camera::CopyCameraMatrixToRWCam,986
0050b380,Camera::CalculateMirroredMatrix,395
0050b510,Camera::DealWithMirrorBeforeConstructRenderList,184
0050b5d0,Camera::ProcessFade,17
0050b6d0,Camera::ProcessMusicFade,349
0050b890,Camera::ProcessWideScreenOn,84
0050b8f0,Camera::RenderMotionBlur,62
0050b930,Camera::Restore,374
0050bab0,Camera::RestoreWithJumpCut,621
0050bd20,Camera::SetCamCutSceneOffSet,29
0050bd40,Camera::SetCameraDirectlyBehindForFollowPed_CamOnAString,48
0050bd70,Camera::SetCameraDirectlyInFrontForFollowPed_CamOnAString,48
0050be30,Camera::SetCameraDirectlyInFrontForFollowPed_ForAPed_CamOnAString,137
0050bec0,Camera::SetCamPositionForFixedMode,13
0050bf00,Camera::SetFadeColour,55
0050bf40,Camera::SetMotionBlur,53
0050bf80,Camera::SetMotionBlurAlpha,13
0050bf90,Camera::SetNearClipScript,17
0050bfb0,Camera::SetNewPlayerWeaponMode,49
0050bff0,Camera::Using1stPersonWeaponMode,55
0050c030,Camera::SetParametersForScriptInterpolation,49
0050c070,Camera::SetPercentAlongCutScene,141
0050c100,Camera::SetRwCamera,49
0050c140,Camera::SetWideScreenOn,9
0050c150,Camera::SetWideScreenOff,11
0050c160,Camera::SetZoomValueFollowPedScript,75
0050c1b0,Camera::SetZoomValueCamStringScript,161
0050c260,Camera::StartCooperativeCamMode,15
0050c290,Camera::StoreValuesDuringInterPol,206
0050c360,Camera::UpdateTargetEntity,1115
0050c7c0,Camera::TakeControl,21
0050c8b0,Camera::TakeControlNoEntity,92
0050c910,Camera::TakeControlAttachToEntity,458
0050cae0,Camera::TakeControlWithSpline,39
0050cb10,Camera::UpdateAimingCoors,29
0050cb30,Cam::DoCamBump,34
0050cb60,Camera::SetCamCollisionVarDataSet,46
0050cbf0,Camera::SetColVarsAimWeapon,69
0050cc50,Camera::SetColVarsPed,70
0050cca0,Camera::SetColVarsVehicle,116
0050cd30,Camera::CameraGenericModeSpecialCases,68
0050cda0,Camera::CameraPedAimModeSpecialCases,64
0050cde0,Camera::CameraVehicleModeSpecialCases,155
0050ce80,Camera::IsExtraEntityToIgnore,47
0050cef0,Camera::ResetDuckingSystem,171
0050cfa0,Camera::HandleCameraMotionForDucking,230
0050d090,Camera::HandleCameraMotionForDuckingDuringAim,205
0050d160,Camera::VectorMoveLinear,106
0050d1d0,Camera::VectorTrackLinear,106
0050d280,Camera::LerpFOV,72
0050d2d0,Camera::InitialiseScriptableComponents,5
0050d350,Camera::ProcessVectorTrackLinear,223
0050d430,Camera::ProcessVectorMoveLinear,223
0050d510,Camera::ProcessFOVLerp,113
0050d7a0,Cam::CacheLastSettingsDWCineyCam,182
0050d860,HandShaker::Reset,198
0050d930,HandShaker::Process,1079
0050dd70,Cam::Finalise_DW_CineyCams,771
0050e490,Cam::Init,14
0050e6d0,IdleCam::Init,129
0050e760,IdleCam::FinaliseIdleCamera,890
0050eae0,IdleCam::GetLookAtPositionOnTarget,100
0050eb50,IdleCam::SetTargetPlayer,27
0050eb70,Cam::Process_1rstPersonPedOnPC,2156
0050f3f0,Cam::Process_Editor,1387
0050f970,Cam::Process_FollowPedWithMouse,3144
005105c0,Cam::Process_M16_1stPerson,5492
00511b50,Cam::Process_Rocket,1463
00512110,Cam::Process_WheelCam,1995
00512b10,Cam::Process_AttachedCam,977
00513510,Cam::Process_Cam_TwoPlayer_Separate_Cars,1744
00513be0,Cam::Process_Cam_TwoPlayer_Separate_Cars_TopDown,601
00513e40,Cam::Get_TwoPlayer_AimVector,13
00514860,Camera::DrawBordersForWideScreen,240
00514950,Camera::FinishCutscene,29
00514970,Camera::Find3rdPersonCamTargetVector,13
00514b80,Camera::CalculateGroundHeight,470
00514d60,Camera::CalculateFrustumPlanes,886
005150e0,Camera::CalculateDerivedValues,283
00515200,Camera::StartTransition,15
00515bd0,Camera::CCamera::UpdateSoundDistances,431
005161a0,Cam::GetLookFromLampPostPos,600
00516440,Camera::ProcessVectorTrackLinear,87
005164a0,Camera::ProcessVectorMoveLinear,87
00516500,Camera::ProcessFOVLerp,87
00516560,Camera::ProcessJiggle,1394
00516b00,Camera::GetRoughDistanceToGround,29
00516b20,Camera::ImproveNearClip,1542
00517130,Cam::GetCoreDataForDWCineyCamMode,6
00517330,HandShaker::SetDefaults,192
00517400,Cam::IsTimeToExitThisDWCineyCamMode,245
00517500,Cam::Process_SpecialFixedForSyphon,553
00517730,Cam::Constructor,12
00517760,IdleCam::CIdleCam,12
00517770,IdleCam::IsTargetValid,241
00517870,IdleCam::ProcessTargetSelection,366
005179e0,IdleCam::ProcessSlerp,513
00517bf0,IdleCam::ProcessFOVZoom,670
00517ea0,Cam::Process_1stPerson,1630
00518500,Cam::ProcessArrestCamOne,3364
00519250,Cam::ProcessPedsDeadBaby,1459
00519810,Cam::Process_Cam_TwoPlayer_InCarAndShooting,3126
0051a450,Camera::Constructor,266
0051a560,Camera::SetCameraUpForMirror,58
0051a5a0,Camera::RestoreCameraAfterMirror,35
0051a5d0,Camera::ConeCastCollisionResolve,275
0051a740,Cam::Process_DW_HeliChaseCam,6
0051b120,Cam::Process_DW_CamManCam,6
0051b850,Cam::Process_DW_BirdyCam,2550
0051c250,Cam::Process_DW_PlaneSpotterCam,6
0051c760,Cam::Process_DW_PlaneCam1,1226
0051cc30,Cam::Process_DW_PlaneCam2,6
0051d100,Cam::Process_DW_PlaneCam3,729
0051d3e0,IdleCam::Run,143
0051d470,Cam::Process_Fixed,754
0051e560,Camera::TryToStartNewCamMode,6
00520190,Camera::CameraColDetAndReact,1271
00520690,Cam::LookBehind,1961
00520e40,Cam::LookRight,37
00521500,Cam::Process_AimWeapon,6004
00522c80,IdleCam::Process,181
00522d40,Cam::Process_FollowPed_SA,12
005245b0,Cam::Process_FollowCar_SA,13
00525e50,Cam::Process_Cam_TwoPlayer,2406
00526fc0,Cam::Process,3405
00527fa0,Camera::CamControl,2856
0052b730,Camera::Process,5716
0052cd90,Clock::Initialise,66
0052cde0,Clock::NormaliseGameClock,195
0052ceb0,Clock::GetGameClockMinutesUntil,46
0052cee0,Clock::GetIsTimeInRange,16
0052cf10,Clock::Update,272
0052d020,Clock::StoreClock,66
0052d070,Clock::RestoreClock,59
0052d0b0,Clock::OffsetClockByADay,150
0052d150,Clock::SetGameClock,63
0052d1e0,ControllerConfigManager::GetJoyButtonJustDown,30
0052d200,ControllerConfigManager::SaveSettings,88
0052d260,ControllerConfigManager::InitialiseControllerActionNameArray,1996
0052dab0,ControllerConfigManager::UpdateJoyInConfigMenus_ButtonDown,268
0052dc20,ControllerConfigManager::UpdateJoyInConfigMenus_ButtonUp,270
0052dd90,ControllerConfigManager::ClearSimButtonPressCheckers,32
0052ddb0,ControllerConfigManager::GetIsKeyboardKeyDown,1455
0052e450,ControllerConfigManager::GetIsKeyboardKeyJustDown,11
0052ef30,ControllerConfigManager::GetIsMouseButtonDown,198
0052f020,ControllerConfigManager::GetIsMouseButtonUp,198
0052f2f0,ControllerConfigManager::GetActionType,71
0052f390,ControllerConfigManager::GetControllerSettingTextMouse,163
0052f450,ControllerConfigManager::GetControllerSettingTextJoystick,69
0052f4f0,ControllerConfigManager::GetControllerKeyAssociatedWithAction,21
0052f510,ControllerConfigManager::UpdateJoyButtonState,50
0052f550,ControllerConfigManager::GetIsActionAButtonCombo,5
0052f560,ControllerConfigManager::GetButtonComboText,30
0052f580,ControllerConfigManager::GetMouseButtonAssociatedWithAction,16
0052f590,ControllerConfigManager::SetMouseButtonAssociatedWithAction,18
0052f5f0,ControllerConfigManager::ResetSettingOrder,244
0052f6f0,ControllerConfigManager::InitDefaultControlConfigMouse,183
0052f7b0,ControllerConfigManager::AffectControllerStateOn_ButtonDown_Driving,552
0052f9e0,ControllerConfigManager::AffectControllerStateOn_ButtonDown_FirstPersonOnly,62
0052fa20,ControllerConfigManager::AffectControllerStateOn_ButtonDown_ThirdPersonOnly,139
0052fab0,ControllerConfigManager::AffectControllerStateOn_ButtonDown_FirstAndThirdPersonOnly,494
0052fca0,ControllerConfigManager::AffectControllerStateOn_ButtonDown_AllStates,116
0052fd40,ControllerConfigManager::AffectControllerStateOn_ButtonUp_All_Player_States,47
0052fd70,ControllerConfigManager::ClearSettingsAssociatedWithAction,143
0052fe10,ControllerConfigManager::GetControllerSettingTextKeyBoard,13
005303d0,ControllerConfigManager::GetGxtStringOfCommandKeys,187
00530490,ControllerConfigManager::SetControllerKeyAssociatedWithAction,110
00530500,ControllerConfigManager::MakeControllerActionsBlank,41
00530530,ControllerConfigManager::LoadSettings,262
00530640,ControllerConfigManager::InitDefaultControlConfiguration,10
00530b00,ControllerConfigManager::InitDefaultControlConfigJoyPad,848
00530ed0,ControllerConfigManager::UpdateJoy_ButtonDown,394
00531070,ControllerConfigManager::AffectControllerStateOn_ButtonUp,127
00531140,ControllerConfigManager::AffectPadFromKeyBoard,863
005314a0,ControllerConfigManager::AffectPadFromMouse,459
00531670,ControllerConfigManager::DeleteMatchingCommonControls,165
00531730,ControllerConfigManager::DeleteMatching3rdPersonControls,369
005318c0,ControllerConfigManager::DeleteMatching1rst3rdPersonControls,255
005319d0,ControllerConfigManager::DeleteMatchingVehicleControls,473
00531bc0,ControllerConfigManager::DeleteMatchingVehicle_3rdPersonControls,70
00531c20,ControllerConfigManager::DeleteMatching1rstPersonControls,85
00531c90,ControllerConfigManager::DeleteMatchingActionInitiators,348
00531e20,ControllerConfigManager::GetControllerSettingTextWithOrderNumber,97
00531ee0,ControllerConfigManager::Constructor,60
00531f20,ControllerConfigManager::ReinitControls,16
00531fc0,Crime::FindImmediateDetectionRange,47
00532010,Crime::ReportCrime,541
00532260,Debug::DebugDisplayTextBuffer,1
00532290,Directory::Constructor,13
005322a0,Directory::Constructor,41
005322d0,Directory::Destructor,20
005322f0,Directory::Init,24
00532310,Directory::AddItem,61
00532350,Directory::ReadDirFile,183
00532450,Directory::FindItem,77
005324a0,Directory::FindItem,42
005324d0,Directory::FindItem,96
00536f80,FileLoader::LoadLine,96
00536fe0,FileLoader::LoadLine,114
005370a0,RwHelper::GetNameAndDamage,172
005371f0,FileLoader::LoadAtomicFile,145
005372d0,FileLoader::LoadClumpFile,281
00537450,FileLoader::FinishLoadClumpFile,86
00537580,FileLoader::LoadCollisionModel,7
00537990,FileLoader::LoadCarGenerator,128
00537ae0,FileLoader::LoadCollisionModelVer4,506
00537ce0,FileLoader::LoadCollisionModelVer3,506
00537ee0,FileLoader::LoadCollisionModelVer2,32
00538090,FileLoader::LoadObjectInstance,941
00538440,FileLoader::LoadCollisionFile,562
00538690,FileLoader::LoadObjectInstance,92
005386f0,FileMgr::Initialise,51
00538730,FileMgr::ChangeDir,22
005387d0,FileMgr::SetDir,134
00538860,FileMgr::SetDirMyDocuments,38
00538890,FileMgr::LoadFile,97
00538900,FileMgr::OpenFile,5
00538910,FileMgr::OpenFileForWriting,19
00538950,FileMgr::Read,26
00538970,FileMgr::Write,26
00538990,FileMgr::Seek,29
005389b0,FileMgr::ReadLine,29
005389d0,FileMgr::CloseFile,5
005389e0,FileMgr::GetTotalSize,63
00538a50,FileMgr::GetErrorReadWrite,11
00538b30,Fire::Initialise,99
00538bc0,FireManager::Init,841
00538f10,FireManager::GetNumOfNonScriptFires,37
00538f40,FireManager::FindNearestFire,1011
00539360,Fire::CreateFxSysForStrength,22
005393f0,Fire::Extinguish,93
00539450,FireManager::ExtinguishPoint,106
005394c0,FireManager::ExtinguishPointWithWater,530
005396e0,FireManager::IsScriptFireExtinguished,18
00539700,FireManager::RemoveScriptFire,29
00539720,FireManager::RemoveAllScriptFires,114
005397a0,FireManager::ClearAllScriptFireFlags,15
005397e0,FireManager::GetScriptFireCoords,15
005397f0,FireManager::GetNumFiresInRange,101
00539860,FireManager::GetNumFiresInArea,1116
00539ce0,CreepingFire::Update,48
00539d10,FireManager::DestroyAllFxSystems,54
00539d50,FireManager::CreateAllFxSystems,50
00539da0,FireManager::Constructor,34
00539dd0,FireManager::Shutdown,113
00539e50,FireManager::GetNextFreeFire,176
00539f00,FireManager::StartFire,325
0053a050,FireManager::StartFire,23
0053a270,FireManager::StartScriptFire,469
0053a450,CreepingFire::TryToStartFireAtCoors,281
0053a570,Fire::ProcessFire,2445
0053af00,FireManager::Update,3009
0053bb50,Game::InitialiseOnceBeforeRW,33
0053bb80,Game::ShutdownRenderWare,172
0053bc30,Game::FinalShutdown,42
0053bc80,Game::Initialise,101
0053bcf0,Game::ReInitGameObjectVariables,475
0053bee0,Game::Process,940
0053c4a0,Game::CanSeeOutSideFromCurrArea,14
0053c4b0,Game::CanSeeWaterFromCurrArea,23
0053c500,Game::TidyUpMemory,43
0053c550,Game::ShutDownForRestart,293
0053c680,Game::InitialiseWhenRestarting,394
0053c810,Game::DrasticTidyUpMemory,23
0053c900,Game::Shutdown,499
0053cb00,General::LimitAngle,69
0053cb50,General::LimitRadianAngle,121
0053cbe0,General::GetRadianAngleBetweenPoints,132
0053cc70,General::GetATanOfXY,326
0053cdc0,General::GetNodeHeadingFromVector,103
0053ce30,General::SolveQuadratic,103
0053cea0,General::GetAngleBetweenPoints,35
0053cfa0,LoadMonitor::Constructor,122
0053d030,LoadMonitor::BeginFrame,21
0053d050,LoadMonitor::StartTimer,20
0053d070,LoadMonitor::EndTimer,34
0053d0b0,LoadMonitor::EndFrame,971
0053ded0,LoadingScreen::LoadingScreen,27
0053e600,Draw::DoFade,353
0053ed30,ModelIndices::TestModelIndices,1
0053ef80,ControllerState::Clear,98
0053eff0,ControllerState::CheckForInput,153
0053f090,KeyboardState::Clear,327
0053f1e0,Pad::ClearKeyBoardHistory,30
0053f200,Pad::SetTouched,12
0053f210,Pad::GetTouchedTimeDelta,12
0053f270,MouseControllerState::CheckForInput,85
0053f3c0,Pad::UpdateMouse,363
0053f530,Pad::ReconcileTwoControllersInput,986
0053f910,Pad::StartShake,10
0053f920,Pad::StartShake,5
0053f9a0,Pad::StartShake_Distance,195
0053fb50,Pad::StopShaking,3
0053fb80,Pad::GetSteeringLeftRight,49
0053fbd0,Pad::GetSteeringUpDown,38
0053fc10,Pad::GetCarGunUpDown,56
0053fc50,Pad::GetCarGunLeftRight,56
0053fc90,Pad::GetPedWalkLeftRight,37
0053fd30,Pad::GetPedWalkUpDown,38
0053fdd0,Pad::GetLookLeft,63
0053fe10,Pad::GetLookRight,63
0053fe70,Pad::GetLookBehindForCar,70
0053fec0,Pad::GetLookBehindForPed,22
0053fee0,Pad::GetHorn,59
0053ff30,Pad::HornJustDown,70
0053ff70,Pad::GetHydraulicJump,22
0053ff90,Pad::GetCarGunFired,76
0053ffe0,Pad::CarGunJustDown,92
00540040,Pad::GetHandBrake,48
00540080,Pad::GetBrake,55
005400d0,Pad::GetExitVehicle,60
00540120,Pad::ExitVehicleJustDown,8
00540180,Pad::GetWeapon,187
00540250,Pad::WeaponJustDown,224
00540340,Pad::GetMeleeAttack,71
00540390,Pad::MeleeAttackJustDown,87
005403f0,Pad::GetAccelerate,57
005404f0,Pad::IsPhaseEqual11,45
00540530,Pad::CPad::sub_540530,82
005405b0,Pad::NextStationJustUp,36
005405e0,Pad::LastStationJustUp,36
00540610,Pad::CycleWeaponLeftJustDown,46
00540640,Pad::CycleWeaponRightJustDown,46
00540670,Pad::GetTarget,52
005406b0,Pad::GetEnterTargeting,71
00540700,Pad::GetDuck,32
00540720,Pad::DuckJustDown,46
00540750,Pad::GetJump,32
00540770,Pad::JumpJustDown,46
005407a0,Pad::GetSprint,50
005407f0,Pad::SprintJustDown,69
00540850,Pad::ShiftTargetLeftJustDown,36
00540880,Pad::ShiftTargetRightJustDown,36
005408b0,Pad::GetDisplayVitalStats,152
00540950,Pad::GetAnaloguePadUp,6
00540980,Pad::GetAnaloguePadDown,40
005409b0,Pad::GetAnaloguePadLeft,39
005409e0,Pad::GetAnaloguePadRight,39
00540a70,Pad::CollectPickupJustDown,83
00540ae0,Pad::GetForceCameraBehindPlayer,59
00540b30,Pad::SniperZoomIn,64
00540b80,Pad::SniperZoomOut,64
00540bd0,Pad::LookAroundLeftRight,234
00540cc0,Pad::LookAroundUpDown,247
00540dc0,Pad::GetPedWalkLeftRight,83
00540e20,Pad::GetPedWalkUpDown,84
00541040,Pad::AimWeaponLeftRight,128
005410c0,Pad::AimWeaponUpDown,140
00541190,Pad::GetGroupControlForward,22
005411b0,Pad::GetGroupControlBack,22
005411d0,Pad::ConversationYesJustDown,36
00541200,Pad::ConversationNoJustDown,36
00541330,common::LittleTest,6
00541490,Pad::GetCurrentKeyPressed,1483
00541a70,Pad::Clear,351
00541bd0,Pad::ClearMouseHistory,108
00541c40,Pad::Update,286
00541d70,Pad::CPad::StopPadsShaking,1
00541d90,Pad::Initialise,56
00541dd0,Pad::CPad::UpdatePads,7
0054ece0,common::TransformPoint,64
0054ee30,common::TransformVectors,97
0054eea0,common::TransformVectors,5
0054eef0,common::TransformPoints,79
0054ef40,SimpleTransform::CSimpleTransform::UpdateRwMatrix,77
0054ef90,SimpleTransform::CSimpleTransform::Invert,60
0054f1b0,SimpleTransform::CSimpleTransform::UpdateMatrix,42
0054ff60,Pools::GetPedRef,44
00550020,Pools::GetObjectRef,44
00550080,Pools::MakeSureSlotInObjectPoolIsEmpty,227
00550f10,Pools::Initialise,990
00551950,Pools::CheckPoolsEmpty,160
005519f0,Pools::ShutDown,885
005531e0,Renderer::RenderFadingInEntities,129
00553220,Renderer::RenderFadingInUnderwaterEntities,15
00553260,Renderer::RenderOneNonRoad,260
005534b0,Renderer::AddEntityToRenderList,16
00553540,Renderer::SetupScanLists,139
00553710,Renderer::AddToLodRenderList,38
00553770,Renderer::ProcessLodRenderLists,356
00553910,Renderer::PreRender,246
00553a10,Renderer::RenderRoads,144
00553aa0,Renderer::RenderEverythingBarRoads,592
00553d00,Renderer::RenderFirstPersonVehicle,187
00553e40,Renderer::SetupLightingForEntity,9
00553f60,Renderer::SetupMapEntityVisibility,714
00554230,Renderer::SetupEntityVisibility,1055
00554650,Renderer::SetupBigBuildingVisibility,495
00554c60,Renderer::GetObjectsInFrustum,586
00554eb0,Renderer::ShouldModelBeStreamed,234
00554fe0,Renderer::ScanWorld,1687
00555680,Renderer::CRenderer::ScanPtrList_RequestModels,24
005556e0,Renderer::ConstructRenderList,529
00555900,Renderer::ScanSectorList_RequestModels,87
00555960,Renderer::RequestObjectsInFrustum,839
00555cb0,Renderer::RequestObjectsInDirection,256
00555dc0,Ropes::Init,33
00555df0,Ropes::SetSpeedOfTopNode,76
00555e40,Ropes::FindCoorsAlongRope,308
00555f80,Ropes::IsCarriedByRope,45
00556000,Ropes::FindRope,11
00556030,Rope::ReleasePickedUpObject,58
00556070,Rope::CreateHookObjectForRope,292
005561b0,Rope::UpdateWeightInRope,1435
00556780,Rope::Remove,114
00556800,Rope::Render,440
00556ae0,Ropes::Render,39
00556b10,Ropes::Shutdown,6
00556b40,Ropes::RegisterRope,2511
00557530,Rope::Update,6014
00558d10,Ropes::CreateRopeForSwatPed,91
00558d70,Ropes::Update,49
00558e40,Stats::GetStatValue,33
00558ec0,Stats::CStats::PopulateFavoriteRadioStationList,189
00558f90,Stats::GetFullFavoriteRadioStationList,6
00558fa0,Stats::CStats::FindMostFavoriteRadioStation,106
00559010,Stats::CStats::FindLeastFavoriteRadioStation,110
00559080,Stats::FindCriminalRatingNumber,339
005591e0,Stats::GetPercentageProgress,68
00559230,Stats::CStats::BuildStatLine,671
00559540,Stats::ConvertToMins,28
00559560,Stats::ConvertToSecs,43
005595f0,Stats::CheckForThreshold,56
00559630,Stats::IsStatCapped,247
00559760,Stats::CStats::CheckForStatsMessage,247
00559860,Stats::CStats::LoadStatUpdateConditions,326
005599b0,Stats::LoadActionReactionStats,146
00559a50,Stats::FindMaxNumberOfGroupMembers,156
00559af0,Stats::CStats::GetFatAndMuscleModifier,1129
00559fa0,Stats::DecrementStat,204
0055a070,Stats::SetStatValue,56
0055a0b0,Stats::RegisterFastestTime,174
0055a160,Stats::RegisterBestPosition,174
0055a210,Stats::CStats::FindCriminalRatingString,1385
0055a780,Stats::CStats::ConstructStatLine,5
0055b900,Stats::ProcessReactionStatsOnIncrement,128
0055b980,Stats::DisplayScriptStatUpdateMessage,427
0055bc50,Stats::CStats::UpdateRespectStat,716
0055bf20,Stats::CStats::UpdateSexAppealStat,385
0055c0c0,Stats::Init,180
0055c180,Stats::IncrementStat,649
0055c410,Stats::SetNewRecordStat,5
0055c470,Stats::CStats::UpdateFatAndMuscleStats,491
0055c660,Stats::UpdateStatsWhenSprinting,139
0055c6f0,Stats::UpdateStatsWhenRunning,139
0055c990,Stats::CStats::UpdateStatsWhenSwimming,293
0055cac0,Stats::CStats::UpdateStatsWhenDriving,319
0055cc00,Stats::CStats::UpdateStatsWhenFlying,338
0055cd60,Stats::UpdateStatsWhenOnMotorBike,325
0055ceb0,Stats::CStats::UpdateStatsWhenWeaponHit,228
0055cfc0,Stats::CStats::UpdateStatsOnRespawn,107
0055d030,Stats::CStats::UpdateStatsAddToHealth,88
0055d090,Stats::ModifyStat,46
0055d0e0,SurfaceInfos_c::SurfaceInfos_c::LoadAdhesiveLimits,314
0055d220,SurfaceInfos_c::GetSurfaceIdFromName,11
0055e5c0,SurfaceInfos_c::GetAdhesionGroup,14
0055e600,SurfaceInfos_c::GetWetMultiplier,44
0055e630,SurfaceInfos_c::GetSkidmarkType,23
0055e650,SurfaceInfos_c::GetFrictionEffect,23
0055e670,SurfaceInfos_c::GetBulletFx,23
0055e690,SurfaceInfos_c::IsSoftLanding,23
0055e6b0,SurfaceInfos_c::IsSeeThrough,23
0055e6d0,SurfaceInfos_c::IsShootThrough,23
0055e6f0,SurfaceInfos_c::IsSand,23
0055e710,SurfaceInfos_c::IsWater,23
0055e730,SurfaceInfos_c::IsShallowWater,21
0055e750,SurfaceInfos_c::IsBeach,23
0055e770,SurfaceInfos_c::IsSteepSlope,23
0055e790,SurfaceInfos_c::IsGlass,23
0055e7b0,SurfaceInfos_c::IsStairs,23
0055e7d0,SurfaceInfos_c::IsSkateable,23
0055e7f0,SurfaceInfos_c::IsPavement,23
0055e810,SurfaceInfos_c::GetRoughness,23
0055e870,SurfaceInfos_c::CantSprintOn,23
0055e890,SurfaceInfos_c::LeavesFootsteps,23
0055e8b0,SurfaceInfos_c::ProducesFootDust,23
0055e8d0,SurfaceInfos_c::MakesCarDirty,20
0055e8f0,SurfaceInfos_c::MakesCarClean,20
0055e910,SurfaceInfos_c::CreatesWheelGrass,22
0055e930,SurfaceInfos_c::CreatesWheelGravel,23
0055e950,SurfaceInfos_c::CreatesWheelMud,23
0055e970,SurfaceInfos_c::CreatesWheelDust,23
0055e990,SurfaceInfos_c::CreatesWheelSand,23
0055e9b0,SurfaceInfos_c::CreatesWheelSpray,23
0055e9d0,SurfaceInfos_c::CreatesPlants,23
0055e9f0,SurfaceInfos_c::CreatesObjects,23
0055ea10,SurfaceInfos_c::CanClimb,23
0055ea30,SurfaceInfos_c::IsAudioConcrete,23
0055ea50,SurfaceInfos_c::IsAudioGrass,23
0055ea70,SurfaceInfos_c::IsAudioSand,23
0055ea90,SurfaceInfos_c::IsAudioGravel,23
0055eab0,SurfaceInfos_c::IsAudioWood,23
0055ead0,SurfaceInfos_c::IsAudioWater,23
0055eaf0,SurfaceInfos_c::IsAudioMetal,21
0055eb10,SurfaceInfos_c::IsAudioLongGrass,23
0055eb30,SurfaceInfos_c::IsAudioTile,23
0055eb50,SurfaceInfos_c::GetAdhesiveLimit,52
0055eb90,SurfaceInfos_c::SurfaceInfos_c::LoadSurfaceInfos,1814
0055f2b0,SurfaceInfos_c::SurfaceInfos_c::LoadSurfaceAudioInfos,360
0055f420,SurfaceInfos_c::Init,23
0055fec0,TimeCycle::StartExtraColour,12
0055ff20,TimeCycle::StopExtraColour,29
0055ff40,TimeCycle::AddOne,140
0055ffd0,TimeCycle::FindTimeCycleBox,518
005601e0,TimeCycle::Shutdown,1
005601f0,TimeCycle::InitForRestart,21
00560330,TimeCycle::GetAmbientRed,13
00560340,TimeCycle::GetAmbientGreen,13
00560350,TimeCycle::GetAmbientBlue,13
00560360,TimeCycle::GetAmbientRed_Obj,7
00560370,TimeCycle::GetAmbientGreen_Obj,7
00560380,TimeCycle::GetAmbientBlue_Obj,7
00560390,TimeCycle::GetAmbientRed_BeforeBrightness,13
005603a0,TimeCycle::GetAmbientGreen_BeforeBrightness,13
005603b0,TimeCycle::GetAmbientBlue_BeforeBrightness,13
005603d0,TimeCycle::CalcColoursForPoint,5139
005616e0,TimeCycle::FindFarClipForCoors,125
00561760,TimeCycle::Update,54
005617c0,Timer::GetMillisecondTime,8
005617e0,Timer::Initialise,7
005618c0,Timer::Shutdown,8
005618d0,Timer::UpdateVariables,246
005619d0,Timer::Suspend,43
00561a00,Timer::Resume,62
00561a40,Timer::GetCyclesPerMillisecond,6
00561a80,Timer::GetCurrentTimeInCycles,28
00561aa0,Timer::Stop,43
00561ad0,Timer::GetIsSlowMotionActive,25
00561af0,Timer::StartUserPause,8
00561b00,Timer::EndUserPause,8
00561b10,Timer::Update,351
00561c70,Wanted::InitialiseStaticVariables,28
00561c90,Wanted::UpdateWantedLevel,473
00561e70,Wanted::SetMaximumWantedLevel,159
00561f40,Wanted::AreSwatRequired,21
00561f60,Wanted::AreFbiRequired,21
00561f80,Wanted::AreArmyRequired,21
00561fa0,Wanted::NumOfHelisRequired,36
00561fe0,Wanted::ClearQdCrimes,8
00562000,Wanted::AddCrimeToQ,273
00562120,Wanted::ReportCrimeNow,382
00562300,Wanted::RemovePursuitCop,42
00562330,Wanted::IsInPursuit,39
00562360,Wanted::UpdateEachFrame,41
00562390,Wanted::Initialise,107
00562400,Wanted::Reset,5
00562410,Wanted::RegisterCrime,30
00562430,Wanted::RegisterCrime_Immediately,54
00562470,Wanted::SetWantedLevel,166
00562540,Wanted::CheatWantedLevel,44
00562570,Wanted::SetWantedLevelNoDrop,40
005625a0,Wanted::ClearWantedLevelAndGoOnParole,72
005625f0,Wanted::WorkOutPolicePresence,355
00562760,Wanted::UpdateCrimesQ,102
005627d0,Wanted::IsClosestCop,804
00562b00,Wanted::ComputePursuitCopToDisplace,21
00562c10,Wanted::RemovePursuitCop,41
00562c40,Wanted::RemoveExcessPursuitCops,66
00562c90,Wanted::Update,694
00562f60,Wanted::CanCopJoinPursuit,73
00562fb0,Wanted::CanCopJoinPursuit,166
00563060,Wanted::SetPursuitCop,134
005631c0,World::ResetLineTestOptions,28
005631e0,World::Initialise,57
00563220,World::Add,92
00563280,World::Remove,35
005632b0,World::CWorld::ProcessVerticalLineSectorList,210
00563430,World::ProcessPedsAfterPreRender,53
00563470,World::ClearScanCodes,5
00563500,World::CWorld::FindObjectsInRangeSectorList,186
005635c0,World::CWorld::FindObjectsOfTypeInRangeSectorList,206
00563950,World::CWorld::TestForBuildingsOnTopOfEachOther,127
00563a80,World::CallOffChaseForAreaSectorListVehicles,629
00563d00,World::CallOffChaseForAreaSectorListPeds,538
00563f40,World::CameraToIgnoreThisObject,27
00563fa0,World::FindPlayerSlotWithPedPointer,36
00563fd0,World::FindPlayerSlotWithVehiclePointer,36
00564000,World::CWorld::FindPlayerSlotWithVehiclePointer,49
00564050,World::ShutDown,780
00564360,World::ClearForRestart,184
00564500,World::ProcessVerticalLineSector,242
005647f0,World::ProcessAttachedEntities,372
00564970,World::CWorld::GetIsLineOfSightSectorListClear,28
00564a20,World::FindObjectsInRange,583
00564c70,World::FindObjectsOfTypeInRange,608
00564ed0,World::FindLodOfTypeInRange,294
00565000,World::CWorld::FindObjectsKindaCollidingSectorList,211
005650e0,World::CWorld::FindObjectsIntersectingCubeSectorList,279
00565200,World::CWorld::FindObjectsIntersectingAngledCollisionBoxSectorList,40
00565450,World::CWorld::FindNearestObjectOfTypeSectorList,180
00565510,World::RemoveReferencesToDeletedObject,247
00565610,World::SetPedsOnFire,483
00565800,World::SetPedsChoking,493
005659f0,World::SetCarsOnFire,380
00565b70,World::SprayPaintWorld,316
005660b0,World::UseDetonator,131
005664a0,World::TestForBuildingsOnTopOfEachOther,97
00566510,World::TestForUnusedModels,248
00566610,World::ClearCarsFromArea,475
005667f0,World::ClearPedsFromArea,246
005668f0,World::SetAllCarsCanBeDamaged,83
00566950,World::ExtinguishAllCarFiresInArea,8
00566a60,World::CallOffChaseForArea,429
00566c10,World::StopAllLawEnforcersInTheirTracks,120
00566c90,World::FindUnsuspectingTargetCar,270
00566da0,World::FindUnsuspectingTargetPed,315
00566ee0,World::CWorld::ProcessLineOfSightSectorList,1521
005674e0,World::ProcessVerticalLine,12
00567750,World::CWorld::TriggerExplosionSectorList,3382
005684a0,World::Process,2587
00568ad0,World::GetIsLineOfSightSectorClear,175
00568b80,World::FindObjectsKindaColliding,583
00568dd0,World::FindObjectsIntersectingCube,540
00568ff0,World::FindObjectsIntersectingAngledCollisionBox,575
00569240,World::FindMissionEntitiesIntersectingCube,425
005693f0,World::FindNearestObjectOfType,604
00569660,World::FindGroundZForCoord,52
005696c0,World::FindGroundZFor3DCoord,137
00569750,World::FindRoofZFor3DCoord,158
00569e20,World::TestSphereAgainstWorld,683
0056a0d0,World::ClearExcitingStuffFromArea,8
0056a490,World::GetIsLineOfSightClear,4407
0056b5e0,World::ProcessLineOfSightSector,15
0056b790,World::TriggerExplosion,379
0056b910,World::SetWorldOnFire,163
0056ba00,World::ProcessLineOfSight,5039
0056ce80,AccidentManager::ReportAccident,90
0056cee0,AccidentManager::GetNumberOfFreeAccidents,51
0056cf20,AccidentManager::GetInstance,7
0056cf90,AccidentManager::GetNearestFreeAccidentExceptThisOne,190
0056d050,AccidentManager::GetNearestFreeAccident,20
0056d070,IniFile::LoadIniFile,268
0056d180,Localisation::Initialise,20
0056d1a0,Localisation::SetNormalGame,20
0056d1c0,Localisation::SetFrenchGame,20
0056d200,Localisation::GermanGame,11
0056d220,Localisation::Metric,11
0056d230,Localisation::Blood,3
0056d270,Localisation::KickingWhenDown,3
0056d280,Localisation::ShootLimbs,11
0056d290,Localisation::KnockDownPeds,11
0056d2a0,Localisation::KillFrenzy,11
0056d2b0,Localisation::StealFromDeadPed,11
0056d2c0,Localisation::KillPeds,11
0056d2d0,Localisation::PedsOnFire,11
0056da80,PlayerInfo::SetLastTargetVehicle,39
0056dab0,PlayerInfo::IsPlayerInRemoteMode,25
0056dad0,PlayerInfo::EvaluateCarPosition,255
0056dbd0,PlayerInfo::FindObjectToSteal,890
0056dfb0,PlayerInfo::GetPos_Hook,8
0056e010,World::FindPlayerCoors,124
0056e090,World::FindPlayerSpeed,56
0056e0d0,World::FindPlayerVehicle,70
0056e120,World::FindPlayerEntity,51
0056e160,World::FindPlayerTrain,167
0056e210,World::FindPlayerPed,28
0056e230,World::FindPlayerWanted,28
0056e250,World::FindPlayerCentreOfWorld,194
0056e320,World::FindPlayerCentreOfWorld_NoSniperShift,222
0056e400,World::FindPlayerCentreOfWorldForMap,73
0056e450,World::FindPlayerHeading,203
0056e550,PlayerInfo::IsRestartingAfterDeath,11
0056e560,PlayerInfo::IsRestartingAfterArrest,11
0056e580,PlayerInfo::KillPlayer,76
0056e5d0,PlayerInfo::ArrestPlayer,55
0056e610,PlayerInfo::WorkOutEnergyFromHunger,533
0056e860,PlayerInfo::CancelPlayerEnteringCars,3
0056e870,PlayerInfo::MakePlayerSafe,159
0056ea30,PlayerInfo::BlowUpRCBuggy,80
0056ea80,PlayerInfo::DeletePlayerSkin,34
0056eab0,PlayerInfo::AddHealth,115
0056eb30,PlayerInfo::StreamParachuteWeapon,269
0056ec40,PlayerInfo::GivePlayerParachute,49
0056f210,PlayerPedData::SetInitialState,259
0056f330,PlayerInfo::Clear,422
0056f4e0,PlayerInfo::FindClosestCarSectorList,735
0056f7d0,PlayerInfo::LoadPlayerSkin,55
0056f810,PlayerPedData::Constructor,52
0056f890,PlayerPedData::DeAllocateData,52
0056f8d0,PlayerInfo::Process,4571
00571840,PlayerPedData::Destructor,39
00571880,PlayerPedData::AllocateData,159
00571920,PlayerInfo::Constructor,77
005719b0,References::Init,44
00571ad0,References::RemoveReferencesToPlayer,81
00571cc0,References::PruneAllReferencesInWorld,171
00571d90,PlaceName::GetForMap,176
00571ee0,UserDisplay::Init,40
00571f20,PlaceName::Process,262
00572040,CurrentVehicle::Process,93
005720a0,UserDisplay::Process,30
005720c0,Zone::CZone::GetTranslatedName,15
005720d0,TheZones::InitZonesPopulationSettings,63
00572110,TheZones::ResetZonesRevealed,27
00572180,TheZones::AssignZoneInfoForThisZone,158
00572270,TheZones::PointLiesWithinZone,144
00572300,TheZones::GetLevelFromPosition,92
00572360,TheZones::FindSmallestZoneForPosition,8
00572400,TheZones::GetZoneInfo,62
00572440,TheZones::FillZonesWithGangColours,310
005725b0,TheZones::Calc2DDistanceBetween2Zones,188
00572670,TheZones::Init,393
00572800,TheZones::CTheZones::SetCurrentZoneAsUnlocked,154
005728a0,TheZones::CreateZone,694
00572b70,TheZones::PostZoneCreation,1
00572b80,TheZones::FindZone,29
00572c40,TheZones::FindZoneByLabel,123
00572d10,TheZones::Update,92
00572db0,Pad::IsBackspacePressed,26
00572e70,Pad::IsMouseMButtonPressed,24
00572ec0,MenuManager::LoadAllTextures,480
005730a0,MenuManager::SwapTexturesRound,438
00573260,MenuManager::InitialiseChangedLanguageSettings,186
00573330,MenuManager::DoSettingsBeforeStartingAGame,167
005733e0,MenuManager::StretchX,10
00573410,MenuManager::StretchY,38
00573440,MenuManager::CheckSliderMovement,511
00573680,MenuManager::SwitchToNewScreen,436
00573840,MenuManager::CheckFrontEndUpInput,104
005738b0,MenuManager::CheckFrontEndDownInput,104
00573920,MenuManager::CheckFrontEndLeftInput,104
00573990,MenuManager::CheckFrontEndRightInput,104
00573a00,MenuManager::ScrollRadioStations,83
00573a60,MenuManager::SetFrontEndRenderStates,121
00573ae0,MenuManager::SetDefaultPreferences,366
00573cd0,MenuManager::HasLanguageChanged,26
00573cf0,MenuManager::ProcessStreaming,369
00573e70,MenuManager::GetNumberOfMenuOptions,6
00573ee0,MenuManager::DrawWindow,302
00574010,MenuManager::SmallMessageScreen,787
00574350,MenuManager::Constructor,379
005744d0,MenuManager::Initialise,348
00574630,MenuManager::UnloadTextures,178
005746f0,MenuManager::PrintRadioStationList,528
00574900,MenuManager::PrintStats,2087
00575130,MenuManager::PrintMap,4579
00576320,MenuManager::PrintBriefs,1334
00576860,MenuManager::DisplaySlider,631
00576ae0,MenuManager::JumpToGenericMessageScreen,52
00576b70,MenuManager::CheckForMenuClosing,1123
00576fe0,MenuManager::ProcessMenuOptions,874
005773d0,MenuManager::AdditionalOptionInput,6470
00578d60,MenuManager::ProcessFileActions,487
00578f50,MenuManager::DrawWindowedText,978
00579330,MenuManager::MessageScreen,24
00579440,MenuManager::Destructor,87
005794a0,MenuManager::DrawStandardMenus,2820
0057b440,MenuManager::Process,60
0057b480,MenuManager::ProcessUserInput,705
0057b750,MenuManager::DrawBackground,2779
0057c290,MenuManager::DrawFrontEnd,155
0057c400,Pad::IsMouseWheelDownPressed,24
0057c420,Pad::IsMouseBmx1Pressed,24
0057c440,Pad::IsMouseBmx2Pressed,24
0057c460,Pad::IsMouseLButton,24
0057c4f0,MenuManager::CheckHover,6
0057c520,MenuManager::CentreMousePointer,186
0057c5e0,MenuManager::CMenuManager::NoDiskInDriveMessage,118
0057c660,MenuManager::SaveSettings,652
0057c8f0,MenuManager::LoadSettings,1051
0057cd10,MenuManager::SetHelperText,10
0057cd30,MenuManager::ResetHelperText,21
0057cd50,MenuManager::ProcessPCMenuOptions,1790
0057d520,MenuManager::ProcessMissionPackNewGame,504
0057d720,MenuManager::CheckMissionPackValidMenu,17
0057d860,MenuManager::DrawQuitGameScreen,107
0057d8d0,MenuManager::DrawControllerScreenExtraText,577
0057db20,MenuManager::CheckCodesForControls,699
0057dde0,MenuManager::SaveStatsToFile,1083
0057e240,MenuManager::DisplayHelperText,10
0057e4d0,MenuManager::CheckRedefineControlInput,519
0057e6e0,MenuManager::DrawControllerBound,1807
0057ef50,MenuManager::RedefineScreenUserInput,940
0057f300,MenuManager::DrawControllerSetupScreen,2671
0057fd70,MenuManager::UserInput,2222
00580750,MenuSystem::SwitchOffMenu,6
005807c0,MenuSystem::CheckForAccept,32
005807e0,MenuSystem::CheckForSelected,32
00580800,MenuSystem::InputStandardMenu,965
00580bd0,MenuSystem::InputGridMenu,551
00580e00,MenuSystem::DisplayStandardMenu,1544
005816e0,MenuSystem::DisplayGridMenu,685
00581990,MenuSystem::ActivateItems,401
00581b30,MenuSystem::ActivateOneItem,220
00581c10,MenuSystem::HighlightOneItem,46
00581d70,MenuSystem::InsertOneMenuItemWithNumber,140
00581e00,MenuSystem::InsertMenu,5
00582050,MenuSystem::SetColumnWidth,38
00582080,MenuSystem::SetColumnOrientation,29
005820c0,MenuSystem::SetActiveMenuItem,23
005820e0,MenuSystem::FillGridWithCarColours,451
005822b0,MenuSystem::GetCarColourFromGrid,21
005822d0,MenuSystem::Initialise,37
00582300,MenuSystem::CreateNewMenu,712
005825d0,MenuSystem::Input,45
00582630,MenuSystem::Process,332
005827d0,Radar::LoadTextures,67
00582870,Radar::GetActualBlipArrayIndex,16
005828a0,Radar::DrawLegend,2360
005832f0,Radar::LimitRadarPoint,5
00583350,Radar::LimitToMap,197
00583420,Radar::CalculateBlipAlpha,91
00583480,Radar::TransformRadarPointToScreenSpace,163
00583530,Radar::TransformRealWorldPointToRadarSpace,105
00583670,Radar::CalculateCachedSinCos,423
00583820,Radar::SetCoordBlip,243
00583920,Radar::SetShortRangeCoordBlip,125
005839a0,Radar::SetEntityBlip,258
00583ab0,Radar::ChangeBlipColour,59
00583b40,Radar::DisplayThisBlip,5
00583cc0,Radar::ChangeBlipScale,82
00583d20,Radar::ChangeBlipDisplay,75
00583d70,Radar::SetBlipSprite,59
00583db0,Radar::SetBlipAlwaysDisplayInZoom,70
00583e50,Radar::SetCoordBlipAppearance,89
00583eb0,Radar::SetBlipFriendly,70
00583f00,Radar::SetBlipEntryExit,59
00584070,Radar::ShowRadarTraceWithHeight,1040
00584480,Radar::ShowRadarMarker,751
00584770,Radar::GetRadarTraceColour,187
00584850,Radar::DrawRotatingRadarSprite,264
00584960,Radar::DrawYouAreHereSprite,281
00584a80,Radar::SetupRadarRect,121
00584b50,Radar::RequestMapSection,84
00584bb0,Radar::RemoveMapSection,52
00584bf0,Radar::RemoveRadarSections,8
00584c50,Radar::StreamRadarSections,232
00584d90,Radar::GetTextureCorners,108
00584e00,Radar::LineRadarBoxCollision,562
00585040,Radar::ClipRadarPoly,906
005853d0,Radar::DrawAreaOnRadar,803
00585700,Radar::DrawRadarMask,461
005858d0,Radar::StreamRadarSections,98
00585940,Radar::Shutdown,30
00585960,Radar::InitFrontEndMap,129
005859f0,Radar::AddBlipToLegendList,6
00585b20,Radar::SetMapCentreToPlayerCoords,202
00585bf0,Radar::Draw3dMarkers,978
00585ff0,Radar::DrawRadarSprite,286
00586110,Radar::DrawRadarSection,1021
00586520,Radar::DrawRadarSectionMap,292
00586650,Radar::DrawRadarGangOverlay,550
00586b00,Radar::DrawMap,1230
00586d60,Radar::DrawCoordBlip,663
00587000,Radar::DrawEntityBlip,323
00587c10,Radar::ClearActualBlip,79
00587c60,Radar::ClearBlipForEntity,117
00587ce0,Radar::ClearBlip,58
00587d20,Radar::SetupAirstripBlips,656
00587fb0,Radar::Initialise,146
00588050,Radar::DrawBlips,1772
00588850,Hud::Shutdown,45
00588880,Hud::ReInitialise,10
00588a50,Hud::GetRidOfAllHudMessages,245
00588b50,Hud::HelpMessageDisplayed,11
00588b60,Hud::GetYPosBasedOnHealth,75
00588bb0,Hud::SetZoneName,36
00588be0,Hud::SetHelpMessage,349
00588d40,Hud::SetHelpMessageStatUpdate,234
00588e30,Hud::SetHelpMessageWithNumber,285
00588f50,Hud::SetVehicleName,10
00588f60,Hud::SetMessage,81
00588fc0,Hud::SetBigMessage,173
00589070,Hud::ResetWastedText,33
005890a0,Hud::RenderArmorBar,232
00589190,Hud::RenderBreathBar,207
00589270,Hud::RenderHealthBar,308
005893b0,Hud::DrawAmmo,672
00589650,Hud::DrawVitalStats,2825
0058a160,Hud::DrawTripSkip,461
0058a330,Hud::DrawRadar,1798
0058aa50,Hud::DrawAreaName,1068
0058aea0,Hud::DrawVehicleName,716
0058b180,Hud::DrawMissionTimers,1363
0058b6e0,Hud::DrawHelpText,2415
0058c080,Hud::DrawScriptText,461
0058c250,Hud::DrawSubtitles,1104
0058c6a0,Hud::DrawSuccessFailedMessage,935
0058ca50,Hud::DrawBustedWastedMessage,560
0058cc80,Hud::DrawOddJobMessage,1199
0058d240,Hud::DrawMissionTitle,589
0058d490,Hud::DrawAfterFade,230
0058d7d0,Hud::DrawWeaponIcon,450
0058d9a0,Hud::DrawWanted,1649
0058e020,Hud::DrawCrossHairs,2765
0058eaf0,Hud::DrawPlayerInfo,4065
0058fae0,Hud::Draw,564
0058fd50,HudColours::GetIntColour,5
0058fda0,HudColours::Constructor,247
0058fea0,HudColours::GetRGB,49
0058fee0,HudColours::GetRGBA,48
0058ff10,LoadingScreen::Shutdown,76
0058ff60,LoadingScreen::RenderSplash,325
005900b0,LoadingScreen::LoadSplashes,357
00590240,LoadingScreen::SetLoadingBarMsg,64
005902b0,LoadingScreen::Init,84
00590310,LoadingScreen::Pause,1
00590320,LoadingScreen::Continue,80
00590370,LoadingScreen::RenderLoadingBar,346
00590570,LoadingScreen::DisplayPCScreen,100
00590860,LoadingScreen::DoPCTitleFadeIn,9
00590990,LoadingScreen::DoPCTitleFadeOut,297
00590ac0,LoadingScreen::DoPCScreenChange,574
00590d00,LoadingScreen::NewChunkLoaded,221
0059ac90,Maths::InitMathsTables,42
0059b9f0,CompressedMatrixNotAligned::DecompressIntoFullMatrix,214
0059bad0,CompressedMatrixNotAligned::CompressFromFullMatrix,131
0059d190,BreakObject_c::CalcGroupCenter,980
0059d570,BreakObject_c::SetGroupData,640
0059d7f0,BreakObject_c::SetBreakInfo,1482
0059ddd0,BreakObject_c::Exit,103
0059de40,BreakObject_c::DoCollisionResponse,938
0059e220,BreakObject_c::Update,596
0059e480,BreakObject_c::Render,407
0059e650,BreakManager_c::Init,3
0059e660,BreakManager_c::Exit,1
0059e670,BreakManager_c::Update,43
0059e6a0,BreakManager_c::Render,94
0059e720,BreakManager_c::ResetAll,39
0059e750,BreakObject_c::Init,595
0059e9b0,BreakManager_c::Add,69
005a2d00,ObjectData::SetObjectData,340
005a41c0,ClothesBuilder::RequestGeometry,86
005a4220,ClothesBuilder::RequestTexture,139
005a42b0,ClothesBuilder::nullptr,203
005a44a0,ClothesBuilder::nullptr,24
005a44c0,ClothesBuilder::PreprocessClothesDesc,690
005a4840,ClothesBuilder::AddWeightToBoneVertex,100
005a48b0,ClothesBuilder::StoreBoneArray,131
005a4940,ClothesBuilder::BlendGeometry,1485
005a55a0,ClothesBuilder::ConstructGeometryArray,279
005a56e0,ClothesBuilder::BuildBoneIndexConversionTable,70
005a5730,ClothesBuilder::CopyTexture,23
005a57b0,ClothesBuilder::PlaceTextureOnTopOfTexture,102
005a5820,ClothesBuilder::BlendTextures,412
005a59c0,ClothesBuilder::BlendTextures,501
005a5bc0,ClothesBuilder::BlendTextures,736
005a5f70,ClothesBuilder::GetTextureFromTxdAndLoadNextTxd,202
005a6040,ClothesBuilder::ConstructTextures,1249
005a6530,ClothesBuilder::ConstructGeometryAndSkinArrays,818
005a69d0,ClothesBuilder::CreateSkinnedClump,790
005a78f0,PedClothesDesc::Initialise,32
005a7910,PedClothesDesc::SetModel,14
005a7920,PedClothesDesc::SetModel,44
005a7950,PedClothesDesc::GetIsWearingBalaclava,9
005a7970,PedClothesDesc::HasVisibleNewHairCut,92
005a79d0,PedClothesDesc::HasVisibleTattoo,68
005a7a20,Clothes::GetClothesModelFromName,263
005a7b30,Clothes::LoadClothesFile,843
005a7ea0,Clothes::GetTextureDependency,80
005a7f30,Clothes::GetDependentTexture,73
005a7fb0,Clothes::GetPlayerMotionGroupToLoad,98
005a8020,PedClothesDesc::Constructor,34
005a8050,PedClothesDesc::SetTextureAndModel,38
005a8080,PedClothesDesc::SetTextureAndModel,78
005a80d0,Clothes::Init,74
005a8120,Clothes::RequestMotionGroupAnims,138
005a81b0,Clothes::GetDefaultPlayerMotionGroup,16
005a81e0,Clothes::ConstructPedModel,136
005a8270,Clothes::RebuildCutscenePlayer,74
005a82c0,Clothes::RebuildPlayer,193
005a8390,Clothes::RebuildPlayerIfNeeded,92
005a8660,Credits::PrintCreditText,341
005a87f0,Credits::RenderCredits,10812
005afa50,CutsceneMgr::FindCutsceneAudioTrackId,60
005afad0,CutsceneMgr::HideRequestedObjects,236
005afbc0,CutsceneMgr::LoadCutsceneData_postload,410
005afd60,CutsceneMgr::DeleteCutsceneData_overlay,958
005b01e0,CutsceneMgr::UpdateCutsceneObjectBoundingBox,192
005b02a0,CutsceneMgr::CreateCutsceneObject,209
005b0390,CutsceneMgr::SetCutsceneAnim,142
005b04d0,CutsceneMgr::FinishCutscene,115
005b0550,CutsceneMgr::GetCutsceneTimeInMilleseconds,17
005b0570,CutsceneMgr::HasCutsceneFinished,44
005b05a0,CutsceneMgr::LoadCutsceneData_preload,669
005b11c0,CutsceneMgr::LoadCutsceneData_loading,530
005b13f0,CutsceneMgr::LoadCutsceneData_overlay,107
005b1460,CutsceneMgr::StartCutscene,105
005b14d0,CutsceneMgr::SetupCutsceneToStart,547
005b1700,CutsceneMgr::SkipCutscene,19
005b1720,CutsceneMgr::Update_overlay,583
005b24a0,Camera::DeleteCutSceneCamDataMemory,37
005b24d0,Camera::LoadPathSplines,280
005b25f0,Cam::Process_FlyBy,1179
005b3680,FileLoader::LoadingScreenLoadingFile,63
005b3860,FileLoader::LoadTexDictionary,82
005b39d0,FileLoader::LoadAtomicFile,87
005b3a30,FileLoader::LoadClumpFile,130
005b3c60,FileLoader::LoadObject,382
005b3de0,FileLoader::LoadTimeObject,454
005b3fb0,FileLoader::LoadWeaponObject,131
005b4040,FileLoader::LoadClumpObject,120
005b40c0,FileLoader::LoadAnimatedClumpObject,245
005b41c0,FileLoader::LoadPathHeader,41
005b41f0,FileLoader::LoadPedPathNode,79
005b4380,FileLoader::LoadCarPathNode,426
005b4530,FileLoader::LoadGarage,150
005b45d0,FileLoader::LoadStuntJump,361
005b4740,FileLoader::LoadCarGenerator,108
005b47b0,FileLoader::LoadPickup,546
005b4ab0,FileLoader::LoadZone,138
005b4b40,FileLoader::LoadCullZone,305
005b4c80,FileLoader::LoadOcclusionVolume,228
005b4d70,FileLoader::LoadAudioZone,234
005b4e60,FileLoader::LoadCollisionFile,408
005b5000,FileLoader::LoadCollisionFileFirstTime,471
005b51e0,FileLoader::LinkLods,371
005b5360,ObjectData::Initialise,1118
005b57c0,ModelIndices::MatchAllModelStrings,2461
005b6170,Streaming::LoadCdDirectory,729
005b6d40,Population::FindPedRaceFromName,77
005b6f30,FileLoader::LoadVehicleObject,1250
005b7420,FileLoader::LoadPedObject,448
005b75e0,FileLoader::LoadTXDParent,138
005b7670,FileLoader::CFileLoader::Load2dEffect,2451
005b8030,FileLoader::LoadEntryExit,416
005b81d0,FileLoader::LoadTimeCyclesModifier,227
005b82c0,Streaming::LoadCdDirectory,122
005b8400,FileLoader::LoadObjectTypes,721
005b8700,FileLoader::LoadScene,915
005b8ad0,Streaming::Init2,1059
005b9030,FileLoader::LoadLevel,762
005b9e40,VehicleAnimGroupData::CopyAnimGroup,107
005b9eb0,VehicleAnimGroupData::InitAnimGroup,119
005ba160,Game::InitialiseEssentialsAfterRW,50
005ba1a0,Game::Init2,604
005ba400,Game::Init3,132
005ba690,Font::Initialise,438
005ba850,Hud::Initialise,100
005bb890,PedStats::LoadPedStats,346
005bbac0,TimeCycle::Initialise,1464
005bc090,PopCycle::Initialise,1132
005bc520,Camera::Init,19
005bca10,ModelIndices::InitModelIndices,702
005bccd0,Streaming::ReadIniFile,575
005bcf30,WeaponInfo::FindWeaponFireType,162
005bcfe0,Population::LoadPedGroups,445
005bd1a0,Population::LoadCarGroups,445
005bd420,VehicleAnimGroupData::CVehicleAnimGroup,113
005bd600,Game::InitialiseRenderWare,431
005bd830,cHandlingDataMgr::LoadHandlingData,2363
005be670,WeaponInfo::LoadWeaponData,1866
005bedc0,TaskSimpleFight::CTaskSimpleFight::LoadMeleeData,1325
005bf750,WeaponInfo::Initialise,228
005bf840,Game::Init1,390
005bf9d0,PedStats::Initialise,852
005bfa90,Game::InitialiseCoreDataAfterRW,162
005d0880,Pools::Save,15
005d0890,Pools::Load,15
005d08c0,GenericGameStorage::ReportError,902
005d0d20,GenericGameStorage::OpenFileForReading,169
005d0dd0,GenericGameStorage::OpenFileForWriting,83
005d0e30,GenericGameStorage::CloseFile,36
005d0e90,GenericGameStorage::MakeValidSaveName,174
005d0f50,GenericGameStorage::GetCurrentVersionNumber,42
005d0f80,GenericGameStorage::SaveWorkBuffer,284
005d10b0,GenericGameStorage::LoadWorkBuffer,180
005d1170,GenericGameStorage::CheckDataNotCorrupt,231
005d1270,GenericGameStorage::SaveDataToWorkBuffer,130
005d1300,GenericGameStorage::LoadDataFromWorkBuffer,127
005d1380,GenericGameStorage::CheckSlotDataValid,82
005d13e0,GenericGameStorage::GenericSave,29
005d17b0,GenericGameStorage::GenericLoad,787
005d1b80,SimpleVariablesSaveStructure::Construct,793
005d1ea0,SimpleVariablesSaveStructure::Extract,695
005d2160,ObjectSaveStructure::Construct,190
005d2220,ObjectSaveStructure::Extract,268
005d2330,VehicleSaveStructure::Construct,123
005d23b0,VehicleSaveStructure::Extract,122
005d2620,GangWarsSaveStructure::CGangWarsSaveStructure::Construct,282
005d2740,GangWarsSaveStructure::CGangWarsSaveStructure::Extract,234
005d29a0,Streaming::Save,57
005d29e0,Streaming::Load,55
005d2a20,Pools::LoadVehiclePool,736
005d2d70,Pools::LoadPedPool,230
005d2e60,TheZones::Save,221
005d2f40,TheZones::Load,224
005d3020,Garage::CSaveGarage::CopyGarageIntoSaveGarage,149
005d30c0,Garage::CSaveGarage::CopyGarageOutOfSaveGarage,154
005d3160,Garages::Save,251
005d3270,Garages::Load,276
005d33c0,GameLogic::Save,128
005d3440,GameLogic::Load,128
005d34c0,PathFind::Save,63
005d3500,PathFind::Load,63
005d3540,Pickups::Save,88
005d35a0,Pickups::Load,126
005d3620,Restart::Save,323
005d3770,Restart::Load,320
005d38c0,TheCarGenerators::Save,239
005d39b0,TheCarGenerators::Load,174
005d3a60,Gangs::Save,38
005d3a90,Gangs::Load,38
005d3ac0,PlayerInfo::Save,51
005d3b00,PlayerInfo::Load,50
005d3b40,Stats::Save,163
005d3bf0,Stats::Load,121
005d3c70,SetPieces::Save,33
005d3ca0,SetPieces::Load,33
005d3cd0,PedType::Save,63
005d3d10,PedType::Load,65
005d3d60,TagManager::Save,62
005d3da0,TagManager::Load,62
005d3de0,Shopping::Save,93
005d3e40,Shopping::Load,93
005d3eb0,GangWars::Load,45
005d42e0,3dMarkers::LoadUser3dMarkers,32
005d4300,3dMarkers::SaveUser3dMarkers,32
005d4940,Pools::SaveObjectPool,245
005d4a40,Pools::LoadObjectPool,248
005d4b40,Pools::SavePedPool,248
005d53c0,Radar::Load,81
005d5420,IplStore::Save,119
005d54a0,IplStore::Load,133
005d5530,GangWars::Save,50
005d5570,StuntJumpManager::Save,77
005d55c0,EntryExitManager::Load,292
005d5860,Radar::Save,183
005d5920,StuntJumpManager::Load,70
005d5970,EntryExitManager::Save,281
005dab00,GrassRenderer::GenPointInTriangle,128
005daba0,GrassRenderer::Shutdown,1
005dabb0,GrassRenderer::SetCurrentScanCode,12
005dabc0,GrassRenderer::SetGlobalCameraPos,30
005dabe0,GrassRenderer::SetCloseFarAlphaDist,20
005dac00,GrassRenderer::SetGlobalWindBending,10
005dacc0,GrassRenderer::SetPlantModelsTab,26
005dad00,GrassRenderer::DrawTriPlants,907
005db0c0,PPTriPlantBuffer::Flush,14
005db170,PPTriPlantBuffer::ChangeCurrentPlantModelsSet,34
005db1d0,GrassRenderer::AddTriPlant,118
005db250,GrassRenderer::FlushTriPlantBuffer,10
005db310,PlantMgr::UpdateAmbientColor,185
005db3d0,PlantMgr::CalculateWindBending,266
005db590,PlantMgr::MoveLocTriToList,86
005db650,PlantMgr::SetPlantFriendlyFlagInAtomicMI,120
005db940,PlantMgr::Shutdown,402
005dbae0,PlantMgr::Render,834
005dbe40,PlantMgr::_CalcDistanceSqrToEntity,104
005dbf20,PlantMgr::_ProcessEntryCollisionDataSections_RemoveLocTris,752
005dc510,PlantMgr::_ColEntityCache_Update,900
005dc8b0,PlantMgr::_ProcessEntryCollisionDataSections_AddLocTris,1225
005dcd80,PlantMgr::_ProcessEntryCollisionDataSections,381
005dcf30,PlantMgr::PreUpdateOnceForNewCameraPos,108
005dcfa0,PlantMgr::Update,153
005dd100,PlantMgr (thunk),221
005dd220,PlantMgr::LoadModels,323
005dd3b0,PlantSurfPropMgr::LoadPlantsDat,686
005dd6b0,GrassRenderer::Initialise,3
005dd6c0,PlantSurfPropMgr::Initialise,185
005dd780,PlantMgr::ReloadConfig,386
005dd910,PlantMgr::Initialise,582
005de550,Gangs::SetGangWeapons,47
005de5a0,Gangs::ChooseGangPedModel,213
005de680,Gangs::Initialise,137
005e05b0,EventSoundQuiet::Constructor,7
005e0670,EventSoundQuiet::CloneEditable,108
005e46d0,VisibilityPlugins::AddWeaponPedForPC,67
005e95b0,PedTaskPair::Flush,14
005ea220,PedAttractorManager::IsApproachable,367
005eb5f0,PedAttractorManager::RemoveEffect,67
005eb640,PedAttractorManager::IsPedRegistered,75
005eb690,PedAttractorManager::IsPedRegisteredWithEffect,93
005eb6f0,PedAttractorManager::FindAssociatedAttractor,68
005eb740,PedAttractorManager::GetPedUsingEffect,97
005eb7b0,PedAttractorManager::GetRelevantAttractor,95
005ebb00,PedAttractorManager::HasEmptySlot,118
005ebba0,PedAttractorManager::HasQueueTailArrivedAtSlot,230
005ebcb0,PedAttractorManager::IsPedRegisteredWithEffect,186
005ebd70,PedAttractorManager::IsPedRegisteredWithEffect,224
005ebe50,PedAttractorManager::GetPedUsingEffect,212
005ebf50,PedAttractorManager::GetRelevantAttractor,214
005ec660,PedAttractorManager::BroadcastDeparture,217
005ec740,PedAttractorManager::DeRegisterPed,217
005ec850,PedAttractorManager::DeRegisterPed,263
005ec980,PedAttractorManager::BroadcastDeparture,263
005edf10,PedAttractorManager::RestoreStuffFromMem,148
005ee190,PedAttractorManager::GetPedAttractorManager,109
005ef920,PedAttractorManager::BroadcastArrival,95
005ef980,PedAttractorManager::RegisterPed,611
005efca0,PedAttractorManager::RegisterPedWithAttractor,334
005efe20,PedAttractorManager::BroadcastArrival,263
005f13f0,PedGeometryAnalyser::ComputePedShotSide,87
005f1450,PedGeometryAnalyser::ComputeEntityHitSide,17
005f1500,PedGeometryAnalyser::ComputeEntityDirs,252
005f1600,PedGeometryAnalyser::ComputeEntityBoundingBoxCentreUncached,109
005f1670,PedGeometryAnalyser::ComputeEntityBoundingBoxPlanesUncached,210
005f1750,PedGeometryAnalyser::ComputeEntityBoundingBoxSegmentPlanesUncached,317
005f1890,PedGeometryAnalyser::ComputeRouteRoundSphere,621
005f1b00,PedGeometryAnalyser::CanPedJumpObstacle,104
005f1b70,PedGeometryAnalyser::CanPedTargetPoint,206
005f1c40,PedGeometryAnalyser::CanPedTargetPed,106
005f1cb0,PedGeometryAnalyser::IsInAir,374
005f1e70,PedGeometryAnalyser::ComputePedHitSide,291
005f1fa0,PedGeometryAnalyser::ComputeEntityBoundingBoxCornersUncached,6
005f2c10,PedGeometryAnalyser::ComputeClosestSurfacePoint,745
005f2f00,PedGeometryAnalyser::GetIsLineOfSightClear,101
005f2f70,PedGeometryAnalyser::IsWanderPathClear,846
005f32d0,PedGeometryAnalyser::CanPedJumpObstacle,694
005f3640,PedGeometryAnalyser::ComputePedHitSide,16
005f3650,PedGeometryAnalyser::ComputeEntityBoundingBoxCorners,5
005f3660,PedGeometryAnalyser::ComputeEntityBoundingBoxPlanes,53
005f36f0,PedGeometryAnalyser::ComputeClosestSurfacePoint,54
005f3730,PedGeometryAnalyser::ComputeMoveDirToAvoidEntity,332
005f3880,PedGeometryAnalyser::LiesInsideBoundingBox,236
005f3970,PedGeometryAnalyser::IsEntityBlockingTarget,11
005f3ac0,PedGeometryAnalyser::ComputeEntityHitSide,115
005f3b70,PedGeometryAnalyser::ComputeClosestSurfacePoint,67
005f3bc0,PedGeometryAnalyser::ComputeEntityHitSide,35
005f3c20,PedGeometryAnalyser::ComputeEntityBoundingSphere,421
005f3dd0,PedGeometryAnalyser::ComputeRouteRoundEntityBoundingBox,7257
005f5a30,PedGeometryAnalyser::GetIsLineOfSightClear,6
005f5d80,PedGeometryAnalyser::ComputeClearTarget,902
005f6110,PedGeometryAnalyser::ComputeRouteRoundEntityBoundingBox,50
005f65a0,TaskSimpleChat::CTaskSimpleChat,51
005f65e0,TaskSimpleChat::Clone,112
005f6680,TaskComplexBeStill::ControlSubTask,80
005f6700,TaskComplexBeStill::GetTaskType,11
005f6710,TaskComplexSequence::Clone,154
005f67f0,TaskSimpleWaitUntilLeaderAreaCodesMatch::Clone,117
005f6950,PedGroupMembership::GetObjectForPedToHold,69
005f69a0,PedGroupMembership::GetLeader,4
005f69b0,PedGroupMembership::GetMember,11
005f69c0,PedGroupMembership::IsLeader,26
005f69e0,PedGroupMembership::IsFollower,39
005f6a10,PedGroupMembership::IsMember,49
005f6a50,PedGroupMembership::CountMembers,71
005f6aa0,PedGroupMembership::CountMembersExcludingLeader,63
005f6ae0,PedGroupMembership::AddMember,94
005f6da0,PedGroupDefaultTaskAllocatorStandStill::AllocateDefaultTasks,229
005f7200,PedGroupDefaultTaskAllocators::Get,54
005f7250,PedGroupIntelligence::Constructor,226
005f7340,PedGroupIntelligence::SetGroupDecisionMakerType,10
005f7350,PedGroupIntelligence::Flush,183
005f7410,PedGroupIntelligence::SetPrimaryTaskAllocator,47
005f7440,PedGroupIntelligence::SetEventResponseTaskAllocator,47
005f7470,PedGroupIntelligence::AddEvent,204
005f7540,PedGroupIntelligence::SetTask,147
005f7660,PedGroupIntelligence::CPedGroupIntelligence::GetTask,46
005f76c0,PedGroupIntelligence::ReportFinishedTask,107
005f7730,PedGroupIntelligence::ReportAllTasksFinished,45
005f7760,PedGroupIntelligence::IsGroupResponding,55
005f77a0,PedGroupIntelligence::IsCurrentEventValid,91
005f7800,PedGroupIntelligence (thunk),436
005f79c0,PedGroupIntelligence::FlushTasks,58
005f7a00,GroupEventHandler::ComputeDrivebyResponse,92
005f7a60,GroupEventHandler::IsKillTaskAppropriate,105
005f7ad0,PedGroup::Teleport,493
005f7cc0,PedGroup::PlayerGaveCommand_Attack,236
005f7db0,PedGroup::IsAnyoneUsingCar,124
005f7e30,PedGroups::CPedGroups::RegisterKillByPlayer,16
005f7e40,PedGroups::CPedGroups::IsGroupLeader,55
005f7e80,PedGroups::CPedGroups::GetPedsGroup,13
005f7ee0,PedGroups::CPedGroups::GetGroupId,46
005f7f10,PedGroups::CPedGroups::IsInPlayersGroup,47
005f7f40,PedGroups::CPedGroups::AreInSameGroup,104
005f7fd0,TaskSimpleChat::Destructor,5
005f8020,PedGroupMembership::AddFollower,175
005f80d0,PedGroupMembership::RemoveMember,175
005f8180,PedGroupDefaultTaskAllocatorChat::AllocateDefaultTasks,874
005f8510,PedGroupIntelligence::SetEventResponseTask,77
005f8560,PedGroupIntelligence::SetScriptCommandTask,29
005f85a0,PedGroupIntelligence::GetTaskMain,120
005f8620,PedGroupIntelligence::GetTaskSecondary,48
005f8650,PedGroupIntelligence::GetTaskSecondarySlot,49
005f8690,PedGroupIntelligence::GetTaskScriptCommand,48
005f86c0,PedGroupIntelligence::GetTaskDefault,48
005f86f0,PedGroupIntelligence::ReportFinishedTask,20
005f8780,PedGroupIntelligence::ReportAllBarScriptTasksFinished,28
005f87a0,PedGroupIntelligence::ProcessIgnorePlayerGroup,296
005f88d0,PedGroupIntelligence::ComputeDefaultTasks,40
005f8900,GroupEventHandler::ComputeResponseLeaderEnteredCar,1940
005f90a0,GroupEventHandler::ComputeResponseLeaderExitedCar,1159
005f9530,GroupEventHandler::ComputeResponsLeaderQuitEnteringCar,466
005f9710,GroupEventHandler::ComputeResponseLeaderEnterExit,286
005f9840,GroupEventHandler::ComputeResponseNewGangMember,417
005f99f0,GroupEventHandler::ComputeResponseGather,286
005f9b20,GroupEventHandler::ComputeLeanOnVehicleResponse,170
005f9bd0,GroupEventHandler::ComputeStareResponse,383
005f9d50,GroupEventHandler::ComputeHassleThreatResponse,717
005fa020,GroupEventHandler::ComputeHassleSexyPedResponse,267
005fa130,GroupEventHandler::ComputeFleePedResponse,13
005fa290,GroupEventHandler::ComputeDoDealResponse,700
005fa550,GroupEventHandler::ComputeGreetResponse,713
005fa820,GroupEventHandler::ComputeHandSignalResponse,232
005faa50,GroupEventHandler::ComputeMemberResponses,7
005fab60,PedGroup::PlayerGaveCommand_Gather,362
005facd0,PedGroup::GetClosestGroupPed,831
005fb010,PedGroup::FindDistanceToFurthestMember,138
005fb0a0,PedGroup::FindDistanceToNearestMember,147
005fb190,PedGroupMembership::RemoveAllFollowers,64
005fb1d0,PedGroupMembership::RemoveNFollowers,60
005fb210,PedGroupMembership::RemoveMember,48
005fb240,PedGroupMembership::AppointNewLeader,63
005fb280,PedGroupIntelligence::SetDefaultTaskAllocator,15
005fb2d0,GroupEventHandler::ComputeResponsePedFriend,187
005fb390,GroupEventHandler::ComputeResponseSexyPed,224
005fb470,GroupEventHandler::ComputeResponsePlayerCommand,193
005fb540,GroupEventHandler::ComputeResponseDanger,65
005fb590,GroupEventHandler::ComputeKillThreatsBasicResponse,223
005fb670,GroupEventHandler::ComputeKillPlayerBasicResponse,275
005fb790,PedGroup::Flush,58
005fb7d0,PedGroup::RemoveAllFollowers,44
005fb800,PedGroups::CPedGroups::AddGroup,99
005fb870,PedGroups::RemoveGroup,39
005fb8a0,PedGroups::CPedGroups::RemoveAllFollowersFromGroup,32
005fb8c0,PedGroups::CPedGroups::Init,103
005fb930,PedGroups::CPedGroups::CleanUpForShutDown,82
005fb9c0,PedGroupMembership::SetLeader,150
005fba60,PedGroupMembership::Process,267
005fbb70,PedGroupIntelligence::SetDefaultTaskAllocatorType,26
005fbb90,GroupEventHandler::ComputeResponsePedThreat,236
005fbcb0,GroupEventHandler::ComputeResponseSeenCop,95
005fbd10,GroupEventHandler::ComputeResponseGunAimedAt,224
005fbdf0,GroupEventHandler::ComputeResponseShotFired,114
005fbe70,GroupEventHandler::ComputeResponseDraggedOutCar,188
005fbf50,GroupEventHandler::ComputeResponseDamage,251
005fc070,GroupEventHandler::ComputeResponseVehicleDamage,173
005fc150,PedGroup::Constructor,61
005fc190,PedGroup::Destructor,104
005fc200,GroupEventHandler::ComputeEventResponseTasks,407
005fc440,PedGroupIntelligence::ComputeEventResponseTasks,94
005fc4a0,PedGroupIntelligence::Process,32
005fc7e0,PedGroup::Process,20
005fc800,PedGroups::Process,426
005fc9b0,PedGroupPlacer::PlaceFormationGroup,1213
005fd810,PedGroupPlacer::PlaceGroup,54
005fd8c0,PedIK::Constructor,34
005fda60,PedIK::MoveLimb,248
005fdb60,PedIK::MoveLimb,159
005fdc00,PedIK::PointGunInDirection,432
005fddb0,PedIK::RotateTorso,111
005fde20,PedIK::PointGunAtPosition,16
005fdf90,PedIK::RotateTorsoForArm,326
005fe0e0,PedIK::PitchForSlope,2010
005fed40,EventPedCollisionWithPlayer::Constructor,57
005fee40,EventPlayerCollisionWithPed::Constructor,57
005ff250,EventAcquaintancePedHateBadlyLit::Constructor,108
005ff940,TaskSimpleCarDriveTimed::CTaskSimpleCarDriveTimed,50
005ff9d0,EntityScanner::Clear,66
005ffa20,EntityScanner::ScanForEntitiesInRange,1070
005ffe60,VehicleScanner::CVehicleScanner::ScanForVehiclesInRange,113
005fff20,PedScanner::CPedScanner::GetClosestPedInRange,4
005fff30,ObjectScanner::CObjectScanner::ScanForObjectsInRange,55
005fff90,AttractorScanner (thunk),57
00600530,Decision::SetDefault,41
00600570,Decision::Set,138
00600600,Decision::Add,174
006006b0,Decision::From,27
00600840,DecisionMakerTypes (thunk),18
00600860,DecisionMakerTypesFileLoader::GetPedDMName,26
00600880,DecisionMakerTypesFileLoader::GetGrpDMName,26
006008a0,MentalHealth::CMentalState::Process,646
00600b50,PedIntelligence::SetPedDecisionMakerType,82
00600bc0,PedIntelligence::RestorePedDecisionMakerType,23
00600be0,PedIntelligence::SetHearingRange,13
00600bf0,PedIntelligence::SetSeeingRange,13
00600c60,PedIntelligence::IsInSeeingRange,130
00600cf0,PedIntelligence::FindRespectedFriendInInformRange,187
00600db0,PedIntelligence::IsRespondingToEvent,8
00600dc0,PedIntelligence::AddTaskPhysResponse,23
00600de0,PedIntelligence::AddTaskEventResponseTemp,23
00600e00,PedIntelligence::AddTaskEventResponseNonTemp,23
00600e20,PedIntelligence::AddTaskPrimaryMaybeInGroup,186
00600ee0,PedIntelligence::FindTaskByType,70
00600f30,PedIntelligence::GetTaskFighting,38
00600f70,PedIntelligence::GetTaskUseGun,55
00600fb0,PedIntelligence::GetTaskThrow,55
00600ff0,PedIntelligence::GetTaskHold,114
00601070,PedIntelligence::GetTaskSwim,37
006010a0,PedIntelligence::GetTaskDuck,100
00601110,PedIntelligence::GetTaskJetPack,50
00601150,PedIntelligence::GetTaskInAir,37
00601180,PedIntelligence::GetTaskClimb,37
006011b0,PedIntelligence::GetUsingParachute,119
00601230,PedIntelligence::SetTaskDuckSecondary,347
00601390,PedIntelligence::ClearTaskDuckSecondary,140
00601420,PedIntelligence::ClearTasks,538
00601640,PedIntelligence::FlushImmediately,645
006018d0,PedIntelligence::GetEffectInUse,7
006018e0,PedIntelligence::SetEffectInUse,13
006018f0,PedIntelligence::ProcessAfterProcCol,177
006019b0,PedIntelligence::ProcessAfterPreRender,504
00601bb0,PedIntelligence::ProcessEventHandler,8
00601bc0,PedIntelligence::IsFriendlyWith,16
00601c30,PedIntelligence::IsThreatenedBy,82
00601c90,PedIntelligence::Respects,46
00601cc0,PedIntelligence::IsInACarOrEnteringOne,66
00601d10,PedIntelligence::AreFriends,55
00601d70,PedIntelligence::GetMoveStateFromGoToTask,40
00601da0,PedIntelligence::FlushIntelligence,81
00601e00,PedIntelligence::TestForStealthKill,583
00602050,PedIntelligence::RecordEventForScript,45
006020a0,PedIntelligence::IsInterestingEntity,39
006020d0,PedIntelligence::LookAtInterestingEntities,359
00602350,PedIntelligence::IsPedGoingForCarDoor,77
006023a0,InterestingEvents::Constructor,447
00602590,InterestingEvents::Add,13
006028a0,InterestingEvents::GetInterestingEvent,190
00602960,InterestingEvents::InvalidateEvent,88
006029c0,InterestingEvents::InvalidateNonVisibleEvents,163
00602c00,PedStuckChecker (thunk),2174
00603720,EventScanner::CVehiclePotentialCollisionScanner::ScanForVehiclePotentialCollisionEvents,777
006040c0,Decision::CDecision,8
006040d0,Decision::MakeDecision,333
006043a0,DecisionMakerTypes::CDecisionMakerTypes::RemoveDecisionMaker,233
00604490,DecisionMakerTypes::CDecisionMakerTypes::FlushDecisionMakerEventResponse,35
006044c0,DecisionMakerTypes::CDecisionMakerTypes::AddEventResponse,50
00605300,EventScanner::CEventScanner,204
006053d0,EventScanner::CEventScanner::ScanForEventsNow,69
00605550,PedIntelligence::CanSeeEntityWithLights,249
00605650,PedIntelligence::ProcessStaticCounter,413
00605a30,InterestingEvents::ScanForNearbyEntities,1123
00606050,ObjectScanner::ScanForObjectsInRange,11
00606e70,DecisionMakerTypes::CDecisionMakerTypes::MakeDecision,260
00606f80,DecisionMakerTypes::CDecisionMakerTypes::MakeDecision,196
00607050,DecisionMakerTypes::CDecisionMakerTypes::AddDecisionMaker,24
00607140,PedIntelligence::Constructor,446
00607300,PedIntelligence::Destructor,154
006073a0,PedIntelligence::ProcessFirst,242
006074a0,PedIntelligence::new,11
006074e0,PedIntelligence::delete,49
006076b0,DecisionMakerTypesFileLoader::LoadDecisionMaker,946
00607a70,DecisionMakerTypesFileLoader::UnloadDecisionMaker,18
00607d00,DecisionMakerTypesFileLoader::ReStart,36
00607d30,DecisionMakerTypesFileLoader::LoadDecisionMaker,6
00607e30,EventScanner::CEventScanner::ScanForEvents,1059
00608260,PedIntelligence::Process,124
00608350,PedScriptedTaskRecord::Flush,56
00608390,PedScriptedTaskRecord::Set,79
006083e0,PedScriptedTaskRecord::Set,91
00608440,PedScriptedTaskRecord::SetAsAttractorScriptTask,91
006084a0,PedScriptedTaskRecord::SetAsGroupTask,91
00608500,PedScriptedTaskRecord::AssociateWithEvent,17
00608520,PedScriptedTaskRecord::AssociateWithTask,24
00608540,PedScriptedTaskRecord::GetVacantSlot,10
00608580,PedScriptedTaskRecord::GetRecordAssociatedWithEvent,46
006085e0,PedScriptedTaskRecord::Process,302
00608710,PedScriptedTaskRecord::GetStatus,49
00608750,PedScriptedTaskRecord::GetStatus,37
00608790,PedType::FindPedType,153
00608830,PedType::GetPedFlag,20
00608850,PedStats::Shutdown,11
006088d0,PedStats::GetPedStatType,102
00608960,Acquaintance::SetAcquaintances,14
00608970,Acquaintance::GetAcquaintances,10
00608980,Acquaintance::ClearAsAcquaintance,27
006089a0,Acquaintance::ClearAcquaintances,14
006089b0,PedType::GetPedTypeAcquaintances,17
006089d0,PedType::GetPedTypeAcquaintances,23
006089f0,PedType::ClearPedTypeAsAcquaintance,41
00608a20,PedType::ClearPedTypeAcquaintances,27
00608a40,PedType::PoliceDontCareAboutCrimesAgainstPedType,33
00608b00,PedType::Shutdown,37
00608b30,PedType::LoadPedData,620
00608da0,Acquaintance::SetAsAcquaintance,127
00608e20,PedType::SetPedTypeAsAcquaintance,31
00608e40,PedType::Initialise,156
00608f70,EventNewGangMember::Constructor,87
006090e0,EventDontJoinPlayerGroup::Constructor,87
0060f8d0,PopCycle::PickGangToCreateMembersOf,763
0060fbd0,PopCycle::FindNewPedType,1019
0060ffd0,PopCycle::PickPedMIToStreamInForCurrentZone,383
00610150,PopCycle::IsPedAppropriateForCurrentZone,182
00610210,PopCycle::IsPedInGroup,88
00610310,PopCycle::GetCurrentPercOther_Peds,184
00610420,PopCycle::PickARandomGroupOfOtherPeds,112
00610490,PopCycle::PlayerKilledADealer,23
006104b0,PopCycle::UpdateDealerStrengths,163
00610560,PopCycle::UpdateAreaDodgyness,364
00610720,PopCycle::PedIsAcceptableInCurrentZone,69
00610770,PopCycle::UpdatePercentages,1112
00610bf0,PopCycle::Update,281
00610e10,Population::Initialise,165
00610ed0,Population::FindDummyDistForModel,40
00610f20,Population::RemovePed,28
00610f40,Population::ChoosePolicePedOccupation,3
00610f50,Population::ArePedStatsCompatible,362
006110e0,Population::PedMICanBeCreatedAtThisAttractor,362
006114c0,Population::IsSkateable,130
00611550,Population::ChooseGangOccupation,5
00611570,Population::UpdatePedCount,16
006116c0,Population::PedCreationDistMultiplier,150
00611760,Population::IsSunbather,30
006117d0,Population::PlaceGangMembers,29
006117f0,Population::LoadSpecificDriverModelsForCar,151
00611900,Population::FindSpecificDriverModelForCar_ToUse,99
006119d0,Population::RemoveSpecificDriverModelsForCar,223
00611b60,Population::FindCarMultiplierMotorway,23
00611b90,LoadedCarGroup::Clear,17
00611bb0,LoadedCarGroup::AddMember,30
00611bd0,LoadedCarGroup::RemoveMember,67
00611c20,LoadedCarGroup::GetMember,11
00611c30,LoadedCarGroup::CountMembers,19
00611c50,LoadedCarGroup::PickRandomCar,422
00611e10,LoadedCarGroup::SortBasedOnUsage,116
00611e90,LoadedCarGroup::PickLeastUsedModel,138
00611fc0,Population::ManagePed,626
006122c0,Population::RemoveAllRandomPeds,94
00612320,Population::TestRoomForDummyObject,113
006123a0,Population::TestSafeForRealObject,862
00612710,Population::AddPed,6
00612f90,Population::ChooseCivilianOccupation,8
00613180,Population::ChooseCivilianCoupleOccupations,218
00613260,Population::ChooseCivilianOccupationForVehicle,390
006133f0,Population::CreateWaitingCoppers,1522
00613a00,Population::AddPedInCar,477
00614210,Population::AddPedAtAttractor,455
006143e0,Population::FindDistanceToNearestPedOfType,162
00614490,Population::PickGangCar,17
006144b0,Population::PickRiotRoadBlockCar,199
00614580,Population::ConvertToRealObject,238
00614670,Population::ConvertToDummyObject,168
00614720,Population::AddToPopulation,4668
00615970,Population::GeneratePedsAtAttractors,755
00615c90,Population::GeneratePedsAtStartOfGame,289
00615dc0,Population::ManageObject,561
00616000,Population::ManageDummy,153
006160a0,Population::ManageAllPopulation,231
00616190,Population::ManagePopulation,354
00616300,Population::RemovePedsIfThePoolGetsFull,280
00616420,Population::ConvertAllObjectsToDummyObjects,78
00616470,Population::PopulateInterior,467
00616650,Population::Update,497
00616860,PedPlacement::IsPositionClearForPed,114
00616920,PedPlacement::FindZCoorForPed,283
00616a40,PedPlacement::IsPositionClearOfCars,240
00618d00,GenericGameStorage::GetSavedGameDateAndTime,13
00618e70,GenericGameStorage::InitRadioStationPositionList,1
00618e90,GenericGameStorage::DoGameSpecificStuffAfterSucessLoad,180
00618f50,GenericGameStorage::DoGameSpecificStuffBeforeSave,156
00619000,GenericGameStorage::RestoreForStartLoad,3
00619040,C_PcSave::SetSaveDirectory,29
00619060,C_PcSave::SaveSlot,54
006190a0,C_PcSave::GenerateGameFilename,37
006190d0,C_PcSave::DeleteSlot,110
00619140,C_PcSave::PopulateSlotInfo,610
0061a150,PlayerRelationshipRecorder::CPlayerRelationshipRecorder::ClearRelationshipWithPlayer,35
0061a1d0,PlayerRelationshipRecorder::CPlayerRelationshipRecorder::RecordRelationshipWithPlayer,206
0061a2e0,PlayerRelationshipRecorder::GetPlayerRelationshipRecorder,64
0061a360,Task::CTask::IsGoToTask,17
0061a4b0,Task::IsTaskPtr,73
0061a5a0,Task::new,11
0061a5b0,Task::delete,41
0061a6c0,TaskSimpleAnim::CTaskSimpleAnim,47
0061a8b0,TaskSimpleRunAnim::Constructor,74
0061a900,TaskSimpleRunAnim::Constructor2,77
0061a950,TaskSimpleRunAnim::StartAnim,51
0061a990,TaskSimpleRunNamedAnim::Constructor,253
0061ab00,TaskSimpleRunNamedAnim::OffsetPedPosition,103
0061ab70,TaskSimpleRunTimedAnim::Constructor,99
0061abe0,TaskSimpleRunTimedAnim::Constructor,68
0061ac50,TaskSimpleRunTimedAnim::StartAnim,51
0061ae50,TaskSimplePlayHandSignalAnim::CTaskSimplePlayHandSignalAnim,76
0061af60,TaskSimplePlayHandSignalAnim::StartAnim,836
0061b2b0,TaskComplexPlayHandSignalAnim::Constructor,38
0061b2f0,TaskComplexPlayHandSignalAnim::CreateSubTask,362
0061b460,TaskComplexPlayHandSignalAnim::GetAnimIdForPed,83
0061b580,TaskComplexPlayHandSignalAnim::ControlSubTask,330
0061b6d0,TaskSimpleRunAnim::Clone,155
0061b770,TaskSimpleRunNamedAnim::Clone,154
0061b810,TaskSimpleRunTimedAnim::Clone,124
0061ba00,TaskComplexPlayHandSignalAnim::Clone,114
0061bac0,TaskSimpleRunAnim::ProcessPed,65
0061bb10,TaskSimpleRunNamedAnim::StartAnim,167
0061bbe0,TaskSimpleRunTimedAnim::ProcessPed,145
0061bdf0,TaskComplexPlayHandSignalAnim::Destructor,248
0061bf10,TaskSimpleRunNamedAnim::Destructor,5
0061bf20,TaskSimpleRunNamedAnim::ProcessPed,422
0061c2e0,EventVehicleDamageWeapon::Constructor,31
0061c330,EventVehicleDamageWeapon::CloneEditable,96
0061c3d0,TaskSimpleDuck::IsTaskInUseByOtherTasks,78
0061c420,TaskSimpleDuck::CTaskSimpleDuck::StopFireGun,62
0061c470,TaskSimpleFight::CTaskSimpleFight,161
0061c530,TaskSimpleFight (thunk),176
0061c5e0,TaskSimpleFight::CTaskSimpleFight::ControlFight,67
0061dc10,TaskSimpleFightingControl::Constructor,7
0061dca0,TaskSimpleFightingControl::Destructor,90
0061de60,TaskSimpleUseGun::Constructor,185
0061df30,TaskSimpleUseGun::Destructor,109
0061dfa0,TaskSimpleUseGun::AbortIK,151
0061e040,TaskSimpleUseGun::ControlGun,87
0061e0a0,TaskSimpleUseGun::PlayerPassiveControlGun,28
0061e0c0,TaskSimpleUseGun::ControlGunMove,152
0061e190,TaskSimpleUseGun::ClearAnim,101
0061e200,TaskSimpleUseGun::RequirePistolWhip,488
0061e3f0,TaskSimpleUseGun::SetMoveAnim,1259
0061e8e0,TaskSimpleUseGun::RemoveStanceAnims,550
0061eb10,TaskSimpleUseGun::FireGun,498
0061ed10,TaskSimpleUseGun::AimGun,1630
0061f3f0,TaskSimpleGunControl::Constructor,198
0061f4d0,TaskSimpleGunControl::Destructor,90
0061f660,TaskSimpleThrowProjectile::Constructor,143
0061f700,TaskSimpleThrowProjectile::Destructor,116
0061f810,TaskSimpleThrowProjectile::ControlThrow,121
0061f8b0,TaskSimpleThrowControl::Constructor,129
0061f950,TaskSimpleThrowControl::Destructor,90
0061f9b0,TaskSimpleThrowControl::MakeAbortable,64
006202c0,TaskSimpleChoking::Constructor,154
00620370,TaskSimpleChoking::Destructor,119
00620490,TaskSimpleChoking::ProcessPed,452
00620660,TaskSimpleChoking::UpdateChoke,287
00620780,TaskSimpleBeHit::Constructor,127
00620810,TaskSimpleBeHit::Destructor,119
00620910,TaskSimpleBeHit::StartAnim,270
00620e30,TaskComplexKillPedOnFoot::Constructor,162
00620f70,TaskComplexKillPedOnFootStealth::Constructor,101
00620ff0,TaskComplexKillPedOnFootStealth::Destructor,11
00621000,TaskComplexKillPedOnFootMelee::Constructor,124
00621090,TaskComplexKillPedOnFootMelee::Destructor,90
00621100,TaskComplexKillPedOnFootMelee::CalculateSearchPositionAndRanges,135
00621190,TaskComplexKillPedOnFootArmed::Constructor,175
00621250,TaskComplexKillPedOnFootArmed::Destructor,90
006212b0,TaskComplexKillPedOnFootArmed::MakeAbortable,76
00621300,TaskComplexKillPedOnFootArmed::IsPedInLeaderFiringLine,512
00621500,TaskComplexKillPedOnFootArmed::LineOfSightClearForAttack,18
00621c00,TaskComplexDestroyCar::Constructor,108
00621cb0,TaskComplexDestroyCar::Destructor,90
00621d10,TaskComplexDestroyCarMelee::Constructor,118
00621da0,TaskComplexDestroyCarMelee::Destructor,90
00621f50,TaskComplexDestroyCarArmed::Constructor,163
00622010,TaskComplexDestroyCarArmed::Destructor,90
006220a0,TaskComplexRoadRage::Constructor,7
00622110,TaskComplexRoadRage::Destructor,90
00622240,TaskComplexKillPedGroupOnFoot::Constructor,94
006222b0,TaskComplexKillPedGroupOnFoot::Destructor,90
00622320,TaskComplexKillPedGroupOnFoot::CreateSubTask,298
00622450,TaskComplexKillPedGroupOnFoot::ComputeNearestLivingGroupPed,401
006225f0,TaskSimpleStealthKill::Constructor,113
006227c0,TaskComplexKillPedFromBoat::Constructor,87
00622830,TaskComplexKillPedFromBoat::Destructor,90
00622890,TaskComplexKillPedFromBoat::CreateNextSubTask,102
00622b80,TaskComplexSeekCoverUntilTargetDead::Constructor_Grp,35
00622bc0,TaskComplexSeekCoverUntilTargetDead::Constructor_Ped,95
00622c20,TaskComplexSeekCoverUntilTargetDead::Destructor,106
00622c90,TaskComplexSeekCoverUntilTargetDead::CreateNextSubTask,40
00622cc0,TaskComplexSeekCoverUntilTargetDead::GetTargetPed,45
00622d50,TaskComplexSeekCoverUntilTargetDead::GetCoverPed,234
00622eb0,TaskSimpleFightingControl::Clone,104
00622f20,TaskSimpleUseGun::Clone,142
00622fb0,TaskSimpleGunControl::Clone,113
00623030,TaskSimpleThrowProjectile::Clone,123
006230b0,TaskSimpleThrowControl::Clone,100
00623220,TaskSimpleChoking::Clone,102
00623290,TaskSimpleBeHit::Clone,112
00623400,TaskComplexKillPedOnFootStealth::Clone,96
00623460,TaskComplexKillPedOnFootMelee::Clone,96
006234c0,TaskComplexKillPedOnFootArmed::Clone,105
00623530,TaskComplexDestroyCar::Clone,108
006235a0,TaskComplexDestroyCarMelee::Clone,96
00623600,TaskComplexDestroyCarArmed::Clone,108
00623670,TaskComplexRoadRage::Clone,96
006236d0,TaskSimpleGangDriveBy (thunk),114
006237c0,TaskComplexKillPedGroupOnFoot::Clone,100
00623830,TaskSimpleStealthKill::Clone,106
006238a0,TaskComplexKillPedFromBoat::Clone,96
00623900,TaskComplexSeekCoverUntilTargetDead::Clone,203
006239f0,TaskSimpleFight::CTaskSimpleFight::MakeAbortable,284
00624b50,TaskSimpleFightingControl::CalcMoveCommand,589
00624dc0,TaskSimpleUseGun::Reset,112
00624e30,TaskSimpleUseGun::MakeAbortable,156
00624ed0,TaskSimpleUseGun::SetPedPosition,94
00624f30,TaskSimpleUseGun::StartAnim,766
006259e0,TaskSimpleThrowProjectile::StartAnim,381
00625e70,TaskComplexKillPedOnFoot (thunk),6
00626260,TaskComplexKillPedOnFoot (thunk),1894
00626ac0,TaskComplexKillPedOnFootMelee::CreateSubTask,713
00626fc0,TaskComplexKillPedOnFootArmed::CreateSubTask,1324
006287a0,TaskComplexDestroyCar::CreateSubTask,279
006289f0,TaskComplexDestroyCarMelee::CalculateSearchPositionAndRanges,113
00628a70,TaskComplexDestroyCarMelee::CreateSubTask,6
00628c80,TaskComplexDestroyCarArmed::CalculateSearchPositionAndRanges,274
00628da0,TaskComplexDestroyCarArmed::CreateSubTask,510
00628fa0,TaskComplexDestroyCarArmed::ControlSubTask,186
00629080,TaskComplexRoadRage::CreateSubTask,787
00629570,TaskComplexKillPedGroupOnFoot::CreateNextSubTask,177
00629630,TaskComplexKillPedGroupOnFoot::CreateFirstSubTask,115
006296d0,TaskSimpleStealthKill::ManageAnim,518
0062b490,TaskComplexKillPedOnFoot (thunk),735
0062b790,TaskComplexKillPedOnFootStealth::CreateNextSubTask,127
0062d3b0,TaskSimpleGangDriveBy (thunk),1551
0062da90,TaskComplexDestroyCar::CreateFirstSubTask,132
0062db20,TaskComplexDestroyCarMelee::CreateFirstSubTask,249
0062ddb0,TaskComplexDestroyCarMelee::ControlSubTask,366
0062e0a0,TaskComplexDestroyCarArmed::CreateFirstSubTask,200
0062e270,TaskComplexRoadRage::CreateNextSubTask,383
0062e3f0,TaskComplexRoadRage::ControlSubTask,323
0062ec60,TaskSimpleHitFromBack::Constructor,39
0062ec90,TaskSimpleHitFromBack::Clone,99
0062ed10,TaskSimpleHitFromLeft::Constructor,39
0062ed40,TaskSimpleHitFromLeft::Clone,99
0062edc0,TaskSimpleHitFromRight::Constructor,39
0062edf0,TaskSimpleHitFromRight::Clone,99
0062ee70,TaskSimpleHitByGunFromFront::Constructor,39
0062eea0,TaskSimpleHitByGunFromFront::Clone,99
0062ef20,TaskSimpleHitByGunFromRear::Constructor,39
0062ef50,TaskSimpleHitByGunFromRear::Clone,99
0062efd0,TaskSimpleHitByGunFromLeft::Constructor,39
0062f000,TaskSimpleHitByGunFromLeft::Clone,99
0062f080,TaskSimpleHitByGunFromFront::Constructor,39
0062f0b0,TaskSimpleHitByGunFromRight::Clone,99
0062f1a0,TaskComplexLeaveCar::CTaskComplexLeaveCar,45
0062f1d0,TaskComplexLeaveCarAndDie::Clone,103
0062f310,TaskSimpleStandStill::Constructor,62
0062f370,TaskSimpleStandStill::ProcessPed,39
0062f590,TaskSimpleSetStayInSamePlace::CTaskSimpleSetStayInSamePlace,27
0062f5e0,TaskSimpleSetStayInSamePlace::CTaskSimpleSetStayInSamePlace::ProcessPed,38
0062f610,TaskSimpleSetKindaStayInSamePlace::Constructor,27
0062f650,TaskSimpleSetKindaStayInSamePlace::Destructor,11
0062f660,TaskSimpleSetKindaStayInSamePlace::ProcessPed,38
0062f690,TaskSimpleDuckToggle::Constructor,27
0062f6d0,TaskSimpleDuckToggle::Destructor,11
0062f8d0,TaskComplexBeStill::CTaskComplexBeStill::CreateNextSubTask,52
0062fa00,TaskSimpleDie::Constructor,68
0062fa60,TaskSimpleDie::Constructor,139
0062faf0,TaskSimpleDie::Constructor,72
0062fc20,TaskSimpleDieInCar::CTaskSimpleDieInCar,64
0062fc80,TaskComplexDieInCar::CTaskComplexDieInCar,41
0062fd00,TaskComplexDieInCar::PreparePedVehicleForPedDeath,66
0062fd50,TaskComplexDieInCar::CreateSubTask,6
0062fec0,TaskSimpleDrown::CTaskSimpleDrown,62
0062ff60,TaskSimpleDrownInCar::GetTaskType,11
00630040,TaskComplexDie::Constructor,108
00630100,TaskComplexDie::SayDeathSample,185
00630590,TaskSimpleDead::CTaskSimpleDead,50
006305f0,TaskSimpleDead::GetTaskType,11
00630600,TaskSimpleDead::ProcessPed,2322
00630f20,TaskSimpleTired::Constructor,23
00630f60,TaskSimpleTired::Destructor,11
00630f70,TaskSimpleTired::StartAnim,125
00631030,TaskSimpleSitDown::Constructor,35
00631070,TaskSimpleSitDown::Destructor,93
00631160,TaskSimpleSitIdle::Constructor,51
006311b0,TaskSimpleSitIdle::Destructor,11
00631260,TaskSimpleSitIdle::StartAnim,122
006312e0,TaskSimpleStandUp::Constructor,35
00631320,TaskSimpleStandUp::Destructor,93
00631410,TaskSimpleStandUp::StartAnim,75
00631460,TaskComplexSitDownThenIdleThenStandUp::Constructor,45
006314a0,TaskComplexSitDownThenIdleThenStandUp::Destructor,104
00631550,TaskComplexSitDownThenIdleThenStandUp::CreateSubTask,329
006316a0,TaskComplexSitDownThenIdleThenStandUp::CreateFirstSubTask,137
00631730,TaskComplexSitDownThenIdleThenStandUp::ControlSubTask,89
006317c0,TaskComplexObserveTrafficLights::GetTaskType,11
006317e0,TaskComplexObserveTrafficLights::CTaskComplexObserveTrafficLights::CreateNextSubTask,232
006318e0,TaskComplexObserveTrafficLights::CTaskComplexObserveTrafficLights::ControlSubTask,46
00631910,TaskComplexObserveTrafficLightsAndAchieveHeading::CTaskComplexObserveTrafficLightsAndAchieveHeading,34
00631980,TaskComplexObserveTrafficLightsAndAchieveHeading::GetTaskType,11
00631990,TaskComplexObserveTrafficLightsAndAchieveHeading::CTaskComplexObserveTrafficLightsAndAchieveHeading::CreateSubTask,6
00631a70,TaskComplexObserveTrafficLightsAndAchieveHeading::CTaskComplexObserveTrafficLightsAndAchieveHeading::CreateNextSubTask,69
00631ae0,TaskComplexCrossRoadLookAndAchieveHeading::CTaskComplexCrossRoadLookAndAchieveHeading,34
00631b60,TaskComplexCrossRoadLookAndAchieveHeading::CTaskComplexCrossRoadLookAndAchieveHeading::CreateSubTask,214
00631c40,TaskComplexCrossRoadLookAndAchieveHeading::CTaskComplexCrossRoadLookAndAchieveHeading::CreateNextSubTask,79
00631cc0,TaskSimpleTurn180::Constructor,26
00631d00,TaskSimpleTurn180::Destructor,93
00631d70,TaskComplexHitResponse::Constructor,27
00631da0,TaskComplexHitResponse::Destructor,11
00631dd0,TaskComplexHitByGunResponse::Constructor,27
00631e30,TaskComplexHitByGunResponse::Destructor,11
00631e50,TaskComplexHitByGunResponse::CreateFirstSubTask,266
00631f80,TaskComplexSunbathe::Constructor,182
00632050,TaskComplexSunbathe::Destructor,147
006320f0,TaskComplexSunbathe::MakeAbortable,76
00632140,TaskComplexSunbathe::CanSunbathe,77
00632190,TaskComplexSunbathe::ShouldLoadSunbatheAnims,7
006321f0,TaskComplexUseEffect::Constructor,108
00632270,TaskComplexUseEffect::Destructor,118
006325f0,TaskComplexWaitAtAttractor::Constructor,34
00632630,TaskComplexWaitAtAttractor::Destructor,11
00632650,TaskComplexWaitAtAttractor::CreateFirstSubTask,137
006326f0,TaskComplexUseAttractor::Constructor,27
00632720,TaskComplexUseAttractor::Destructor,11
00632730,TaskComplexUseAttractor::CreateNextSubTask,141
006327c0,TaskComplexUseAttractor::ControlSubTask,63
00632800,TaskComplexWaitForDryWeather::Constructor,18
00632830,TaskComplexWaitForDryWeather::Destructor,11
00632860,TaskComplexWaitForDryWeather::CreateFirstSubTask,137
00632900,TaskComplexWaitForBus::Constructor,25
00632930,TaskComplexWaitForBus::Destructor,11
00632a50,TaskSimpleWaitForBus::Constructor,25
00632a90,TaskSimpleWaitForBus::Destructor,11
00632bd0,TaskComplexSequence::Constructor,35
00632c10,TaskComplexSequence::Flush,65
00632c70,TaskComplexSequence::CreateNextSubTask,106
00632d10,TaskComplexSequence::AddTask,51
00632d90,TaskSequences::Init,50
00632dd0,TaskSequences::CleanUpForShutdown,45
00632e00,TaskSequences::CTaskSequences::GetAvailableSlot,79
00632e50,TaskComplexBeInGroup::Constructor,59
00632ea0,TaskComplexBeInGroup::Destructor,11
00632f40,TaskComplexBeInGroup::CreateNextSubTask,98
00632fb0,TaskComplexBeInGroup::CreateFirstSubTask,94
00633010,TaskComplexBeInGroup::MonitorMainGroupTask,145
006330b0,TaskComplexBeInGroup::MonitorSecondaryGroupTask,239
006331a0,TaskComplexUsePairedAttractor::Constructor,44
006331e0,TaskComplexUsePairedAttractor::Destructor,11
006331f0,TaskComplexUsePairedAttractor::SetPartnership,36
00633220,TaskComplexUsePairedAttractor::ClearPartnership,35
00633250,TaskComplexAttractorPartnerWait::CTaskComplexAttractorPartnerWait,34
00633290,TaskComplexAttractorPartnerWait::GetTaskType,11
006332c0,TaskComplexUseAttractorPartner::Constructor,34
00633300,TaskComplexUseAttractorPartner::Destructor,11
00633330,TaskComplexUseScriptedAttractor::Constructor,27
00633360,TaskComplexUseScriptedAttractor::Destructor,11
00633390,TaskComplexOnFire::Constructor,18
006333c0,TaskComplexOnFire::Destructor,11
006333d0,TaskComplexOnFire::ComputeFireDamage,160
00633470,TaskComplexOnFire::CreateSubTask,239
00633560,TaskSimplePlayerOnFire::Constructor,35
006335b0,TaskSimplePlayerOnFire::Destructor,11
006337a0,TaskSimpleTogglePedThreatScanner::CTaskSimpleTogglePedThreatScanner::ProcessPed,40
006337f0,TaskSimpleIKManager::Constructor,35
00633830,TaskSimpleIKManager::Destructor,104
00633940,TaskSimpleIKManager::AddIKChainTask,46
006339b0,TaskSimpleIKManager::GetTaskAtSlot,11
006339c0,TaskSimpleIKChain::Constructor,196
00633a90,TaskSimpleIKChain::Destructor,7
00633b00,TaskSimpleIKChain::Clone,194
00633bd0,TaskSimpleIKChain::CreateIKChain,109
00633c40,TaskSimpleIKChain::BlendOut,45
00633c70,TaskSimpleIKChain::GetIKChain,4
00633e00,TaskSimpleIKLookAt::Constructor,215
00633ef0,TaskSimpleIKLookAt::Destructor,11
00633f00,TaskSimpleIKLookAt::Clone,179
00633fc0,TaskSimpleIKLookAt::CreateIKChain,139
00634050,TaskSimpleIKLookAt::UpdateLookAtInfo,202
00634120,TaskSimpleIKLookAt::GetLookAtEntity,4
00634150,TaskSimpleIKPointArm::Constructor,214
00634240,TaskSimpleIKPointArm::Destructor,11
00634250,TaskSimpleIKPointArm::Clone,160
006342f0,TaskSimpleIKPointArm::CreateIKChain,124
00634370,TaskSimpleIKPointArm::UpdatePointArmInfo,192
00634670,TaskSimpleClearLookAt::Constructor,18
006346a0,TaskSimpleClearLookAt::Destructor,11
006346c0,TaskSimpleClearLookAt::ProcessPed,42
006346f0,TaskComplexUseClosestFreeScriptedAttractor::Constructor,27
00634720,TaskComplexUseClosestFreeScriptedAttractor::Destructor,11
00634740,TaskComplexUseClosestFreeScriptedAttractor::ComputeClosestFreeScriptedEffect,323
00634f20,TaskComplexUseGoggles::GetTaskType,11
00635050,TaskComplexUseGoggles::ControlSubTask,115
006350d0,TaskComplexInWater::Constructor,18
00635100,TaskComplexInWater::Destructor,11
00635110,TaskComplexInWater::CreateNextSubTask,231
00635450,TaskComplexUseSequence::Constructor,25
00635540,TaskSimpleWaitUntilAreaCodesMatch::Constructor,118
006355e0,TaskSimpleWaitUntilAreaCodesMatch::Destructor,96
00635640,TaskSimpleWaitUntilAreaCodesMatch::ProcessPed,83
006356c0,TaskSimpleWaitUntilLeaderAreaCodesMatch::ProcessPed,84
00635720,ScriptedBrainTaskStore::SetTask,151
006357c0,ScriptedBrainTaskStore::GetTask,45
006357f0,ScriptedBrainTaskStore::Clear,94
00635850,ScriptedBrainTaskStore::Clear,94
006358b0,TaskComplexUseScriptedBrain::Constructor,50
00635900,TaskComplexUseScriptedBrain::Destructor,97
00635970,TaskComplexUseScriptedBrain::MakeAbortable,78
00635c30,TaskSimpleSetKindaStayInSamePlace::Clone,92
00635c90,TaskSimpleDuckToggle::Clone,90
00635cf0,TaskSimpleStandStill::MakeAbortable,168
00635da0,TaskSimpleDie::Clone,178
00635e60,TaskSimpleDrown::ProcessPed,142
00635ef0,TaskSimpleDieInCar::GetTaskType,147
00635f90,TaskComplexDieInCar::ControlSubTask,124
00636010,TaskSimpleDrownInCar::ProcessPed,80
00636060,TaskComplexDie::SayDeathSample,152
00636100,TaskSimpleDead::CTaskSimpleDead,118
00636180,TaskSimpleTired::MakeAbortable,127
00636200,TaskSimpleSitDown::Clone,124
00636280,TaskSimpleSitIdle::Clone,143
00636310,TaskSimpleStandUp::Clone,124
00636390,TaskComplexSitDownThenIdleThenStandUp::Clone,118
00636410,TaskComplexObserveTrafficLights::MakeAbortable,113
00636490,TaskComplexObserveTrafficLightsAndAchieveHeading::CTaskComplexObserveTrafficLightsAndAchieveHeading::Clone,106
00636500,TaskComplexCrossRoadLookAndAchieveHeading::ControlSubTask,106
00636570,TaskSimpleTurn180::Clone,111
006365e0,TaskComplexHitResponse::Clone,90
00636640,TaskComplexHitByGunResponse::Clone,90
006366a0,TaskComplexSunbathe::Clone,102
00636710,TaskComplexUseEffect::Clone,100
00636780,TaskComplexUseEffectRunning::CTaskComplexUseEffectRunning,39
006367c0,TaskComplexUseEffectRunning::Clone,99
006368a0,TaskComplexUseEffectSprinting::Clone,99
00636940,TaskComplexWaitAtAttractor::Clone,98
006369b0,TaskComplexUseAttractor::Clone,90
00636a10,TaskComplexWaitForDryWeather::Clone,80
00636a60,TaskComplexWaitForBus::Clone,107
00636ad0,TaskSimpleWaitForBus::Clone,107
00636be0,TaskComplexBeInGroup::Clone,143
00636c70,TaskComplexUsePairedAttractor::Clone,127
00636cf0,TaskComplexAttractorPartnerWait::Clone,100
00636d60,TaskComplexUseAttractorPartner::Clone,100
00636dd0,TaskComplexUseScriptedAttractor::Clone,90
00636e30,TaskComplexOnFire::Clone,80
00636e80,TaskSimplePlayerOnFire::Clone,116
00636f20,TaskSimpleClearLookAt::Clone,80
00636f70,TaskComplexUseClosestFreeScriptedAttractor::Clone,87
00637060,TaskComplexUseGoggles::Clone,80
006370b0,TaskComplexInWater::Clone,80
00637100,TaskComplexUseSequence::Clone,143
00637190,TaskSimpleWaitUntilAreaCodesMatch::Clone,96
006371f0,TaskComplexUseScriptedBrain::Clone,96
00637250,TaskSimpleHitFromBack::Constructor,39
00637290,TaskSimpleHitFromFront::Clone,99
00637520,TaskSimpleDie::StartAnim,144
006377b0,TaskComplexDieInCar::ControlSubTask,147
00637850,TaskComplexDieInCar::CreateNextSubTask,118
00637970,TaskSimpleTired::CTaskSimpleTired::ProcessPed,96
006379f0,TaskSimpleSitDown::StartAnim,75
00637db0,TaskComplexSitDownThenIdleThenStandUp::CreateNextSubTask,389
00638040,TaskComplexHitResponse::CreateFirstSubTask,266
006381a0,TaskComplexSunbathe::ControlSubTask,240
00638290,TaskComplexSunbathe::CreateSubTask,6
00638940,TaskComplexWaitForBus::CreateFirstSubTask,111
00638ae0,TaskComplexUsePairedAttractor::SeekPartnership,233
00638bd0,TaskComplexUsePairedAttractor::ControlSubTask,339
00638d30,TaskComplexUsePairedAttractor::CreateSubTask,6
00638f20,TaskComplexAttractorPartnerWait::CreateFirstSubTask,164
00638ff0,TaskComplexUseAttractorPartner::CreateFirstSubTask,164
006390c0,TaskComplexUseScriptedAttractor::CreateFirstSubTask,196
006391b0,TaskComplexOnFire::CreateNextSubTask,52
00639350,TaskSimpleIKManager::Clone,188
006397e0,TaskSimpleDie::ProcessPed,272
00639900,TaskSimpleDrown::ProcessPed,91
00639990,TaskSimpleTurn180::ProcessPed,92
006399f0,TaskComplexSunbathe::CreateNextSubTask,45
00639cb0,TaskComplexSunbathe::CreateFirstSubTask,363
00639fc0,VehicleAnimGroupData::GetGroupForAnim,27
0063a110,EventLeaderQuitEnteringCarAsDriver::Constructor,14
0063a220,TaskComplexEnterCar::Constructor,186
0063a300,TaskComplexEnterCar::GetTargetPos,118
0063a690,TaskComplexEnterCar::GetCameraAvoidVehicle,158
0063a890,TaskComplexEnterCar::ControlSubTask,735
0063ab90,TaskComplexEnterCar::SetVehicleFlags,114
0063ac10,TaskComplexEnterCar::PrepareVehicleForPedEnter,104
0063ac80,TaskComplexEnterCar::PreparePedForVehicleEnter,60
0063acc0,TaskComplexEnterCar::CreateTaskUtilityLineUpPedWithCar,166
0063ad70,TaskComplexEnterCarAsDriverTimed::Constructor,7
0063ae00,TaskComplexEnterCarAsDriverTimed::Destructor,90
0063b030,TaskComplexEnterCarAsPassengerTimed::Constructor,128
0063b0c0,TaskComplexEnterCarAsPassengerTimed::Destructor,90
0063b320,TaskComplexEnterCarAsPassengerWait::Constructor,135
0063b3c0,TaskComplexEnterCarAsPassengerWait::Destructor,106
0063b430,TaskComplexLeaveCarAsPassengerWait::Constructor,87
0063b4a0,TaskComplexLeaveCarAsPassengerWait::Destructor,90
0063b500,TaskComplexLeaveCarAsPassengerWait::GetNextPassengerToLeave,58
0063b540,TaskComplexLeaveCarAsPassengerWait::SetPedInZerothPassengerSeat,159
0063b5e0,TaskComplexEnterBoatAsDriver::Constructor,87
0063b650,TaskComplexEnterBoatAsDriver::Destructor,90
0063b6c0,TaskComplexEnterBoatAsDriver::CreateSubTask,6
0063b7d0,TaskComplexStealCar::Constructor,103
0063b850,TaskComplexStealCar::Destructor,106
0063b8c0,TaskComplexLeaveCar::CTaskComplexLeaveCar,153
0063bb60,TaskComplexLeaveBoat::Constructor,94
0063bdd0,TaskComplexLeaveCarAndWander::Constructor,108
0063be50,TaskComplexLeaveCarAndWander::Destructor,90
0063bec0,TaskComplexLeaveCarAndWander::CreateSubTask,206
0063bf90,TaskComplexLeaveCarAndFlee::Constructor,7
0063c030,TaskComplexLeaveCarAndFlee::Destructor,90
0063c0a0,TaskComplexLeaveCarAndFlee::CreateSubTask,409
0063c240,TaskComplexScreamInCarThenLeave::Constructor,107
0063c2c0,TaskComplexScreamInCarThenLeave::Destructor,90
0063c340,TaskSimpleCarDrive::Constructor,258
0063c460,TaskSimpleCarDrive::Destructor,148
0063c500,TaskSimpleCarDrive::TriggerIK,312
0063c670,TaskSimpleCarDrive::MakeAbortable,246
0063c770,TaskSimpleCarDrive::SetPedPosition,199
0063c900,TaskSimpleCarDrive::UpdateBopping,57
0063c940,TaskComplexCarDrive::Constructor_1,7
0063c9d0,TaskComplexCarDrive::Constructor_0,105
0063ca40,TaskComplexCarDrive::Destructor,134
0063cb10,TaskComplexDriveWander::CTaskComplexCarDriveWander,39
0063cc30,TaskComplexCarDriveMission::Constructor,113
0063ccc0,TaskComplexCarDriveMission::Destructor,90
0063ce00,TaskComplexDriveToPoint::CTaskComplexDriveToPoint,83
0063ce80,TaskComplexDriveToPoint::CTaskComplexDriveToPoint::CreateSubTaskCannotGetInCar,113
0063cf00,TaskComplexDriveToPoint::CTaskComplexDriveToPoint::SetUpCar,97
0063cf90,TaskComplexDrivePointRoute::CreateNextSubTask,148
0063d030,TaskComplexDrivePointRoute::CreateFirstSubTask,134
0063d130,TaskComplexShuffleSeats::Constructor,91
0063d1a0,TaskComplexShuffleSeats::Destructor,112
0063d240,TaskComplexShuffleSeats::CreateSubTask,6
0063d420,TaskComplexShuffleSeats::CreateNextSubTask,396
0063d5c0,TaskComplexShuffleSeats::ControlSubTask,77
0063d610,TaskComplexShuffleSeats::CreateTaskUtilityLineUpPedWithCar,224
0063d6f0,TaskSimpleCarSetTempAction::Constructor,43
0063d730,TaskSimpleCarSetTempAction::Destructor,11
0063d780,TaskComplexEnterCarAsDriverTimed::Clone,92
0063d7e0,TaskComplexEnterCarAsPassengerTimed::Clone,102
0063d850,TaskComplexEnterCarAsPassengerWait::Clone,110
0063d8c0,TaskComplexLeaveCarAsPassengerWait::Clone,96
0063d920,TaskComplexEnterBoatAsDriver::Clone,96
0063d980,TaskComplexStealCar::Clone,96
0063d9e0,TaskComplexLeaveCar::MakeAbortable,116
0063da60,TaskComplexLeaveBoat::Clone,100
0063dad0,TaskComplexLeaveCarAndWander::Clone,110
0063db40,TaskComplexLeaveCarAndFlee::Clone,110
0063dbb0,TaskComplexScreamInCarThenLeave::Clone,100
0063dc20,TaskSimpleCarDrive::Clone,102
0063dc90,TaskComplexCarDrive::Clone,100
0063dd70,TaskComplexCarDriveMission::Clone,112
0063de60,TaskComplexEnterAnyCarAsDriver::Clone,80
0063deb0,TaskComplexShuffleSeats::Clone,96
0063df10,TaskSimpleCarSetTempAction::Clone,106
0063dfa0,TaskComplexEnterCar::Destructor,7
0063e040,TaskComplexEnterCar::CreateSubTask,2329
0063f970,TaskComplexEnterCar::CreateNextSubTask_AfterSimpleCarAlign,2005
006402f0,TaskComplexEnterCarAsDriver::CTaskComplexEnterCarAsDriver,33
00640340,TaskComplexEnterCarAsPassenger::CTaskComplexEnterCarAsPassenger,45
00640420,TaskComplexOpenPassengerDoor::GetTaskType,11
00640430,TaskComplexDragPedFromCar::CTaskComplexDragPedFromCar,131
00640530,TaskComplexDragPedFromCar::ControlSubTask,82
006405b0,TaskComplexEnterCarAsDriverTimed::CreateFirstSubTask,133
00640660,TaskComplexEnterCarAsPassengerTimed::CreateFirstSubTask,172
006408d0,TaskComplexEnterCarAsPassengerWait::CreateSubTask,733
00640be0,TaskComplexLeaveCarAsPassengerWait::CreateSubTask,605
00640e60,TaskComplexEnterBoatAsDriver::CreateNextSubTask,112
00640f30,TaskComplexStealCar::CreateSubTask,425
00641530,TaskComplexLeaveCar::CTaskComplexLeaveCar::CreateSubTask,6
006421b0,TaskComplexLeaveCar::CTaskComplexLeaveCar::ControlSubTask,153
00642250,TaskComplexLeaveBoat::Destructor,30
006422c0,TaskComplexLeaveCarAndWander::CreateNextSubTask,116
00642510,TaskComplexScreamInCarThenLeave::CreateSubTask,6
00642760,TaskSimpleCarDrive::StartBopping,346
006428c0,TaskSimpleCarDrive::ProcessHeadBopping,542
00642ae0,TaskSimpleCarDrive::ProcessArmBopping,912
00642e70,TaskSimpleCarDrive::ProcessBopping,24
00642fa0,TaskComplexCarDrive::CreateSubTask,572
006432a0,TaskComplexDriveToPoint::CTaskComplexDriveToPoint::IsTargetBlocked,305
006433e0,TaskComplexDrivePointRoute::Constructor,154
00643490,TaskComplexDrivePointRoute::Destructor,90
00643700,TaskComplexShuffleSeats::CreateFirstSubTask,85
00643950,TaskComplexDragPedFromCar::ControlSubTask,100
006439c0,TaskComplexDrivePointRoute::Clone,120
00643a60,TaskComplexEnterCar::CreateFirstSubTask,504
00643d00,TaskComplexDragPedFromCar::CreateFirstSubTask,272
00643e10,TaskComplexEnterCarAsPassengerWait::CreateNextSubTask,238
00643f90,TaskComplexLeaveCarAsPassengerWait::CreateNextSubTask,113
00644010,TaskComplexLeaveCarAsPassengerWait::CreateFirstSubTask,62
00644050,TaskComplexLeaveCarAsPassengerWait::ControlSubTask,81
006440b0,TaskComplexStealCar::CreateNextSubTask,347
00644250,TaskComplexStealCar::ControlSubTask,121
006442d0,TaskComplexScreamInCarThenLeave::CreateNextSubTask,77
00644320,TaskComplexScreamInCarThenLeave::CreateFirstSubTask,54
00644360,TaskComplexScreamInCarThenLeave::ControlSubTask,263
00644470,TaskSimpleCarDrive::ProcessPed,1744
00644e20,TaskComplexCarDrive::CreateNextSubTask,483
00645240,TaskComplexCarDrive::ControlSubTask,125
006452c0,TaskComplexDriveToPoint::CTaskComplexDriveToPoint::IsTargetBlocked,144
00645370,TaskSimpleCarSetTempAction::ProcessPed,161
00645420,TaskComplexDriveToPoint::CTaskComplexDriveToPoint::Drive,372
00645630,VehicleAnimGroupData::GetInOutTimings,14
00645700,TaskSimpleGoToPoint::UpdatePoint,90
00645780,TaskComplexGoToCarDoorAndStandStill::Constructor,170
00645840,TaskComplexGoToCarDoorAndStandStill::MakeAbortable,93
006458a0,TaskComplexGoToCarDoorAndStandStill::IsVehicleInRange,108
00645910,TaskComplexGoToCarDoorAndStandStill::ComputeRouteToDoor,549
00645b40,TaskSimpleCarAlign::Constructor,134
00645be0,TaskSimpleCarAlign::Destructor,109
00645cb0,TaskSimpleCarAlign::FixHeading,390
00645e50,TaskSimpleCarOpenDoorFromOutside::Constructor,122
00645ee0,TaskSimpleCarOpenDoorFromOutside::Destructor,149
00645fa0,TaskSimpleCarOpenDoorFromOutside::ComputeAnimID_ToHook,97
00646070,TaskSimpleCarOpenLockedDoorFromOutside::Constructor,107
006460f0,TaskSimpleCarOpenLockedDoorFromOutside::Destructor,109
006461b0,TaskSimplePickUpBike::Constructor,107
00646230,TaskSimplePickUpBike::Destructor,109
00646300,TaskSimpleCarCloseDoorFromInside::Constructor,107
00646380,TaskSimpleCarCloseDoorFromInside::Destructor,109
00646410,TaskSimpleCarCloseDoorFromInside::ComputeAnimID,97
006464f0,TaskSimpleCarCloseDoorFromOutside::Constructor,7
00646570,TaskSimpleCarCloseDoorFromOutside::Destructor,109
00646600,TaskSimpleCarCloseDoorFromOutside::ComputeAnimID,97
00646690,TaskSimpleCarGetIn::Constructor,107
00646710,TaskSimpleCarGetIn::Destructor,109
00646810,TaskSimpleCarShuffle::Constructor,107
00646890,TaskSimpleCarShuffle::Destructor,109
00646990,TaskSimpleCarWaitToSlowDown::Constructor,94
00646a00,TaskSimpleCarWaitToSlowDown::Destructor,90
00646ad0,TaskSimpleCarWaitToSlowDown::ProcessPed,155
00646b70,TaskSimpleCarWaitForDoorNotToBeInUse::Constructor,101
00646c00,TaskSimpleCarWaitForDoorNotToBeInUse::Destructor,90
00646d70,TaskSimpleCarGoToPointNearDoorUntilDoorNotInUse::Constructor,182
00646e50,TaskSimpleCarGoToPointNearDoorUntilDoorNotInUse::Destructor,100
00646ec0,TaskSimpleCarGoToPointNearDoorUntilDoorNotInUse::Clone,118
00646f40,TaskSimpleCarGoToPointNearDoorUntilDoorNotInUse::CTaskSimpleCarGoToPointNearDoorUntilDoorNotInUse::ComputeTarget,158
006470e0,TaskSimpleCarSetPedInAsDriver::CTaskSimpleCarSetPedInAsDriver,109
006471d0,TaskSimpleCarGetOut::Constructor,113
00647260,TaskSimpleCarGetOut::Destructor,109
00647330,TaskSimpleCarGetOut::ComputeAnimID_ToHook,291
00647490,TaskSimpleCarJumpOut::Destructor,109
00647690,TaskSimpleCarJumpOut::ComputeAnimID_ToHook,81
006479b0,TaskSimpleCarSetPedOut::CTaskSimpleCarSetPedOut::PositionPedOutOfCollision,854
00647d10,TaskSimpleCarSetPedOut (thunk),720
00647fe0,TaskSimpleCarSlowDragPedOut::Constructor,116
00648070,TaskSimpleCarSlowDragPedOut::Destructor,109
00648100,TaskSimpleCarSlowDragPedOut::ComputeAnimID_Wrapper,67
00648230,TaskSimpleCarSlowBeDraggedOut::Constructor,119
006482c0,TaskSimpleCarSlowBeDraggedOut::Destructor,109
00648330,TaskSimpleCarSlowBeDraggedOut::ComputeAnimID,81
006483b0,TaskSimpleCarSetPedSlowDraggedOut::Constructor,94
00648430,TaskSimpleCarSetPedSlowDraggedOut::Destructor,90
00648490,TaskComplexCarSlowBeDraggedOut::Constructor,108
00648520,TaskComplexCarSlowBeDraggedOut::CreateTaskUtilityLineUpPedWithCar,122
006485a0,TaskComplexCarSlowBeDraggedOut::PrepareVehicleForPedExit,69
00648620,TaskComplexCarSlowBeDraggedOutAndStandUp::Constructor,94
00648690,TaskComplexCarSlowBeDraggedOutAndStandUp::Destructor,90
00648710,TaskComplexCarSlowBeDraggedOutAndStandUp::CreateSubTask,474
00648b90,TaskSimpleBikeJacked::Constructor,7
00648c40,TaskSimpleBikeJacked::Destructor,147
00648d60,TaskSimpleCarFallOut::Constructor,107
00648de0,TaskSimpleCarFallOut::Destructor,90
00648e90,TaskSimpleCarFallOut::ComputeAnimID,80
00648f40,TaskSimpleSetPedAsAutoDriver::Constructor,87
00648fc0,TaskSimpleSetPedAsAutoDriver::Destructor,90
00649020,TaskSimpleSetPedAsAutoDriver::ProcessPed,97
00649090,TaskComplexGoToBoatSteeringWheel::Constructor,91
00649100,TaskComplexGoToBoatSteeringWheel::Destructor,90
00649160,TaskComplexGoToBoatSteeringWheel::CTaskComplexGoToBoatSteeringWheel::ComputeTargetPos,172
00649210,TaskComplexGetOnBoatSeat::Constructor,87
00649280,TaskComplexGetOnBoatSeat::Destructor,90
00649310,TaskComplexGetOnBoatSeat::CreateFirstSubTask,181
006493e0,TaskSimpleCreateCarAndGetIn::Constructor,18
00649450,TaskSimpleWaitUntilPedIsOutCar::Constructor,118
006494f0,TaskSimpleWaitUntilPedIsOutCar::Destructor,90
00649620,TaskSimpleWaitUntilPedIsInCar::Constructor,88
006496a0,TaskSimpleWaitUntilPedIsInCar::Destructor,90
00649700,TaskSimpleWaitUntilPedIsInCar::ProcessPed,147
006498b0,TaskComplexGoToCarDoorAndStandStill::Clone,126
00649930,TaskSimpleCarAlign::Clone,108
006499a0,TaskSimpleCarOpenDoorFromOutside::Clone,110
00649a10,TaskSimpleCarOpenLockedDoorFromOutside::Clone,104
00649a80,TaskSimplePickUpBike::Clone,104
00649af0,TaskSimpleCarCloseDoorFromInside::Clone,104
00649b60,TaskSimpleCarCloseDoorFromOutside::Clone,104
00649bd0,TaskSimpleCarGetIn::Clone,104
00649c40,TaskSimpleCarShuffle::Clone,104
00649cb0,TaskSimpleCarWaitToSlowDown::Clone,100
00649d20,TaskSimpleCarWaitForDoorNotToBeInUse::Clone,104
00649d90,TaskSimpleCarSetPedInAsPassenger::MakeAbortable,108
00649e00,TaskSimpleCarSetPedInAsDriver::CTaskSimpleCarSetPedInAsDriver::Clone,104
00649e70,TaskSimpleCarGetOut::Clone,104
00649f50,TaskSimpleCarSetPedOut (thunk),122
00649fd0,TaskSimpleCarSlowDragPedOut::Clone,110
0064a040,TaskSimpleCarSlowBeDraggedOut::Clone,106
0064a0b0,TaskSimpleCarSetPedSlowDraggedOut::Clone,100
0064a120,TaskComplexCarSlowBeDraggedOut::Clone,106
0064a190,TaskComplexCarSlowBeDraggedOutAndStandUp::Clone,100
0064a200,TaskSimpleBikeJacked::Clone,114
0064a280,TaskSimpleCarFallOut::Clone,104
0064a2f0,TaskSimpleSetPedAsAutoDriver::Clone,96
0064a350,TaskComplexGoToBoatSteeringWheel::Clone,96
0064a3b0,TaskComplexGetOnBoatSeat::Clone,96
0064a410,TaskSimpleCreateCarAndGetIn::Clone,151
0064a4b0,TaskSimpleWaitUntilPedIsOutCar::Clone,100
0064a520,TaskSimpleWaitUntilPedIsInCar::Clone,96
0064a580,TaskComplexGoToCarDoorAndStandStill::Destructor,106
0064a5f0,TaskComplexGoToCarDoorAndStandStill::CreateSubTask,6
0064ac00,TaskSimpleCarAlign::StartAnim,217
0064ad90,TaskSimpleCarOpenDoorFromOutside::StartAnim,77
0064ae00,TaskSimpleCarOpenLockedDoorFromOutside::StartAnim,105
0064ae90,TaskSimplePickUpBike::StartAnim,160
0064afb0,TaskSimpleCarCloseDoorFromInside::StartAnim,77
0064b020,TaskSimpleCarCloseDoorFromOutside::MakeAbortable,95
0064b080,TaskSimpleCarCloseDoorFromOutside::StartAnim,559
0064b2d0,TaskSimpleCarGetIn::StartAnim,202
0064b3e0,TaskSimpleCarShuffle::StartAnim,88
0064b5d0,TaskSimpleCarSetPedInAsPassenger::CTaskSimpleCarSetPedInAsPassenger::ProcessPed,8
0064b950,TaskSimpleCarSetPedInAsDriver::CTaskSimpleCarSetPedInAsDriver::ProcessPed,1127
0064bde0,TaskSimpleCarGetOut::StartAnim,84
0064be40,TaskSimpleCarJumpOut::Constructor,156
0064bf00,TaskSimpleCarJumpOut::StartAnim,77
0064c010,TaskSimpleCarSlowDragPedOut::StartAnim,77
0064c190,TaskSimpleCarSlowBeDraggedOut::StartAnim,101
0064c220,TaskSimpleCarSetPedSlowDraggedOut::ProcessPed,864
0064c580,TaskComplexCarSlowBeDraggedOut::Destructor,112
0064c6a0,TaskComplexCarSlowBeDraggedOut::CreateSubTask,6
0064c8b0,TaskComplexCarSlowBeDraggedOut::CreateFirstSubTask,116
0064cce0,TaskSimpleCarFallOut::StartAnim,116
0064cda0,TaskComplexGoToBoatSteeringWheel::CTaskComplexGoToBoatSteeringWheel::CreateSubTask,218
0064cea0,TaskSimpleCreateCarAndGetIn::Destructor,147
0064d220,TaskSimpleCarJumpOut::Clone,104
0064d6d0,TaskSimpleCarAlign::ProcessPed,58
0064d910,TaskSimplePickUpBike::ProcessPed,144
0064d9a0,TaskSimpleCarCloseDoorFromInside::ProcessPed,233
0064e350,TaskComplexGoToBoatSteeringWheel::CreateNextSubTask,56
0064e3b0,TaskComplexGoToBoatSteeringWheel::ControlSubTask,194
0064e550,CarEnterExit::ComputeDoorFlag,131
0064e610,CarEnterExit::ComputeOppositeDoorFlag,131
0064e740,CarEnterExit::GetPositionToOpenCarDoor,1339
0064ec90,CarEnterExit::IsCarDoorInUse,187
0064ed90,CarEnterExit::IsCarDoorReady,50
0064edd0,CarEnterExit::CarHasDoorToOpen,51
0064ee10,CarEnterExit::CarHasDoorToClose,53
0064ee50,CarEnterExit::CarHasOpenableDoor,20
0064ee70,CarEnterExit::CarHasPartiallyOpenDoor,68
0064eec0,CarEnterExit::IsVehicleHealthy,19
0064eee0,CarEnterExit::IsPedHealthy,32
0064ef00,CarEnterExit::IsCarQuickJackPossible,99
0064ef70,CarEnterExit::IsCarSlowJackRequired,166
0064f070,CarEnterExit::ComputeSlowJackedPed,110
0064f110,CarEnterExit::ComputeTargetDoorToExit,126
0064f190,CarEnterExit::ComputeTargetDoorToEnterAsPassenger,80
0064f1e0,CarEnterExit::ComputePassengerIndexFromCarDoor,83
0064f240,CarEnterExit::IsPlayerToQuitCarEnter,730
0064f540,CarEnterExit::MakeUndraggedPassengerPedsLeaveCar,181
0064f600,CarEnterExit::MakeUndraggedDriverPedLeaveCar,114
0064f680,CarEnterExit::RemoveCarSitAnim,13
0064f6e0,CarEnterExit::RemoveGetInAnims,49
0064f720,CarEnterExit::AddInCarAnim,308
0064f860,CarEnterExit::SetAnimOffsetForEnterOrExitVehicle,841
0064fbb0,TaskUtilityLineUpPedWithCar::Constructor,65
0064fc00,TaskUtilityLineUpPedWithCar::Destructor,1
0064fc10,TaskUtilityLineUpPedWithCar::GetLocalPositionToOpenCarDoor,1241
00650280,CarEnterExit::SetPedInCarDirect,6
006504c0,CarEnterExit::IsRoomForPedToLeaveCar,1236
006509b0,CarEnterExit::IsClearToDriveAway,204
00650a80,TaskUtilityLineUpPedWithCar::GetPositionToOpenCarDoor,289
00650bb0,CarEnterExit::GetNearestCarPassengerDoor,15
006510d0,CarEnterExit::IsVehicleStealable,313
00651210,CarEnterExit::IsPathToDoorBlockedByVehicleCollisionModel,399
006513a0,TaskUtilityLineUpPedWithCar::ProcessPed,1261
006528f0,CarEnterExit::GetNearestCarDoor,16
00652ee0,TaskSimpleHitFromBehind::Constructor,39
00652f10,TaskSimpleHitFromBehind::Clone,99
00652f90,TaskSimpleHitWall::Constructor,39
00652fc0,TaskSimpleHitWall::Clone,99
00653060,TaskSimpleHitHead::Constructor,26
00653160,TaskSimpleEvasiveStep::CTaskSimpleEvasiveStep,91
006532d0,TaskComplexEvasiveStep::CTaskComplexEvasiveStep,7
006533e0,TaskComplexEvasiveStep::CTaskComplexEvasiveStep::CreateSubTask,266
006534f0,TaskComplexEvasiveStep::CTaskComplexEvasiveStep::CreateNextSubTask,69
00653560,TaskSimpleEvasiveDive::CTaskSimpleEvasiveDive,91
006536b0,TaskComplexEvasiveDiveAndGetUp::Constructor,128
00653740,TaskComplexEvasiveDiveAndGetUp::Destructor,90
00653820,TaskComplexEvasiveDiveAndGetUp::CreateSubTask,380
006539a0,TaskComplexHitPedWithCar::Constructor,114
00653a30,TaskComplexHitPedWithCar::Destructor,90
00653b40,TaskComplexHitPedWithCar::ComputeEvasiveStepMoveDir,181
00653c10,TaskSimpleKillPedWithCar::Constructor,94
00653c90,TaskSimpleKillPedWithCar::Destructor,90
00653cf0,TaskSimpleKillPedWithCar::DamageCarBonnet,426
00653ea0,TaskSimpleHurtPedWithCar::Constructor,97
00653f30,TaskSimpleHurtPedWithCar::Destructor,90
00653f90,TaskSimpleHurtPedWithCar::ProcessPed,532
006541b0,TaskComplexWalkRoundCar::Constructor,7
00654290,TaskComplexWalkRoundCar::SetNewVehicle,74
006542e0,TaskComplexWalkRoundCar::CreateRouteTask,131
00654370,TaskComplexWalkRoundCar::ControlSubTask,377
006544f0,TaskComplexWalkRoundCar::ComputeRouteRoundSmallCar,546
00654720,TaskComplexWalkRoundCar::GoingForDoor,28
00654740,TaskComplexWalkRoundBuildingAttempt::Constructor,226
00654840,TaskComplexWalkRoundBuildingAttempt::CTaskComplexWalkRoundBuildingAttempt,257
00654950,TaskComplexWalkRoundBuildingAttempt::Destructor,122
00654b80,TaskComplexWalkRoundBuildingAttempt::ComputeMoveDir,175
00654c80,TaskComplexWalkRoundBuildingAttempt::CreateSubTask,6
00655020,TaskComplexWalkRoundObject::Constructor,156
00655140,TaskComplexWalkRoundObject (thunk),130
00655340,TaskComplexMoveBackAndJump::Constructor,18
00655370,TaskComplexMoveBackAndJump::Destructor,11
00655390,TaskComplexMoveBackAndJump::CreateSubTask,207
00655460,TaskComplexEvasiveCower::CTaskComplexEvasiveCower,110
00655570,TaskComplexEvasiveCower::CTaskComplexEvasiveCower::CreateSubTask,7
006556a0,TaskComplexEvasiveCower::CTaskComplexEvasiveCower::CreateNextSubTask,69
00655720,TaskComplexWalkRoundFire::Constructor,80
00655780,TaskComplexWalkRoundFire::Destructor,11
00655940,TaskComplexEvasiveDiveAndGetUp::Clone,110
006559b0,TaskComplexHitPedWithCar::Clone,100
00655a20,TaskSimpleKillPedWithCar::Clone,100
00655a90,TaskSimpleHurtPedWithCar::Clone,100
00655b00,TaskComplexWalkRoundCar::Clone,130
00655b90,TaskComplexWalkRoundBuildingAttempt::Clone,121
00655c80,TaskComplexMoveBackAndJump::Clone,80
00655d40,TaskComplexWalkRoundFire::Clone,108
00655ea0,TaskSimpleEvasiveStep::CTaskSimpleEvasiveStep::StartAnim,53
00655f20,TaskSimpleEvasiveDive::CTaskSimpleEvasiveDive::StartAnim,183
00656000,TaskComplexEvasiveDiveAndGetUp::CreateNextSubTask,154
006560e0,TaskComplexHitPedWithCar::CreateSubTask,6
00656b00,TaskComplexWalkRoundCar::Destructor,106
00656b70,TaskComplexWalkRoundCar::CreateNextSubTask,57
00656bb0,TaskComplexWalkRoundCar::ComputeRouteRoundBigCar,669
00656e70,TaskComplexWalkRoundBuildingAttempt::CreateNextSubTask,257
00656f80,TaskComplexWalkRoundBuildingAttempt::ComputeCrapRoute,625
006575f0,TaskComplexWalkRoundObject (thunk),341
00657770,TaskComplexMoveBackAndJump::CreateNextSubTask,69
006577f0,TaskComplexDiveFromAttachedEntityAndGetUp::CreateNextSubTask,43
00657a10,TaskSimpleHitHead::ProcessPed,71
00657a60,TaskSimpleEvasiveStep::CTaskSimpleEvasiveStep::ProcessPed,81
00657af0,TaskComplexHitPedWithCar::CreateNextSubTask,102
00657ba0,TaskComplexWalkRoundBuildingAttempt::ComputeRoute,1152
00658020,TaskComplexWalkRoundBuildingAttempt::ControlSubTask,387
00658770,TaskComplexWanderMedic::CTaskComplexWanderMedic,5
006587a0,TaskComplexWanderMedic::ScanForStuff,112
00658860,TaskSimpleGiveCPR::Constructor,44
00658900,TaskSimpleGiveCPR::ReviveDeadPed,134
00658ab0,TaskComplexTreatAccident::Constructor,27
00658ae0,TaskComplexTreatAccident::GetTaskType,11
00658af0,TaskComplexTreatAccident::ComputeHeading,150
00658ba0,TaskComplexMedicTreatInjuredPed::Constructor,128
00658cc0,TaskComplexMedicTreatInjuredPed::FindNearestAccident,36
00658d20,TaskComplexMedicTreatInjuredPed::CalcTargetPosWithOffset,138
00658db0,TaskComplexMedicTreatInjuredPed::CreateSubTask,823
00659310,TaskComplexDriveFireTruck::Constructor,124
00659470,TaskComplexUseSwatRope::Constructor,95
00659620,TaskComplexUseSwatRope::CreateSubTask,6
00659780,TaskComplexUseWaterCannon::Constructor,27
006597d0,TaskComplexUseWaterCannon::CreateFirstSubTask,106
00659a10,TaskSimpleGiveCPR::Clone,128
00659a90,TaskComplexTreatAccident::Clone,90
00659af0,TaskComplexMedicTreatInjuredPed::Clone,106
00659bc0,TaskComplexDriveFireTruck::Clone,106
00659c30,TaskComplexUseSwatRope::Clone,210
00659d10,TaskComplexUseWaterCannon::Clone,90
00659e90,TaskComplexTreatAccident::CreateSubTask,6
0065a020,TaskComplexMedicTreatInjuredPed::CreateDealWithNextAccidentTask,202
0065a240,TaskComplexDriveFireTruck::CreateSubTask,381
0065a3e0,TaskComplexUseSwatRope::CreateNextSubTask,84
0065a7c0,TaskSimpleGiveCPR::ProcessPed,101
0065a830,TaskComplexTreatAccident::CreateNextSubTask,187
0065a8f0,TaskComplexTreatAccident::CreateFirstSubTask,149
0065b090,TaskComplexDriveFireTruck::CreateNextSubTask,166
0065b1e0,TaskComplexDriveFireTruck::ControlSubTask,270
0065b370,TaskComplexWanderFlee::Destructor,11
0065b390,TaskComplexFleePoint::Constructor,18
0065b410,TaskComplexFleePoint::Destructor,11
0065b460,TaskComplexFleePoint::CreateSubTask,500
0065b660,TaskComplexFleePoint::ControlSubTask,331
0065b7b0,TaskComplexFleePoint::SetFleePosition,104
0065b820,TaskComplexFleePoint::ComputeTargetPoint,259
0065b930,TaskComplexFleeEntity::Constructor,135
0065b9d0,TaskComplexFleeEntity::Destructor,90
0065ba30,TaskComplexFleeEntity::CreateSubTask,135
0065bac0,TaskComplexFleeEntity::CreateNextSubTask,52
0065bd20,TaskComplexSmartFleePoint::Constructor,18
0065bdb0,TaskComplexSmartFleePoint::Destructor,11
0065be00,TaskComplexSmartFleePoint::SetDefaultTaskWanderDir,51
0065be40,TaskComplexSmartFleePoint::ComputeFleeDir,59
0065be80,TaskComplexSmartFleePoint::CreateSubTask,569
0065c0c0,TaskComplexSmartFleePoint::CreateNextSubTask,117
0065c140,TaskComplexSmartFleePoint::CreateFirstSubTask,152
0065c1e0,TaskComplexSmartFleePoint::ControlSubTask,475
0065c3c0,TaskComplexSmartFleePoint::SetFleePosition,104
0065c430,TaskComplexSmartFleeEntity::Constructor,142
0065c4d0,TaskComplexSmartFleeEntity::Destructor,90
0065c530,TaskComplexSmartFleeEntity::CTaskComplexSmartFleeEntity::CreateSubTask,7
0065c680,TaskComplexSmartFleeEntity::CreateNextSubTask,102
0065c780,TaskComplexSmartFleeEntity::ControlSubTask,372
0065c900,TaskComplexFleeShooting::Constructor,139
0065c9a0,TaskComplexFleeShooting::Destructor,90
0065ca00,TaskComplexFleeShooting::MakeAbortable,86
0065cc60,TaskComplexFleeAnyMeans::Constructor,147
0065cd10,TaskComplexFleeAnyMeans::Destructor,90
0065cd70,TaskComplexWanderFlee::Clone,102
0065cde0,TaskComplexFleePoint::Clone,110
0065ce50,TaskComplexFleeEntity::Clone,118
0065ced0,TaskComplexSmartFleePoint::Clone,110
0065cf40,TaskComplexSmartFleeEntity::Clone,110
0065cfb0,TaskComplexFleeShooting::Clone,126
0065d030,TaskComplexFleeAnyMeans::Clone,130
0065d150,TaskComplexFleePoint::CreateNextSubTask,232
0065d2e0,TaskComplexFleeAnyMeans::CreateSubTask,6
0065d540,TaskComplexFleeAnyMeans::CreateNextSubTask,242
0065d780,TaskComplexFleeAnyMeans::ControlSubTask,746
0065daf0,EventLeanOnVehicle::Constructor,94
0065dc70,EventPassObject::Constructor,7
0065ded0,TaskComplexGangLeader::Constructor,68
0065df30,TaskComplexGangLeader::Destructor,104
0065dff0,TaskComplexGangLeader::CreateNextSubTask,510
0065e200,TaskComplexGangLeader::ScanForStuff,1263
0065e730,TaskComplexGangLeader::GetRandomGangAmbientAnim,186
0065e7f0,TaskComplexGangLeader::ShouldLoadGangAnims,7
0065e860,TaskComplexGangLeader::DoGangAbuseSpeech,306
0065ea50,TaskComplexGangLeader::TryToPassObject,68
0065eaa0,TaskComplexGangFollower::Constructor,246
0065ebb0,TaskComplexGangFollower::Destructor,123
0065ecb0,TaskComplexGangFollower::Clone,138
0065ed40,TaskComplexGangFollower::CalculateOffsetPosition,329
0065eeb0,TaskSimpleGoToPointFine::Constructor,41
0065ef30,TaskSimpleGoToPointFine::BaseRatio,44
0065ef80,TaskSimpleGoToPointFine::SetBlendedMoveAnim,939
0065f330,TaskSimpleGoToPointFine::SetTargetPos,108
0065f3a0,TaskSimpleGoToPointFine::BaseRatio,10
0065f3b0,TaskComplexTrackEntity::Constructor,160
0065f460,TaskComplexTrackEntity::Destructor,90
0065f4e0,TaskComplexTrackEntity::Clone,171
0065f590,TaskComplexTrackEntity::CreateNextSubTask,360
0065f780,TaskComplexTrackEntity::CalcTargetPos,417
0065f930,TaskComplexTrackEntity::CalcMoveRatio,373
0065fac0,TaskGangHassleVehicle::Constructor,135
0065fb60,TaskGangHassleVehicle::Destructor,7
0065fc00,TaskGangHassleVehicle::Clone,114
0065fc80,TaskGangHassleVehicle::CreateNextSubTask,325
0065fdd0,TaskGangHassleVehicle::GetTargetHeading,256
0065fed0,TaskGangHasslePed::Constructor,123
0065ff60,TaskGangHasslePed::Destructor,120
0065ffe0,TaskGangHasslePed::ControlSubTask,647
00660270,TaskComplexStareAtPed::Constructor,137
00660310,TaskComplexStareAtPed::Destructor,120
00660390,TaskComplexStareAtPed::Clone,140
00660420,TaskComplexStareAtPed::CreateNextSubTask,232
00660510,TaskComplexStareAtPed::CreateFirstSubTask,165
00660880,TaskSimpleDoHandSignal::Constructor,22
006608b0,TaskSimpleDoHandSignal::Destructor,11
006608c0,TaskSimpleDoHandSignal::Clone,100
00660a30,TaskComplexSignalAtPed::Constructor,7
00660ab0,TaskComplexSignalAtPed::Destructor,120
00660d80,TaskComplexSignalAtPed::ControlSubTask,224
00660e60,TaskGoToVehicleAndLean::Constructor,97
00660ee0,TaskGoToVehicleAndLean::Destructor,120
00660f60,TaskGoToVehicleAndLean::CTaskGoToVehicleAndLean::DoTidyUp,38
00660f90,TaskLeanOnVehicle::Constructor,134
00661030,TaskLeanOnVehicle::Destructor,109
006610a0,TaskLeanOnVehicle::MakeAbortable,106
006611b0,TaskComplexPassObject::Constructor,106
00661230,TaskComplexPassObject::Destructor,90
00661290,TaskComplexPassObject::AbortIK,44
006616f0,TaskComplexGangJoinRespond::Constructor,31
00661720,TaskComplexGangJoinRespond::Destructor,104
006617a0,TaskComplexGangJoinRespond::CreateNextSubTask,292
006618d0,TaskComplexGangJoinRespond::CreateFirstSubTask,127
00661a60,TaskComplexProstituteSolicit::CTaskComplexProstituteSolicit,122
00661bb0,TaskComplexProstituteSolicit::CTaskComplexProstituteSolicit::IsTaskValid,41
00661d30,TaskComplexProstituteSolicit::CTaskComplexProstituteSolicit::GetRidOfPlayerProstitute,59
00661dc0,TaskComplexSeekEntity::Constructor,209
00661f30,TaskComplexSeekEntity::Destructor,97
00661fa0,TaskComplexGangLeader::Clone,151
00662040,TaskSimpleGoToPointFine::Clone,137
006620d0,TaskGangHasslePed::CreateNextSubTask,108
00662140,TaskComplexSignalAtPed::Clone,106
006621b0,TaskGoToVehicleAndLean::Clone,100
00662220,TaskComplexPassObject::Clone,102
00662290,TaskComplexGangJoinRespond::Clone,96
006622f0,TaskComplexProstituteSolicit::MakeAbortable,96
00663500,TaskSimpleGoToPointFine::MakeAbortable,55
00663640,TaskComplexTrackEntity::ControlSubTask,344
006641a0,TaskGangHassleVehicle::CalcTargetOffset,248
006642c0,TaskGangHasslePed::CreateNextSubTask,190
00664a50,TaskComplexPassObject::MakeAbortable,46
00664af0,TaskComplexSeekEntity::Clone,174
00665760,TaskComplexSeekEntity::ControlSubTask,1608
00666360,TaskComplexProstituteSolicit::CTaskComplexProstituteSolicit::CreateSubTask,803
006666a0,TaskComplexProstituteSolicit::CTaskComplexProstituteSolicit::CreateFirstSubTask,219
00666780,TaskComplexProstituteSolicit::CTaskComplexProstituteSolicit::CreateNextSubTask,587
006679c0,TaskSimpleGoTo::Constructor,61
00667a00,TaskSimpleGoTo::HasCircledTarget,11
00667a10,TaskSimpleGoTo::HasCircledTarget,188
00667ad0,TaskSimpleGoTo::SetUpIK,454
00667ca0,TaskSimpleGoTo::QuitIK,17
00667cd0,TaskSimpleGoToPoint::Constructor,101
00667e20,TaskSimpleAchieveHeading::CTaskSimpleAchieveHeading,49
00667e70,TaskSimpleAchieveHeading::GetTaskType,11
00667eb0,TaskSimpleAchieveHeading::MakeAbortable,104
00667f20,TaskSimpleAchieveHeading::SetUpIK,319
00668060,TaskSimpleAchieveHeading::ProcessPed,183
00668120,TaskComplexGoToPointAndStandStill::Constructor,260
00668250,TaskComplexGoToPointAndStandStill::CTaskComplexGoToPointAndStandStill::SelectMoveState,116
006682d0,TaskComplexGoToPointAndStandStill::CTaskComplexGoToPointAndStandStill::CreateSubTask,661
00668570,TaskComplexGoToPointAndStandStill::ControlSubTask,108
006685e0,TaskComplexGoToPointAndStandStillTimed::Constructor,67
00668790,TaskComplexGoToPointAiming::Constructor,7
00668870,TaskComplexGoToPointAiming::Destructor,90
006688d0,TaskComplexGoToPointAiming::CreateSubTask,263
00668c70,TaskComplexGoToPointShooting::Constructor,72
00668cd0,TaskComplexGoToPointAndStandStillAndAchieveHeading::Constructor,86
00668d40,TaskComplexGoToPointAndStandStillAndAchieveHeading::Destructor,11
00668d50,TaskComplexGoToPointAndStandStillAndAchieveHeading::CTaskComplexGoToPointAndStandStillAndAchieveHeading::CreateSubTask,292
00668e80,TaskComplexGoToPointAndStandStillAndAchieveHeading::ControlSubTask,56
00668fe0,TaskComplexFollowPointRoute::GetSubTaskType,15
00669090,TaskComplexFollowPointRoute::CreateTask,679
00669340,TaskComplexFollowPointRoute::GetLastWaypoint,209
00669420,TaskComplexFollowPointRoute::GetNextWaypoint,147
00669650,TaskComplexFollowNodeRoute::GetSubTaskType,50
00669690,TaskComplexFollowNodeRoute::CreateSubTask,589
006698e0,TaskComplexFollowNodeRoute::GetLastWaypoint,149
00669980,TaskComplexFollowNodeRoute::GetNextWaypoint,87
006699e0,TaskComplexFollowNodeRoute::ComputeRoute,829
00669f30,TaskComplexWander::ValidNodes,46
00669f60,TaskComplexWander::ComputeTargetPos,78
0066a100,TaskComplexAvoidOtherPedWhileWandering::Constructor,178
0066a1d0,TaskComplexAvoidOtherPedWhileWandering::Destructor,90
0066a230,TaskComplexAvoidOtherPedWhileWandering::QuitIK,46
0066a2c0,TaskComplexAvoidOtherPedWhileWandering::CreateNextSubTask,88
0066a320,TaskComplexAvoidOtherPedWhileWandering::ComputeSphere,1157
0066a7b0,TaskComplexAvoidOtherPedWhileWandering::ComputeRouteRoundSphere,148
0066a850,TaskComplexAvoidOtherPedWhileWandering::SetUpIK,455
0066aed0,TaskComplexWanderStandard::CTaskComplexWanderStandard::WillChat,129
0066af60,TaskComplexWanderStandard::CTaskComplexWanderStandard::SetNextMinScanTime,11
0066afd0,TaskComplexWanderStandard::CTaskComplexWanderStandard::LookForSexyCars,381
0066b160,TaskComplexWanderCop::ShouldPursuePlayer,80
0066b1b0,TaskComplexWanderCop::LookForCarAlarms,221
0066b290,TaskComplexWanderCop::LookForStolenCopCars,102
0066b300,TaskComplexWanderCop::LookForCriminals,494
0066b4f0,TaskComplexWanderCriminal::CTaskComplexWanderCriminal::LookForCarsToSteal,316
0066b640,TaskComplexGoToAttractor::Constructor,78
0066b6a0,TaskComplexGoToAttractor::Destructor,11
0066b6c0,TaskComplexGoToAttractor::CreateNextSubTask,66
0066b720,TaskComplexGoToPointAnyMeans::Constructor,81
0066b790,TaskComplexGoToPointAnyMeans::Constructor,146
0066b830,TaskComplexGoToPointAnyMeans::Destructor,90
0066b890,TaskComplexTurnToFaceEntityOrCoord::Constructor,7
0066b910,TaskComplexTurnToFaceEntityOrCoord::Constructor,65
0066b960,TaskComplexTurnToFaceEntityOrCoord::Destructor,90
0066b9d0,TaskComplexTurnToFaceEntityOrCoord::ComputeTargetHeading,158
0066bb20,TaskComplexGotoDoorAndOpen::Constructor,112
0066bba0,TaskComplexGotoDoorAndOpen::Constructor,89
0066bc00,TaskComplexGotoDoorAndOpen::Destructor,113
0066bca0,TaskComplexGotoDoorAndOpen::Clone,157
0066c1f0,TaskComplexGotoDoorAndOpen::ControlSubTask,131
0066c3e0,TaskSimpleSlideToCoord::Constructor,34
0066c450,TaskSimpleSlideToCoord::Constructor,106
0066c4e0,TaskSimpleSlideToCoord::ProcessPed,570
0066c720,TaskComplexInvestigateDisturbance::Constructor,110
0066c7a0,TaskComplexInvestigateDisturbance::Destructor,90
0066cc60,TaskSimpleGoToPoint::Clone,130
0066ccf0,TaskSimpleAchieveHeading::Clone,136
0066cd80,TaskComplexGoToPointAiming::Clone,139
0066ce10,TaskComplexGoToPointShooting::Clone,134
0066cea0,TaskComplexGoToPointAndStandStill::Clone,133
0066cf30,TaskComplexGoToPointAndStandStillTimed::Clone,152
0066cfd0,TaskComplexGoToPointAndStandStillAndAchieveHeading::Clone,116
0066d050,TaskComplexAvoidOtherPedWhileWandering::Clone,102
0066d130,TaskComplexGoToAttractor::Clone,166
0066d1e0,TaskComplexGoToPointAnyMeans::CreateNextSubTask,112
0066d250,TaskComplexTurnToFaceEntityOrCoord::Clone,170
0066d300,TaskSimpleSlideToCoord::CTaskSimpleSlideToCoord::Clone,204
0066d3d0,TaskComplexInvestigateDisturbance::Clone,100
0066dba0,TaskComplexGoToPointAndStandStill::CreateNextSubTask,156
0066dce0,TaskComplexGoToPointAndStandStillTimed::ControlSubTask,110
0066dd70,TaskComplexGoToPointAiming::CreateNextSubTask,50
0066dfd0,TaskComplexGoToPointAndStandStillAndAchieveHeading::CreateNextSubTask,91
0066e150,TaskComplexFollowPointRoute::CalcGoToTaskType,458
0066e710,TaskComplexFollowPointRoute::CalcBlendRatio,336
0066e860,TaskComplexFollowPointRoute::ControlSubTask,456
0066ea30,TaskComplexFollowNodeRoute::Constructor,7
0066eb70,TaskComplexFollowNodeRoute::Destructor,106
0066ebe0,TaskComplexFollowNodeRoute::CalcGoToTaskType,466
0066edc0,TaskComplexFollowNodeRoute::CalcBlendRatio,342
0066ef20,TaskComplexFollowNodeRoute::CanGoStraightThere,116
0066efa0,TaskComplexFollowNodeRoute::ComputePathNodes,1189
0066f450,TaskComplexWander::Constructor,35
0066f4c0,TaskComplexWander::ScanForBlockedNode,107
0066f530,TaskComplexWander::ComputeTargetHeading,133
0066f5c0,TaskComplexWanderGang::CTaskComplexWanderGang,112
0066f650,TaskComplexWanderGang::GetWanderType,30
0066fda0,TaskComplexWanderStandard::CTaskComplexWanderStandard::LookForChatPartners,851
00670100,TaskComplexWanderStandard::CTaskComplexWanderStandard::LookForGangMembers,426
006702b0,TaskComplexWanderCop::ScanForStuff,160
006705d0,TaskComplexGoToPointAnyMeans::CreateSubTask,6
006713e0,TaskComplexFollowNodeRoute::Clone,133
00671470,TaskComplexWanderGang::ScanForStuff,125
00671510,TaskComplexFollowPointRoute::Constructor,7
00671630,TaskComplexFollowPointRoute::CreateNextSubTask,241
00671750,TaskComplexFollowNodeRoute::SetTarget,175
00671800,TaskComplexFollowNodeRoute::CreateFirstSubTask,198
006718d0,TaskComplexFollowNodeRoute::CreateNextSubTask,479
00671ab0,TaskComplexFollowNodeRoute::ControlSubTask,511
00671cb0,TaskComplexWander::CreateSubTask,573
00671ef0,TaskComplexWander::ScanForBlockedNode,225
00671fe0,TaskComplexAvoidOtherPedWhileWandering::NearbyPedsInSphere,147
00672080,TaskComplexAvoidOtherPedWhileWandering::ComputeAvoidSphere,247
00672180,TaskComplexAvoidOtherPedWhileWandering::ComputeDetourTarget,43
00672600,TaskComplexWanderStandard::CTaskComplexWanderStandard::ScanForStuff,136
00672690,TaskComplexWanderProstitute::CTaskComplexWanderProstitute,44
006728a0,TaskComplexGoToPointAnyMeans::CreateNextSubTask,278
00673be0,TaskComplexFollowPointRoute::Clone,149
00673c80,TaskComplexWanderProstitute::CreateFirstSubTask,114
00673d00,TaskComplexWander::GetWanderTaskByPedType,454
006740e0,TaskComplexWander::CreateFirstSubTask,83
00674140,TaskComplexWander::CreateNextSubTask,1047
00674560,TaskComplexWander::ScanForBlockedNodes,166
00674860,TaskComplexWanderCop::CreateNextSubTask,181
006749f0,TaskComplexInvestigateDisturbance::CreateNextSubTask,447
00674c30,TaskComplexWander::ControlSubTask,335
00674fc0,TaskInteriorBeInHouse::Constructor,35
00675000,TaskInteriorBeInHouse::Destructor,11
00675010,TaskInteriorBeInHouse::Clone,125
006750a0,TaskInteriorBeInHouse::GetInfoForPedToUse,384
00675220,TaskInteriorBeInOffice::Constructor,35
00675260,TaskInteriorBeInOffice::Destructor,11
00675270,TaskInteriorBeInOffice::Clone,125
00675300,TaskInteriorBeInOffice::GetInfoForPedToUse,215
006753e0,TaskInteriorBeInShop::Constructor,87
00675460,TaskInteriorBeInShop::Destructor,11
00675470,TaskInteriorBeInShop::Clone,96
006754d0,TaskInteriorBeInShop::ScanForStuff,397
00675660,TaskInteriorShopKeeper::Constructor,45
006756a0,TaskInteriorShopKeeper::Destructor,22
006756c0,TaskInteriorShopKeeper::Clone,123
00675740,TaskInteriorShopKeeper::ControlSubTask,136
006757d0,TaskInteriorGoToInfo::Constructor,41
00675810,TaskInteriorGoToInfo::Destructor,11
00675820,TaskInteriorGoToInfo::Clone,106
00675a50,TaskInteriorUseInfo::Constructor,48
00675a90,TaskInteriorUseInfo::Destructor,22
00675ab0,TaskInteriorUseInfo::Clone,122
00675b60,TaskInteriorUseInfo::CreateFirstSubTask,160
00675e20,TaskInteriorLieInBed::Constructor,24
00675e90,TaskInteriorLieInBed::Destructor,93
00675ef0,TaskInteriorLieInBed::Clone,112
00676010,TaskInteriorSitAtDesk::Constructor,86
00676080,TaskInteriorSitAtDesk::Destructor,93
006760e0,TaskInteriorSitAtDesk::Clone,106
00676200,TaskInteriorBeInHouse::CreateNextSubTask,161
006762b0,TaskInteriorBeInHouse::CreateFirstSubTask,128
00676350,TaskInteriorBeInOffice::CreateNextSubTask,167
00676400,TaskInteriorBeInOffice::CreateFirstSubTask,123
006764c0,TaskInteriorShopKeeper::CreateNextSubTask,134
00676550,TaskInteriorShopKeeper::CreateFirstSubTask,198
00676880,TaskInteriorUseInfo::CreateNextSubTask,1164
00677780,TaskInteriorSitAtDesk::StartRandomLoopAnim,251
00677880,TaskInteriorSitAtDesk::StartRandomOneOffAnim,147
00677f50,TaskSimpleGetUp::Constructor,29
00678130,TaskComplexGetUpAndStandStill::Constructor,14
00678170,TaskComplexGetUpAndStandStill::CreateSubTask,200
00678240,TaskComplexGetUpAndStandStill::CreateNextSubTask,92
006782c0,TaskSimpleFall::Constructor,52
00678370,TaskSimpleFall::MakeAbortable,323
006784c0,TaskSimpleFall::ProcessFall,481
006786c0,TaskComplexFallAndGetUp::Constructor,41
00678700,TaskComplexFallAndGetUp::Constructor2,117
006787a0,TaskComplexFallAndGetUp::SetDownTime,41
006787d0,TaskComplexFallAndGetUp::IsFalling,28
006787f0,TaskComplexFallAndGetUp::MakeAbortable,120
00678870,TaskComplexFallAndGetUp::CreateFirstSubTask,122
00678900,TaskComplexFallAndGetUp::CreateSubTask,206
00678c80,TaskComplexInAirAndLand::Constructor,25
00678cd0,TaskSimpleInAir::Constructor,105
00678e90,TaskSimpleLand::Constructor,57
00678fe0,TaskSimpleLand::RightFootLanded,48
00679010,TaskSimpleLand::LeftFootLanded,48
00679040,TaskComplexFallToDeath::Constructor,90
006790b0,TaskComplexFallToDeath::GetTaskType,11
00679120,TaskComplexFallToDeath::CreateFirstSubTask,320
006796c0,TaskComplexFallToDeath::CalcFall,972
00679aa0,TaskSimpleJump::Constructor,50
00679b80,TaskSimpleJump::Launch,1182
0067a030,TaskComplexJump::Constructor,31
0067a070,TaskComplexJump::MakeAbortable,131
0067a110,TaskSimpleClimb::Constructor,7
0067a250,TaskSimpleClimb::Shutdown,40
0067a320,TaskSimpleClimb::StartSpeech,91
0067a390,TaskSimpleClimb::GetCameraTargetPos,535
0067a5d0,TaskSimpleClimb::GetCameraStickModifier,701
0067a890,TaskSimpleClimb::CreateColModel,3145
0067b4e0,TaskSimpleJetPack::Constructor,7
0067b5c0,TaskSimpleJetPack::ProcessAnims,152
0067b660,TaskSimpleJetPack::DropJetPack,170
0067b720,TaskSimpleJetPack::ApplyRollAndPitch,195
0067b7f0,TaskSimpleJetPack::DoJetPackEffect,544
0067ba10,TaskSimpleJetPack::StopJetPackEffect,43
0067ba40,TaskComplexStuckInAir::CTaskComplexStuckInAir,18
0067ba80,TaskComplexStuckInAir::CreateSubTask,651
0067bd10,TaskComplexStuckInAir::CreateNextSubTask,258
0067c480,TaskComplexFallToDeath::MakeAbortable,130
0067c510,TaskSimpleJump::Clone,133
0067c5a0,TaskComplexJump::Clone,108
0067c690,TaskSimpleJetPack::Clone,108
0067c700,TaskComplexStuckInAir::Clone,80
0067c770,TaskSimpleGetUp::StartAnim,649
0067ca40,TaskSimpleFall::StartAnim,265
0067cb70,TaskComplexFallAndGetUp::CreateNextSubTask,67
0067cc30,TaskComplexInAirAndLand::CreateFirstSubTask,116
0067d230,TaskComplexInAirAndLand::ControlSubTask,270
0067d590,TaskSimpleJump::CheckIfJumpBlocked,523
0067d7a0,TaskSimpleJump::StartLaunchAnim,447
0067d980,TaskComplexJump::CreateSubTask,567
0067dbe0,TaskSimpleClimb::StartAnim,524
0067de10,TaskSimpleClimb::CTaskSimpleClimb::ScanToGrabSectorList,5
0067e600,TaskSimpleJetPack::Destructor,213
0067e6e0,TaskSimpleJetPack::MakeAbortable,198
0067e7b0,TaskSimpleJetPack::ProcessControlInput,992
0067ef20,TaskSimpleJetPack::ProcessThrust,1911
0067f6a0,TaskSimpleJetPack::RenderJetPack,953
0067faf0,TaskSimpleFall::ProcessPed,266
0067fc00,TaskComplexJump::CreateNextSubTask,266
0067fd30,TaskSimpleClimb::ScanToGrab,6
006803a0,TaskSimpleClimb::TestForClimb,304
006804d0,TaskSimpleClimb::TestForVault,154
00680570,TaskSimpleClimb::TestForStandUp,129
006816a0,TaskManager::Constructor,46
006816d0,TaskManager::Destructor,26
00681720,TaskManager::GetActiveTask,21
00681740,TaskManager::FindActiveTaskByType,135
006817d0,TaskManager::FindTaskByType,58
00681810,TaskManager::GetTaskSecondary,11
00681820,TaskManager::HasTaskSecondary,39
00681850,TaskManager::Flush,67
006818a0,TaskManager::FlushImmediately,116
00681920,TaskManager::SetNextSubTask,74
00681970,TaskManager::GetLastTaskOf,30
006819a0,TaskManager::StopTimers,38
006819d0,TaskManager::GetSimplestActiveTask,45
00681a00,TaskManager::GetLastTaskOf,35
00681a30,TaskManager::AddSubTasks,77
00681a80,TaskManager::ParentsControlChildren,111
00681af0,TaskManager::SetTask,105
00681b60,TaskManager::SetTaskSecondary,103
00681bd0,TaskManager::ClearTaskEventResponse,59
00681c10,TaskManager::ManageTasks,476
00681e70,TaskComplexPartner::Constructor,157
006823c0,TaskComplexPartnerDeal (thunk),113
00682440,TaskComplexPartnerDeal (thunk),344
006825b0,TaskComplexPartnerGreet::StreamRequiredAnims,113
00682630,TaskComplexPartnerGreet::GetPartnerSequence,1572
00682cb0,TaskComplexChat::Constructor,7
00682d40,TaskComplexChat::Destructor,90
00682da0,TaskComplexChat::Clone,105
00683060,TaskComplexChat::ControlSubTask,189
00683120,TaskComplexPartnerShove (thunk),275
00683240,TaskComplexWalkAlongsidePed::Constructor,106
006832c0,TaskComplexWalkAlongsidePed::Destructor,90
006836f0,TaskComplexBeInCouple::CTaskComplexBeInCouple,7
006837f0,TaskComplexBeInCouple::CTaskComplexBeInCouple::AbortArmIK,79
006838e0,TaskComplexWalkAlongsidePed::Clone,100
006839c0,TaskComplexBeInCouple::MakeAbortable,118
006840d0,TaskComplexPartner (thunk),192
00684190,TaskComplexPartnerDeal::Constructor,100
00684210,TaskComplexPartnerGreet::Constructor,106
00684280,TaskComplexPartnerGreet::Destructor,11
00684290,TaskComplexPartnerChat::Constructor,129
00684380,TaskComplexPartnerChat::CTaskComplexPartnerChat::GetPartnerSequence,836
006846f0,TaskComplexPartnerShove::Constructor,86
00684da0,TaskComplexPartnerGreet::Clone,141
00685000,TaskComplexWalkAlongsidePed::CreateSubTask,6
00685680,TaskComplexWalkAlongsidePed::CreateNextSubTask,105
00685700,WeaponInfo::GetCrouchReloadAnimationID,29
00685750,TaskSimplePlayerOnFoot::Constructor,99
006857d0,TaskSimplePlayerOnFoot::Destructor,11
006859a0,TaskSimplePlayerOnFoot::ProcessPlayerWeapon,3529
006872c0,TaskSimplePlayerOnFoot::PlayIdleAnimations,610
00687530,TaskSimplePlayerOnFoot::PlayerControlFighter,1768
00687c20,TaskSimplePlayerOnFoot::PlayerControlZeldaWeapon,776
00687f30,TaskSimplePlayerOnFoot::PlayerControlDucked,1175
006883d0,TaskSimplePlayerOnFoot::PlayerControlZelda,7
00688810,TaskSimplePlayerOnFoot::ProcessPed,274
00688930,TaskSimpleSwim::Constructor,180
00688a90,TaskSimpleSwim::ProcessControlInput,2961
00689640,TaskSimpleSwim::ProcessControlAI,934
006899f0,TaskSimpleSwim::ProcessSwimAnims,1928
0068a1d0,TaskSimpleSwim::ProcessSwimmingResistance,1782
0068a8e0,TaskSimpleSwim::ApplyRollAndPitch,260
0068a9f0,TaskSimpleSwim::CreateFxSystem,86
0068aa50,TaskSimpleSwim::DestroyFxSystem,24
0068aa70,TaskSimpleSwim::ProcessEffects,1408
0068aff0,TaskSimplePlayerOnFoot::Clone,87
0068b050,TaskSimpleSwim::GetTaskType,100
0068b0c0,TaskSimplePlayerOnFoot::Destructor,30
0068b620,TaskSimpleArrestPed::CTaskSimpleArrestPed,91
0068b7e0,TaskSimpleArrestPed::StartAnim,186
0068b990,TaskComplexArrestPed::Constructor,7
0068ba00,TaskComplexArrestPed::Destructor,90
0068ba70,TaskComplexPolicePursuit::Constructor,36
0068bad0,TaskComplexPolicePursuit::SetWeapon,241
0068bbd0,TaskComplexPolicePursuit::SetPursuit,436
0068bd90,TaskComplexPolicePursuit::ClearPursuit,34
0068bdc0,TaskComplexPolicePursuit::PersistPursuit,176
0068be70,TaskComplexKillCriminal::Constructor,165
0068bf30,TaskComplexKillCriminal::Destructor,283
0068c050,TaskComplexKillCriminal::CreateSubTask,830
0068c3c0,TaskComplexKillCriminal::FindNextCriminalToKill,789
0068c6e0,TaskComplexKillCriminal::ChangeTarget,272
0068c7f0,TaskComplexCopInCar::Constructor,183
0068c8c0,TaskComplexCopInCar::Destructor,122
0068c9e0,TaskComplexCopInCar::CreateSubTask,781
0068cd10,TaskSimpleArrestPed::MakeAbortable,96
0068cdd0,TaskComplexPolicePursuit::Clone,124
0068ce50,TaskComplexKillCriminal::Clone,98
0068cec0,TaskComplexCopInCar::Clone,116
0068cf80,TaskComplexArrestPed::CreateSubTask,814
0068d880,TaskComplexPolicePursuit::Destructor,131
0068d910,TaskComplexPolicePursuit::CreateSubTask,6
0068e950,TaskComplexKillCriminal::ControlSubTask,2263
00690b80,TaskSimpleShakeFist::Constructor,22
00690bb0,TaskSimpleShakeFist::Destructor,93
00690c70,TaskSimpleFacial::CTaskSimpleFacial,48
00690cb0,TaskSimpleFacial::GetTaskType,11
00690cc0,TaskSimpleFacial::GetAnimId,56
00690d20,TaskComplexFacial::Constructor,81
00690d90,TaskComplexFacial::GetTaskType,11
00691230,TaskComplexFacial::SetRequest,31
00691250,TaskComplexFacial::StopAll,24
00691270,TaskSimpleAffectSecondaryBehaviour::Constructor,41
00691320,TaskSimpleAffectSecondaryBehaviour::ProcessPed,121
006913a0,TaskSimpleHoldEntity::Constructor,7
00691470,TaskSimpleHoldEntity::Constructor,224
00691550,TaskSimpleHoldEntity::Constructor,211
006916e0,TaskSimpleHoldEntity::ReleaseEntity,24
00691700,TaskSimpleHoldEntity::CanThrowEntity,25
00691720,TaskSimpleHoldEntity::PlayAnim,17
00691740,TaskSimpleHoldEntity::FinishAnimHoldEntityCB,106
006917b0,TaskSimplePickUpEntity::Constructor,82
00691870,TaskSimplePickUpEntity::Constructor,75
00691990,TaskSimplePutDownEntity::Constructor,43
00691fc0,TaskSimpleDuck::Constructor,34
00692030,TaskSimpleDuck::Destructor,206
00692100,TaskSimpleDuck::MakeAbortable,571
00692340,TaskSimpleDuck::CTaskSimpleDuck::AbortBecauseOfOtherDuck,77
00692390,TaskSimpleDuck::RestartTask,95
006923f0,TaskSimpleDuck::ControlDuckMove,185
006924b0,TaskSimpleDuck::ForceStopMove,12
006924f0,TaskSimpleDuck::SetControlType,53
00692530,TaskSimpleDuck::SetDuckTimer,26
00692610,TaskSimpleDuck::CanPedDuck,111
006927b0,TaskSimpleShakeFist::Clone,111
00692820,TaskSimpleFacial::Clone,132
006928b0,TaskComplexFacial::Clone,87
00692910,TaskSimpleAffectSecondaryBehaviour::Clone,149
006929b0,TaskSimpleHoldEntity::Clone,212
00692a90,TaskSimplePickUpEntity::Clone,218
00692cf0,TaskSimpleDuck::Clone,112
00692df0,TaskSimpleShakeFist::StartAnim,63
00692e80,TaskSimpleFacial::ProcessPed,259
00692ff0,TaskSimpleHoldEntity::StartAnim,251
006930f0,TaskSimpleHoldEntity::DropEntity,7
00693440,TaskSimpleHoldEntity::ChoosePutDownHeight,323
006939f0,TaskSimpleDuck::SetMoveAnim,395
00694390,TaskSimpleDuck::ProcessPed,674
006949a0,TaskComplexFollowLeaderInFormation::Constructor,7
00694a40,TaskComplexFollowLeaderInFormation::Destructor,90
00694aa0,TaskComplexFollowLeaderAnyMeans::Constructor,121
00694b30,TaskComplexFollowLeaderAnyMeans::Destructor,90
00694b90,TaskComplexSeekEntityAiming::Constructor,101
00694c10,TaskComplexSeekEntityAiming::Destructor,90
00694e20,TaskComplexFollowPedFootsteps::Constructor,157
00694ee0,TaskComplexFollowPedFootsteps (thunk),283
00695740,TaskComplexFollowLeaderInFormation::Clone,108
006957b0,TaskComplexFollowLeaderAnyMeans::Clone,104
00695820,TaskComplexSeekEntityAiming::Clone,104
00695c20,TaskComplexSeekEntityAiming::CreateNextSubTask,262
00695d30,TaskComplexSeekEntityAiming::CreateFirstSubTask,139
00696030,TaskComplexSeekEntityAnyMeansXYOffset::Clone,116
006960b0,TaskComplexSeekEntityAnyMeansXYOffset::CreateFirstSubTask,168
00696680,TaskComplexFollowLeaderAnyMeans::CreateSubTask,416
00696820,TaskComplexFollowLeaderInFormation::CreateNextSubTask,177
00696cc0,TaskComplexFollowLeaderAnyMeans::CreateNextSubTask,181
00696df0,TaskComplexInvestigateDeadPed::Constructor,124
00696e80,TaskComplexInvestigateDeadPed::Destructor,90
00696ee0,TaskComplexInvestigateDeadPed::ComputeTargetPos,175
00696f90,TaskComplexInvestigateDeadPed::CreateSubTask,530
006971b0,TaskComplexReactToGunAimedAt::Constructor,100
00697230,TaskComplexReactToGunAimedAt::Destructor,90
00697290,TaskComplexWaitForBackup::Constructor,133
00697330,TaskComplexWaitForBackup::Destructor,106
006973b0,TaskComplexWaitForBackup::CreateSubTask,520
006975c0,TaskComplexExtinguishFires::Constructor,25
006975f0,TaskComplexExtinguishFires::Destructor,11
00697600,TaskComplexExtinguishFires::GetNearestFire,128
00697680,TaskComplexInvestigateDeadPed::Clone,96
006976e0,TaskComplexReactToGunAimedAt::Clone,96
00697740,TaskComplexWaitForBackup::Clone,104
006977b0,TaskComplexExtinguishFires::Clone,107
00697840,TaskComplexInvestigateDeadPed::CreateNextSubTask,332
00697b70,TaskComplexReactToGunAimedAt::CreateSubTask,6
00698330,TaskComplexExtinguishFires::ControlSubTask,144
006983c0,TaskComplexReactToGunAimedAt::CreateNextSubTask,355
00698550,TaskComplexReactToGunAimedAt::ControlSubTask,126
006985e0,TaskCategories::CTaskCategories::IsKillPedTask,43
00698610,TaskCategories::CTaskCategories::IsFollowPedTask,15
00698680,TaskCategories::CTaskCategories::ComputeTaskCategory,88
00698710,Cover::Init,46
00698740,Cover::RemoveCoverPointsForThisEntity,71
00698d60,Cover::FindVectorFromDir,76
00698dd0,Cover::DoesCoverPointStillProvideCover,149
00698eb0,CoverPoint::ReserveCoverPointForPed,57
00698ef0,CoverPoint::ReleaseCoverPointForPed,15
00698f30,Cover::AddCoverPoint,495
00699120,Cover::FindCoverPointsForThisBuilding,266
00699230,Cover::ShouldThisBuildingHaveItsCoverPointsCreated,124
006992b0,Cover::FindAndReserveCoverPoint,691
00699570,Cover::FindCoordinatesCoverPoint,623
006997e0,Cover::Update,1479
00699db0,PedList::Empty,7
00699dd0,PedList::BuildListFromGroup_NoLeader,79
00699f50,Formation::ReturnTargetPedForPed,66
00699fa0,Formation::ReturnDestinationForPed,75
00699ff0,Formation::FindCoverPointsBehindBox,835
0069a340,PedList::BuildListFromGroup_NotInCar_NoLeader,99
0069a3b0,PedList::BuildListOfPedsOfPedType,111
0069a420,PedList::RemovePedsThatDontListenToPlayer,47
0069a450,PedList::RemovePedsAttackingPedType,88
0069a4c0,PedList::ExtractPedsWithGuns,98
0069a620,Formation::GenerateGatherDestinations,305
0069a770,Formation::GenerateGatherDestinations_AroundCar,2610
0069b240,Formation::DistributeDestinations,874
0069b5b0,Formation::DistributeDestinations_CoverPoints,330
0069b700,Formation::DistributeDestinations_PedsToAttack,344
0069b860,Formation::FindCoverPoints,702
0069bb80,TaskAllocatorKillOnFoot::Constructor,89
0069bbf0,TaskAllocatorKillOnFoot::Destructor,81
0069bca0,TaskAllocatorKillOnFoot::AllocateTasks,1406
0069c240,TaskAllocatorAttack::Constructor,128
0069c2d0,TaskAllocatorAttack::Destructor,97
0069c3f0,TaskAllocatorAttack::AllocateTasks,7
0069c480,TaskAllocatorPlayerCommandAttack::CTaskAllocatorPlayerCommandAttack,50
0069c710,TaskAllocatorKillThreatsBasic::Constructor,95
0069c780,TaskAllocatorKillThreatsBasic::Destructor,81
0069c7e0,TaskAllocatorKillThreatsBasic::ProcessGroup,105
0069c850,TaskAllocatorKillThreatsBasic::ComputeClosestPeds,657
0069caf0,TaskAllocatorKillThreatsDriveby::Constructor,95
0069cb60,TaskAllocatorKillThreatsDriveby::Destructor,81
0069cbc0,TaskAllocatorKillThreatsDriveby::ProcessGroup,105
0069cc30,TaskAllocatorKillThreatsDriveby::AllocateTasks,1121
0069d0c0,TaskAllocatorAttack::ProcessGroup,74
0069d110,TaskAllocatorPlayerCommandAttack::ProcessGroup,90
0069d170,TaskAllocatorKillThreatsBasic::AllocateTasks,743
0069d460,TaskAllocatorKillThreatsBasicRandomGroup::AllocateTasks,1141
0069d980,TaskAllocator::new,6
0069d990,TaskAllocator::delete,41
0069db50,Messages::GetStringLength,26
0069db70,Messages::StringCopy,93
0069dbd0,Messages::StringCompare,122
0069dcd0,Messages::ClearMessages,93
0069dd30,Messages::ClearSmallMessagesOnly,28
0069dd50,Messages::AddToPreviousBriefArray,284
0069de90,Messages::InsertNumberInString,409
0069e040,Messages::InsertStringInString,273
0069e160,Messages::InsertPlayerControlKeysInString,502
0069e360,Messages::AddMessageWithNumberQ,375
0069e4e0,Messages::AddMessageJumpQWithNumber,14
0069e5f0,Messages::AddBigMessageWithNumber,231
0069e950,Messages::AddMessageJumpQWithString,216
0069ea30,Messages::ClearThisPrint,424
0069ebe0,Messages::ClearThisBigPrint,410
0069ed80,Messages::ClearThisPrintBigNow,55
0069edc0,Messages::ClearAllMessagesDisplayedByGame,19
0069ee00,Messages::Init,81
0069ee60,Messages::Process,342
0069efc0,Messages::Display,232
0069f0b0,Messages::AddMessageQ,304
0069f1e0,Messages::AddMessageJump,193
0069f2b0,Messages::AddBigMessage,177
0069f370,Messages::AddBigMessageQ,232
0069f910,GxtChar::TextCopy,37
006a0480,cHandlingDataMgr::HasFrontWheelDrive,33
006a04b0,cHandlingDataMgr::HasRearWheelDrive,33
006a04e0,DamageManager::ResetDamageStatusAndWheelDamage,18
006a0620,EventVehicleDamageCollision::Constructor,37
006a0670,EventVehicleDamageCollision::CloneEditable,96
006c2040,DamageManager::GetComponentGroup,154
006c20e0,DamageManager::ResetDamageStatus,24
006c2100,DamageManager::SetLightStatus,41
006c2130,DamageManager::GetLightStatus,21
006c2150,DamageManager::SetPanelStatus,42
006c2180,DamageManager::GetPanelStatus,22
006c21a0,DamageManager::SetWheelStatus,15
006c21b0,DamageManager::GetWheelStatus_Hooked,12
006c21c0,DamageManager::SetDoorStatus,24
006c21e0,DamageManager::SetDoorStatus_Component,59
006c2230,DamageManager::GetDoorStatus,29
006c2250,DamageManager::GetDoorStatus_Component,55
006c22a0,DamageManager::SetEngineStatus,24
006c22c0,DamageManager::GetEngineStatus,5
006c22d0,DamageManager::SetAeroplaneCompStatus,43
006c2300,DamageManager::GetAeroplaneCompStatus,24
006c2320,DamageManager::ProgressDoorDamage,116
006c23c0,DamageManager::ProgressPanelDamage,118
006c2440,DamageManager::ProgressWheelDamage,29
006c2460,DamageManager::ProgressAeroplaneDamage,65
006c24b0,DamageManager::ApplyDamage,249
006c25d0,DamageManager::FuckCarCompletely,201
006c26a0,DamageManager::GetCarNodeIndexFromPanel,49
006c26f0,DamageManager::GetCarNodeIndexFromDoor,55
006c2750,Buoyancy::CalcBuoyancyForce,190
006c2810,Buoyancy::FindWaterLevel,171
006c28c0,Buoyancy::FindWaterLevelNorm,174
006c2970,Buoyancy::SimpleSumBuoyancyData,516
006c2b90,Buoyancy::PreCalcSetup,983
006c3030,Buoyancy::ProcessBuoyancyBoat,1018
006c34e0,Buoyancy::AddSplashParticles,6
006c3b00,Buoyancy::SimpleCalcBuoyancy,992
006c3ef0,Buoyancy::ProcessBuoyancy,567
006d0450,cTransmission::InitGearRatios,3
006d0460,cTransmission::InitGearRatios,208
006d0530,cTransmission::CalculateGearForSimpleCar,90
006d05e0,cTransmission::CalculateDriveAcceleration,983
006d0b10,RideAnimData::CRideAnimData,25
006d5e20,AutoPilot::CAutoPilot,227
006e3b00,VehicleAnimGroupData::GetGroup,268
006e3c80,VehicleAnimGroupData::ComputeCriticalBlendTime,67
006e3d10,VehicleAnimGroupData::ComputeAnimDoorOffsets,245
006e3e60,WaterCreature_c::Exit,66
006e3f90,WaterCreatureManager_c::Init,50
006e3fd0,WaterCreatureManager_c::Exit,100
006e4040,WaterCreatureManager_c::GetRandomWaterCreatureId,145
006e40e0,WaterCreatureManager_c::TryToFreeUpWaterCreatures,122
006e4160,WaterCreature_c::Init,938
006e4510,WaterCreatureManager_c::CanAddWaterCreatureAtPos,156
006e45b0,WaterCreatureManager_c::TryToExitGroup,191
006e4670,WaterCreature_c::Update,2201
006e4f10,WaterCreatureManager_c::Update,723
006e5280,WaterLevel::lerp,77
006e5810,WaterLevel::MarkQuadsAndPolysToBeRendered,440
006e59e0,WaterLevel::Shutdown,85
006e5a40,WaterLevel::AddWaterLevelVertex,366
006e6ca0,WaterLevel::BlockHit,103
006e6d10,WaterLevel::ScanThroughBlocks,392
006e6ef0,WaterLevel::CalculateWavesOnlyForCoordinate,89
006e7210,WaterLevel::CWaterLevel::CalculateWavesOnlyForCoordinate2,42
006e73a0,WaterLevel::SplitWaterRectangleAlongXLine,706
006e7760,WaterLevel::RenderWaterFog,953
006e7b30,WaterLevel (thunk),519
006e7d40,WaterLevel::AddWaterLevelTriangle,427
006e7ef0,WaterLevel::AddWaterLevelQuad,751
006e81e0,WaterLevel::AddWaveToResult,874
006e8580,WaterLevel::GetWaterLevelNoWaves,481
006e8ed0,WaterLevel::RenderFlatWaterTriangle_OneLayer,762
006e9940,WaterLevel::RenderFlatWaterRectangle_OneLayer,831
006e9c80,WaterLevel::SetCameraRange,239
006e9d70,WaterLevel::FindNearestWaterAndItsFlow,5
006ea260,WaterLevel::RenderWakeSegment,1592
006ea960,WaterLevel (thunk),132
006ea9f0,WaterLevel::SetUpWaterFog,5
006eae80,WaterLevel::WaterLevelInitialise,2048
006eb690,WaterLevel::GetWaterLevel,125
006eb710,WaterLevel::PreRenderWater,241
006eb810,WaterLevel (thunk),1707
006ebec0,WaterLevel::RenderFlatWaterRectangle,5
006ec5d0,WaterLevel::RenderWaterRectangle,2351
006ecf00,WaterLevel::SplitWaterTriangleAlongXLine,10
006ed9a0,WaterLevel::RenderBoatWakes,1002
006eddc0,WaterLevel (thunk),704
006ee080,WaterLevel::RenderFlatWaterTriangle,439
006ee240,WaterLevel::RenderWaterTriangle,12
006ee5a0,WaterLevel::SplitWaterTriangleAlongYLine,4268
006ef650,WaterLevel::RenderWater,43
006f2d30,SpecialPlateHandler::Find,81
006f2d90,SpecialPlateHandler::Add,59
006f2e30,CarGenerator::SwitchOff,7
006f2e50,CarGenerator::Setup,231
006f2f40,CarGenerator::CheckIfWithinRangeOfAnyPlayers,593
006f31a0,TheCarGenerators::CreateCarGenerator,15
006f3240,TheCarGenerators::RemoveCarGenerators,45
006f3270,TheCarGenerators::Init,67
006f32c0,CarGenerator::SwitchOn,18
006f32e0,CarGenerator::CheckForBlockage,484
006f34d0,CarGenerator::DoInternalProcessing,2443
006f3e90,CarGenerator::Process,166
006f3f40,TheCarGenerators::Process,126
006f3fc0,Cranes::InitCranes,1
006f3fe0,Cranes::UpdateCranes,1
006f3ff0,Cranes::IsThisCarBeingCarriedByAnyCrane,3
006f4000,Cranes::IsThisCarBeingTargettedByAnyCrane,3
006f4040,Door::Process,7
006f4540,Door::ProcessImpact,557
006f4790,Door::Open,74
006f47e0,Door::GetAngleOpenRatio,28
006f4800,Door::IsClosed,21
006f4820,Door::IsFullyOpen,34
006f4920,BouncingPanel::SetPanel,8
006f49a0,BouncingPanel::ProcessPanel,1274
006f4fd0,cHandlingDataMgr::GetHandlingId,52
006f5080,cHandlingDataMgr::ConvertDataToGameUnits,437
006f5290,cHandlingDataMgr::ConvertBikeDataToGameUnits,61
006f52d0,cHandlingDataMgr::GetFlyingPointer,37
006f5300,cHandlingDataMgr::GetBoatPointer,37
006f5440,TrainNode::CTrainNode::GetPosn,70
006f5f80,TrainNode::CTrainNode::GetLightingFromCollision,161
006f9de0,PlantSurfPropMgr::GetSurfProperties,5
006faa70,Coronas::Init,135
006fab00,Coronas::Shutdown,40
006fabf0,RegisteredCorona::Update,506
006fadf0,Coronas::Update,207
006faec0,Coronas::Render,1894
006fb630,Coronas::RenderReflections,993
006fbaa0,Coronas::RenderSunReflection,1750
006fc180,Coronas::RegisterCorona,831
006fc4d0,Coronas::UpdateCoronaCoors,5
006fc580,Coronas::RegisterCorona,21
006fc5a0,Coronas::DoSunAndMoon,504
006fd500,CustomCarPlateMgr::Initialise,161
006fd5b0,CustomCarPlateMgr::GeneratePlateText,350
006fd720,CustomCarPlateMgr::Shutdown,123
006fd7c0,CustomCarPlateMgr::GetCharacterPositionInCharSet,829
006fdd70,CustomCarPlateMgr::RenderLicenseplateTextToRaster,207
006fde50,CustomCarPlateMgr::SetupMaterialPlatebackTexture,69
006fdea0,CustomCarPlateMgr::CreatePlateTexture,173
006fdfc0,CustomCarPlateMgr::AtomicUpgradeSetCarplateTextureCB,27
006fdfe0,CustomCarPlateMgr::SetupClumpAfterVehicleUpgrade,49
006fe020,CustomCarPlateMgr::SetupMaterialPlateTexture,62
006fe060,CustomCarPlateMgr::MaterialSetCarplateTextureCB,111
006fe0f0,CustomCarPlateMgr::SetupClump,48
006fe120,CustomRoadsignMgr::Initialise,83
006fe180,CustomRoadsignMgr::Shutdown,94
006fe260,CustomRoadsignMgr::RoadsignGetLineAndRow,1939
006feb70,CustomRoadsignMgr::RoadsignGenerateTextRaster,290
006feca0,CustomRoadsignMgr::CreateRoadsignTexture,185
006feda0,CustomRoadsignMgr::CreateRoadsignAtomicA,1268
006ff2d0,CustomRoadsignMgr::CreateRoadsignAtomic,124
006ff350,CustomRoadsignMgr::RenderRoadsignAtomic,191
006ff410,Draw::SetFOV,9
006ff420,Draw::CalculateAspectRatio,57
006ffb40,PointLights::CPointLights::Init,97
006ffbb0,PointLights::CPointLights::GenerateLightsAffectingObject,691
006fffe0,PointLights::CPointLights::RemoveLightsAffectingObject,5
006ffff0,PointLights::CPointLights::ProcessVerticalLineUsingCache,233
007000e0,PointLights::CPointLights::AddLight,483
007002d0,PointLights::CPointLights::RenderFogEffect,2317
00700be0,PostEffects::SetSpeedFXManualSpeedCurrentFrame,66
00700cc0,PostEffects::ImmediateModeRenderStatesStore,5
00700d70,PostEffects::ImmediateModeRenderStatesSet,133
00700e00,PostEffects::ImmediateModeRenderStatesReStore,180
00700ec0,PostEffects::DrawQuad,203
007010c0,PostEffects::Close,43
007010f0,PostEffects::ScriptResetForEffects,35
00701120,PostEffects::ScriptNightVisionSwitch,29
00701140,PostEffects::ScriptInfraredVisionSwitch,29
00701160,PostEffects::ScriptHeatHazeFXSwitch,10
00701170,PostEffects::ScriptDarknessFilterSwitch,61
007011c0,PostEffects::NightVision,277
007012e0,PostEffects::NightVisionSetLights,24
00701320,PostEffects::InfraredVisionStoreAndSetLightsForHeatObjects,228
00701410,PostEffects::InfraredVisionRestoreLightsForHeatObjects,24
00701430,PostEffects::InfraredVisionSetLightsForDefaultObjects,24
00701450,PostEffects::HeatHazeFXInit,582
00701780,PostEffects::HeatHazeFX,2287
00702080,PostEffects::Radiosity,3700
00702f00,PostEffects::DarknessFilter,62
00702f40,PostEffects::CCTV,29
007030a0,PostEffects::SpeedFX,1030
007034b0,PostEffects::FilterFX_StoreAndSetDayNightBalance,5
007034d0,PostEffects::FilterFX_RestoreDayNightBalance,20
007034f0,PostEffects::IsVisionFXActive,33
00703520,PostEffects::SetFilterMainColour,295
00703650,PostEffects::ColourFilter,367
007037c0,PostEffects::Grain,500
007039c0,PostEffects::UnderWaterRipple,739
00703cc0,PostEffects::ImmediateModeFilterStuffInitialize,701
00703f80,PostEffects::InfraredVision,461
00704150,PostEffects::Fog,627
007043d0,PostEffects::SetupBackBufferVertex,604
00704630,PostEffects::Initialise,103
007046a0,PostEffects::Update,48
007046d0,PostEffects::DoScreenModeDependentInitializations,10
007046e0,PostEffects::Render,3338
00705400,ShadowCamera::Destroy,113
007054c0,ShadowCamera::SetFrustum,87
00705520,ShadowCamera::SetLight,112
00705590,ShadowCamera::SetCenter,136
00705620,ShadowCamera::atomicQuickRender,60
00705660,ShadowCamera::InvertRaster,272
00705790,ShadowCamera::DrawOutlineBorder,355
00705900,RealTimeShadow::SetLightProperties,144
00705990,RealTimeShadow::Destroy,30
007059f0,RealTimeShadow::GetShadowRwTexture,15
00705a00,RealTimeShadow::DrawBorderAroundTexture,23
00705a20,ShadowCamera::Im2DRenderQuad,271
00705b30,RealTimeShadowManager::ReturnRealTimeShadow,30
00705b60,ShadowCamera::Create,136
00705bf0,ShadowCamera::Update,129
00705c80,ShadowCamera::Update,156
00705d20,ShadowCamera::MakeGradientRaster,454
00706070,ShadowCamera::RasterResample,243
00706170,ShadowCamera::RasterBlur,443
00706330,ShadowCamera::DrawBlurryRaster2,224
00706440,RealTimeShadow::Destructor,25
00706460,RealTimeShadow::Create,187
00706600,RealTimeShadow::Update,194
007067c0,RealTimeShadowManager::Init,137
00706870,RealTimeShadowManager::ReInit,248
00706970,RealTimeShadowManager::GetRealTimeShadow,238
00706a60,RealTimeShadowManager::Exit,76
00706ab0,RealTimeShadowManager::Update,222
00706ba0,RealTimeShadowManager::DoShadowThisFrame,99
00706cd0,Shadows::Init,510
00706ed0,Shadows::Shutdown,144
00706f60,Shadows::AddPermanentShadow,1060
00707390,Shadows::StoreShadowToBeRendered,8
00707460,Shadows::SetRenderModeForShadowType,106
007074f0,Shadows::RemoveOilInArea,87
00707550,Shadows::GunShotSetsOilOnFire,281
00707670,Shadows::Free,60
007076c0,Shadows::CalcPedShadowValues,175
00707770,Shadows::TidyUpShadows,19
007077a0,RenderBuffer::StopStoring,82
00707800,RenderBuffer::RenderStuffInBuffer,73
00707850,Shadows::AffectColourWithLighting,214
00707930,Shadows::StoreShadowToBeRendered,493
00707b40,Shadows::StoreShadowForPedObject,338
00707ca0,Shadows::StoreRealTimeShadow,667
00707f40,Shadows::UpdateStaticShadows,96
00707fa0,Shadows::RenderExtraPlayerShadows,739
00708290,RenderBuffer::StartStoring,105
00708300,Shadows::RenderStaticShadows,914
007086b0,Shadows::CastShadowEntityXY,5665
00709cf0,Shadows::ShadowRenderTriangleCB,837
0070a040,Shadows::CastShadowEntityXYZ,1059
0070a470,Shadows::CShadows::CastPlayerShadowSectorList,433
0070a630,Shadows::CShadows::CastShadowSectorList,423
0070a7e0,Shadows::CShadows::CastRealTimeShadowSectorList,364
0070a960,Shadows::RenderStoredShadows,3507
0070b730,Shadows::GeneratePolysForStaticShadow,715
0070ba00,Shadows::StoreStaticShadow,5
0070bda0,Shadows::StoreShadowForVehicle,1721
0070c500,Shadows::StoreCarLightShadow,591
0070c750,Shadows::StoreShadowForPole,24
0070c950,Shadows::UpdatePermanentShadows,853
0070ccb0,Shadows::RenderIndicatorShadow,281
0070ce30,Sprite::CalcScreenCoors,228
0070cf20,Sprite::FlushSpriteBuffer,142
0070cfb0,Sprite::InitSpriteBuffer,5
0070d000,Sprite::RenderOneXLUSprite,787
0070d320,Sprite::RenderOneXLUSprite_Triangle,355
0070d490,Sprite::RenderOneXLUSprite_Rotate_Aspect,917
0070e1c0,Sprite::Set4Vertices2D,265
0070e4a0,Sprite::RenderBufferedOneXLUSprite,725
0070e780,Sprite::RenderBufferedOneXLUSprite_Rotate_Aspect,809
0070eab0,Sprite::RenderBufferedOneXLUSprite_Rotate_Dimension,811
0070f440,Sprite::RenderBufferedOneXLUSprite2D,8
0070f9b0,common::GraphicsHighQuality,38
0070f9e0,StencilShadows::Init,131
0070fae0,StencilShadows::RenderForVehicle,2083
00710310,StencilShadows::RenderForObject,2004
00710b50,StencilShadows::RenderBuffer,71
00710bc0,StencilShadows::UpdateHierarchy,86
00710cc0,StencilShadows::sub_710CC0,141
00710d50,StencilShadows::Render,1034
00711310,StencilShadowObject::Destroy,121
00711390,StencilShadows::Shutdown,29
007113b0,StencilShadows::RenderStencilShadows,809
00711760,StencilShadows::RegisterStencilShadows,1571
00711d90,StencilShadows::Process,218
00711ec0,Birds::Init,34
00711ef0,Birds::CreateNumberOfBirds,1040
00712300,Birds::Shutdown,34
00712330,Birds::Update,1242
00712810,Birds::Render,1544
00712e40,Birds::HandleGunShot,20
00712fa0,Clouds::Shutdown,69
00712ff0,Clouds::Update,104
00713060,Clouds::SetUpOneSkyPoly,352
007131c0,Clouds::VolumetricCloudsInit,1015
007135f0,Clouds::VolumetricClouds_Delete,50
00713630,Clouds::VolumetricCloudsGetMaxDistance,43
00713660,Clouds::MovingFogInit,98
00713760,Clouds::MovingFog_Create,367
007138d0,Clouds::Init,123
00713950,Clouds::Render,3313
00714650,Clouds::RenderSkyPolys,3677
007154b0,Clouds::RenderBottomFromHeight,2702
00715f40,Clouds::VolumetricClouds_Create,1063
00716380,Clouds::VolumetricCloudsRender,1910
00716c90,Clouds::MovingFogRender,1433
007170e0,Credits::Start,18
00717100,Credits::Stop,8
00717150,MovingThings::Render,1
00717180,PlaneTrail::Render,322
007172d0,PlaneTrail::RegisterPoint,7
007173a0,PlaneTrails::Render,281
007174f0,PlaneTrails::Update,747
00717820,PlaneBanners::CPlaneBanners::Init,1
00717860,Escalator::SwitchOff,130
007178f0,MovingThings::Render_BeforeClouds,5
00717970,Escalator::AddThisOne,685
00717c20,MovingThings::Shutdown,33
00717c50,Escalators::Init,59
00717c90,Escalators::AddOne,74
00717d00,MovingThings::Init,42
00717d30,Escalator::Update,2128
00718580,Escalators::Update,46
007185b0,MovingThings::Update,10
00718600,common::AsciiToGxtChar,38
00718630,GxtChar::GxtCharStrcat,48
00718660,GxtChar::GxtCharStrcpy,35
00718710,common::MakeUpperCase,39
00718770,Font::GetLetterIdPropValue,74
007187c0,Font::LoadFontValues,491
007189b0,Font::Shutdown,86
00718a10,Font::PrintChar,1078
00718e50,Font::Set,117
00718f00,Font::ParseToken,61
007192c0,Font::FindSubFontCharacter,151
00719380,Font::SetScale,20
007193a0,Font::SetScaleForCurrentLanguage,66
00719400,Font::SetSlantRefPoint,20
00719420,Font::SetSlant,10
00719430,Font::SetColor,85
00719490,Font::SetFontStyle,57
007194d0,Font::SetWrapx,10
007194e0,Font::SetCentreSize,10
007194f0,Font::SetRightJustifyWrap,10
00719500,Font::SetAlphaFade,10
00719510,Font::SetDropColor,86
00719570,Font::SetDropShadowPosition,22
00719590,Font::SetEdge,22
007195b0,Font::SetProportional,10
007195c0,Font::SetBackground,20
007195e0,Font::SetBackgroundColor,30
00719600,Font::SetJustify,10
00719610,Font::SetOrientation,58
00719670,Font (thunk),220
00719750,Font::GetCharacterSize,22
00719800,Font::InitPerFrame,51
00719840,Font::RenderFontBuffer,767
0071a0e0,Font::GetStringWidth,6
0071a210,Font::DrawFonts,5
0071a220,Font::ProcessCurrentString,953
0071a5e0,Font::GetNumberLines,26
0071a620,Font::GetTextRect,214
0071a700,Font::PrintString,273
0071a820,Font::PrintStringFromBottom,143
0071a8d0,Glass::Init,319
0071aa10,FallingGlassPane::Update,656
0071acd0,Glass::AskForObjectToBeRenderedInGlass,28
0071acf0,Glass::CalcAlphaWithNormal,165
0071ada0,Glass::RenderHiLightPolys,129
0071ae30,Glass::RenderShatteredPolys,146
0071aed0,Glass::RenderReflectionPolys,146
0071af70,Glass::WindowRespondsToSoftCollision,74
0071b0d0,Glass::Update,33
0071b100,FallingGlassPane::Render,1301
0071b620,Glass::GeneratePanesForWindow,6
0071bc40,Glass::WindowRespondsToCollision,1152
0071c0d0,Glass::WasGlassHitByBullet,202
0071c1a0,Glass::WindowRespondsToExplosion,271
0071c2b0,Glass::CarWindscreenShatters,2229
0071ce20,Glass::Render,301
0071cf50,Glass::BreakGlassPhysically,1424
0071d4e0,GridRef::Init,181
0071d700,MBlur::CMBlur::MotionBlurRender,1
0071d710,MBlur::CMBlur::MotionBlurOpen,6
0071d720,MBlur::CMBlur::MotionBlurClose,6
0071d730,MBlur::CMBlur::SetDrunkBlur,66
0071d780,MBlur::CMBlur::ClearDrunkBlur,10
0071da00,common::CalcScreenCoors,175
0071dab0,common::CalcScreenCoors,115
0071db80,common::DoesInfiniteLineTouchScreen,278
0071dca0,Occlusion::Init,40
0071dcd0,Occlusion::AddOne,850
0071e080,Occlusion::OccluderHidesBehind,168
0071e130,Occluder::ProcessLineSegment,10
0071e580,ActiveOccluder::IsPointWithinOcclusionArea,68
0071e5d0,Occluder::ProcessOneOccluder,4995
0071f960,Occluder::NearCamera,218
0071fa40,ActiveOccluder::IsPointBehindOccluder,19
007200b0,Occlusion::IsPositionOccluded,263
007201c0,Occlusion::ProcessBeforeRendering,768
007204c0,Rubbish::CRubbish::SetVisibility,1
007204e0,Skidmarks::Init,129
00720570,Skidmarks::Shutdown,25
00720590,Skidmarks::Clear,27
007205c0,Skidmarks::Update,125
00720640,Skidmarks::Render,724
00720930,Skidmarks::RegisterOne,1396
00720fd0,3dMarkers::User3dMarkerSet,180
00721090,3dMarkers::User3dMarkerDelete,24
00721140,3dMarkers::DirectionArrowSet,163
007211f0,3dMarkers::DirectionArrowsDraw,1135
00721660,SpecialFX::Render2DFXs,1729
00721d30,SpecialFX::ReplayStarted,27
00721d50,BulletTraces::Init,19
00721dc0,MotionBlurStreaks::RegisterStreak,11
00721ee0,RegisteredMotionBlurStreak::Update,132
00721f70,RegisteredMotionBlurStreak::Render,446
00722150,BrightLights::RenderOutGeometryBuffer,89
007221c0,ShinyTexts::RenderOutGeometryBuffer,89
00722230,3dMarker::AddMarker,342
00722390,3dMarker::DeleteMarkerObject,53
007223d0,3dMarker::Render,715
007226a0,3dMarker::IsZCoordinateUpToDate,45
007226d0,RwHelper::RemoveRefsCB,25
00722710,3dMarkers::Shutdown,160
007227b0,3dMarkers::Update,81
00722870,3dMarkers::ForceRender,10
00722880,Checkpoints::Init,110
00722900,Checkpoints::UpdatePos,99
007229c0,Checkpoints::Update,634
00722c40,Checkpoints::PlaceMarker,880
007230a0,Mirrors::CreateBuffer,176
00723150,Mirrors::BuildCamMatrix,227
00723240,3dMarkers::User3dMarkersDraw,336
00723390,SpecialFX::Shutdown,94
00723750,BulletTraces::AddTrace,1207
00723c10,BulletTraces::Render,915
00723fb0,BulletTraces::Update,265
007240e0,MotionBlurStreaks::Render,219
007241c0,BrightLights::Render,1391
00724770,BrightLights::RegisterOne,276
00724890,ShinyTexts::Render,713
00724b60,ShinyTexts::RegisterOne,467
00724d40,3dMarker::UpdateZCoordinate,194
00724e10,3dMarker::SetZCoordinateIfNotUpToDate,48
00724e40,3dMarkers::Init,508
00725040,3dMarkers::Render,209
00725120,3dMarkers::PlaceMarker,2672
00725ba0,3dMarkers::PlaceMarkerSet,5
00725c00,Checkpoint::Render,1079
00726060,Checkpoints::Render,48
00726090,Mirrors::RenderMirrorBuffer,1229
007266b0,Mirrors::BuildCameraMatrixForScreens,526
007268f0,SpecialFX::Init,413
00726aa0,SpecialFX::Update,45
00726ad0,SpecialFX::Render,30
00726af0,BulletTraces::AddTrace,584
00726d40,3dMarkers::PlaceMarkerCone,167
00726df0,Mirrors::BeforeConstructRenderList,837
00727140,Mirrors::BeforeMainRender,231
00727240,Sprite2d::Delete,24
00727260,Sprite2d::SetRecipNearClip,1
00727270,Sprite2d::SetTexture,49
007272b0,Sprite2d::SetTexture,35
00727320,Sprite2d::SetAddressing,48
00727350,Sprite2d::InitPerFrame,51
007273d0,Sprite2d::RenderVertexBuffer,76
00727420,Sprite2d::SetVertices,364
00727590,Sprite2d::SetVertices,372
00727890,Sprite2d::SetVertices,137
007279b0,Sprite2d::SetMaskVertices,67
00727a00,Sprite2d::SetVertices,296
00727b30,Sprite2d::SetRenderState,39
00727b60,Sprite2d::DrawRect,5
00727c10,Sprite2d::DrawRect,60
00727d60,Sprite2d::DrawCircleAtNearClip,617
007281e0,Sprite2d::Destructor,26
007282c0,Sprite2d::Draw,136
00728350,Sprite2d::Draw,50
007283b0,Sprite2d::DrawWithBilinearOffset,109
00728520,Sprite2d::Draw,130
007285b0,Sprite2d::Draw2DPolygon,139
00728640,Sprite2d::DrawBarChart,1101
00728b40,WaterCannon::Init,211
00728c20,WaterCannon::Update_NewInput,81
00728c80,WaterCannons::Init,35
00728cb0,WaterCannons::UpdateOne,220
00728da0,WaterCannon::Render,1423
007295e0,WaterCannon::PushPeds,1346
00729b30,WaterCannons::Render,40
0072a280,WaterCannon::Update_OncePerFrame,306
0072a3c0,WaterCannons::Update,56
0072a480,Weather::Init,85
0072a4e0,Weather::ForceWeather,12
0072a4f0,Weather::ForceWeatherNow,5
0072a510,Weather::ReleaseWeather,10
0072a520,Weather::FindWeatherTypesList,49
0072a590,Weather::ForecastWeather,120
0072a640,Weather::UpdateWeatherRegion,335
0072a790,Weather::SetWeatherToAppropriateTypeNow,109
0072a820,Weather::AddSandStormParticles,377
0072a9a0,Weather::AddRain,1464
0072af70,Weather::RenderRainStreaks,1710
0072b630,Weather::UpdateInTunnelness,542
0072b850,Weather::Update,4165
0072c8b0,WindModifiers::RegisterOne,153
0072c950,WindModifiers::FindWindModifier,363
0072cae0,Renderer (thunk),25
0072d6b0,CullZones::Init,18
0072d970,CullZones::FindAttributesForCoors,113
0072d9f0,CullZones::FindTunnelAttributesForCoors,8
0072da70,CullZones::FindMirrorAttributesForCoors,94
0072dad0,CullZones::FindZoneWithStairsAttributeForPlayer,123
0072db50,CullZones::AddTunnelAttributeZone,190
0072dc10,CullZones::AddMirrorAttributeZone,262
0072dd20,CullZones::CamCloseInForPlayer,8
0072dd30,CullZones::CamStairsForPlayer,10
0072dd40,CullZones::Cam1stPersonForPlayer,11
0072dd50,CullZones::NoPolice,11
0072dd60,CullZones::PoliceAbandonCars,11
0072dd80,CullZones::FewerCars,11
0072dd90,CullZones::FewerPeds,11
0072ddb0,CullZones::CamNoRain,11
0072ddc0,CullZones::PlayerNoRain,11
0072ddd0,CullZones::DoExtraAirResistanceForPlayer,11
0072dec0,CullZones::Update,176
0072df70,CullZones::AddCullZone,256
0072f3b0,MemoryMgr::CMemoryMgr::Init,1
0072f420,MemoryMgr::CMemoryMgr::Malloc,14
0072f430,MemoryMgr::CMemoryMgr::Free,5
0072f440,MemoryMgr::CMemoryMgr::Realloc,19
0072f460,MemoryMgr::CMemoryMgr::Calloc,19
0072f480,MemoryMgr::CMemoryMgr::InitScratchPad,23
0072f4c0,MemoryMgr::CMemoryMgr::MallocAlign,35
0072f4f0,MemoryMgr (thunk),16
0072fd90,Game::CameraDestroy,118
00731650,TxdStore_Plugin::CTxdStore::PluginAttach,46
00731680,TxdStore::RemoveIfRefCountIsGreaterThanOne,30
007316a0,TxdStore::PushCurrentTxd,10
007316b0,TxdStore::PopCurrentTxd,25
00731850,TxdStore::FindTxdSlot,139
007318e0,TxdStore::FindTxdSlot,65
00731930,TxdStore::StartLoadTxd,84
00731990,TxdStore::Create,48
007319c0,TxdStore::SetCurrentTxd,52
00731a00,TxdStore::AddRef,40
00731a30,TxdStore::RemoveRef,57
00731a70,TxdStore::RemoveRefWithoutDelete,40
00731aa0,TxdStore::GetNumRefs,39
00731c80,TxdStore::AddTxdSlot,76
00731cd0,TxdStore::RemoveTxdSlot,119
00731d50,TxdStore::SetupTxdParent,118
00731dd0,TxdStore::LoadTxd,99
00731e40,TxdStore::FinishLoadTxd,75
00731e90,TxdStore::RemoveTxd,135
00731f20,TxdStore::Initialise,221
00732000,TxdStore::Shutdown,72
00732060,TxdStore::GameShutdown,71
007320b0,TxdStore::LoadTxd,10
00732230,VisibilityPlugins::SetModelInfoIndex,20
00732250,VisibilityPlugins::GetModelInfoIndex,15
00732260,VisibilityPlugins::GetModelInfo,34
00732290,VisibilityPlugins::SetAtomicId,21
007322b0,VisibilityPlugins::SetAtomicFlag,20
007322f0,VisibilityPlugins::CVisibilityPlugins::SetClumpForAllAtomicsFlag,24
00732310,VisibilityPlugins::ClearAtomicFlag,21
00732350,VisibilityPlugins::ClearClumpForAllAtomicsFlag,24
00732370,VisibilityPlugins::GetAtomicId,16
00732380,VisibilityPlugins::SetUserValue,21
007323a0,VisibilityPlugins::GetUserValue,16
007323c0,VisibilityPlugins::RenderWheelAtomicCB,18
00732480,VisibilityPlugins::RenderAtomicWithAlpha,127
00732500,VisibilityPlugins::CalculateFadingAtomicAlpha,34
00732610,VisibilityPlugins::RenderFadingAtomic,68
00732660,VisibilityPlugins::RenderAtomicWithAlphaCB,31
00732680,VisibilityPlugins::RenderFadingClump,73
007326d0,VisibilityPlugins::GetDotProductWithCameraVector,327
007328a0,VisibilityPlugins::SetAtomicRenderCallback,32
007328c0,VisibilityPlugins::SetRenderWareCamera,203
00732a00,VisibilityPlugins::SetFrameHierarchyId,18
00732a20,VisibilityPlugins::GetFrameHierarchyId,10
00732a40,VisibilityPlugins::FrustumSphereCB,109
00732ac0,VisibilityPlugins::GetClumpModelInfo,17
00732b00,VisibilityPlugins::SetClumpAlpha,19
00732b20,VisibilityPlugins::GetClumpAlpha,15
00732b40,VisibilityPlugins::RenderEntity,307
00732e30,VisibilityPlugins::PluginAttach,124
00732eb0,VisibilityPlugins::Shutdown,12
00732f30,VisibilityPlugins::RenderWeaponPedsForPC,546
00733160,VisibilityPlugins::SetupVehicleVariables,123
007336f0,VisibilityPlugins::VehicleVisibilityCB,93
00733750,VisibilityPlugins::SetClumpModelInfo,77
007337d0,VisibilityPlugins::RenderFadingUnderwaterEntities,42
00733800,VisibilityPlugins::RenderReallyDrawLastObjects,171
00733a20,VisibilityPlugins::Initialise,739
00733d90,VisibilityPlugins::InsertEntityIntoUnderwaterList,51
00733e90,VisibilityPlugins::RenderAlphaAtomics,42
00733f10,VisibilityPlugins::RenderFadingEntities,46
00734530,VisibilityPlugins::InitAlphaAtomicList,10
00734540,VisibilityPlugins::InitAlphaEntityList,40
00734570,VisibilityPlugins::InsertEntityIntoSortedList,27
00734820,RwHelper::GetFirstAtomic,37
00734880,RwHelper::Get2DEffectAtomic,37
007348c0,RwHelper::GetFirstObject,37
00734900,RwHelper::GetFirstChild,37
00734a40,RwHelper::GetAnimHierarchyFromSkinClump,37
00734ab0,RwHelper::GetAnimHierarchyFromFrame,86
00734b10,RwHelper::GetAnimHierarchyFromClump,16
00734d80,RwHelper::SetFilterModeOnAtomicsTextures,29
00734de0,RwHelper::RpGeometryReplaceOldMaterialWithNewMaterial,101
00734e50,RwHelper::RwTexDictionaryFindHashNamedTexture,64
00734fc0,RwHelper::RpClumpGetBoundingSphere,384
00735360,RwHelper::SkinGetBonePositionsToTable,381
00735fd0,BulletInfo::Initialise,35
00736000,BulletInfo::Shutdown,1
00736010,BulletInfo::AddBullet,179
007360d0,BulletInfo::Update,1877
00736840,Explosion::ClearAllExplosions,163
007368f0,Explosion::Shutdown,1
00736950,Explosion::TestForExplosionInArea,132
007369e0,Explosion::RemoveAllExplosionsInArea,86
00736a40,Explosion::Initialise,5
00736a50,Explosion::AddExplosion,38
00737620,Explosion::Update,1265
00737b40,ProjectileInfo::Initialise,58
00737b80,ProjectileInfo::RemoveFXSystem,56
00737bc0,ProjectileInfo::Shutdown,42
00737c00,ProjectileInfo::RemoveNotAdd,123
00737c80,ProjectileInfo::AddProjectile,7
00738860,ProjectileInfo::RemoveDetonatorProjectiles,141
007388f0,ProjectileInfo::RemoveProjectile,551
00738b20,ProjectileInfo::Update,3379
00739860,ProjectileInfo::IsProjectileInRange,317
007399b0,ProjectileInfo::RemoveAllProjectiles,9
00739a40,ProjectileInfo::RemoveIfThisIsAProjectile,185
00739b60,ShotInfo::Initialise,188
00739c20,ShotInfo::Shutdown,1
00739c30,ShotInfo::AddShot,431
00739de0,ShotInfo::GetFlameThrowerShotPosn,114
00739e60,ShotInfo::Update,1017
0073a300,Weapon::InitialiseWeapons,38
0073a330,Weapon::ShutdownWeapons,35
0073a360,Weapon::UpdateWeapons,20
0073a380,Weapon::Shutdown,87
0073a3e0,Weapon::AddGunshell,336
0073a530,Weapon::GenerateDamageEvent,928
0073aac0,Weapon::FireSniper,1000
0073aeb0,Weapon::Reload,70
0073af00,Weapon::FireOneInstantHitRound,24
0073b1c0,Weapon::IsTypeMelee,25
0073b240,Weapon::CanBeUsedFor2Player,32
0073b2a0,Weapon::HasWeaponAmmoToBeUsed,33
0073b360,Weapon::StopWeaponEffect,29
0073b380,Weapon::TargetWeaponRangeMultiplier,166
0073b430,Weapon::Constructor,110
0073b4a0,Weapon::Initialise,175
0073b550,Weapon::DoBulletImpact,2879
0073c1f0,Weapon::TakePhotograph,1303
0073c710,Weapon::SetUpPelletCol,1155
0073cba0,Weapon::FireInstantHitFromCar2,543
0073cdc0,Weapon::DoDoomAiming,1042
0073d1e0,Weapon::DoTankDoomAiming,6
0073d720,Weapon::DoDriveByAutoAiming,1040
0073db40,Weapon::Update,924
0073def0,Weapon::CanBeUsedFor2Player,12
0073e240,Weapon::FindNearestTargetEntityWithScreenCoors,800
0073e560,Weapon::EvaluateTargetForHeatSeekingMissile,300
0073e690,Weapon::DoWeaponEffect,355
0073e800,Weapon::FireAreaEffect,1081
0073ec40,Weapon::FireInstantHitFromCar,1975
0073f480,Weapon::CheckForShootingVehicleOccupant,6
0073f910,Weapon::PickTargetForHeatSeekingMissile,263
0073fa20,Weapon::FireFromCar,232
0073fb10,Weapon::FireInstantHit,6165
00741360,Weapon::FireProjectile,7
00741c00,Weapon::FireM16_1stPerson,967
00742300,Weapon::Fire,1803
00742ab0,WeaponEffects::Init,200
00742b80,WeaponEffects::Shutdown,69
00742bd0,WeaponEffects::IsLockedOn,18
00742bf0,WeaponEffects::MarkTarget,17
00742c60,WeaponEffects::ClearCrossHair,24
00742c80,WeaponEffects::ClearCrossHairs,19
00742ca0,WeaponEffects::ClearCrossHairImmediately,30
00742cf0,WeaponEffects::Render,3887
00743c50,WeaponInfo::Shutdown,1
00743c60,WeaponInfo::GetWeaponInfo,11
00743cd0,WeaponInfo::GetSkillStatIndex,64
00743d10,WeaponInfo::FindWeaponType,47
00743d50,WeaponInfo::GetTargetHeadRange,26
00743d70,WeaponInfo::GetWeaponReloadTime,127
00744d50,Pad::IsTabJustPressed,49
00744d90,Pad::IsEscJustPressed,29
00744fb0,FileMgr::InitUserDirectories,13
00746a10,Pad::ProcessPad,872
00746ed0,Pad::GetMouseState,148
00747180,Gamma::Init,121
00747200,Gamma::SetGamma,252
00821195,MemoryMgr (thunk),5
0082119a,MemoryMgr (thunk),36
008213ae,MemoryMgr (thunk),5
008214bd,MemoryMgr (thunk),5
