address,length,value
"00400000",2,"""MZ"""
"00400080",4,"""PE"""
"00400178",8,""".text"""
"004001a0",8,"""_rwcseg"""
"004001c8",8,""".rdata"""
"004001f0",8,""".data"""
"00400218",8,"""_TEXT_HA"""
"00400240",8,"""_rwdseg"""
"00400268",8,""".rsrc"""
"00400290",8,""".text"""
"004002b8",8,""".init"""
"004002e0",8,""".data"""
"00400308",8,""".HOODLUM"""
"00402b09",8,"""QRVWUSj"""
"0085897a",10,"""aD_stream"""
"00858984",9,"""levelmap"""
"00858990",9,"""int_cont"""
"0085899c",8,"""int_veg"""
"008589a4",7,"""int_sf"""
"008589ac",7,"""int_la"""
"008589b4",8,"""stadint"""
"008589bc",9,"""savehous"""
"008589c8",9,"""gen_intb"""
"008589d4",9,"""gen_int5"""
"008589e0",9,"""gen_int4"""
"008589ec",9,"""gen_int3"""
"008589f8",9,"""gen_int2"""
"00858a04",9,"""gen_int1"""
"00858a17",9,"""BLOADCOL"""
"00858a34",8,"""generic"""
"00858a3c",10,"""IPL Files"""
"00858a4f",41,"""C%s: failed to create streaming thread\n"""
"00858a78",37,"""%s: failed to create sync semaphore\n"""
"00858aa0",39,"""%s: failed to create stream semaphore\n"""
"00858ac8",12,"""cdvd_stream"""
"00858ad4",9,"""CdStream"""
"00858ae0",20,"""Signal Sema Error\n"""
"00858af4",16,"""MODELS\\GTA3.IMG"""
"00858b1f",21,"""=MODELS\\GTA_INT.IMG"""
"00858b5b",33,"""CRequested %d, memory size %dK\n"""
"00858bb3",9,"""Bprops2"""
"00858bbc",8,"""props"""
"00858bc4",10,"""proc_int2"""
"00858bd0",9,"""proc_int"""
"00858bdc",8,"""procobj"""
"00858be4",15,"""CollisionFiles"""
"00858f57",41,"""@tell Obbe it happened again %d/%d %d/%d"""
"0085907e",10,"""HBCHEAT1"""
"00859088",7,"""CHEAT8"""
"00859090",14,"""glasses04dark"""
"008590a0",10,"""glasses04"""
"008590ac",9,"""flipflop"""
"008590b8",12,"""shortskhaki"""
"008590c4",7,"""shorts"""
"008590d4",8,"""gimpleg"""
"008590dc",9,"""hairpink"""
"008590f0",8,"""groucho"""
"008590f8",9,"""grouchos"""
"00859104",11,"""timberhike"""
"00859110",6,"""bask1"""
"00859118",10,"""legsheart"""
"0085912c",10,"""countrytr"""
"00859138",9,"""captruck"""
"00859144",11,"""timberfawn"""
"008594aa",26,"""HBPed2Pl_ConversationP"""
"008594c4",20,"""Ped2Pl_Conversation"""
"00859500",7,"""KILLPA"""
"00859510",8,"""%d:%02d"""
"00859528",8,"""PAGE_00"""
"008595a4",7,"""TRICAS"""
"008595ac",7,"""MAFCAS"""
"008595b4",8,"""LAstrip"""
"008595bc",7,"""strip2"""
"008595cc",8,"""POLICE4"""
"008595d4",8,"""POLICE3"""
"008595dc",8,"""POLICE2"""
"008595e4",8,"""POLICE1"""
"008595f3",13,"""?Entry Exits"""
"00859879",11,""".eBBUSTED"""
"00859884",8,"""WRN2_2P"""
"0085988c",8,"""WRN1_2P"""
"00859894",7,"""WRN_2P"""
"008598f4",8,"""CODEGW1"""
"00859900",7,"""GW_ATK"""
"00859908",8,"""CODEGW3"""
"00859910",8,"""CODEGW2"""
"00859920",8,"""GW_PROV"""
"0085992c",7,"""GW_YRS"""
"00859938",8,"""GW_NOSH"""
"00859940",8,"""GW_SLOW"""
"0085994c",7,"""GW_WON"""
"00859954",8,"""GW_WARN"""
"0085995c",8,"""GW_FLEE"""
"00859964",8,"""GW_CLR2"""
"0085996c",8,"""GW_CLR1"""
"008599c0",6,"""GA_21"""
"008599e4",6,"""GA_6B"""
"008599f4",6,"""GA_7B"""
"00859a14",6,"""GA_16"""
"00859a1c",6,"""GA_15"""
"00859a24",6,"""GA_XX"""
"00859a34",6,"""GA_22"""
"00859a50",6,"""GA_1B"""
"00859a6c",10,"""%02d:%02d"""
"00859a78",8,"""%d / %d"""
"00859ab2",26,"""I?data\\paths\\nodes%d.dat"""
"00859b1c",7,"""OY_ALL"""
"00859b24",7,"""HO_ONE"""
"00859b2c",7,"""HO_ALL"""
"00859b34",7,"""PROP_4"""
"00859b3c",7,"""PROP_3"""
"00859b44",8,"""FESZ_CA"""
"00859b74",7,"""SN_ONE"""
"00859b7c",7,"""SN_ALL"""
"00859b84",8,"""PU_2PLN"""
"00859b8c",7,"""PROP_1"""
"00859b94",7,"""PROP_2"""
"00859b9c",7,"""PU_CF4"""
"00859ba4",7,"""PU_CF3"""
"00859bac",7,"""PU_CF1"""
"00859bcf",13,"""<CARREC%d"""
"00859bdc",9,"""carrec%d"""
"00859be8",26,"""That's a really big step\n"""
"00859c4b",9,"""9REPLAY"""
"00859c54",8,"""GtaSA29"""
"00859c60",11,"""replay.rep"""
"00859cbc",24,"""data\\paths\\roadblox.dat"""
"00859d44",8,"""noname"""
"00859d4c",7,"""script"""
"00859d54",7,"""player"""
"00859d60",9,"""main.scm"""
"00859d6c",12,"""data\\script"""
"00859d78",24,"""MPACK//MPACK%d//SCR.SCM"""
"00859e37",9,"""@NONE"""
"00859e40",15,"""Used in script"""
"00859e82",10,"""zDUnKown"""
"00859e8c",27,"""COMMAND_TASK_GREET_PARTNER"""
"00859ee0",6,"""DUMMY"""
"00859f5e",30,"""HBUUU@data\\script\\main.scm"""
"0085a0f8",6,"""Cower"""
"0085a128",12,"""ScratchHead"""
"0085a15c",7,"""UseAtm"""
"0085a18c",10,"""LookAbout"""
"0085a2c4",8,"""HandsUp"""
"0085a2cc",29,"""COMMAND_TASK_LOOK_AT_VEHICLE"""
"0085a2ec",26,"""COMMAND_TASK_LOOK_AT_CHAR"""
"0085a3b8",28,"""COMMAND_TASK_CHAT_WITH_CHAR"""
"0085a3d4",28,"""COMMAND_TASK_LOOK_AT_OBJECT"""
"0085a3f0",27,"""COMMAND_TASK_LOOK_AT_COORD"""
"0085a464",9,"""Property"""
"0085a470",8,"""Weapons"""
"0085a480",6,"""Gifts"""
"0085a488",8,"""Tattoos"""
"0085a490",9,"""Haircuts"""
"0085a49c",8,"""Clothes"""
"0085a4a4",10,"""Furniture"""
"0085a4b0",13,"""CarPaintJobs"""
"0085a4c0",8,"""CarMods"""
"0085a4da",14,"""HBcalories"""
"0085a4e8",8,"""stamina"""
"0085a4f0",8,"""health"""
"0085a500",8,"""respect"""
"0085a514",8,"""section"""
"0085a520",7,"""prices"""
"0085a528",18,"""data\\shopping.dat"""
"0085a550",6,"""shops"""
"0085a558",7,"""bought"""
"0085a56a",10,"""HBREWARD"""
"0085a574",8,"""USJ_ALL"""
"0085a580",12,"""Stunt Jumps"""
"0085a59a",10,"""HBTAG_ONE"""
"0085a5a4",8,"""TAG_ALL"""
"0085a5da",14,"""HBprt_glass"""
"0085a5e8",14,"""prt_wheeldirt"""
"0085a5f8",16,"""prt_watersplash"""
"0085a608",9,"""prt_wake"""
"0085a614",11,"""prt_splash"""
"0085a620",12,"""prt_spark_2"""
"0085a62c",10,"""prt_spark"""
"0085a638",21,"""prt_smokeII_3_expand"""
"0085a650",15,"""prt_smoke_huge"""
"0085a660",10,"""prt_sand2"""
"0085a66c",9,"""prt_sand"""
"0085a678",13,"""prt_gunshell"""
"0085a688",19,"""prt_collisionsmoke"""
"0085a69c",14,"""prt_cardebris"""
"0085a6ac",11,"""prt_bubble"""
"0085a6b8",15,"""prt_boatsplash"""
"0085a6c8",10,"""prt_blood"""
"0085a6d4",19,"""models\\effects.fxp"""
"0085a70c",14,"""water_hydrant"""
"0085a71c",9,"""gunsmoke"""
"0085a728",9,"""gunflash"""
"0085a734",10,"""tank_fire"""
"0085a740",17,"""water_splash_big"""
"0085a754",13,"""water_splash"""
"0085a764",16,"""water_splsh_sml"""
"0085a999",43,""".eBCannot Find Fx System Blueprint - %s"""
"0085aa02",14,"""HBheli_dust"""
"0085aa10",8,"""teargas"""
"0085aa18",12,"""smoke_flare"""
"0085aa24",14,"""water_fnt_tme"""
"0085aa34",15,"""water_fountain"""
"0085aa44",14,"""molotov_flame"""
"0085aa54",6,"""Flame"""
"0085aa5c",10,"""fire_bike"""
"0085aa68",9,"""fire_car"""
"0085aa74",11,"""fire_large"""
"0085aa80",9,"""fire_med"""
"0085abc4",23,"""CEventEditableResponse"""
"0085b1fc",16,"""CEventAttractor"""
"0085b9cc",22,"""CompPlayerCollPedResp"""
"0085b9e4",16,"""CompDeadPedResp"""
"0085b9f7",29,"""?EventChatPartnerResponse"""
"0085ba14",17,"""CompSexyVhclResp"""
"0085ba28",20,"""CompPartnerTaskResp"""
"0085ba3c",20,"""CompVehicleCollResp"""
"0085ba52",22,"""(?CompPedCollPedResp"""
"0085ba6f",25,"""?CompPedCollPlayerResp"""
"0085ba88",17,"""CompBldgCollResp"""
"0085ba9c",23,"""CompVehiclePotCollResp"""
"0085bab4",24,"""333>CompVhclPotCollResp"""
"0085bacf",21,"""?CompPotPedCollResp"""
"0085bae8",8,"""misc_c_"""
"0085baf0",8,"""misc_b_"""
"0085baf8",8,"""misc_a_"""
"0085bb00",6,"""rbmp_"""
"0085bb08",6,"""fbmp_"""
"0085bb18",7,"""wheel_"""
"0085bb20",7,"""stereo"""
"0085bb28",10,"""hydralics"""
"0085bb58",6,"""wg_r_"""
"0085bb60",6,"""wg_l_"""
"0085bb70",6,"""bntr_"""
"0085bb78",6,"""bntl_"""
"0085be07",13,""";Slowerlegr"""
"0085be14",12,"""Slowerlegl"""
"0085be30",12,"""Supperlegr"""
"0085be3c",12,"""Supperlegl"""
"0085be48",8,"""SRhand"""
"0085be50",8,"""SLhand"""
"0085be58",12,"""Supperarmr"""
"0085be64",12,"""Supperarml"""
"0085be70",8,"""Shead"""
"0085be83",9,""";pedal_l"""
"0085be8c",8,"""pedal_r"""
"0085be94",12,"""chainset"""
"0085bea0",8,"""bargrip"""
"0085bea8",12,"""mudguard"""
"0085beb4",12,"""wheel_rear"""
"0085bec0",12,"""wheel_front"""
"0085becc",12,"""forks_rear"""
"0085bed8",12,"""forks_front"""
"0085bee4",12,"""light_right"""
"0085bef0",12,"""light_left"""
"0085befc",16,"""light_tailplane"""
"0085bf0c",12,"""propeller"""
"0085bf18",20,"""wheel_rear_dummy"""
"0085bf2c",18,"""wheel_front_dummy"""
"0085bf40",12,"""skid_right"""
"0085bf4c",12,"""skid_left"""
"0085bf58",8,"""topknot"""
"0085bf68",12,"""backrotor"""
"0085bf74",12,"""toprotor"""
"0085bf80",14,"""chassis_dummy"""
"0085bf90",16,"""ped_right_entry"""
"0085bfa0",16,"""ped_mid_entry"""
"0085bfb0",16,"""ped_left_entry"""
"0085bfc0",12,"""bogie_rear"""
"0085bfcc",12,"""bogie_front"""
"0085bfd8",16,"""wheel_lb3_dummy"""
"0085bfe8",16,"""wheel_lb2_dummy"""
"0085bff8",16,"""wheel_lb1_dummy"""
"0085c008",16,"""wheel_lf3_dummy"""
"0085c018",16,"""wheel_lf2_dummy"""
"0085c028",16,"""wheel_lf1_dummy"""
"0085c038",16,"""wheel_rb3_dummy"""
"0085c048",16,"""wheel_rb2_dummy"""
"0085c058",16,"""wheel_rb1_dummy"""
"0085c068",16,"""wheel_rf3_dummy"""
"0085c078",16,"""wheel_rf2_dummy"""
"0085c088",16,"""wheel_rf1_dummy"""
"0085c098",20,"""windscreen_hi_ok"""
"0085c0ac",20,"""boat_rearflap_right"""
"0085c0c0",20,"""boat_rearflap_left"""
"0085c0d4",16,"""boat_flap_right"""
"0085c0e4",16,"""boat_flap_left"""
"0085c0f4",16,"""boat_rudder_hi"""
"0085c104",15,"""boat_moving_hi"""
"0085c114",12,"""handlebars"""
"0085c120",12,"""rear_axle"""
"0085c12c",16,"""suspension_lf"""
"0085c13c",16,"""suspension_rf"""
"0085c14c",16,"""body_rear_dummy"""
"0085c15c",20,"""body_front_dummy"""
"0085c170",8,"""loadbay"""
"0085c178",16,"""transmission_r"""
"0085c188",16,"""transmission_f"""
"0085c198",12,"""elevators"""
"0085c1a4",16,"""moving_rotor2"""
"0085c1b4",16,"""static_rotor2"""
"0085c1c4",16,"""moving_rotor"""
"0085c1d4",16,"""static_rotor"""
"0085c1e4",12,"""wingtip_pos"""
"0085c1f0",12,"""rudder_pos"""
"0085c1fc",16,"""elevator_pos"""
"0085c20c",12,"""aileron_pos"""
"0085c228",12,"""aileron_r"""
"0085c234",12,"""aileron_l"""
"0085c240",12,"""elevator_r"""
"0085c24c",12,"""elevator_l"""
"0085c258",8,"""rudder"""
"0085c260",16,"""moving_prop2"""
"0085c270",16,"""static_prop2"""
"0085c280",12,"""moving_prop"""
"0085c28c",12,"""static_prop"""
"0085c298",12,"""ug_nitro"""
"0085c2ac",16,"""ug_lights_dam"""
"0085c2bc",12,"""ug_lights"""
"0085c2c8",16,"""ug_backbullbar"""
"0085c2d8",16,"""ug_frontbullbar"""
"0085c2e8",16,"""ug_wing_right"""
"0085c2f8",16,"""ug_wing_left"""
"0085c308",16,"""ug_spoiler_dam"""
"0085c318",12,"""ug_spoiler"""
"0085c324",20,"""ug_bonnet_right_dam"""
"0085c338",20,"""ug_bonnet_left_dam"""
"0085c34c",16,"""ug_bonnet_dam"""
"0085c35c",16,"""ug_bonnet_right"""
"0085c36c",16,"""ug_bonnet_left"""
"0085c37c",12,"""ug_bonnet"""
"0085c3b1",6,"""xtra1"""
"0085c3b8",12,"""miscpos_b"""
"0085c3c4",12,"""miscpos_a"""
"0085c3d0",12,"""miscpos_d"""
"0085c3dc",12,"""miscpos_c"""
"0085c3e8",8,"""ped_arm"""
"0085c3f0",8,"""hookup"""
"0085c3f8",12,"""petrolcap"""
"0085c404",8,"""engine"""
"0085c40c",8,"""exhaust"""
"0085c414",12,"""taillights2"""
"0085c420",12,"""headlights2"""
"0085c42c",12,"""taillights"""
"0085c438",12,"""headlights"""
"0085c444",16,"""ped_backseat"""
"0085c454",16,"""ped_frontseat"""
"0085c48c",12,"""exhaust_ok"""
"0085c498",20,"""windscreen_dummy"""
"0085c4ac",12,"""boot_dummy"""
"0085c4b8",16,"""bonnet_dummy"""
"0085c4c8",16,"""wing_lf_dummy"""
"0085c4d8",16,"""wing_rf_dummy"""
"0085c4e8",16,"""bump_rear_dummy"""
"0085c4f8",20,"""bump_front_dummy"""
"0085c50c",16,"""door_lr_dummy"""
"0085c51c",14,"""door_lf_dummy"""
"0085c52c",16,"""door_rr_dummy"""
"0085c53c",16,"""door_rf_dummy"""
"0085c54c",16,"""wheel_lb_dummy"""
"0085c55c",16,"""wheel_lm_dummy"""
"0085c56c",16,"""wheel_lf_dummy"""
"0085c57c",16,"""wheel_rb_dummy"""
"0085c58c",16,"""wheel_rm_dummy"""
"0085c59c",16,"""wheel_rf_dummy"""
"0085c5ac",8,"""chassis"""
"0085c5be",10,"""HBremap"""
"0085c618",11,"""windscreen"""
"0085c62c",8,"""boat_hi"""
"0085c634",12,"""rearrotor"""
"0085c640",6,"""white"""
"0085c648",9,"""particle"""
"0085c658",8,"""DEFAULT"""
"0085c718",13,"""ANIM\\PED.IFP"""
"0085c728",14,"""NEVADA_getout"""
"0085c738",13,"""NEVADA_getin"""
"0085c748",18,"""SHAMAL_getout_LHS"""
"0085c75c",17,"""SHAMAL_getin_LHS"""
"0085c770",12,"""SHAMAL_open"""
"0085c77c",13,"""SHAMAL_align"""
"0085c78c",14,"""BF_getout_RHS"""
"0085c79c",14,"""BF_getout_LHS"""
"0085c7ac",13,"""BF_getin_RHS"""
"0085c7bc",13,"""BF_getin_LHS"""
"0085c7cc",16,"""TANK_doorlocked"""
"0085c7dc",16,"""TANK_getout_LHS"""
"0085c7ec",15,"""TANK_close_LHS"""
"0085c7fc",15,"""TANK_getin_LHS"""
"0085c80c",14,"""TANK_open_LHS"""
"0085c81c",15,"""TANK_align_LHS"""
"0085c82c",18,"""vortex_getout_RHS"""
"0085c840",18,"""vortex_getout_LHS"""
"0085c854",15,"""CAR_jumpin_RHS"""
"0085c864",15,"""CAR_jumpin_LHS"""
"0085c874",16,"""KART_getout_RHS"""
"0085c884",16,"""KART_getout_LHS"""
"0085c894",15,"""KART_getin_RHS"""
"0085c8a4",15,"""KART_getin_LHS"""
"0085c8b4",17,"""DOZER_Jacked_RHS"""
"0085c8c8",17,"""DOZER_Jacked_LHS"""
"0085c8dc",17,"""DOZER_getout_RHS"""
"0085c8f0",17,"""DOZER_getout_LHS"""
"0085c904",18,"""DOZER_pullout_RHS"""
"0085c918",18,"""DOZER_pullout_LHS"""
"0085c92c",16,"""DOZER_getin_RHS"""
"0085c93c",16,"""DOZER_getin_LHS"""
"0085c94c",16,"""DOZER_align_RHS"""
"0085c95c",16,"""DOZER_align_LHS"""
"0085c96c",15,"""BUS_jacked_LHS"""
"0085c97c",15,"""BUS_getout_RHS"""
"0085c98c",15,"""BUS_getout_LHS"""
"0085c99c",10,"""BUS_close"""
"0085c9a8",16,"""BUS_pullout_LHS"""
"0085c9b8",14,"""BUS_getin_RHS"""
"0085c9c8",14,"""BUS_getin_LHS"""
"0085c9d8",13,"""BUS_open_RHS"""
"0085c9e8",9,"""BUS_open"""
"0085c9f4",11,"""COACH_outR"""
"0085ca00",11,"""COACH_outL"""
"0085ca0c",10,"""COACH_inR"""
"0085ca18",10,"""COACH_inL"""
"0085ca24",11,"""COACH_opnR"""
"0085ca30",11,"""COACH_opnL"""
"0085ca3c",13,"""Plane_getout"""
"0085ca4c",12,"""Plane_close"""
"0085ca58",12,"""Plane_getin"""
"0085ca64",11,"""Plane_open"""
"0085ca70",16,"""Plane_align_LHS"""
"0085ca80",20,"""VAN_getout_back_RHS"""
"0085ca94",20,"""VAN_getout_back_LHS"""
"0085caa8",19,"""VAN_close_back_RHS"""
"0085cabc",19,"""VAN_close_back_LHS"""
"0085cad0",19,"""VAN_getin_back_RHS"""
"0085cae4",19,"""VAN_getin_back_LHS"""
"0085caf8",18,"""VAN_open_back_RHS"""
"0085cb0c",18,"""VAN_open_back_LHS"""
"0085cb20",14,"""quad_getoff_B"""
"0085cb30",16,"""quad_getoff_RHS"""
"0085cb40",16,"""quad_getoff_LHS"""
"0085cb50",10,"""quad_kick"""
"0085cb5c",15,"""quad_geton_RHS"""
"0085cb6c",15,"""quad_geton_LHS"""
"0085cb7c",18,"""choppa_getoffBACK"""
"0085cb90",17,"""choppa_getoffRHS"""
"0085cba4",17,"""choppa_getoffLHS"""
"0085cbb8",15,"""choppa_jumponR"""
"0085cbc8",15,"""choppa_jumponL"""
"0085cbd8",15,"""mtb_getoffBACK"""
"0085cbe8",14,"""mtb_getoffRHS"""
"0085cbf8",14,"""mtb_getoffLHS"""
"0085cc08",12,"""mtb_jumponR"""
"0085cc14",12,"""mtb_jumponL"""
"0085cc20",15,"""bmx_getoffBACK"""
"0085cc30",14,"""bmx_getoffRHS"""
"0085cc40",14,"""bmx_getoffLHS"""
"0085cc50",12,"""bmx_jumponR"""
"0085cc5c",12,"""bmx_jumponL"""
"0085cc68",14,"""wf_getoffBACK"""
"0085cc78",13,"""wf_getoffRHS"""
"0085cc88",13,"""wf_getoffLHS"""
"0085cc98",8,"""wf_kick"""
"0085cca0",11,"""wf_jumponR"""
"0085ccac",11,"""wf_jumponL"""
"0085ccb8",17,"""Biked_getoffBACK"""
"0085cccc",16,"""Biked_getoffLHS"""
"0085ccdc",16,"""Biked_getoffRHS"""
"0085ccec",11,"""Biked_kick"""
"0085ccf8",14,"""Biked_jumponL"""
"0085cd08",14,"""Biked_jumponR"""
"0085cd18",17,"""Bikeh_getoffBACK"""
"0085cd2c",16,"""Bikeh_getoffLHS"""
"0085cd3c",16,"""Bikeh_getoffRHS"""
"0085cd4c",11,"""Bikeh_kick"""
"0085cd58",14,"""Bikeh_jumponR"""
"0085cd68",14,"""Bikeh_jumponL"""
"0085cd78",17,"""BIKEv_getoffBACK"""
"0085cd8c",16,"""BIKEv_getoffLHS"""
"0085cd9c",16,"""BIKEv_getoffRHS"""
"0085cdac",11,"""BIKEv_kick"""
"0085cdb8",14,"""BIKEv_jumponL"""
"0085cdc8",14,"""BIKEv_jumponR"""
"0085cdd8",17,"""BIKEs_getoffBACK"""
"0085cdec",16,"""BIKEs_getoffLHS"""
"0085cdfc",16,"""BIKEs_getoffRHS"""
"0085ce0c",11,"""BIKEs_kick"""
"0085ce18",14,"""BIKEs_jumponL"""
"0085ce28",14,"""BIKEs_jumponR"""
"0085ce38",14,"""BIKE_fall_off"""
"0085ce48",12,"""BIKE_elbowR"""
"0085ce54",12,"""BIKE_elbowL"""
"0085ce60",13,"""BIKE_pullupL"""
"0085ce70",13,"""BIKE_pullupR"""
"0085ce80",13,"""BIKE_pickupL"""
"0085ce90",13,"""BIKE_pickupR"""
"0085cea0",16,"""TRUCK_close_RHS"""
"0085ceb0",16,"""TRUCK_close_LHS"""
"0085cec0",16,"""TRUCK_jackedRHS"""
"0085ced0",16,"""TRUCK_jackedLHS"""
"0085cee0",17,"""TRUCK_getout_RHS"""
"0085cef4",17,"""TRUCK_getout_LHS"""
"0085cf08",14,"""TRUCK_Shuffle"""
"0085cf18",20,"""TRUCK_closedoor_RHS"""
"0085cf2c",20,"""TRUCK_closedoor_LHS"""
"0085cf40",18,"""TRUCK_pullout_RHS"""
"0085cf54",18,"""TRUCK_pullout_LHS"""
"0085cf68",16,"""TRUCK_getin_RHS"""
"0085cf78",16,"""TRUCK_getin_LHS"""
"0085cf88",15,"""TRUCK_open_RHS"""
"0085cf98",15,"""TRUCK_open_LHS"""
"0085cfa8",16,"""TRUCK_ALIGN_RHS"""
"0085cfb8",16,"""TRUCK_ALIGN_LHS"""
"0085cfc8",15,"""CAR_rolldoorLO"""
"0085cfd8",15,"""CAR_LjackedRHS"""
"0085cfe8",15,"""CAR_LjackedLHS"""
"0085cff8",16,"""CAR_getoutL_RHS"""
"0085d008",16,"""CAR_getoutL_LHS"""
"0085d018",17,"""CAR_Lshuffle_RHS"""
"0085d02c",19,"""CAR_closedoorL_RHS"""
"0085d040",19,"""CAR_closedoorL_LHS"""
"0085d054",17,"""CAR_pulloutL_RHS"""
"0085d068",17,"""CAR_pulloutL_LHS"""
"0085d07c",15,"""CAR_getinL_RHS"""
"0085d08c",15,"""CAR_getinL_LHS"""
"0085d09c",19,"""CAR_doorlocked_RHS"""
"0085d0b0",19,"""CAR_doorlocked_LHS"""
"0085d0c4",16,"""CAR_fallout_RHS"""
"0085d0d4",16,"""CAR_fallout_LHS"""
"0085d0e4",13,"""CAR_rolldoor"""
"0085d0f4",16,"""CAR_rollout_RHS"""
"0085d104",16,"""CAR_rollout_LHS"""
"0085d114",14,"""CAR_close_RHS"""
"0085d124",14,"""CAR_close_LHS"""
"0085d134",14,"""CAR_jackedRHS"""
"0085d144",14,"""CAR_jackedLHS"""
"0085d154",15,"""CAR_getout_RHS"""
"0085d164",15,"""CAR_getout_LHS"""
"0085d174",16,"""CAR_shuffle_RHS"""
"0085d184",18,"""CAR_closedoor_RHS"""
"0085d198",18,"""CAR_closedoor_LHS"""
"0085d1ac",16,"""CAR_pullout_RHS"""
"0085d1bc",16,"""CAR_pullout_LHS"""
"0085d1cc",14,"""CAR_getin_RHS"""
"0085d1dc",14,"""CAR_getin_LHS"""
"0085d1ec",13,"""CAR_open_RHS"""
"0085d1fc",13,"""CAR_open_LHS"""
"0085d20c",16,"""CAR_alignHI_RHS"""
"0085d21c",16,"""CAR_alignHI_LHS"""
"0085d22c",14,"""CAR_align_RHS"""
"0085d23c",14,"""CAR_align_LHS"""
"0085d254",11,"""skate_idle"""
"0085d260",13,"""skate_sprint"""
"0085d270",10,"""skate_run"""
"0085d27c",10,"""JOG_maleB"""
"0085d288",14,"""woman_walkold"""
"0085d298",15,"""woman_walksexy"""
"0085d2a8",15,"""woman_walkbusy"""
"0085d2b8",15,"""woman_walkshop"""
"0085d2c8",17,"""woman_idlestance"""
"0085d2dc",10,"""woman_run"""
"0085d2e8",15,"""woman_walknorm"""
"0085d2f8",10,"""JOG_maleA"""
"0085d304",11,"""run_fatold"""
"0085d310",12,"""walk_fatold"""
"0085d31c",15,"""woman_runpanic"""
"0085d32c",9,"""walk_fat"""
"0085d338",11,"""walk_gang2"""
"0085d344",10,"""run_gang1"""
"0085d350",11,"""walk_gang1"""
"0085d35c",12,"""idle_stance"""
"0085d368",12,"""sprint_civi"""
"0085d374",9,"""run_civi"""
"0085d380",9,"""walk_old"""
"0085d38c",9,"""RUN_civi"""
"0085d398",13,"""WALK_shuffle"""
"0085d3a8",18,"""walkst_csaw_right"""
"0085d3bc",15,"""run_csaw_right"""
"0085d3cc",16,"""walk_csaw_right"""
"0085d3dc",17,"""walkst_csaw_left"""
"0085d3f0",14,"""run_csaw_left"""
"0085d400",15,"""walk_csaw_left"""
"0085d410",17,"""walkst_csaw_back"""
"0085d424",10,"""idle_csaw"""
"0085d430",14,"""run_csaw_back"""
"0085d440",15,"""walk_csaw_back"""
"0085d450",20,"""walkst_rocket_right"""
"0085d464",17,"""run_rocket_right"""
"0085d478",18,"""walk_rocket_right"""
"0085d48c",19,"""walkst_rocket_left"""
"0085d4a0",16,"""run_rocket_left"""
"0085d4b0",17,"""walk_rocket_left"""
"0085d4c4",19,"""walkst_rocket_back"""
"0085d4d8",16,"""run_rocket_back"""
"0085d4e8",17,"""walk_rocket_back"""
"0085d4fc",17,"""walk_start_right"""
"0085d510",10,"""run_right"""
"0085d51c",11,"""walk_right"""
"0085d528",16,"""walk_start_left"""
"0085d538",9,"""run_left"""
"0085d544",10,"""walk_left"""
"0085d550",16,"""walk_start_back"""
"0085d560",9,"""run_back"""
"0085d56c",10,"""walk_back"""
"0085d578",11,"""idle_tired"""
"0085d584",10,"""putdwn105"""
"0085d590",10,"""liftup105"""
"0085d59c",9,"""putdwn05"""
"0085d5a8",9,"""liftup05"""
"0085d5b4",7,"""putdwn"""
"0085d5bc",12,"""crry_prtial"""
"0085d5c8",7,"""liftup"""
"0085d5d0",13,"""Swim_jumpout"""
"0085d5e0",11,"""Swim_Glide"""
"0085d5ec",11,"""Swim_Under"""
"0085d5f8",16,"""Swim_Dive_Under"""
"0085d608",11,"""SWIM_crawl"""
"0085d614",12,"""Swim_Breast"""
"0085d620",13,"""Jetpack_Idle"""
"0085d630",23,"""player_sneak_walkstart"""
"0085d648",13,"""player_sneak"""
"0085d658",17,"""msclewalkst_csaw"""
"0085d66c",16,"""muscleidle_csaw"""
"0085d67c",15,"""mscle_run_csaw"""
"0085d68c",16,"""musclewalk_csaw"""
"0085d69c",18,"""fatwalkstart_csaw"""
"0085d6b0",13,"""fatidle_csaw"""
"0085d6c0",12,"""fatrun_csaw"""
"0085d6cc",13,"""fatwalk_csaw"""
"0085d6dc",16,"""walk_start_csaw"""
"0085d6ec",10,"""IDLE_csaw"""
"0085d6f8",9,"""run_csaw"""
"0085d704",10,"""walk_csaw"""
"0085d710",18,"""msclewalkst_armed"""
"0085d724",17,"""muscleidle_armed"""
"0085d738",16,"""musclerun_armed"""
"0085d748",17,"""musclewalk_armed"""
"0085d75c",16,"""fatwalkst_armed"""
"0085d76c",14,"""fatidle_armed"""
"0085d77c",13,"""fatrun_armed"""
"0085d78c",14,"""fatwalk_armed"""
"0085d79c",17,"""walk_start_armed"""
"0085d7b0",11,"""idle_armed"""
"0085d7bc",10,"""run_armed"""
"0085d7c8",11,"""walk_armed"""
"0085d7d4",18,"""mscle_rckt_walkst"""
"0085d7e8",18,"""muscleidle_rocket"""
"0085d7fc",15,"""mscle_rckt_run"""
"0085d80c",18,"""musclewalk_rocket"""
"0085d820",17,"""fatwalkst_rocket"""
"0085d834",15,"""fatidle_rocket"""
"0085d844",14,"""fatrun_rocket"""
"0085d854",15,"""fatwalk_rocket"""
"0085d864",18,"""walk_start_rocket"""
"0085d878",12,"""idle_rocket"""
"0085d884",11,"""run_rocket"""
"0085d890",12,"""walk_rocket"""
"0085d89c",16,"""musclewalkstart"""
"0085d8ac",11,"""muscleidle"""
"0085d8b8",13,"""musclesprint"""
"0085d8c8",10,"""musclerun"""
"0085d8d4",11,"""musclewalk"""
"0085d8e0",13,"""fatwalkstart"""
"0085d8f0",8,"""fatidle"""
"0085d8f8",10,"""fatsprint"""
"0085d904",7,"""fatrun"""
"0085d90c",8,"""fatwalk"""
"0085d914",11,"""walk_start"""
"0085d920",10,"""roadcross"""
"0085d92c",12,"""IDLE_STANCE"""
"0085d938",12,"""SPRINT_civi"""
"0085d944",11,"""run_player"""
"0085d950",12,"""walk_player"""
"0085d95c",9,"""rhgsign5"""
"0085d968",9,"""rhgsign4"""
"0085d974",9,"""rhgsign3"""
"0085d980",9,"""rhgsign2"""
"0085d98c",9,"""rhgsign1"""
"0085d998",9,"""lhgsign5"""
"0085d9a4",9,"""lhgsign4"""
"0085d9b0",9,"""lhgsign3"""
"0085d9bc",9,"""lhgsign2"""
"0085d9c8",9,"""lhgsign1"""
"0085d9d4",9,"""gsign5LH"""
"0085d9e0",9,"""gsign4LH"""
"0085d9ec",9,"""gsign3LH"""
"0085d9f8",9,"""gsign2LH"""
"0085da04",9,"""gsign1LH"""
"0085da10",7,"""gsign5"""
"0085da18",7,"""gsign4"""
"0085da20",7,"""gsign3"""
"0085da28",7,"""gsign2"""
"0085da30",7,"""gsign1"""
"0085da38",8,"""strip_G"""
"0085da40",8,"""strip_F"""
"0085da48",8,"""strip_E"""
"0085da50",8,"""strip_D"""
"0085da58",8,"""strip_C"""
"0085da60",8,"""strip_B"""
"0085da68",8,"""strip_A"""
"0085da70",10,"""riot_fuku"""
"0085da7c",15,"""riot_challenge"""
"0085da8c",11,"""riot_shout"""
"0085da98",13,"""riot_punches"""
"0085daa8",11,"""riot_chant"""
"0085dab4",13,"""riot_angry_b"""
"0085dac4",11,"""riot_angry"""
"0085dad0",7,"""strleg"""
"0085dad8",6,"""shldr"""
"0085dae8",8,"""stretch"""
"0085daf4",13,"""shop_cashier"""
"0085db04",9,"""shop_pay"""
"0085db10",11,"""shop_shelf"""
"0085db1c",14,"""OFF_Sit_Watch"""
"0085db2c",13,"""OFF_Sit_Read"""
"0085db3c",14,"""OFF_Sit_Drink"""
"0085db4c",14,"""OFF_Sit_Crash"""
"0085db5c",19,"""OFF_Sit_Bored_Loop"""
"0085db70",18,"""OFF_Sit_Type_Loop"""
"0085db84",18,"""OFF_Sit_Idle_Loop"""
"0085db98",18,"""OFF_Sit_2Idle_180"""
"0085dbac",11,"""OFF_Sit_In"""
"0085dbb8",8,"""wash_up"""
"0085dbc0",9,"""LOU_Loop"""
"0085dbcc",8,"""LOU_Out"""
"0085dbd4",7,"""LOU_In"""
"0085dbdc",10,"""BED_Out_R"""
"0085dbe8",11,"""BED_Loop_R"""
"0085dbf4",9,"""BED_In_R"""
"0085dc00",10,"""BED_Out_L"""
"0085dc0c",11,"""BED_Loop_L"""
"0085dc18",9,"""BED_In_L"""
"0085dc24",16,"""Stepsit_loop"""
"0085dc34",12,"""Stepsit_out"""
"0085dc40",12,"""Stepsit_in"""
"0085dc4c",10,"""Invite_no"""
"0085dc58",11,"""Invite_yes"""
"0085dc64",8,"""leanOUT"""
"0085dc6c",9,"""leanIDLE"""
"0085dc78",7,"""leanIN"""
"0085dc80",14,"""smkcig_prtl_f"""
"0085dc90",14,"""drnkbr_prtl_f"""
"0085dca0",12,"""smkcig_prtl"""
"0085dcac",12,"""drnkbr_prtl"""
"0085dcb8",11,"""shake_carK"""
"0085dcc4",12,"""shake_carSH"""
"0085dcd0",11,"""shake_cara"""
"0085dcdc",9,"""Hndshkfa"""
"0085dce8",9,"""Hndshkea"""
"0085dcf4",9,"""Hndshkda"""
"0085dd00",9,"""Hndshkcb"""
"0085dd0c",9,"""Hndshkca"""
"0085dd18",9,"""Hndshkba"""
"0085dd24",9,"""hndshkaa"""
"0085dd30",10,"""drugs_buy"""
"0085dd3c",12,"""dealer_deal"""
"0085dd48",15,"""prtial_gngtlkH"""
"0085dd58",15,"""prtial_gngtlkG"""
"0085dd68",15,"""prtial_gngtlkF"""
"0085dd78",15,"""prtial_gngtlkE"""
"0085dd88",15,"""prtial_gngtlkD"""
"0085dd98",15,"""prtial_gngtlkC"""
"0085dda8",15,"""prtial_gngtlkB"""
"0085ddb8",15,"""prtial_gngtlkA"""
"0085ddc8",16,"""ParkSit_W_IdleC"""
"0085ddd8",16,"""ParkSit_W_IdleB"""
"0085dde8",16,"""ParkSit_W_IdleA"""
"0085ddf8",16,"""ParkSit_M_IdleC"""
"0085de08",16,"""ParkSit_M_IdleB"""
"0085de18",16,"""ParkSit_M_IdleA"""
"0085de28",15,"""SitnWait_out_W"""
"0085de38",9,"""batherup"""
"0085de44",14,"""ParkSit_W_out"""
"0085de54",12,"""Lay_Bac_out"""
"0085de60",14,"""ParkSit_M_out"""
"0085de70",14,"""SitnWait_in_W"""
"0085de80",11,"""batherdown"""
"0085de8c",13,"""ParkSit_W_in"""
"0085de9c",11,"""Lay_Bac_in"""
"0085dea8",13,"""ParkSit_M_in"""
"0085deb8",16,"""SitnWait_loop_W"""
"0085dec8",7,"""bather"""
"0085ded0",15,"""ParkSit_W_Loop"""
"0085dee0",13,"""Lay_Bac_Loop"""
"0085def0",15,"""ParkSit_M_Loop"""
"0085df00",11,"""COP_Dvby_B"""
"0085df0c",12,"""COP_Dvby_FT"""
"0085df18",11,"""COP_Dvby_R"""
"0085df24",11,"""COP_Dvby_L"""
"0085df30",17,"""Pass_Driveby_BWD"""
"0085df44",17,"""Pass_Driveby_FWD"""
"0085df58",17,"""Pass_Driveby_RHS"""
"0085df6c",17,"""Pass_Driveby_LHS"""
"0085df80",20,"""Gang_DrivebyRHS_Bwd"""
"0085df94",20,"""Gang_DrivebyRHS_Fwd"""
"0085dfa8",20,"""Gang_DrivebyTop_RHS"""
"0085dfbc",16,"""Gang_DrivebyRHS"""
"0085dfcc",20,"""Gang_DrivebyLHS_Bwd"""
"0085dfe0",20,"""Gang_DrivebyLHS_Fwd"""
"0085dff4",20,"""Gang_DrivebyTop_LHS"""
"0085e008",16,"""Gang_DrivebyLHS"""
"0085e018",19,"""KILL_Knife_Ped_Die"""
"0085e02c",22,"""KILL_Knife_Ped_Damage"""
"0085e044",18,"""KILL_Knife_Player"""
"0085e058",13,"""KILL_Partial"""
"0085e068",13,"""HIT_GUN_BUTT"""
"0085e078",16,"""GUN_BUTT_crouch"""
"0085e088",9,"""GUN_BUTT"""
"0085e094",16,"""Hit_FightKick_B"""
"0085e0a4",14,"""HIT_FightKick"""
"0085e0b4",12,"""FIGHTkick_B"""
"0085e0c0",10,"""FIGHTkick"""
"0085e0cc",10,"""Idle_CSaw"""
"0085e0d8",11,"""CSaw_Hit_3"""
"0085e0e4",11,"""CSaw_Hit_2"""
"0085e0f0",11,"""CSaw_Hit_1"""
"0085e0fc",10,"""CSaw_Part"""
"0085e108",7,"""CSaw_G"""
"0085e110",7,"""CSaw_3"""
"0085e118",7,"""CSaw_2"""
"0085e120",7,"""CSaw_1"""
"0085e128",11,"""Flower_hit"""
"0085e134",14,"""Flower_attack"""
"0085e144",11,"""Dildo_idle"""
"0085e150",12,"""Dildo_block"""
"0085e15c",12,"""Dildo_Hit_3"""
"0085e168",12,"""Dildo_Hit_2"""
"0085e174",12,"""Dildo_Hit_1"""
"0085e180",8,"""Dildo_G"""
"0085e188",8,"""Dildo_3"""
"0085e190",8,"""Dildo_2"""
"0085e198",8,"""Dildo_1"""
"0085e1a0",11,"""sword_idle"""
"0085e1ac",12,"""sword_block"""
"0085e1b8",12,"""sword_Hit_3"""
"0085e1c4",12,"""sword_Hit_2"""
"0085e1d0",12,"""sword_Hit_1"""
"0085e1dc",11,"""sword_part"""
"0085e1e8",8,"""sword_4"""
"0085e1f0",8,"""sword_3"""
"0085e1f8",8,"""sword_2"""
"0085e200",8,"""sword_1"""
"0085e208",17,"""WEAPON_knifeidle"""
"0085e21c",12,"""knife_block"""
"0085e228",12,"""knife_hit_3"""
"0085e234",12,"""knife_hit_2"""
"0085e240",12,"""knife_hit_1"""
"0085e24c",11,"""knife_part"""
"0085e258",8,"""knife_G"""
"0085e260",8,"""knife_3"""
"0085e268",8,"""knife_2"""
"0085e270",8,"""knife_1"""
"0085e278",9,"""Bat_Idle"""
"0085e284",10,"""Bat_Block"""
"0085e290",10,"""Bat_Hit_3"""
"0085e29c",10,"""Bat_Hit_2"""
"0085e2a8",10,"""Bat_Hit_1"""
"0085e2b4",9,"""BAT_PART"""
"0085e2c0",6,"""Bat_4"""
"0085e2c8",6,"""Bat_3"""
"0085e2d0",6,"""Bat_2"""
"0085e2d8",6,"""Bat_1"""
"0085e2e0",12,"""FightD_Idle"""
"0085e2ec",13,"""FightD_Block"""
"0085e2fc",7,"""HitD_3"""
"0085e304",7,"""HitD_2"""
"0085e30c",7,"""HitD_1"""
"0085e314",9,"""FightD_M"""
"0085e320",9,"""FightD_G"""
"0085e32c",9,"""FightD_3"""
"0085e338",9,"""FightD_2"""
"0085e344",9,"""FightD_1"""
"0085e350",12,"""FightC_Idle"""
"0085e35c",13,"""FightC_Block"""
"0085e36c",7,"""HitC_3"""
"0085e374",7,"""HitC_2"""
"0085e37c",7,"""HitC_1"""
"0085e384",9,"""FightC_M"""
"0085e390",9,"""FightC_G"""
"0085e39c",9,"""FightC_3"""
"0085e3a8",9,"""FightC_2"""
"0085e3b4",9,"""FightC_1"""
"0085e3c0",12,"""FightB_Idle"""
"0085e3cc",13,"""FightB_Block"""
"0085e3dc",7,"""HitB_3"""
"0085e3e4",7,"""HitB_2"""
"0085e3ec",7,"""HitB_1"""
"0085e3f4",9,"""FightB_M"""
"0085e400",9,"""FightB_G"""
"0085e40c",9,"""FightB_3"""
"0085e418",9,"""FightB_2"""
"0085e424",9,"""FightB_1"""
"0085e430",10,"""FIGHTIDLE"""
"0085e43c",13,"""FightA_Block"""
"0085e44c",7,"""HitA_3"""
"0085e454",7,"""HitA_2"""
"0085e45c",7,"""HitA_1"""
"0085e464",9,"""FightA_M"""
"0085e470",9,"""FightA_G"""
"0085e47c",9,"""FightA_3"""
"0085e488",9,"""FightA_2"""
"0085e494",9,"""FightA_1"""
"0085e4a0",15,"""goggles_put_on"""
"0085e4b0",14,"""spraycan_fire"""
"0085e4c0",11,"""RocketFire"""
"0085e4cc",11,"""FLAME_fire"""
"0085e4d8",13,"""WEAPON_throw"""
"0085e4e8",14,"""WEAPON_throwu"""
"0085e4f8",19,"""WEAPON_start_throw"""
"0085e50c",14,"""WEAPON_sniper"""
"0085e51c",16,"""RIFLE_fire_poor"""
"0085e52c",17,"""RIFLE_crouchload"""
"0085e540",11,"""RIFLE_load"""
"0085e54c",17,"""RIFLE_crouchfire"""
"0085e560",11,"""RIFLE_fire"""
"0085e56c",14,"""UZI_fire_poor"""
"0085e57c",17,"""UZI_crouchreload"""
"0085e590",11,"""UZI_reload"""
"0085e59c",15,"""UZI_crouchfire"""
"0085e5ac",9,"""UZI_fire"""
"0085e5b8",16,"""buddy_fire_poor"""
"0085e5c8",19,"""buddy_crouchreload"""
"0085e5dc",13,"""buddy_reload"""
"0085e5ec",17,"""buddy_crouchfire"""
"0085e600",11,"""buddy_fire"""
"0085e60c",18,"""shotgun_fire_poor"""
"0085e620",19,"""shotgun_crouchfire"""
"0085e634",13,"""shotgun_fire"""
"0085e644",13,"""CrouchReload"""
"0085e654",15,"""Silence_reload"""
"0085e664",18,"""SilenceCrouchFire"""
"0085e678",13,"""Silence_fire"""
"0085e688",15,"""sawnoff_reload"""
"0085e698",17,"""2guns_crouchfire"""
"0085e6ac",19,"""colt45_fire_2hands"""
"0085e6c0",20,"""colt45_crouchreload"""
"0085e6d4",14,"""colt45_reload"""
"0085e6e4",18,"""colt45_crouchfire"""
"0085e6f8",12,"""colt45_fire"""
"0085e704",17,"""python_fire_poor"""
"0085e718",20,"""python_crouchreload"""
"0085e72c",14,"""python_reload"""
"0085e73c",18,"""python_crouchfire"""
"0085e750",12,"""python_fire"""
"0085e75c",15,"""QUAD_passenger"""
"0085e76c",16,"""QUAD_driveby_FT"""
"0085e77c",17,"""QUAD_driveby_RHS"""
"0085e790",17,"""QUAD_driveby_LHS"""
"0085e7a4",13,"""QUAD_reverse"""
"0085e7b4",9,"""QUAD_FWD"""
"0085e7c0",10,"""QUAD_back"""
"0085e7cc",11,"""QUAD_Right"""
"0085e7d8",10,"""QUAD_Left"""
"0085e7e4",10,"""QUAD_ride"""
"0085e7f0",14,"""CHOPPA_sprint"""
"0085e800",13,"""CHOPPA_pedal"""
"0085e810",16,"""CHOPPA_bunnyhop"""
"0085e820",17,"""CHOPPA_drivebyFT"""
"0085e834",19,"""CHOPPA_driveby_RHS"""
"0085e848",19,"""CHOPPA_driveby_LHS"""
"0085e85c",14,"""CHOPPA_pushes"""
"0085e86c",11,"""CHOPPA_fwd"""
"0085e878",12,"""CHOPPA_back"""
"0085e884",13,"""CHOPPA_Right"""
"0085e894",12,"""CHOPPA_Left"""
"0085e8a0",13,"""CHOPPA_still"""
"0085e8b0",12,"""CHOPPA_Ride"""
"0085e8bc",11,"""MTB_sprint"""
"0085e8c8",10,"""MTB_pedal"""
"0085e8d4",13,"""MTB_bunnyhop"""
"0085e8e4",14,"""MTB_drivebyFT"""
"0085e8f4",16,"""MTB_driveby_RHS"""
"0085e904",16,"""MTB_driveby_LHS"""
"0085e914",11,"""MTB_pushes"""
"0085e920",8,"""MTB_fwd"""
"0085e928",9,"""MTB_back"""
"0085e934",10,"""MTB_Right"""
"0085e940",9,"""MTB_Left"""
"0085e94c",10,"""MTB_still"""
"0085e958",9,"""MTB_Ride"""
"0085e964",11,"""BMX_sprint"""
"0085e970",10,"""BMX_pedal"""
"0085e97c",13,"""BMX_bunnyhop"""
"0085e98c",14,"""BMX_drivebyFT"""
"0085e99c",16,"""BMX_driveby_RHS"""
"0085e9ac",16,"""BMX_driveby_LHS"""
"0085e9bc",11,"""BMX_pushes"""
"0085e9c8",8,"""BMX_fwd"""
"0085e9d0",9,"""BMX_back"""
"0085e9dc",10,"""BMX_Right"""
"0085e9e8",9,"""BMX_Left"""
"0085e9f4",10,"""BMX_still"""
"0085ea00",9,"""BMX_Ride"""
"0085ea0c",13,"""WF_passenger"""
"0085ea1c",13,"""WF_drivebyFT"""
"0085ea2c",14,"""WF_drivebyRHS"""
"0085ea3c",14,"""WF_drivebyLHS"""
"0085ea4c",7,"""WF_hit"""
"0085ea54",10,"""WF_pushes"""
"0085ea60",7,"""WF_Fwd"""
"0085ea68",8,"""WF_Back"""
"0085ea70",9,"""WF_Right"""
"0085ea7c",8,"""WF_Left"""
"0085ea84",9,"""WF_Still"""
"0085ea90",8,"""WF_Ride"""
"0085ea98",16,"""BIKEd_passenger"""
"0085eaa8",16,"""BIKEd_drivebyFT"""
"0085eab8",17,"""BIKEd_drivebyRHS"""
"0085eacc",17,"""BIKEd_drivebyLHS"""
"0085eae0",10,"""BIKEd_hit"""
"0085eaec",13,"""BIKEd_pushes"""
"0085eafc",10,"""BIKEd_Fwd"""
"0085eb08",11,"""BIKEd_Back"""
"0085eb14",12,"""BIKEd_Right"""
"0085eb20",11,"""BIKEd_Left"""
"0085eb2c",12,"""BIKEd_Still"""
"0085eb38",11,"""BIKEd_Ride"""
"0085eb44",16,"""BIKEh_passenger"""
"0085eb54",16,"""BIKEh_drivebyFT"""
"0085eb64",17,"""BIKEh_drivebyRHS"""
"0085eb78",17,"""BIKEh_drivebyLHS"""
"0085eb8c",10,"""BIKEh_hit"""
"0085eb98",13,"""BIKEh_pushes"""
"0085eba8",10,"""BIKEh_Fwd"""
"0085ebb4",11,"""BIKEh_Back"""
"0085ebc0",12,"""BIKEh_Right"""
"0085ebcc",11,"""BIKEh_Left"""
"0085ebd8",12,"""BIKEh_Still"""
"0085ebe4",11,"""BIKEh_Ride"""
"0085ebf0",16,"""BIKEv_passenger"""
"0085ec00",16,"""BIKEv_drivebyFT"""
"0085ec10",17,"""BIKEv_drivebyRHS"""
"0085ec24",17,"""BIKEv_drivebyLHS"""
"0085ec38",10,"""BIKEv_hit"""
"0085ec44",13,"""BIKEv_pushes"""
"0085ec54",10,"""BIKEv_Fwd"""
"0085ec60",11,"""BIKEv_Back"""
"0085ec6c",12,"""BIKEv_Right"""
"0085ec78",11,"""BIKEv_Left"""
"0085ec84",12,"""BIKEv_Still"""
"0085ec90",11,"""BIKEv_Ride"""
"0085ec9c",16,"""BIKEs_passenger"""
"0085ecac",16,"""BIKEs_drivebyFT"""
"0085ecbc",17,"""BIKEs_drivebyRHS"""
"0085ecd0",17,"""BIKEs_drivebyLHS"""
"0085ece4",10,"""BIKEs_hit"""
"0085ecf0",13,"""BIKEs_pushes"""
"0085ed00",10,"""BIKEs_Fwd"""
"0085ed0c",11,"""BIKEs_Back"""
"0085ed18",12,"""BIKEs_Right"""
"0085ed24",11,"""BIKEs_Left"""
"0085ed30",12,"""BIKEs_Still"""
"0085ed3c",11,"""BIKEs_Ride"""
"0085ed48",16,"""DOOR_RHinge_O"""
"0085ed58",16,"""DOOR_LHinge_O"""
"0085ed68",9,"""R Breast"""
"0085ed74",9,"""L Breast"""
"0085ed80",6,"""Belly"""
"0085ed88",6,"""R Toe"""
"0085ed90",7,"""R Foot"""
"0085ed98",7,"""R Calf"""
"0085eda0",8,"""R Thigh"""
"0085eda8",6,"""L Toe"""
"0085edb0",7,"""L Foot"""
"0085edb8",7,"""L Calf"""
"0085edc0",8,"""L Thigh"""
"0085edc8",11,"""L Finger01"""
"0085edd4",10,"""L Fingers"""
"0085ede0",7,"""L Hand"""
"0085ede8",10,"""L Forearm"""
"0085edf4",11,"""L UpperArm"""
"0085ee00",17,"""Bip01 L Clavicle"""
"0085ee14",11,"""R Finger01"""
"0085ee20",10,"""R Fingers"""
"0085ee2c",7,"""R Hand"""
"0085ee34",10,"""R Forearm"""
"0085ee40",11,"""R UpperArm"""
"0085ee4c",17,"""Bip01 R Clavicle"""
"0085ee64",7,"""R Brow"""
"0085ee6c",7,"""L Brow"""
"0085ee7c",7,"""Pelvis"""
"0085ee84",6,"""Spine"""
"0085ee8c",7,"""Spine1"""
"0085eeae",18,"""HBANIM\\CUTS.IMG"""
"0085f117",29,"""AAUDIO\\CONFIG\\BANKLKUP.DAT"""
"0085f140",26,"""AUDIO\\CONFIG\\PAKFILES.DAT"""
"0085f15c",26,"""AUDIO\\CONFIG\\BANKSLOT.DAT"""
"0085f182",30,"""HBAUDIO\\CONFIG\\STRMPAKS.DAT"""
"0085f1a0",26,"""AUDIO\\CONFIG\\TRAKLKUP.DAT"""
"0085f1bc",15,"""AUDIO\\STREAMS\\"""
"0085f1d6",14,"""HBPara_decel"""
"0085f1e4",19,"""FALL_SkyDive_accel"""
"0085f1f8",13,"""PED_TYPE_SPC"""
"0085f208",13,"""PED_TYPE_GFD"""
"0085f218",14,"""PED_TYPE_GANG"""
"0085f228",16,"""PED_TYPE_PLAYER"""
"0085f238",16,"""PED_TYPE_EMG"""
"0085f248",16,"""PED_TYPE_GEN"""
"0085f262",14,"""HBbandblack3"""
"0085f270",10,"""bandgang3"""
"0085f27c",10,"""bandblue3"""
"0085f288",9,"""bandred3"""
"0085f294",10,"""capgangup"""
"0085f2a0",12,"""capgangover"""
"0085f2ac",12,"""capgangside"""
"0085f2b8",12,"""capgangback"""
"0085f2c4",8,"""capgang"""
"0085f2cc",7,"""hockey"""
"0085f2d4",9,"""bandgang"""
"0085f2e0",11,"""denimsgang"""
"0085f2ec",12,"""tracktrgang"""
"0085f2f8",11,"""shirtbgang"""
"0085f304",12,"""hoodyagreen"""
"0085f3a0",8,"""FEA_R%d"""
"0085f3b0",8,"""FEA_NON"""
"0085fcf0",64,"u""DRMHeader.SubscriptionContentID"""
"0085fd30",58,"u""DRMHeader.ContentDistributor"""
"0085fd6c",52,"u""DRMHeader.SECURITYVERSION"""
"0085fda0",28,"u""DRMHeader.CID"""
"0085fdbc",34,"u""DRMHeader.LAINFO"""
"0085fde0",28,"u""DRMHeader.KID"""
"0085fdfc",22,"u""DRMHeader."""
"0085fe18",68,"u""LicenseStateData.Transfer.NONSDMI"""
"0085fe5c",62,"u""LicenseStateData.Transfer.SDMI"""
"0085fe9c",62,"u""LicenseStateData.Print.redbook"""
"0085fedc",44,"u""LicenseStateData.Play"""
"0085ff08",36,"u""LicenseStateData."""
"0085ff2c",42,"u""ActionAllowed.Backup"""
"0085ff58",62,"u""ActionAllowed.Transfer.NONSDMI"""
"0085ff98",56,"u""ActionAllowed.Transfer.SDMI"""
"0085ffd0",56,"u""ActionAllowed.Print.redbook"""
"00860008",38,"u""ActionAllowed.Play"""
"00860030",30,"u""ActionAllowed."""
"00860058",14,"u""Rights"""
"00860068",20,"u""BaseLAURL"""
"0086007c",24,"u""IsDRMCached"""
"00860094",12,"u""IsDRM"""
"008600a0",14,"u""Backup"""
"008600b0",34,"u""Transfer.NONSDMI"""
"008600d4",28,"u""Transfer.SDMI"""
"008600f0",28,"u""Print.redbook"""
"0086010c",10,"u""Play"""
"00860a87",17,"""Fsa-utrax.dat"""
"00860a98",14,"""sa-ufiles.dat"""
"00860ab0",20,"""vector<T> too long"""
"00860acc",14,"""\\User Tracks\\"""
"00862db0",19,"""WMCreateSyncReader"""
"00862dc4",12,"""wmvcore.dll"""
"00862dd0",18,"u""Duration"""
"00862e84",8,"""method"""
"00862e8c",12,"""user_name"""
"00862e98",12,"""target_name"""
"00862ea4",12,"""target_ip"""
"00862eb4",12,"""ScreenShot"""
"00862ec0",8,"""image"""
"00862ee0",8,"""XCoord"""
"00862ef8",12,"""bugstar.cnf"""
"00862f96",14,"""#<Selected"""
"00862fa4",7,"""Action"""
"00862fb0",11,"""Play Movie"""
"00862fbc",11,"""Load Movie"""
"00862fc8",11,"""Save Movie"""
"00862fd4",19,"""Select Camera Mode"""
"00862fe8",18,"""Set Camera Target"""
"00862ffc",16,"""Position Camera"""
"00863024",12,"""Get Out Car"""
"00863030",11,"""Get In Car"""
"0086303c",12,"""Goto (wait)"""
"00863050",12,"""Give Weapon"""
"0086305c",15,"""Delete Vehicle"""
"0086306c",15,"""Select Vehicle"""
"0086307c",13,"""Move Vehicle"""
"0086308c",12,"""New Vehicle"""
"00863098",13,"""Delete Actor"""
"008630a8",13,"""Select Actor"""
"008630b8",11,"""Move Actor"""
"008630c4",10,"""New Actor"""
"008630d0",11,"""do-nothing"""
"0086310b",49,"""?LookAT: %0.3f, LookAT: %0.3f, LookAT: %0.3f """
"0086313c",45,"""Frontx: %0.3f, Fronty: %0.3f, Frontz: %0.3f """
"0086316c",38,"""CamX: %0.3f CamY: %0.3f  CamZ:  %0.3f"""
"00863238",12,"""FollowPedSA"""
"00863246",10,"""#=CINCAM"""
"0086329a",22,"""HBTAKE_SCREEN_SHOT"""
"008632b0",20,"""SWITCH_DEBUG_CAM_ON"""
"008632c4",12,"""TOGGLE_DPAD"""
"008632d0",13,"""NETWORK_TALK"""
"008632e0",19,"""VEHICLE_TURRETDOWN"""
"008632f4",17,"""VEHICLE_TURRETUP"""
"00863308",20,"""VEHICLE_TURRETRIGHT"""
"0086331c",19,"""VEHICLE_TURRETLEFT"""
"00863330",8,"""GO_BACK"""
"00863338",11,"""GO_FORWARD"""
"00863344",9,"""GO_RIGHT"""
"00863350",8,"""GO_LEFT"""
"00863358",18,"""GROUP_CONTROL_BWD"""
"0086336c",18,"""GROUP_CONTROL_FWD"""
"00863380",17,"""CONVERSATION_YES"""
"00863394",16,"""CONVERSATION_NO"""
"008633a4",19,"""VEHICLE_ENTER_EXIT"""
"008633b8",23,"""VEHICLE_FIREWEAPON_ALT"""
"008633d0",19,"""VEHICLE_FIREWEAPON"""
"008633e4",19,"""PED_FIREWEAPON_ALT"""
"008633f8",15,"""PED_FIREWEAPON"""
"00863408",34,"""CAMERA_CHANGE_VIEW_ALL_SITUATIONS"""
"0086342c",26,"""SHOW_MOUSE_POINTER_TOGGLE"""
"00863448",26,"""PED_1RST_PERSON_LOOK_DOWN"""
"00863464",24,"""PED_1RST_PERSON_LOOK_UP"""
"0086347c",27,"""PED_1RST_PERSON_LOOK_RIGHT"""
"00863498",26,"""PED_1RST_PERSON_LOOK_LEFT"""
"008634b4",20,"""PED_SNIPER_ZOOM_OUT"""
"008634c8",19,"""PED_SNIPER_ZOOM_IN"""
"008634dc",19,"""TOGGLE_SUBMISSIONS"""
"008634f0",27,"""VEHICLE_RADIO_STATION_DOWN"""
"0086350c",25,"""VEHICLE_RADIO_STATION_UP"""
"00863528",14,"""VEHICLE_BRAKE"""
"00863538",19,"""VEHICLE_ACCELERATE"""
"0086354c",18,"""VEHICLE_HANDBRAKE"""
"00863560",13,"""VEHICLE_HORN"""
"00863570",18,"""VEHICLE_MOUSELOOK"""
"00863584",18,"""VEHICLE_LOOKRIGHT"""
"00863598",17,"""VEHICLE_LOOKLEFT"""
"008635ac",18,"""VEHICLE_STEERDOWN"""
"008635c0",16,"""VEHICLE_STEERUP"""
"008635d0",19,"""VEHICLE_STEERRIGHT"""
"008635e4",18,"""VEHICLE_STEERLEFT"""
"008635f8",17,"""PED_ANSWER_PHONE"""
"0086360c",9,"""PED_DUCK"""
"00863618",19,"""VEHICLE_LOOKBEHIND"""
"0086362c",32,"""PED_CENTER_CAMERA_BEHIND_PLAYER"""
"0086364c",23,"""PED_CYCLE_TARGET_RIGHT"""
"00863664",22,"""PED_CYCLE_TARGET_LEFT"""
"0086367c",12,"""SNEAK_ABOUT"""
"00863688",11,"""PED_SPRINT"""
"00863694",12,"""PED_JUMPING"""
"008636a0",16,"""PED_LOCK_TARGET"""
"008636b0",23,"""PED_CYCLE_WEAPON_RIGHT"""
"008636c8",22,"""PED_CYCLE_WEAPON_LEFT"""
"008636e0",15,"""PED_LOOKBEHIND"""
"008636f0",8,"""FEC_MXT"""
"008636f8",8,"""FEC_MXO"""
"00863700",8,"""FEC_MWB"""
"00863708",8,"""FEC_MWF"""
"00863710",8,"""FEC_MSR"""
"00863718",8,"""FEC_MSM"""
"00863720",8,"""FEC_MSL"""
"00863728",8,"""FEC_JBO"""
"00863730",8,"""FEC_LBC"""
"00863738",8,"""FEC_SFT"""
"00863740",8,"""FEC_WRC"""
"00863748",8,"""FEC_RWD"""
"00863750",8,"""FEC_LWD"""
"00863758",8,"""FEC_RAL"""
"00863760",8,"""FEC_LAL"""
"00863768",8,"""FEC_RCT"""
"00863770",8,"""FEC_LCT"""
"00863778",8,"""FEC_RSF"""
"00863780",8,"""FEC_LSF"""
"00863788",8,"""FEC_RTN"""
"00863790",8,"""FEC_CLK"""
"00863798",8,"""FEC_TAB"""
"008637a0",8,"""FEC_BSP"""
"008637a8",8,"""FEC_PSB"""
"008637b0",8,"""FEC_SLK"""
"008637b8",8,"""FEC_ETR"""
"008637c0",8,"""FEC_NMN"""
"008637c8",8,"""FEC_NLK"""
"008637d0",8,"""FEC_DOT"""
"008637d8",8,"""FEC_MIN"""
"008637e0",8,"""FEC_PLS"""
"008637e8",8,"""FECSTAR"""
"008637f0",8,"""FEC_FWS"""
"008637f8",8,"""FEC_RFA"""
"00863800",8,"""FEC_LFA"""
"00863808",8,"""FEC_DWA"""
"00863810",8,"""FEC_UPA"""
"00863818",8,"""FEC_PGD"""
"00863820",8,"""FEC_PGU"""
"00863828",8,"""FEC_END"""
"00863830",8,"""FEC_HME"""
"00863838",8,"""FEC_DLL"""
"00863840",8,"""FEC_IRT"""
"00863848",8,"""FEC_FNC"""
"00863850",8,"""FEC_SPC"""
"00863858",8,"""FEC_AST"""
"0086386c",8,"""GOODBOY"""
"0086387e",50,"""HBToo many objects without modelinfo structures\n"""
"00863a08",33,"""%d %s %d %f %f %f %f %f %f %f %d"""
"00863a54",11,"""riot_smoke"""
"00863a6a",22,"""HBLoading the Game"""
"00863a80",13,"""Start script"""
"00863a90",17,"""DATA\\DEFAULT.DAT"""
"00863aa4",8,"""FED_LFL"""
"00863aac",8,"""FES_LOC"""
"00863ab4",8,"""FELD_WR"""
"00863ae6",10,"""HBsplash3"""
"00863af0",8,"""splash2"""
"00863af8",8,"""splash1"""
"00863b00",16,"""Starting Game"""
"00863b10",13,"""DATA\\GTA.DAT"""
"00863b20",20,"""Into TheGame!!!\n"""
"00863c23",29,"""FFree %d, Used %d, Used2 %d"""
"00863c4e",18,"""HBPedAttractors"""
"00863c60",16,"""PedIntelligence"""
"00863c70",14,"""TaskAllocator"""
"00863c80",10,"""NodeRoute"""
"00863c8c",12,"""PatrolRoute"""
"00863c98",11,"""PointRoute"""
"00863ca4",6,"""Event"""
"00863cb4",9,"""ColModel"""
"00863cc0",7,"""Dummys"""
"00863cc8",8,"""Objects"""
"00863cd0",10,"""Buildings"""
"00863cdc",9,"""Vehicles"""
"00863cf0",14,"""EntryInfoNode"""
"00863d00",15,"""PtrNode Double"""
"00863d10",15,"""PtrNode Single"""
"00863d20",26,"""pools have been cleared \n"""
"00863d3c",40,"""Offending object: MI:%d Coors:%f %f %f\n"""
"00863d64",20,"""Shutdown pool done\n"""
"00863d78",23,"""Shutdown pool started\n"""
"00863d90",8,"""Total"""
"00863d98",16,"""Rendering time"""
"00863da8",16,"""Processing time"""
"00863db8",8,"""Ped AI"""
"00863dc0",10,"""Collision"""
"00863dcc",8,"""Physics"""
"00863dd4",12,"""Frame rate"""
"00863dea",18,"""HBQuadTreeNodes"""
"00863e9b",13,"""=stat_i_%d"""
"00863ea8",12,"""stat_f_%d"""
"00863eb4",6,"""%d:%d"""
"00863ebc",7,"""%d:0%d"""
"00863ec4",6,"""%d %s"""
"00863ecc",8,"""ST_SECS"""
"00863ed4",8,"""%.2f %s"""
"00863edc",8,"""ST_MILE"""
"00863ee4",7,"""%.2fft"""
"00863eec",6,"""%.2fm"""
"00863ef4",6,"""$%.2f"""
"00863efc",6,"""%dlbs"""
"00863f04",6,"""%dkgs"""
"00863f14",8,"""%0.2f%%"""
"00863f24",10,""" %d %s %d"""
"00863f30",13,"""%.2f %s %.2f"""
"00863f40",15,"""$%.2f %s $%.2f"""
"00863f50",8,"""FEST_OO"""
"00863f58",12,"""morethan"""
"00863f64",12,"""lessthan"""
"00863f70",15,"""%d %s %s %f %s"""
"00863f80",18,"""DATA\\STATDISP.DAT"""
"00863f94",9,"""%d %s %f"""
"00863fa0",18,"""DATA\\AR_STATS.DAT"""
"00863fb8",8,"""RATNG51"""
"00863fc0",8,"""RATNG52"""
"00863fc8",8,"""RATNG50"""
"00863fd4",8,"""RATNG49"""
"00863fdc",8,"""RATNG48"""
"00863fe4",8,"""RATNG47"""
"00863fec",8,"""RATNG46"""
"00863ff4",8,"""RATNG45"""
"00863ffc",8,"""RATNG44"""
"00864004",8,"""RATNG43"""
"0086400c",8,"""RATNG42"""
"00864014",8,"""RATNG41"""
"0086401c",8,"""RATNG40"""
"00864024",8,"""RATNG39"""
"0086402c",8,"""RATNG38"""
"00864034",8,"""RATNG37"""
"0086403c",8,"""RATNG36"""
"00864044",8,"""RATNG35"""
"0086404c",8,"""RATNG34"""
"00864054",8,"""RATNG33"""
"0086405c",8,"""RATNG32"""
"00864064",8,"""RATNG31"""
"0086406c",8,"""RATNG30"""
"00864074",8,"""RATNG29"""
"0086407c",8,"""RATNG28"""
"00864084",8,"""RATNG27"""
"0086408c",8,"""RATNG26"""
"00864094",8,"""RATNG25"""
"0086409c",8,"""RATNG24"""
"008640a4",8,"""RATNG23"""
"008640ac",8,"""RATNG22"""
"008640b4",8,"""RATNG21"""
"008640bc",8,"""RATNG20"""
"008640c4",8,"""RATNG19"""
"008640cc",8,"""RATNG18"""
"008640d4",8,"""RATNG17"""
"008640dc",8,"""RATNG16"""
"008640e4",8,"""RATNG15"""
"008640ec",8,"""RATNG14"""
"008640f4",8,"""RATNG13"""
"008640fc",8,"""RATNG12"""
"00864104",8,"""RATNG11"""
"0086410c",8,"""RATNG10"""
"00864114",7,"""RATNG9"""
"0086411c",7,"""RATNG8"""
"00864124",7,"""RATNG7"""
"0086412c",7,"""RATNG6"""
"00864134",7,"""RATNG5"""
"0086413c",7,"""RATNG4"""
"00864144",7,"""RATNG3"""
"0086414c",7,"""RATNG2"""
"00864154",7,"""RATNG1"""
"0086415c",8,"""RATNG57"""
"00864164",8,"""RATNG56"""
"0086416c",8,"""RATNG55"""
"00864174",8,"""RATNG54"""
"0086417c",8,"""RATNG53"""
"00864184",9,"""ST_LAB%d"""
"00864190",9,"""ST_GNG%d"""
"0086419c",7,"""WS_STD"""
"008641a4",7,"""WS_PRO"""
"008641ac",8,"""WS_POOR"""
"008641b4",7,"""STWE%d"""
"008641bc",9,"""STWE00%d"""
"008641c8",8,"""STWE0%d"""
"008641d0",8,"""ST_PR19"""
"008641d8",8,"""ST_PR18"""
"008641e0",8,"""ST_PR17"""
"008641e8",8,"""ST_PR16"""
"008641f0",8,"""ST_PR15"""
"008641f8",8,"""ST_PR14"""
"00864200",8,"""ST_PR13"""
"00864208",8,"""ST_PR12"""
"00864210",8,"""ST_PR11"""
"00864218",8,"""ST_PR10"""
"00864220",8,"""ST_PR09"""
"00864228",8,"""ST_PR08"""
"00864230",8,"""ST_PR07"""
"00864238",8,"""ST_PR06"""
"00864240",8,"""ST_PR05"""
"00864248",8,"""ST_PR04"""
"00864250",8,"""ST_PR03"""
"00864258",8,"""ST_PR02"""
"00864260",8,"""ST_PR01"""
"00864268",8,"""ST_GNG7"""
"00864270",8,"""ST_GNG6"""
"00864278",8,"""ST_GNG5"""
"00864280",8,"""ST_GNG4"""
"00864288",8,"""ST_GNG3"""
"00864290",8,"""ST_GNG2"""
"00864298",8,"""ST_GNG1"""
"008642a0",8,"""ST_GNG0"""
"008642a8",7,"""NOSTUC"""
"008642b0",7,"""PQUINS"""
"008642b8",7,"""QUINST"""
"008642c0",7,"""PRTRST"""
"008642c8",7,"""TRINST"""
"008642d0",7,"""DBPINS"""
"008642d8",7,"""DBINST"""
"008642e0",7,"""PRINST"""
"008642e8",7,"""INSTUN"""
"008642f0",7,"""STAT%d"""
"008642f8",8,"""STAT0%d"""
"00864300",9,"""STAT00%d"""
"00864317",21,"""Ddata\\surface.dat"""
"0086432c",12,"""RAILTRACK"""
"00864340",12,"""HAY_BALE"""
"0086434c",20,"""UNBREAKABLE_GLASS"""
"00864360",20,"""WOOD_RANCH_FENCE"""
"00864374",20,"""WOOD_SLATTED_FENCE"""
"00864388",20,"""WOOD_PICKET_FENCE"""
"0086439c",16,"""METAL_DUMPSTER"""
"008643ac",20,"""PLASTIC_DUMPSTER"""
"008643c0",16,"""PLASTIC_CONE"""
"008643d0",16,"""METAL_BARREL"""
"008643e0",20,"""THIN_METAL_SHEET"""
"008643f4",8,"""BIN_BAG"""
"008643fc",16,"""FLOORCONCRETE"""
"0086440c",12,"""FLOORMETAL"""
"00864418",16,"""STAIRSCARPET"""
"00864428",12,"""STAIRSMETAL"""
"00864434",12,"""STAIRSSTONE"""
"00864440",12,"""PARKGRASS"""
"0086444c",16,"""PLASTICBARRIER"""
"00864464",12,"""P_SEAWEED"""
"00864470",16,"""P_RIVERBEDWEEDS"""
"00864480",20,"""P_RIVERBEDSHALLOW"""
"00864494",16,"""P_RIVERBEDSTONE"""
"008644a4",16,"""P_GRASSDIRTMIX"""
"008644b4",16,"""P_GRASSDARK2"""
"008644c4",12,"""P_GRASSDARK"""
"008644d0",12,"""P_GRASSMID2"""
"008644dc",12,"""P_GRASSMID1"""
"008644e8",16,"""P_GRASSLIGHTER2"""
"008644f8",16,"""P_GRASSLIGHTER"""
"00864508",16,"""P_GRASSLIGHT"""
"00864518",12,"""P_CORNFIELD"""
"00864524",16,"""P_AIRPORTGRND"""
"00864534",16,"""P_CACTUSDENSE"""
"00864545",6,"""_DUMP"""
"0086454c",16,"""P_JUNKYARDGRND"""
"0086455c",16,"""P_JUNKYARDPILES"""
"0086456c",16,"""P_ALLEYRUBISH"""
"0086457c",20,"""P_CONCRETELITTER"""
"00864590",16,"""P_INDUSTJETTY"""
"008645a0",16,"""P_INDUSTRIAL"""
"008645b0",12,"""P_DOCKLANDS"""
"008645bc",16,"""P_BUILDINGSITE"""
"008645cc",16,"""P_SPARSEFLOWERS"""
"008645dc",16,"""P_FORRESTDRY"""
"008645ec",16,"""P_DESERTROCKS"""
"008645fc",16,"""P_FORRESTLEAVES"""
"0086460c",16,"""P_FORESTSTICKS"""
"0086461c",16,"""P_FORESTSTUMPS"""
"0086462c",12,"""P_POOLSIDE"""
"00864638",12,"""P_RIVEREDGE"""
"00864644",16,"""P_GRASSWEEDS"""
"00864654",12,"""P_DIRTWEEDS"""
"00864660",12,"""P_DIRTROCKY"""
"0086466c",20,"""P_GRASSSMALLTREES"""
"00864680",16,"""P_GRASSROCKY"""
"00864690",12,"""P_GRASSLOW"""
"0086469c",16,"""P_GRASSBRNMIX"""
"008646ac",16,"""P_GRASSGRNMIX"""
"008646bc",16,"""P_GRASSLUSHTALL"""
"008646cc",16,"""P_GRASSDRYTALL"""
"008646dc",20,"""P_GRASSWEEFLOWERS"""
"008646f0",12,"""P_BUSHYMID"""
"008646fc",12,"""P_BUSHYDRY"""
"00864708",12,"""P_BUSHYMIX"""
"00864714",8,"""P_BUSHY"""
"0086471c",8,"""P_MARSH"""
"00864724",12,"""P_MOUNTAIN"""
"00864730",16,"""P_SKANKYFLOOR"""
"00864740",16,"""P_FASTFOODFLOOR"""
"00864751",10,"""_711FLOOR"""
"0086475c",16,"""P_CORRIDORFLOOR"""
"0086476c",16,"""P_LIVINGRMFLOOR"""
"0086477c",16,"""P_KIRCHENFLOOR"""
"0086478c",16,"""P_BEDROOMFLOOR"""
"0086479c",12,"""P_RUBBLE"""
"008647a8",12,"""P_RIVERBED"""
"008647b4",20,"""P_UNDERWATERDEEP"""
"008647c8",20,"""P_UNDERWATERCORAL"""
"008647dc",20,"""P_UNDERWATERBARREN"""
"008647f0",20,"""P_UNDERWATERLUSH"""
"00864804",12,"""P_BARTABLE"""
"00864810",20,"""P_RESTUARANTTABLE"""
"00864825",11,"""_711SHELF3"""
"00864831",11,"""_711SHELF2"""
"0086483d",11,"""_711SHELF1"""
"00864848",16,"""P_OFFICEDESK"""
"00864858",12,"""P_CONCRETE"""
"00864864",16,"""P_WASTEGROUND"""
"00864874",12,"""P_FLOWERBED"""
"00864880",16,"""P_ROADSIDEDES"""
"00864890",12,"""P_ROADSIDE"""
"0086489c",12,"""P_WOODDENSE"""
"008648a8",12,"""P_WOODLAND"""
"008648b4",12,"""P_GRASS_DRY"""
"008648c0",16,"""P_GRASS_MEADOW"""
"008648d0",16,"""P_GRASS_SHORT"""
"008648e0",12,"""P_SANDBEACH"""
"008648ec",16,"""P_SAND_ROCKY"""
"008648fc",16,"""P_SAND_COMPACT"""
"0086490c",12,"""P_SAND_ARID"""
"00864918",16,"""P_SAND_DENSE"""
"00864928",8,"""P_SAND"""
"00864930",12,"""STAIRSWOOD"""
"0086493c",12,"""FLOORBOARD"""
"00864948",8,"""CARPET"""
"00864950",12,"""WOOD_BENCH"""
"0086495c",20,"""TRANSPARENT_STONE"""
"00864970",8,"""PLASTIC"""
"00864978",8,"""RUBBER"""
"00864980",20,"""TRANSPARENT_CLOTH"""
"00864994",20,"""CAR_MOVINGCOMPONENT"""
"008649a8",12,"""CAR_PANEL"""
"008649bc",16,"""CARDBOARDBOX"""
"008649cc",12,"""WHEELBASE"""
"008649d8",12,"""NEWS_VENDOR"""
"008649e4",12,"""CONTAINER"""
"008649f0",16,"""FIRE_HYDRANT"""
"00864a00",8,"""GIRDER"""
"00864a08",20,"""METAL_CHAIN_FENCE"""
"00864a1c",12,"""METAL_GATE"""
"00864a28",12,"""LAMP_POST"""
"00864a34",16,"""SCAFFOLD_POLE"""
"00864a44",20,"""THICK_METAL_PLATE"""
"00864a58",12,"""GARAGE_DOOR"""
"00864a65",6,"""MPTY2"""
"00864a6d",6,"""MPTY1"""
"00864a74",20,"""GLASS_WINDOWS_SMALL"""
"00864a88",20,"""GLASS_WINDOWS_LARGE"""
"00864a9c",8,"""GLASS"""
"00864aa4",12,"""WOOD_THIN"""
"00864ab0",12,"""WOOD_SOLID"""
"00864abc",12,"""WOOD_CRATES"""
"00864ac8",8,"""HEDGE"""
"00864ad0",12,"""CORNFIELD"""
"00864adc",16,"""WATER_SHALLOW"""
"00864aec",16,"""WATER_RIVERBED"""
"00864afc",12,"""ROCK_CLIFF"""
"00864b08",12,"""ROCK_WET"""
"00864b14",12,"""ROCK_DRY"""
"00864b20",16,"""CONCRETE_BEACH"""
"00864b30",12,"""SAND_BEACH"""
"00864b3c",12,"""SAND_MORE"""
"00864b48",12,"""SAND_ARID"""
"00864b54",16,"""SAND_COMPACT"""
"00864b64",12,"""SAND_MEDIUM"""
"00864b70",12,"""SAND_DEEP"""
"00864b7c",12,"""DIRTTRACK"""
"00864b91",7,"""UD_DRY"""
"00864b99",7,"""UD_WET"""
"00864ba0",12,"""VEGETATION"""
"00864bac",16,"""WOODLANDGROUND"""
"00864bbc",12,"""WASTEGROUND"""
"00864bc8",8,"""MEADOW"""
"00864bd0",12,"""FLOWERBED"""
"00864bdc",12,"""STEEP_CLIFF"""
"00864be8",20,"""STEEP_SLIDYGRASS"""
"00864bfc",20,"""GOLFGRASS_SMOOTH"""
"00864c10",16,"""GOLFGRASS_ROUGH"""
"00864c20",16,"""GRASS_LONG_DRY"""
"00864c30",20,"""GRASS_MEDIUM_DRY"""
"00864c44",16,"""GRASS_SHORT_DRY"""
"00864c54",16,"""GRASS_LONG_LUSH"""
"00864c64",20,"""GRASS_MEDIUM_LUSH"""
"00864c78",20,"""GRASS_SHORT_LUSH"""
"00864c8c",16,"""PAINTED_GROUND"""
"00864c9c",16,"""FUCKED_CONCRETE"""
"00864cac",8,"""GRAVEL"""
"00864cb4",16,"""PAVEMENT_FUCKED"""
"00864cc4",12,"""PAVEMENT"""
"00864cd0",20,"""TARMAC_REALLYFUCKED"""
"00864ce4",16,"""TARMAC_FUCKED"""
"00864cf4",8,"""TARMAC"""
"00864d0c",8,"""SPARKS"""
"00864d1c",8,"""SANDY"""
"00864d30",8,"""LOOSE"""
"00864d48",108,"""%s %s %f %f %s %s %d %d %d %d %d %d %d %d %d %d %d %d %d %d %d %d %d %d %d %d %d %d %d %d %d %d %d %d %d %s"""
"00864db4",18,"""data\\surfinfo.dat"""
"00864dc8",30,"""%s %d %d %d %d %d %d %d %d %d"""
"00864de8",17,"""data\\surfaud.dat"""
"00864e33",49,""">CopPursuit pointer list messed up: re-sorting\n"""
"00864e64",40,"""CopPursuit total messed up: re-setting\n"""
"00864e96",42,"""HBObject overlap list %d,%d not empty\n"""
"00864ec0",34,"""Ped overlap list %d,%d not empty\n"""
"00864ee4",38,"""Vehicle overlap list %d,%d not empty\n"""
"00864f0c",36,"""Dummy overlap list %d,%d not empty\n"""
"00864f30",39,"""Building overlap list %d,%d not empty\n"""
"00864f58",56,"""Car ModelIndex (slot:%d) has changed from %d into %d\n"""
"00864fa0",77,"""THERE IS NO MAP BELOW THE FOLLOWING COORS:%f %f %f. (FindGroundZFor3DCoord)\n"""
"00864ffc",9,"""gta3.ini"""
"00865028",7,"""NOTEAT"""
"00865063",9,""":THEMAP"""
"00865074",11,"""crosshaira"""
"00865080",10,"""crosshair"""
"0086508c",7,"""mousea"""
"00865094",6,"""mouse"""
"0086509c",12,"""back8_right"""
"008650a8",10,"""back8_top"""
"008650b8",6,"""back8"""
"008650c0",6,"""back7"""
"008650c8",6,"""back6"""
"008650d0",6,"""back5"""
"008650d8",6,"""back4"""
"008650e0",6,"""back3"""
"008650e8",6,"""back2"""
"008650f0",14,"""radio_TPLAYER"""
"00865100",11,"""radio_WCTR"""
"0086510c",19,"""radio_mastersounds"""
"00865120",11,"""radio_kjah"""
"0086512c",10,"""radio_csr"""
"00865138",13,"""radio_RADIOX"""
"00865148",10,"""radio_RLS"""
"00865154",11,"""radio_SFUR"""
"00865160",13,"""radio_bounce"""
"00865170",11,"""radio_KDST"""
"0086517c",12,"""radio_krose"""
"00865188",15,"""radio_playback"""
"00865198",7,"""arrowA"""
"008651a0",6,"""arrow"""
"008651b2",22,"""HBMODELS\\FRONTEN2.TXD"""
"008651c8",10,"""frontend2"""
"008651d4",22,"""MODELS/FRONTEN_pc.TXD"""
"008651ec",12,"""frontend_pc"""
"008651f8",20,"""MODELS\\FRONTEN1.TXD"""
"0086520c",10,"""frontend1"""
"00865218",20,"""MODELS/FRONTEN3.TXD"""
"0086522c",20,"""MODELS/FRONTEN2.TXD"""
"00865240",10,"""frontend3"""
"00865263",9,"""DCDERROR"""
"0086526c",8,"""WRONGCD"""
"00865274",7,"""OPENCD"""
"00865314",8,"""FEH_MPH"""
"0086531c",8,"""FEH_MPB"""
"00865334",7,"""FE_MLG"""
"00865364",8,"""FEM_PWT"""
"008653ac",8,"""FED_BL1"""
"008653b4",8,"""FED_BL2"""
"008653bc",8,"""FED_BL3"""
"008653c4",8,"""FED_BL4"""
"008653cc",8,"""FED_BL5"""
"008653d4",8,"""FEP_OPT"""
"008653e7",9,"""ACODEWAY"""
"008653f8",7,"""FET_LG"""
"00865400",8,"""FES_LCE"""
"00865408",8,"""FES_DEL"""
"00865410",8,"""FES_DEE"""
"00865418",7,"""FET_SG"""
"00865420",8,"""FES_CMP"""
"00865428",8,"""FES_NIM"""
"00865455",7,"""ED_AAS"""
"0086545c",8,"""FED_RES"""
"00865468",8,"""FET_SCN"""
"00865470",8,"""FET_CCN"""
"00865478",8,"""FED_FXV"""
"00865480",8,"""FED_FXH"""
"00865488",8,"""FED_FXM"""
"00865490",8,"""FED_FXL"""
"00865498",8,"""FEA_PR1"""
"008654a0",8,"""FEA_PR2"""
"008654a8",8,"""FEA_PR3"""
"008654b0",8,"""FED_RDM"""
"008654b8",8,"""FED_RDB"""
"008654c0",8,"""FEL_SPA"""
"008654c8",8,"""FEL_ITA"""
"008654d0",8,"""FEL_GER"""
"008654d8",8,"""FEL_FRE"""
"008654e0",8,"""FEL_ENG"""
"008654e8",8,"""FEJ_TIT"""
"008654f0",8,"""FEC_MOU"""
"008654f8",9,"""FEM_SL%d"""
"00865504",8,"""FESZ_CS"""
"0086551c",8,"""FES_LCG"""
"00865524",8,"""FESZ_QO"""
"0086552c",8,"""FESZ_QC"""
"00865534",8,"""FEQ_SRW"""
"0086553c",8,"""FESZ_QQ"""
"00865564",8,"""FEA_SMP"""
"0086556c",8,"""FEC_ER3"""
"00865574",8,"""FEC_ER2"""
"0086557c",8,"""FEC_ERI"""
"0086566c",8,"""NO_PCCD"""
"00865674",11,"""gta_sa.set"""
"00865684",44,"""The previously saved language is now in use"""
"008656b0",8,"""FESZ_QR"""
"008656b8",8,"""FESZ_MR"""
"008656c0",26,"""MPACK//MPACK%d//MPACK.DAT"""
"008656dc",7,"""NO_PAK"""
"008656e4",25,"""MPACK//MPACK%d//TEXT.GXT"""
"00865700",8,"""FEC_QUE"""
"00865708",18,"""</table>\n</body>\n"""
"00865720",156,"""<td><font color=\""#F0000C\"" size=\""2\"" face=\""Arial, Helvetica, sans-serif\"">&nbsp;<a href=\""http://www.rockstarnorth.com\"">rockstarnorth.com</a></font></td></tr>\n"""
"008657c0",145,"""<td><font color=\""#F0000C\"" size=\""2\"" face=\""Arial, Helvetica, sans-serif\""><a href=\""http://www.rockstargames.com\"">rockstargames.com</a></font></td>\n"""
"00865858",167,"""<td><font color=\""#F0000C\"" size=\""2\"" face=\""Arial, Helvetica, sans-serif\""><a href=\""http://www.rockstargames.com/sanandreas\"">rockstargames.com/sanandreas</a></font></td>\n"""
"00865900",144,"""</table><br><table width=\""560\"" border=\""0\""  align=\""center\"" cellspacing=\""0\"" cellpadding=\""5\""><tr align=\""center\"" valign=\""middle\"" bgcolor=\""#000000\"">"""
"00865990",8,"""%0.0f%%"""
"00865998",138,"""</strong></font></td> <td width=\""500\"" align=\""right\"" valign=\""middle\"" bgcolor=\""#555555\""> <div align=\""right\""><strong><font color=\""#FFFFFF\"">\n"""
"00865a28",153,"""<tr align=\""left\"" valign=\""top\""><td width=\""500\"" height=\""22\"" bgcolor=\""#555555\""><font color=\""#FFFFFF\"" size=\""2\"" face=\""Arial, Helvetica, sans-serif\""><strong>\n"""
"00865ac8",125,"""</font></strong></div></td> </tr> <tr align=\""left\"" valign=\""top\"" bgcolor=\""#000000\"">  <td height=\""10\"" colspan=\""2\""></td> </tr>\n"""
"00865b48",138,"""</strong></font></td> <td width=\""500\"" align=\""right\"" valign=\""middle\"" bgcolor=\""#000000\""> <div align=\""right\""><strong><font color=\""#FF0CCC\"">\n"""
"00865bd4",8,"""FES_MSC"""
"00865bdc",8,"""FES_MIS"""
"00865be4",8,"""FES_ACH"""
"00865bec",8,"""FES_CRI"""
"00865bf4",8,"""FES_GAN"""
"00865bfc",8,"""FES_WEA"""
"00865c04",8,"""FES_MON"""
"00865c0c",8,"""FES_PLA"""
"00865c18",141,"""<tr align=\""left\"" valign=\""top\""><td height=\""30\"" bgcolor=\""#000000\""><font color=\""#009900\"" size=\""4\"" face=\""Arial, Helvetica, sans-serif\""><strong>\n"""
"00865ca8",125,"""</font></strong></div></td> </tr> <tr align=\""left\"" valign=\""top\"" bgcolor=\""#000000\"">  <td height=\""25\"" colspan=\""2\""></td> </tr>\n"""
"00865d28",118,"""%s (%d)</font></td>  </tr>  <tr align=\""left\"" valign=\""top\"" bgcolor=\""#000000\""><td height=\""10\"" colspan=\""2\""></td>  </tr>\n"""
"00865da0",116,"""<td height=\""20\"" colspan=\""2\""><font color=\""#F0000C\"" size=\""2\"" face=\""Arial, Helvetica, sans-serif\""><strong>%s</strong>\n"""
"00865e14",7,"""CRIMRA"""
"00865e20",93,"""<td height=\""10\"" colspan=\""2\""></td> </tr> <tr align=\""center\"" valign=\""top\"" bgcolor=\""#000000\""> \n"""
"00865e80",143,"""<tr align=\""center\"" valign=\""top\"" bgcolor=\""#000000\""> <td height=\""5\"" colspan=\""2\""></td> </tr> <tr align=\""center\"" valign=\""top\"" bgcolor=\""#000000\""> \n"""
"00865f10",47,"""%s<strong><br></strong> </font></p></td></tr>\n"""
"00865f40",35,"""%s</font><br>        %s: </strong>"""
"00865f64",8,"""FES_CMI"""
"00865f70",144,"""<td height=\""40\"" colspan=\""2\""> <p><font color=\""#F0000C\"" size=\""2\"" face=\""Arial, Helvetica, sans-serif\""><strong><font color=\""#F0000C\"" size=\""1\"">%s: \n"""
"00866000",8,"""FES_DAT"""
"00866008",53,"""<tr align=\""center\"" valign=\""top\"" bgcolor=\""#000000\""> \n"""
"00866040",103,"""<tr align=\""center\"" valign=\""top\"" bgcolor=\""#000000\"">     <td height=\""22\"" colspan=\""2\"">&nbsp;</td>  </tr>\n"""
"008660a8",116,"""color=\""#FFFFFF\"">-------------------------------------------------------------------</font></font></div></td> </tr>\n"""
"0086611c",29,"""%s</font></strong><br><font\n"""
"0086613c",8,"""FEH_STA"""
"00866144",60,"""<strong><font color=\""#FFFFFF\"">GRAND THEFT AUTO SAN ANDREAS """
"00866180",51,"""size=\""5\"" face=\""Arial, Helvetica, sans-serif\""><br>\n"""
"008661b8",105,"""Helvetica, sans-serif\"">-------------------------------------------------------------------</font><font \n"""
"00866228",112,"""<td height=\""59\"" colspan=\""2\"" bgcolor=\""#000000\""><div align=\""center\""><font color=\""#FFFFFF\"" size=\""5\"" face=\""Arial, \n"""
"00866298",35,"""<tr align=\""center\"" valign=\""top\""> \n"""
"008662c0",79,"""<table width=\""560\"" align=\""center\"" border=\""0\"" cellpadding=\""5\"" cellspacing=\""0\"">\n"""
"00866310",92,"""<body bgcolor=\""#000000\"" leftmargin=\""10\"" topmargin=\""10\"" marginwidth=\""10\"" marginheight=\""10\"">\n"""
"0086636c",51,"""<title>Grand Theft Auto San Andreas Stats</title>\n"""
"008663a0",11,"""stats.html"""
"008663b0",6,"""ITBEG"""
"008663b8",8,"""FEH_SSA"""
"008663c0",8,"""FET_MIG"""
"008663c8",8,"""FEH_BPO"""
"008663d0",8,"""FEH_JMP"""
"008663d8",8,"""FEH_SNC"""
"008663e0",8,"""FET_APP"""
"008663e8",8,"""FET_STS"""
"008663f0",8,"""FET_RSO"""
"008663f8",8,"""FET_HRD"""
"00866400",8,"""FEA_SCF"""
"00866408",8,"""FEA_SCS"""
"00866410",8,"""FET_EIG"""
"00866418",8,"""FET_CIG"""
"00866420",8,"""FET_RIG"""
"00866428",8,"""FEC_UNB"""
"00866430",8,"""FEC_CMP"""
"00866438",8,"""FEDS_TB"""
"00866440",8,"""FET_CFT"""
"00866448",8,"""FET_CCR"""
"00866450",8,"""FEC_CEN"""
"00866458",8,"""FEC_LDU"""
"00866460",8,"""FEC_LUD"""
"00866468",8,"""FEC_LOR"""
"00866470",8,"""FEC_LOL"""
"00866478",8,"""FEC_VML"""
"00866480",8,"""FEC_LBA"""
"00866488",8,"""FEC_TFD"""
"00866490",8,"""FEC_TFU"""
"00866498",8,"""FEC_TFR"""
"008664a0",8,"""FEC_TFL"""
"008664a8",8,"""FEC_PDW"""
"008664b0",8,"""FEC_ANS"""
"008664b8",8,"""FEC_CRO"""
"008664c0",8,"""FEC_TAR"""
"008664c8",8,"""FEC_HND"""
"008664d0",8,"""FEC_SPN"""
"008664d8",8,"""FEC_JMP"""
"008664e0",8,"""FEC_CMR"""
"008664e8",8,"""FEC_SUB"""
"008664f0",8,"""FEC_HRN"""
"008664f8",8,"""FEC_RTS"""
"00866500",8,"""FEC_RSP"""
"00866508",8,"""FEC_RSC"""
"00866510",8,"""FEC_EEX"""
"00866518",8,"""FEC_ZOT"""
"00866520",8,"""FEC_ZIN"""
"00866528",8,"""FEC_GPB"""
"00866530",8,"""FEC_GPF"""
"00866538",8,"""FEC_CON"""
"00866540",8,"""FEC_PLD"""
"00866548",8,"""FEC_PLU"""
"00866550",8,"""FEC_RIG"""
"00866558",8,"""FEC_LEF"""
"00866560",8,"""FEC_TSK"""
"00866568",8,"""FEC_BRA"""
"00866570",8,"""FEC_ACC"""
"00866578",8,"""FEC_COY"""
"00866580",8,"""FEC_BAC"""
"00866588",8,"""FEC_FOR"""
"00866590",8,"""FEC_PWE"""
"00866598",8,"""FEC_NWE"""
"008665a0",8,"""FEC_FIA"""
"008665a8",8,"""FEC_FIR"""
"008665bf",13,"""?radar_spray"""
"008665cc",12,"""radar_gangG"""
"008665d8",12,"""radar_gangN"""
"008665e4",12,"""radar_gangY"""
"008665f0",12,"""radar_gangP"""
"008665fc",12,"""radar_gangB"""
"00866608",13,"""radar_runway"""
"00866618",12,"""radar_light"""
"00866624",14,"""radar_impound"""
"00866634",10,"""radar_gym"""
"00866640",11,"""radar_flag"""
"0086664c",11,"""radar_cash"""
"00866658",12,"""radar_truck"""
"00866664",15,"""radar_dateFood"""
"00866674",16,"""radar_dateDrink"""
"00866684",16,"""radar_dateDisco"""
"00866694",11,"""radar_ZERO"""
"008666a0",13,"""radar_WOOZIE"""
"008666b0",13,"""radar_tshirt"""
"008666c0",19,"""radar_triadsCasino"""
"008666d4",13,"""radar_triads"""
"008666e4",18,"""radar_TorenoRanch"""
"008666f8",15,"""radar_waypoint"""
"00866708",15,"""radar_THETRUTH"""
"00866718",13,"""radar_tattoo"""
"00866728",12,"""radar_SWEET"""
"00866734",12,"""radar_qmark"""
"00866740",13,"""radar_school"""
"00866750",15,"""radar_saveGame"""
"00866760",12,"""radar_RYDER"""
"0086676c",11,"""radar_race"""
"00866778",16,"""radar_propertyR"""
"00866788",16,"""radar_propertyG"""
"00866798",13,"""radar_police"""
"008667a8",12,"""radar_pizza"""
"008667b4",12,"""radar_OGLOC"""
"008667c0",16,"""radar_modGarage"""
"008667d0",14,"""radar_MCSTRAP"""
"008667e0",18,"""radar_mafiaCasino"""
"008667f4",13,"""radar_MADDOG"""
"00866804",20,"""radar_LocoSyndicate"""
"00866818",16,"""radar_hostpitaL"""
"00866828",17,"""radar_girlfriend"""
"0086683c",11,"""radar_fire"""
"00866848",18,"""radar_enemyAttack"""
"0086685c",15,"""radar_emmetGun"""
"0086686c",12,"""radar_diner"""
"00866878",13,"""radar_CRASH1"""
"00866888",9,"""radar_CJ"""
"00866894",14,"""radar_chicken"""
"008668a4",20,"""radar_CESARVIAPANDO"""
"008668b8",19,"""radar_CATALINAPINK"""
"008668cc",16,"""radar_bulldozer"""
"008668dc",17,"""radar_burgerShot"""
"008668f0",15,"""radar_boatyard"""
"00866900",15,"""radar_BIGSMOKE"""
"00866910",14,"""radar_barbers"""
"00866920",14,"""radar_ammugun"""
"00866930",14,"""radar_airYard"""
"00866940",12,"""radar_north"""
"0086694c",13,"""radar_centre"""
"00866970",6,"""LG_56"""
"00866978",6,"""LG_55"""
"00866980",6,"""LG_54"""
"00866988",6,"""LG_50"""
"00866990",6,"""LG_49"""
"00866998",6,"""LG_65"""
"008669a0",6,"""LG_67"""
"008669a8",6,"""LG_66"""
"008669b0",6,"""LG_64"""
"008669b8",6,"""LG_63"""
"008669c0",6,"""LG_62"""
"008669c8",6,"""LG_61"""
"008669d0",6,"""LG_60"""
"008669d8",6,"""LG_59"""
"008669e0",6,"""LG_58"""
"008669e8",6,"""LG_57"""
"008669f0",6,"""LG_53"""
"008669f8",6,"""LG_52"""
"00866a00",6,"""LG_51"""
"00866a08",6,"""LG_48"""
"00866a10",6,"""LG_47"""
"00866a18",6,"""LG_46"""
"00866a20",6,"""LG_45"""
"00866a28",6,"""LG_44"""
"00866a30",6,"""LG_43"""
"00866a38",6,"""LG_42"""
"00866a40",6,"""LG_41"""
"00866a48",6,"""LG_40"""
"00866a50",6,"""LG_39"""
"00866a58",6,"""LG_37"""
"00866a60",6,"""LG_36"""
"00866a68",6,"""LG_35"""
"00866a70",6,"""LG_34"""
"00866a78",6,"""LG_33"""
"00866a80",6,"""LG_32"""
"00866a88",6,"""LG_31"""
"00866a90",6,"""LG_30"""
"00866a98",6,"""LG_29"""
"00866aa0",6,"""LG_28"""
"00866aa8",6,"""LG_27"""
"00866ab0",6,"""LG_26"""
"00866ab8",6,"""LG_25"""
"00866ac0",6,"""LG_24"""
"00866ac8",6,"""LG_23"""
"00866ad0",6,"""LG_22"""
"00866ad8",6,"""LG_21"""
"00866ae0",6,"""LG_20"""
"00866ae8",6,"""LG_19"""
"00866af0",6,"""LG_18"""
"00866af8",6,"""LG_17"""
"00866b00",6,"""LG_16"""
"00866b08",6,"""LG_15"""
"00866b10",6,"""LG_13"""
"00866b18",6,"""LG_12"""
"00866b20",6,"""LG_11"""
"00866b28",6,"""LG_10"""
"00866b30",6,"""LG_09"""
"00866b38",6,"""LG_07"""
"00866b40",6,"""LG_06"""
"00866b48",6,"""LG_05"""
"00866b50",6,"""LG_04"""
"00866b58",6,"""LG_03"""
"00866b60",6,"""LG_02"""
"00866b68",6,"""LG_01"""
"00866b8f",9,"""ACODEAIR"""
"00866b98",10,"""radar%02d"""
"00866bbc",6,"""%d-%d"""
"00866bc4",7,"""DAY_%d"""
"00866bcc",8,"""STAT025"""
"00866bd4",8,"""STAT021"""
"00866bdc",8,"""STAT023"""
"00866be4",8,"""STAT022"""
"00866bf0",8,"""CURWSKL"""
"00866bf8",8,"""STAT225"""
"00866c00",8,"""STAT068"""
"00866c52",10,"""hBICON"""
"00866c67",13,"""?CROSSHAIR"""
"00866c8c",7,"""-$%07d"""
"00866c94",6,"""$%08d"""
"00866cb0",7,"""SKIP_1"""
"00866cc2",10,"""HBloadscs"""
"00866ccc",9,"""loadsc%d"""
"00866cd8",12,"""title_pc_US"""
"00866ce8",7,"""nvidia"""
"00866cf0",12,"""loadscs.txd"""
"00866cfc",12,"""MODELS\\TXD\\"""
"00866d28",11,"""int_office"""
"00866d34",9,"""int_shop"""
"00866d40",10,"""int_house"""
"00866d4c",6,"""house"""
"00866dd8",44,"""WINSOCK.DLL does not support version 1.1\n"""
"00866e04",32,"""No usable WINSOCK.DLL found\n"""
"00866e24",28,"""Starting WinSock API...\n"""
"00866fe6",46,"""HB%s %s %f %f %d %d %f %f %f %f %f %f %d %d"""
"00867014",17,"""data\\procobj.dat"""
"00867090",8,"""glasses"""
"00867098",8,"""watch"""
"008670a0",12,"""necklace"""
"008670ac",9,"""face_fat"""
"008670c0",12,"""legs_ripped"""
"008670cc",9,"""legs_fat"""
"008670d8",13,"""torso_ripped"""
"008670e8",10,"""torso_fat"""
"008670f4",12,"""player_feet"""
"00867100",12,"""player_face"""
"0086710c",12,"""player_legs"""
"00867118",13,"""player_torso"""
"00867130",8,"""hands"""
"0086713b",21,""";MODELS\\PLAYER.IMG"""
"00867160",8,"""normal"""
"00867168",7,"""ripped"""
"0086718a",14,"""HBbalaclava"""
"008671a0",13,"""endexclusive"""
"008671b0",10,"""exclusive"""
"008671bc",10,"""endignore"""
"008671c8",8,"""ignore"""
"008671f8",17,"""DATA\\CLOTHES.DAT"""
"0086720c",9,"""muscular"""
"0086721c",8,"""CRED716"""
"00867224",8,"""CRED715"""
"0086722c",8,"""CRED714"""
"00867234",8,"""CRED713"""
"0086723c",8,"""CRED712"""
"00867244",8,"""CRED711"""
"0086724c",8,"""CRED710"""
"00867254",8,"""CRED709"""
"0086725c",8,"""CRED708"""
"00867264",8,"""CRED707"""
"0086726c",8,"""CRED706"""
"00867274",8,"""CRED705"""
"0086727c",8,"""CRED704"""
"00867284",8,"""CRED703"""
"0086728c",8,"""CRED702"""
"00867294",8,"""CRED701"""
"0086729c",8,"""CRED700"""
"008672a4",8,"""CRED630"""
"008672ac",8,"""CRED629"""
"008672b4",8,"""CRED628"""
"008672bc",8,"""CRED627"""
"008672c4",8,"""CRED626"""
"008672cc",8,"""CRED625"""
"008672d4",8,"""CRED624"""
"008672dc",8,"""CRED623"""
"008672e4",8,"""CRED622"""
"008672ec",8,"""CRED621"""
"008672f4",8,"""CRED620"""
"008672fc",8,"""CRED619"""
"00867304",8,"""CRED618"""
"0086730c",8,"""CRED617"""
"00867314",8,"""CRED616"""
"0086731c",8,"""CRED615"""
"00867324",8,"""CRED614"""
"0086732c",8,"""CRED613"""
"00867334",8,"""CRED612"""
"0086733c",8,"""CRED611"""
"00867344",8,"""CRED610"""
"0086734c",8,"""CRED609"""
"00867354",8,"""CRED608"""
"0086735c",8,"""CRED607"""
"00867364",8,"""CRED606"""
"0086736c",8,"""CRED605"""
"00867374",8,"""CRED604"""
"0086737c",8,"""CRED603"""
"00867384",8,"""CRED602"""
"0086738c",8,"""CRED601"""
"00867394",8,"""CRED600"""
"0086739c",8,"""CRED545"""
"008673a4",8,"""CRED544"""
"008673ac",8,"""CRED543"""
"008673b4",8,"""CRED542"""
"008673bc",8,"""CRD541C"""
"008673c4",8,"""CRD541B"""
"008673cc",8,"""CRD541A"""
"008673d4",8,"""CRED541"""
"008673dc",8,"""CRED540"""
"008673e4",8,"""CRED539"""
"008673ec",8,"""CRED538"""
"008673f4",8,"""CRED537"""
"008673fc",8,"""CRED536"""
"00867404",8,"""CRED535"""
"0086740c",8,"""CRED534"""
"00867414",8,"""CRED533"""
"0086741c",8,"""CRED532"""
"00867424",8,"""CRED531"""
"0086742c",8,"""CRED530"""
"00867434",8,"""CRED529"""
"0086743c",8,"""CRED527"""
"00867444",8,"""CRED526"""
"0086744c",8,"""CRED525"""
"00867454",8,"""CRED524"""
"0086745c",8,"""CRED523"""
"00867464",8,"""CRED522"""
"0086746c",8,"""CRED521"""
"00867474",8,"""CRED520"""
"0086747c",8,"""CRED519"""
"00867484",8,"""CRED518"""
"0086748c",8,"""CRED517"""
"00867494",8,"""CRED516"""
"0086749c",8,"""CRED515"""
"008674a4",8,"""CRED512"""
"008674ac",8,"""CRED511"""
"008674b4",8,"""CRED510"""
"008674bc",8,"""CRED509"""
"008674c4",8,"""CRED508"""
"008674cc",8,"""CRED507"""
"008674d4",8,"""CRED506"""
"008674dc",8,"""CRED505"""
"008674e4",8,"""CRED504"""
"008674ec",8,"""CRED503"""
"008674f4",8,"""CRED502"""
"008674fc",8,"""CRED501"""
"00867504",8,"""CRED500"""
"0086750c",8,"""CRED499"""
"00867514",8,"""CRED498"""
"0086751c",8,"""CRED497"""
"00867524",8,"""CRED496"""
"0086752c",8,"""CRED495"""
"00867534",8,"""CRED494"""
"0086753c",8,"""CRED493"""
"00867544",8,"""CRED492"""
"0086754c",8,"""CRED491"""
"00867554",8,"""CRED490"""
"0086755c",8,"""CRED489"""
"00867564",8,"""CRED488"""
"0086756c",8,"""CRED487"""
"00867574",8,"""CRED486"""
"0086757c",8,"""CRED485"""
"00867584",8,"""CRED484"""
"0086758c",8,"""CRED483"""
"00867594",8,"""CRED482"""
"0086759c",8,"""CRED481"""
"008675a4",8,"""CRED480"""
"008675ac",8,"""CRED479"""
"008675b4",8,"""CRED478"""
"008675bc",8,"""CRED477"""
"008675c4",8,"""CRED476"""
"008675cc",8,"""CRED475"""
"008675d4",8,"""CRED474"""
"008675dc",8,"""CRED473"""
"008675e4",8,"""CRED472"""
"008675ec",8,"""CRED471"""
"008675f4",8,"""CRED470"""
"008675fc",8,"""CRED469"""
"00867604",8,"""CRED468"""
"0086760c",8,"""CRED467"""
"00867614",8,"""CRED466"""
"0086761c",8,"""CRED465"""
"00867624",8,"""CRED464"""
"0086762c",8,"""CRED463"""
"00867634",8,"""CRED462"""
"0086763c",8,"""CRED461"""
"00867644",8,"""CRED460"""
"0086764c",8,"""CRED459"""
"00867654",8,"""CRED458"""
"0086765c",8,"""CRED457"""
"00867664",8,"""CRED456"""
"0086766c",8,"""CRD455D"""
"00867674",8,"""CRD455C"""
"0086767c",8,"""CRD455B"""
"00867684",8,"""CRD455A"""
"0086768c",8,"""CRED455"""
"00867694",8,"""CRED454"""
"0086769c",8,"""CRED453"""
"008676a4",8,"""CRED452"""
"008676ac",8,"""CRED451"""
"008676b4",8,"""CRED450"""
"008676bc",8,"""CRED449"""
"008676c4",8,"""CRED448"""
"008676cc",8,"""CRED447"""
"008676d4",8,"""CRED446"""
"008676dc",8,"""CRED445"""
"008676e4",8,"""CRED444"""
"008676ec",8,"""CRED443"""
"008676f4",8,"""CRED442"""
"008676fc",8,"""CRED441"""
"00867704",8,"""CRED440"""
"0086770c",8,"""CRED439"""
"00867714",8,"""CRED438"""
"0086771c",8,"""CRED437"""
"00867724",8,"""CRED436"""
"0086772c",8,"""CRED435"""
"00867734",8,"""CRED434"""
"0086773c",8,"""CRED433"""
"00867744",8,"""CRED432"""
"0086774c",8,"""CRED431"""
"00867754",8,"""CRED430"""
"0086775c",8,"""CRED429"""
"00867764",8,"""CRED428"""
"0086776c",8,"""CRED427"""
"00867774",8,"""CRED426"""
"0086777c",8,"""CRED425"""
"00867784",8,"""CRED424"""
"0086778c",8,"""CRED423"""
"00867794",8,"""CRED422"""
"0086779c",8,"""CRED421"""
"008677a4",8,"""CRED420"""
"008677ac",8,"""CRED419"""
"008677b4",8,"""CRED418"""
"008677bc",8,"""CRED417"""
"008677c4",8,"""CRED416"""
"008677cc",8,"""CRED415"""
"008677d4",8,"""CRED414"""
"008677dc",8,"""CRED413"""
"008677e4",8,"""CRED412"""
"008677ec",8,"""CRED411"""
"008677f4",8,"""CRED410"""
"008677fc",8,"""CRED409"""
"00867804",8,"""CRED408"""
"0086780c",8,"""CRED407"""
"00867814",8,"""CRED406"""
"0086781c",8,"""CRED405"""
"00867824",8,"""CRED404"""
"0086782c",8,"""CRED403"""
"00867834",8,"""CRED402"""
"0086783c",8,"""CRED401"""
"00867844",8,"""CRED400"""
"0086784c",8,"""CRED399"""
"00867854",8,"""CRED398"""
"0086785c",8,"""CRED397"""
"00867864",8,"""CRED396"""
"0086786c",8,"""CRED395"""
"00867874",8,"""CRED394"""
"0086787c",8,"""CRED393"""
"00867884",8,"""CRED392"""
"0086788c",8,"""CRED391"""
"00867894",8,"""CRED390"""
"0086789c",8,"""CRED389"""
"008678a4",8,"""CRED388"""
"008678ac",8,"""CRED387"""
"008678b4",8,"""CRED386"""
"008678bc",8,"""CRED385"""
"008678c4",8,"""CRED384"""
"008678cc",8,"""CRED383"""
"008678d4",8,"""CRED382"""
"008678dc",8,"""CRED381"""
"008678e4",8,"""CRED380"""
"008678ec",8,"""CRED379"""
"008678f4",8,"""CRED378"""
"008678fc",8,"""CRED377"""
"00867904",8,"""CRED376"""
"0086790c",8,"""CRED375"""
"00867914",8,"""CRED374"""
"0086791c",8,"""CRED373"""
"00867924",8,"""CRED372"""
"0086792c",8,"""CRED371"""
"00867934",8,"""CRED370"""
"0086793c",8,"""CRED369"""
"00867944",8,"""CRED368"""
"0086794c",8,"""CRED367"""
"00867954",8,"""CRED366"""
"0086795c",8,"""CRED365"""
"00867964",8,"""CRED364"""
"0086796c",8,"""CRED363"""
"00867974",8,"""CRED362"""
"0086797c",8,"""CRED361"""
"00867984",8,"""CRED360"""
"0086798c",8,"""CRED359"""
"00867994",8,"""CRED358"""
"0086799c",8,"""CRED357"""
"008679a4",8,"""CRED356"""
"008679ac",8,"""CRED355"""
"008679b4",8,"""CRED354"""
"008679bc",8,"""CRED353"""
"008679c4",8,"""CRED352"""
"008679cc",8,"""CRED351"""
"008679d4",8,"""CRED350"""
"008679dc",8,"""CRED349"""
"008679e4",8,"""CRED348"""
"008679ec",8,"""CRED347"""
"008679f4",8,"""CRED346"""
"008679fc",8,"""CRED345"""
"00867a04",8,"""CRED344"""
"00867a0c",8,"""CRED343"""
"00867a14",8,"""CRED342"""
"00867a1c",8,"""CRED341"""
"00867a24",8,"""CRED340"""
"00867a2c",8,"""CRED339"""
"00867a34",8,"""CRED338"""
"00867a3c",8,"""CRED337"""
"00867a44",8,"""CRED336"""
"00867a4c",8,"""CRED335"""
"00867a54",8,"""CRED334"""
"00867a5c",8,"""CRED333"""
"00867a64",8,"""CRED332"""
"00867a6c",8,"""CRED331"""
"00867a74",8,"""CRED330"""
"00867a7c",8,"""CRED329"""
"00867a84",8,"""CRED328"""
"00867a8c",8,"""CRED327"""
"00867a94",8,"""CRED326"""
"00867a9c",8,"""CRED325"""
"00867aa4",8,"""CRED324"""
"00867aac",8,"""CRED323"""
"00867ab4",8,"""CRED322"""
"00867abc",8,"""CRED321"""
"00867ac4",8,"""CRED320"""
"00867acc",8,"""CRED319"""
"00867ad4",8,"""CRED318"""
"00867adc",8,"""CRED317"""
"00867ae4",8,"""CRED316"""
"00867aec",8,"""CRED315"""
"00867af4",8,"""CRED314"""
"00867afc",8,"""CRED313"""
"00867b04",8,"""CRED312"""
"00867b0c",8,"""CRED311"""
"00867b14",8,"""CRED310"""
"00867b1c",8,"""CRED309"""
"00867b24",8,"""CRD308N"""
"00867b2c",8,"""CRD308M"""
"00867b34",8,"""CRD308L"""
"00867b3c",8,"""CRD308K"""
"00867b44",8,"""CRD308J"""
"00867b4c",8,"""CRD308I"""
"00867b54",8,"""CRD308H"""
"00867b5c",8,"""CRD308G"""
"00867b64",8,"""CRD308F"""
"00867b6c",8,"""CRD308E"""
"00867b74",8,"""CRD308D"""
"00867b7c",8,"""CRD308C"""
"00867b84",8,"""CRD308B"""
"00867b8c",8,"""CRD308A"""
"00867b94",8,"""CRED308"""
"00867b9c",8,"""CRED307"""
"00867ba4",8,"""CRED306"""
"00867bac",8,"""CRED305"""
"00867bb4",8,"""CRED304"""
"00867bbc",8,"""CRED303"""
"00867bc4",8,"""CRED302"""
"00867bcc",8,"""CRED301"""
"00867bd4",8,"""CRED300"""
"00867bdc",8,"""CRED299"""
"00867be4",8,"""CRED298"""
"00867bec",8,"""CRED297"""
"00867bf4",8,"""CRED296"""
"00867bfc",8,"""CRED295"""
"00867c04",8,"""CRED294"""
"00867c0c",8,"""CRED293"""
"00867c14",8,"""CRED292"""
"00867c1c",8,"""CRED291"""
"00867c24",8,"""CRED290"""
"00867c2c",8,"""CRED289"""
"00867c34",8,"""CRED288"""
"00867c3c",8,"""CRED287"""
"00867c44",8,"""CRED286"""
"00867c4c",8,"""CRED285"""
"00867c54",8,"""CRED284"""
"00867c5c",8,"""CRED283"""
"00867c64",8,"""CRED282"""
"00867c6c",8,"""CRED281"""
"00867c74",8,"""CRED280"""
"00867c7c",8,"""CRED279"""
"00867c84",8,"""CRED278"""
"00867c8c",8,"""CRED277"""
"00867c94",8,"""CRED276"""
"00867c9c",8,"""CRED275"""
"00867ca4",8,"""CRED274"""
"00867cac",8,"""CRED273"""
"00867cb4",8,"""CRED272"""
"00867cbc",8,"""CRED271"""
"00867cc4",8,"""CRED270"""
"00867ccc",8,"""CRED269"""
"00867cd4",8,"""CRED268"""
"00867cdc",8,"""CRED998"""
"00867ce4",8,"""CRED999"""
"00867cec",8,"""CRED267"""
"00867cf4",8,"""CRED266"""
"00867cfc",8,"""CRED265"""
"00867d04",8,"""CRED264"""
"00867d0c",8,"""CRED263"""
"00867d14",8,"""CRED262"""
"00867d1c",8,"""CRED261"""
"00867d24",8,"""CRED260"""
"00867d2c",8,"""CRED259"""
"00867d34",8,"""CRED258"""
"00867d3c",8,"""CRED257"""
"00867d44",8,"""CRED256"""
"00867d4c",8,"""CRED255"""
"00867d54",8,"""CRED254"""
"00867d5c",8,"""CRED253"""
"00867d64",8,"""CRED252"""
"00867d6c",8,"""CRED251"""
"00867d74",8,"""CRED250"""
"00867d7c",8,"""CRED249"""
"00867d84",8,"""CRED248"""
"00867d8c",8,"""CRED247"""
"00867d94",8,"""CRED246"""
"00867d9c",8,"""CRED245"""
"00867da4",8,"""CRED244"""
"00867dac",8,"""CRED243"""
"00867db4",8,"""CRED242"""
"00867dbc",8,"""CRED241"""
"00867dc4",8,"""CRED240"""
"00867dcc",8,"""CRED239"""
"00867dd4",8,"""CRED238"""
"00867ddc",8,"""CRED237"""
"00867de4",8,"""CRED236"""
"00867dec",8,"""CRED235"""
"00867df4",8,"""CRED234"""
"00867dfc",8,"""CRED233"""
"00867e04",8,"""CRED232"""
"00867e0c",8,"""CRED231"""
"00867e14",8,"""CRED230"""
"00867e1c",8,"""CRED229"""
"00867e24",8,"""CRED228"""
"00867e2c",8,"""CRED227"""
"00867e34",8,"""CRED226"""
"00867e3c",8,"""CRED225"""
"00867e44",8,"""CRED224"""
"00867e4c",8,"""CRED223"""
"00867e54",8,"""CRED222"""
"00867e5c",8,"""CRED221"""
"00867e64",8,"""CRED220"""
"00867e6c",8,"""CRED219"""
"00867e74",8,"""CRED218"""
"00867e7c",8,"""CRED217"""
"00867e84",8,"""CRED216"""
"00867e8c",8,"""CRED215"""
"00867e94",8,"""CRED214"""
"00867e9c",8,"""CRED213"""
"00867ea4",8,"""CRED212"""
"00867eac",8,"""CRED211"""
"00867eb4",8,"""CRED210"""
"00867ebc",8,"""CRED209"""
"00867ec4",8,"""CRED208"""
"00867ecc",8,"""CRED207"""
"00867ed4",8,"""CRED206"""
"00867edc",8,"""CRED205"""
"00867ee4",8,"""CRED204"""
"00867eec",8,"""CRED203"""
"00867ef4",8,"""CRED202"""
"00867efc",8,"""CRED201"""
"00867f04",8,"""CRED200"""
"00867f0c",8,"""CRED199"""
"00867f14",8,"""CRED159"""
"00867f1c",8,"""CRED158"""
"00867f24",8,"""CRED157"""
"00867f2c",8,"""CRED156"""
"00867f34",8,"""CRED155"""
"00867f3c",8,"""CRD154A"""
"00867f44",8,"""CRED154"""
"00867f4c",8,"""CRD153A"""
"00867f54",8,"""CRED153"""
"00867f5c",8,"""CRED152"""
"00867f64",8,"""CRED151"""
"00867f6c",8,"""CRED150"""
"00867f74",8,"""CRED149"""
"00867f7c",8,"""CRED148"""
"00867f84",8,"""CRED147"""
"00867f8c",8,"""CRED146"""
"00867f94",8,"""CRED145"""
"00867f9c",8,"""CRED144"""
"00867fa4",8,"""CRED143"""
"00867fac",8,"""CRED142"""
"00867fb4",8,"""CRED993"""
"00867fbc",8,"""CRED141"""
"00867fc4",8,"""CRED140"""
"00867fcc",8,"""CRED139"""
"00867fd4",8,"""CRD138A"""
"00867fdc",8,"""CRED138"""
"00867fe4",8,"""CRED137"""
"00867fec",8,"""CRD136A"""
"00867ff4",8,"""CRED136"""
"00867ffc",8,"""CRED135"""
"00868004",8,"""CRD134A"""
"0086800c",8,"""CRED992"""
"00868014",8,"""CRED134"""
"0086801c",8,"""CRED133"""
"00868024",8,"""CRED132"""
"0086802c",8,"""CRED131"""
"00868034",8,"""CRED130"""
"0086803c",8,"""CRD129A"""
"00868044",8,"""CRED129"""
"0086804c",8,"""CRED128"""
"00868054",8,"""CRED127"""
"0086805c",8,"""CRD126B"""
"00868064",8,"""CRD126A"""
"0086806c",8,"""CRED126"""
"00868074",8,"""CRED125"""
"0086807c",8,"""CRED124"""
"00868084",8,"""CRED123"""
"0086808c",8,"""CRED994"""
"00868094",8,"""CRED122"""
"0086809c",8,"""CRED995"""
"008680a4",8,"""CRD121A"""
"008680ac",8,"""CRED121"""
"008680b4",8,"""CRD120A"""
"008680bc",8,"""CRED996"""
"008680c4",8,"""CRED120"""
"008680cc",8,"""CRED119"""
"008680d4",8,"""CRD118A"""
"008680dc",8,"""CRED997"""
"008680e4",8,"""CRED118"""
"008680ec",8,"""CRED117"""
"008680f4",8,"""CRED116"""
"008680fc",8,"""CRED115"""
"00868104",8,"""CRED114"""
"0086810c",8,"""CRED113"""
"00868114",8,"""CRED112"""
"0086811c",8,"""CRED111"""
"00868124",8,"""CRED110"""
"0086812c",8,"""CRED109"""
"00868134",8,"""CRED108"""
"0086813c",8,"""CRED107"""
"00868144",8,"""CRED106"""
"0086814c",8,"""CRED105"""
"00868154",8,"""CRED104"""
"0086815c",8,"""CRED103"""
"00868164",8,"""CRED102"""
"0086816c",8,"""CRED101"""
"00868174",8,"""CRED099"""
"0086817c",8,"""CRED098"""
"00868184",8,"""CRED097"""
"0086818c",8,"""CRED096"""
"00868194",8,"""CRED095"""
"0086819c",8,"""CRED094"""
"008681a4",8,"""CRED093"""
"008681ac",8,"""CRED092"""
"008681b4",8,"""CRED091"""
"008681bc",8,"""CRED090"""
"008681c4",8,"""CRED089"""
"008681cc",8,"""CRED088"""
"008681d4",8,"""CRED087"""
"008681dc",8,"""CRED086"""
"008681e4",8,"""CRED085"""
"008681ec",8,"""CRED084"""
"008681f4",8,"""CRED083"""
"008681fc",8,"""CRED082"""
"00868204",8,"""CRED100"""
"0086820c",8,"""CRED081"""
"00868214",8,"""CRED080"""
"0086821c",8,"""CRED079"""
"00868224",8,"""CRED078"""
"0086822c",8,"""CRED077"""
"00868234",8,"""CRED076"""
"0086823c",8,"""CRED046"""
"00868244",8,"""CRED045"""
"0086824c",8,"""CRED991"""
"00868254",8,"""CRED044"""
"0086825c",8,"""CRED043"""
"00868264",8,"""CRED042"""
"0086826c",8,"""CRED041"""
"00868274",8,"""CRED040"""
"0086827c",8,"""CRED039"""
"00868284",8,"""CRED038"""
"0086828c",8,"""CRED037"""
"00868294",8,"""CRED075"""
"0086829c",8,"""CRED074"""
"008682a4",8,"""CRED073"""
"008682ac",8,"""CRED072"""
"008682b4",8,"""CRED071"""
"008682bc",8,"""CRED070"""
"008682c4",8,"""CRED069"""
"008682cc",8,"""CRED068"""
"008682d4",8,"""CRED067"""
"008682dc",8,"""CRED066"""
"008682e4",8,"""CRED065"""
"008682ec",8,"""CRED064"""
"008682f4",8,"""CRED027"""
"008682fc",8,"""CRED026"""
"00868304",8,"""CRED025"""
"0086830c",8,"""CRED024"""
"00868314",8,"""CRED023"""
"0086831c",8,"""CRED022"""
"00868324",8,"""CRED021"""
"0086832c",8,"""CRED063"""
"00868334",8,"""CRED062"""
"0086833c",8,"""CRED061"""
"00868344",8,"""CRED060"""
"0086834c",8,"""CRED059"""
"00868354",8,"""CRED058"""
"0086835c",8,"""CRED057"""
"00868364",8,"""CRED056"""
"0086836c",8,"""CRED055"""
"00868374",8,"""CRED054"""
"0086837c",8,"""CRED053"""
"00868384",8,"""CRED052"""
"0086838c",8,"""CRED051"""
"00868394",8,"""CRED050"""
"0086839c",8,"""CRED049"""
"008683a4",8,"""CRED048"""
"008683ac",8,"""CRED047"""
"008683b4",8,"""CRED036"""
"008683bc",8,"""CRED035"""
"008683c4",8,"""CRED034"""
"008683cc",8,"""CRED033"""
"008683d4",8,"""CRED032"""
"008683dc",8,"""CRED031"""
"008683e4",8,"""CRED030"""
"008683ec",8,"""CRED029"""
"008683f4",8,"""CRED028"""
"008683fc",8,"""CRED018"""
"00868404",8,"""CRED017"""
"0086840c",8,"""CRD016A"""
"00868414",8,"""CRED016"""
"0086841c",8,"""CRED015"""
"00868424",8,"""CRD014A"""
"0086842c",8,"""CRED014"""
"00868434",8,"""CRED013"""
"0086843c",8,"""CRED012"""
"00868444",8,"""CRED011"""
"0086844c",8,"""CRED010"""
"00868454",8,"""CRED020"""
"0086845c",8,"""CRED019"""
"00868464",8,"""CRD009D"""
"0086846c",8,"""CRD009C"""
"00868474",8,"""CRD009B"""
"0086847c",8,"""CRD009A"""
"00868484",8,"""CRED009"""
"0086848c",8,"""CRED008"""
"00868494",8,"""CRED007"""
"0086849c",8,"""CRED006"""
"008684a4",8,"""CRED005"""
"008684ac",8,"""CRED004"""
"008684b4",8,"""CRED003"""
"008684bc",8,"""CRED002"""
"008684c4",8,"""CRED001"""
"008684d0",8,"""CRED000"""
"00868660",8,"""STEAL_2"""
"00868668",8,"""STEAL_1"""
"008686a0",8,"""SCRASH2"""
"008686a8",8,"""SCRASH1"""
"00868710",8,"""PROLOG3"""
"00868718",8,"""PROLOG2"""
"00868720",8,"""PROLOG1"""
"008687e8",8,"""EPILOG"""
"00868810",8,"""DESERT8"""
"00868820",8,"""DESERT4"""
"00868828",8,"""DESERT3"""
"00868830",8,"""DESERT2"""
"00868838",8,"""DESERT1"""
"00868988",8,"""BCESAR4"""
"00868990",8,"""BCESAR2"""
"008689a4",7,"""%s.DAT"""
"008689ac",7,"""%s.IFP"""
"008689b4",7,"""finale"""
"008689bc",8,"""csplay"""
"008689c8",12,"""%f,%f,%f,%s"""
"008689d4",9,"""%d,%d,%d"""
"008689e0",9,"""%d,%d,%s"""
"008689f0",9,"""%f %f %f"""
"008689fc",7,"""offset"""
"00868a04",12,"""extracol"""
"00868a10",8,"""peffect"""
"00868a18",8,"""remove"""
"00868a20",8,"""attach"""
"00868a28",12,"""uncompress"""
"00868a34",8,"""model"""
"00868a44",7,"""%s.CUT"""
"00868abc",9,"""CsVoodoo"""
"00868ac8",13,"""csmothership"""
"00868ad8",9,"""CsFireLa"""
"00868ae4",10,"""csbravura"""
"00868af0",11,"""cscopcarsf"""
"00868afc",13,"""cscopcarla92"""
"00868b14",17,"""MODELS\\CINFO.BIN"""
"00868b3e",14,"""HBLoading %s"""
"00868b4c",18,"""%d %s %s %d %f %d"""
"00868b60",21,"""%d %s %s %d %f %f %d"""
"00868b78",24,"""%d %s %s %d %f %f %f %d"""
"00868b90",12,"""%d %s %s %d"""
"00868b9c",15,"""%d %s %s %f %d"""
"00868bac",24,"""%d %s %s %d %f %d %d %d"""
"00868bc4",27,"""%d %s %s %d %f %f %d %d %d"""
"00868be0",30,"""%d %s %s %d %f %f %f %d %d %d"""
"00868c00",21,"""%d %s %s %f %d %d %d"""
"00868c18",18,"""%d %s %s %s %d %f"""
"00868c2c",9,"""%d %s %s"""
"00868c38",18,"""%d %s %s %s %f %d"""
"00868c4c",9,"""%d %d %s"""
"00868c58",39,"""%d %d %d %f %f %f %f %d %d %d %d %f %d"""
"00868c80",33,"""%f %f %f %f %f %f %f %f %d %d %s"""
"00868ca4",48,"""%f %f %f %f %f %f %f %f %f %f %f %f %f %f %f %d"""
"00868cd4",36,"""%f %f %f %f %d %d %d %d %d %d %d %d"""
"00868cf8",12,"""%d %f %f %f"""
"00868d04",30,"""%s %d %f %f %f %f %f %f %d %s"""
"00868d24",33,"""%f %f %f %f %f %f %f %f %f %d %d"""
"00868d48",42,"""%f %f %f %f %f %f %f %f %f %d %f %f %f %f"""
"00868d74",31,"""%f %f %f %f %f %f %f %f %f %d """
"00868d94",21,"""%s %d %d %f %f %f %f"""
"00868dac",27,"""%s %d %d %f %f %f %f %f %f"""
"00868dc8",72,"""%s %f %f %f %f %f %f %f %d %d %d %d %d %f %f %f %s %f %f %f %f %f %d %d"""
"00868e10",9,"""imy_bbox"""
"00868e1c",11,"""punchbagnu"""
"00868e28",14,"""k_poolballcue"""
"00868e38",10,"""BBALL_COL"""
"00868e44",6,"""flare"""
"00868e4c",15,"""imy_shash_wall"""
"00868e5c",18,"""GAY_TRAFFIC_LIGHT"""
"00868e70",18,"""CJ_TRAFFIC_LIGHT5"""
"00868e84",18,"""CJ_TRAFFIC_LIGHT4"""
"00868e98",18,"""CJ_TRAFFIC_LIGHT3"""
"00868eac",9,"""CJ_CIGGY"""
"00868eb8",15,"""CJ_BEAR_BOTTLE"""
"00868ec8",10,"""wong_dish"""
"00868ed4",11,"""ab_carcass"""
"00868ee0",12,"""mini_magnet"""
"00868ef4",17,"""DYN_WREKING_BALL"""
"00868f08",16,"""bonyrd_windsock"""
"00868f18",14,"""dead_tied_cop"""
"00868f28",9,"""KMB_ATM3"""
"00868f34",17,"""dyn_quarryrock03"""
"00868f48",17,"""dyn_quarryrock02"""
"00868f5c",17,"""dyn_quarryrock01"""
"00868f70",18,"""CJ_PLAYER_HARNESS"""
"00868f84",13,"""INDUS_MAGNET"""
"00868f94",11,"""grassplant"""
"00868fa0",11,"""grasshouse"""
"00868fac",14,"""kmb_deadtorso"""
"00868fbc",13,"""kmb_deadhead"""
"00868fcc",12,"""kmb_deadleg"""
"00868fd8",12,"""kmb_deadarm"""
"00868fe4",16,"""magnocrane5_SFS"""
"00868ff4",12,"""blockpallet"""
"00869000",19,"""kmb_container_open"""
"00869014",8,"""barrel4"""
"0086901c",19,"""kmb_container_blue"""
"00869030",18,"""kmb_container_yel"""
"00869044",18,"""kmb_container_red"""
"00869058",16,"""quarry_cranearm"""
"00869068",14,"""TwrCrane_M_02"""
"00869078",14,"""MagnoCrane_03"""
"00869088",12,"""traincross1"""
"00869094",12,"""traincross2"""
"008690a0",14,"""samsite_SFXRF"""
"008690b0",12,"""mil_samsite"""
"008690bc",14,"""yt_main_body2"""
"008690cc",13,"""yt_main_body"""
"008690dc",10,"""blimp_day"""
"008690e8",12,"""blimp_night"""
"008690f4",13,"""beachtowel04"""
"00869104",13,"""beachtowel03"""
"00869114",13,"""beachtowel02"""
"00869124",13,"""beachtowel01"""
"00869134",7,"""lotion"""
"0086913c",15,"""lounge_wood_dn"""
"0086914c",16,"""lounge_towel_up"""
"0086915c",15,"""lounge_wood_up"""
"0086916c",10,"""Esc_step8"""
"00869178",9,"""Esc_step"""
"00869184",10,"""submarine"""
"00869190",6,"""shark"""
"00869198",8,"""dolphin"""
"008691a0",7,"""turtle"""
"008691a8",7,"""fish3s"""
"008691b0",12,"""fish3single"""
"008691bc",7,"""fish2s"""
"008691c4",12,"""fish2single"""
"008691d0",7,"""fish1s"""
"008691d8",12,"""fish1single"""
"008691e4",12,"""jellyfish01"""
"008691f0",10,"""jellyfish"""
"008691fc",12,"""sandcastle2"""
"00869208",12,"""sandcastle1"""
"00869214",10,"""beachball"""
"00869220",7,"""rcbomb"""
"00869228",13,"""ap_radar1_01"""
"00869238",13,"""od_lightbeam"""
"00869248",11,"""parkbench1"""
"00869254",14,"""telgrphpole02"""
"00869264",16,"""littleha_police"""
"00869274",17,"""roadworkbarrier1"""
"00869288",10,"""mlamppost"""
"00869294",9,"""nto_b_tw"""
"008692a0",8,"""nto_b_l"""
"008692a8",8,"""nto_b_s"""
"008692b0",10,"""wheel_or1"""
"008692bc",14,"""cj_horse_Shoe"""
"008692cc",10,"""CJ_OYSTER"""
"008692d8",11,"""parktable1"""
"008692ec",14,"""bar_barrier12"""
"008692fc",14,"""bar_barrier10"""
"0086930c",13,"""bollardlight"""
"0086931c",8,"""2player"""
"00869324",16,"""killfrenzy2plyr"""
"00869334",9,"""clothesp"""
"00869340",15,"""property_fsale"""
"00869350",16,"""property_locked"""
"00869360",11,"""pickupsave"""
"0086936c",10,"""bigdollar"""
"00869378",10,"""para_pack"""
"00869384",9,"""gun_para"""
"00869390",13,"""camerapickup"""
"008693a0",11,"""killfrenzy"""
"008693ac",6,"""bribe"""
"008693b4",6,"""bonus"""
"008693bc",11,"""bodyarmour"""
"008693c8",11,"""adrenaline"""
"008693d4",16,"""glassfx_composh"""
"008693e4",12,"""wglasssmash"""
"008693f0",10,"""briefcase"""
"008693fc",9,"""DYN_TV_2"""
"00869408",8,"""barrel2"""
"00869410",8,"""barrel1"""
"00869418",6,"""Money"""
"00869420",9,"""package1"""
"0086942c",11,"""LODnetopa0"""
"00869438",13,"""boatcranelg0"""
"00869448",16,"""doc_crane_cab03"""
"00869458",16,"""doc_crane_cab02"""
"00869468",16,"""doc_crane_cab01"""
"00869478",15,"""doc_crane_cab0"""
"00869488",12,"""Streetlamp2"""
"00869494",12,"""Streetlamp1"""
"008694a0",18,"""doublestreetlght1"""
"008694b4",10,"""lamppost3"""
"008694c0",10,"""lamppost2"""
"008694cc",10,"""lamppost1"""
"008694d8",10,"""MTraffic2"""
"008694e4",17,"""vgsstriptlights1"""
"008694f8",10,"""MTraffic1"""
"00869504",10,"""MTraffic4"""
"00869510",14,"""trafficlight1"""
"00869520",11,"""hotroomfan"""
"0086952c",18,"""htl_fan_rotate_dy"""
"00869540",18,"""htl_fan_rotate_nt"""
"00869554",10,"""mall_fans"""
"00869560",14,"""parkingmeterg"""
"00869570",13,"""parkingmeter"""
"00869580",12,"""phonebooth1"""
"0086958c",9,"""wastebin"""
"008695a0",9,"""postbox1"""
"008695ac",11,"""newsstand1"""
"008695b8",12,"""trafficcone"""
"008695c4",6,"""dump1"""
"008695cc",12,"""la_fuckcar2"""
"008695d8",12,"""la_fuckcar1"""
"008695e4",18,"""DYN_ROADBARRIER_6"""
"008695f8",9,"""bussign1"""
"00869604",15,"""noparkingsign1"""
"00869614",10,"""phonesign"""
"00869620",13,"""fire_hydrant"""
"00869650",6,"""wheel"""
"00869668",17,"""DATA\\CARMODS.DAT"""
"00869680",99,"""%s %d %d %d %d %d %d %d %d %d %d %d %d %d %d %d %d %d %d %d %d %d %d %d %d %d %d %d %d %d %d %d %d"""
"008696e4",51,"""%s %d %d %d %d %d %d %d %d %d %d %d %d %d %d %d %d"""
"00869718",9,"""%d %d %d"""
"00869724",17,"""DATA\\CARCOLS.DAT"""
"00869738",8,"""bicycle"""
"00869740",12,"""workerboat"""
"0086974c",12,"""leisureboat"""
"00869758",12,"""motorbike"""
"00869764",8,"""moped"""
"00869778",8,"""worker"""
"00869780",12,"""executive"""
"0086978c",12,"""richfamily"""
"00869798",12,"""poorfamily"""
"008697a4",8,"""trailer"""
"008697b8",8,"""f_plane"""
"008697c1",6,"""_heli"""
"008697c8",8,"""train"""
"008697d8",8,"""plane"""
"008697f0",8,"""mtruck"""
"008697fc",45,"""%d %s %s %s %s %s %s %s %d %d %x %d %f %f %d"""
"0086982c",8,"""vehicle"""
"00869834",42,"""%d %s %s %s %s %s %x %x %s %d %d %s %s %s"""
"00869860",6,"""%s %s"""
"00869868",45,"""%d %f %f %f %d %f %f %f %f %f %f %f %f %f %d"""
"00869898",24,"""%d %f %f %f %d %f %f %d"""
"008698b0",18,"""%d %f %f %f %d %d"""
"008698c4",48,"""%d %f %f %f %d %f %f %f %f %f %f %f %d %d %s %d"""
"008698f8",117,"""%d %f %f %f %d %d %f %f %f %f %d %d %d %d %d %d %d %d %d %d %d %d %d %d %d %d  %d %d %d %d  %d %d %d %d  %d %d %d %d"""
"00869970",54,"""%d %f %f %f %d %d %f %f %f %f %f %f %f %f %f %d %d %s"""
"008699a8",18,"""%d %f %f %f %d %s"""
"008699bc",39,"""%f %f %f %f %d %d %d %d %d %d %d %d %d"""
"008699e4",27,"""%d %f %f %f %d %d %d %d %d"""
"00869a00",45,"""%d %f %f %f %d %f %f %f %f %f %d %s %s %s %s"""
"00869a30",15,"""%d %f %f %f %d"""
"00869a40",54,"""%f %f %f %f %f %f %f %f %f %f %f %d %d %s %d %d %d %d"""
"00869a78",36,"""%f %f %f %f %f %f %d %d %f %f %f %f"""
"00869a9c",14,"""VehicleStruct"""
"00869aac",19,"""vehiclelightson128"""
"00869ac0",17,"""vehiclelights128"""
"00869ad4",27,"""MODELS\\GENERIC\\VEHICLE.TXD"""
"00869af0",7,"""SPLASH"""
"00869af8",15,"""Streaming Init"""
"00869b08",24,"""Setup vehicle info data"""
"00869b20",16,"""DATA\\OBJECT.DAT"""
"00869b30",12,"""Object Data"""
"00869b40",9,"""HIERFILE"""
"00869b4c",10,"""MODELFILE"""
"00869b58",8,"""COLFILE"""
"00869b64",11,"""TEXDICTION"""
"00869b78",14,"""gang_gunstand"""
"00869b88",15,"""Car_tune_radio"""
"00869b98",13,"""CAR_Dead_RHS"""
"00869ba8",13,"""CAR_Dead_LHS"""
"00869bb8",18,"""dam_stomach_frmrt"""
"00869bcc",18,"""dam_stomach_frmlt"""
"00869be0",18,"""dam_stomach_frmft"""
"00869bf4",18,"""dam_stomach_frmbk"""
"00869c08",15,"""dam_legr_frmrt"""
"00869c18",15,"""dam_legr_frmft"""
"00869c28",15,"""dam_legr_frmbk"""
"00869c38",15,"""dam_legl_frmlt"""
"00869c48",15,"""dam_legl_frmft"""
"00869c58",15,"""dam_legl_frmbk"""
"00869c68",15,"""dam_armr_frmrt"""
"00869c78",15,"""dam_armr_frmft"""
"00869c88",15,"""dam_armr_frmbk"""
"00869c98",15,"""dam_arml_frmlt"""
"00869ca8",15,"""dam_arml_frmft"""
"00869cb8",15,"""dam_arml_frmbk"""
"00869cc8",18,"""pass_Smoke_in_car"""
"00869cdc",13,"""Smoke_in_car"""
"00869cec",11,"""endchat_03"""
"00869cf8",11,"""endchat_02"""
"00869d04",11,"""endchat_01"""
"00869d10",17,"""flee_lkaround_01"""
"00869d24",14,"""Shove_Partial"""
"00869d34",10,"""tap_handP"""
"00869d40",9,"""Tap_hand"""
"00869d4c",7,"""facgum"""
"00869d54",8,"""factalk"""
"00869d5c",9,"""facanger"""
"00869d68",9,"""facurios"""
"00869d74",9,"""facsurpm"""
"00869d80",8,"""facsurp"""
"00869d88",17,"""walk_doorpartial"""
"00869d9c",7,"""abseil"""
"00869da8",10,"""SEAT_idle"""
"00869db4",8,"""SEAT_up"""
"00869dbc",10,"""SEAT_down"""
"00869dc8",11,"""PHONE_talk"""
"00869dd4",10,"""PHONE_out"""
"00869de0",9,"""PHONE_in"""
"00869dec",6,"""FUCKU"""
"00869df4",11,"""handsCOWER"""
"00869e00",8,"""handsup"""
"00869e08",11,"""DUCK_cower"""
"00869e14",6,"""DROWN"""
"00869e1c",10,"""ARRESTgun"""
"00869e28",7,"""Turn_R"""
"00869e30",7,"""Turn_L"""
"00869e38",9,"""TURN_180"""
"00869e44",14,"""XPRESSscratch"""
"00869e54",16,"""CLIMB_jump2fall"""
"00869e64",13,"""CLIMB_jump_B"""
"00869e74",19,"""CLIMB_Stand_finish"""
"00869e88",12,"""CLIMB_Stand"""
"00869e94",11,"""CLIMB_Pull"""
"00869ea0",11,"""CLIMB_idle"""
"00869eac",11,"""CLIMB_jump"""
"00869eb8",8,"""EV_dive"""
"00869ec0",8,"""EV_step"""
"00869ec8",11,"""FALL_front"""
"00869ed4",10,"""FALL_back"""
"00869ee0",14,"""FALL_collapse"""
"00869ef0",10,"""FALL_land"""
"00869efc",11,"""FALL_glide"""
"00869f08",10,"""FALL_fall"""
"00869f14",10,"""JUMP_land"""
"00869f20",11,"""JUMP_glide"""
"00869f2c",14,"""JUMP_launch_R"""
"00869f3c",12,"""JUMP_launch"""
"00869f48",12,"""Getup_front"""
"00869f54",6,"""Getup"""
"00869f5c",16,"""CAR_crawloutRHS"""
"00869f6c",15,"""car_hookertalk"""
"00869f7c",11,"""BIKE_fallR"""
"00869f88",8,"""Kart_LB"""
"00869f90",7,"""Kart_R"""
"00869f98",7,"""Kart_L"""
"00869fa0",11,"""Kart_drive"""
"00869fac",17,"""Drive_truck_back"""
"00869fc0",14,"""Drive_truck_R"""
"00869fd0",14,"""Drive_truck_L"""
"00869fe0",12,"""Drive_truck"""
"00869fec",17,"""Drive_R_pro_slow"""
"0086a000",17,"""Drive_L_pro_slow"""
"0086a014",18,"""Drive_R_weak_slow"""
"0086a028",18,"""Drive_L_weak_slow"""
"0086a03c",13,"""Drive_R_slow"""
"0086a04c",13,"""Drive_L_slow"""
"0086a05c",16,"""DRIVE_BOAT_back"""
"0086a06c",13,"""DRIVE_BOAT_R"""
"0086a07c",13,"""DRIVE_BOAT_L"""
"0086a08c",11,"""DRIVE_BOAT"""
"0086a098",11,"""CAR_LB_pro"""
"0086a0a4",12,"""CAR_LB_weak"""
"0086a0b0",7,"""CAR_LB"""
"0086a0b8",11,"""DrivebyL_R"""
"0086a0c4",11,"""DrivebyL_L"""
"0086a0d0",10,"""Driveby_R"""
"0086a0dc",10,"""Driveby_L"""
"0086a0e8",12,"""Drive_R_pro"""
"0086a0f4",12,"""Drive_L_pro"""
"0086a100",13,"""Drive_R_weak"""
"0086a110",13,"""Drive_L_weak"""
"0086a120",11,"""Drive_LO_R"""
"0086a12c",11,"""Drive_LO_l"""
"0086a138",8,"""Drive_R"""
"0086a140",8,"""DRIVE_L"""
"0086a148",11,"""CAR_sitpLO"""
"0086a154",9,"""CAR_sitp"""
"0086a160",12,"""CAR_sit_pro"""
"0086a16c",13,"""CAR_sit_weak"""
"0086a17c",9,"""CAR_Lsit"""
"0086a188",8,"""CAR_sit"""
"0086a190",14,"""Crouch_Roll_R"""
"0086a1a0",13,"""GunCrouchBwd"""
"0086a1b0",14,"""Crouch_Roll_L"""
"0086a1c0",13,"""GunCrouchFwd"""
"0086a1d0",14,"""WEAPON_crouch"""
"0086a1e0",11,"""Gun_2_Idle"""
"0086a1ec",10,"""GunMove_R"""
"0086a1f8",12,"""GunMove_BWD"""
"0086a204",10,"""GunMove_L"""
"0086a210",12,"""GunMove_FWD"""
"0086a21c",10,"""Gun_stand"""
"0086a228",7,"""bomber"""
"0086a230",11,"""FIGHT2IDLE"""
"0086a23c",9,"""FightShB"""
"0086a248",9,"""FightShF"""
"0086a254",14,"""FightSH_Right"""
"0086a264",12,"""FightSH_BWD"""
"0086a270",13,"""FightSH_Left"""
"0086a280",12,"""FightSH_FWD"""
"0086a28c",11,"""HIT_behind"""
"0086a298",12,"""FLOOR_hit_f"""
"0086a2a4",9,"""HIT_wall"""
"0086a2b0",9,"""HIT_walk"""
"0086a2bc",10,"""FLOOR_hit"""
"0086a2c8",6,"""HIT_R"""
"0086a2d0",9,"""HIT_back"""
"0086a2dc",6,"""HIT_L"""
"0086a2e4",10,"""HIT_front"""
"0086a2f0",12,"""SHOT_rightP"""
"0086a2fc",15,"""Shot_partial_B"""
"0086a30c",11,"""SHOT_leftP"""
"0086a318",13,"""SHOT_partial"""
"0086a328",10,"""KO_spin_L"""
"0086a334",13,"""KO_skid_back"""
"0086a344",10,"""KO_spin_R"""
"0086a350",14,"""KO_skid_front"""
"0086a360",9,"""KD_right"""
"0086a36c",8,"""KD_left"""
"0086a374",8,"""gas_cwr"""
"0086a37c",13,"""KO_shot_stom"""
"0086a38c",13,"""KO_shot_face"""
"0086a39c",14,"""KO_shot_front"""
"0086a3ac",11,"""Swim_Tread"""
"0086a3b8",10,"""idle_taxi"""
"0086a3c4",10,"""idle_chat"""
"0086a3d0",10,"""idle_hbhb"""
"0086a3dc",10,"""run_stopR"""
"0086a3e8",9,"""run_stop"""
"0086a3f4",13,"""sprint_panic"""
"0086a404",10,"""Walk_civi"""
"0086a41a",30,"""HBInitialised SoundManager\n"""
"0086a43f",29,"""?AUDIO\\CONFIG\\EVENTVOL.DAT"""
"0086a46f",13,"""@SkipIconA"""
"0086a47c",9,"""SkipIcon"""
"0086a488",16,"""radarRingPlaneA"""
"0086a498",15,"""radarRingPlane"""
"0086a4a8",11,"""radardiscA"""
"0086a4b4",10,"""radardisc"""
"0086a4c0",12,"""siterocketm"""
"0086a4cc",11,"""siterocket"""
"0086a4d8",9,"""siteM16m"""
"0086a4e4",8,"""siteM16"""
"0086a4ec",6,"""fistm"""
"0086a4fc",16,"""Invalid version"""
"0086a50c",16,"""grandtheftauto3"""
"0086a51c",21,"""models\\coll\\peds.col"""
"0086a534",13,"""Load scripts"""
"0086a544",21,"""Setup game variables"""
"0086a55c",9,"""Ped Init"""
"0086a568",16,"""Load animations"""
"0086a578",16,"""Setup streaming"""
"0086a588",12,"""Setup water"""
"0086a594",12,"""Setup paths"""
"0086a5a0",14,"""Add Particles"""
"0086a5b0",21,"""Procedural Interiors"""
"0086a5c8",11,"""Load scene"""
"0086a5d4",6,"""right"""
"0086a5dc",7,"""rightA"""
"0086a5ec",6,"""leftA"""
"0086a5fc",6,"""downA"""
"0086a60c",18,"""MODELS\\PCBTNS.TXD"""
"0086a620",8,"""ps2btns"""
"0086a628",6,"""font1"""
"0086a630",7,"""font1m"""
"0086a638",6,"""font2"""
"0086a640",7,"""font2m"""
"0086a648",17,"""MODELS\\FONTS.TXD"""
"0086a65c",6,"""fonts"""
"0086a664",15,"""MODELS\\HUD.TXD"""
"0086a674",33,"""%s %f %f %d %d %d %d %f %f %d %d"""
"0086a698",18,"""DATA\\PEDSTATS.DAT"""
"0086a6ac",6,"""%s %d"""
"0086a6b4",15,"""data\\decision\\"""
"0086a6d7",161,"""?%d %d %d %d %d %d %d %d %d %d %d %d %d %d %d %d %d %d %d %d %d %f %f %f %d %d %d %f %f %f %d %d %d %d %d %d %f %f %f %f  %f %f %f %f  %f %f %f %f %f %d %d %f"""
"0086a778",12,"""TIMECYC.DAT"""
"0086a790",72,"""%d %d %d %d %d %d %d %d %d %d %d %d %d %d %d %d %d %d %d %d %d %d %d %d"""
"0086a7d8",13,"""POPCYCLE.DAT"""
"0086a7e8",12,"""%s %s %s %d"""
"0086a7f4",17,"""DATA\\ANIMGRP.DAT"""
"0086a808",19,"""def_brightness_pal"""
"0086a81c",14,"""pe_bRadiosity"""
"0086a82c",11,"""pe_bottomy"""
"0086a838",8,"""pe_topy"""
"0086a840",10,"""pe_rightx"""
"0086a84c",9,"""pe_leftx"""
"0086a858",20,"""pe_lightingbasemult"""
"0086a86c",19,"""pe_lightingbasecap"""
"0086a880",19,"""pe_lightchangerate"""
"0086a894",15,"""dontbuildpaths"""
"0086a8a4",9,"""vehicles"""
"0086a8b0",14,"""devkit_memory"""
"0086a8c0",7,"""memory"""
"0086a8cc",11,"""stream.ini"""
"0086a8dc",8,"""CAMERA"""
"0086a8e4",12,"""AREA_EFFECT"""
"0086a8f0",12,"""PROJECTILE"""
"0086a8fc",12,"""INSTANT_HIT"""
"0086a908",8,"""MELEE"""
"0086a910",11,"""PEDGRP.DAT"""
"0086a91c",7,"""\\DATA\\"""
"0086a924",11,"""CARGRP.DAT"""
"0086a938",20,"""playercoords.txt"""
"0086a957",13,"""?;the end"""
"0086a964",13,"""HANDLING.CFG"""
"0086a974",14,"""ENDWEAPONDATA"""
"0086a984",30,"""%s %s %f %f %f %f %d %d %d %d"""
"0086a9a8",90,"""%s %s %s %f %f %d %d %d %s %d %d %f %f %f %d %d %f %f %d %d %d %d %d %d %d %x %f %f %f %f"""
"0086aa04",36,"""%s %s %s %f %f %d %d %d %s %d %x %s"""
"0086aa28",16,"""DATA\\WEAPON.DAT"""
"0086aa38",6,"""%s %x"""
"0086aa40",9,"""%s %f %f"""
"0086aa4c",27,"""%s %f %f %f %s %d %d %d %f"""
"0086aa68",6,"""%s %f"""
"0086aa70",12,"""%s %f %f %f"""
"0086aa7c",10,"""END_COMBO"""
"0086aa88",13,"""START_LEVELS"""
"0086aa98",12,"""START_COMBO"""
"0086aaa4",15,"""END_MELEE_DATA"""
"0086aab4",15,"""DATA\\melee.dat"""
"0086aac4",12,"""RANDOM2.grp"""
"0086aad0",12,"""Indoors.ped"""
"0086aadc",12,"""m_empty.ped"""
"0086aae8",12,"""Fireman.ped"""
"0086aaf4",11,"""R_Weak.ped"""
"0086ab00",12,"""R_Tough.ped"""
"0086ab0c",11,"""R_Norm.ped"""
"0086ab18",8,"""Cop.ped"""
"0086ab20",12,"""GangMbr.ped"""
"0086ab2c",12,"""MISSION.grp"""
"0086ab38",11,"""RANDOM.grp"""
"0086ab44",11,"""m_plyr.ped"""
"0086ab50",11,"""m_norm.ped"""
"0086ab5c",11,"""RANDOM.ped"""
"0086ab6c",20,"""MODELS\\PARTICLE.TXD"""
"0086ab92",10,"""HBIT_MISC"""
"0086ab9c",12,"""IT_KITCHEN"""
"0086aba8",12,"""IT_BEDROOM"""
"0086abb4",12,"""IT_LOUNGE"""
"0086abc0",12,"""IT_OFFICE"""
"0086abcc",8,"""IT_SHOP"""
"0086abd4",16,"""MISC_CLOTHES"""
"0086abe4",16,"""MISC_MAGAZINES"""
"0086abf4",12,"""MISC_FOOD"""
"0086ac00",12,"""MISC_PLATES"""
"0086ac0c",12,"""MISC_RUGS"""
"0086ac18",12,"""MISC_LIGHTS"""
"0086ac24",12,"""MISC_PLANTS"""
"0086ac30",12,"""KITCHEN_TVS"""
"0086ac3c",20,"""KITCHEN_TOASTERS"""
"0086ac50",20,"""KITCHEN_MICROWAVES"""
"0086ac64",24,"""KITCHEN_UNIT_CORNERS"""
"0086ac7c",24,"""KITCHEN_UNIT_WASHERS"""
"0086ac94",20,"""KITCHEN_UNIT_OVENS"""
"0086aca8",24,"""KITCHEN_UNIT_FRIDGES"""
"0086acc0",20,"""KITCHEN_UNIT_SINKS"""
"0086acd4",16,"""KITCHEN_UNIT_R"""
"0086ace4",16,"""KITCHEN_UNIT_M"""
"0086acf4",16,"""KITCHEN_UNIT_L"""
"0086ad04",20,"""BEDROOM_WARDROBES"""
"0086ad18",16,"""BEDROOM_DRAWERS"""
"0086ad28",16,"""BEDROOM_TABLES"""
"0086ad38",16,"""BEDROOM_BEDS"""
"0086ad48",16,"""LOUNGE_CONSOLES"""
"0086ad58",16,"""LOUNGE_HIFIS"""
"0086ad68",16,"""LOUNGE_VIDEOS"""
"0086ad78",20,"""LOUNGE_HIFI_TABLES"""
"0086ad8c",16,"""LOUNGE_LAMPS"""
"0086ad9c",16,"""LOUNGE_TABLES"""
"0086adac",12,"""LOUNGE_TVS"""
"0086adb8",16,"""LOUNGE_TVSTANDS"""
"0086adc8",16,"""LOUNGE_CHAIRS"""
"0086add8",16,"""LOUNGE_SOFAS"""
"0086ade8",20,"""OFFICE_FILINGCABS"""
"0086adfc",20,"""OFFICE_WATERCOOLERS"""
"0086ae10",16,"""OFFICE_CHAIRS"""
"0086ae20",16,"""OFFICE_DESKS"""
"0086ae30",12,"""SHOP_LIGHTS"""
"0086ae3c",16,"""SHOP_BASKETS"""
"0086ae4c",16,"""SHOP_CHECKOUTS"""
"0086ae5c",16,"""SHOP_UNIT4_M"""
"0086ae6c",16,"""SHOP_UNIT4_R"""
"0086ae7c",16,"""SHOP_UNIT4_L"""
"0086ae8c",16,"""SHOP_UNIT3_M"""
"0086ae9c",16,"""SHOP_UNIT3_R"""
"0086aeac",16,"""SHOP_UNIT3_L"""
"0086aebc",16,"""SHOP_UNIT2_M"""
"0086aecc",16,"""SHOP_UNIT2_R"""
"0086aedc",16,"""SHOP_UNIT2_L"""
"0086aeec",16,"""SHOP_UNIT1_M"""
"0086aefc",16,"""SHOP_UNIT1_R"""
"0086af0c",16,"""SHOP_UNIT1_L"""
"0086af1c",21,"""Cannot find model %s"""
"0086af34",18,"""%s %s %d %d %d %d"""
"0086af50",27,"""%s %s %d %d %d %d %d %d %d"""
"0086af6c",12,"""SUBGROUP:"""
"0086af79",6,"""ROUP:"""
"0086af80",18,"""data\\furnitur.dat"""
"0086af97",25,""";FX_PRIM_EMITTER_DATA:"""
"0086afb0",15,"""%s %f %f %f %f"""
"0086afc4",20,"""FX_INFO_SMOKE_DATA:"""
"0086afd8",28,"""FX_INFO_COLOURBRIGHT_DATA:"""
"0086aff4",24,"""FX_INFO_SELFLIT_DATA:"""
"0086b00c",28,"""FX_INFO_COLOURRANGE_DATA:"""
"0086b028",24,"""FX_INFO_ANIMTEX_DATA:"""
"0086b040",20,"""FX_INFO_DIR_DATA:"""
"0086b054",20,"""FX_INFO_FLAT_DATA:"""
"0086b068",20,"""FX_INFO_TRAIL_DATA:"""
"0086b07c",24,"""FX_INFO_HEATHAZE_DATA:"""
"0086b094",28,"""FX_INFO_SPRITERECT_DATA:"""
"0086b0b0",20,"""FX_INFO_SIZE_DATA:"""
"0086b0c4",24,"""FX_INFO_COLOUR_DATA:"""
"0086b0dc",28,"""FX_INFO_UNDERWATER_DATA:"""
"0086b0f8",20,"""FX_INFO_FLOAT_DATA:"""
"0086b10c",24,"""FX_INFO_ROTSPEED_DATA:"""
"0086b124",24,"""FX_INFO_JITTER_DATA:"""
"0086b13c",20,"""FX_INFO_WIND_DATA:"""
"0086b150",28,"""FX_INFO_GROUNDCOLLIDE_DATA:"""
"0086b16c",28,"""FX_INFO_ATTRACTLINE_DATA:"""
"0086b188",24,"""FX_INFO_ATTRACTPT_DATA:"""
"0086b1a0",24,"""FX_INFO_FRICTION_DATA:"""
"0086b1b8",20,"""FX_INFO_FORCE_DATA:"""
"0086b1d7",21,"""?FX_INFO_NOISE_DATA:"""
"0086b1ec",28,"""FX_INFO_EMROTATION_DATA:"""
"0086b208",24,"""FX_INFO_EMWEATHER_DATA:"""
"0086b220",20,"""FX_INFO_EMPOS_DATA:"""
"0086b234",24,"""FX_INFO_EMLIFE_DATA:"""
"0086b24c",24,"""FX_INFO_EMANGLE_DATA:"""
"0086b264",20,"""FX_INFO_EMDIR_DATA:"""
"0086b278",24,"""FX_INFO_EMSPEED_DATA:"""
"0086b290",24,"""FX_INFO_EMSIZE_DATA:"""
"0086b2a8",24,"""FX_INFO_EMRATE_DATA:"""
"0086b2c3",41,"""F%s %f %f %f %f %f %f %f %f %f %f %f %f"""
"0086b2ec",16,"""FX_SYSTEM_DATA:"""
"0086b7d0",10,"""No errors"""
"0086b808",6,"""%ld%c"""
"0086b810",8,"""JPEGMEM"""
"0086b96e",26,"""HBLoading sync error: %s"""
"0086b988",18,"""Loading error: %s"""
"0086b99c",17,"""Saving error: %s"""
"0086b9b0",16,"""USER3DMARKERS"""
"0086b9c0",12,"""STUNTJUMPS"""
"0086b9cc",12,"""GANGWARS"""
"0086b9d8",12,"""SHOPPING"""
"0086b9f4",12,"""PED TYPES"""
"0086ba00",12,"""STREAMING"""
"0086ba0c",12,"""SET PIECES"""
"0086ba18",8,"""STATS"""
"0086ba20",12,"""PLAYERINFO"""
"0086ba2c",20,"""AUDIO SCRIPT OBJECT"""
"0086ba40",16,"""PED GENERATORS"""
"0086ba50",16,"""CAR GENERATORS"""
"0086ba60",8,"""GANGS"""
"0086ba68",8,"""ZONES"""
"0086ba70",8,"""RADAR"""
"0086ba78",8,"""RESTART"""
"0086ba80",12,"""PHONEINFO"""
"0086ba9c",12,"""GAMELOGIC"""
"0086baa8",8,"""GARAGES"""
"0086bab0",8,"""POOLS"""
"0086bac0",20,"""SIMPLE_VARIABLES"""
"0086bad4",7,"""%s%i%s"""
"0086baf0",12,"""Apr 28 2005"""
"0086bafc",9,"""10:28:55"""
"0086bb1c",8,"""MPACKID"""
"0086bb27",21,""";vehiclegrunge256"""
"0086bea7",37,"""?CustomSpecMapPipeMaterialDataPool"""
"0086becc",28,"""CustomEnvMapPipeAtmDataPool"""
"0086bee8",28,"""CustomEnvMapPipeMatDataPool"""
"0086bf13",13,""";grass_pc"""
"0086bf27",17,""";models\\grass\\%s"""
"0086bf38",78,"""Unknown surface name '%s' in 'Plants.dat' (line %d)! See Andrzej to fix this."""
"0086bf88",11,"""PLANTS.DAT"""
"0086bf94",13,"""grass1_4.dff"""
"0086bfa4",13,"""grass1_3.dff"""
"0086bfb4",13,"""grass1_2.dff"""
"0086bfc4",13,"""grass1_1.dff"""
"0086bfd4",13,"""grass0_4.dff"""
"0086bfe4",13,"""grass0_3.dff"""
"0086bff4",13,"""grass0_2.dff"""
"0086c004",13,"""grass0_1.dff"""
"0086c014",9,"""gras07Si"""
"0086c020",11,"""txgrass1_3"""
"0086c02c",11,"""txgrass1_2"""
"0086c038",11,"""txgrass1_1"""
"0086c044",11,"""txgrass1_0"""
"0086c050",11,"""txgrass0_3"""
"0086c05c",11,"""txgrass0_2"""
"0086c068",11,"""txgrass0_1"""
"0086c074",11,"""txgrass0_0"""
"0086c080",24,"""models\\grass\\plant1.txd"""
"0086c34c",9,"""minigun2"""
"0086c65a",34,"""HBTrying to remove ped component"""
"0086c827",17,"""CCompDoDealResp"""
"0086c838",14,"""CompGreetResp"""
"0086c948",12,"""m_steal.ped"""
"0086c954",11,"""m_weak.ped"""
"0086c960",12,"""m_tough.ped"""
"0086cd44",13,"""PedEvent.txt"""
"0086cd54",10,"""parachute"""
"0086cd60",20,"""InterestingEntities"""
"0086cda0",321,"""%d, %d, %d, %f, %f, %f, %f, %d, %d, %f, %f, %f, %f, %f, %f, %d, %f, %f, %f, %f, %d, %d, %f, %f, %f, %f, %f, %f, %d, %f, %f, %f, %f, %d, %d, %f, %f, %f, %f, %f, %f, %d, %f, %f, %f, %f, %d, %d, %f, %f, %f, %f, %f, %f, %d, %f, %f, %f, %f, %d, %d, %f, %f, %f, %f, %f, %f, %d, %f, %f, %f, %f, %d, %d, %f, %f, %f, %f, %f, %f \n"""
"0086cee4",23,"""data\\decision\\allowed\\"""
"0086cf12",14,"""HBMISSION8"""
"0086cf20",9,"""MISSION7"""
"0086cf2c",9,"""MISSION6"""
"0086cf38",9,"""MISSION5"""
"0086cf44",9,"""MISSION4"""
"0086cf50",9,"""MISSION3"""
"0086cf5c",9,"""MISSION2"""
"0086cf68",9,"""MISSION1"""
"0086cf74",8,"""SPECIAL"""
"0086cf7c",11,"""PROSTITUTE"""
"0086cf8c",9,"""CRIMINAL"""
"0086cf98",8,"""FIREMAN"""
"0086cfa0",6,"""MEDIC"""
"0086cfa8",7,"""DEALER"""
"0086cfb0",7,"""GANG10"""
"0086cfb8",6,"""GANG9"""
"0086cfc0",6,"""GANG8"""
"0086cfc8",6,"""GANG7"""
"0086cfd0",6,"""GANG6"""
"0086cfd8",6,"""GANG5"""
"0086cfe0",6,"""GANG4"""
"0086cfe8",6,"""GANG3"""
"0086cff0",6,"""GANG2"""
"0086cff8",6,"""GANG1"""
"0086d004",10,"""CIVFEMALE"""
"0086d010",8,"""CIVMALE"""
"0086d018",16,"""PLAYER_UNUSED"""
"0086d028",16,"""PLAYER_NETWORK"""
"0086d039",7,"""LAYER2"""
"0086d052",10,"""HBRespect"""
"0086d064",8,"""Dislike"""
"0086d074",13,"""DATA\\PED.DAT"""
"0086d1e0",8,"""CODEPLR"""
"0086d1ec",10,"""playidles"""
"0086d21a",10,"""HBSTRIPM"""
"0086d224",7,"""STRIPW"""
"0086d22c",8,"""PEDSLOT"""
"0086d234",8,"""PEDCARD"""
"0086d23c",8,"""PEDROUL"""
"0086d244",7,"""BARGUY"""
"0086d24c",7,"""DANCER"""
"0086d254",7,"""BROWSE"""
"0086d25c",8,"""COPLOOK"""
"0086d264",7,"""COPSIT"""
"0086d290",7,"""jogger"""
"0086d2e4",6,"""%s\\%s"""
"0086d2ec",8,"""GTASAsf"""
"0086d2f4",7,"""%s%i.b"""
"0086d2fc",28,"""%02d %s %04d %02d:%02d:%02d"""
"0086d318",8,"""MONTH12"""
"0086d320",8,"""MONTH11"""
"0086d328",8,"""MONTH10"""
"0086d330",7,"""MONTH9"""
"0086d338",7,"""MONTH8"""
"0086d340",7,"""MONTH7"""
"0086d348",7,"""MONTH6"""
"0086d350",7,"""MONTH5"""
"0086d358",7,"""MONTH4"""
"0086d360",7,"""MONTH3"""
"0086d368",7,"""MONTH2"""
"0086d370",7,"""MONTH1"""
"0086d378",8,"""FEC_SLC"""
"0086d388",17,"""GTA: San Andreas"""
"0086d39c",12,"""textures%c"""
"0086d3a8",44,"""Out of memory - not all preset views loaded"""
"0086d3e4",19,"""%f%f%f%f%f%f%f %[^"""
"0086d3fc",29,"""Cannot open preset view file"""
"0086d41c",33,"""Cannot write to preset view file"""
"0086d440",50,"""%0.6f %0.6f %0.6f  %0.6f %0.6f  %0.6f %0.6f %s%d\n"""
"0086d608",7,"""ghands"""
"0086d6b3",9,"""BFLOWERS"""
"0086d6c4",12,"""CHAINSAW"""
"0086d6d0",8,"""SWORD"""
"0086d6d8",12,"""GOLFCLUB"""
"0086d6ec",12,"""BBALLBAT"""
"0086d6f8",8,"""UNARMED"""
"0086d74a",22,"""#>CTaskSimpleUseGun"""
"0086d760",11,"""TaskUseGun"""
"0086db98",12,"""HitFromBack"""
"0086dbcc",12,"""HitFromLeft"""
"0086dc00",13,"""HitFromRight"""
"0086dc38",18,"""HitByGunFromFront"""
"0086dc74",17,"""HitByGunFromRear"""
"0086dcb0",17,"""HitByGunFromLeft"""
"0086dcec",18,"""HitByGunFromRight"""
"0086df8c",11,"""attractors"""
"0086e098",9,"""sunbathe"""
"0086e0a4",6,"""beach"""
"0086e3f0",18,"""TaskTriggerLookAt"""
"0086e480",10,"""PhoneChat"""
"0086e48c",9,"""PhoneOut"""
"0086e498",8,"""PhoneIn"""
"0086e4d4",11,"""GogglesOff"""
"0086e4e0",10,"""GogglesOn"""
"0086e614",13,"""HitFromFront"""
"0086e624",12,"""TaskSitIdle"""
"0086e634",16,"""stop sunbathing"""
"0086e644",16,"""idle sunbathing"""
"0086e654",17,"""start sunbathing"""
"0086e928",9,"""DriveCar"""
"0086ea90",8,"""JCK_HLP"""
"0086ea98",13,"""TaskEnterCar"""
"0086eb9c",38,"""CTaskComplexLeaveCar - ped not in car"""
"0086f190",14,"""HitFromBehind"""
"0086f1c8",8,"""HitWall"""
"0086f484",7,"""Abseil"""
"0086f628",18,"""TaskTreatAccident"""
"0086f6f8",14,"""TaskFleePoint"""
"0086f734",15,"""TaskFleeEntity"""
"0086f770",19,"""TaskSmartFleePoint"""
"0086f7b0",20,"""TaskSmartFleeEntity"""
"0086f92c",8,"""gangs"""
"0086fa58",15,"""TaskStareAtPed"""
"0086fab8",16,"""TaskSignalAtPed"""
"0086fb44",23,"""CTaskComplexPassObject"""
"0086fbe0",15,"""TaskGangLeader"""
"0086fbf0",7,"""exhale"""
"0086fbf8",17,"""TaskGangFollower"""
"0086fc12",22,"""&CTaskHassleVehicle"""
"0086fc34",8,"""PROS_04"""
"0086fc3c",8,"""PROS_09"""
"0086fc44",8,"""PROS_06"""
"0086fc4c",11,"""TaskProzzy"""
"0086fc58",8,"""PROS_01"""
"0086fc60",8,"""PROS_02"""
"0086fd43",13,"""?TaskGoTo"""
"0086fd98",16,"""TaskAchvHeading"""
"0086fef0",16,"""TaskAvoidOthPed"""
"0086ff2c",16,"""TaskAvoidEntity"""
"0087003c",15,"""TaskInvDisturb"""
"00870280",13,"""TaskBeInShop"""
"00870380",15,"""TaskSitInChair"""
"008705e8",9,"""jetball2"""
"008705f4",9,"""jetball1"""
"00870600",8,"""jetpack"""
"00870838",15,"""TaskBeInCouple"""
"00870848",23,"""CTaskComplexBeInCouple"""
"00870910",15,"""ProcPlyrWeapon"""
"00870953",17,"""?water_ripples"""
"00870964",11,"""water_swim"""
"00870d68",15,"""TaskInvDeadPed"""
"00870ec0",59,"""ComputeKillThreatsDriveby() - threat ped already in group\n"""
"00870f00",65,"""ComputeKillThreatsBasicResponse() - threat ped already in group\n"""
"00870f56",10,"""HBMPNAME"""
"00870f70",12,"""SPANISH.GXT"""
"00870f7c",12,"""ITALIAN.GXT"""
"00870f88",11,"""GERMAN.GXT"""
"00870f94",11,"""FRENCH.GXT"""
"00870fa0",13,"""AMERICAN.GXT"""
"00871114",6,"""nitro"""
"0087126c",6,"""GA_12"""
"0087146c",25,"""BikeNode missing: %d %d\n"""
"00871a64",10,"""jetthrust"""
"00871d52",54,"""*?%d, max v = %3.2f, up at = %3.2f, down at = %3.2f\n"""
"00871e3b",17,"""8overheat_car"""
"00871e4c",22,"""overheat_car_electric"""
"00871e67",17,"""AReactToVhclDam"""
"0087202b",13,""":waterwake"""
"00872038",8,"""seabd32"""
"00872040",14,"""waterclear256"""
"00872050",66,"""%f %f %f %f %f %f %f %f %f %f %f %f %f %f %f %f %f %f %f %f %f %d"""
"00872098",84,"""%f %f %f %f %f %f %f %f %f %f %f %f %f %f %f %f %f %f %f %f %f %f %f %f %f %f %f %f"""
"008720f0",87,"""%f %f %f %f %f %f %f %f %f %f %f %f %f %f %f %f %f %f %f %f %f %f %f %f %f %f %f %f %d"""
"00872148",16,"""DATA\\water.dat"""
"00872158",16,"""DATA\\water1.dat"""
"008722a8",20,"""Rudder Angle  %3.2f"""
"008722bc",16,"""Thrust %3.2f"""
"008722cc",10,"""boat_prop"""
"00872478",12,"""%f %f %f %d"""
"00872484",12,"""processed"""
"00872493",25,"""?data\\paths\\tracks4.dat"""
"008724ac",23,"""data\\paths\\tracks2.dat"""
"008724c4",23,"""data\\paths\\tracks3.dat"""
"008724dc",22,"""data\\paths\\tracks.dat"""
"0087253a",14,"""k:plateback3"""
"00872548",11,"""plateback2"""
"00872554",11,"""plateback1"""
"00872560",13,"""platecharset"""
"00872578",9,"""carpback"""
"00872584",9,"""carplate"""
"00872590",13,"""roadsignfont"""
"008725c4",26,"""models\\generic\\player.bmp"""
"008725e0",13,"""skins\\%s.bmp"""
"0087262e",22,"""PBError subrastering\n"""
"00872644",22,"""Gallery\\gallery%d.jpg"""
"00872684",13,"""lamp_shad_64"""
"00872694",12,"""wincrack_32"""
"008726a0",8,"""handman"""
"008726a8",13,"""bloodpool_64"""
"008726b8",11,"""headlight1"""
"008726c4",10,"""headlight"""
"008726d0",9,"""shad_exp"""
"008726dc",13,"""shad_rcbaron"""
"008726ec",10,"""shad_bike"""
"008726f8",10,"""shad_heli"""
"00872704",9,"""shad_ped"""
"00872710",9,"""shad_car"""
"0087283f",13,"""Bcloudhigh"""
"0087284c",11,"""cloudhighm"""
"00872858",6,"""lunar"""
"00872860",7,"""lunarm"""
"00872868",12,"""cloudmasked"""
"00872874",7,"""cloud1"""
"0087289f",13,""";[UNPROP]"""
"008728ac",31,"""%d  %d  %d  %d  %d  %d  %d  %d"""
"008728cd",6,"""PROP]"""
"008728d4",28,"""[REPLACEMENT_SPACE_CHAR]"""
"008728f0",12,"""[FONT_ID]"""
"008728fc",16,"""[TOTAL_FONTS]"""
"0087290c",15,"""DATA\\FONTS.DAT"""
"00872952",10,"""HB%c%d %s"""
"0087295c",17,"""DATA\\GRIDREF.DAT"""
"0087299a",18,"""HBparticleskid"""
"008729c4",10,"""diamond_3"""
"008729d8",9,"""cylinder"""
"00872a03",13,"""DfinishFlag"""
"00872ab4",12,"""heap.txt"""
"00872ac7",17,""";DATA\\CAPS.DAT"""
"00872af0",14,"""TexDictionary"""
"00872b28",6,"""UArmR"""
"00872b30",6,"""UArmL"""
"00872b38",11,"""MidSection"""
"00872b44",6,"""Chest"""
"00872b6f",17,"""Eexplosion_tiny"""
"00872b80",16,"""explosion_large"""
"00872b90",17,"""explosion_medium"""
"00872ba4",18,"""explosion_molotov"""
"00872bb8",16,"""explosion_small"""
"00872bc8",19,"""explosion_fuel_car"""
"00872be6",10,"""HBCODEPRJ"""
"00872bf0",10,"""teargasAD"""
"00872c23",13,""">camflash"""
"00872c33",17,"""Fextinguisher"""
"00872c44",12,"""spraycan"""
"00872c50",16,"""flamethrower"""
"00872c9a",14,"""HBlockonFire"""
"00872ca8",12,"""lockonFireA"""
"00872cb4",7,"""lockon"""
"00872cbc",8,"""lockonA"""
"00872cc4",10,"""target256"""
"00872cd0",11,"""target256m"""
"00872cea",10,"""#=ARMOUR"""
"00872cf4",10,"""PARACHUTE"""
"00872d00",9,"""INFRARED"""
"00872d0c",12,"""NIGHTVISION"""
"00872d18",13,"""EXTINGUISHER"""
"00872d28",9,"""SPRAYCAN"""
"00872d34",10,"""DETONATOR"""
"00872d40",15,"""SATCHEL_CHARGE"""
"00872d50",8,"""MINIGUN"""
"00872d58",9,"""FTHROWER"""
"00872d64",13,"""RLAUNCHER_HS"""
"00872d74",10,"""RLAUNCHER"""
"00872d80",12,"""SNIPERRIFLE"""
"00872d8c",13,"""COUNTRYRIFLE"""
"00872db4",10,"""MICRO_UZI"""
"00872dc0",7,"""SPAS12"""
"00872dc8",8,"""SAWNOFF"""
"00872dd0",8,"""SHOTGUN"""
"00872dd8",13,"""DESERT_EAGLE"""
"00872de8",16,"""PISTOL_SILENCED"""
"00872df8",7,"""PISTOL"""
"00872e00",14,"""FREEFALL_BOMB"""
"00872e10",10,"""ROCKET_HS"""
"00872e1c",7,"""ROCKET"""
"00872e24",8,"""MOLOTOV"""
"00872e2c",8,"""TEARGAS"""
"00872e34",8,"""GRENADE"""
"00872e44",6,"""VIBE2"""
"00872e4c",6,"""VIBE1"""
"00872e54",7,"""DILDO2"""
"00872e5c",7,"""DILDO1"""
"00872e64",7,"""KATANA"""
"00872e6c",8,"""POOLCUE"""
"00872e74",7,"""SHOVEL"""
"00872e7c",12,"""BASEBALLBAT"""
"00872e88",11,"""NIGHTSTICK"""
"00872e94",13,"""BRASSKNUCKLE"""
"00872eae",18,"""HBThis is a test"""
"00872ec0",9,"""Trap: %d"""
"00872ecc",12,"""Trigger: %d"""
"00872ed8",29,"""Grand theft auto San Andreas"""
"00874597",6,"""qfile"""
"00874752",18,"""HBGTA:San Andreas"""
"00874764",20,"""Rockstar North Ltd"""
"00874778",12,"""SOFTWARE"""
"0087478c",16,"""\\User Tracks"""
"0087479c",12,"""\\Gallery"""
"008747a8",28,"""\\GTA San Andreas User Files"""
"008747c4",9,"""Personal"""
"008747d0",65,"""Software\\Microsoft\\Windows\\CurrentVersion\\Explorer\\Shell Folders"""
"00874818",87,"""Please check you have installed Direct X 9 correctly : Couldn't LoadLibrary D3D9.DLL\r\n"""
"00874870",9,"""D3D9.DLL"""
"00874880",91,"""Please check you have installed Direct X 9 correctly : Couldn't LoadLibrary dpnhpast.dll\r\n"""
"008748dc",13,"""dpnhpast.dll"""
"008748f0",87,"""Please check you have installed Direct X 9 correctly : Couldn't LoadLibrary D3D8.DLL\r\n"""
"00874948",9,"""D3D8.DLL"""
"00874958",85,"""Please check you have installed Direct X 9 correctly : Couldn't DirectDrawCreateEx\r\n"""
"008749b0",100,"""Please check you have installed Direct X 9 correctly : Couldn't GetProcAddress DirectDrawCreateEx\r\n"""
"00874a14",19,"""DirectDrawCreateEx"""
"00874a28",84,"""Please check you have installed Direct X 9 correctly : Couldn't LoadLibrary DDraw\r\n"""
"00874a7c",10,"""DDRAW.DLL"""
"00874a88",13,"""(FULLSCREEN)"""
"00874a98",19,"""%lu x %lu x %lu %s"""
"00874aac",13,"""(WIDESCREEN)"""
"00874ac0",16,"""%lu X %lu X %lu"""
"00874ad0",34,"""Cannot find 800x600x32 video mode"""
"00874b07",17,"""@GTA_SAN_ANDREAS"""
"00874b18",8,"""WIN_NSC"""
"00874b20",7,"""WIN_DX"""
"00874b28",7,"""WIN_95"""
"00874b30",8,"""WIN_TTL"""
"00874b38",32,"""GTA Audio DVD has been inserted"""
"00874b58",42,"""Exiting game as Audio CD was not inserted"""
"00874b84",27,"""About to check CD drive..."""
"00874ba0",23,"""Failed to run the MPEG"""
"00874bb8",25,"""Failed to pause the MPEG"""
"00874bd4",24,"""movies\\GTAtitlesGER.mpg"""
"00874bec",21,"""movies\\GTAtitles.mpg"""
"00874c04",16,"""movies\\Logo.mpg"""
"00874c18",71,"""@@@@(#)$Id: //RenderWare/RW36Active/rwsdk/plugin/anisot/rpanisot.c#1 $"""
"00874c60",60,"""@@(#)$Id: //RenderWare/RW36Active/rwsdk/world/baclump.c#1 $"""
"00874c9c",64,"""@@(#)$Id: //RenderWare/RW36Active/rwsdk/world/bageomet.c#1 $"""
"00874cdc",64,"""@@(#)$Id: //RenderWare/RW36Active/rwsdk/world/bamateri.c#1 $"""
"00874d1c",64,"""@@(#)$Id: //RenderWare/RW36Active/rwsdk/world/bamatlst.c#1 $"""
"00874d60",76,"""@@@@(#)$Id: //RenderWare/RW36Active/rwsdk/world/pipe/p2/d3d9/wrldpipe.c#1 $"""
"00874dac",60,"""@@(#)$Id: //RenderWare/RW36Active/rwsdk/world/baworld.c#2 $"""
"00874de8",64,"""@@(#)$Id: //RenderWare/RW36Active/rwsdk/world/baworobj.c#1 $"""
"00874e28",60,"""@@(#)$Id: //RenderWare/RW36Active/rwsdk/world/balight.c#1 $"""
"00874e98",92,"""@@@@(#)$Id: //RenderWare/RW36Active/rwsdk/world/pipe/p2/d3d9/d3d9vertexdeclaration.c#1 $"""
"00874f50",80,"""@@@@(#)$Id: //RenderWare/RW36Active/rwsdk/world/pipe/p2/d3d9/D3D9lights.c#1 $"""
"00874fa0",76,"""@@@@(#)$Id: //RenderWare/RW36Active/rwsdk/world/pipe/p2/d3d9/D3D9pipe.c#1 $"""
"00875008",92,"""@@@@(#)$Id: //RenderWare/RW36Active/rwsdk/world/pipe/p2/d3d9/nodeD3D9AtomicAllInOne.c#2 $"""
"00875068",72,"""@@@@(#)$Id: //RenderWare/dev/rwsdk/world/pipe/p2/d3d9/d3d9usage.c#8 $"""
"008750b0",60,"""@@(#)$Id: //RenderWare/RW36Active/rwsdk/world/bamesh.c#1 $"""
"008750ec",64,"""@@(#)$Id: //RenderWare/RW36Active/rwsdk/world/bameshop.c#1 $"""
"00875130",68,"""@@(#)$Id: //RenderWare/RW36Active/rwsdk/world/pipe/p2/bapipew.c#2 $"""
"00875178",96,"""@@@@(#)$Id: //RenderWare/RW36Active/rwsdk/world/pipe/p2/d3d9/nodeD3D9WorldSectorAllInOne.c#1 $"""
"008751d8",84,"""@@@@(#)$Id: //RenderWare/RW36Active/rwsdk/world/pipe/p2/d3d9/d3d9vertexshader.c#1 $"""
"00875297",65,"""?@@(#)$Id: //RenderWare/RW36Active/rwsdk/world/basector.c#1 $"""
"008752d8",64,"""@@(#)$Id: //RenderWare/RW36Active/rwsdk/world/babinwor.c#2 $"""
"00875318",76,"""@@@@(#)$Id: //RenderWare/RW36Active/rwsdk/world/pipe/p2/d3d9/native.c#2 $"""
"00875370",84,"""@@@@(#)$Id: //RenderWare/dev/rwsdk/world/pipe/p2/d3d9/d3d9vertexshaderutils.c#1 $"""
"008755e0",7,"""vs_3_0"""
"008756b1",6,"""s.3.0"""
"0087773a",38,"""Y>failed to open source file: '%s'"""
"00877760",24,"""failed to open resource"""
"0087777c",8,"""defined"""
"00877784",8,"""pragma"""
"0087778c",8,"""endif"""
"008777a5",6,"""fndef"""
"008777b8",8,"""error"""
"008777c0",8,"""include"""
"008777d0",8,"""undef"""
"008777d8",8,"""define"""
"008777e0",34,"""invalid preprocessor command '%s'"""
"00877804",16,"""syntax error"""
"00877814",26,"""too many nested #includes"""
"00877830",71,"""include interface required to support #include from resource or memory"""
"00877878",10,"""error: %s"""
"00877884",33,"""unexpected #elif following #else"""
"008778a8",17,"""unexpected #elif"""
"008778bc",33,"""unexpected #else following #else"""
"008778e0",17,"""unexpected #else"""
"008778f4",18,"""unexpected #endif"""
"00877908",16,"""column_major"""
"00877918",12,"""row_major"""
"00877934",8,"""default"""
"0087793c",8,"""disable"""
"0087794c",34,"""internal error: production failed"""
"00877970",31,"""duplicate macro parameter '%s'"""
"00877990",8,"""warning"""
"00877998",12,"""pack_matrix"""
"008779a8",67,"""functional defines in preprocessor expressions not yet implemented"""
"008779ec",44,"""not enough actual parameters for macro '%s'"""
"00877a20",42,"""unexpected end of file in macro expansion"""
"00877a50",13,"""D3DX_VERSION"""
"00877a60",17,"""DIRECT3D_VERSION"""
"00877a7c",9,"""DIRECT3D"""
"00877a88",30,"""internal error: out of memory"""
"00877aa8",6,"""Stack"""
"00877ab0",44,"""division by zero in preprocessor expression"""
"00877adc",32,"""internal error: stack underflow"""
"00877afc",20,"""yacc stack overflow"""
"00877b10",23,"""unexpected end of file"""
"00877b28",12,"""__LINE__"""
"00877b34",12,"""__FILE__"""
"00877b40",51,"""unexpected tokens following preprocessor directive"""
"00877b74",12,"""error X%u: """
"00877b80",7,"""(%u): """
"00877b88",9,"""%s X%u: """
"00877b94",29,"""syntax error : unexpected %s"""
"00877bb4",6,"""token"""
"00877bbc",12,"""end of file"""
"00877bc8",12,"""end of line"""
"00877bd4",16,"""string constant"""
"00877be4",11,"""token '%s'"""
"00877bf0",12,"""float '%gl'"""
"00877bfc",12,"""float '%gf'"""
"00877c08",12,"""float '%gh'"""
"00877c14",11,"""float '%g'"""
"00877c20",15,"""integer '%uul'"""
"00877c30",14,"""integer '%dl'"""
"00877c40",13,"""integer '%u'"""
"00877c50",14,"""version token"""
"00877c60",35,"""comment continues past end of file"""
"00877c84",30,"""hex value truncated to 32bits"""
"00877ca4",32,"""octal value truncated to 32bits"""
"00877cc4",34,"""decimal value truncated to 32bits"""
"00877ce8",37,"""character continues past end of file"""
"00877d10",34,"""string continues past end of line"""
"00877d34",34,"""string continues past end of file"""
"00877d58",23,"""D3DX9 Shader Assembler"""
"00879a44",8,"""vFace"""
"00879a60",8,"""oDepth"""
"00879a9c",8,"""break_c"""
"00879aac",8,"""phase"""
"00879ae4",12,"""texdepth"""
"00879b00",16,"""texm3x2depth"""
"00879bec",12,"""texcoord"""
"00879c08",8,"""break"""
"00879c10",8,"""endrep"""
"00879c1c",8,"""sincos"""
"00879c3c",8,"""label"""
"00879c44",8,"""endloop"""
"00879ce0",9,"""SPECULAR"""
"00879cec",8,"""DIFFUSE"""
"00879cf4",7,"""SAMPLE"""
"00879cfc",6,"""DEPTH"""
"00879d08",6,"""COLOR"""
"00879d10",11,"""POSITIONT """
"00879d1c",11,"""TESSFACTOR"""
"00879d28",9,"""BINORMAL"""
"00879d34",8,"""TANGENT"""
"00879d3c",9,"""TEXCOORD"""
"00879d48",6,"""PSIZE"""
"00879d50",7,"""NORMAL"""
"00879d58",13,"""BLENDINDICES"""
"00879d68",12,"""BLENDWEIGHT"""
"00879d74",9,"""POSITION"""
"00879d80",8,"""UNKNOWN"""
"00879d88",10,"""POSITIONT"""
"00879d94",35,"""invalid instruction modifiers '%s'"""
"00879db8",55,"""'%s' is not a valid instruction in this shader version"""
"00879e08",8,"""sample"""
"00879e10",8,"""depth"""
"00879e1c",8,"""color"""
"00879e24",12,"""positiont"""
"00879e30",12,"""tessfactor"""
"00879e3c",12,"""binormal"""
"00879e48",8,"""tangent"""
"00879e50",8,"""psize"""
"00879e58",16,"""blendindices"""
"00879e68",12,"""blendweight"""
"00879e74",12,"""position"""
"00879e84",8,"""volume"""
"00879eb0",12,"""centroid"""
"00879ec0",18,"""invalid mask '%s'"""
"00879ed4",21,"""invalid swizzle '%s'"""
"00879eec",42,"""internal error: instruction size mismatch"""
"00879f18",62,"""only a0.x is allowed as a relative address register in vs_1_1"""
"00879f58",51,"""source modifiers incompatible with SUB instruction"""
"00879f90",74,"""relative addressing of predicates is not supported in this shader version"""
"00879fdc",47,"""source modifiers are not allowed on predicates"""
"0087a00c",52,"""predicates are not supported in this shader version"""
"0087a040",86,"""relative addressing of destination parameters is not supported in this shader version"""
"0087a098",80,"""only one address register reference is allowed in a relative address expression"""
"0087a0e8",59,"""source modifiers are not allowed on destination parameters"""
"0087a128",80,"""call, callnz, label, and ret instructions are not allowed in assembly fragments"""
"0087a178",72,"""Matrices cannot be specified in temp registers with the fragment linker"""
"0087a1c8",43,"""fragment info exceeds maximum comment size"""
"0087a1f4",63,"""debug info exceeds maximum comment size; no debug info emitted"""
"0087a238",77,"""constant register address out of bounds on constant '%s', size %d, offset %d"""
"0087a288",58,"""constant register '%s' must be defined as a variable '%s'"""
"0087a2c8",116,"""'%s' is not a valid register name.  Registers must start with v_, r_, c_, b_, or i_ depending on the register type."""
"0087a348",62,"""addressing operations not allowed on temporary registers '%s'"""
"0087a388",62,"""addressing operations are not allowed on input registers '%s'"""
"0087a3c8",38,"""Invalid input register '%s' specified"""
"0087a3f0",47,"""invalid register, input, or constant name '%s'"""
"0087a420",8,"""false"""
"0087a430",12,"""entrypoint"""
"0087a43c",22,"""invalid register '%s'"""
"0087a454",27,"""invalid register '%s[...]'"""
"0087a470",26,"""invalid register '%s[%u]'"""
"0087a4a8",71,"""temporary and constant registers are not allowed in assembly fragments"""
"0087a4f0",77,"""only one address register reference allowed in a relative address expression"""
"0087a540",36,"""scalar registers cannot be swizzled"""
"0087a564",51,"""complement is not supported in this shader version"""
"0087a598",47,"""complement cannot be used with other modifiers"""
"0087a5c8",30,"""invalid complement expression"""
"0087a5e8",47,"""negate and divide modifiers cannot be combined"""
"0087a618",40,"""not cannot be used with other modifiers"""
"0087a640",34,"""scalar registers cannot be masked"""
"0087a668",64,"""instruction predication is not supported in this shader version"""
"0087a6a8",60,"""instruction coissue is not supported in this shader version"""
"0087a6e4",31,"""Direct3DShaderValidatorCreate9"""
"0087a704",9,"""d3d9.dll"""
"0087a710",80,"""only vs_1_1, vs_2_0, vs_2_x, and vs_2_sw are supported for assembly fragments"""
"0087a760",28,"""unrecognized shader version"""
"0087a77c",44,"""ps_1_0 is no longer supported; using ps_1_1"""
"0087a7a8",44,"""vs_1_0 is no longer supported; using vs_1_1"""
"0087a7d4",24,"""shader version expected"""
"0087a7ec",40,"""internal error: result register invalid"""
"0087a814",47,"""internal error: argument missing context (A%u)"""
"0087a844",29,"""internal error: unknown node"""
"0087a8f7",61,"""?asymetric returns from if statements not yet implemented"""
"0087a934",39,"""internal error: unrecognized statement"""
"0087a95c",56,"""general for/do/while statements are not yet implemented"""
"0087a994",47,"""intrinsic function '%s' is not yet implemented"""
"0087a9ce",86,"""o@tex1D will considered dependent since texcoord was not declared as at least float2"""
"0087aa36",54,"""L@'%s': output parameter '%s' never assigned a value"""
"0087aa70",46,"""'%s': output parameter '%s' missing semantics"""
"0087aaa0",46,"""'%s': function return value missing semantics"""
"0087aad0",35,"""'%s': function must return a value"""
"0087aaf4",45,"""'%s': input parameter '%s' missing semantics"""
"0087ab24",46,"""'%s': recursive functions not yet implemented"""
"0087ab54",40,"""internal error: unrecognized expression"""
"0087ab7c",37,"""function '%s' missing implementation"""
"0087aba4",48,"""non-linear array references not yet implemented"""
"0087abd4",63,"""array references of intermediate arguments not yet implemented"""
"0087ac14",26,"""array index out of bounds"""
"0087ac30",35,"""internal error: unrecognized value"""
"0087ac54",32,"""overloaded function not found"""
"0087ac74",28,"""'%s': entrypoint not found"""
"0087ac90",36,"""unrecognized compiler target '%s'"""
"0087acb4",51,"""non-trivial object expressions not yet implemented"""
"0087ace8",72,"""expressions returning objects in an array or struct not yet implemented"""
"0087ad30",36,"""internal error: expression expected"""
"0087ae1a",30,"""*>Software\\Microsoft\\Direct3D"""
"0087ae38",11,"""DisableMMX"""
"0087ae44",16,"""GenuineIntel"""
"0087ae54",16,"""DisableD3DXPSGP"""
"0087ae64",12,"""DisablePSGP"""
"0087af80",87,"""integer constant register '%s' must be defined as a variable of type int3 or int4 only"""
"0087afd8",79,"""boolean constant register '%s' must be defined as a variable of type bool only"""
"0087b028",74,"""Constant variable '%s' bound to register greater than 8191 (%d requested)"""
"0087b074",44,"""Internal error compiling the fragment '%s'"""
"0087b0a0",48,"""There was an error compiling the fragment '%s'"""
"0087b128",46,"""internal error: argument was never used (A%u)"""
"0087b158",53,"""internal error: cannot read from argument pool (A%u)"""
"0087b190",52,"""internal error: cannot write to argument pool (A%u)"""
"0087b1c4",60,"""internal error: output argument was never initialized (A%u)"""
"0087b200",68,"""internal error: argument used without having been initialized (A%u)"""
"0087b244",62,"""variable '%s' used without having been completely initialized"""
"0087b298",19,"""indefinite arcsine"""
"0087b2ac",21,"""indefinite arccosine"""
"0087b2c4",21,"""indefinite logarithm"""
"0087b2dc",22,"""imaginary square root"""
"0087b2f4",17,"""division by zero"""
"0087b308",23,"""expression too complex"""
"0087b320",48,"""internal warning: optimization did not converge"""
"0087e628",20,"""D3DCOLORtoUBYTE4"""
"0087e63c",12,"""transpose"""
"0087e648",12,"""texCUBEbias"""
"0087e654",12,"""texCUBEproj"""
"0087e660",8,"""texCUBE"""
"0087e680",6,"""tex3D"""
"0087e6a0",6,"""tex2D"""
"0087e6c0",6,"""tex1D"""
"0087e6e4",12,"""smoothstep"""
"0087e704",12,"""saturate"""
"0087e718",8,"""round"""
"0087e724",8,"""refract"""
"0087e730",8,"""reflect"""
"0087e738",8,"""radians"""
"0087e740",12,"""normalize"""
"0087e74c",8,"""noise"""
"0087e768",6,"""log10"""
"0087e780",8,"""length"""
"0087e790",8,"""isnan"""
"0087e798",8,"""isinf"""
"0087e7a0",12,"""isfinite"""
"0087e7c4",6,"""floor"""
"0087e7d4",12,"""faceforward"""
"0087e7ec",12,"""distance"""
"0087e7f8",12,"""determinant"""
"0087e804",8,"""degrees"""
"0087e80c",8,"""cross"""
"0087e828",8,"""clamp"""
"0087e864",28,"""syntax error: unexpected %s"""
"0087e880",17,"""integer constant"""
"0087e894",15,"""float constant"""
"0087e8a4",35,"""internal error: production failed!"""
"0087e8c8",32,"""internal error: scope underflow"""
"0087e8e8",38,"""redefinition of formal parameter '%s'"""
"0087e910",21,"""redefinition of '%s'"""
"0087e928",6,"""Stmts"""
"0087e930",30,"""internal error: scope missing"""
"0087e950",27,"""duplicate usages specified"""
"0087e96c",13,"""%sstruct{%u}"""
"0087e984",7,"""%s%s%u"""
"0087e98c",10,"""%s%s%ux%u"""
"0087e998",15,"""vertexfragment"""
"0087e9a8",14,"""pixelfragment"""
"0087e9b8",13,"""vertexshader"""
"0087e9c8",12,"""pixelshader"""
"0087e9d4",12,"""samplerCUBE"""
"0087e9e0",10,"""sampler3D"""
"0087e9ec",10,"""sampler2D"""
"0087e9f8",10,"""sampler1D"""
"0087ea04",8,"""sampler"""
"0087ea0c",12,"""textureCUBE"""
"0087ea18",10,"""texture3D"""
"0087ea24",10,"""texture2D"""
"0087ea30",10,"""texture1D"""
"0087ea3c",8,"""texture"""
"0087ea44",7,"""string"""
"0087ea4c",8,"""double"""
"0087ea54",8,"""float"""
"0087ea70",7,"""const """
"0087ea78",8,"""unknown"""
"0087eb70",49,"""object literals are not allowed inside functions"""
"0087eba4",15,"""float expected"""
"0087ebc0",7,"""Values"""
"0087ebc8",6,"""Decls"""
"0087ebd0",66,"""non-matrix types cannot be declared 'row_major' or 'column_major'"""
"0087ec14",41,"""'%s': cannot %sconvert from '%s' to '%s'"""
"0087ec40",35,"""cannot %sconvert from '%s' to '%s'"""
"0087ec64",12,"""implicitly """
"0087ec70",6,"""Value"""
"0087ec78",6,"""Types"""
"0087ec80",8,"""Swizzle"""
"0087ec88",23,"""invalid subscript '%s'"""
"0087eca0",10,"""UsageType"""
"0087ecac",17,"""indefinite power"""
"0087ecc0",24,"""infinite/indefinite log"""
"0087ecd8",16,"""indefinite asin"""
"0087ece8",16,"""indefinite acos"""
"0087ed00",10,"""techinque"""
"0087ed0c",9,"""function"""
"0087ed18",9,"""variable"""
"0087ed24",27,"""undeclared identifier '%s'"""
"0087ed40",7,"""matrix"""
"0087ed48",7,"""vector"""
"0087ed50",6,"""dword"""
"0087ed58",43,"""'%s': identifier represents a %s, not a %s"""
"0087ed98",30,"""'%s': ambiguous function call"""
"0087edb8",142,"""'%s': loop control variable used outside for-loop scope conflicts with a previous declaration in the outer scope; most recent definition used"""
"0087ee48",58,"""incorrect number of arguments to numeric-type constructor"""
"0087ee84",52,"""cannot convert from 'object type' to 'numeric type'"""
"0087eeb8",49,"""constructors only defined for numeric base types"""
"0087eeec",46,"""dimension of conditional does not match value"""
"0087ef1c",41,"""type mismatch between conditional values"""
"0087ef48",28,"""conditional must be numeric"""
"0087ef70",8,"""while"""
"0087ef78",12,"""volatile"""
"0087ef84",8,"""virtual"""
"0087ef8c",8,"""using"""
"0087ef94",12,"""unsigned"""
"0087efa0",8,"""union"""
"0087efa8",8,"""uniform"""
"0087efb0",12,"""typename"""
"0087efbc",8,"""typedef"""
"0087efc8",8,"""throw"""
"0087efd8",12,"""template"""
"0087efe4",8,"""switch"""
"0087efec",8,"""struct"""
"0087eff4",12,"""static_cast"""
"0087f000",8,"""static"""
"0087f008",8,"""sizeof"""
"0087f010",8,"""signed"""
"0087f018",8,"""short"""
"0087f020",8,"""shared"""
"0087f028",16,"""sampler_state"""
"0087f038",8,"""return"""
"0087f040",20,"""reinterpret_cast"""
"0087f054",12,"""register"""
"0087f060",8,"""public"""
"0087f068",12,"""protected"""
"0087f074",8,"""private"""
"0087f07c",12,"""operator"""
"0087f090",12,"""namespace"""
"0087f09c",8,"""mutable"""
"0087f0ac",8,"""inout"""
"0087f0b4",8,"""inline"""
"0087f0c8",8,"""friend"""
"0087f0d4",8,"""extern"""
"0087f0dc",12,"""explicit"""
"0087f0f0",16,"""dynamic_cast"""
"0087f104",8,"""delete"""
"0087f10c",12,"""continue"""
"0087f118",12,"""const_cast"""
"0087f124",8,"""const"""
"0087f12c",20,"""compile_fragment"""
"0087f140",8,"""compile"""
"0087f148",8,"""class"""
"0087f158",8,"""catch"""
"0087f168",12,"""technique"""
"0087f174",16,"""asm_fragment"""
"0087f18c",51,"""'%s': function return value differs from prototype"""
"0087f1c0",43,"""'%s': void function cannot have a semantic"""
"0087f1ec",47,"""'%s': missing default value for parameter '%s'"""
"0087f21c",44,"""'%s': function return value must be numeric"""
"0087f248",44,"""'%s': functions cannot be declared 'extern'"""
"0087f274",45,"""'%s': functions cannot be declared 'uniform'"""
"0087f2a4",58,"""'%s': array dimensions must be literal scalar expressions"""
"0087f2e0",48,"""'%s': array dimensions of type must be explicit"""
"0087f310",50,"""'%s': array dimension must be between 1 and 65536"""
"0087f348",42,"""vector dimension must be between 1 and %u"""
"0087f374",53,"""vector dimension must be a literal scalar expression"""
"0087f3ac",53,"""matrix dimensions must be literal scalar expressions"""
"0087f3e4",43,"""matrix dimensions must be between 1 and %u"""
"0087f410",52,"""array dimensions must be literal scalar expressions"""
"0087f444",15,"""array expected"""
"0087f454",16,"""scalar expected"""
"0087f464",31,"""l-value specifies const object"""
"0087f484",14,"""type mismatch"""
"0087f494",52,"""object assignments are not allowed inside functions"""
"0087f4c8",35,"""scalar, vector, or matrix expected"""
"0087f4ec",43,"""'%s': void functions cannot return a value"""
"0087f518",50,"""'%s': secondary array dimensions must be explicit"""
"0087f54c",33,"""'%s': %s cannot have annotations"""
"0087f570",31,"""'%s': %s cannot have semantics"""
"0087f590",17,"""'%s': missing %s"""
"0087f5a4",38,"""'%s': %s must be a literal expression"""
"0087f5cc",37,"""'%s': output only %s cannot have %ss"""
"0087f5f4",45,"""'%s': non-numeric uniform %s cannot have %ss"""
"0087f624",25,"""'%s': %s cannot have %ss"""
"0087f640",37,"""'%s': %s cannot be declared 'shared'"""
"0087f668",39,"""'%s': %s cannot be declared 'volatile'"""
"0087f690",37,"""'%s': %s cannot be declared 'extern'"""
"0087f6b8",42,"""'%s': %s cannot be declared 'uniform out'"""
"0087f6e4",38,"""'%s': %s cannot be declared 'uniform'"""
"0087f70c",37,"""'%s': %s cannot be declared 'static'"""
"0087f734",45,"""'%s': uniform %s cannot be declared 'static'"""
"0087f764",44,"""'%s': extern %s cannot be declared 'static'"""
"0087f790",25,"""'%s': %s must be numeric"""
"0087f7ac",51,"""'%s': output paramaters cannot be declared 'const'"""
"0087f7e0",36,"""'%s': %s cannot be declared 'const'"""
"0087f804",37,"""'%s': %s cannot be declared 'inline'"""
"0087f82c",35,"""'%s': %s cannot be target specific"""
"0087f850",32,"""'%s': implicit array missing %s"""
"0087f870",44,"""'%s': implicit array type does not match %s"""
"0087f89c",46,"""'%s': array dimensions of %s must be explicit"""
"0087f8cc",6,"""value"""
"0087f8d4",14,"""default value"""
"0087f8e4",12,"""initializer"""
"0087f8f0",19,"""annotation members"""
"0087f904",23,"""loop control variables"""
"0087f91c",16,"""local variables"""
"0087f92c",20,"""function parameters"""
"0087f940",18,"""structure members"""
"0087f954",17,"""global variables"""
"0087f968",14,"""initial value"""
"0087f978",54,"""'%s': intrinsic function does not take %u parameter%s"""
"0087f9b0",44,"""'%s': function does not take %u parameter%s"""
"0087f9dc",11,"""Parameters"""
"0087f9e8",8,"""Outputs"""
"0087f9f0",7,"""Inputs"""
"0087f9f8",33,"""unsupported compiler target '%s'"""
"0087fa1c",37,"""internal error: unhandled production"""
"0087fa48",71,"""comma expression used where an initializer list may have been intended"""
"0087fa90",10,"""Arguments"""
"0087fa9c",10,"""DwordExpr"""
"0087faa8",7,"""States"""
"0087fab0",7,"""Passes"""
"0087fab8",24,"""'%s' already has a body"""
"0087fad0",12,"""VariableDim"""
"0087fadc",10,"""Semantics"""
"0087fae8",20,"""invalid use of '%s'"""
"0087fafc",9,"""TypeDefs"""
"0087fb10",8,"""texCube"""
"00880808",132,"""texcoord inputs used directly (that is, other than sampling from textures) in shader body in ps_1_%i are always clamped from 0 to 1"""
"0088088c",37,"""internal error: malformed clip found"""
"008808b4",40,"""Clip must be from a 3 vector in ps_1_%i"""
"008808dc",62,"""cannot access w component from texcoord in general expression"""
"0088091c",33,"""%s%s is not supported on ps_1_%i"""
"0088094f",53,"""@internal error: InputRemap component matchup failed"""
"00880984",55,"""cannot perform double dependent texture read in ps_1_x"""
"008809c0",80,"""cannot perform dependent texture read which in any way is based on color inputs"""
"00880a10",65,"""cannot read from a texcoord which was used as input in a sampler"""
"00880a54",35,"""conflicting sampler array bindings"""
"00880a78",131,"""conflicting user defined sampler bindings. If two samplers have the same user binding, they cannot both be used in the same shader"""
"00880b00",85,"""cannot read from same texcoord. In ps_1_%i, each sampler must have a unique TEXCOORD"""
"00880b58",109,"""cannot bind sampler to sampler array. In ps_1_%i, samplers must be bound to the same stage as their TEXCOORD"""
"00880bc8",16,"""program too big"""
"00880bd8",48,"""too many texture loads and reads from texcoords"""
"00880c08",97,"""cannot perform texture lookup twice from a user bound or similar array access sampler in ps_1_%i"""
"00880c70",116,"""cannot bind sampler to user specified stage. In ps_1_%i, samplers must be bound to the same stage as their TEXCOORD"""
"00880ce8",74,"""can read from texcoord and use it for texlookup only in ps_1_4 and higher"""
"00880d38",65,"""texture loads or clips cannot be from inputs not marked TEXCOORD"""
"00880d7c",41,"""internal error: arguments not vectorized"""
"00880da8",60,"""program too complex: exceeded available constant registers."""
"00880de8",78,"""literal values outside range -1 to 1 are clamped on all ps_1_x shading models"""
"00880e38",36,"""exceeded maximum constant registers"""
"00880e5c",34,"""internal error: texld alias found"""
"00880e80",48,"""program too complex: out of temporary registers"""
"00880eb0",37,"""internal error: uppropagation failed"""
"00880ed8",44,"""internal error: unvectorized register found"""
"00880f08",87,"""cannot match to texreg2ar or texreg2gb instruction because cannot have input modifiers"""
"00880f60",88,"""expression can only be map to texreg2rgb, but this instruction is not supported on 1_%i"""
"00880fb8",81,"""cannot match to texreg2rgb instruction because can only have input modifier _bx2"""
"00881010",66,"""cannot bind sampler to sampler array, sampler must be bound to %i"""
"00881054",41,"""internal error: unexpected argument type"""
"00881080",80,"""cannot match to texm* because texm* can only have bx2 modifier on input texload"""
"008810d0",83,"""cannot match to texm* because texm* cannot have source modifiers on input texcoord"""
"00881128",139,"""unable to match texm* because source inputs are not in appropriate texture coordinates. See ps_1_% assembly reference for more information"""
"008811b8",65,"""unable to match texm because computed texcoord is used in shader"""
"00881200",73,"""cannot bind sampler to user specified stage, sampler must be bound to %i"""
"00881250",71,"""accessing texture coordinate w-component not yet implemented in ps_1_4"""
"00881298",56,"""cannot access texture coordinate w-component in ps_1_%d"""
"008812d0",64,"""pixel shader must minimally write all four components of COLOR0"""
"00881310",23,"""DEPTH must be a scalar"""
"00881328",44,"""relative addressing not supported in ps_1_x"""
"00881354",43,"""internal error: unexpected output register"""
"00881380",73,"""'texcoord' reference exceeds valid range for this shader model (max: %i)"""
"008813d4",53,"""output semantic '%s%d' not yet implemented in ps_1_x"""
"0088140c",31,"""invalid output semantic '%s%d'"""
"0088142c",60,"""input semantic '%s' has been deprecated; use '%s%d' instead"""
"00881468",30,"""invalid input semantic '%s%d'"""
"00881488",9,"""specular"""
"00881494",8,"""diffuse"""
"0088149c",43,"""invalid reference to input semantic '%s%d'"""
"008814c8",29,"""cannot map swizzle to ps_1_4"""
"008814e8",38,"""internal error: illformed write field"""
"00881510",56,"""unable to emmulate write masks for ps_1_%i shader model"""
"00881548",128,"""shader cannot compile to a ps_1_%i shader because this model can't match all the dependent texture read(s) this shader requires"""
"008815c8",50,"""cannot map this dependent texture read to ps_1_%i"""
"008815fc",54,"""cannot map expression to pixel shader instruction set"""
"00881634",50,"""relative addressing not allowed for pixel shaders"""
"008816fc",42,"""internal error: overlapping output writes"""
"00881728",40,"""COLOR%d must be a four-component vector"""
"00881750",55,"""COLOR outputs must be contiguous from COLOR0 to COLORn"""
"00881788",56,"""internal error: unexpected Alias on texture declaration"""
"008817c0",46,"""sampler mismatch: sampler used inconsistently"""
"008817f0",68,"""internal error: compiler emittimg multiple movs to output registers"""
"00881838",64,"""internal error: write to output with instruction other than mov"""
"00881878",38,"""internal error: invalid swizzle found"""
"008818a0",67,"""vertex shader must minimally write all four components of POSITION"""
"008818e4",23,"""PSIZE must be a scalar"""
"008818fc",21,"""FOG must be a scalar"""
"00881914",61,"""output semantic '%s' has been deprecated; use '%s%d' instead"""
"00881954",59,"""multi-register semantics are not allowed in fragments '%s'"""
"00881998",7,"""v_%s%d"""
"008819a0",60,"""relative addressing not supported in vs_1_0 instruction set"""
"008819dc",8,"""c_$zz%d"""
"008819e4",9,"""r_$Int%d"""
"00881a74",46,"""internal error: multiple write to same output"""
"00881aa4",33,"""internal error: DST test failure"""
"00881ac8",55,"""cannot map expression to vertex shader instruction set"""
"00881b84",44,"""invalid reference to output semantic '%s%d'"""
"00881bb0",30,"""too many outputs to target TX"""
"00881bd0",32,"""too many arguments to target TX"""
"00881d40",16,"""AuthenticAMD"""
"00881d50",16,"""UnknownVendr"""
"00881d60",22,"""D3DX9 Shader Compiler"""
"0088229c",41,"""maximum constant register index exceeded"""
"008822c8",38,"""maximum input register index exceeded"""
"008822f0",40,"""maximum sampler register index exceeded"""
"00882318",31,"""invalid register semantic '%s'"""
"00882338",58,"""overlapping register semantics not yet implemented '%c%u'"""
"00882374",52,"""cannot match lerp because lerp factor is not _sat'd"""
"008823a8",48,"""internal error: unexpected output register type"""
"008823d8",40,"""maximum address register index exceeded"""
"00882400",37,"""maximum temp register index exceeded"""
"00882428",47,"""internal error: unexpected input register type"""
"00882458",44,"""target does not support relative addressing"""
"00882484",63,"""_bias opportunity missed because source was not clamped 0 to 1"""
"008824c8",79,"""complement opportunity missed because input result was not clamped from 0 to 1"""
"00882518",49,"""constant table info exceeds maximum comment size"""
"00882554",29,"""overlapping output semantics"""
"00882574",34,"""maximum number of inputs exceeded"""
"00882598",48,"""internal error: input register missing semantic"""
"008825c8",49,"""internal error: output register missing semantic"""
"008825fc",43,"""%s target does not support texture lookups"""
"00882628",81,"""maximum number of samplers exceeded. %s target can have a maximum of %i samplers"""
"0088267c",52,"""clip cannot be performed from a constant or literal"""
"008826b0",62,"""clip must be performed from a float4 vector for ps_2_0 models"""
"008826f0",35,"""cannot clip from a swizzled vector"""
"00882714",62,"""clip must be performed from a float3 vector for ps_1_x models"""
"00882754",52,"""internal error: size mismatch in scalar instruction"""
"00882bff",73,"""@@@@@(#)$Id: //RenderWare/RW36Active/rwsdk/plugin/hanim/rphanim.c#1 $"""
"00882c48",68,"""@@@@(#)$Id: //RenderWare/RW36Active/rwsdk/plugin/hanim/stdkey.c#1 $"""
"00882c90",68,"""@@@@(#)$Id: //RenderWare/RW36Active/rwsdk/plugin/skin2/rpskin.c#1 $"""
"00882ce0",76,"""@@@@(#)$Id: //RenderWare/dev/rwsdk/plugin/skin2/d3d9/skind3d9plain.c#13 $"""
"00882d30",68,"""@@@@(#)$Id: //RenderWare/RW36Active/rwsdk/plugin/skin2/bsplit.c#1 $"""
"00882d98",76,"""@@@@(#)$Id: //RenderWare/RW36Active/rwsdk/plugin/skin2/win/ssematbl.c#1 $"""
"00882df0",80,"""@@@@(#)$Id: //RenderWare/dev/rwsdk/plugin/skin2/d3d9/skind3d9pipesshared.c#5 $"""
"00882e40",76,"""@@@@(#)$Id: //RenderWare/RW36Active/rwsdk/plugin/skin2/win/x86matbl.c#1 $"""
"00882e90",68,"""@@@@(#)$Id: //RenderWare/dev/rwsdk/plugin/uvanim/rpuvanim.c#18 $"""
"00882eec",64,"""@@@@(#)$Id: //RenderWare/dev/rwsdk/plugin/hanim/stdkey.c#27 $"""
"00882f30",64,"""@@@@(#)$Id: //RenderWare/dev/rwsdk/plugin/hanim/stdkey.c#27 $"""
"00882f70",64,"""@@@@(#)$Id: //RenderWare/dev/rwsdk/plugin/hanim/stdkey.c#27 $"""
"00882fb0",68,"""@@@@(#)$Id: //RenderWare/RW36Active/rwsdk/tool/anim/rtanim.c#2 $"""
"00882ff4",64,"""@@@@(#)$Id: //RenderWare/RW36Active/rwsdk/tool/bmp/rtbmp.c#1 $"""
"00883034",56,"""@@@@(#)$Id: //RenderWare/dev/rwsdk/plugin/uvanim/dict.c"""
"0088306c",64,"""@@@@(#)$Id: //RenderWare/RW36Active/rwsdk/tool/png/rtpng.c#1 $"""
"00883234",17,"""0123456789ABCDEF"""
"0088326f",57,"""? deflate 1.1.3 Copyright 1995-1998 Jean-loup Gailly """
"008841b0",48,""" inflate 1.1.3 Copyright 1995-1998 Mark Adler """
"008843d0",64,"""@@(#)$Id: //RenderWare/RW36Active/rwsdk/tool/quat/rtquat.c#1 $"""
"00884418",68,"""@@(#)$Id: //RenderWare/RW36Active/rwsdk/tool/slerp/rtslerp.c#1 $"""
"00884460",68,"""@@(#)$Id: //RenderWare/RW36Active/rwsdk/src/plcore/bastream.c#1 $"""
"008844a8",68,"""@@(#)$Id: //RenderWare/RW36Active/rwsdk/src/plcore/babinary.c#1 $"""
"008844f0",68,"""@@(#)$Id: //RenderWare/RW36Active/rwsdk/src/plcore/bavector.c#1 $"""
"00884534",60,"""@@(#)$Id: //RenderWare/RW36Active/rwsdk/src/bacamera.c#2 $"""
"00884570",68,"""@@(#)$Id: //RenderWare/RW36Active/rwsdk/src/pipe/p2/baim3d.c#1 $"""
"008845b4",60,"""@@(#)$Id: //RenderWare/RW36Active/rwsdk/src/baframe.c#1 $"""
"008845f0",68,"""@@(#)$Id: //RenderWare/RW36Active/rwsdk/src/plcore/bamatrix.c#1 $"""
"00884635",63,""".eB@@(#)$Id: //RenderWare/RW36Active/rwsdk/src/badevice.c#2 $"""
"00884674",40,"""\nCore built at Sep  4 2003 06:48:34\n"""
"0088469c",60,"""@@(#)$Id: //RenderWare/RW36Active/rwsdk/src/batextur.c#2 $"""
"008846d8",17,"""0123456789abcdef"""
"008846f0",72,"""@@@@(#)$Id: //RenderWare/dev/rwsdk/driver/d3d9/d3d9vertexbuffer.c#3 $"""
"00884740",72,"""@@@@(#)$Id: //RenderWare/RW36Active/rwsdk/driver/d3d9/d3d9device.c#3 $"""
"00884800",64,"""@@@@(#)$Id: //RenderWare/RW36Active/rwsdk/src/baraster.c#1 $"""
"00884840",72,"""@@@@(#)$Id: //RenderWare/RW36Active/rwsdk/driver/d3d9/d3d92drend.c#1 $"""
"008848a8",72,"""@@@@(#)$Id: //RenderWare/RW36Active/rwsdk/driver/d3d9/d3d9rendst.c#1 $"""
"008849e8",72,"""@@@@(#)$Id: //RenderWare/RW36Active/rwsdk/driver/d3d9/d3d9convrt.c#1 $"""
"00884a30",68,"""@@(#)$Id: //RenderWare/RW36Active/rwsdk/src/plcore/bamemory.c#2 $"""
"00884a74",60,"""@@@@(#)$Id: //RenderWare/RW36Active/rwsdk/src/baimage.c#1 $"""
"00884ab0",64,"""@@(#)$Id: //RenderWare/RW36Active/rwsdk/src/plcore/bafsys.c#1 $"""
"00884af0",60,"""@@(#)$Id: //RenderWare/RW36Active/rwsdk/src/baimras.c#1 $"""
"00884b2c",60,"""@@(#)$Id: //RenderWare/RW36Active/rwsdk/src/babintex.c#1 $"""
"00884b68",60,"""@@(#)$Id: //RenderWare/RW36Active/rwsdk/src/batypehf.c#1 $"""
"00884ba8",68,"""@@(#)$Id: //RenderWare/RW36Active/rwsdk/src/pipe/p2/p2core.c#1 $"""
"00884bec",60,"""@@(#)$Id: //RenderWare/RW36Active/rwsdk/src/babinfrm.c#1 $"""
"00884c30",9,"""d3d9.dll"""
"00884c40",68,"""@@(#)$Id: //RenderWare/RW36Active/rwsdk/src/pipe/p2/bapipe.c#1 $"""
"00884c88",68,"""@@(#)$Id: //RenderWare/RW36Active/rwsdk/src/plcore/baresour.c#1 $"""
"00884cd0",68,"""@@(#)$Id: //RenderWare/RW36Active/rwsdk/src/plcore/batkreg.c#2 $"""
"00884d14",64,"""@@(#)$Id: //RenderWare/RW36Active/rwsdk/src/plcore/baerr.c#1 $"""
"00884d58",68,"""@@(#)$Id: //RenderWare/RW36Active/rwsdk/src/plcore/batkbin.c#1 $"""
"00884d9c",60,"""@@(#)$Id: //RenderWare/RW36Active/rwsdk/src/babincam.c#1 $"""
"00884dd8",60,"""@@(#)$Id: //RenderWare/RW36Active/rwsdk/src/babbox.c#1 $"""
"00884e18",64,"""@@(#)$Id: //RenderWare/RW36Active/rwsdk/src/plcore/balist.c#1 $"""
"00884e58",60,"""@@(#)$Id: //RenderWare/RW36Active/rwsdk/src/basync.c#1 $"""
"00884e98",68,"""@@(#)$Id: //RenderWare/RW36Active/rwsdk/src/pipe/p2/p2heap.c#1 $"""
"00884ee0",68,"""@@@@(#)$Id: //RenderWare/dev/rwsdk/src/pipe/p2/d3d9/im3dpipe.c#13 $"""
"00884f28",68,"""@@(#)$Id: //RenderWare/RW36Active/rwsdk/src/plcore/rwstring.c#1 $"""
"00884f70",68,"""@@(#)$Id: //RenderWare/RW36Active/rwsdk/src/plcore/bacolor.c#1 $"""
"00884fb8",72,"""@@(#)$Id: //RenderWare/RW36Active/rwsdk/driver/common/palquant.c#1 $"""
"00885013",61,"""?@@(#)$Id: //RenderWare/RW36Active/rwsdk/src/baresamp.c#1 $"""
"00885058",72,"""@@(#)$Id: //RenderWare/RW36Active/rwsdk/driver/common/ssematml.c#1 $"""
"008850a0",68,"""@@(#)$Id: //RenderWare/RW36Active/rwsdk/driver/common/cpuext.c#1 $"""
"008850e8",84,"""@@@@(#)$Id: //RenderWare/dev/rwsdk/src/pipe/p2/d3d9/nodeD3D9SubmitNoLight.c#28 $"""
"00885154",60,"""@@(#)$Id: //RenderWare/RW36Active/rwsdk/os/win/osintf.c#1 $"""
"00885190",72,"""@@(#)$Id: //RenderWare/RW36Active/rwsdk/src/pipe/p2/p2renderstate.c#1 $"""
"008851d8",64,"""@@(#)$Id: //RenderWare/RW36Active/rwsdk/src/pipe/p2/p2dep.c#1 $"""
"00885218",68,"""@@@@(#)$Id: //RenderWare/RW36Active/rwsdk/src/plcore/resmem.c#1 $"""
"00885260",68,"""@@(#)$Id: //RenderWare/RW36Active/rwsdk/src/pipe/p2/p2resort.c#1 $"""
"008852a8",72,"""@@@@(#)$Id: //RenderWare/RW36Active/rwsdk/plugin/matfx/rpmatfx.c#1 $"""
"008855b8",76,"""@@@@(#)$Id: //RenderWare/dev/rwsdk/plugin/matfx/d3d9/effectPipesD3D9.c#78 $"""
"00885650",12,"""DINPUT8.dll"""
"00885a70",11,"""DSOUND.dll"""
"00885a80",10,"""DDRAW.dll"""
"00887d10",72,"""@@@@(#)$Id: //RenderWare/RW36Active/rwsdk/driver/d3d9/d3d9dxttex.c#5 $"""
"00887d7c",24,"""invalid string position"""
"00887d94",16,"""string too long"""
"00887db0",15,"""bad allocation"""
"00887e88",18,"""Unknown exception"""
"00887fe4",15,"""CorExitProcess"""
"00887ff4",12,"""mscoree.dll"""
"00888208",8,"""LC_TIME"""
"00888210",11,"""LC_NUMERIC"""
"0088821c",12,"""LC_MONETARY"""
"00888228",9,"""LC_CTYPE"""
"00888234",11,"""LC_COLLATE"""
"00888240",8,"""LC_ALL"""
"0088829c",6,"""e+000"""
"008882b6",30,"""GAIsProcessorFeaturePresent"""
"008882d4",9,"""KERNEL32"""
"008883e6",12,"u""null)"""
"008883f4",7,"""(null)"""
"00888468",6,"""exp10"""
"0088bee4",16,"""runtime error """
"0088bef8",16,"""TLOSS error\r\n"""
"0088bf08",16,"""SING error\r\n"""
"0088bf18",16,"""DOMAIN error\r\n"""
"0088bf28",40,"""R6028\r\n- unable to initialize heap\r\n"""
"0088bf50",56,"""R6027\r\n- not enough space for lowio initialization\r\n"""
"0088bf88",56,"""R6026\r\n- not enough space for stdio initialization\r\n"""
"0088bfc0",40,"""R6025\r\n- pure virtual function call\r\n"""
"0088bfe8",56,"""R6024\r\n- not enough space for _onexit/atexit table\r\n"""
"0088c020",44,"""R6019\r\n- unable to open console device\r\n"""
"0088c04c",36,"""R6018\r\n- unexpected heap error\r\n"""
"0088c070",48,"""R6017\r\n- unexpected multithread lock error\r\n"""
"0088c0a0",44,"""R6016\r\n- not enough space for thread data\r\n"""
"0088c0d0",152,"""\r\nThis application has requested the Runtime to terminate it in an unusual way.\nPlease contact the application's support team for more information.\r\n"""
"0088c168",44,"""R6009\r\n- not enough space for environment\r\n"""
"0088c194",44,"""R6008\r\n- not enough space for arguments\r\n"""
"0088c1c0",40,"""R6002\r\n- floating point not loaded\r\n"""
"0088c1e8",37,"""Microsoft Visual C++ Runtime Library"""
"0088c214",26,"""Runtime Error!\n\nProgram: """
"0088c230",23,"""<program name unknown>"""
"0088c248",12,"""_nextafter"""
"0088c2ac",9,"""HH:mm:ss"""
"0088c2b8",20,"""dddd, MMMM dd, yyyy"""
"0088c2cc",9,"""MM/dd/yy"""
"0088c2e0",9,"""December"""
"0088c2ec",9,"""November"""
"0088c2f8",8,"""October"""
"0088c300",10,"""September"""
"0088c30c",7,"""August"""
"0088c324",6,"""April"""
"0088c32c",6,"""March"""
"0088c334",9,"""February"""
"0088c340",8,"""January"""
"0088c378",9,"""Saturday"""
"0088c384",7,"""Friday"""
"0088c38c",9,"""Thursday"""
"0088c398",10,"""Wednesday"""
"0088c3a4",8,"""Tuesday"""
"0088c3ac",7,"""Monday"""
"0088c3b4",7,"""Sunday"""
"0088c3dc",6,"""am/pm"""
"0088ccac",9,"""Paraguay"""
"0088ccc0",8,"""Chile"""
"0088ccc8",8,"""Ecuador"""
"0088ccd0",12,"""Argentina"""
"0088cce4",12,"""Colombia"""
"0088ccf0",12,"""Venezuela"""
"0088ccfc",20,"""Dominican Republic"""
"0088cd10",16,"""South Africa"""
"0088cd20",8,"""Panama"""
"0088cd28",12,"""Luxembourg"""
"0088cd34",12,"""Costa Rica"""
"0088cd40",12,"""Switzerland"""
"0088cd4c",12,"""Guatemala"""
"0088cd58",8,"""Canada"""
"0088cd60",24,"""Spanish - Modern Sort"""
"0088cd78",12,"""Australia"""
"0088cd84",8,"""English"""
"0088cd8c",8,"""Austria"""
"0088cd94",8,"""German"""
"0088cd9c",8,"""Belgium"""
"0088cda4",7,"""Mexico"""
"0088cdac",8,"""Spanish"""
"0088cdb4",8,"""Basque"""
"0088cdbc",8,"""Sweden"""
"0088cdc4",8,"""Swedish"""
"0088cdcc",8,"""Iceland"""
"0088cdd4",10,"""Icelandic"""
"0088cde0",8,"""France"""
"0088cde8",8,"""French"""
"0088cdf0",8,"""Finland"""
"0088cdf8",8,"""Finnish"""
"0088ce00",8,"""Spain"""
"0088ce08",28,"""Spanish - Traditional Sort"""
"0088cef0",16,"""united-states"""
"0088cf00",16,"""united-kingdom"""
"0088cf10",20,"""trinidad & tobago"""
"0088cf24",12,"""south-korea"""
"0088cf30",16,"""south-africa"""
"0088cf40",12,"""south korea"""
"0088cf4c",16,"""south africa"""
"0088cf64",12,"""puerto-rico"""
"0088cf70",12,"""pr-china"""
"0088cf7c",12,"""pr china"""
"0088cf8c",12,"""new-zealand"""
"0088cf98",12,"""hong-kong"""
"0088cfa4",8,"""holland"""
"0088cfac",16,"""great britain"""
"0088cfbc",8,"""england"""
"0088cfcc",8,"""china"""
"0088cfd4",8,"""britain"""
"0088cfdc",8,"""america"""
"0088d1fc",8,"""swiss"""
"0088d204",16,"""swedish-finland"""
"0088d214",20,"""spanish-venezuela"""
"0088d228",16,"""spanish-uruguay"""
"0088d238",20,"""spanish-puerto rico"""
"0088d24c",16,"""spanish-peru"""
"0088d25c",20,"""spanish-paraguay"""
"0088d270",16,"""spanish-panama"""
"0088d280",20,"""spanish-nicaragua"""
"0088d294",16,"""spanish-modern"""
"0088d2a4",16,"""spanish-mexican"""
"0088d2b4",20,"""spanish-honduras"""
"0088d2c8",20,"""spanish-guatemala"""
"0088d2dc",20,"""spanish-el salvador"""
"0088d2f0",16,"""spanish-ecuador"""
"0088d300",28,"""spanish-dominican republic"""
"0088d31c",20,"""spanish-costa rica"""
"0088d330",20,"""spanish-colombia"""
"0088d344",16,"""spanish-chile"""
"0088d354",16,"""spanish-bolivia"""
"0088d364",20,"""spanish-argentina"""
"0088d378",24,"""portuguese-brazilian"""
"0088d390",20,"""norwegian-nynorsk"""
"0088d3a4",20,"""norwegian-bokmal"""
"0088d3b8",12,"""norwegian"""
"0088d3c4",16,"""italian-swiss"""
"0088d3d4",16,"""irish-english"""
"0088d3e4",16,"""german-swiss"""
"0088d3f4",20,"""german-luxembourg"""
"0088d408",20,"""german-lichtenstein"""
"0088d41c",16,"""german-austrian"""
"0088d42c",16,"""french-swiss"""
"0088d43c",20,"""french-luxembourg"""
"0088d450",16,"""french-canadian"""
"0088d460",16,"""french-belgian"""
"0088d470",12,"""english-usa"""
"0088d47c",12,"""english-us"""
"0088d488",12,"""english-uk"""
"0088d494",28,"""english-trinidad y tobago"""
"0088d4b0",24,"""english-south africa"""
"0088d4c8",12,"""english-nz"""
"0088d4d4",16,"""english-jamaica"""
"0088d4e4",12,"""english-ire"""
"0088d4f0",20,"""english-caribbean"""
"0088d504",12,"""english-can"""
"0088d510",16,"""english-belize"""
"0088d520",12,"""english-aus"""
"0088d52c",20,"""english-american"""
"0088d540",16,"""dutch-belgian"""
"0088d550",20,"""chinese-traditional"""
"0088d564",20,"""chinese-singapore"""
"0088d578",20,"""chinese-simplified"""
"0088d58c",20,"""chinese-hongkong"""
"0088d5a0",8,"""chinese"""
"0088d5b0",12,"""canadian"""
"0088d5bc",8,"""belgian"""
"0088d5c4",12,"""australian"""
"0088d5d0",20,"""american-english"""
"0088d5e4",20,"""american english"""
"0088d5f8",9,"""american"""
"0088d60c",18,"""Norwegian-Nynorsk"""
"0088db9c",10,"""Program: """
"0088dba8",160,"""A buffer overrun has been detected which has corrupted the program's\ninternal state.  The program cannot safely continue execution and must\nnow be terminated.\n"""
"0088dc48",25,"""Buffer overrun detected!"""
"0088dc68",177,"""A security error of unknown cause has been detected which has\ncorrupted the program's internal state.  The program cannot safely\ncontinue execution and must now be terminated.\n"""
"0088dd1c",35,"""Unknown security failure detected!"""
"0088dd4c",38,"""InitializeCriticalSectionAndSpinCount"""
"0088dd74",13,"""kernel32.dll"""
"0088ddf0",24,"""GetProcessWindowStation"""
"0088de08",26,"""GetUserObjectInformationA"""
"0088de24",19,"""GetLastActivePopup"""
"0088de38",16,"""GetActiveWindow"""
"0088de48",12,"""MessageBoxA"""
"0088de54",11,"""user32.dll"""
"0088de60",24,"""SunMonTueWedThuFriSat"""
"0088de78",40,"""JanFebMarAprMayJunJulAugSepOctNovDec"""
"0088dea4",7,"""1#QNAN"""
"0088deac",6,"""1#INF"""
"0088deb4",6,"""1#IND"""
"0088debc",7,"""1#SNAN"""
"008a1fa6",16,"""Direct3DCreate9"""
"008a1fb8",19,"""DirectInput8Create"""
"008a1fce",19,"""DirectDrawCreateEx"""
"008a244a",14,"""timeEndPeriod"""
"008a245a",12,"""timeGetTime"""
"008a2468",16,"""timeBeginPeriod"""
"008a247a",15,"""timeGetDevCaps"""
"008a248a",10,"""WINMM.dll"""
"008a2496",9,"""ov_clear"""
"008a24a2",8,"""ov_read"""
"008a24ac",8,"""ov_info"""
"008a24b6",18,"""ov_open_callbacks"""
"008a24ca",14,"""ov_time_total"""
"008a24da",13,"""ov_time_tell"""
"008a24ea",13,"""ov_time_seek"""
"008a24f8",15,"""vorbisfile.dll"""
"008a2508",11,"""WS2_32.dll"""
"008a2514",8,"""EAX.DLL"""
"008a251e",17,"""GetModuleHandleA"""
"008a2532",15,"""GetProcAddress"""
"008a2544",13,"""LoadLibraryA"""
"008a2554",12,"""GetFileSize"""
"008a2562",12,"""CloseHandle"""
"008a2570",10,"""LocalFree"""
"008a257c",22,"""WaitForSingleObjectEx"""
"008a2594",20,"""GetOverlappedResult"""
"008a25aa",20,"""WaitForSingleObject"""
"008a25c0",17,"""ReleaseSemaphore"""
"008a25d4",15,"""SetFilePointer"""
"008a25e6",13,"""GetLastError"""
"008a25f6",9,"""ReadFile"""
"008a2602",13,"""SetLastError"""
"008a2612",12,"""CreateFileA"""
"008a2620",13,"""ResumeThread"""
"008a2630",18,"""SetThreadPriority"""
"008a2644",18,"""GetThreadPriority"""
"008a2658",17,"""GetCurrentThread"""
"008a266c",13,"""CreateThread"""
"008a267c",11,"""LocalAlloc"""
"008a268a",17,"""CreateSemaphoreA"""
"008a269e",18,"""GetDiskFreeSpaceA"""
"008a26b2",6,"""Sleep"""
"008a26ba",24,"""QueryPerformanceCounter"""
"008a26d4",21,"""InterlockedIncrement"""
"008a26ec",21,"""InterlockedDecrement"""
"008a2704",9,"""lstrcpyA"""
"008a2710",9,"""lstrcatA"""
"008a271c",9,"""lstrlenA"""
"008a2728",22,"""DeleteCriticalSection"""
"008a2740",14,"""SuspendThread"""
"008a2750",21,"""LeaveCriticalSection"""
"008a2768",21,"""EnterCriticalSection"""
"008a2780",26,"""InitializeCriticalSection"""
"008a279c",20,"""MultiByteToWideChar"""
"008a27b2",12,"""DeleteFileA"""
"008a27c0",16,"""TerminateThread"""
"008a27d2",10,"""FindClose"""
"008a27de",14,"""FindNextFileA"""
"008a27ee",19,"""GetFileAttributesA"""
"008a2804",15,"""FindFirstFileA"""
"008a2816",12,"""FreeLibrary"""
"008a2824",26,"""QueryPerformanceFrequency"""
"008a2840",19,"""OutputDebugStringA"""
"008a2856",13,"""GetLocalTime"""
"008a2866",17,"""CreateDirectoryA"""
"008a287a",19,"""GetUserDefaultLCID"""
"008a2890",21,"""GetSystemDefaultLCID"""
"008a28a8",13,"""CreateEventA"""
"008a28b8",22,"""GetVolumeInformationA"""
"008a28d0",14,"""GetDriveTypeA"""
"008a28e0",24,"""GetLogicalDriveStringsA"""
"008a28fa",13,"""SetErrorMode"""
"008a290a",19,"""GlobalMemoryStatus"""
"008a2920",14,"""GetVersionExA"""
"008a2930",16,"""GetCommandLineA"""
"008a2942",17,"""GetFullPathNameA"""
"008a2956",20,"""WideCharToMultiByte"""
"008a296c",10,"""lstrcmpiA"""
"008a2978",14,"""GetSystemInfo"""
"008a2988",26,"""IsProcessorFeaturePresent"""
"008a29a4",13,"""LockResource"""
"008a29b4",13,"""LoadResource"""
"008a29c4",15,"""SizeofResource"""
"008a29d6",14,"""FindResourceA"""
"008a29e6",14,"""FindResourceW"""
"008a29f6",14,"""MapViewOfFile"""
"008a2a06",19,"""CreateFileMappingA"""
"008a2a1c",12,"""CreateFileW"""
"008a2a2a",16,"""UnmapViewOfFile"""
"008a2a3c",13,"""ReleaseMutex"""
"008a2a4c",13,"""CreateMutexA"""
"008a2a5c",20,"""GetCurrentProcessId"""
"008a2a72",20,"""GetSystemDirectoryA"""
"008a2a88",19,"""GetModuleFileNameA"""
"008a2a9c",13,"""KERNEL32.dll"""
"008a2aac",14,"""GetClientRect"""
"008a2abc",13,"""SetCursorPos"""
"008a2acc",15,"""ClientToScreen"""
"008a2ade",15,"""SetWindowTextA"""
"008a2af0",12,"""MessageBoxA"""
"008a2afe",14,"""GetWindowRect"""
"008a2b0e",11,"""ShowCursor"""
"008a2b1c",16,"""CreateWindowExA"""
"008a2b2e",17,"""AdjustWindowRect"""
"008a2b42",13,"""SetWindowPos"""
"008a2b52",13,"""SendMessageA"""
"008a2b62",9,"""SetFocus"""
"008a2b6e",11,"""GetDlgItem"""
"008a2b7c",10,"""EndDialog"""
"008a2b88",16,"""DialogBoxParamA"""
"008a2b9a",18,"""GetKeyboardLayout"""
"008a2bae",17,"""TranslateMessage"""
"008a2bc2",17,"""DispatchMessageA"""
"008a2bd6",13,"""PeekMessageA"""
"008a2be6",20,"""SetForegroundWindow"""
"008a2bfc",12,"""FindWindowA"""
"008a2c0a",12,"""GetKeyState"""
"008a2c18",13,"""UpdateWindow"""
"008a2c28",15,"""MapVirtualKeyA"""
"008a2c3a",15,"""DefWindowProcA"""
"008a2c4c",11,"""SetCapture"""
"008a2c5a",10,"""SetCursor"""
"008a2c66",16,"""PostQuitMessage"""
"008a2c78",11,"""ClipCursor"""
"008a2c86",9,"""SetTimer"""
"008a2c92",19,"""GetWindowPlacement"""
"008a2ca8",15,"""ReleaseCapture"""
"008a2cba",15,"""RegisterClassA"""
"008a2ccc",12,"""LoadCursorA"""
"008a2cda",10,"""LoadIconA"""
"008a2ce6",11,"""ShowWindow"""
"008a2cf4",15,"""SetWindowLongA"""
"008a2d06",14,"""DestroyWindow"""
"008a2d16",22,"""SystemParametersInfoA"""
"008a2d2e",19,"""AdjustWindowRectEx"""
"008a2d44",8,"""GetMenu"""
"008a2d4e",15,"""GetWindowLongA"""
"008a2d60",9,"""IsIconic"""
"008a2d6c",10,"""wsprintfA"""
"008a2d76",11,"""USER32.dll"""
"008a2d84",13,"""DeleteObject"""
"008a2d92",10,"""GDI32.dll"""
"008a2d9e",12,"""RegCloseKey"""
"008a2dac",16,"""RegCreateKeyExA"""
"008a2dbe",14,"""RegOpenKeyExA"""
"008a2dce",17,"""RegQueryValueExA"""
"008a2de2",15,"""RegSetValueExA"""
"008a2df4",12,"""RegOpenKeyA"""
"008a2e00",13,"""ADVAPI32.dll"""
"008a2e10",13,"""CoInitialize"""
"008a2e20",17,"""CoCreateInstance"""
"008a2e34",15,"""CoUninitialize"""
"008a2e44",10,"""ole32.dll"""
"008a2e50",20,"""InterlockedExchange"""
"008a2e66",15,"""RaiseException"""
"008a2e78",10,"""RtlUnwind"""
"008a2e84",12,"""ExitProcess"""
"008a2e92",17,"""TerminateProcess"""
"008a2ea6",18,"""GetCurrentProcess"""
"008a2eba",24,"""GetSystemTimeAsFileTime"""
"008a2ed4",9,"""HeapFree"""
"008a2ee0",10,"""HeapAlloc"""
"008a2eec",12,"""HeapReAlloc"""
"008a2efa",16,"""GetStartupInfoA"""
"008a2f0c",8,"""TlsFree"""
"008a2f16",19,"""GetCurrentThreadId"""
"008a2f2c",12,"""TlsSetValue"""
"008a2f3a",12,"""TlsGetValue"""
"008a2f48",9,"""TlsAlloc"""
"008a2f54",9,"""HeapSize"""
"008a2f60",28,"""SetUnhandledExceptionFilter"""
"008a2f7e",14,"""FatalAppExitA"""
"008a2f8e",10,"""WriteFile"""
"008a2f9a",13,"""LCMapStringA"""
"008a2faa",13,"""LCMapStringW"""
"008a2fba",17,"""FlushFileBuffers"""
"008a2fce",15,"""SetHandleCount"""
"008a2fe0",13,"""GetStdHandle"""
"008a2ff0",12,"""GetFileType"""
"008a2ffe",12,"""HeapDestroy"""
"008a300c",11,"""HeapCreate"""
"008a301a",12,"""VirtualFree"""
"008a3028",13,"""VirtualAlloc"""
"008a3038",14,"""IsBadWritePtr"""
"008a3048",25,"""UnhandledExceptionFilter"""
"008a3064",24,"""FreeEnvironmentStringsA"""
"008a307e",22,"""GetEnvironmentStrings"""
"008a3096",24,"""FreeEnvironmentStringsW"""
"008a30b0",23,"""GetEnvironmentStringsW"""
"008a30ca",22,"""SetConsoleCtrlHandler"""
"008a30e2",15,"""GetTimeFormatA"""
"008a30f4",15,"""GetDateFormatA"""
"008a3106",10,"""GetCPInfo"""
"008a3112",15,"""GetLocaleInfoA"""
"008a3124",19,"""EnumSystemLocalesA"""
"008a313a",14,"""IsValidLocale"""
"008a314a",16,"""IsValidCodePage"""
"008a315c",15,"""GetStringTypeA"""
"008a316e",15,"""GetStringTypeW"""
"008a3180",13,"""IsBadReadPtr"""
"008a3190",13,"""IsBadCodePtr"""
"008a31a0",7,"""GetACP"""
"008a31aa",9,"""GetOEMCP"""
"008a31b6",15,"""VirtualProtect"""
"008a31c8",13,"""VirtualQuery"""
"008a31d8",13,"""GetTickCount"""
"008a31e8",13,"""SetStdHandle"""
"008a31f8",15,"""CompareStringA"""
"008a320a",15,"""CompareStringW"""
"008a321c",24,"""SetEnvironmentVariableA"""
"008a3236",23,"""GetTimeZoneInformation"""
"008a3250",13,"""SetEndOfFile"""
"008a3260",15,"""GetLocaleInfoW"""
"008a3272",21,"""GetCurrentDirectoryA"""
"008a328a",21,"""SetCurrentDirectoryA"""
"008aa5a8",8,"""default"""
"008aa608",6,"""bikes"""
"008aa618",8,"""bikes"""
"008aa698",8,"""biked"""
"008aa6a8",8,"""biked"""
"008aa6c8",12,"""wayfarer"""
"008aa6d8",12,"""wayfarer"""
"008aa758",8,"""choppa"""
"008aa768",8,"""choppa"""
"008aa7b8",8,"""python"""
"008aa7c8",8,"""python"""
"008aa7e8",12,"""pythonbad"""
"008aa7f8",8,"""python"""
"008aa848",12,"""colt_cop"""
"008aa8a8",8,"""sawnoff"""
"008aa8d8",12,"""sawnoffpro"""
"008aa908",12,"""silenced"""
"008aa918",12,"""silenced"""
"008aa968",12,"""shotgunbad"""
"008aa9c8",12,"""buddybad"""
"008aaa58",8,"""rifle"""
"008aaa68",8,"""rifle"""
"008aaa88",12,"""riflebad"""
"008aaa98",8,"""rifle"""
"008aaab8",8,"""sniper"""
"008aaac8",8,"""rifle"""
"008aaae8",8,"""grenade"""
"008aaaf8",8,"""grenade"""
"008aab18",8,"""flame"""
"008aab28",8,"""flame"""
"008aab48",8,"""rocket"""
"008aab58",8,"""rocket"""
"008aab78",12,"""spraycan"""
"008aab88",12,"""spraycan"""
"008aaba8",8,"""goggles"""
"008aabb8",8,"""goggles"""
"008aabd8",8,"""melee_1"""
"008aac08",8,"""melee_2"""
"008aac18",8,"""fight_b"""
"008aac38",8,"""melee_3"""
"008aac48",8,"""fight_c"""
"008aac78",8,"""fight_d"""
"008aaca8",12,"""baseball"""
"008aacd8",12,"""baseball"""
"008aad28",8,"""sword_1"""
"008aad38",8,"""sword"""
"008aad88",12,"""flowers_1"""
"008aad98",8,"""flowers"""
"008aadc8",12,"""chainsaw"""
"008aade8",12,"""kick_std"""
"008aae48",8,"""medic"""
"008aae58",8,"""medic"""
"008aae78",8,"""beach"""
"008aae88",8,"""beach"""
"008aaea8",12,"""sunbathe"""
"008aaeb8",12,"""sunbathe"""
"008aaed8",12,"""playidles"""
"008aaee8",12,"""playidles"""
"008aaf38",8,"""strip"""
"008aaf48",8,"""strip"""
"008aaf68",8,"""gangs"""
"008aaf78",8,"""gangs"""
"008aaf98",12,"""attractors"""
"008aafa8",12,"""attractors"""
"008aafc8",8,"""player"""
"008ab028",12,"""muscular"""
"008ab038",12,"""muscular"""
"008ab058",16,"""playerrocket"""
"008ab088",16,"""playerrocketf"""
"008ab0b8",16,"""playerrocketm"""
"008ab0c8",12,"""muscular"""
"008ab0e8",16,"""player2armed"""
"008ab118",16,"""player2armedf"""
"008ab148",16,"""player2armedm"""
"008ab158",12,"""muscular"""
"008ab178",12,"""playerBBBat"""
"008ab1a8",16,"""playerBBBatf"""
"008ab1d8",16,"""playerBBBatm"""
"008ab1e8",12,"""muscular"""
"008ab208",12,"""playercsaw"""
"008ab238",12,"""playercsawf"""
"008ab268",12,"""playercsawm"""
"008ab278",12,"""muscular"""
"008ab298",12,"""playersneak"""
"008ab2c8",16,"""playerjetpack"""
"008ab328",12,"""drivebys"""
"008ab338",12,"""drivebys"""
"008ab3e8",12,"""fat_tired"""
"008ab418",12,"""handsignal"""
"008ab428",8,"""ghands"""
"008ab448",12,"""handsignalL"""
"008ab458",8,"""ghands"""
"008ab478",8,"""lhand"""
"008ab488",8,"""ghands"""
"008ab4a8",8,"""rhand"""
"008ab4b8",8,"""ghands"""
"008ab4d8",8,"""carry"""
"008ab4e8",8,"""carry"""
"008ab518",8,"""carry"""
"008ab548",8,"""carry"""
"008ab568",12,"""int_house"""
"008ab578",12,"""int_house"""
"008ab598",12,"""int_office"""
"008ab5a8",12,"""int_office"""
"008ab5c8",12,"""int_shop"""
"008ab5d8",12,"""int_shop"""
"008ab5f8",12,"""stealth_kn"""
"008ab628",12,"""stdcaramims"""
"008ab658",12,"""lowcaramims"""
"008ab688",12,"""trkcaranims"""
"008ab698",8,"""truck"""
"008ab6b8",16,"""stdbikeanims"""
"008ab6e8",16,"""sportbikeanims"""
"008ab6f8",8,"""bikes"""
"008ab718",16,"""vespabikeanims"""
"008ab748",16,"""harleybikeanims"""
"008ab778",16,"""dirtbikeanims"""
"008ab788",8,"""biked"""
"008ab7a8",16,"""wayfbikeanims"""
"008ab7b8",12,"""wayfarer"""
"008ab7d8",16,"""bmxbikeanims"""
"008ab808",16,"""mtbbikeanims"""
"008ab838",16,"""choppabikeanims"""
"008ab848",8,"""choppa"""
"008ab868",16,"""quadbikeanims"""
"008ab898",12,"""vancaranims"""
"008ab8c8",16,"""rustplaneanims"""
"008ab8d8",8,"""rustler"""
"008ab8f8",16,"""coachcaranims"""
"008ab908",8,"""coach"""
"008ab928",12,"""buscaranims"""
"008ab958",16,"""dozercaranims"""
"008ab968",8,"""dozer"""
"008ab988",16,"""kartcaranims"""
"008ab9b8",16,"""convcaranims"""
"008ab9e8",16,"""mtrkcaranims"""
"008ab9f8",8,"""truck"""
"008aba18",16,"""traincarranims"""
"008aba28",8,"""coach"""
"008aba48",16,"""stdtallcaramims"""
"008aba78",16,"""hovercaranims"""
"008aba88",8,"""vortex"""
"008abaa8",16,"""tankcaranims"""
"008abad8",16,"""bfinjcaramims"""
"008abae8",16,"""BF_injection"""
"008abb08",16,"""learplaneanims"""
"008abb18",8,"""shamal"""
"008abb38",16,"""harrplaneanims"""
"008abb48",8,"""rustler"""
"008abb68",16,"""stdcarupright"""
"008abb98",16,"""nvadaplaneanims"""
"008ae6a4",24,"""333?VOICE_GEN_BBDYG1"""
"008ae6bc",20,"""VOICE_GEN_BBDYG2"""
"008ae6d0",16,"""VOICE_GEN_BFORI"""
"008ae6e4",16,"""VOICE_GEN_BFOST"""
"008ae6f8",16,"""VOICE_GEN_BFYBE"""
"008ae70c",16,"""VOICE_GEN_BFYBU"""
"008ae720",20,"""VOICE_GEN_BFYCRP"""
"008ae734",20,"""VOICE_GEN_BFYPRO"""
"008ae748",16,"""VOICE_GEN_BFYRI"""
"008ae75c",16,"""VOICE_GEN_BFYST"""
"008ae770",20,"""VOICE_GEN_BIKDRUG"""
"008ae784",20,"""VOICE_GEN_BIKERA"""
"008ae798",20,"""VOICE_GEN_BIKERB"""
"008ae7ac",16,"""VOICE_GEN_BMOCD"""
"008ae7c0",16,"""VOICE_GEN_BMORI"""
"008ae7d4",20,"""VOICE_GEN_BMOSEC"""
"008ae7e8",16,"""VOICE_GEN_BMOST"""
"008ae7fc",20,"""VOICE_GEN_BMOTR1"""
"008ae810",16,"""VOICE_GEN_BMYAP"""
"008ae824",16,"""VOICE_GEN_BMYBE"""
"008ae838",20,"""VOICE_GEN_BMYBOUN"""
"008ae84c",20,"""VOICE_GEN_BMYBOX"""
"008ae860",16,"""VOICE_GEN_BMYBU"""
"008ae874",16,"""VOICE_GEN_BMYCG"""
"008ae888",20,"""VOICE_GEN_BMYCON"""
"008ae89c",16,"""VOICE_GEN_BMYCR"""
"008ae8b0",16,"""VOICE_GEN_BMYDJ"""
"008ae8c4",20,"""VOICE_GEN_BMYDRUG"""
"008ae8d8",20,"""VOICE_GEN_BMYMOUN"""
"008ae8ec",20,"""VOICE_GEN_BMYPOL1"""
"008ae900",20,"""VOICE_GEN_BMYPOL2"""
"008ae914",16,"""VOICE_GEN_BMYRI"""
"008ae928",16,"""VOICE_GEN_BMYST"""
"008ae93c",16,"""VOICE_GEN_BYMPI"""
"008ae950",20,"""VOICE_GEN_CWFOFR"""
"008ae964",20,"""VOICE_GEN_CWFOHB"""
"008ae978",20,"""VOICE_GEN_CWFYFR1"""
"008ae98c",20,"""VOICE_GEN_CWFYFR2"""
"008ae9a0",20,"""VOICE_GEN_CWFYHB1"""
"008ae9b4",20,"""VOICE_GEN_CWMOFR1"""
"008ae9c8",20,"""VOICE_GEN_CWMOHB1"""
"008ae9dc",20,"""VOICE_GEN_CWMOHB2"""
"008ae9f0",20,"""VOICE_GEN_CWMYFR"""
"008aea04",20,"""VOICE_GEN_CWMYHB1"""
"008aea18",20,"""VOICE_GEN_CWMYHB2"""
"008aea2c",20,"""VOICE_GEN_DNFOLC1"""
"008aea40",20,"""VOICE_GEN_DNFOLC2"""
"008aea54",20,"""VOICE_GEN_DNFYLC"""
"008aea68",20,"""VOICE_GEN_DNMOLC1"""
"008aea7c",20,"""VOICE_GEN_DNMOLC2"""
"008aea90",20,"""VOICE_GEN_DNMYLC"""
"008aeaa4",20,"""VOICE_GEN_DWFOLC"""
"008aeab8",20,"""VOICE_GEN_DWFYLC1"""
"008aeacc",20,"""VOICE_GEN_DWFYLC2"""
"008aeae0",20,"""VOICE_GEN_DWMOLC1"""
"008aeaf4",20,"""VOICE_GEN_DWMOLC2"""
"008aeb08",20,"""VOICE_GEN_DWMYLC1"""
"008aeb1c",20,"""VOICE_GEN_DWMYLC2"""
"008aeb30",16,"""VOICE_GEN_HFORI"""
"008aeb44",16,"""VOICE_GEN_HFOST"""
"008aeb58",16,"""VOICE_GEN_HFYBE"""
"008aeb6c",20,"""VOICE_GEN_HFYPRO"""
"008aeb80",16,"""VOICE_GEN_HFYRI"""
"008aeb94",16,"""VOICE_GEN_HFYST"""
"008aeba8",16,"""VOICE_GEN_HMORI"""
"008aebbc",16,"""VOICE_GEN_HMOST"""
"008aebd0",16,"""VOICE_GEN_HMYBE"""
"008aebe4",16,"""VOICE_GEN_HMYCM"""
"008aebf8",16,"""VOICE_GEN_HMYCR"""
"008aec0c",20,"""VOICE_GEN_HMYDRUG"""
"008aec20",16,"""VOICE_GEN_HMYRI"""
"008aec34",16,"""VOICE_GEN_HMYST"""
"008aec48",16,"""VOICE_GEN_IMYST"""
"008aec5c",20,"""VOICE_GEN_IRFYST"""
"008aec70",20,"""VOICE_GEN_IRMYST"""
"008aec84",16,"""VOICE_GEN_MAFFA"""
"008aec98",16,"""VOICE_GEN_MAFFB"""
"008aecac",20,"""VOICE_GEN_MALE01"""
"008aecc0",20,"""VOICE_GEN_NOVOICE"""
"008aecd4",16,"""VOICE_GEN_OFORI"""
"008aece8",16,"""VOICE_GEN_OFOST"""
"008aecfc",16,"""VOICE_GEN_OFYRI"""
"008aed10",16,"""VOICE_GEN_OFYST"""
"008aed24",20,"""VOICE_GEN_OMOBOAT"""
"008aed38",20,"""VOICE_GEN_OMOKUNG"""
"008aed4c",16,"""VOICE_GEN_OMORI"""
"008aed60",16,"""VOICE_GEN_OMOST"""
"008aed74",16,"""VOICE_GEN_OMYRI"""
"008aed88",16,"""VOICE_GEN_OMYST"""
"008aed9c",20,"""VOICE_GEN_SBFORI"""
"008aedb0",20,"""VOICE_GEN_SBFOST"""
"008aedc4",20,"""VOICE_GEN_SBFYPRO"""
"008aedd8",20,"""VOICE_GEN_SBFYRI"""
"008aedec",20,"""VOICE_GEN_SBFYST"""
"008aee00",20,"""VOICE_GEN_SBFYSTR"""
"008aee14",20,"""VOICE_GEN_SBMOCD"""
"008aee28",20,"""VOICE_GEN_SBMORI"""
"008aee3c",20,"""VOICE_GEN_SBMOST"""
"008aee50",20,"""VOICE_GEN_SBMOTR1"""
"008aee64",20,"""VOICE_GEN_SBMOTR2"""
"008aee78",20,"""VOICE_GEN_SBMYCR"""
"008aee8c",20,"""VOICE_GEN_SBMYRI"""
"008aeea0",20,"""VOICE_GEN_SBMYST"""
"008aeeb4",20,"""VOICE_GEN_SBMYTR3"""
"008aeec8",20,"""VOICE_GEN_SFYPRO"""
"008aeedc",20,"""VOICE_GEN_SHFYPRO"""
"008aeef0",20,"""VOICE_GEN_SHMYCR"""
"008aef04",16,"""VOICE_GEN_SMYST"""
"008aef18",20,"""VOICE_GEN_SMYST2"""
"008aef2c",20,"""VOICE_GEN_SOFORI"""
"008aef40",20,"""VOICE_GEN_SOFOST"""
"008aef54",20,"""VOICE_GEN_SOFYBU"""
"008aef68",20,"""VOICE_GEN_SOFYRI"""
"008aef7c",20,"""VOICE_GEN_SOFYST"""
"008aef90",20,"""VOICE_GEN_SOMOBU"""
"008aefa4",20,"""VOICE_GEN_SOMORI"""
"008aefb8",20,"""VOICE_GEN_SOMOST"""
"008aefcc",20,"""VOICE_GEN_SOMYAP"""
"008aefe0",20,"""VOICE_GEN_SOMYBU"""
"008aeff4",20,"""VOICE_GEN_SOMYRI"""
"008af008",20,"""VOICE_GEN_SOMYST"""
"008af01c",20,"""VOICE_GEN_SWFOPRO"""
"008af030",20,"""VOICE_GEN_SWFORI"""
"008af044",20,"""VOICE_GEN_SWFOST"""
"008af058",20,"""VOICE_GEN_SWFYRI"""
"008af06c",20,"""VOICE_GEN_SWFYST"""
"008af080",20,"""VOICE_GEN_SWFYSTR"""
"008af094",20,"""VOICE_GEN_SWMOCD"""
"008af0a8",20,"""VOICE_GEN_SWMORI"""
"008af0bc",20,"""VOICE_GEN_SWMOST"""
"008af0d0",20,"""VOICE_GEN_SWMOTR1"""
"008af0e4",20,"""VOICE_GEN_SWMOTR2"""
"008af0f8",20,"""VOICE_GEN_SWMOTR3"""
"008af10c",20,"""VOICE_GEN_SWMOTR4"""
"008af120",20,"""VOICE_GEN_SWMOTR5"""
"008af134",20,"""VOICE_GEN_SWMYCR"""
"008af148",20,"""VOICE_GEN_SWMYHP1"""
"008af15c",20,"""VOICE_GEN_SWMYHP2"""
"008af170",20,"""VOICE_GEN_SWMYRI"""
"008af184",20,"""VOICE_GEN_SWMYST"""
"008af198",20,"""VOICE_GEN_VBFYPRO"""
"008af1ac",20,"""VOICE_GEN_VBFYST2"""
"008af1c0",20,"""VOICE_GEN_VBMOCD"""
"008af1d4",20,"""VOICE_GEN_VBMYCR"""
"008af1e8",20,"""VOICE_GEN_VBMYELV"""
"008af1fc",20,"""VOICE_GEN_VHFYPRO"""
"008af210",20,"""VOICE_GEN_VHFYST3"""
"008af224",20,"""VOICE_GEN_VHMYCR"""
"008af238",20,"""VOICE_GEN_VHMYELV"""
"008af24c",20,"""VOICE_GEN_VIMYELV"""
"008af260",20,"""VOICE_GEN_VWFYPRO"""
"008af274",20,"""VOICE_GEN_VWFYST1"""
"008af288",20,"""VOICE_GEN_VWFYWAI"""
"008af29c",20,"""VOICE_GEN_VWMOTR1"""
"008af2b0",20,"""VOICE_GEN_VWMOTR2"""
"008af2c4",20,"""VOICE_GEN_VWMYAP"""
"008af2d8",20,"""VOICE_GEN_VWMYBJD"""
"008af2ec",20,"""VOICE_GEN_VWMYCD"""
"008af300",20,"""VOICE_GEN_VWMYCR"""
"008af314",16,"""VOICE_GEN_WFOPJ"""
"008af328",16,"""VOICE_GEN_WFORI"""
"008af33c",16,"""VOICE_GEN_WFOST"""
"008af350",16,"""VOICE_GEN_WFYBE"""
"008af364",16,"""VOICE_GEN_WFYBU"""
"008af378",20,"""VOICE_GEN_WFYCRK"""
"008af38c",20,"""VOICE_GEN_WFYCRP"""
"008af3a0",16,"""VOICE_GEN_WFYJG"""
"008af3b4",16,"""VOICE_GEN_WFYLG"""
"008af3c8",20,"""VOICE_GEN_WFYPRO"""
"008af3dc",16,"""VOICE_GEN_WFYRI"""
"008af3f0",16,"""VOICE_GEN_WFYRO"""
"008af404",16,"""VOICE_GEN_WFYST"""
"008af418",20,"""VOICE_GEN_WFYSTEW"""
"008af42c",20,"""VOICE_GEN_WMOMIB"""
"008af440",16,"""VOICE_GEN_WMOPJ"""
"008af454",20,"""VOICE_GEN_WMOPREA"""
"008af468",16,"""VOICE_GEN_WMORI"""
"008af47c",20,"""VOICE_GEN_WMOSCI"""
"008af490",16,"""VOICE_GEN_WMOST"""
"008af4a4",20,"""VOICE_GEN_WMOTR1"""
"008af4b8",16,"""VOICE_GEN_WMYBE"""
"008af4cc",20,"""VOICE_GEN_WMYBMX"""
"008af4e0",20,"""VOICE_GEN_WMYBOUN"""
"008af4f4",20,"""VOICE_GEN_WMYBOX"""
"008af508",16,"""VOICE_GEN_WMYBP"""
"008af51c",16,"""VOICE_GEN_WMYBU"""
"008af530",20,"""VOICE_GEN_WMYCD1"""
"008af544",20,"""VOICE_GEN_WMYCD2"""
"008af558",16,"""VOICE_GEN_WMYCH"""
"008af56c",20,"""VOICE_GEN_WMYCON"""
"008af580",20,"""VOICE_GEN_WMYCONB"""
"008af594",16,"""VOICE_GEN_WMYCR"""
"008af5a8",20,"""VOICE_GEN_WMYDRUG"""
"008af5bc",20,"""VOICE_GEN_WMYGAR"""
"008af5d0",20,"""VOICE_GEN_WMYGOL1"""
"008af5e4",20,"""VOICE_GEN_WMYGOL2"""
"008af5f8",16,"""VOICE_GEN_WMYJG"""
"008af60c",16,"""VOICE_GEN_WMYLG"""
"008af620",20,"""VOICE_GEN_WMYMECH"""
"008af634",20,"""VOICE_GEN_WMYMOUN"""
"008af648",20,"""VOICE_GEN_WMYPLT"""
"008af65c",16,"""VOICE_GEN_WMYRI"""
"008af670",16,"""VOICE_GEN_WMYRO"""
"008af684",20,"""VOICE_GEN_WMYSGRD"""
"008af698",20,"""VOICE_GEN_WMYSKAT"""
"008af6ac",16,"""VOICE_GEN_WMYST"""
"008af6c0",20,"""VOICE_GEN_WMYTX1"""
"008af6d4",20,"""VOICE_GEN_WMYTX2"""
"008af6e8",16,"""VOICE_GEN_WMYVA"""
"008ba0d8",16,"""VOICE_EMG_ARMY1"""
"008ba0ec",16,"""VOICE_EMG_ARMY2"""
"008ba100",16,"""VOICE_EMG_ARMY3"""
"008ba114",16,"""VOICE_EMG_EMT1"""
"008ba128",16,"""VOICE_EMG_EMT2"""
"008ba13c",16,"""VOICE_EMG_EMT3"""
"008ba150",16,"""VOICE_EMG_EMT4"""
"008ba164",16,"""VOICE_EMG_EMT5"""
"008ba178",16,"""VOICE_EMG_FBI2"""
"008ba18c",16,"""VOICE_EMG_FBI3"""
"008ba1a0",16,"""VOICE_EMG_FBI4"""
"008ba1b4",16,"""VOICE_EMG_FBI5"""
"008ba1c8",16,"""VOICE_EMG_FBI6"""
"008ba1dc",16,"""VOICE_EMG_LAPD1"""
"008ba1f0",16,"""VOICE_EMG_LAPD2"""
"008ba204",16,"""VOICE_EMG_LAPD3"""
"008ba218",16,"""VOICE_EMG_LAPD4"""
"008ba22c",16,"""VOICE_EMG_LAPD5"""
"008ba240",16,"""VOICE_EMG_LAPD6"""
"008ba254",16,"""VOICE_EMG_LAPD7"""
"008ba268",16,"""VOICE_EMG_LAPD8"""
"008ba27c",16,"""VOICE_EMG_LVPD1"""
"008ba290",16,"""VOICE_EMG_LVPD2"""
"008ba2a4",16,"""VOICE_EMG_LVPD3"""
"008ba2b8",16,"""VOICE_EMG_LVPD4"""
"008ba2cc",16,"""VOICE_EMG_LVPD5"""
"008ba2e0",16,"""VOICE_EMG_MCOP1"""
"008ba2f4",16,"""VOICE_EMG_MCOP2"""
"008ba308",16,"""VOICE_EMG_MCOP3"""
"008ba31c",16,"""VOICE_EMG_MCOP4"""
"008ba330",16,"""VOICE_EMG_MCOP5"""
"008ba344",16,"""VOICE_EMG_MCOP6"""
"008ba358",20,"""VOICE_EMG_PULASKI"""
"008ba36c",16,"""VOICE_EMG_RCOP1"""
"008ba380",16,"""VOICE_EMG_RCOP2"""
"008ba394",16,"""VOICE_EMG_RCOP3"""
"008ba3a8",16,"""VOICE_EMG_RCOP4"""
"008ba3bc",16,"""VOICE_EMG_SFPD1"""
"008ba3d0",16,"""VOICE_EMG_SFPD2"""
"008ba3e4",16,"""VOICE_EMG_SFPD3"""
"008ba3f8",16,"""VOICE_EMG_SFPD4"""
"008ba40c",16,"""VOICE_EMG_SFPD5"""
"008ba420",16,"""VOICE_EMG_SWAT1"""
"008ba434",16,"""VOICE_EMG_SWAT2"""
"008ba448",16,"""VOICE_EMG_SWAT4"""
"008ba45c",16,"""VOICE_EMG_SWAT6"""
"008bbd40",16,"""VOICE_PLY_AG"""
"008bbd54",16,"""VOICE_PLY_AG2"""
"008bbd68",16,"""VOICE_PLY_AR"""
"008bbd7c",16,"""VOICE_PLY_AR2"""
"008bbd90",16,"""VOICE_PLY_CD"""
"008bbda4",16,"""VOICE_PLY_CD2"""
"008bbdb8",16,"""VOICE_PLY_CF"""
"008bbdcc",16,"""VOICE_PLY_CF2"""
"008bbde0",16,"""VOICE_PLY_CG"""
"008bbdf4",16,"""VOICE_PLY_CG2"""
"008bbe08",16,"""VOICE_PLY_CR"""
"008bbe1c",16,"""VOICE_PLY_CR2"""
"008bbe30",16,"""VOICE_PLY_PG"""
"008bbe44",16,"""VOICE_PLY_PG2"""
"008bbe58",16,"""VOICE_PLY_PR"""
"008bbe6c",16,"""VOICE_PLY_PR2"""
"008bbe80",16,"""VOICE_PLY_WG"""
"008bbe94",16,"""VOICE_PLY_WG2"""
"008bbea8",16,"""VOICE_PLY_WR"""
"008bbebc",16,"""VOICE_PLY_WR2"""
"008be1a8",20,"""VOICE_GNG_BALLAS1"""
"008be1bc",20,"""VOICE_GNG_BALLAS2"""
"008be1d0",20,"""VOICE_GNG_BALLAS3"""
"008be1e4",20,"""VOICE_GNG_BALLAS4"""
"008be1f8",20,"""VOICE_GNG_BALLAS5"""
"008be20c",20,"""VOICE_GNG_BIG_BEAR"""
"008be220",16,"""VOICE_GNG_CESAR"""
"008be234",16,"""VOICE_GNG_DNB1"""
"008be248",16,"""VOICE_GNG_DNB2"""
"008be25c",16,"""VOICE_GNG_DNB3"""
"008be270",16,"""VOICE_GNG_DNB5"""
"008be284",20,"""VOICE_GNG_DWAINE"""
"008be298",16,"""VOICE_GNG_FAM1"""
"008be2ac",16,"""VOICE_GNG_FAM2"""
"008be2c0",16,"""VOICE_GNG_FAM3"""
"008be2d4",16,"""VOICE_GNG_FAM4"""
"008be2e8",16,"""VOICE_GNG_FAM5"""
"008be2fc",16,"""VOICE_GNG_JIZZY"""
"008be310",16,"""VOICE_GNG_LSV1"""
"008be324",16,"""VOICE_GNG_LSV2"""
"008be338",16,"""VOICE_GNG_LSV3"""
"008be34c",16,"""VOICE_GNG_LSV4"""
"008be360",16,"""VOICE_GNG_LSV5"""
"008be374",20,"""VOICE_GNG_MACCER"""
"008be388",20,"""VOICE_GNG_MAFBOSS"""
"008be39c",16,"""VOICE_GNG_OGLOC"""
"008be3b0",16,"""VOICE_GNG_RYDER"""
"008be3c4",16,"""VOICE_GNG_SFR1"""
"008be3d8",16,"""VOICE_GNG_SFR2"""
"008be3ec",16,"""VOICE_GNG_SFR3"""
"008be400",16,"""VOICE_GNG_SFR4"""
"008be414",16,"""VOICE_GNG_SFR5"""
"008be428",16,"""VOICE_GNG_SMOKE"""
"008be43c",16,"""VOICE_GNG_STRI1"""
"008be450",16,"""VOICE_GNG_STRI2"""
"008be464",16,"""VOICE_GNG_STRI4"""
"008be478",16,"""VOICE_GNG_STRI5"""
"008be48c",16,"""VOICE_GNG_SWEET"""
"008be4a0",16,"""VOICE_GNG_TBONE"""
"008be4b4",20,"""VOICE_GNG_TORENO"""
"008be4c8",16,"""VOICE_GNG_TRUTH"""
"008be4dc",16,"""VOICE_GNG_VLA1"""
"008be4f0",16,"""VOICE_GNG_VLA2"""
"008be504",16,"""VOICE_GNG_VLA3"""
"008be518",16,"""VOICE_GNG_VLA4"""
"008be52c",16,"""VOICE_GNG_VLA5"""
"008be540",20,"""VOICE_GNG_VMAFF1"""
"008be554",20,"""VOICE_GNG_VMAFF2"""
"008be568",20,"""VOICE_GNG_VMAFF3"""
"008be57c",20,"""VOICE_GNG_VMAFF4"""
"008be590",20,"""VOICE_GNG_VMAFF5"""
"008be5a4",20,"""VOICE_GNG_WOOZIE"""
"008c4120",20,"""VOICE_GFD_BARBARA"""
"008c4134",20,"""VOICE_GFD_BMOBAR"""
"008c4148",20,"""VOICE_GFD_BMYBARB"""
"008c415c",20,"""VOICE_GFD_BMYTATT"""
"008c4170",20,"""VOICE_GFD_CATALINA"""
"008c4184",20,"""VOICE_GFD_DENISE"""
"008c4198",20,"""VOICE_GFD_HELENA"""
"008c41ac",16,"""VOICE_GFD_KATIE"""
"008c41c0",20,"""VOICE_GFD_MICHELLE"""
"008c41d4",20,"""VOICE_GFD_MILLIE"""
"008c41e8",20,"""VOICE_GFD_POL_ANN"""
"008c41fc",20,"""VOICE_GFD_WFYBURG"""
"008c4210",20,"""VOICE_GFD_WFYCLOT"""
"008c4224",20,"""VOICE_GFD_WMYAMMO"""
"008c4238",20,"""VOICE_GFD_WMYBARB"""
"008c424c",20,"""VOICE_GFD_WMYBELL"""
"008c4260",20,"""VOICE_GFD_WMYCLOT"""
"008c4274",20,"""VOICE_GFD_WMYPIZZ"""
"008c6470",16,"""VOICE_PAIN_CARL"""
"008c6484",20,"""VOICE_PAIN_FEMALE"""
"008c6498",16,"""VOICE_PAIN_MALE"""
"008c65c0",8,"""GANGRL1"""
"008c6728",8,"""maddogg"""
"008c673c",8,"""janitor"""
"008c6764",8,"""macca"""
"008c6778",8,"""claude"""
"008c678c",8,"""pulaski"""
"008c67a0",8,"""sindaco"""
"008c67dc",8,"""ryder"""
"008c6804",8,"""cesar"""
"008c6818",8,"""truth"""
"008c682c",8,"""tbone"""
"008c6840",8,"""tenpen"""
"008c68a4",8,"""jethro"""
"008c68b8",8,"""sweet"""
"008c691c",8,"""torino"""
"008c8198",6,"""ALDEA"""
"008c81d0",8,"""SUNMA"""
"008c81e0",8,"""BEACO"""
"008c8258",8,"""DILLI"""
"008c82d8",8,"""FALLO"""
"008c82f8",8,"""FLINTC"""
"008c8300",8,"""FLINTI"""
"008c8308",8,"""FLINTR"""
"008c8318",8,"""CARSO"""
"008c8320",8,"""SILLY"""
"008c8390",8,"""QUARY"""
"008c83e8",8,"""BARRA"""
"008c8410",8,"""PROBE"""
"008c8420",8,"""LINDEN"""
"008c8478",8,"""MARKST"""
"008c8498",8,"""MONINT"""
"008c84a0",8,"""MTCHI"""
"008c84b0",8,"""MULINT"""
"008c84d0",8,"""OCTAN"""
"008c85a0",8,"""CREEK"""
"008c85a8",8,"""SHERR"""
"008c8618",8,"""PANOP"""
"008c8640",8,"""ROBAD"""
"008c8648",8,"""UNITY"""
"008c8650",8,"""VALLE"""
"008c8698",8,"""YELLOW"""
"008c86b8",8,"""SAN_AND"""
"008c86e0",8,"""STRIP"""
"008c87a0",8,"""CONST1"""
"008cbb90",16,""".?AVexception@@"""
"008cbba8",24,""".?AVlogic_error@std@@"""
"008cbbc8",24,""".?AVlength_error@std@@"""
"008ce008",8,"""FEP_STA"""
"008ce013",8,"""FES_PLA"""
"008ce025",8,"""FES_MON"""
"008ce049",8,"""FES_CRI"""
"008ce05b",8,"""FES_GAN"""
"008ce06d",8,"""FES_ACH"""
"008ce07f",8,"""FES_MIS"""
"008ce0ea",8,"""FEH_LOA"""
"008ce107",8,"""FES_LOA"""
"008ce119",8,"""FES_DEL"""
"008ce2b9",8,"""FEA_MUS"""
"008ce2ef",8,"""FEA_ART"""
"008ce325",8,"""FET_DEF"""
"008ce390",8,"""FEH_DIS"""
"008ce39b",8,"""FED_BRI"""
"008ce3ac",9,"""!MAP_LEG"""
"008ce3e3",8,"""FED_SUB"""
"008ce419",8,"""FET_DEF"""
"008ce472",8,"""FEH_MAP"""
"008ce805",11,"""FES_SEL"""
"008ce8dc",8,"""FES_DEL"""
"008ce8e7",9,"""FES_SED"""
"008ceaa0",8,"""FES_DEL"""
"008cec64",8,"""FES_DEL"""
"008ced46",8,"""FES_DEL"""
"008cee33",9,"""FES_SES"""
"008cf37f",9,"""FES_CHE"""
"008cf456",8,"""FEH_DIS"""
"008cf7de",8,"""FEH_DIS"""
"008cf80d",8,"""FED_WIS"""
"008cf830",9,"""+FED_MIP"""
"008cf854",9,"""8FED_RES"""
"008cf8c0",8,"""FEH_LAN"""
"008cf8ca",9,"""%FEL_ENG"""
"008cf8dc",9,""")FEL_SPA"""
"008cfd2a",8,"""FET_OPT"""
"008cfd35",8,"""FEO_CON"""
"008cfd6b",8,"""FEH_LAN"""
"008cfe29",8,"""FEP_OPT"""
"008cffed",8,"""FEC_RED"""
"008d0011",8,"""FET_DEF"""
"008d0276",8,"""FEC_MOU"""
"008d0280",9,""">FEC_MSH"""
"008d02a4",9,""";FET_MST"""
"008d043a",8,"""FET_PAU"""
"008d0444",9,"""6FEP_RES"""
"008d0469",8,"""FEH_MAP"""
"008d047b",8,"""FEP_STA"""
"008d049f",8,"""FEP_OPT"""
"008d2bd8",8,"""BLOCK"""
"008d2be4",27,"""THIS FILE IS NOT VALID YET"""
"008d2e23",13,"""?./views.txt"""
"008d335c",17,"""333?fff?333?33s?"""
"008d3978",9,"""LANDSTAL"""
"008d3986",8,"""BRAVURA"""
"008d3994",8,"""BUFFALO"""
"008d39a2",10,"""LINERUN"""
"008d39b0",8,"""PEREN"""
"008d39be",10,"""SENTINEL"""
"008d39cc",8,"""DUMPER"""
"008d39da",10,"""FIRETRUK"""
"008d39e8",8,"""TRASH"""
"008d39f6",10,"""STRETCH"""
"008d3a04",8,"""MANANA"""
"008d3a12",10,"""INFERNUS"""
"008d3a4a",10,"""CHEETAH"""
"008d3a58",8,"""AMBULAN"""
"008d3a66",10,"""MOONBEAM"""
"008d3a74",12,"""ESPERANT"""
"008d3a90",8,"""WASHING"""
"008d3aba",10,"""BFINJECT"""
"008d3ac8",8,"""PREMIER"""
"008d3ad6",10,"""ENFORCER"""
"008d3ae4",12,"""SECURICA"""
"008d3af2",10,"""BANSHEE"""
"008d3b0e",6,"""RHINO"""
"008d3b1c",12,"""BARRACKS"""
"008d3b2a",10,"""HOTKNIFE"""
"008d3b38",8,"""ARTICT1"""
"008d3b46",10,"""PREVION"""
"008d3b54",8,"""COACH"""
"008d3b62",10,"""CABBIE"""
"008d3b70",12,"""STALLION"""
"008d3b8c",12,"""RCBANDIT"""
"008d3b9a",10,"""ROMERO"""
"008d3ba8",8,"""PACKER"""
"008d3bb6",10,"""MONSTER"""
"008d3bc4",8,"""ADMIRAL"""
"008d3be0",12,"""AIRTRAIN"""
"008d3bee",10,"""ARTICT2"""
"008d3bfc",8,"""TURISMO"""
"008d3c0a",10,"""FLATBED"""
"008d3c18",8,"""YANKEE"""
"008d3c26",10,"""GOLFCART"""
"008d3c34",8,"""SOLAIR"""
"008d3c50",12,"""GLENDALE"""
"008d3c5e",10,"""OCEANIC"""
"008d3c6c",8,"""PATRIOT"""
"008d3c7a",10,"""HERMES"""
"008d3c88",8,"""SABRE"""
"008d3ca4",8,"""WALTON"""
"008d3cb2",10,"""REGINA"""
"008d3cc0",8,"""COMET"""
"008d3cce",10,"""BURRITO"""
"008d3cdc",8,"""CAMPER"""
"008d3cea",10,"""BAGGAGE"""
"008d3cf8",8,"""DOZER"""
"008d3d06",10,"""RANCHER"""
"008d3d14",12,"""FBIRANCH"""
"008d3d30",12,"""GREENWOO"""
"008d3d3e",10,"""HOTRING"""
"008d3d4c",12,"""SANDKING"""
"008d3d5a",10,"""BLISTAC"""
"008d3d68",12,"""BOXVILLE"""
"008d3d76",10,"""BENSON"""
"008d3d92",10,"""BLOODRA"""
"008d3dae",10,"""SUPERGT"""
"008d3dbc",8,"""ELEGANT"""
"008d3dca",10,"""JOURNEY"""
"008d3dd8",8,"""PETROL"""
"008d3de6",10,"""RDTRAIN"""
"008d3df4",8,"""NEBULA"""
"008d3e02",10,"""MAJESTIC"""
"008d3e10",12,"""BUCCANEE"""
"008d3e1e",10,"""CEMENT"""
"008d3e2c",12,"""TOWTRUCK"""
"008d3e3a",10,"""FORTUNE"""
"008d3e48",8,"""CADRONA"""
"008d3e56",10,"""FBITRUCK"""
"008d3e64",8,"""WILLARD"""
"008d3e72",10,"""FORKLIFT"""
"008d3e80",8,"""TRACTOR"""
"008d3e8e",10,"""COMBINE"""
"008d3e9c",8,"""FELTZER"""
"008d3eaa",10,"""REMINGTN"""
"008d3ec6",6,"""BLADE"""
"008d3ed4",8,"""FREIGHT"""
"008d3ee2",10,"""STREAK"""
"008d3ef0",8,"""VINCENT"""
"008d3efe",10,"""BULLET"""
"008d3f0c",8,"""CLOVER"""
"008d3f1a",10,"""SADLER"""
"008d3f28",8,"""RANGER"""
"008d3f36",10,"""HUSTLER"""
"008d3f44",12,"""INTRUDER"""
"008d3f52",6,"""PRIMO"""
"008d3f60",8,"""TAMPA"""
"008d3f6e",10,"""SUNRISE"""
"008d3f7c",8,"""MERIT"""
"008d3f8a",10,"""UTILITY"""
"008d3f98",12,"""YOSEMITE"""
"008d3fa6",10,"""WINDSOR"""
"008d3fb4",12,"""MTRUCK_A"""
"008d3fc2",10,"""MTRUCK_B"""
"008d3fd0",8,"""URANUS"""
"008d3fde",10,"""JESTER"""
"008d3fec",8,"""SULTAN"""
"008d3ffa",10,"""STRATUM"""
"008d4016",10,"""RCTIGER"""
"008d4024",8,"""FLASH"""
"008d4032",10,"""TAHOMA"""
"008d4040",8,"""SAVANNA"""
"008d404e",10,"""BANDITO"""
"008d405c",12,"""FREIFLAT"""
"008d406a",10,"""CSTREAK"""
"008d4086",6,"""MOWER"""
"008d40a2",10,"""SWEEPER"""
"008d40b0",12,"""BROADWAY"""
"008d40be",10,"""TORNADO"""
"008d40da",10,"""HUNTLEY"""
"008d40e8",12,"""STAFFORD"""
"008d4112",10,"""PETROTR"""
"008d4120",8,"""EMPEROR"""
"008d412e",6,"""FLOAT"""
"008d413c",8,"""EUROS"""
"008d4166",10,"""ARTICT3"""
"008d4182",10,"""POLICE_LA"""
"008d4190",12,"""POLICE_SF"""
"008d419e",10,"""POLICE_VG"""
"008d41ac",12,"""POLRANGER"""
"008d41ba",10,"""PICADOR"""
"008d41c8",8,"""SWATVAN"""
"008d41d6",6,"""ALPHA"""
"008d41e4",8,"""PHOENIX"""
"008d420e",10,"""STAIRS"""
"008d422a",10,"""FARM_TR1"""
"008d4246",10,"""ROLLER"""
"008d4262",6,"""MOPED"""
"008d4270",12,"""DIRTBIKE"""
"008d42b6",10,"""WAYFARER"""
"008d42c4",12,"""QUADBIKE"""
"008d42e0",12,"""CHOPPERB"""
"008d42fc",8,"""FREEWAY"""
"008d430a",10,"""PREDATOR"""
"008d4318",8,"""SPEEDER"""
"008d4326",10,"""REEFER"""
"008d4342",10,"""SQUALO"""
"008d4350",8,"""TROPIC"""
"008d435e",10,"""COASTGRD"""
"008d436c",8,"""DINGHY"""
"008d437a",10,"""MARQUIS"""
"008d4388",8,"""CUPBOAT"""
"008d4396",10,"""LAUNCH"""
"008d43a4",12,"""SEAPLANE"""
"008d43b2",10,"""VORTEX"""
"008d43c0",8,"""RUSTLER"""
"008d43ce",10,"""BEAGLE"""
"008d43dc",12,"""CROPDUST"""
"008d43ea",6,"""STUNT"""
"008d43f8",8,"""SHAMAL"""
"008d4406",6,"""HYDRA"""
"008d4430",8,"""ANDROM"""
"008d444c",8,"""SPARROW"""
"008d445a",10,"""SEASPAR"""
"008d4468",12,"""MAVERICK"""
"008d4476",10,"""COASTMAV"""
"008d4492",10,"""HUNTER"""
"008d44a0",12,"""LEVIATHN"""
"008d44ae",10,"""CARGOBOB"""
"008d44bc",12,"""RAINDANC"""
"008d44ca",10,"""RCBARON"""
"008d44d8",12,"""RCGOBLIN"""
"008d44e6",10,"""RCRAIDER"""
"008d4950",11,"""coronastar"""
"008d496a",11,"""coronastar"""
"008d4984",12,"""coronamoon"""
"008d499e",14,"""coronareflect"""
"008d49b8",20,"""coronaheadlightline"""
"008d4a3a",14,"""coronaringb"""
"008d4aa6",18,"""coronareflectm"""
"008d59b8",40,"""MAIN EVENT TONIGHT: CAR RACING . . .   """
"008d59e0",60,"""FOR TICKETS TO THE HOT RING EVENT CALL 555-3764 . . .   """
"008d5a1c",48,"""MAIN EVENT TONIGHT: DESTRUCTION DERBY . . .   """
"008d5a4c",60,"""FOR TICKETS TO THE BLOOD RING EVENT CALL 555-3765 . . .   """
"008d5a88",44,"""MAIN EVENT TONIGHT: BIKE RACING . . .   """
"008d5ab4",60,"""FOR TICKETS TO THE DIRT RING EVENT CALL 555-3766 . . .   """
"008d5af0",128,"""HYMAN MEMORIAL STADIUM. HOME TO SOME OF THE BIGGEST EVENTS OF THE WESTERN HEMISPHERE. ALSO AVAILABLE FOR CHILDREN PARTIES. . . """
"008d5b70",24,"""THE TIME IS 12:34    """
"008d6238",16,"""UnknownVendr"""
"008d6318",27,"""nodeD3D9AtomicAllInOne.csl"""
"008d6398",32,"""nodeD3D9WorldSectorAllInOne.csl"""
"008d6430",22,"""dp3 oT2.z, r7, c[%d]\n"""
"008d6448",22,"""dp3 oT2.y, r7, c[%d]\n"""
"008d6460",22,"""dp3 oT2.x, r7, c[%d]\n"""
"008d6478",22,"""dp3 oT0.z, r7, c[%d]\n"""
"008d6490",22,"""dp3 oT0.y, r7, c[%d]\n"""
"008d64a8",22,"""dp3 oT0.x, r7, c[%d]\n"""
"008d64c0",22,"""dp3 oT1.z, r7, c[%d]\n"""
"008d64d8",22,"""dp3 oT1.y, r7, c[%d]\n"""
"008d64f0",22,"""dp3 oT1.x, r7, c[%d]\n"""
"008d6508",23,"""mad r7, r7.w, %s, -r7\n"""
"008d6520",22,"""add r7.w, r7.w, r7.w\n"""
"008d6538",18,"""dp3 r7.w, r7, %s\n"""
"008d654c",32,"""add r7.xyz, c[%d].xyz, -%s.xyz\n"""
"008d656c",22,"""dp4 oT0.y, v6, c[%d]\n"""
"008d6584",22,"""dp4 oT0.x, v6, c[%d]\n"""
"008d659c",22,"""dp4 oT0.y, v5, c[%d]\n"""
"008d65b4",22,"""dp4 oT0.x, v5, c[%d]\n"""
"008d65cc",16,"""mov oT0.xy, v6\n"""
"008d65dc",26,"""add oT1.xy, r9.xy, v5.xy\n"""
"008d65f8",21,"""dp3 r9.y, %s, c[%d]\n"""
"008d6610",21,"""dp3 r9.x, %s, c[%d]\n"""
"008d6628",22,"""dp4 oT2.y, %s, c[%d]\n"""
"008d6640",22,"""dp4 oT2.x, %s, c[%d]\n"""
"008d6658",22,"""dp4 oT0.y, %s, c[%d]\n"""
"008d6670",22,"""dp4 oT0.x, %s, c[%d]\n"""
"008d6688",22,"""dp4 oT1.y, %s, c[%d]\n"""
"008d66a0",22,"""dp4 oT1.x, %s, c[%d]\n"""
"008d66b8",16,"""mov oT0.xy, v5\n"""
"008d66c8",24,"""mul r1.xyz, r1, r9.w\n"""
"008d6738",36,"""mad oD0.xyz, r1, c[5].z, c[5].z\n"""
"008d675c",36,"""mad oD1.xyz, r1, c[5].z, c[5].z\n"""
"008d6780",16,"""mov oT1.xy, v5\n"""
"008d6790",20,"""mov oT0.xy, v%d\n"""
"008d67a4",24,"""dp3 oT3.z, c[%d], %s\n"""
"008d67bc",24,"""dp3 oT3.y, c[%d], r2\n"""
"008d67d4",24,"""dp3 oT3.x, c[%d], r4\n"""
"008d67ec",24,"""dp3 oT2.z, c[%d], %s\n"""
"008d6804",24,"""dp3 oT2.y, c[%d], r2\n"""
"008d681c",24,"""dp3 oT2.x, c[%d], r4\n"""
"008d6834",36,"""mad oT2.xyz, r1, c[5].z, c[5].z\n"""
"008d6858",24,"""mul r1.xyz, r1, r7.w\n"""
"008d6870",20,"""dp3 r1.z, r7, %s\n"""
"008d68f4",22,"""mul r7.xyz, r7, r7.w\n"""
"008d690c",16,"""rsq r7.w, r7.w\n"""
"008d691c",18,"""dp3 r7.w, r7, r7\n"""
"008d6930",36,"""add r7.xyz, -c[1 + 5].xyz, %s.xyz\n"""
"008d6954",36,"""mad oD0.xyz, r1, c[5].w, c[5].w\n"""
"008d6978",36,"""mad oD1.xyz, r1, c[5].w, c[5].w\n"""
"008d699c",36,"""mad oT2.xyz, r1, c[5].w, c[5].w\n"""
"008d69c0",24,"""mul r1.xyz, r1, r1.w\n"""
"008d69e8",20,"""dp3 r1.w, r1, r1\n"""
"008d6a48",24,"""mul r2.xyz, r2, r2.w\n"""
"008d6a70",20,"""dp3 r2.w, r2, r2\n"""
"008d6a84",32,"""mad r2, r4.yzxw, %s.zxyw, -r2\n"""
"008d6aa4",28,"""mul r2, r4.zxyw, %s.yzxw\n"""
"008d6ac0",16,"""mov %s.w, v3.w\n"""
"008d6ae0",24,"""slt r4.w, v13.w, v13.w\n"""
"008d6af8",24,"""mul r4.xyz, r4, r4.w\n"""
"008d6b4c",32,"""m3x3 r4.xyz, v13, c[a0.x + %d]\n"""
"008d6b7c",20,"""add oD0, v4, c[4]\n"""
"008d6b90",24,"""mul oD0, r11, c[%d]\n"""
"008d6ba8",28,"""mul r6.%s, r6.%s, r9.%s\n"""
"008d6bc4",32,"""max r9.%s, c[%d].wwww, r9.%s\n"""
"008d6be4",36,"""mad r9.%c, r7.w, c[%d].x, c[%d].y\n"""
"008d6c3c",28,"""mul r6.%s, r6.%s, r8.%s\n"""
"008d6c58",32,"""add r8.%s, -c[%d].%s, r8.%s\n"""
"008d6c78",32,"""max r6.%s, c[%d].wwww, -r6.%s\n"""
"008d6c98",28,"""max r8.%s, c[%d].%s, r1.%s\n"""
"008d6cb4",20,"""dp3 r6.%c, %s, r7\n"""
"008d6cf0",32,"""add r7.xyz, -c[%d].xyz, %s.xyz\n"""
"008d6d10",40,"""mad r11.xyz, c[%d].xyz, r6.%s, r11.xyz\n"""
"008d6d38",28,"""mad oD0, c[%d], r6.%c, r11\n"""
"008d6d54",28,"""max r6.%s, c[5].w, -r6.%s\n"""
"008d6d70",24,"""dp3 r6.%c, c[%d], %s\n"""
"008d6d98",20,"""add r11, v4, c[4]\n"""
"008d6dac",24,"""mul r5.xyz, %s, r5.w\n"""
"008d6dd4",20,"""dp3 r5.w, %s, %s\n"""
"008d6de8",36,"""mad oFog, r0.w, c[%d].x, c[%d].y\n"""
"008d6e0c",16,"""rcp oFog, r0.w\n"""
"008d6e30",24,"""mul r0.w, r0.w, r0.w\n"""
"008d6e48",28,"""mul r0.w, r0.w, c[%d].x\n"""
"008d6e64",20,"""dp4 r0.w, %s, c[3]\n"""
"008d6e78",28,"""m4x4 oPos.xyzw, r3, c[0]\n"""
"008d6ea8",32,"""m4x3 r5.xyz, %s, c[a0.x + %d]\n"""
"008d6ec8",36,"""mad r3.xyz, v1.%c, r5.xyz, r3.xyz\n"""
"008d6eec",28,"""mul r3.xyz, v1.%c, r5.xyz\n"""
"008d6f08",32,"""m4x3 r5.xyz, %s, c[a0.%c + %d]\n"""
"008d6f28",24,"""m3x3 r5.xyz, %s, r8\n"""
"008d6f40",24,"""m4x3 r3.xyz, %s, r8\n"""
"008d6f58",32,"""mul r10, v1.%c, c[a0.x + %d]\n"""
"008d6f78",32,"""mul r9, v1.%c, c[a0.x + %d]\n"""
"008d6f98",32,"""mul r8, v1.%c, c[a0.x + %d]\n"""
"008d6fb8",36,"""mad r10, v1.%c, c[a0.x + %d], r10\n"""
"008d6fdc",36,"""mad r9, v1.%c, c[a0.x + %d], r9\n"""
"008d7000",36,"""mad r8, v1.%c, c[a0.x + %d], r8\n"""
"008d7038",32,"""mul r10, v1.%c, c[a0.%c + %d]\n"""
"008d7058",32,"""mul r9, v1.%c, c[a0.%c + %d]\n"""
"008d7078",32,"""mul r8, v1.%c, c[a0.%c + %d]\n"""
"008d7098",36,"""mad r10, v1.%c, c[a0.%c + %d], r10\n"""
"008d70bc",36,"""mad r9, v1.%c, c[a0.%c + %d], r9\n"""
"008d70e0",36,"""mad r8, v1.%c, c[a0.%c + %d], r8\n"""
"008d7104",16,"""mova a0.%s, v2\n"""
"008d7114",32,"""m3x3 r5.xyz, %s, c[a0.x + %d]\n"""
"008d7134",32,"""m4x3 r3.xyz, %s, c[a0.x + %d]\n"""
"008d7154",20,"""mova a0.x, v2.x\n"""
"008d717c",28,"""mad r4, v15, c[%d].y, r4\n"""
"008d7198",24,"""mul r4, v3, c[%d].x\n"""
"008d71b4",28,"""mad r2, v14, c[%d].y, r2\n"""
"008d71d0",24,"""mul r2, v0, c[%d].x\n"""
"008d71e8",28,"""mad r5, v15, c[%d].y, r5\n"""
"008d7204",24,"""mul r5, v3, c[%d].x\n"""
"008d7220",28,"""mad r3, v14, c[%d].y, r3\n"""
"008d723c",24,"""mul r3, v0, c[%d].x\n"""
"008d7254",28,"""m4x4 oPos.xyzw, v0, c[0]\n"""
"008d7278",20,"""dcl_normal1 v15\n"""
"008d728c",20,"""dcl_position1 v14\n"""
"008d72a0",20,"""dcl_texcoord%u v%u\n"""
"008d72b4",20,"""dcl_texcoord1 v6\n"""
"008d72c8",20,"""dcl_texcoord0 v5\n"""
"008d72dc",20,"""dcl_tangent0 v13\n"""
"008d72f0",16,"""dcl_normal0 v3\n"""
"008d7300",16,"""dcl_color0 v4\n"""
"008d7310",24,"""dcl_blendindices0 v2\n"""
"008d7328",24,"""dcl_blendweight0 v1\n"""
"008d7340",20,"""dcl_position0 v0\n"""
"008dece8",31,"""nodeD3D9SkinAtomicAllInOne.csl"""
"008dede4",7,"""UVAnim"""
"008dedf4",7,"""1.0.12"""
"008dedfc",36,"""Unable to write international text\n"""
"008dee20",44,"""Valid palette required for paletted images\n"""
"008dee4c",27,"""No IDATs written into file"""
"008dee68",68,"""Application must be recompiled; versions <= 1.0.6 were incompatible"""
"008deeac",55,"""Incompatible libpng version in application and library"""
"008deee4",20,"""1.0.6 or earlier"""
"008deef8",72,"""The info struct allocated by the application for writing is too small."""
"008def40",72,"""The png struct allocated by the application for writing is too small."""
"008def88",72,"""Application uses deprecated png_write_init() and should be recompiled."""
"008defd0",11,"""zlib error"""
"008defdc",32,"""Unknown custom filter method"""
"008deffc",38,"""Can't add Paeth filter after starting"""
"008df024",40,"""Can't add Average filter after starting"""
"008df04c",35,"""Can't add Up filter after starting"""
"008df070",32,"""Unknown row filter for method 0"""
"008df090",32,"""Unknown filter heuristic method"""
"008df0b0",44,"""Compression window is being reset to 512"""
"008df0dc",52,"""Only compression windows >= 256 supported by PNG"""
"008df110",52,"""Only compression windows <= 32k supported by PNG"""
"008df144",48,"""Only compression method 8 is supported by PNG"""
"008df478",16,"""Setting gamma=0"""
"008df488",41,"""Palette size 0, hIST allocation skipped."""
"008df4b4",63,"""Width too large to process image data; rowbytes will overflow."""
"008df4f4",30,"""Unknown filter method in IHDR"""
"008df514",35,"""Unknown compression method in IHDR"""
"008df538",33,"""Unknown interlace method in IHDR"""
"008df55c",49,"""Invalid color type/bit depth combination in IHDR"""
"008df590",27,"""Invalid color type in IHDR"""
"008df5ac",26,"""Invalid bit depth in IHDR"""
"008df5c8",27,"""Invalid image size in IHDR"""
"008df5e4",38,"""Image width or height is zero in IHDR"""
"008df60c",26,"""iTXt chunk not supported."""
"008df628",28,"""Call to NULL write function"""
"008df644",53,"""the same structure.  Resetting read_data_fn to NULL."""
"008df67c",56,"""Attempted to set both read_data_fn and write_data_fn in"""
"008df6b4",36,"""Too many bytes for PNG signature."""
"008df6d8",44,"""Unknown freer parameter in png_data_freer."""
"008df708",196,"""\n libpng version 1.0.12 - June 8, 2001\n   Copyright (c) 1998-2001 Glenn Randers-Pehrson\n   Copyright (c) 1996, 1997 Andreas Dilger\n   Copyright (c) 1995, 1996 Guy Eric Schalnat, Group 42, Inc.\n"""
"008df7cc",48,""" libpng version 1.0.12 - June 8, 2001 (header)\n"""
"008df7fc",19,"""Unknown zlib error"""
"008df810",19,"""zlib version error"""
"008df824",18,"""zlib memory error"""
"008df838",6,"""1.1.3"""
"008df840",68,"""The info struct allocated by application for reading is too small."""
"008df888",72,"""The png struct allocated by the application for reading is too small."""
"008df8d0",13,"""zlib version"""
"008df8e0",12,"""zlib memory"""
"008df8f0",72,"""Application uses deprecated png_read_init() and should be recompiled."""
"008df938",25,"""Missing PLTE before IDAT"""
"008df954",25,"""Missing IHDR before IDAT"""
"008df970",39,"""PNG file corrupted by ASCII conversion"""
"008df998",15,"""Not a PNG file"""
"008df9a8",72,"""Ignoring extra png_read_update_info() call; row buffer not reallocated"""
"008df9f0",22,"""Extra compressed data"""
"008dfa08",20,"""Decompression error"""
"008dfa1c",22,"""Not enough image data"""
"008dfa34",33,"""Invalid attempt to read row data"""
"008dfa58",22,"""Too many IDAT's found"""
"008dfa70",50,"""Width too large for libpng to process image data."""
"008dfac4",42,"""Can't discard critical data on CRC error."""
"008dfaf0",52,"""Application must supply a known background gamma"""
"008dfb24",48,"""ignoring out of range rgb_to_gray coefficients"""
"008dfb54",34,"""png_do_dither returned rowbytes=0"""
"008dfb78",39,"""png_do_rgb_to_gray found nongray pixel"""
"008dfba0",16,"""NULL row buffer"""
"008dfbb0",27,"""Call to NULL read function"""
"008dfbcc",50,"""same structure.  Resetting write_data_fn to NULL."""
"008dfc00",65,"""It's an error to set both read_data_fn and write_data_fn in the """
"008dfc44",33,"""Invalid interlace type specified"""
"008dfc68",30,"""Invalid filter type specified"""
"008dfc88",35,"""Invalid compression type specified"""
"008dfcac",35,"""Invalid image color type specified"""
"008dfcd0",33,"""Invalid bit depth for RGBA image"""
"008dfcf4",44,"""Invalid bit depth for grayscale+alpha image"""
"008dfd20",37,"""Invalid bit depth for paletted image"""
"008dfd48",32,"""Invalid bit depth for RGB image"""
"008dfd68",38,"""Invalid bit depth for grayscale image"""
"008dfd90",56,"""Ignoring request to write a PLTE chunk in grayscale PNG"""
"008dfdc8",36,"""Invalid number of colors in palette"""
"008dfdec",40,"""Invalid sRGB rendering intent specified"""
"008dfe14",28,"""Empty keyword in iCCP chunk"""
"008dfe30",39,"""Unknown compression type in iCCP chunk"""
"008dfe58",25,"""Unknown compression type"""
"008dfe74",28,"""Empty keyword in sPLT chunk"""
"008dfe90",29,"""Invalid sBIT depth specified"""
"008dfeb0",35,"""Invalid cHRM white point specified"""
"008dfed4",33,"""Invalid cHRM red point specified"""
"008dfef8",35,"""Invalid cHRM green point specified"""
"008dff1c",34,"""Invalid cHRM blue point specified"""
"008dff40",44,"""Invalid fixed cHRM white point specified"""
"008dff6c",40,"""Invalid cHRM fixed red point specified"""
"008dff94",44,"""Invalid fixed cHRM green point specified"""
"008dffc0",40,"""Invalid fixed cHRM blue point specified"""
"008dffe8",39,"""Can't write tRNS with an alpha channel"""
"008e0010",47,"""Invalid number of transparent colors specified"""
"008e0040",33,"""Invalid background palette index"""
"008e0064",46,"""Invalid number of histogram entries specified"""
"008e0094",20,"""zero length keyword"""
"008e00a8",41,"""keyword length must be 1 - 79 characters"""
"008e00d4",20,"""Zero length keyword"""
"008e00e8",43,"""extra interior spaces removed from keyword"""
"008e0114",36,"""leading spaces removed from keyword"""
"008e0138",37,"""trailing spaces removed from keyword"""
"008e0160",29,"""invalid character in keyword"""
"008e0180",28,"""Empty keyword in tEXt chunk"""
"008e019c",28,"""Empty keyword in zTXt chunk"""
"008e01b8",38,"""Unrecognized unit type for oFFs chunk"""
"008e01e0",42,"""Unrecognized equation type for pCAL chunk"""
"008e020c",38,"""Unrecognized unit type for pHYs chunk"""
"008e0234",14,"""Out of Memory"""
"008e0244",15,"""Out of Memory!"""
"008e0258",16,"""need dictionary"""
"008e0268",21,"""incorrect data check"""
"008e0280",23,"""incorrect header check"""
"008e0298",20,"""invalid window size"""
"008e02ac",27,"""unknown compression method"""
"008e02c8",32,"""Error decoding compressed text"""
"008e02e8",10,"""CRC error"""
"008e02f4",30,"""Unknown zTXt compression type"""
"008e0314",58,"""Incomplete compressed datastream in chunk other than IDAT"""
"008e0350",19,"""Invalid IHDR chunk"""
"008e0364",18,"""Out of place IHDR"""
"008e0378",44,"""Truncating incorrect info tRNS chunk length"""
"008e03a4",39,"""Truncating incorrect tRNS chunk length"""
"008e03cc",22,"""Invalid palette chunk"""
"008e03e4",37,"""Ignoring PLTE chunk in grayscale PNG"""
"008e040c",21,"""Duplicate PLTE chunk"""
"008e0424",24,"""Invalid PLTE after IDAT"""
"008e043c",25,"""Missing IHDR before PLTE"""
"008e0458",28,"""Incorrect IEND chunk length"""
"008e0474",17,"""No image in file"""
"008e0488",56,"""Ignoring incorrect gAMA value when sRGB is also present"""
"008e04c0",33,"""Ignoring gAMA chunk with gamma=0"""
"008e04e4",21,"""Duplicate gAMA chunk"""
"008e04fc",24,"""Out of place gAMA chunk"""
"008e0514",24,"""Invalid gAMA after IDAT"""
"008e052c",28,"""Incorrect gAMA chunk length"""
"008e0548",25,"""Missing IHDR before gAMA"""
"008e0564",28,"""Incorrect sBIT chunk length"""
"008e0580",21,"""Duplicate sBIT chunk"""
"008e0598",24,"""Out of place sBIT chunk"""
"008e05b0",24,"""Invalid sBIT after IDAT"""
"008e05c8",25,"""Missing IHDR before sBIT"""
"008e05e4",25,"""Invalid cHRM white point"""
"008e0600",23,"""Invalid cHRM red point"""
"008e0618",25,"""Invalid cHRM green point"""
"008e0634",24,"""Invalid cHRM blue point"""
"008e064c",56,"""Ignoring incorrect cHRM value when sRGB is also present"""
"008e0684",21,"""Duplicate cHRM chunk"""
"008e069c",25,"""Missing PLTE before cHRM"""
"008e06b8",24,"""Invalid cHRM after IDAT"""
"008e06d0",28,"""Incorrect cHRM chunk length"""
"008e06ec",25,"""Missing IHDR before cHRM"""
"008e0708",20,"""Unknown sRGB intent"""
"008e071c",21,"""Duplicate sRGB chunk"""
"008e0734",24,"""Out of place sRGB chunk"""
"008e074c",24,"""Invalid sRGB after IDAT"""
"008e0764",28,"""Incorrect sRGB chunk length"""
"008e0780",25,"""Missing IHDR before sRGB"""
"008e079c",34,"""Ignoring truncated iCCP profile.\n"""
"008e07c0",43,"""Profile size field missing from iCCP chunk"""
"008e07ec",48,"""Ignoring nonzero compression type in iCCP chunk"""
"008e081c",21,"""Malformed iCCP chunk"""
"008e0834",21,"""Duplicate iCCP chunk"""
"008e084c",24,"""Out of place iCCP chunk"""
"008e0864",24,"""Invalid iCCP after IDAT"""
"008e087c",25,"""Missing IHDR before iCCP"""
"008e0898",26,"""sPLT chunk has bad length"""
"008e08b4",21,"""malformed sPLT chunk"""
"008e08cc",24,"""Invalid sPLT after IDAT"""
"008e08e4",25,"""Missing IHDR before sPLT"""
"008e0900",42,"""tRNS chunk not allowed with alpha channel"""
"008e092c",23,"""Zero length tRNS chunk"""
"008e0944",28,"""Incorrect tRNS chunk length"""
"008e0960",21,"""Duplicate tRNS chunk"""
"008e0978",24,"""Invalid tRNS after IDAT"""
"008e0990",25,"""Missing PLTE before tRNS"""
"008e09ac",25,"""Missing IHDR before tRNS"""
"008e09c8",33,"""Incorrect bKGD chunk index value"""
"008e09ec",28,"""Incorrect bKGD chunk length"""
"008e0a08",21,"""Duplicate bKGD chunk"""
"008e0a20",25,"""Missing PLTE before bKGD"""
"008e0a3c",24,"""Invalid bKGD after IDAT"""
"008e0a54",25,"""Missing IHDR before bKGD"""
"008e0a70",21,"""Duplicate hIST chunk"""
"008e0a88",25,"""Missing PLTE before hIST"""
"008e0aa4",24,"""Invalid hIST after IDAT"""
"008e0abc",28,"""Incorrect hIST chunk length"""
"008e0ad8",25,"""Missing IHDR before hIST"""
"008e0af4",21,"""Duplicate pHYs chunk"""
"008e0b0c",24,"""Invalid pHYs after IDAT"""
"008e0b24",28,"""Incorrect pHYs chunk length"""
"008e0b40",25,"""Missing IHDR before pHYs"""
"008e0b5c",21,"""Duplicate oFFs chunk"""
"008e0b74",24,"""Invalid oFFs after IDAT"""
"008e0b8c",28,"""Incorrect oFFs chunk length"""
"008e0ba8",25,"""Missing IHDR before oFFs"""
"008e0bc4",42,"""Invalid pCAL parameters for equation type"""
"008e0bf0",18,"""Invalid pCAL data"""
"008e0c04",21,"""Duplicate pCAL chunk"""
"008e0c1c",24,"""Invalid pCAL after IDAT"""
"008e0c34",25,"""Missing IHDR before pCAL"""
"008e0c50",18,"""Invalid sCAL data"""
"008e0c64",38,"""malformed height string in sCAL chunk"""
"008e0c8c",37,"""malformed width string in sCAL chunk"""
"008e0cb4",21,"""Duplicate sCAL chunk"""
"008e0ccc",24,"""Invalid sCAL after IDAT"""
"008e0ce4",25,"""Missing IHDR before sCAL"""
"008e0d00",21,"""Duplicate tIME chunk"""
"008e0d18",28,"""Incorrect tIME chunk length"""
"008e0d34",24,"""Out of place tIME chunk"""
"008e0d4c",25,"""Missing IHDR before tEXt"""
"008e0d68",39,"""Unknown compression type in zTXt chunk"""
"008e0d90",23,"""Zero length zTXt chunk"""
"008e0da8",25,"""Missing IHDR before zTXt"""
"008e0dc4",23,"""unknown critical chunk"""
"008e0ddc",19,"""invalid chunk type"""
"008e0df0",34,"""Ignoring bad adaptive filter type"""
"008e0e14",23,"""Extra compression data"""
"008e0e2c",20,"""Decompression Error"""
"008e0e68",24,"""incompatible version"""
"008e0e80",13,"""buffer error"""
"008e0e90",20,"""insufficient memory"""
"008e0ea4",12,"""data error"""
"008e0eb0",13,"""stream error"""
"008e0ec0",11,"""file error"""
"008e0ecc",11,"""stream end"""
"008e0f14",26,"""invalid bit length repeat"""
"008e0f30",36,"""too many length or distance symbols"""
"008e0f54",29,"""invalid stored block lengths"""
"008e0f74",19,"""invalid block type"""
"008e0f88",28,"""invalid literal/length code"""
"008e0fa4",22,"""invalid distance code"""
"008e20c8",36,"""incomplete dynamic bit lengths tree"""
"008e20ec",40,"""oversubscribed dynamic bit lengths tree"""
"008e2114",31,"""incomplete literal/length tree"""
"008e2134",35,"""oversubscribed literal/length tree"""
"008e2158",33,"""empty distance tree with lengths"""
"008e217c",25,"""incomplete distance tree"""
"008e2198",29,"""oversubscribed distance tree"""
"008e21fc",25,"""Invalid combination type"""
"008e224c",34,"""Invalid projection type specified"""
"008e23b0",26,"""Only rendering sub system"""
"008e240c",7,"""(null)"""
"008e257c",56,"""Conversion from rasters to 4bit images is not supported"""
"008e25b8",71,"""Conversion from non palettised rasters to 8bit images is not supported"""
"008e2600",53,"""Conversion from compressed rasters is not supported."""
"008e2638",51,"""Conversion to compressed rasters is not supported."""
"008e26b4",36,"""Heap resized from %d to %d bytes"""
"008e2714",12,"""AMD Duron"""
"008e2720",12,"""AMD Athlon"""
"008e272c",13,"""AMD ISBETTER"""
"008e273c",13,"""AuthenticAMD"""
"008e274c",16,"""Intel Pentium 4"""
"008e275c",23,"""Intel Pentium III Xeon"""
"008e2774",20,"""Intel Pentium III"""
"008e2788",16,"""Intel Celeron"""
"008e2798",20,"""Intel Pentium II"""
"008e27ac",20,"""Intel Pentium Pro"""
"008e27c0",20,"""Intel Pentium MMX"""
"008e27d4",16,"""Intel Pentium"""
"008e27e4",12,"""Intel 486"""
"008e27f0",13,"""GenuineIntel"""
"008e2800",40,"""Microsoft Windows Millennium Edition"""
"008e282c",24,"""Microsoft Windows 98 """
"008e284c",24,"""Microsoft Windows 95 """
"008e2864",16,"""Service Pack %d"""
"008e2874",20,"""Service Pack %d.%d"""
"008e2890",24,"""Microsoft Windows NT """
"008e28a8",24,"""Microsoft Windows 2000 """
"008e28c0",24,"""Microsoft Windows XP """
"008e28d8",44,"""Microsoft Windows .NET Server 2003 family, """
"008e2908",16,"""ImmInstance.csl"""
"008e2958",26,"""nodeD3D9SubmitNoLight.csl"""
"008e2a18",23,"""theQuickTimeDispatcher"""
"008e2a30",15,"""_CallComponent"""
"008e2a40",34,"""_CallComponentFunctionWithStorage"""
"008e2a64",14,"""QuickTime.qts"""
"008e2a74",21,"""QTMLInitTermMutex%lx"""
"008e2a90",21,"""QuickTime.qts folder"""
"008e2aa8",40,"""Software\\Apple Computer, Inc.\\QuickTime"""
"008e2ad0",12,"""QuickTime\\"""
"008e2adc",28,"""\\qtml\\buildresults\\debug"""
"008e2af8",16,"""SourcesDrive"""
"008e2b08",28,"""DoNotLoadFromBuildResults"""
"008e2b34",24,""".?AVout_of_range@std@@"""
"008e2b54",20,""".?AVbad_alloc@std@@"""
"008e2bcc",16,""".?AVbad_cast@@"""
"008e2be4",20,""".?AVbad_typeid@@"""
"008e2c00",24,""".?AV__non_rtti_object@@"""
"008e2c20",16,""".?AVtype_info@@"""
"00c9e0ca",13,"""wtsapi32.dll"""
"00c9e0d7",10,"""wfapi.dll"""
"00c9e0e1",12,"""utildll.dll"""
"00c9e0f9",28,"""WTSQuerySessionInformationA"""
"00c9e115",27,"""WFQuerySessionInformationA"""
"00c9e130",14,"""WTSFreeMemory"""
"00c9e13e",13,"""WFFreeMemory"""
"00c9e15b",48,"""System\\CurrentControlSet\\Control\\ProductOptions"""
"00c9e19b",13,"""ProductSuite"""
"00c9e1a8",16,"""Terminal Server"""
"00c9e1c1",8,"""ALADDIN"""
"00c9e1d1",17,"""GetModuleHandleA"""
"00c9e1e6",13,"""LoadLibraryA"""
"00c9e3cb",11,"""UTRegister"""
"00c9e3d6",13,"""UTUnRegister"""
"00c9e3e3",13,"""KERNEL32.DLL"""
"00c9e3f0",11,"""USER32.DLL"""
"00c9e3fb",13,"""ADVAPI32.DLL"""
"00c9e41c",13,"""HASPUT16.DLL"""
"00c9e429",13,"""NETAPI32.DLL"""
"00c9e436",8,"""Netbios"""
"00c9e442",12,"""wsock32.dll"""
"00c9e45a",11,"""WSAStartup"""
"00c9e469",7,"""socket"""
"00c9e474",12,"""closesocket"""
"00c9e484",8,"""connect"""
"00c9e4a2",12,"""getsockname"""
"00c9e4bb",7,"""listen"""
"00c9e4c6",7,"""select"""
"00c9e4d1",9,"""recvfrom"""
"00c9e4de",7,"""sendto"""
"00c9e4e9",16,"""WSAGetLastError"""
"00c9e4fd",14,"""WSAIsBlocking"""
"00c9e50f",19,"""WSASetBlockingHook"""
"00c9e526",12,"""GlobalAlloc"""
"00c9e536",11,"""GlobalFree"""
"00c9e545",20,"""GetCurrentProcessId"""
"00c9e55d",22,"""GetEnvironmentStrings"""
"00c9e577",24,"""FreeEnvironmentStringsA"""
"00c9e593",13,"""GetLastError"""
"00c9e5a4",12,"""ExitProcess"""
"00c9e5b4",12,"""MessageBoxA"""
"00c9e5c6",9,"""OpenFile"""
"00c9e5d3",9,"""ReadFile"""
"00c9e5e0",12,"""GetFileSize"""
"00c9e5f0",12,"""CloseHandle"""
"00c9e5fc",13,"""GetTickCount"""
"00c9e60d",14,"""GetVersionExA"""
"00c9e61f",6,"""htons"""
"00c9e629",12,"""FreeLibrary"""
"00c9e639",12,"""gethostname"""
"00c9e649",14,"""gethostbyname"""
"00c9e65b",14,"""gethostbyaddr"""
"00c9e66d",11,"""WSACleanup"""
"00c9e67c",11,"""setsockopt"""
"00c9e68b",17,"""ReleaseSemaphore"""
"00c9e6a0",15,"""OpenSemaphoreA"""
"00c9e6b3",17,"""CreateSemaphoreA"""
"00c9e6c8",20,"""WaitForSingleObject"""
"00c9e6e0",13,"""CreateThread"""
"00c9e6f1",11,"""ExitThread"""
"00c9e700",18,"""GetExitCodeThread"""
"00c9e716",16,"""TerminateThread"""
"00c9e72a",6,"""Sleep"""
"00c9e734",12,"""VirtualLock"""
"00c9e744",14,"""VirtualUnlock"""
"00c9e756",13,"""IsBadReadPtr"""
"00c9e767",14,"""IsBadWritePtr"""
"00c9e779",20,"""GetCurrentProcessId"""
"00c9e78d",12,"""OpenProcess"""
"00c9e799",19,"""WriteProcessMemory"""
"00c9e7ac",23,"""GetProcessAffinityMask"""
"00c9e7c3",22,"""SetThreadAffinityMask"""
"00c9e7d9",17,"""GetCurrentThread"""
"00c9e7ea",18,"""GetCurrentProcess"""
"00c9e7fc",12,"""CreateFileA"""
"00c9e808",16,"""DeviceIoControl"""
"00c9e818",21,"""ProcessIdToSessionId"""
"00c9e831",12,"""RegOpenKeyA"""
"00c9e841",12,"""RegCloseKey"""
"00c9e851",17,"""RegQueryValueExA"""
"01393c8c",68,"""                                GTA_SAN_ANDREAS                 """
"013945d0",11,"""%CUSTOMER%"""
"013946d0",19,"""Rockstar North Ltd"""
"013947d4",12,"""%PROJECT%"""
"013948d4",16,"""San Andreas EU"""
"01396238",11,"""d}`p{a<v~~"""
"013985f5",103,"""110110000000010111001001100101110101100111}9403E9D99CCB8D75B871FC40AE574322{56}2CAA16EA3A3DABA5{79}"""
"0141a808",9,""".securom"""
"0141a811",27,"""SecuROM\\Keys\\%08X\\DVD%04d"""
"0141a82f",9,"""rsion"""
"0141b83c",12,"""temp.ani"""
"0141bc43",29,"""The HOODLUMs are back again!"""
"0141cb94",52,"""HL-DT-ST_DVD-ROM_GDR8162B_______________0015____"""
"0141cbce",26,"""HL-DT-ST DVD-ROM GDR8162B"""
"0141cc24",52,"""_NEC_DVD+RW_ND-1100A____________________10FD____"""
"0141cc5e",22,"""_NEC DVD+RW ND-1100A"""
"0141cc88",26,"""HL-DT-ST DVD-ROM GDR8162B"""
"0141cca4",28,"""system32\\DRIVERS\\atapi.sys"""
"0141ccc8",24,"""_NEC DVD+RW ND-1100A"""
"0141cce0",28,"""system32\\DRIVERS\\atapi.sys"""
"0141e380",44,"""IDE\\System\\CurrentControlSet\\Services\\atapi"""
"0141e3ac",37,""" Bus 0\\Target Id 1\\Logical Unit Id 0"""
"0141e3d2",74,"u""________10FD____\\5&3a22a7d4&0&0.1.0"""
"0141e784",107,"""System\\CurrentControlSet\\Enum\\IDE\\CdRom_NEC_DVD+RW_ND-1100A____________________10FD____\\5&3a22a7d4&0&0.1.0"""
"0141eb84",32,"""Enum\\system32\\DRIVERS\\atapi.sys"""
"0141eba5",26,"u""RS\\atapi.sys"""
"0141ef89",79,"""IDE\\CdRom_NEC_DVD+RW_ND-1100A____________________10FD____\\5&3a22a7d4&0&0.1.0"""
"014203a8",17,"""DVD-ROM_GDR8162B"""
"014228a0",59,"""C:\\Program Files\\Rockstar Games\\GTA San Andreas\\gta_sa.exe"""
"01424481",27,"""abcdefghijklmnopqrstuvwxyz"""
"014244a1",27,"""ABCDEFGHIJKLMNOPQRSTUVWXYZ"""
"014256c0",8,"""Wrapper"""
"01426050",16,""".?AVexception@@"""
"01426068",24,""".?AVlogic_error@std@@"""
"01426088",24,""".?AVlength_error@std@@"""
"014260a8",24,""".?AVout_of_range@std@@"""
"014260c8",26,"""\\\\.\\pipe\\SecuROM_Profiler"""
"014260e4",44,"""profiler: failed to wait for pipe, err = %d"""
"01426110",26,"""\\\\.\\pipe\\SecuROM_Profiler"""
"0142612c",40,"""profiler: failed to open pipe, err = %d"""
"01426154",44,"""profiler: failed to set pipe mode, err = %d"""
"01426180",16,"""pipe_init_mutex"""
"01426190",29,"""profiler: error create Mutex"""
"014261b0",41,"""profiler: failed to retrieve pipe handle"""
"014261dc",19,"""pipe_entries_mutex"""
"014261f0",29,"""profiler: error create Mutex"""
"01426210",39,"""profiler: wait mutex not WAIT_OBJECT_0"""
"01426238",35,"""profiler: Writing failed, err = %d"""
"0142625c",33,"""entries_in_buf overflow!!!!!!!!\n"""
"01426280",12,""".securom"""
"01426290",12,"""logging.txt"""
"01456949",47,"""!This program cannot be run in DOS mode.\r\r\n$"""
"01456b1b",9,"""`.rdata"""
"01456b93",9,"""@.reloc"""
"01473b20",12,"""<MESSAGES>\n"""
"01473b38",16,"""</MESSAGES>\n"""
"01473c28",12,"""Registry\n"""
"01473c40",44,"""[HKEY_LOCAL_MACHINE\\SOFTWARE\\SecuROM\\Keys\\"""
"01473c6c",44,"""[HKEY_LOCAL_MACHINE\\SOFTWARE\\SecuROM\\Keys\\"""
"01473c98",44,"""[HKEY_LOCAL_MACHINE\\SOFTWARE\\SecuROM\\Keys\\"""
"01473ed0",8,"""%s %s"""
"01473f48",12,""" %s (%s)\n"""
"014740a8",8,"""FAILED!"""
"01474440",12,"""%s\\Drivers"""
"01474478",12,"""%s\\iosubsys"""
"014744fc",28,"""\\VarFileInfo\\Translation"""
"01474524",20,"""\\StringFileInfo\\"""
"01474538",20,"""\\FileDescription"""
"01474550",16,"""\\FileVersion"""
"0147465c",16,"""Kernel32.dll"""
"0147466c",28,"""CreateToolhelp32Snapshot"""
"01474688",16,"""Process32First"""
"01474698",16,"""Process32Next"""
"014746a8",16,"""Module32First"""
"014746b8",16,"""Module32Next"""
"014746c8",16,"""Thread32First"""
"014746d8",16,"""Thread32Next"""
"014746ec",20,"""vector<T> too long"""
"014747a8",12,"""DisplayName"""
"014747b4",16,"""DisplayVersion"""
"014747c4",8,"""%s (%s)"""
"014747d4",20,"""Config Manager\\Enum"""
"014747e8",12,"""HardWareKey"""
"01474804",8,"""Class"""
"01474814",32,"""CurrentDriveLetterAssignment"""
"01474834",12,"""ProductId"""
"01474840",16,"""Manufacturer"""
"01474850",16,"""RevisionLevel"""
"01474a20",16,"""CcdAccessAspi()"""
"01474b00",8,"""EMPTY"""
"01474b08",32,"""%s(..) returned error %d - %s"""
"01474b28",16,"""unknown (%d)"""
"01474b38",16,"""DeviceIoControl"""
"01474b48",16,"""DeviceIoControl"""
"01474b68",16,"""wnaspi32.dll"""
"01474b78",20,"""SendASPI32Command"""
"01474b8c",16,"""wnaspi32.dll"""
"01474b9c",24,"""GetASPI32SupportInfo"""
"01474bb4",8,"""success"""
"01474bbc",8,"""failed"""
"01474bc4",28,"""failed to load WNASPI32.DLL"""
"01474be0",40,"""failed to get ASPI function addresses"""
"01474c08",24,"""no ASPI devices found"""
"01474c20",12,"""failed init"""
"01474c2c",24,"""command unsuccessful"""
"01474c44",20,"""old ASPI manager"""
"01474c58",28,"""no ASPI manager resident"""
"01474c74",28,"""mismatched ASPI components"""
"01474c90",12,"""no adapters"""
"01474c9c",20,"""bad ASPI install"""
"01474cb0",16,"""unknown (%d)"""
"01474cc4",12,"""NO_SENSE"""
"01474cd0",16,"""RECOVERED_ERROR"""
"01474ce0",12,"""NOTREADY"""
"01474cec",16,"""MEDIUM_ERROR"""
"01474cfc",16,"""HARDWARE_ERROR"""
"01474d0c",16,"""ILLEGAL_REQUEST"""
"01474d1c",16,"""UNIT_ATTENTION"""
"01474d2c",16,"""DATA_PROTECT"""
"01474d3c",12,"""BLANK_CHECK"""
"01474d48",16,"""VENDOR_SPECIFIC"""
"01474d58",16,"""COPY_ABORTED"""
"01474d68",16,"""ABORTED_COMMAND"""
"01474d78",8,"""EQUAL"""
"01474d80",16,"""VOLUME_OVERFLOW"""
"01474d90",12,"""MISCOMPARE"""
"01474d9c",16,"""UNKNOWN (%02X)"""
"01474dac",288,"""Valid %d\nError code 0x%02X\nSegment number %d\nSense key %s\nIncorrect length indicator %d\nEnd of medium %d\nFilemark %d\nInformation %s\nAdditional sense length %d\nCommand specific information %s\nAdditional sense code 0x%02X\nAdditional sense code qualifier 0x%02X\n\nSense data (%d byte):\n%s\n"""
"01474ed4",20,"""0123456789ABCDEF"""
"01474ee8",16,"""IsWow64Process"""
"01474ef8",16,"""Kernel32.dll"""
"014753a0",12,"""USER32.dll"""
"014753ac",12,"""MessageBoxA"""
"014753b8",12,"""USER32.dll"""
"014753c4",16,"""KERNEL32.dll"""
"014753d4",12,"""GetVersion"""
"014753e0",16,"""KERNEL32.dll"""
"014753f0",16,"""KERNEL32.dll"""
"01475400",16,"""GetVersionExA"""
"01475410",16,"""KERNEL32.dll"""
"01475420",16,"""KERNEL32.dll"""
"01475430",12,"""CreateFileA"""
"0147543c",16,"""KERNEL32.dll"""
"0147544c",16,"""KERNEL32.dll"""
"0147545c",12,"""CloseHandle"""
"01475468",16,"""KERNEL32.dll"""
"01475478",16,"""KERNEL32.dll"""
"01475488",12,"""WriteFile"""
"01475494",16,"""KERNEL32.dll"""
"014754a4",16,"""KERNEL32.dll"""
"014754b4",12,"""ReadFile"""
"014754c0",16,"""KERNEL32.dll"""
"014754d0",16,"""KERNEL32.dll"""
"014754e0",16,"""SetFilePointer"""
"014754f0",16,"""KERNEL32.dll"""
"01475500",16,"""KERNEL32.dll"""
"01475510",20,"""CreateFileMappingA"""
"01475524",16,"""KERNEL32.dll"""
"01475534",16,"""KERNEL32.dll"""
"01475544",16,"""MapViewOfFile"""
"01475554",16,"""KERNEL32.dll"""
"01475564",16,"""KERNEL32.dll"""
"01475574",16,"""UnmapViewOfFile"""
"01475584",16,"""KERNEL32.dll"""
"01475594",16,"""KERNEL32.dll"""
"014755a4",16,"""CreateProcessA"""
"014755b4",16,"""KERNEL32.dll"""
"014755c4",16,"""KERNEL32.dll"""
"014755d4",16,"""GetTempPathA"""
"014755e4",16,"""KERNEL32.dll"""
"014755f4",16,"""KERNEL32.dll"""
"01475610",16,"""KERNEL32.dll"""
"01475620",16,"""KERNEL32.dll"""
"01475630",20,"""GetCurrentProcessId"""
"01475644",16,"""KERNEL32.dll"""
"01475654",16,"""KERNEL32.dll"""
"01475664",20,"""GetCurrentProcess"""
"01475678",16,"""KERNEL32.dll"""
"01475688",16,"""KERNEL32.dll"""
"01475698",16,"""LoadLibraryA"""
"014756a8",16,"""KERNEL32.dll"""
"014756b8",16,"""KERNEL32.dll"""
"014756c8",16,"""GetProcAddress"""
"014756d8",16,"""KERNEL32.dll"""
"014756e8",16,"""KERNEL32.dll"""
"014756f8",12,"""FreeLibrary"""
"01475704",16,"""KERNEL32.dll"""
"01475714",16,"""KERNEL32.dll"""
"01475724",20,"""GetCurrentThread"""
"01475738",16,"""KERNEL32.dll"""
"01475748",16,"""KERNEL32.dll"""
"01475758",16,"""GetLastError"""
"01475768",16,"""KERNEL32.dll"""
"01475778",16,"""KERNEL32.dll"""
"01475788",24,"""GetWindowsDirectoryA"""
"014757a0",16,"""KERNEL32.dll"""
"014757b0",16,"""KERNEL32.dll"""
"014757c0",20,"""GetSystemDirectoryA"""
"014757d4",16,"""KERNEL32.dll"""
"014757e4",16,"""KERNEL32.dll"""
"014757f4",16,"""GetStdHandle"""
"01475804",16,"""KERNEL32.dll"""
"01475814",16,"""KERNEL32.dll"""
"01475824",20,"""GetCurrentThreadId"""
"01475838",16,"""KERNEL32.dll"""
"01475848",16,"""KERNEL32.dll"""
"01475858",16,"""CreateMutexA"""
"01475868",16,"""KERNEL32.dll"""
"01475878",16,"""KERNEL32.dll"""
"01475888",16,"""ReleaseMutex"""
"01475898",16,"""KERNEL32.dll"""
"014758a8",16,"""KERNEL32.dll"""
"014758b8",16,"""CreateEventA"""
"014758c8",16,"""KERNEL32.dll"""
"014758d8",16,"""KERNEL32.dll"""
"014758e8",12,"""SetEvent"""
"014758f4",16,"""KERNEL32.dll"""
"01475904",16,"""KERNEL32.dll"""
"01475914",12,"""ResetEvent"""
"01475920",16,"""KERNEL32.dll"""
"01475930",16,"""KERNEL32.dll"""
"01475940",20,"""WaitForSingleObject"""
"01475954",16,"""KERNEL32.dll"""
"01475964",16,"""KERNEL32.dll"""
"01475974",24,"""WaitForMultipleObjects"""
"0147598c",16,"""KERNEL32.dll"""
"0147599c",16,"""KERNEL32.dll"""
"014759ac",16,"""CreateThread"""
"014759bc",16,"""KERNEL32.dll"""
"014759cc",16,"""KERNEL32.dll"""
"014759dc",16,"""SuspendThread"""
"014759ec",16,"""KERNEL32.dll"""
"014759fc",16,"""KERNEL32.dll"""
"01475a0c",16,"""ResumeThread"""
"01475a1c",16,"""KERNEL32.dll"""
"01475a2c",16,"""KERNEL32.dll"""
"01475a3c",12,"""DeleteFileA"""
"01475a48",16,"""KERNEL32.dll"""
"01475a58",16,"""KERNEL32.dll"""
"01475a68",16,"""VirtualProtect"""
"01475a78",16,"""KERNEL32.dll"""
"01475a88",16,"""KERNEL32.dll"""
"01475a98",20,"""GetModuleHandleA"""
"01475aac",16,"""KERNEL32.dll"""
"01475abc",16,"""KERNEL32.dll"""
"01475acc",20,"""GetModuleFileNameA"""
"01475ae0",16,"""KERNEL32.dll"""
"01475af0",16,"""KERNEL32.dll"""
"01475b00",12,"""GetFileSize"""
"01475b0c",16,"""KERNEL32.dll"""
"01475b1c",16,"""KERNEL32.dll"""
"01475b2c",24,"""GetCurrentDirectoryA"""
"01475b44",16,"""KERNEL32.dll"""
"01475b54",16,"""KERNEL32.dll"""
"01475b64",24,"""SetCurrentDirectoryA"""
"01475b7c",16,"""KERNEL32.dll"""
"01475b8c",16,"""KERNEL32.dll"""
"01475b9c",20,"""CreateDirectoryA"""
"01475bb0",16,"""KERNEL32.dll"""
"01475bc0",16,"""KERNEL32.dll"""
"01475bd0",24,"""GetFileAttributesExA"""
"01475be8",16,"""KERNEL32.dll"""
"01475bf8",16,"""KERNEL32.dll"""
"01475c08",16,"""GetSystemTime"""
"01475c18",16,"""KERNEL32.dll"""
"01475c28",16,"""KERNEL32.dll"""
"01475c38",24,"""FileTimeToSystemTime"""
"01475c50",16,"""KERNEL32.dll"""
"01475c60",16,"""KERNEL32.dll"""
"01475c70",16,"""VirtualAlloc"""
"01475c80",16,"""KERNEL32.dll"""
"01475c90",16,"""KERNEL32.dll"""
"01475ca0",12,"""VirtualFree"""
"01475cac",16,"""KERNEL32.dll"""
"01475cbc",16,"""KERNEL32.dll"""
"01475ccc",16,"""FindFirstFileA"""
"01475cdc",16,"""KERNEL32.dll"""
"01475cec",16,"""KERNEL32.dll"""
"01475cfc",16,"""FindNextFileA"""
"01475d0c",16,"""KERNEL32.dll"""
"01475d1c",16,"""KERNEL32.dll"""
"01475d2c",16,"""GetLocalTime"""
"01475d3c",16,"""KERNEL32.dll"""
"01475d4c",16,"""KERNEL32.dll"""
"01475d5c",16,"""GetTickCount"""
"01475d6c",16,"""KERNEL32.dll"""
"01475d7c",16,"""KERNEL32.dll"""
"01475d8c",20,"""GetExitCodeThread"""
"01475da0",16,"""KERNEL32.dll"""
"01475db0",16,"""KERNEL32.dll"""
"01475dc0",20,"""IsDebuggerPresent"""
"01475dd4",16,"""KERNEL32.dll"""
"01475de4",16,"""KERNEL32.dll"""
"01475df4",20,"""GetComputerNameA"""
"01475e08",16,"""KERNEL32.dll"""
"01475e18",16,"""KERNEL32.dll"""
"01475e28",12,"""OpenEventA"""
"01475e34",16,"""KERNEL32.dll"""
"01475e44",12,"""SHLWAPI.dll"""
"01475e50",12,"""StrCatBuffA"""
"01475e5c",12,"""SHLWAPI.dll"""
"01475e68",12,"""USER32.dll"""
"01475e74",12,"""wsprintfA"""
"01475e80",12,"""USER32.dll"""
"01475e8c",12,"""USER32.dll"""
"01475e98",12,"""wvsprintfA"""
"01475ea4",12,"""USER32.dll"""
"01475eb0",12,"""USER32.dll"""
"01475ebc",20,"""GetAsyncKeyState"""
"01475ed0",12,"""USER32.dll"""
"01475edc",16,"""ADVAPI32.dll"""
"01475eec",16,"""RegOpenKeyExA"""
"01475efc",16,"""ADVAPI32.dll"""
"01475f0c",16,"""ADVAPI32.dll"""
"01475f1c",20,"""RegQueryValueExA"""
"01475f30",16,"""ADVAPI32.dll"""
"01475f40",16,"""ADVAPI32.dll"""
"01475f50",12,"""RegCloseKey"""
"01475f5c",16,"""ADVAPI32.dll"""
"01475f6c",16,"""ADVAPI32.dll"""
"01475f7c",16,"""OpenThreadToken"""
"01475f8c",16,"""ADVAPI32.dll"""
"01475f9c",16,"""ADVAPI32.dll"""
"01475fac",20,"""OpenProcessToken"""
"01475fc0",16,"""ADVAPI32.dll"""
"01475fd0",16,"""ADVAPI32.dll"""
"01475fe0",20,"""GetTokenInformation"""
"01475ff4",16,"""ADVAPI32.dll"""
"01476004",16,"""ADVAPI32.dll"""
"01476014",28,"""AllocateAndInitializeSid"""
"01476030",16,"""ADVAPI32.dll"""
"01476040",16,"""ADVAPI32.dll"""
"01476050",12,"""EqualSid"""
"0147605c",16,"""ADVAPI32.dll"""
"0147606c",16,"""ADVAPI32.dll"""
"0147607c",8,"""FreeSid"""
"01476084",16,"""ADVAPI32.dll"""
"01476094",16,"""ADVAPI32.dll"""
"014760a4",12,"""RegOpenKeyA"""
"014760b0",16,"""ADVAPI32.dll"""
"014760c0",16,"""ADVAPI32.dll"""
"014760d0",16,"""RegQueryValueA"""
"014760e0",16,"""ADVAPI32.dll"""
"014760f0",16,"""ADVAPI32.dll"""
"01476100",16,"""RegCreateKeyA"""
"01476110",16,"""ADVAPI32.dll"""
"01476120",16,"""ADVAPI32.dll"""
"01476130",16,"""RegSetValueExA"""
"01476140",16,"""ADVAPI32.dll"""
"01476150",16,"""ADVAPI32.dll"""
"01476160",16,"""RegDeleteValueA"""
"01476170",16,"""ADVAPI32.dll"""
"01476180",16,"""ADVAPI32.dll"""
"01476190",24,"""ConvertSidToStringSidW"""
"014761a8",16,"""ADVAPI32.dll"""
"014761b8",12,"""SHELL32.dll"""
"014761c4",24,"""SHGetSpecialFolderPathA"""
"014761dc",12,"""SHELL32.dll"""
"014761e8",12,"""SHELL32.dll"""
"014761f4",20,"""SHGetFolderPathA"""
"01476208",12,"""SHELL32.dll"""
"0147732c",8,"""%s: %s\n"""
"01477338",8,"""%s: %s\n"""
"01477340",20,"""0123456789abcdef"""
"01477354",20,"""0123456789ABCDEF"""
"0147736c",24,"""no table, unknown (%d)"""
"01477384",16,"""unknown (%d)"""
"01477394",16,"""%s\\drivers\\%s"""
"014773a4",16,"""%s\\IOSUBSYS\\%s"""
"014773b4",12,"""%s %d %c"""
"014773c0",12,"""Debug Info"""
"014773cc",16,"""%s\\drivers\\%s"""
"014773dc",16,"""%s\\IOSUBSYS\\%s"""
"014773ec",12,"""Len: %d\n"""
"0147759c",12,"""HardWareKey"""
"0147775c",12,"""SCSIADAPTER"""
"0147795c",24,"""invalid string position"""
"01477974",16,"""string too long"""
"01477990",16,"""bad allocation"""
"014779dc",20,"""Unknown exception"""
"01477a28",16,"""CorExitProcess"""
"01477a38",12,"""mscoree.dll"""
"01478068",16,"""runtime error """
"0147807c",16,"""TLOSS error\r\n"""
"0147808c",16,"""SING error\r\n"""
"0147809c",16,"""DOMAIN error\r\n"""
"014780ac",164,"""R6029\r\n- This application cannot run using the active version of the Microsoft .NET Runtime\nPlease contact the application's support team for more information.\r\n"""
"01478150",40,"""R6028\r\n- unable to initialize heap\r\n"""
"01478178",56,"""R6027\r\n- not enough space for lowio initialization\r\n"""
"014781b0",56,"""R6026\r\n- not enough space for stdio initialization\r\n"""
"014781e8",40,"""R6025\r\n- pure virtual function call\r\n"""
"01478210",56,"""R6024\r\n- not enough space for _onexit/atexit table\r\n"""
"01478248",44,"""R6019\r\n- unable to open console device\r\n"""
"01478274",36,"""R6018\r\n- unexpected heap error\r\n"""
"01478298",48,"""R6017\r\n- unexpected multithread lock error\r\n"""
"014782c8",44,"""R6016\r\n- not enough space for thread data\r\n"""
"014782f4",152,"""\r\nThis application has requested the Runtime to terminate it in an unusual way.\nPlease contact the application's support team for more information.\r\n"""
"0147838c",44,"""R6009\r\n- not enough space for environment\r\n"""
"014783b8",44,"""R6008\r\n- not enough space for arguments\r\n"""
"014783e4",40,"""R6002\r\n- floating point not loaded\r\n"""
"0147840c",40,"""Microsoft Visual C++ Runtime Library"""
"01478438",28,"""Runtime Error!\n\nProgram: """
"01478458",24,"""<program name unknown>"""
"014784ba",30,"""GAIsProcessorFeaturePresent"""
"014784d8",12,"""KERNEL32"""
"01478500",24,"""SunMonTueWedThuFriSat"""
"01478518",40,"""JanFebMarAprMayJunJulAugSepOctNovDec"""
"01478544",12,"""Program: """
"01478554",160,"""A buffer overrun has been detected which has corrupted the program's\ninternal state.  The program cannot safely continue execution and must\nnow be terminated.\n"""
"014785f4",28,"""Buffer overrun detected!"""
"01478614",180,"""A security error of unknown cause has been detected which has\ncorrupted the program's internal state.  The program cannot safely\ncontinue execution and must now be terminated.\n"""
"014786c8",36,"""Unknown security failure detected!"""
"014786f8",24,"""GetProcessWindowStation"""
"01478710",28,"""GetUserObjectInformationA"""
"0147872c",20,"""GetLastActivePopup"""
"01478740",16,"""GetActiveWindow"""
"01478750",12,"""MessageBoxA"""
"0147875c",12,"""user32.dll"""
"014796e6",15,"""GetWindowTextA"""
"014796f8",12,"""EnumWindows"""
"01479706",12,"""MessageBoxA"""
"01479714",12,"""ShowWindow"""
"01479722",20,"""SetForegroundWindow"""
"01479738",20,"""GetWindowPlacement"""
"0147974e",14,"""PostMessageA"""
"0147975e",18,"""EnumThreadWindows"""
"01479770",12,"""USER32.dll"""
"0147977e",18,"""VerQueryValueA"""
"01479790",20,"""GetFileVersionInfoA"""
"014797a6",24,"""GetFileVersionInfoSizeA"""
"014797be",12,"""VERSION.dll"""
"014797cc",12,"""RegCloseKey"""
"014797da",14,"""RegEnumValueA"""
"014797ea",14,"""RegOpenKeyExA"""
"014797fa",18,"""RegQueryInfoKeyA"""
"0147980e",18,"""RegQueryValueExA"""
"01479822",14,"""RegEnumKeyExA"""
"01479832",10,"""EqualSid"""
"0147983e",26,"""AllocateAndInitializeSid"""
"0147985a",20,"""GetTokenInformation"""
"01479870",17,"""OpenProcessToken"""
"01479884",16,"""OpenThreadToken"""
"01479894",13,"""ADVAPI32.dll"""
"014798a4",12,"""CloseHandle"""
"014798b2",10,"""WriteFile"""
"014798be",14,"""GetLastError"""
"014798ce",20,"""WideCharToMultiByte"""
"014798e4",9,"""ReadFile"""
"014798f0",12,"""CreateFileA"""
"014798fe",22,"""FileTimeToSystemTime"""
"01479916",24,"""FileTimeToLocalFileTime"""
"01479930",20,"""GlobalMemoryStatus"""
"01479946",12,"""GetFileSize"""
"01479954",16,"""FindFirstFileA"""
"01479966",16,"""GetProcessTimes"""
"01479978",12,"""OpenProcess"""
"01479986",20,"""GetCurrentProcessId"""
"0147999c",20,"""GetSystemDirectoryA"""
"014799b2",18,"""GetCurrentProcess"""
"014799c6",18,"""GetCurrentThread"""
"014799da",15,"""GetProcAddress"""
"014799ec",13,"""LoadLibraryA"""
"014799fc",12,"""FreeLibrary"""
"01479a0a",14,"""GetTickCount"""
"01479a1a",20,"""WaitForSingleObject"""
"01479a30",13,"""ReleaseMutex"""
"01479a40",14,"""MapViewOfFile"""
"01479a50",20,"""CreateFileMappingA"""
"01479a66",14,"""CreateMutexA"""
"01479a76",18,"""CreateSemaphoreA"""
"01479a8a",14,"""GetDriveTypeA"""
"01479a9a",18,"""GetLogicalDrives"""
"01479aae",22,"""GetVolumeInformationA"""
"01479ac6",16,"""DeviceIoControl"""
"01479ad8",13,"""CreateEventA"""
"01479ae8",17,"""GetModuleHandleA"""
"01479afc",14,"""GetVersionExA"""
"01479b0c",16,"""VirtualProtect"""
"01479b1e",10,"""FindClose"""
"01479b2a",16,"""UnmapViewOfFile"""
"01479b3c",13,"""SetLastError"""
"01479b4c",10,"""RtlUnwind"""
"01479b58",14,"""FindNextFileA"""
"01479b68",16,"""RaiseException"""
"01479b7a",16,"""GetStartupInfoA"""
"01479b8c",16,"""GetCommandLineA"""
"01479b9e",10,"""HeapAlloc"""
"01479baa",24,"""GetSystemTimeAsFileTime"""
"01479bc4",9,"""HeapFree"""
"01479bd0",12,"""ExitProcess"""
"01479bde",18,"""TerminateProcess"""
"01479bf2",14,"""LCMapStringA"""
"01479c02",20,"""MultiByteToWideChar"""
"01479c18",13,"""LCMapStringW"""
"01479c28",16,"""SetHandleCount"""
"01479c3a",14,"""GetStdHandle"""
"01479c4a",12,"""GetFileType"""
"01479c58",16,"""SetFilePointer"""
"01479c6a",14,"""VirtualAlloc"""
"01479c7a",14,"""GetSystemInfo"""
"01479c8a",14,"""VirtualQuery"""
"01479c9a",28,"""SetUnhandledExceptionFilter"""
"01479cb8",20,"""GetModuleFileNameA"""
"01479cce",26,"""UnhandledExceptionFilter"""
"01479cea",24,"""FreeEnvironmentStringsA"""
"01479d04",22,"""GetEnvironmentStrings"""
"01479d1c",24,"""FreeEnvironmentStringsW"""
"01479d36",23,"""GetEnvironmentStringsW"""
"01479d50",12,"""HeapDestroy"""
"01479d5e",11,"""HeapCreate"""
"01479d6c",12,"""VirtualFree"""
"01479d7a",12,"""HeapReAlloc"""
"01479d88",14,"""IsBadWritePtr"""
"01479d98",17,"""FlushFileBuffers"""
"01479dac",20,"""InterlockedExchange"""
"01479dc2",10,"""HeapSize"""
"01479dce",14,"""SetStdHandle"""
"01479dde",15,"""GetLocaleInfoA"""
"01479df0",10,"""GetCPInfo"""
"01479dfc",16,"""GetStringTypeA"""
"01479e0e",15,"""GetStringTypeW"""
"01479e20",13,"""IsBadReadPtr"""
"01479e30",13,"""IsBadCodePtr"""
"01479e40",24,"""GetTimeZoneInformation"""
"01479e5a",24,"""QueryPerformanceCounter"""
"01479e74",20,"""GetCurrentThreadId"""
"01479e94",9,"""GetOEMCP"""
"01479ea0",13,"""SetEndOfFile"""
"01479eb0",16,"""CompareStringA"""
"01479ec2",15,"""CompareStringW"""
"01479ed4",24,"""SetEnvironmentVariableA"""
"01479eec",13,"""KERNEL32.dll"""
"01479efc",12,"""RegEnumKeyA"""
"01479f0a",14,"""RegOpenKeyA"""
"0147a94c",12,"""SecData1"""
"0147a98c",12,"""SecData2"""
"0147a9cc",8,"""BinData"""
"0147aa14",16,""".?AVexception@@"""
"0147aa2c",24,""".?AVlogic_error@std@@"""
"0147aa4c",24,""".?AVlength_error@std@@"""
"0147b7bc",48,"""\n The implementation of rngs.c is correct.\n\n"""
"0147b7ee",58,""" ERROR -- the implementation of rngs.c is not correct.\n\n"""
"0147b848",20,"""des(%s,%s,%s,%s)"""
"0147b91c",12,"""logging.txt"""
"0147bd24",24,""".?AVout_of_range@std@@"""
"0147bd44",20,""".?AVbad_alloc@std@@"""
"0147bd78",16,""".?AVtype_info@@"""
"0147c962",34,"u""VS_VERSION_INFO"""
"0147c9be",30,"u""StringFileInfo"""
"0147c9fa",18,"u""Comments"""
"0147ca0c",52,"u""SecuROM Launch Analysis."""
"0147ca46",26,"u""CompanyName"""
"0147ca60",44,"u""Sony DADC Austria AG."""
"0147ca92",34,"u""FileDescription"""
"0147cab4",52,"u""SecuROM Launch Analysis."""
"0147caee",26,"u""FileVersion"""
"0147cb1e",30,"u""LegalCopyright"""
"0147cb3c",88,"u""Copyright (C) 2004/05 Sony DADC Austria AG"""
"0147cb9a",34,"u""OriginalFilename"""
"0147cbbc",24,"u""SecuExp.exe"""
"0147cbda",26,"u""VarFileInfo"""
"0147cbfa",26,"u""Translation"""
"01480981",47,"""!This program cannot be run in DOS mode.\r\r\n$"""
"01480b24",8,""".edata"""
"01480b9b",9,"""B.reloc"""
"01480bd4",44,"u""\\Device\\sony_ssm.sys"""
"01480c02",50,"u""\\DosDevices\\sony_ssm.sys"""
"01481c8e",14,"""dont panic"""
"01481cdc",16,"""sony_ssm.sys"""
"01481d7e",22,"""RtlInitUnicodeString"""
"01481d96",15,"""IoCreateDevice"""
"01481da8",21,"""IoCreateSymbolicLink"""
"01481dc0",16,"""IoDeleteDevice"""
"01481dd2",19,"""IofCompleteRequest"""
"01481de8",17,"""MmIsAddressValid"""
"01481dfc",21,"""IoDeleteSymbolicLink"""
"01481e14",32,"""PsSetCreateProcessNotifyRoutine"""
"01481e36",27,"""KeI386AllocateGdtSelectors"""
"01481e54",21,"""KeI386SetGdtSelector"""
"01481e6c",26,"""KeI386ReleaseGdtSelectors"""
"01481e86",14,"""NTOSKRNL.EXE"""
"01481efa",34,"u""VS_VERSION_INFO"""
"01481f56",30,"u""StringFileInfo"""
"01481f92",18,"u""Comments"""
"01481fa4",52,"u""SecuROM Security Module."""
"01481fde",26,"u""CompanyName"""
"01481ff8",44,"u""Sony DADC Austria AG."""
"0148202a",34,"u""FileDescription"""
"0148204c",52,"u""SecuROM Security Module."""
"01482086",26,"u""FileVersion"""
"014820b6",30,"u""LegalCopyright"""
"014820d4",88,"u""Copyright (C) 2004/05 Sony DADC Austria AG"""
"01482132",34,"u""OriginalFilename"""
"01482154",28,"u""sony_ssm.sys"""
"01482176",26,"u""VarFileInfo"""
"01482196",26,"u""Translation"""
"014822b1",47,"""!This program cannot be run in DOS mode.\r\r\n$"""
"0148241d",11,"""SONY_SSM"""
"01483360",9,"""sony_ssm"""
"014836c1",23,"""VxD sony_ssm (VtoolsD)"""
"014836f5",16,"""VS_VERSION_INFO"""
"0148373d",15,"""StringFileInfo"""
"01483761",15,"""ProductVersion"""
"01483771",15,"""Version 1.00"""
"01483785",12,"""ProductName"""
"01483791",27,"""SecuROM Security Module."""
"014837b1",19,"""OriginalFilename"""
"014837d9",15,"""LegalCopyright"""
"014837e9",43,"""Copyright (C) 2004/05 Sony DADC Austria AG"""
"01483819",15,"""InternalName"""
"01483829",8,"""DEVNAME"""
"01483835",12,"""FileVersion"""
"01483841",15,"""Version 1.00"""
"01483855",16,"""FileDescription"""
"01483865",27,"""SecuROM Security Module."""
"01483885",12,"""CompanyName"""
"01483891",23,"""Sony DADC Austria AG."""
"014838ad",12,"""VarFileInfo"""
"014838bd",12,"""Translation"""
"01483979",47,"""!This program cannot be run in DOS mode.\r\r\n$"""
"01483b5b",9,"""`.rdata"""
"01483bd3",9,"""@.reloc"""
"01494b1c",12,"""ForceRemove"""
"01494b2c",12,"""NoRemove"""
"01494b3c",8,"""Delete"""
"01494b48",8,"""AppID"""
"01494b50",8,"""CLSID"""
"01494b58",24,"""Component Categories"""
"01494b70",12,"""FileType"""
"01494b7c",12,"""Interface"""
"01494b88",12,"""Hardware"""
"01494ba0",12,"""SECURITY"""
"01494bac",8,"""SYSTEM"""
"01494bb4",12,"""Software"""
"01494bc0",8,"""TypeLib"""
"01494bec",48,"""exefile\\shellex\\ContextMenuHandlers\\CmdLineExt\\"""
"01494c1c",40,"""exefile\\shellex\\ContextMenuHandlers\\"""
"01494c44",12,"""CmdLineExt"""
"01494c90",20,"u""REGISTRY"""
"01494ca4",24,"u""Module_Raw"""
"01494cbc",16,"u""Module"""
"01494cf0",20,"""HKEY_CURRENT_CONFIG"""
"01494d04",16,"""HKEY_DYN_DATA"""
"01494d14",24,"""HKEY_PERFORMANCE_DATA"""
"01494d2c",12,"""HKEY_USERS"""
"01494d38",20,"""HKEY_LOCAL_MACHINE"""
"01494d4c",20,"""HKEY_CURRENT_USER"""
"01494d60",20,"""HKEY_CLASSES_ROOT"""
"01494e2b",25,"""F\\Implemented Categories"""
"01494e44",24,"""\\Required Categories"""
"01495008",12,"u""APPID"""
"01495040",12,"""ForceRemove"""
"01495050",12,"""NoRemove"""
"01495060",8,"""Delete"""
"0149506c",8,"""AppID"""
"01495074",8,"""CLSID"""
"0149507c",24,"""Component Categories"""
"01495094",12,"""FileType"""
"014950a0",12,"""Interface"""
"014950ac",12,"""Hardware"""
"014950c4",12,"""SECURITY"""
"014950d0",8,"""SYSTEM"""
"014950d8",12,"""Software"""
"014950e4",8,"""TypeLib"""
"01495104",20,"""&Launch Analysis"""
"01495118",12,"""/SecuExp"""
"01495124",44,"u""Starts the analysis."""
"01495150",24,"""Starts the analysis."""
"01495194",12,"""ForceRemove"""
"014951a4",12,"""NoRemove"""
"014951b4",8,"""Delete"""
"014951c0",8,"""AppID"""
"014951c8",8,"""CLSID"""
"014951d0",24,"""Component Categories"""
"014951e8",12,"""FileType"""
"014951f4",12,"""Interface"""
"01495200",12,"""Hardware"""
"01495218",12,"""SECURITY"""
"01495224",8,"""SYSTEM"""
"0149522c",12,"""Software"""
"01495238",8,"""TypeLib"""
"014952a8",24,"""invalid string position"""
"014952c0",16,"""string too long"""
"014952dc",16,"""bad allocation"""
"0149533c",20,"""Unknown exception"""
"01495370",16,"""CorExitProcess"""
"01495380",12,"""mscoree.dll"""
"014953f8",16,"""runtime error """
"0149540c",16,"""TLOSS error\r\n"""
"0149541c",16,"""SING error\r\n"""
"0149542c",16,"""DOMAIN error\r\n"""
"0149543c",164,"""R6029\r\n- This application cannot run using the active version of the Microsoft .NET Runtime\nPlease contact the application's support team for more information.\r\n"""
"014954e0",40,"""R6028\r\n- unable to initialize heap\r\n"""
"01495508",56,"""R6027\r\n- not enough space for lowio initialization\r\n"""
"01495540",56,"""R6026\r\n- not enough space for stdio initialization\r\n"""
"01495578",40,"""R6025\r\n- pure virtual function call\r\n"""
"014955a0",56,"""R6024\r\n- not enough space for _onexit/atexit table\r\n"""
"014955d8",44,"""R6019\r\n- unable to open console device\r\n"""
"01495604",36,"""R6018\r\n- unexpected heap error\r\n"""
"01495628",48,"""R6017\r\n- unexpected multithread lock error\r\n"""
"01495658",44,"""R6016\r\n- not enough space for thread data\r\n"""
"01495684",152,"""\r\nThis application has requested the Runtime to terminate it in an unusual way.\nPlease contact the application's support team for more information.\r\n"""
"0149571c",44,"""R6009\r\n- not enough space for environment\r\n"""
"01495748",44,"""R6008\r\n- not enough space for arguments\r\n"""
"01495774",40,"""R6002\r\n- floating point not loaded\r\n"""
"0149579c",40,"""Microsoft Visual C++ Runtime Library"""
"014957c8",28,"""Runtime Error!\n\nProgram: """
"014957e8",24,"""<program name unknown>"""
"01495878",12,"""Program: """
"01495884",160,"""A buffer overrun has been detected which has corrupted the program's\ninternal state.  The program cannot safely continue execution and must\nnow be terminated.\n"""
"01495924",28,"""Buffer overrun detected!"""
"01495944",180,"""A security error of unknown cause has been detected which has\ncorrupted the program's internal state.  The program cannot safely\ncontinue execution and must now be terminated.\n"""
"014959f8",36,"""Unknown security failure detected!"""
"01495a28",24,"""GetProcessWindowStation"""
"01495a40",28,"""GetUserObjectInformationA"""
"01495a5c",20,"""GetLastActivePopup"""
"01495a70",16,"""GetActiveWindow"""
"01495a80",12,"""MessageBoxA"""
"01495a8c",12,"""user32.dll"""
"01496bb2",14,"""RegDeleteKeyA"""
"01496bc2",16,"""RegDeleteValueA"""
"01496bd4",12,"""RegCloseKey"""
"01496be2",16,"""RegCreateKeyExA"""
"01496bf4",14,"""RegOpenKeyExA"""
"01496c04",14,"""RegEnumKeyExA"""
"01496c14",16,"""RegSetValueExA"""
"01496c26",18,"""RegQueryInfoKeyA"""
"01496c38",13,"""ADVAPI32.dll"""
"01496c48",14,"""GetVersionExA"""
"01496c58",20,"""InterlockedExchange"""
"01496c78",16,"""GetLocaleInfoA"""
"01496c8a",16,"""GetThreadLocale"""
"01496c9c",17,"""GetModuleHandleA"""
"01496cb0",9,"""lstrlenA"""
"01496cbc",20,"""GetModuleFileNameA"""
"01496cd2",20,"""MultiByteToWideChar"""
"01496ce8",9,"""lstrlenW"""
"01496cf4",13,"""GetLastError"""
"01496d04",20,"""WideCharToMultiByte"""
"01496d1a",12,"""FreeLibrary"""
"01496d28",16,"""SizeofResource"""
"01496d3a",14,"""LoadResource"""
"01496d4a",14,"""FindResourceA"""
"01496d5a",15,"""LoadLibraryExA"""
"01496d6c",10,"""lstrcmpiA"""
"01496d78",10,"""lstrcpynA"""
"01496d84",16,"""IsDBCSLeadByte"""
"01496d96",26,"""DisableThreadLibraryCalls"""
"01496db2",22,"""DeleteCriticalSection"""
"01496dca",15,"""RaiseException"""
"01496ddc",9,"""lstrcatA"""
"01496df4",26,"""InitializeCriticalSection"""
"01496e10",21,"""EnterCriticalSection"""
"01496e28",21,"""LeaveCriticalSection"""
"01496e40",21,"""InterlockedIncrement"""
"01496e58",21,"""InterlockedDecrement"""
"01496e70",12,"""CloseHandle"""
"01496e7e",10,"""ReadFile"""
"01496e8a",15,"""SetFilePointer"""
"01496e9c",12,"""CreateFileA"""
"01496ea8",13,"""KERNEL32.dll"""
"01496eb8",10,"""CharNextA"""
"01496ec4",12,"""InsertMenuA"""
"01496ed0",12,"""USER32.dll"""
"01496ede",14,"""ShellExecuteA"""
"01496eee",15,"""DragQueryFileA"""
"01496efe",12,"""SHELL32.dll"""
"01496f0c",14,"""CoTaskMemFree"""
"01496f1c",16,"""CoTaskMemAlloc"""
"01496f2e",18,"""CoTaskMemRealloc"""
"01496f42",16,"""StringFromGUID2"""
"01496f54",17,"""CoCreateInstance"""
"01496f68",17,"""ReleaseStgMedium"""
"01496f7a",10,"""ole32.dll"""
"01496f84",13,"""OLEAUT32.dll"""
"01496f94",20,"""PathFindExtensionA"""
"01496fa8",12,"""SHLWAPI.dll"""
"01496fbe",18,"""GetCurrentProcess"""
"01496fd2",15,"""VirtualProtect"""
"01496fe4",13,"""VirtualAlloc"""
"01496ff4",14,"""GetSystemInfo"""
"01497004",13,"""VirtualQuery"""
"01497014",10,"""RtlUnwind"""
"01497020",10,"""HeapAlloc"""
"0149702c",9,"""HeapFree"""
"01497038",12,"""HeapReAlloc"""
"01497046",16,"""GetCommandLineA"""
"01497058",12,"""ExitProcess"""
"01497066",15,"""GetProcAddress"""
"01497078",17,"""TerminateProcess"""
"0149708c",12,"""HeapDestroy"""
"0149709a",11,"""HeapCreate"""
"014970a8",12,"""VirtualFree"""
"014970b6",14,"""IsBadWritePtr"""
"014970c6",28,"""SetUnhandledExceptionFilter"""
"014970e4",9,"""HeapSize"""
"014970f0",16,"""SetHandleCount"""
"01497102",14,"""GetStdHandle"""
"01497112",12,"""GetFileType"""
"01497120",16,"""GetStartupInfoA"""
"01497132",24,"""FreeEnvironmentStringsA"""
"0149714c",22,"""GetEnvironmentStrings"""
"01497164",24,"""FreeEnvironmentStringsW"""
"0149717e",23,"""GetEnvironmentStringsW"""
"01497198",25,"""UnhandledExceptionFilter"""
"014971b4",10,"""WriteFile"""
"014971c0",24,"""QueryPerformanceCounter"""
"014971da",14,"""GetTickCount"""
"014971ea",19,"""GetCurrentThreadId"""
"01497200",20,"""GetCurrentProcessId"""
"01497216",24,"""GetSystemTimeAsFileTime"""
"01497230",13,"""IsBadReadPtr"""
"01497240",13,"""IsBadCodePtr"""
"01497250",9,"""GetOEMCP"""
"0149725c",10,"""GetCPInfo"""
"01497268",13,"""LoadLibraryA"""
"01497278",13,"""SetStdHandle"""
"01497288",17,"""FlushFileBuffers"""
"0149729c",13,"""LCMapStringA"""
"014972ac",13,"""LCMapStringW"""
"014972bc",16,"""GetStringTypeA"""
"014972ce",15,"""GetStringTypeW"""
"014972e0",16,"""SetEndOfFile"""
"0149734c",15,"""CmdLineExt.DLL"""
"0149735b",16,"""DllCanUnloadNow"""
"0149736b",18,"""DllGetClassObject"""
"0149737d",18,"""DllRegisterServer"""
"0149738f",21,"""DllUnregisterServer"""
"014979d0",24,""".?AVCAtlException@ATL@@"""
"01497a04",16,""".?AVexception@@"""
"01497a1c",24,""".?AVlogic_error@std@@"""
"01497a3c",24,""".?AVlength_error@std@@"""
"01497a5c",24,""".?AVout_of_range@std@@"""
"01497a7c",20,""".?AVbad_alloc@std@@"""
"01497ab4",16,""".?AVtype_info@@"""
"01498a28",16,"u""TYPELIB"""
"01498a3c",692,"""HKCR\r\n{\r\n\tCmdLineExt.CmdLineContextMenu.1 = s 'CmdLineContextMenu Class'\r\n\t{\r\n\t\tCLSID = s '{9869EFB4-18E9-11D3-A837-00104B9E30B5}'\r\n\t}\r\n\tCmdLineExt.CmdLineContextMenu = s 'CmdLineContextMenu Class'\r\n\t{\r\n\t\tCLSID = s '{9869EFB4-18E9-11D3-A837-00104B9E30B5}'\r\n\t\tCurVer = s 'CmdLineExt.CmdLineContextMenu.1'\r\n\t}\r\n\tNoRemove CLSID\r\n\t{\r\n\t\tForceRemove {9869EFB4-18E9-11D3-A837-00104B9E30B5} = s 'CmdLineContextMenu Class'\r\n\t\t{\r\n\t\t\tProgID = s 'CmdLineExt.CmdLineContextMenu.1'\r\n\t\t\tVersionIndependentProgID = s 'CmdLineExt.CmdLineContextMenu'\r\n\t\t\tInprocServer32 = s '%MODULE%'\r\n\t\t\t{\r\n\t\t\t\tval ThreadingModel = s 'Apartment'\r\n\t\t\t}\r\n\t\t\t'TypeLib' = s '{9869EFA6-18E9-11D3-A837-00104B9E30B5}'\r\n\t\t}\r\n\t}\r\n}\r\n"""
"0149920c",20,"""CMDLINEEXTLibWWW"""
"014992fa",34,"u""VS_VERSION_INFO"""
"01499356",30,"u""StringFileInfo"""
"01499392",18,"u""Comments"""
"014993a4",72,"u""SecuROM Context-Menu for Explorer."""
"014993f2",26,"u""CompanyName"""
"0149940c",44,"u""Sony DADC Austria AG."""
"0149943e",34,"u""FileDescription"""
"01499460",72,"u""SecuROM Context-Menu for Explorer."""
"014994ae",26,"u""FileVersion"""
"014994e2",30,"u""LegalCopyright"""
"01499500",88,"u""Copyright (C) 2004/05 Sony DADC Austria AG"""
"0149955e",34,"u""OriginalFilename"""
"01499580",32,"u""CmdLineExt.dll"""
"014995a6",30,"u""ProductVersion"""
"014995d2",34,"u""OLESelfRegister"""
"014995fa",26,"u""VarFileInfo"""
"0149961a",26,"u""Translation"""
"0149b990",20,"""des(%s,%s,%s,%s)"""
"0149cce7",21,"""?- Too high Stddev\n"""
"0149ccfc",28,"""- Too much smooth runaways\n"""
"0149cd18",27,"""- Too much heavy runaways\n"""
"0149cd34",19,"""- Curve too steep\n"""
"0149cd48",46,"""- Drive SHOULD be able to do noise signature\n"""
"0149cd78",66,"""- Drive SHOULD be able to do secunda signature with noise values\n"""
"0149cdc0",241,"""70010F87842300FAE9AE7AE2F5F94519ABD94C15894299F82DA5{%f}893435CDF059C15C{%f}95E3D72F35A8FF674ABA1A353DA4B81DE23A44D707FC2AAD{%f}893435CDF059C15C{%f}2E97CF4B3D8D0CB6BEBECA444B9F2989B27DCACB3A090C72{%f}893435CDF059C15C{%f}213DF16E7FA72ED7{%s}"""
"0149ceb8",293,"""70010F87842300FAE9AE7AE2F5F94519ABD94C15894299F82DA5{%f}893435CDF059C15C{%f}95E3D72F35A8FF674ABA1A353DA4B81DE23A44D707FC2AAD{%f}893435CDF059C15C{%f}2E97CF4B3D8D0CB6BEBECA444B9F2989B27DCACB3A090C72{%f}893435CDF059C15C{%f}606336CEE54B34A227824A2BBDE0D162775DB6B4E1DA8028{%f}7EEFE950C9D841AA{%s}"""
"0149cfe0",16,"""Windows 2000"""
"0149cff0",12,"""Windows XP"""
"0149cffc",16,"""Windows NT 4.0"""
"0149d00c",16,"""Windows NT 3.51"""
"0149d01c",12,"""Windows 95"""
"0149d028",12,"""Windows 98"""
"0149d034",12,"""Windows ME"""
"0149d040",24,"""Win32s with Windows 3.1"""
"0149d058",8,"""unknown"""
"0149d488",48,"""\n The implementation of rngs.c is correct.\n\n"""
"0149d4ba",58,""" ERROR -- the implementation of rngs.c is not correct.\n\n"""
"0149d50c",12,"""ACONanih$"""
"014a0889",47,"""!This program cannot be run in DOS mode.\r\r\n$"""
"014a0a4b",9,"""`.rdata"""
"014b69d4",12,"""UserAccess7"""
"014b69e0",12,"""UserAccess7"""
"014b69ec",16,"""%s error: %d"""
"014b69fc",20,"""SetServiceStatus"""
"014b6a10",12,"""%s (0x%x)"""
"014b6a1c",12,"""UserAccess7"""
"014b6a28",32,"""Failed to process request pipe."""
"014b6a48",36,"""SecuROM User Access Service (V7)"""
"014b6a6c",28,"""Unable to install %s - %s\n"""
"014b6a88",36,"""SecuROM User Access Service (V7)"""
"014b6aac",12,"""UserAccess7"""
"014b6ab8",36,"""SecuROM User Access Service (V7)"""
"014b6adc",16,"""%s installed.\n"""
"014b6aec",28,"""CreateService failed - %s\n"""
"014b6b08",28,"""OpenSCManager failed - %s\n"""
"014b6b24",12,"""UserAccess7"""
"014b6b30",36,"""SecuROM User Access Service (V7)"""
"014b6b54",16,"""Stopping %s."""
"014b6b68",36,"""SecuROM User Access Service (V7)"""
"014b6b8c",16,"""\n%s stopped.\n"""
"014b6b9c",36,"""SecuROM User Access Service (V7)"""
"014b6bc0",24,"""\n%s failed to stop.\n"""
"014b6bd8",36,"""SecuROM User Access Service (V7)"""
"014b6bfc",16,"""%s removed.\n"""
"014b6c0c",28,"""DeleteService failed - %s\n"""
"014b6c28",28,"""OpenService failed - %s\n"""
"014b6c44",28,"""OpenSCManager failed - %s\n"""
"014b6c60",12,"""UserAccess7"""
"014b6c6c",8,"""install"""
"014b6c74",24,"""installing service...\n"""
"014b6c8c",8,"""remove"""
"014b6c94",12,"""UserAccess7"""
"014b6ca0",36,"""%s: invalid parameter '%s', exit.\n"""
"014b6cc4",36,"""SecuROM User Access Service (V7)"""
"014b6cf0",12,"""UserAccess7"""
"014b6cfc",48,"""%s -install          to install the service\n"""
"014b6d2c",12,"""UserAccess7"""
"014b6d38",44,"""%s -remove           to remove the service\n"""
"014b6d64",48,"""\n\nstarting service (may take some seconds)..."""
"014b6d94",40,"""StartServiceCtrlDispatcher() succeeded."""
"014b6dbc",40,"""StartServiceCtrlDispatcher() failed."""
"014b6de4",24,"""\\\\.\\pipe\\UserAccess7Req"""
"014b6dfc",32,"""\\\\.\\pipe\\UserAccess7Reply-%08x"""
"014b6e6c",20,"""vector<T> too long"""
"014b7fbc",16,"""SETUPAPI.DLL"""
"014b7fcc",24,"""SetupDiGetClassDevsA"""
"014b7fe4",32,"""SetupDiDestroyDeviceInfoList"""
"014b8004",24,"""SetupDiEnumDeviceInfo"""
"014b801c",36,"""SetupDiGetDeviceRegistryPropertyA"""
"014b8040",20,"""SetupDiRemoveDevice"""
"014b805c",36,"""SYSTEM\\CurrentControlSet\\Services\\"""
"014b8080",12,"""ImagePath"""
"014b8090",12,"""drivers\\"""
"014b80a4",16,"""CorExitProcess"""
"014b80b4",12,"""mscoree.dll"""
"014b80fc",20,"""Unknown exception"""
"014b81b0",16,"""runtime error """
"014b81c4",16,"""TLOSS error\r\n"""
"014b81d4",16,"""SING error\r\n"""
"014b81e4",16,"""DOMAIN error\r\n"""
"014b81f4",164,"""R6029\r\n- This application cannot run using the active version of the Microsoft .NET Runtime\nPlease contact the application's support team for more information.\r\n"""
"014b8298",40,"""R6028\r\n- unable to initialize heap\r\n"""
"014b82c0",56,"""R6027\r\n- not enough space for lowio initialization\r\n"""
"014b82f8",56,"""R6026\r\n- not enough space for stdio initialization\r\n"""
"014b8330",40,"""R6025\r\n- pure virtual function call\r\n"""
"014b8358",56,"""R6024\r\n- not enough space for _onexit/atexit table\r\n"""
"014b8390",44,"""R6019\r\n- unable to open console device\r\n"""
"014b83bc",36,"""R6018\r\n- unexpected heap error\r\n"""
"014b83e0",48,"""R6017\r\n- unexpected multithread lock error\r\n"""
"014b8410",44,"""R6016\r\n- not enough space for thread data\r\n"""
"014b843c",152,"""\r\nThis application has requested the Runtime to terminate it in an unusual way.\nPlease contact the application's support team for more information.\r\n"""
"014b84d4",44,"""R6009\r\n- not enough space for environment\r\n"""
"014b8500",44,"""R6008\r\n- not enough space for arguments\r\n"""
"014b852c",40,"""R6002\r\n- floating point not loaded\r\n"""
"014b8554",40,"""Microsoft Visual C++ Runtime Library"""
"014b8580",28,"""Runtime Error!\n\nProgram: """
"014b85a0",24,"""<program name unknown>"""
"014b8b68",24,"""GetProcessWindowStation"""
"014b8b80",28,"""GetUserObjectInformationA"""
"014b8b9c",20,"""GetLastActivePopup"""
"014b8bb0",16,"""GetActiveWindow"""
"014b8bc0",12,"""MessageBoxA"""
"014b8bcc",12,"""user32.dll"""
"014b8bd8",12,"""Program: """
"014b8be4",160,"""A buffer overrun has been detected which has corrupted the program's\ninternal state.  The program cannot safely continue execution and must\nnow be terminated.\n"""
"014b8c84",28,"""Buffer overrun detected!"""
"014b8ca4",180,"""A security error of unknown cause has been detected which has\ncorrupted the program's internal state.  The program cannot safely\ncontinue execution and must now be terminated.\n"""
"014b8d58",36,"""Unknown security failure detected!"""
"014b8dcc",24,"""invalid string position"""
"014b8de4",16,"""string too long"""
"014b9496",28,"""StartServiceCtrlDispatcherA"""
"014b94b4",22,"""AdjustTokenPrivileges"""
"014b94cc",20,"""GetTokenInformation"""
"014b94e2",18,"""OpenProcessToken"""
"014b94f6",22,"""DeregisterEventSource"""
"014b950e",14,"""ReportEventA"""
"014b951e",22,"""RegisterEventSourceA"""
"014b9536",28,"""RegisterServiceCtrlHandlerA"""
"014b9554",17,"""SetServiceStatus"""
"014b9568",20,"""CloseServiceHandle"""
"014b957e",15,"""CreateServiceA"""
"014b9590",16,"""OpenSCManagerA"""
"014b95a2",14,"""DeleteService"""
"014b95b2",19,"""QueryServiceStatus"""
"014b95c8",16,"""ControlService"""
"014b95da",14,"""OpenServiceA"""
"014b95ea",26,"""SetSecurityDescriptorDacl"""
"014b9606",30,"""InitializeSecurityDescriptor"""
"014b9624",13,"""ADVAPI32.dll"""
"014b9634",12,"""CloseHandle"""
"014b9642",18,"""GetCurrentProcess"""
"014b9656",14,"""GetLastError"""
"014b9666",19,"""GetModuleFileNameA"""
"014b967c",10,"""LocalFree"""
"014b9688",9,"""lstrlenA"""
"014b9694",16,"""FormatMessageA"""
"014b96ae",14,"""CreateEventA"""
"014b96be",10,"""SetEvent"""
"014b96ca",14,"""CreateThread"""
"014b96da",23,"""WaitForMultipleObjects"""
"014b96f4",17,"""ConnectNamedPipe"""
"014b9708",12,"""ResetEvent"""
"014b9716",18,"""CreateNamedPipeA"""
"014b972a",20,"""DisconnectNamedPipe"""
"014b9740",17,"""FlushFileBuffers"""
"014b9754",10,"""WriteFile"""
"014b9760",20,"""GetOverlappedResult"""
"014b9776",10,"""ReadFile"""
"014b9782",12,"""FreeLibrary"""
"014b9790",16,"""GetProcAddress"""
"014b97a2",14,"""LoadLibraryA"""
"014b97b2",18,"""GetExitCodeThread"""
"014b97c6",20,"""WaitForSingleObject"""
"014b97dc",24,"""SetNamedPipeHandleState"""
"014b97f6",15,"""WaitNamedPipeA"""
"014b9808",12,"""CreateFileA"""
"014b9816",24,"""QueryPerformanceCounter"""
"014b9830",12,"""DeleteFileA"""
"014b983e",20,"""GetSystemDirectoryA"""
"014b9854",12,"""ExitProcess"""
"014b9862",18,"""GetModuleHandleA"""
"014b9876",18,"""TerminateProcess"""
"014b988a",10,"""HeapFree"""
"014b9896",10,"""HeapAlloc"""
"014b98a2",16,"""GetCommandLineA"""
"014b98b4",14,"""GetVersionExA"""
"014b98c4",10,"""RtlUnwind"""
"014b98d0",16,"""RaiseException"""
"014b98e2",12,"""HeapDestroy"""
"014b98f0",12,"""HeapCreate"""
"014b98fe",12,"""VirtualFree"""
"014b990c",13,"""VirtualAlloc"""
"014b991c",12,"""HeapReAlloc"""
"014b992a",14,"""IsBadWritePtr"""
"014b993a",14,"""GetStdHandle"""
"014b994a",26,"""UnhandledExceptionFilter"""
"014b9966",24,"""FreeEnvironmentStringsA"""
"014b9980",22,"""GetEnvironmentStrings"""
"014b9998",24,"""FreeEnvironmentStringsW"""
"014b99b2",20,"""WideCharToMultiByte"""
"014b99c8",24,"""GetEnvironmentStringsW"""
"014b99e2",15,"""SetHandleCount"""
"014b99f4",12,"""GetFileType"""
"014b9a02",16,"""GetStartupInfoA"""
"014b9a14",28,"""SetUnhandledExceptionFilter"""
"014b9a32",10,"""HeapSize"""
"014b9a3e",14,"""LCMapStringA"""
"014b9a4e",20,"""MultiByteToWideChar"""
"014b9a64",13,"""LCMapStringW"""
"014b9a74",16,"""SetFilePointer"""
"014b9a90",9,"""GetOEMCP"""
"014b9a9c",10,"""GetCPInfo"""
"014b9aa8",20,"""InterlockedExchange"""
"014b9abe",14,"""VirtualQuery"""
"014b9ace",14,"""IsBadReadPtr"""
"014b9ade",14,"""IsBadCodePtr"""
"014b9aee",14,"""GetTickCount"""
"014b9afe",19,"""GetCurrentThreadId"""
"014b9b14",20,"""GetCurrentProcessId"""
"014b9b2a",24,"""GetSystemTimeAsFileTime"""
"014b9b44",16,"""GetLocaleInfoA"""
"014b9b56",15,"""VirtualProtect"""
"014b9b68",14,"""GetSystemInfo"""
"014b9b78",16,"""GetStringTypeA"""
"014b9b8a",15,"""GetStringTypeW"""
"014b9b9c",13,"""SetStdHandle"""
"014b9baa",14,"""KERNEL32.dll"""
"014b9bba",14,"""StartServiceA"""
"014b9bca",18,"""RegQueryValueExA"""
"014b9bde",14,"""RegOpenKeyExA"""
"014bc3d4",16,""".?AVexception@@"""
"014bc3ec",24,""".?AVlogic_error@std@@"""
"014bc40c",24,""".?AVlength_error@std@@"""
"014bc444",20,"""des(%s,%s,%s,%s)"""
"014bc548",16,""".?AVtype_info@@"""
"014bcbc4",24,""".?AVout_of_range@std@@"""
"014bd8a2",34,"u""VS_VERSION_INFO"""
"014bd8fe",30,"u""StringFileInfo"""
"014bd93a",18,"u""Comments"""
"014bd94c",68,"u""SecuROM User Access Service (V7)."""
"014bd996",26,"u""CompanyName"""
"014bd9b0",44,"u""Sony DADC Austria AG."""
"014bd9e2",34,"u""FileDescription"""
"014bda04",68,"u""SecuROM User Access Service (V7)."""
"014bda4e",26,"u""FileVersion"""
"014bda7e",30,"u""LegalCopyright"""
"014bda9c",88,"u""Copyright (C) 2004/05 Sony DADC Austria AG"""
"014bdafa",34,"u""OriginalFilename"""
"014bdb1c",32,"u""UAService7.exe"""
"014bdb42",26,"u""VarFileInfo"""
"014bdb62",26,"u""Translation"""
"014be8a4",24,"""Config Manager\\Enum\\"""
"014be8c1",12,"""HardwareKey"""
"014be8cd",6,"""Class"""
"014be8d3",7,"""Driver"""
"014be8da",29,"""CurrentDriveLetterAssignment"""
"014be8f7",11,"""DeviceType"""
"014be902",11,"""DeviceDesc"""
"014be90d",7,"""Parent"""
"014be914",13,"""ProviderName"""
"014be921",43,"""System\\CurrentControlSet\\Services\\Class\\%s"""
"014be955",10,"""IDEMaster"""
"014be95f",11,"""PortDriver"""
"014be96a",37,"""Hardware\\DeviceMap\\Scsi\\Scsi Port %d"""
"014be98f",44,"""Scsi Bus %d\\Target Id %d\\Logical Unit Id %d"""
"014be9bb",45,"""System\\CurrentControlSet\\Services\\Cdrom\\Enum"""
"014be9e8",6,"""Count"""
"014be9f5",15,"""\\DosDevices\\E:"""
"014bea04",8,"""Service"""
"014bea0c",11,"""DeviceName"""
"014bea17",7,"""Driver"""
"014bea1e",11,"""Identifier"""
"014bea29",10,"""ImagePath"""
"014bea33",37,"""System\\CurrentControlSet\\Services\\%s"""
"014bea58",10,"""ntdll.dll"""
"014bea62",25,"""NtQuerySystemInformation"""
"014bea7b",26,"""NtQueryInformationProcess"""
"014bea9d",76,"""System\\CurrentControlSet\\Control\\CriticalDeviceDatabase\\primary_ide_channel"""
"014beae9",10,"""ClassGUID"""
"014beaf3",42,"""System\\CurrentControlSet\\Control\\Class\\%s"""
"014beb1d",13,"""Manufacturer"""
"014beb2a",10,"""ProductId"""
"014beb34",16,"""RevisionLevel"""
"014beb46",65,"""System\\CurrentControlSet\\Control\\CriticalDeviceDatabase\\Gencdrom"""
"014beb87",42,"""System\\CurrentControlSet\\Control\\Class\\%s"""
"014bebb1",13,"""LowerFilters"""
"014bebbe",13,"""UpperFilters"""
"014bebcb",42,"""System\\CurrentControlSet\\Services\\%s\\Enum"""
"014bebf5",30,"""System\\CurrentControlSet\\Enum"""
"014bec13",6,"""%s\\%s"""
"014bec23",11,"""HardwareID"""
"014bec2e",15,"""\\DosDevices\\?:"""
"014bec3d",22,"""System\\MountedDevices"""
"014bec53",47,"""System\\CurrentControlSet\\Control\\DeviceClasses"""
"014bec82",15,"""DeviceInstance"""
"014bec91",31,"""System\\CurrentControlSet\\Enum\\"""
"014becb0",11,"""HardwareID"""
"014becbb",15,"""\\DosDevices\\D:"""
"014becca",22,"""System\\MountedDevices"""
"014bece0",47,"""System\\CurrentControlSet\\Control\\DeviceClasses"""
"014bed0f",15,"""DeviceInstance"""
"014bed1e",31,"""System\\CurrentControlSet\\Enum\\"""
"014bed89",7,"""llydbg"""
"014bed90",11,"""tidawindow"""
"014bed9f",27,"""[cpu - main thread, module"""
"014bedba",45,"""monitor - sysinternals: www.sysinternals.com"""
"014bede7",30,"""kakeeware application monitor"""
"014bee09",9,"""18467-41"""
"014bee12",11,"""\\\\.\\regmon"""
"014bee1d",12,"""\\\\.\\filemon"""
"014bee2a",10,"""\\\\.\\ntice"""
"014bee3e",8,"""OLLYDBG"""
"014bee46",14,"""TIdaWindow"""
"014beee4",56,"""This program must be run under Microsoft Windows.\r\n$"""
"014befc2",14,"""\tPID16.DLL"""
"014bfadb",7,"""KERNEL"""
"014bfae2",12,"""FREELIBRARY"""
"014bfaf0",44,"""Borland C++ - Copyright 1995 Borland Intl."""
"014bfc29",47,"""!This program cannot be run in DOS mode.\r\r\n$"""
"014bfde3",9,"""`.rdata"""
"014bfe34",8,""".reloc"""
"014c5ccc",24,"""__GLOBAL_HEAP_SELECTED"""
"014c5ce4",24,"""__MSVCRT_HEAP_SELECT"""
"014c5cfc",16,"""runtime error """
"014c5d10",16,"""TLOSS error\r\n"""
"014c5d20",16,"""SING error\r\n"""
"014c5d30",16,"""DOMAIN error\r\n"""
"014c5d40",40,"""R6028\r\n- unable to initialize heap\r\n"""
"014c5d68",56,"""R6027\r\n- not enough space for lowio initialization\r\n"""
"014c5da0",56,"""R6026\r\n- not enough space for stdio initialization\r\n"""
"014c5dd8",40,"""R6025\r\n- pure virtual function call\r\n"""
"014c5e00",56,"""R6024\r\n- not enough space for _onexit/atexit table\r\n"""
"014c5e38",44,"""R6019\r\n- unable to open console device\r\n"""
"014c5e64",36,"""R6018\r\n- unexpected heap error\r\n"""
"014c5e88",48,"""R6017\r\n- unexpected multithread lock error\r\n"""
"014c5eb8",44,"""R6016\r\n- not enough space for thread data\r\n"""
"014c5ee4",36,"""\r\nabnormal program termination\r\n"""
"014c5f08",44,"""R6009\r\n- not enough space for environment\r\n"""
"014c5f34",44,"""R6008\r\n- not enough space for arguments\r\n"""
"014c5f60",40,"""R6002\r\n- floating point not loaded\r\n"""
"014c5f88",40,"""Microsoft Visual C++ Runtime Library"""
"014c5fb4",28,"""Runtime Error!\n\nProgram: """
"014c5fd4",24,"""<program name unknown>"""
"014c6034",20,"""GetLastActivePopup"""
"014c6048",16,"""GetActiveWindow"""
"014c6058",12,"""MessageBoxA"""
"014c6064",12,"""user32.dll"""
"014c60a8",20,"""dddd, MMMM dd, yyyy"""
"014c60cc",12,"""December"""
"014c60d8",12,"""November"""
"014c60e4",8,"""October"""
"014c60ec",12,"""September"""
"014c60f8",8,"""August"""
"014c6110",8,"""April"""
"014c6118",8,"""March"""
"014c6120",12,"""February"""
"014c612c",8,"""January"""
"014c6164",12,"""Saturday"""
"014c6170",8,"""Friday"""
"014c6178",12,"""Thursday"""
"014c6184",12,"""Wednesday"""
"014c6190",8,"""Tuesday"""
"014c6198",8,"""Monday"""
"014c61a0",8,"""Sunday"""
"014c61c4",24,"""SunMonTueWedThuFriSat"""
"014c61dc",40,"""JanFebMarAprMayJunJulAugSepOctNovDec"""
"014c6342",15,"""GetProcAddress"""
"014c6354",17,"""GetModuleHandleA"""
"014c6368",14,"""GetDriveTypeA"""
"014c6376",14,"""KERNEL32.dll"""
"014c6386",18,"""WOWGetVDMPointer"""
"014c6398",10,"""WOW32.dll"""
"014c63a4",16,"""GetCommandLineA"""
"014c63b6",11,"""GetVersion"""
"014c63c4",12,"""ExitProcess"""
"014c63d2",18,"""TerminateProcess"""
"014c63e6",18,"""GetCurrentProcess"""
"014c63fa",19,"""GetCurrentThreadId"""
"014c6410",12,"""TlsSetValue"""
"014c641e",10,"""TlsAlloc"""
"014c6434",13,"""SetLastError"""
"014c6444",12,"""TlsGetValue"""
"014c6452",14,"""GetLastError"""
"014c6462",15,"""SetHandleCount"""
"014c6474",13,"""GetStdHandle"""
"014c6484",12,"""GetFileType"""
"014c6492",16,"""GetStartupInfoA"""
"014c64a4",22,"""DeleteCriticalSection"""
"014c64bc",20,"""GetModuleFileNameA"""
"014c64d2",24,"""FreeEnvironmentStringsA"""
"014c64ec",24,"""FreeEnvironmentStringsW"""
"014c6506",20,"""WideCharToMultiByte"""
"014c651c",22,"""GetEnvironmentStrings"""
"014c6534",24,"""GetEnvironmentStringsW"""
"014c654e",24,"""GetEnvironmentVariableA"""
"014c6568",14,"""GetVersionExA"""
"014c6578",12,"""HeapDestroy"""
"014c6586",11,"""HeapCreate"""
"014c6594",12,"""VirtualFree"""
"014c65a2",10,"""HeapFree"""
"014c65ae",10,"""WriteFile"""
"014c65ba",26,"""InitializeCriticalSection"""
"014c65d6",22,"""EnterCriticalSection"""
"014c65ee",22,"""LeaveCriticalSection"""
"014c6606",10,"""HeapAlloc"""
"014c6612",10,"""GetCPInfo"""
"014c6628",9,"""GetOEMCP"""
"014c6634",13,"""VirtualAlloc"""
"014c6644",12,"""HeapReAlloc"""
"014c6652",14,"""LoadLibraryA"""
"014c6662",10,"""RtlUnwind"""
"014c666e",20,"""MultiByteToWideChar"""
"014c6684",13,"""LCMapStringA"""
"014c6694",13,"""LCMapStringW"""
"014c66a4",16,"""GetStringTypeA"""
"014c66b6",15,"""GetStringTypeW"""
"014c66c8",21,"""InterlockedDecrement"""
"014c66e0",24,"""InterlockedIncrement"""
"014c674c",10,"""PID32.DLL"""
"014c6756",10,"""L16getacc"""
"014c6768",10,"""L16putacc"""
"014c6772",10,"""L16unload"""
"014c6c0c",12,"""QT_Thunk"""
"014c6c18",12,"""Kernel32"""
"014c6c24",8,"""PutACC"""
"014c6c2c",8,"""GetACC"""
"014c6c34",12,"""pid16.dll"""
"014caca8",16,""".?AVtype_info@@"""
"0150dd50",44,"""dd++eeffgghhiiiiiiiiiiiiYYiiiiXXYYhh\\\\\\\\jj"""
"015260c6",6,"""WSeME"""
"01534e1c",32,"u""\\Registry\\User\\"""
"01534e3c",16,"u""SecuRom"""
"01534e4c",82,"u""!CAUTION! NEVER DELETE OR CHANGE ANY KEY"""
"01534ea4",20,"u""\\SOFTWARE"""
"01535c18",24,""".?AVCWinApiException@@"""
"01535c30",40,"""Assertion failed: %s, file %s, line %d\n"""
"01535dc0",51,"""_hread(%d) hook: new pos %d, old pos %d, length %d"""
"01535df4",14,"""wrapper_hooks"""
"01535e0c",15,"""_hread(%d): %s"""
"01535e1c",14,"""wrapper_hooks"""
"01535e2c",35,"""_hread(%d) failed: pos %d, size %d"""
"01535e50",14,"""wrapper_hooks"""
"01535e60",20,"""_hwrite_hook() hook"""
"01535e74",16,"""wrapper_hooks"""
"01535e84",45,"""_lclose() hook on interesting file, hFile %d"""
"01535eb4",14,"""wrapper_hooks"""
"01535ec4",44,"""_lopen() hook on interesting file, hFile %d"""
"01535ef0",14,"""wrapper_hooks"""
"01535f00",45,"""_lcreat() hook on interesting file, hFile %d"""
"01535f30",14,"""wrapper_hooks"""
"01535f40",66,"""_llseek_hook(%d) hook, offset %d, type %d; pos new %d, pos old %d"""
"01535f84",14,"""wrapper_hooks"""
"01535f94",51,"""_lread(%d) hook: new pos %d, old pos %d, length %d"""
"01535fc8",14,"""wrapper_hooks"""
"01535fe0",15,"""_lread(%d): %s"""
"01535ff0",14,"""wrapper_hooks"""
"01536000",35,"""_lread(%d) failed: pos %d, size %d"""
"01536024",14,"""wrapper_hooks"""
"01536034",24,"""_lwrite_hook(%d) hook"""
"0153604c",16,"""wrapper_hooks"""
"0153605c",46,"""OpenFile() hook on interesting file, hFile %d"""
"0153608c",16,"""OpenFile_hook()"""
"0153609c",47,"""GetFileSize(%d) hook: new size %d, old size %d"""
"015360cc",14,"""wrapper_hooks"""
"015360dc",23,"""GetFileSizeEx(%d) hook"""
"015360f4",14,"""wrapper_hooks"""
"01536108",68,"""SetFilePointer(%d) hook, offset %d, type %d; pos new %d, pos old %d"""
"0153614c",14,"""wrapper_hooks"""
"0153615c",26,"""SetFilePointerEx(%d) hook"""
"01536178",14,"""wrapper_hooks"""
"01536188",22,"""SetEndOfFile(%d) hook"""
"015361a0",14,"""wrapper_hooks"""
"015361b0",36,"""GetFileInformationByHandle(%d) hook"""
"015361d4",14,"""wrapper_hooks"""
"015361e4",43,"""CreateFileA() hook on interesting file: %d"""
"01536210",14,"""wrapper_hooks"""
"01536220",43,"""CreateFileW() hook on interesting file: %d"""
"0153624c",14,"""wrapper_hooks"""
"0153625c",43,"""CloseHandle() hook on interesting file: %d"""
"01536288",14,"""wrapper_hooks"""
"01536298",53,"""ReadFile(%d) hook: replacing header, pos %d, size %d"""
"015362d0",14,"""wrapper_hooks"""
"015362e0",53,"""ReadFile(%d) hook: new pos %d, old pos %d, length %d"""
"01536318",14,"""wrapper_hooks"""
"01536330",17,"""ReadFile(%d): %s"""
"01536344",14,"""wrapper_hooks"""
"01536354",37,"""ReadFile(%d) failed: pos %d, size %d"""
"0153637c",14,"""wrapper_hooks"""
"0153638c",18,"""FindNextFileA(%d)"""
"015363a0",14,"""wrapper_hooks"""
"015363b0",18,"""FindNextFileW(%d)"""
"015363c4",14,"""wrapper_hooks"""
"015363d4",23,"""FindFirstFileA(%d): %s"""
"015363ec",14,"""wrapper_hooks"""
"015363fc",50,"""FindFirstFileA(%d) hook: new size %d, old size %d"""
"01536430",14,"""wrapper_hooks"""
"01536440",23,"""FindFirstFileW(%d): %s"""
"01536458",14,"""wrapper_hooks"""
"01536468",50,"""FindFirstFileW(%d) hook: new size %d, old size %d"""
"0153649c",14,"""wrapper_hooks"""
"015364ac",14,"""FindClose(%d)"""
"015364bc",14,"""wrapper_hooks"""
"015364cc",35,"""DuplicateHandle(%d) hook: %d -> %d"""
"015364f0",14,"""wrapper_hooks"""
"01536500",161,"""7001B7B69925565A37940C5329576FF0E576D1CC47A939AA10AA0C8EDEBBF945A463BD38D0B9D9861E92{%s}7405E7EE3B1E9E99{%s}85B97CA43EC8937939E4618464F5F035{%d}7EEFE950C9D841AA"""
"015365a4",34,"""---------------------------------"""
"015365c8",14,"""wrapper_hooks"""
"015365d8",12,"""CreateFileA"""
"015365e4",13,"""kernel32.dll"""
"015365f4",12,"""CreateFileW"""
"01536600",13,"""kernel32.dll"""
"01536610",12,"""CloseHandle"""
"0153661c",13,"""kernel32.dll"""
"0153662c",9,"""ReadFile"""
"01536638",13,"""kernel32.dll"""
"01536648",19,"""CreateFileMappingA"""
"0153665c",13,"""kernel32.dll"""
"0153666c",19,"""CreateFileMappingW"""
"01536680",13,"""kernel32.dll"""
"01536690",17,"""OpenFileMappingA"""
"015366a4",13,"""kernel32.dll"""
"015366b4",17,"""OpenFileMappingW"""
"015366c8",13,"""kernel32.dll"""
"015366d8",14,"""MapViewOfFile"""
"015366e8",13,"""kernel32.dll"""
"015366f8",16,"""MapViewOfFileEx"""
"01536708",13,"""kernel32.dll"""
"01536718",16,"""UnmapViewOfFile"""
"01536728",13,"""kernel32.dll"""
"01536738",12,"""GetFileSize"""
"01536744",13,"""kernel32.dll"""
"01536754",14,"""GetFileSizeEx"""
"01536764",13,"""kernel32.dll"""
"01536774",15,"""SetFilePointer"""
"01536784",13,"""kernel32.dll"""
"01536794",17,"""SetFilePointerEx"""
"015367a8",13,"""kernel32.dll"""
"015367b8",13,"""SetEndOfFile"""
"015367c8",13,"""kernel32.dll"""
"015367d8",27,"""GetFileInformationByHandle"""
"015367f4",13,"""kernel32.dll"""
"01536804",7,"""_hread"""
"0153680c",13,"""kernel32.dll"""
"0153681c",8,"""_lclose"""
"01536824",13,"""kernel32.dll"""
"01536834",7,"""_lopen"""
"0153683c",13,"""kernel32.dll"""
"0153684c",8,"""_lcreat"""
"01536854",13,"""kernel32.dll"""
"01536864",8,"""_llseek"""
"0153686c",13,"""kernel32.dll"""
"0153687c",7,"""_lread"""
"01536884",13,"""kernel32.dll"""
"01536894",9,"""OpenFile"""
"015368a0",13,"""kernel32.dll"""
"015368b0",10,"""FindClose"""
"015368bc",13,"""kernel32.dll"""
"015368cc",15,"""FindFirstFileA"""
"015368dc",13,"""kernel32.dll"""
"015368ec",15,"""FindFirstFileW"""
"015368fc",13,"""kernel32.dll"""
"0153690c",14,"""FindNextFileA"""
"0153691c",13,"""kernel32.dll"""
"0153692c",14,"""FindNextFileW"""
"0153693c",13,"""kernel32.dll"""
"0153694c",16,"""DuplicateHandle"""
"0153695c",13,"""kernel32.dll"""
"0153696c",13,"""LoadLibraryA"""
"0153697c",13,"""kernel32.dll"""
"0153698c",13,"""LoadLibraryW"""
"0153699c",13,"""kernel32.dll"""
"015369ac",15,"""GetProcAddress"""
"015369bc",13,"""kernel32.dll"""
"015369d0",117,"""7001B7B69925565A37940C5329576FF0E576B4CC472E39DE420340D0448229A93AC4A6E3398BAA7991D71DF82A0F7BCD9A6294710DB4ED1F7000"""
"01536a48",14,"""hooks applied"""
"01536a58",14,"""wrapper_hooks"""
"01536a68",20,"""map/set<T> too long"""
"01536a80",28,"""invalid map/set<T> iterator"""
"01536aac",8,"""%s: %s\n"""
"01536ab8",8,"""%s: %s\n"""
"01536ac0",20,"""0123456789abcdef"""
"01536ad4",20,"""0123456789ABCDEF"""
"01536aec",23,"""no table, unknown (%d)"""
"01536b04",13,"""unknown (%d)"""
"01537880",8,"""DEFAULT"""
"01537888",12,"""-maerzen"""
"01537954",8,"""false"""
"01537964",8,"""false"""
"01537974",8,"""false"""
"01537984",8,"""false"""
"01537994",8,"""false"""
"015379a4",8,"""false"""
"015379b4",8,"""false"""
"015379c4",8,"""false"""
"01537d28",8,"""false"""
"01537d38",8,"""false"""
"01537d48",8,"""false"""
"01537d58",8,"""false"""
"01537d68",8,"""false"""
"01537d78",8,"""false"""
"01537d88",8,"""false"""
"01537d98",8,"""false"""
"01537da8",8,"""false"""
"01537db8",8,"""false"""
"01537dc8",8,"""false"""
"01537dd8",8,"""false"""
"01537de8",8,"""false"""
"01537df8",8,"""false"""
"01537e08",8,"""false"""
"01537e18",8,"""false"""
"01537e28",8,"""false"""
"01537e38",8,"""false"""
"01537e48",8,"""false"""
"01537e58",8,"""false"""
"01537e68",8,"""false"""
"01537e78",8,"""false"""
"01539380",12,"""\\windows"""
"0153938c",12,"""\\Systemroot"""
"01539398",20,"""\\system32\\drivers\\"""
"015393b4",19,"""vector<T> too long"""
"0153d260",16,"""drm_dialogs.dat"""
"0153d270",16,"""drm_dialogs.dll"""
"0153d280",20,"""SecuROM Unlock Key"""
"0153d294",24,"""Invalid Key entered."""
"0153d320",16,"""Language.dat"""
"0153d3ec",11,"""%CUSTOMER%"""
"0153d3f8",12,"""%PROJECT%"""
"0153d404",7,"""%DATE%"""
"0153d40c",7,"""%DAYS%"""
"0153d414",8,"""%TIMES%"""
"0153d41c",8,"""%TIMES%"""
"0153d424",7,"""%DAYS%"""
"0153d42c",8,"""%DRIVE%"""
"0153d434",7,"""%FILE%"""
"0153d91c",6,"""false"""
"0153d92c",6,"""false"""
"0153d93c",6,"""false"""
"0153d94c",6,"""false"""
"0153d95c",6,"""false"""
"0153d96c",6,"""false"""
"0153d97c",6,"""false"""
"0153d98c",6,"""false"""
"0153d99c",6,"""false"""
"0153d9ac",6,"""false"""
"0153d9bc",6,"""false"""
"0153d9cc",6,"""false"""
"0153d9dc",6,"""false"""
"0153d9ec",6,"""false"""
"0153d9fc",6,"""false"""
"0153da08",689,"""700115400BDFB71DDB45851A02AE5EA23C608A8535F2995889FC75F7CA71E93F7D32700B58CB44CB120C03C06ED3947354B9{%s}6FFBABC11AA5589B0D8F4EA607AF0D370406051E9F88D6F8{%s}38C9E782E6C1E53EB267852FB5AAFE83B871FC40AE574322{%s}FF62B2A8F9F04C29D204B666136CDA8CC00641600F81CA36B871FC40AE574322{%s}087012D7A0862AB8F28C3323E7288CC7{%s}96D4E2791C066F0FC82EB616573612B5{%s}FEF92DE84D7B34D1{%s}E85E86C0B91C218B{%s}2444CB034F6BAE751DEEF7CBAEE31951{%s}8AE5BC5CCC3BB6E7{%s}1AB196D0CAA2F496B7B656E988BCC66BE64F02275474F18B{%s}38C9E782E6C1E53E37D13914633FC93803C06ED3947354B9{%s}1AB196D0CAA2F496922CDE83676C067735D48CD986ECB575{%s}7D149C1FD5F19AEB96F94679681A14FF{%s}13C7C187C1AC3740782493427C4E16EE8D94C499063C724B{%s}"""
"0153dcc0",257,"""700115400BDFB71DDB45F50A1700568DACDC2F5381C6870F1C80AF1056326D54F14DCB7CC1DC7AD0239C{%s}59AB89614CFE81E5C840104FD72D83EC{%c}{%c}{%c}{%c}71222D8DDA717615ED6E2E4853E09D3C{%d}575E1132DA3E0B087C8AF99B69D82123A3A15A227047710AD61AD881611F4842B871FC40AE574322{%s}"""
"0153ddc4",12,"""SecuExp.exe"""
"0153ddf0",16,"""AnalysisLog.sr0"""
"0153de04",8,"""%s \""%s\"""""
"0153de10",39,"""{6AFFED6A-A88F-42c4-89EC-62DE2A665811}"""
"0153e190",28,"""AgDhrelVasbezngvbaCebprff"""
"0153e1b8",16,"""sony_ssm.sys"""
"0153e1d8",57,"""7001F49207E8A136E60CD0599D23B6B84E1595CACB32034E1C45{%s}"""
"0153e214",6,"""%s\\%s"""
"0153e220",109,"""7001CB36E225DA646784860577934AEADD5EDC52F8F2C0AFC0B997E50AE426D9E83AB0C1145A9D62EA60{%d}7405E7EE3B1E9E99{%d}"""
"0153e290",7,"""\\\\.\\%s"""
"0153e298",197,"""7001CE7A6822870BECD67B61D517C9902EA0428003E93F930DF920A86245901ACE101AACBAD7C623E473{%d}A44F63D433417624{%02d}A44F63D433417624{%04d}67673AC3D3D83F6E{%d}A44F63D433417624{%02d}A44F63D433417624{%04d}"""
"0153e360",133,"""70010CEB2DD71D0A0C043D003C0D63FA5AA13F75012DFD528D1439B12B292A7CAD879AFAEAD051F9E9EB{%d}A44F63D433417624{%02d}A44F63D433417624{%04d}"""
"0153e3e8",177,"""7001CB36E225DA6467847024674C78201755DC52F8F2C0AFC0B997E50AE426D9E83A2D32CD952E4498955227F12258614836D664FBB1AE21971E03C06ED3947354B9{%d}7405E7EE3B1E9E99{%d}7405E7EE3B1E9E99{%d}"""
"0153e4a0",177,"""7001CB36E225DA6467847024674C78201755DC52F8F2C0AFC0B997E50AE426D9E83A58317E2A7C42843CEB9BA9F09740F9CD701F976C5334994F4A06F2B3435DBA22{%d}7405E7EE3B1E9E99{%d}7405E7EE3B1E9E99{%d}"""
"0153e620",16,"""CmdLineExt.dll"""
"0153e634",60,"""CLSID\\{9869EFB4-18E9-11D3-A837-00104B9E30B5}\\InprocServer32"""
"0153e670",18,"""DllRegisterServer"""
"0153e684",20,"""DllUnregisterServer"""
"0153e698",12,"""installed"""
"0153e6a4",8,"""updated"""
"0153e6ac",20,"""no update needed"""
"0153e6c0",8,"""error"""
"0153e6c8",28,"""retrieving version failed"""
"0153e6e4",20,"""extraction failed"""
"0153e6f8",20,"""registration failed"""
"0153e70c",7,"""\\\\.\\%s"""
"0153e714",11,"""\\\\.\\VXDLDR"""
"0153e720",7,"""\\\\.\\%s"""
"0153e73c",13,"""SETUPAPI.DLL"""
"0153e74c",21,"""SetupDiGetClassDevsA"""
"0153e764",29,"""SetupDiDestroyDeviceInfoList"""
"0153e784",22,"""SetupDiEnumDeviceInfo"""
"0153e79c",34,"""SetupDiGetDeviceRegistryPropertyA"""
"0153e7c0",20,"""SetupDiRemoveDevice"""
"0153e7dc",35,"""SYSTEM\\CurrentControlSet\\Services\\"""
"0153e800",10,"""ImagePath"""
"0153e810",9,"""drivers\\"""
"0153f92c",13,"""wnaspi32.dll"""
"0153f93c",18,"""SendASPI32Command"""
"0153f950",13,"""wnaspi32.dll"""
"0153f960",21,"""GetASPI32SupportInfo"""
"0153f978",8,"""success"""
"0153f980",7,"""failed"""
"0153f988",28,"""failed to load WNASPI32.DLL"""
"0153f9a4",38,"""failed to get ASPI function addresses"""
"0153f9cc",22,"""no ASPI devices found"""
"0153f9e4",12,"""failed init"""
"0153f9f0",21,"""command unsuccessful"""
"0153fa08",17,"""old ASPI manager"""
"0153fa1c",25,"""no ASPI manager resident"""
"0153fa38",27,"""mismatched ASPI components"""
"0153fa54",12,"""no adapters"""
"0153fa60",17,"""bad ASPI install"""
"0153fa74",13,"""unknown (%d)"""
"0153fa84",8,"""EMPTY"""
"0153fa8c",32,"""%s(..) returned error %d - %s"""
"0153faac",16,"""unknown (%d)"""
"0153fb2c",16,"""CcdAccessAspi()"""
"0153fc10",12,"""NO_SENSE"""
"0153fc1c",16,"""RECOVERED_ERROR"""
"0153fc2c",12,"""NOTREADY"""
"0153fc38",16,"""MEDIUM_ERROR"""
"0153fc48",16,"""HARDWARE_ERROR"""
"0153fc58",16,"""ILLEGAL_REQUEST"""
"0153fc68",16,"""UNIT_ATTENTION"""
"0153fc78",16,"""DATA_PROTECT"""
"0153fc88",12,"""BLANK_CHECK"""
"0153fc94",16,"""VENDOR_SPECIFIC"""
"0153fca4",16,"""COPY_ABORTED"""
"0153fcb4",16,"""ABORTED_COMMAND"""
"0153fcc4",8,"""EQUAL"""
"0153fccc",16,"""VOLUME_OVERFLOW"""
"0153fcdc",12,"""MISCOMPARE"""
"0153fce8",16,"""UNKNOWN (%02X)"""
"0153fcf8",288,"""Valid %d\nError code 0x%02X\nSegment number %d\nSense key %s\nIncorrect length indicator %d\nEnd of medium %d\nFilemark %d\nInformation %s\nAdditional sense length %d\nCommand specific information %s\nAdditional sense code 0x%02X\nAdditional sense code qualifier 0x%02X\n\nSense data (%d byte):\n%s\n"""
"0153fe18",16,"""DeviceIoControl"""
"0153fe28",16,"""DeviceIoControl"""
"0153fe38",8,"""\\\\.\\%c:"""
"0153fe50",20,"""Config Manager\\Enum"""
"0153fe64",12,"""HardWareKey"""
"0153fe70",6,"""SCSI\\"""
"0153fe78",8,"""ENUM\\%s"""
"0153fe80",6,"""Class"""
"0153fe88",6,"""CDROM"""
"0153fe90",29,"""CurrentDriveLetterAssignment"""
"0153feb0",10,"""ProductId"""
"0153febc",13,"""Manufacturer"""
"0153fecc",14,"""RevisionLevel"""
"0153ff08",16,"""%c:\\Offset.dat"""
"01542be0",413,"""7001D877EE583B01956640C155660B5DC6042DFDF4E1E25022B1B871FC40AE574322{%f}29C8E3E7D6206C84{%f}44163BC887021477FB54CE55748A841F3F0E41E152ECC1619C6F8295D930D346{%f}DACA80D3AB0A3E41{%f}1E88844EE8BDC04B76462BB7C6A3EA85{%f}1886F18D7589BFFDC9F8F77FCB74252F{%f}6EAD6D9A6EB7FEA3{%f}CE23EFC86D36C14AED7AF86082C67A2C03C06ED3947354B9{%f}6EAD6D9A6EB7FEA3{%f}892BA70B55A580D16D5A7DD9EE25F28B210692503C31F20D{%s}7EEFE950C9D841AA"""
"01543384",9,"""temp.ani"""
"01543390",6,"""%s\\%s"""
"015433a0",9,"""temp.dat"""
"015433b0",16,"""%s\\drivers\\%s"""
"015433c0",16,"""%s\\IOSUBSYS\\%s"""
"015433d0",12,"""%s %d %c"""
"015433dc",12,"""Debug Info"""
"015433e8",14,"""%s\\drivers\\%s"""
"015433f8",15,"""%s\\IOSUBSYS\\%s"""
"01543408",9,"""Len: %d\n"""
"01543464",6,"""%s\\%s"""
"0154347c",6,"""%s\\%s"""
"01543498",6,"""%s\\%s"""
"015434b0",6,"""%s\\%s"""
"015434cc",6,"""%s\\%s"""
"015434e8",6,"""%s\\%s"""
"01543504",6,"""%s\\%s"""
"01543524",6,"""%s\\%s"""
"01543540",6,"""%s\\%s"""
"01543558",6,"""%s\\%s"""
"01543574",6,"""%s\\%s"""
"01543590",6,"""%s\\%s"""
"015435b8",12,"""HardWareKey"""
"01543778",12,"""SCSIADAPTER"""
"015437e8",39,"""{4D36E97B-E325-11CE-BFC1-08002BE10318}"""
"0154393c",8,"""\\\\.\\%c:"""
"01543954",15,"""IsWow64Process"""
"01543964",13,"""Kernel32.dll"""
"01543e0c",12,"""USER32.dll"""
"01543e18",12,"""MessageBoxA"""
"01543e24",12,"""USER32.dll"""
"01543e30",16,"""KERNEL32.dll"""
"01543e40",12,"""GetVersion"""
"01543e4c",16,"""KERNEL32.dll"""
"01543e5c",16,"""KERNEL32.dll"""
"01543e6c",16,"""GetVersionExA"""
"01543e7c",16,"""KERNEL32.dll"""
"01543e8c",16,"""KERNEL32.dll"""
"01543e9c",12,"""CreateFileA"""
"01543ea8",16,"""KERNEL32.dll"""
"01543eb8",13,"""KERNEL32.dll"""
"01543ec8",12,"""CloseHandle"""
"01543ed4",13,"""KERNEL32.dll"""
"01543ee4",16,"""KERNEL32.dll"""
"01543ef4",12,"""WriteFile"""
"01543f00",16,"""KERNEL32.dll"""
"01543f10",16,"""KERNEL32.dll"""
"01543f20",12,"""ReadFile"""
"01543f2c",16,"""KERNEL32.dll"""
"01543f3c",16,"""KERNEL32.dll"""
"01543f4c",16,"""SetFilePointer"""
"01543f5c",16,"""KERNEL32.dll"""
"01543f6c",16,"""KERNEL32.dll"""
"01543f7c",20,"""CreateFileMappingA"""
"01543f90",16,"""KERNEL32.dll"""
"01543fa0",16,"""KERNEL32.dll"""
"01543fb0",16,"""MapViewOfFile"""
"01543fc0",16,"""KERNEL32.dll"""
"01543fd0",16,"""KERNEL32.dll"""
"01543fe0",16,"""UnmapViewOfFile"""
"01543ff0",16,"""KERNEL32.dll"""
"01544000",16,"""KERNEL32.dll"""
"01544010",16,"""CreateProcessA"""
"01544020",16,"""KERNEL32.dll"""
"01544030",16,"""KERNEL32.dll"""
"01544040",16,"""GetTempPathA"""
"01544050",16,"""KERNEL32.dll"""
"01544060",16,"""KERNEL32.dll"""
"0154407c",16,"""KERNEL32.dll"""
"0154408c",16,"""KERNEL32.dll"""
"0154409c",20,"""GetCurrentProcessId"""
"015440b0",16,"""KERNEL32.dll"""
"015440c0",13,"""KERNEL32.dll"""
"015440d0",18,"""GetCurrentProcess"""
"015440e4",13,"""KERNEL32.dll"""
"015440f4",13,"""KERNEL32.dll"""
"01544104",13,"""LoadLibraryA"""
"01544114",13,"""KERNEL32.dll"""
"01544124",13,"""KERNEL32.dll"""
"01544134",15,"""GetProcAddress"""
"01544144",13,"""KERNEL32.dll"""
"01544154",13,"""KERNEL32.dll"""
"01544164",12,"""FreeLibrary"""
"01544170",13,"""KERNEL32.dll"""
"01544180",16,"""KERNEL32.dll"""
"01544190",20,"""GetCurrentThread"""
"015441a4",16,"""KERNEL32.dll"""
"015441b4",16,"""KERNEL32.dll"""
"015441c4",16,"""GetLastError"""
"015441d4",16,"""KERNEL32.dll"""
"015441e4",16,"""KERNEL32.dll"""
"015441f4",24,"""GetWindowsDirectoryA"""
"0154420c",16,"""KERNEL32.dll"""
"0154421c",16,"""KERNEL32.dll"""
"0154422c",20,"""GetSystemDirectoryA"""
"01544240",16,"""KERNEL32.dll"""
"01544250",16,"""KERNEL32.dll"""
"01544260",16,"""GetStdHandle"""
"01544270",16,"""KERNEL32.dll"""
"01544280",16,"""KERNEL32.dll"""
"01544290",20,"""GetCurrentThreadId"""
"015442a4",16,"""KERNEL32.dll"""
"015442b4",16,"""KERNEL32.dll"""
"015442c4",16,"""CreateMutexA"""
"015442d4",16,"""KERNEL32.dll"""
"015442e4",13,"""KERNEL32.dll"""
"015442f4",13,"""ReleaseMutex"""
"01544304",13,"""KERNEL32.dll"""
"01544314",16,"""KERNEL32.dll"""
"01544324",16,"""CreateEventA"""
"01544334",16,"""KERNEL32.dll"""
"01544344",16,"""KERNEL32.dll"""
"01544354",12,"""SetEvent"""
"01544360",16,"""KERNEL32.dll"""
"01544370",16,"""KERNEL32.dll"""
"01544380",12,"""ResetEvent"""
"0154438c",16,"""KERNEL32.dll"""
"0154439c",16,"""KERNEL32.dll"""
"015443ac",20,"""WaitForSingleObject"""
"015443c0",16,"""KERNEL32.dll"""
"015443d0",16,"""KERNEL32.dll"""
"015443e0",24,"""WaitForMultipleObjects"""
"015443f8",16,"""KERNEL32.dll"""
"01544408",16,"""KERNEL32.dll"""
"01544418",16,"""CreateThread"""
"01544428",16,"""KERNEL32.dll"""
"01544438",16,"""KERNEL32.dll"""
"01544448",16,"""SuspendThread"""
"01544458",16,"""KERNEL32.dll"""
"01544468",16,"""KERNEL32.dll"""
"01544478",16,"""ResumeThread"""
"01544488",16,"""KERNEL32.dll"""
"01544498",13,"""KERNEL32.dll"""
"015444a8",12,"""DeleteFileA"""
"015444b4",13,"""KERNEL32.dll"""
"015444c4",13,"""KERNEL32.dll"""
"015444d4",15,"""VirtualProtect"""
"015444e4",13,"""KERNEL32.dll"""
"015444f4",13,"""KERNEL32.dll"""
"01544504",17,"""GetModuleHandleA"""
"01544518",13,"""KERNEL32.dll"""
"01544528",16,"""KERNEL32.dll"""
"01544538",20,"""GetModuleFileNameA"""
"0154454c",16,"""KERNEL32.dll"""
"0154455c",16,"""KERNEL32.dll"""
"0154456c",12,"""GetFileSize"""
"01544578",16,"""KERNEL32.dll"""
"01544588",16,"""KERNEL32.dll"""
"01544598",24,"""GetCurrentDirectoryA"""
"015445b0",16,"""KERNEL32.dll"""
"015445c0",16,"""KERNEL32.dll"""
"015445d0",24,"""SetCurrentDirectoryA"""
"015445e8",16,"""KERNEL32.dll"""
"015445f8",16,"""KERNEL32.dll"""
"01544608",20,"""CreateDirectoryA"""
"0154461c",16,"""KERNEL32.dll"""
"0154462c",16,"""KERNEL32.dll"""
"0154463c",24,"""GetFileAttributesExA"""
"01544654",16,"""KERNEL32.dll"""
"01544664",16,"""KERNEL32.dll"""
"01544674",16,"""GetSystemTime"""
"01544684",16,"""KERNEL32.dll"""
"01544694",16,"""KERNEL32.dll"""
"015446a4",24,"""FileTimeToSystemTime"""
"015446bc",16,"""KERNEL32.dll"""
"015446cc",16,"""KERNEL32.dll"""
"015446dc",16,"""VirtualAlloc"""
"015446ec",16,"""KERNEL32.dll"""
"015446fc",16,"""KERNEL32.dll"""
"0154470c",12,"""VirtualFree"""
"01544718",16,"""KERNEL32.dll"""
"01544728",16,"""KERNEL32.dll"""
"01544738",16,"""FindFirstFileA"""
"01544748",16,"""KERNEL32.dll"""
"01544758",16,"""KERNEL32.dll"""
"01544768",16,"""FindNextFileA"""
"01544778",16,"""KERNEL32.dll"""
"01544788",16,"""KERNEL32.dll"""
"01544798",16,"""GetLocalTime"""
"015447a8",16,"""KERNEL32.dll"""
"015447b8",16,"""KERNEL32.dll"""
"015447c8",16,"""GetTickCount"""
"015447d8",16,"""KERNEL32.dll"""
"015447e8",16,"""KERNEL32.dll"""
"015447f8",20,"""GetExitCodeThread"""
"0154480c",16,"""KERNEL32.dll"""
"0154481c",16,"""KERNEL32.dll"""
"0154482c",20,"""IsDebuggerPresent"""
"01544840",16,"""KERNEL32.dll"""
"01544850",16,"""KERNEL32.dll"""
"01544860",20,"""GetComputerNameA"""
"01544874",16,"""KERNEL32.dll"""
"01544884",16,"""KERNEL32.dll"""
"01544894",12,"""OpenEventA"""
"015448a0",16,"""KERNEL32.dll"""
"015448b0",12,"""SHLWAPI.dll"""
"015448bc",12,"""StrCatBuffA"""
"015448c8",12,"""SHLWAPI.dll"""
"015448d4",12,"""USER32.dll"""
"015448e0",12,"""wsprintfA"""
"015448ec",12,"""USER32.dll"""
"015448f8",12,"""USER32.dll"""
"01544904",12,"""wvsprintfA"""
"01544910",12,"""USER32.dll"""
"0154491c",12,"""USER32.dll"""
"01544928",20,"""GetAsyncKeyState"""
"0154493c",12,"""USER32.dll"""
"01544948",13,"""ADVAPI32.dll"""
"01544958",14,"""RegOpenKeyExA"""
"01544968",13,"""ADVAPI32.dll"""
"01544978",13,"""ADVAPI32.dll"""
"01544988",17,"""RegQueryValueExA"""
"0154499c",13,"""ADVAPI32.dll"""
"015449ac",13,"""ADVAPI32.dll"""
"015449bc",12,"""RegCloseKey"""
"015449c8",13,"""ADVAPI32.dll"""
"015449d8",16,"""ADVAPI32.dll"""
"015449e8",16,"""OpenThreadToken"""
"015449f8",16,"""ADVAPI32.dll"""
"01544a08",16,"""ADVAPI32.dll"""
"01544a18",20,"""OpenProcessToken"""
"01544a2c",16,"""ADVAPI32.dll"""
"01544a3c",16,"""ADVAPI32.dll"""
"01544a4c",20,"""GetTokenInformation"""
"01544a60",16,"""ADVAPI32.dll"""
"01544a70",16,"""ADVAPI32.dll"""
"01544a80",28,"""AllocateAndInitializeSid"""
"01544a9c",16,"""ADVAPI32.dll"""
"01544aac",16,"""ADVAPI32.dll"""
"01544abc",12,"""EqualSid"""
"01544ac8",16,"""ADVAPI32.dll"""
"01544ad8",16,"""ADVAPI32.dll"""
"01544ae8",8,"""FreeSid"""
"01544af0",16,"""ADVAPI32.dll"""
"01544b00",13,"""ADVAPI32.dll"""
"01544b10",12,"""RegOpenKeyA"""
"01544b1c",13,"""ADVAPI32.dll"""
"01544b2c",16,"""ADVAPI32.dll"""
"01544b3c",16,"""RegQueryValueA"""
"01544b4c",16,"""ADVAPI32.dll"""
"01544b5c",16,"""ADVAPI32.dll"""
"01544b6c",16,"""RegCreateKeyA"""
"01544b7c",16,"""ADVAPI32.dll"""
"01544b8c",16,"""ADVAPI32.dll"""
"01544b9c",16,"""RegSetValueExA"""
"01544bac",16,"""ADVAPI32.dll"""
"01544bbc",16,"""ADVAPI32.dll"""
"01544bcc",16,"""RegDeleteValueA"""
"01544bdc",16,"""ADVAPI32.dll"""
"01544bec",16,"""ADVAPI32.dll"""
"01544bfc",24,"""ConvertSidToStringSidW"""
"01544c14",16,"""ADVAPI32.dll"""
"01544c24",12,"""SHELL32.dll"""
"01544c30",24,"""SHGetSpecialFolderPathA"""
"01544c48",12,"""SHELL32.dll"""
"01544c54",12,"""SHELL32.dll"""
"01544c60",20,"""SHGetFolderPathA"""
"01544c74",12,"""SHELL32.dll"""
"01544c80",15,"""GetProcAddress"""
"01544c90",13,"""KERNEL32.DLL"""
"01544ca0",13,"""LoadLibraryA"""
"0154538c",17,"""list<T> too long"""
"015453ac",16,"""Module: %s %X\n"""
"015453bc",16,"""UAService7.exe"""
"015453cc",6,"""%s\\%s"""
"015453d4",12,"""UserAccess7"""
"015453e0",12,"""UserAccess7"""
"015453f0",33,"""SecuROM User Access Service (V7)"""
"01545414",12,"""UserAccess7"""
"015454e4",24,"""\\\\.\\pipe\\UserAccess7Req"""
"015454fc",24,"""\\\\.\\pipe\\UserAccess7Req"""
"01545514",32,"""\\\\.\\pipe\\UserAccessReply-%08x"""
"01545538",77,"""70010D464E1DABA0755C698AD6CA37E87C00{%d}B871FC40AE574322{%s}7EEFE950C9D841AA"""
"01545588",77,"""70011AF328AA8CCAC2CA698AD6CA37E87C00{%d}B871FC40AE574322{%s}7EEFE950C9D841AA"""
"015455d8",53,"""700150E19CE4E32EFEC9ED93D0B902F2A68B2E7AE8E727B3A5AC"""
"01545610",53,"""70010275AD75E2E3F1F7ED93D0B902F2A68B2E7AE8E727B3A5AC"""
"01545648",85,"""700159786F1549CF6E2AED93D0B902F2A68BF2F94E057D10DC4553BE2E1E4FCC60CAA21AA48283B5302D"""
"015456a0",85,"""7001B822449EA2415371035AD8313AAAE512601611CFFE23717592A5F27A81894712DE1DE5C78C4FFFE5"""
"015456f8",69,"""7001FC37D19C390A914C9905D6F8C3CE0A1524514BB92D8F5827A17E705536A06D6F"""
"01545740",69,"""7001B8DE5FB73C7D2F6DD25193F11F55DC92CC029DEBD37813A6ED1F93EA9DE6E6A8"""
"015457e4",12,"""pid16.dll"""
"015457f0",12,"""pid32.dll"""
"015457fc",6,"""Count"""
"01545804",45,"""SYSTEM\\CurrentControlSet\\Services\\Cdrom\\Enum"""
"0154583c",6,"""%.16s"""
"0154584c",16,"""\\DosDevices\\%c:"""
"01545864",22,"""SYSTEM\\MountedDevices"""
"0154587c",9,"""\\\\.\\%c:\\"""
"01545888",19,"""GetDiskFreeSpaceEx"""
"0154589c",18,"""SendASPI32Command"""
"015458b0",21,"""GetASPI32SupportInfo"""
"015458c8",13,"""WNASPI32.DLL"""
"015458d8",10,"""L16unload"""
"015458e4",10,"""L16putacc"""
"015458f0",10,"""L16getacc"""
"015458fc",8,"""L16load"""
"01545904",10,"""PID32.DLL"""
"01545910",10,"""IDEMaster"""
"0154591c",29,"""CurrentDriveLetterAssignment"""
"0154593c",8,"""SCSILUN"""
"01545944",16,"""SCSITargetID"""
"01545954",14,"""RevisionLevel"""
"01545964",10,"""ProductId"""
"01545970",13,"""Manufacturer"""
"01545980",11,"""Enum\\SCSI\\"""
"0154598c",10,"""Enum\\SCSI"""
"015459a0",6,"""ATAPI"""
"015459ac",13,"""FriendlyName"""
"015459bc",39,"""SYSTEM\\CurrentControlSet\\Enum\\%s\\%s\\%s"""
"015459e4",15,"""CorExitProcess"""
"015459f4",12,"""mscoree.dll"""
"01545a0c",20,"""Unknown exception"""
"01545b16",12,"u""null)"""
"01545bac",16,"""runtime error """
"01545bc0",16,"""TLOSS error\r\n"""
"01545bd0",16,"""SING error\r\n"""
"01545be0",16,"""DOMAIN error\r\n"""
"01545bf0",164,"""R6029\r\n- This application cannot run using the active version of the Microsoft .NET Runtime\nPlease contact the application's support team for more information.\r\n"""
"01545c94",40,"""R6028\r\n- unable to initialize heap\r\n"""
"01545cbc",56,"""R6027\r\n- not enough space for lowio initialization\r\n"""
"01545cf4",56,"""R6026\r\n- not enough space for stdio initialization\r\n"""
"01545d2c",40,"""R6025\r\n- pure virtual function call\r\n"""
"01545d54",56,"""R6024\r\n- not enough space for _onexit/atexit table\r\n"""
"01545d8c",44,"""R6019\r\n- unable to open console device\r\n"""
"01545db8",36,"""R6018\r\n- unexpected heap error\r\n"""
"01545ddc",48,"""R6017\r\n- unexpected multithread lock error\r\n"""
"01545e0c",44,"""R6016\r\n- not enough space for thread data\r\n"""
"01545e38",152,"""\r\nThis application has requested the Runtime to terminate it in an unusual way.\nPlease contact the application's support team for more information.\r\n"""
"01545ed0",44,"""R6009\r\n- not enough space for environment\r\n"""
"01545efc",44,"""R6008\r\n- not enough space for arguments\r\n"""
"01545f28",40,"""R6002\r\n- floating point not loaded\r\n"""
"01545f50",37,"""Microsoft Visual C++ Runtime Library"""
"01545f7c",26,"""Runtime Error!\n\nProgram: """
"01545f9c",23,"""<program name unknown>"""
"015464e4",6,"""e+000"""
"015464fe",30,"""GAIsProcessorFeaturePresent"""
"0154651c",12,"""KERNEL32"""
"01546528",12,"""_nextafter"""
"01546580",6,"""floor"""
"015465dc",6,"""log10"""
"01546644",13,"""AuthenticAMD"""
"01546f5e",14,""".=Program: """
"01546f70",160,"""A buffer overrun has been detected which has corrupted the program's\ninternal state.  The program cannot safely continue execution and must\nnow be terminated.\n"""
"01547010",25,"""Buffer overrun detected!"""
"01547030",177,"""A security error of unknown cause has been detected which has\ncorrupted the program's internal state.  The program cannot safely\ncontinue execution and must now be terminated.\n"""
"015470e4",35,"""Unknown security failure detected!"""
"01547114",24,"""GetProcessWindowStation"""
"0154712c",26,"""GetUserObjectInformationA"""
"01547148",19,"""GetLastActivePopup"""
"0154715c",16,"""GetActiveWindow"""
"0154716c",12,"""MessageBoxA"""
"01547178",11,"""user32.dll"""
"01547218",6,"""exp10"""
"01547228",7,"""1#QNAN"""
"01547230",6,"""1#INF"""
"01547238",6,"""1#IND"""
"01547240",7,"""1#SNAN"""
"0154726c",24,"""invalid string position"""
"01547284",16,"""string too long"""
"01547294",16,"""MultiLanguage"""
"015472a4",16,"""MultiLanguage"""
"015472b4",16,"""MultiLanguage"""
"015472dc",15,"""%s (%04x) - %s"""
"015472f4",13,"""[%04x - %s]\n"""
"01547304",28,"u""[%04x - %s]\r\n"""
"01547328",12,"u""%s=\r\n"""
"01547634",17,"""Language Neutral"""
"01547648",72,"""The language for the invariant locale (LOCALE_INVARIANT). See MAKELCID."""
"01547690",33,"""Process or User Default Language"""
"015476b4",24,"""System Default Language"""
"015476cc",10,"""Afrikaans"""
"015476d8",9,"""Albanian"""
"015476e4",22,"""Arabic (Saudi Arabia)"""
"015476fc",14,"""Arabic (Iraq)"""
"0154770c",15,"""Arabic (Egypt)"""
"0154771c",15,"""Arabic (Libya)"""
"0154772c",17,"""Arabic (Algeria)"""
"01547740",17,"""Arabic (Morocco)"""
"01547754",17,"""Arabic (Tunisia)"""
"01547768",14,"""Arabic (Oman)"""
"01547778",15,"""Arabic (Yemen)"""
"01547788",15,"""Arabic (Syria)"""
"01547798",16,"""Arabic (Jordan)"""
"015477a8",17,"""Arabic (Lebanon)"""
"015477bc",16,"""Arabic (Kuwait)"""
"015477cc",16,"""Arabic (U.A.E.)"""
"015477dc",17,"""Arabic (Bahrain)"""
"015477f0",15,"""Arabic (Qatar)"""
"01547800",49,"""Windows 2000/XP: Armenian. This is Unicode only."""
"01547834",14,"""Azeri (Latin)"""
"01547844",17,"""Azeri (Cyrillic)"""
"01547858",7,"""Basque"""
"01547860",11,"""Belarusian"""
"0154786c",16,"""Bengali (India)"""
"0154787c",33,"""Bosnian (Bosnia and Herzegovina)"""
"015478a0",10,"""Bulgarian"""
"015478ac",8,"""Burmese"""
"015478b4",8,"""Catalan"""
"015478bc",17,"""Chinese (Taiwan)"""
"015478d0",14,"""Chinese (PRC)"""
"015478e0",29,"""Chinese (Hong Kong SAR, PRC)"""
"01547900",20,"""Chinese (Singapore)"""
"01547914",52,"""Windows 98/Me, Windows 2000/XP: Chinese (Macao SAR)"""
"01547948",9,"""Croatian"""
"01547954",34,"""Croatian (Bosnia and Herzegovina)"""
"01547978",6,"""Czech"""
"01547980",7,"""Danish"""
"01547988",42,"""Windows XP: Divehi. This is Unicode only."""
"015479b4",20,"""Dutch (Netherlands)"""
"015479c8",16,"""Dutch (Belgium)"""
"015479d8",24,"""English (United States)"""
"015479f0",25,"""English (United Kingdom)"""
"01547a0c",21,"""English (Australian)"""
"01547a24",19,"""English (Canadian)"""
"01547a38",22,"""English (New Zealand)"""
"01547a50",18,"""English (Ireland)"""
"01547a64",23,"""English (South Africa)"""
"01547a7c",18,"""English (Jamaica)"""
"01547a90",20,"""English (Caribbean)"""
"01547aa4",17,"""English (Belize)"""
"01547ab8",19,"""English (Trinidad)"""
"01547acc",51,"""Windows 98/Me, Windows 2000/XP: English (Zimbabwe)"""
"01547b00",54,"""Windows 98/Me, Windows 2000/XP: English (Philippines)"""
"01547b38",9,"""Estonian"""
"01547b44",9,"""Faeroese"""
"01547b50",6,"""Farsi"""
"01547b58",8,"""Finnish"""
"01547b60",18,"""French (Standard)"""
"01547b74",17,"""French (Belgian)"""
"01547b88",18,"""French (Canadian)"""
"01547b9c",21,"""French (Switzerland)"""
"01547bb4",20,"""French (Luxembourg)"""
"01547bc8",48,"""Windows 98/Me, Windows 2000/XP: French (Monaco)"""
"01547bf8",21,"""Windows XP: Galician"""
"01547c10",49,"""Windows 2000/XP: Georgian. This is Unicode only."""
"01547c44",19,"""German (Standard) """
"01547c58",21,"""German (Switzerland)"""
"01547c70",17,"""German (Austria)"""
"01547c84",20,"""German (Luxembourg)"""
"01547c98",23,"""German (Liechtenstein)"""
"01547cb0",6,"""Greek"""
"01547cb8",44,"""Windows XP: Gujarati. This is Unicode only."""
"01547ce4",7,"""Hebrew"""
"01547cec",46,"""Windows 2000/XP: Hindi. This is Unicode only."""
"01547d1c",10,"""Hungarian"""
"01547d28",10,"""Icelandic"""
"01547d34",11,"""Indonesian"""
"01547d40",30,"""isiXhosa/Xhosa (South Africa)"""
"01547d60",28,"""isiZulu/Zulu (South Africa)"""
"01547d7c",19,"""Italian (Standard)"""
"01547d90",22,"""Italian (Switzerland)"""
"01547da8",9,"""Japanese"""
"01547db4",43,"""Windows XP: Kannada. This is Unicode only."""
"01547de0",48,"""Windows 2000/XP: Konkani. This is Unicode only."""
"01547e10",7,"""Korean"""
"01547e18",48,"""Windows 95, Windows NT 4.0 only: Korean (Johab)"""
"01547e48",20,"""Windows XP: Kyrgyz."""
"01547e5c",8,"""Latvian"""
"01547e64",11,"""Lithuanian"""
"01547e70",38,"""Windows 98 only: Lithuanian (Classic)"""
"01547e98",16,"""FYRO Macedonian"""
"01547ea8",18,"""Malay (Malaysian)"""
"01547ebc",26,"""Malay (Brunei Darussalam)"""
"01547ed8",18,"""Malayalam (India)"""
"01547eec",20,"""Maori (New Zealand)"""
"01547f00",16,"""Maltese (Malta)"""
"01547f10",48,"""Windows 2000/XP: Marathi. This is Unicode only."""
"01547f40",22,"""Windows XP: Mongolian"""
"01547f58",19,"""Norwegian (Bokmal)"""
"01547f6c",20,"""Norwegian (Nynorsk)"""
"01547f80",7,"""Polish"""
"01547f88",20,"""Portuguese (Brazil)"""
"01547f9c",22,"""Portuguese (Portugal)"""
"01547fb4",43,"""Windows XP: Punjabi. This is Unicode only."""
"01547fe0",18,"""Quechua (Bolivia)"""
"01547ff4",18,"""Quechua (Ecuador)"""
"01548008",15,"""Quechua (Peru)"""
"01548018",9,"""Romanian"""
"01548024",8,"""Russian"""
"0154802c",49,"""Windows 2000/XP: Sanskrit. This is Unicode only."""
"01548060",24,"""Sami, Northern (Norway)"""
"01548078",24,"""Sami, Northern (Sweden)"""
"01548090",25,"""Sami, Northern (Finland)"""
"015480ac",20,"""Sami, Lule (Norway)"""
"015480c0",20,"""Sami, Lule (Sweden)"""
"015480d4",24,"""Sami, Southern (Norway)"""
"015480ec",24,"""Sami, Southern (Sweden)"""
"01548104",22,"""Sami, Skolt (Finland)"""
"0154811c",22,"""Sami, Inari (Finland)"""
"01548134",19,"""Serbian (Cyrillic)"""
"01548148",44,"""Serbian (Cyrillic, Bosnia, and Herzegovina)"""
"01548174",16,"""Serbian (Latin)"""
"01548184",41,"""Serbian (Latin, Bosnia, and Herzegovina)"""
"015481b0",47,"""Sesotho sa Leboa/Northern Sotho (South Africa)"""
"015481e0",31,"""Setswana/Tswana (South Africa)"""
"01548200",7,"""Slovak"""
"01548208",10,"""Slovenian"""
"01548214",34,"""Spanish (Spain, Traditional Sort)"""
"01548238",18,"""Spanish (Mexican)"""
"0154824c",29,"""Spanish (Spain, Modern Sort)"""
"0154826c",20,"""Spanish (Guatemala)"""
"01548280",21,"""Spanish (Costa Rica)"""
"01548298",17,"""Spanish (Panama)"""
"015482ac",29,"""Spanish (Dominican Republic)"""
"015482cc",20,"""Spanish (Venezuela)"""
"015482e0",19,"""Spanish (Colombia)"""
"015482f4",15,"""Spanish (Peru)"""
"01548304",20,"""Spanish (Argentina)"""
"01548318",18,"""Spanish (Ecuador)"""
"0154832c",16,"""Spanish (Chile)"""
"0154833c",18,"""Spanish (Uruguay)"""
"01548350",19,"""Spanish (Paraguay)"""
"01548364",18,"""Spanish (Bolivia)"""
"01548378",22,"""Spanish (El Salvador)"""
"01548390",19,"""Spanish (Honduras)"""
"015483a4",20,"""Spanish (Nicaragua)"""
"015483b8",22,"""Spanish (Puerto Rico)"""
"015483d8",16,"""Swahili (Kenya)"""
"015483e8",8,"""Swedish"""
"015483f0",18,"""Swedish (Finland)"""
"01548404",42,"""Windows XP: Syriac. This is Unicode only."""
"01548430",46,"""Windows 2000/XP: Tamil. This is Unicode only."""
"01548460",18,"""Tatar (Tatarstan)"""
"01548474",42,"""Windows XP: Telugu. This is Unicode only."""
"015484a8",8,"""Turkish"""
"015484b0",10,"""Ukrainian"""
"015484bc",48,"""Windows 98/Me, Windows 2000/XP: Urdu (Pakistan)"""
"015484ec",13,"""Urdu (India)"""
"015484fc",14,"""Uzbek (Latin)"""
"0154850c",17,"""Uzbek (Cyrillic)"""
"01548520",52,"""Windows 98/Me, Windows NT 4.0 and later: Vietnamese"""
"01548554",23,"""Welsh (United Kingdom)"""
"01549e28",22,"""./src/hook_tables.cpp"""
"01549e40",13,"""aHookPermTab"""
"01549e50",24,"""./src/hook_tables.cpp"""
"01549e68",16,"""pHookPermTab"""
"01549e78",22,"""./src/hook_tables.cpp"""
"01549e90",14,"""aHookThdIDTab"""
"01549ea0",24,"""./src/hook_tables.cpp"""
"01549eb8",16,"""aHookThdIDTab"""
"01549ec8",16,"""DriveInfo.dat"""
"01549ed8",17,"""Software\\SecuROM"""
"01549f08",18,"""\n%02d - %02d = %s"""
"01549f2c",14,"""\n%02d %s = %s"""
"01549f48",277,"""7001E53A05ED0E7750BEF82A5028A0B51ADF29E8B5254BDB069979BF9BE4CC237F35FE4E2E520184CD8CA7744BE4C177B011{%x}4ACE69C56EB8C64DA88596E35E992C64{%x}0A6BFFC49BAFD896B2A2659DE343FC37219772A6030CE7EA{%x}270FB94DC3C087328320939CF7BC7618B871FC40AE574322{%x}06AF5CF29365FD499A7E4625377CD1D8"""
"0154a060",405,"""7001E53A05ED0E7750BEF82A5028A0B51ADF29E8B5254BDB069979BF9BE4CC237F35FE4E2E520184CD8CA7744BE4C177B011{%x}4ACE69C56EB8C64DA88596E35E992C64{%x}0A6BFFC49BAFD896B2A2659DE343FC37219772A6030CE7EA{%x}A7E52AE04646CC488320939CF7BC7618B871FC40AE574322{%x}06AF5CF29365FD49D716EF8764FC9F23F21DA535189DA2DE779875748928F33FF805B1A745E1C4A71971A05058C767FFF828C82C8E396A023317A1F02742673E25AB21A5C5983F94389C4CC7AD9AE424"""
"0154a1f8",161,"""7001546320C5E518DFBB86E00F1C1E20B854B475F03A960CAD4DC5111555A2033A6C{%x}4ACE69C56EB8C64DA88596E35E992C64{%x}0A6BFFC49BAFD896B2A2659DE343FC37219772A6030CE7EA{%x}"""
"0154a2c0",69,"""7001F0DA702704487EE8BD3A38E02DD98E936772F8EE6865F94F389C4CC7AD9AE424"""
"0154a308",101,"""7001A982829F88B87264F89DD35A434C3FA2A9C1C8C09ACA73710AD21D4B24A5FC9C6889FBE4730C42D14322C162180FB45D"""
"0154a370",149,"""7001A982829F88B87264F89DD35A434C3FA22D10A26708973274A03D87D6512085222D870D616EB8398354E02767F811DEAD9C7473A3CCE2CD6E98E5F3584DD1EEDE27C5B4888A62FD85"""
"0154a408",133,"""700171278BB72D1FFDA5F4AF6F5E0970FA308C2E7222D6A0C9073653511F7459C26440517CF6A27A363046DBFC5DF408465E58CCC0E6B6382C882F43DB676040371A"""
"0154a490",101,"""7001E4F10ED56CBE846CAA3974636DCCD909CD29ED731F38EA3EECE17D28C92283CBDBC3FEC046A9518DCD0E55BF05DA6D3B"""
"0154a4f8",69,"""7001902FA30B5ED707055D9C3F2586539EB45BDA7503DC1C209AE443A6E95F7F1D63"""
"0154a540",53,"""700171278BB72D1FFDA58448EE98D1FA2715BF9DB82E7593A7FD"""
"0154a578",101,"""70010CAA199F85C261EB5B16BA635776DC2E603D3B4C22EE3E69036C726CBB7A477F891F004B0B847D042C5FFF15B7D16ABA"""
"0154a5e0",133,"""7001E738250DF50BD0C331408483B0EC87C798E5F3584DD1EEDE6213A837F5375676F56A4A4448BEF2D9B9C4F91E668EEE84D786237E1D1A4C6E2920C54434E08907"""
"0154a668",69,"""7001902FA30B5ED707055D9C3F2586539EB483AB3FA3F22A3BADDA8690072A71F2C5"""
"0154a6b0",69,"""7001C697DC22CA48358EF692E8CBFF6A6740CAEBB39A697883395C0AB83229251882"""
"0154a6f8",133,"""7001D4FFF9F3D662F7445B0812C00B3F40070E0F10E8DF290FBC9521D6039691B20AF5C4F3FABD33AC179D0A0CBCC608D661EA84F72788670B4C5C0AB83229251882"""
"0154a794",20,"""VirtualDrives.dat"""
"0154a7a8",18,"""\n%02d - %02d = %s"""
"0154a800",22,"""\nrow %02d - ??? %02d\n"""
"0154a818",17,"""\tchksum matched\n"""
"0154a82c",12,"""\tchk %2.2f\n"""
"0154a838",12,"""\tapi %2.2f\n"""
"0154a844",12,"""\tlnk %2.2f\n"""
"0154a850",12,"""\tseq %2.2f\n"""
"0154a85c",35,"""pe_signature_check failed, err %d\n"""
"0154c5c0",16,"""\\config\\default"""
"0154c5d0",20,"""\\config\\software"""
"0154c5e4",16,"""\\config\\system"""
"0154c820",21,"""7001FE096855D739A588"""
"0154c838",133,"""7001C53E97D728A2865E252C60DA05523215A37BD6F015F1EFBE2A8744F30AF5B2132DC9C3D4909A65D507799C9DE0C675679E859EA16273E501F97B529FAA390486"""
"0154c8c0",85,"""70010AEC8A46694C4C7EBBD65F6B287D3630BD3EA993ED1D8DF2CE6774ACACD8C01267F43F8E9C8C18B1"""
"0154c918",21,"""7001B9EF6024CD86B1E3"""
"0154c930",21,"""70019647C3749A0E8A30"""
"0154c948",21,"""700134540356CE7DC82D"""
"0154c960",117,"""70014A3F7B656013ED8CE139DD18883E7BCFFF4AB07AA257FCFAEF38CBEBC62A4E41703F89C9DB40F3FA253F2D5A10B6477D05D85BDE7741A0C5"""
"0154c9d8",117,"""70014A3F7B656013ED8CE139DD18883E7BCFFF4AB07AA257FCFAEF38CBEBC62A4E417DB2E1B8E8A7F724788917A6DD79F94C74C3E7B50965C4A0"""
"0154ca50",117,"""70014A3F7B656013ED8CE139DD18883E7BCFFF4AB07AA257FCFABD7F731428382BB0D119228D29F5AF07CF607859532AB2B430CB6C2C9ED56FC0"""
"0154cac8",117,"""70014A3F7B656013ED8CE139DD18883E7BCFFF4AB07AA257FCFA51C7316AD6B4E7613A9961EDBA4F8443CF607859532AB2B430CB6C2C9ED56FC0"""
"0154cc00",16,"""readme_ud.dat"""
"0154cc10",16,"""drm_dyndata.dat"""
"0154d018",44,"""Error: Failed to receive current User-SID.\n"""
"0154e010",20,"""Writing Session Key"""
"0154e024",44,"""Error: Failed to receive current User-SID.\n"""
"0154e050",84,"""Error: Invalid User-SID detected. Probably hacked. INVALID USER DATA TERMINATION\n"""
"0154eebc",9,"""X*{=t#iq"""
"0154eec8",9,"""Fi:%$2o8"""
"0154eee4",16,"""\nRow %d [%s]\n"""
"0154eef4",20,"""  ID %2d  %-40s """
"0154ef14",7,"""%s%02X"""
"0154ef1c",17,"""0123456789ABCDEF"""
"0154ef40",8,"""idx %d\n"""
"0154ef48",12,"""NTDLL.dll"""
"0154ef54",16,"""NtCreateFile"""
"0154ef64",12,"""NTDLL.dll"""
"0154ef70",12,"""NTDLL.dll"""
"0154ef7c",8,"""NtClose"""
"0154ef84",12,"""NTDLL.dll"""
"0154ef90",12,"""NTDLL.dll"""
"0154ef9c",24,"""RtlInitUnicodeString"""
"0154efb4",12,"""NTDLL.dll"""
"0154efc0",10,"""NTDLL.dll"""
"0154efcc",25,"""NtQuerySystemInformation"""
"0154efe8",10,"""NTDLL.dll"""
"0154eff4",12,"""NTDLL.dll"""
"0154f000",12,"""NtCreateKey"""
"0154f00c",12,"""NTDLL.dll"""
"0154f018",12,"""NTDLL.dll"""
"0154f024",16,"""NtSetValueKey"""
"0154f034",12,"""NTDLL.dll"""
"0154f040",12,"""NTDLL.dll"""
"0154f04c",16,"""NtQueryValueKey"""
"0154f05c",12,"""NTDLL.dll"""
"0154f068",12,"""NTDLL.dll"""
"0154f074",12,"""NtDeleteKey"""
"0154f080",12,"""NTDLL.dll"""
"0154f08c",6,"""Error"""
"0154f094",11,"""ERROR: %s\n"""
"0154f0a0",49,"""CFileAsBuffer::LoadFile - MapViewOfFile failed!\n"""
"0154f0d4",53,"""CFileAsBuffer::LoadFile - CreateFileMapping failed!\n"""
"0154f10c",54,"""CFileAsBuffer::LoadFile - CreateFile failed on \""%s\""!\n"""
"0154f14c",17,"""%s       %d - %s"""
"0154f174",61,"""(Press Retry to debug the application - JIT must be enabled)"""
"0154f1b8",112,"""For information on how your program can cause an assertion\nfailure, see the Visual C++ documentation on asserts"""
"0154f228",13,"""Expression: """
"0154f238",7,"""Line: """
"0154f240",7,"""File: """
"0154f248",18,"""Assertion failed!"""
"0154f26c",24,"""SunMonTueWedThuFriSat"""
"0154f284",40,"""JanFebMarAprMayJunJulAugSepOctNovDec"""
"0155603d",11,"""DEFAULT"""
"01556071",15,"""San Andreas EU"""
"015560b1",11,"""DEFAULT"""
"0155615c",20,"""Rockstar North Ltd"""
"015562b5",11,"""STANDARD"""
"0155639c",81,"""x:\\SA_PC_SRC (pcv110 - final)\\gta_source\\MSVC PC files\\D3D9 Final USA\\gta_sa.pdb"""
"015563ed",10,"""WINMM.dll"""
"015563f9",14,"""timeEndPeriod"""
"01556409",12,"""timeGetTime"""
"01556417",16,"""timeBeginPeriod"""
"01556429",15,"""timeGetDevCaps"""
"01556438",15,"""vorbisfile.dll"""
"01556449",18,"""ov_open_callbacks"""
"0155645d",9,"""ov_clear"""
"01556468",14,"""ov_time_total"""
"01556478",13,"""ov_time_tell"""
"01556487",8,"""ov_read"""
"01556491",8,"""ov_info"""
"0155649b",13,"""ov_time_seek"""
"015564a8",11,"""WS2_32.dll"""
"015564bb",13,"""KERNEL32.dll"""
"015564ca",15,"""VirtualProtect"""
"015564db",9,"""GetOEMCP"""
"015564ef",13,"""IsBadCodePtr"""
"015564fe",13,"""IsBadReadPtr"""
"0155650d",15,"""GetStringTypeW"""
"0155651e",15,"""GetStringTypeA"""
"0155652f",16,"""IsValidCodePage"""
"01556541",14,"""IsValidLocale"""
"01556551",19,"""EnumSystemLocalesA"""
"01556566",15,"""GetLocaleInfoA"""
"01556577",10,"""GetCPInfo"""
"01556583",15,"""GetDateFormatA"""
"01556594",13,"""VirtualQuery"""
"015565a3",13,"""GetTickCount"""
"015565b2",17,"""GetModuleHandleA"""
"015565c5",15,"""GetProcAddress"""
"015565d6",13,"""LoadLibraryA"""
"015565e5",12,"""GetFileSize"""
"015565f3",12,"""CloseHandle"""
"01556601",10,"""LocalFree"""
"0155660d",22,"""WaitForSingleObjectEx"""
"01556625",20,"""GetOverlappedResult"""
"0155663b",20,"""WaitForSingleObject"""
"01556651",17,"""ReleaseSemaphore"""
"01556664",15,"""SetFilePointer"""
"01556675",13,"""GetLastError"""
"01556684",9,"""ReadFile"""
"0155668f",13,"""SetLastError"""
"0155669e",12,"""CreateFileA"""
"015566ac",13,"""ResumeThread"""
"015566bb",18,"""SetThreadPriority"""
"015566cf",18,"""GetThreadPriority"""
"015566e3",17,"""GetCurrentThread"""
"015566f6",13,"""CreateThread"""
"01556705",11,"""LocalAlloc"""
"01556712",17,"""CreateSemaphoreA"""
"01556725",18,"""GetDiskFreeSpaceA"""
"01556741",24,"""QueryPerformanceCounter"""
"0155675b",21,"""InterlockedIncrement"""
"01556772",21,"""InterlockedDecrement"""
"01556794",9,"""lstrcatA"""
"0155679f",9,"""lstrlenA"""
"015567aa",22,"""DeleteCriticalSection"""
"015567c2",14,"""SuspendThread"""
"015567d2",21,"""LeaveCriticalSection"""
"015567e9",21,"""EnterCriticalSection"""
"01556800",26,"""InitializeCriticalSection"""
"0155681c",20,"""MultiByteToWideChar"""
"01556832",12,"""DeleteFileA"""
"01556840",16,"""TerminateThread"""
"01556852",10,"""FindClose"""
"0155685e",14,"""FindNextFileA"""
"0155686e",19,"""GetFileAttributesA"""
"01556883",15,"""FindFirstFileA"""
"01556894",12,"""FreeLibrary"""
"015568a2",26,"""QueryPerformanceFrequency"""
"015568be",19,"""OutputDebugStringA"""
"015568d3",13,"""GetLocalTime"""
"015568e2",17,"""CreateDirectoryA"""
"015568f5",19,"""GetUserDefaultLCID"""
"0155690a",13,"""SetStdHandle"""
"01556919",13,"""CreateEventA"""
"01556928",22,"""GetVolumeInformationA"""
"01556940",14,"""GetDriveTypeA"""
"01556950",24,"""GetLogicalDriveStringsA"""
"0155696a",13,"""SetErrorMode"""
"01556979",19,"""GlobalMemoryStatus"""
"0155698e",14,"""GetVersionExA"""
"0155699e",16,"""GetCommandLineA"""
"015569b0",17,"""GetFullPathNameA"""
"015569c3",20,"""WideCharToMultiByte"""
"015569d9",10,"""lstrcmpiA"""
"015569e5",14,"""GetSystemInfo"""
"015569f5",26,"""IsProcessorFeaturePresent"""
"01556a11",13,"""LockResource"""
"01556a20",13,"""LoadResource"""
"01556a2f",15,"""SizeofResource"""
"01556a40",14,"""FindResourceA"""
"01556a50",14,"""FindResourceW"""
"01556a60",14,"""MapViewOfFile"""
"01556a70",19,"""CreateFileMappingA"""
"01556a85",12,"""CreateFileW"""
"01556a93",16,"""UnmapViewOfFile"""
"01556aa5",13,"""ReleaseMutex"""
"01556ab4",13,"""CreateMutexA"""
"01556ac3",20,"""GetCurrentProcessId"""
"01556ad9",20,"""GetSystemDirectoryA"""
"01556aef",19,"""GetModuleFileNameA"""
"01556b04",24,"""FreeEnvironmentStringsA"""
"01556b1e",25,"""UnhandledExceptionFilter"""
"01556b39",14,"""IsBadWritePtr"""
"01556b49",13,"""VirtualAlloc"""
"01556b58",12,"""VirtualFree"""
"01556b66",11,"""HeapCreate"""
"01556b73",12,"""HeapDestroy"""
"01556b81",12,"""GetFileType"""
"01556b8f",13,"""GetStdHandle"""
"01556b9e",15,"""SetHandleCount"""
"01556baf",17,"""FlushFileBuffers"""
"01556bc2",13,"""LCMapStringW"""
"01556bd1",13,"""LCMapStringA"""
"01556be0",10,"""WriteFile"""
"01556bec",14,"""FatalAppExitA"""
"01556bfc",28,"""SetUnhandledExceptionFilter"""
"01556c1a",9,"""HeapSize"""
"01556c25",9,"""TlsAlloc"""
"01556c30",12,"""TlsGetValue"""
"01556c3e",12,"""TlsSetValue"""
"01556c4c",19,"""GetCurrentThreadId"""
"01556c6b",16,"""GetStartupInfoA"""
"01556c7d",12,"""HeapReAlloc"""
"01556c8b",10,"""HeapAlloc"""
"01556c97",9,"""HeapFree"""
"01556ca2",24,"""GetSystemTimeAsFileTime"""
"01556cbc",18,"""GetCurrentProcess"""
"01556cd0",17,"""TerminateProcess"""
"01556ce3",12,"""ExitProcess"""
"01556cf1",10,"""RtlUnwind"""
"01556cfd",15,"""RaiseException"""
"01556d0e",20,"""InterlockedExchange"""
"01556d24",24,"""FreeEnvironmentStringsW"""
"01556d3e",23,"""GetEnvironmentStringsW"""
"01556d57",22,"""SetConsoleCtrlHandler"""
"01556d6f",15,"""GetTimeFormatA"""
"01556d80",15,"""CompareStringA"""
"01556d91",15,"""CompareStringW"""
"01556da2",24,"""SetEnvironmentVariableA"""
"01556dbc",23,"""GetTimeZoneInformation"""
"01556dd5",13,"""SetEndOfFile"""
"01556de4",15,"""GetLocaleInfoW"""
"01556df5",21,"""GetCurrentDirectoryA"""
"01556e0c",21,"""GetSystemDefaultLCID"""
"01556e23",21,"""SetCurrentDirectoryA"""
"01556e3a",22,"""GetEnvironmentStrings"""
"01556e52",16,"""CompareFileTime"""
"01556e64",19,"""SetFileAttributesA"""
"01556e79",10,"""CopyFileA"""
"01556e85",15,"""WaitNamedPipeA"""
"01556e96",24,"""SetNamedPipeHandleState"""
"01556eb0",18,"""GetShortPathNameA"""
"01556ec4",21,"""FileTimeToSystemTime"""
"01556edb",21,"""GetWindowsDirectoryA"""
"01556ef2",21,"""GetUserDefaultLangID"""
"01556f09",15,"""CreateProcessA"""
"01556f1a",13,"""GetTempPathA"""
"01556f29",16,"""DeviceIoControl"""
"01556f3b",15,"""FormatMessageA"""
"01556f4c",17,"""GetLogicalDrives"""
"01556f5f",17,"""SetPriorityClass"""
"01556f72",17,"""GetPriorityClass"""
"01556f85",16,"""QueryDosDeviceA"""
"01556f97",9,"""lstrcmpA"""
"01556fa0",11,"""USER32.dll"""
"01556fad",10,"""wsprintfA"""
"01556fb9",9,"""IsIconic"""
"01556fc4",15,"""GetWindowLongA"""
"01556fd5",8,"""GetMenu"""
"01556fdf",19,"""AdjustWindowRectEx"""
"01556ff4",22,"""SystemParametersInfoA"""
"0155700c",14,"""DestroyWindow"""
"0155701c",15,"""SetWindowLongA"""
"0155702d",11,"""ShowWindow"""
"0155703a",10,"""LoadIconA"""
"01557046",12,"""LoadCursorA"""
"01557054",15,"""RegisterClassA"""
"01557065",15,"""ReleaseCapture"""
"01557076",19,"""GetWindowPlacement"""
"0155708b",9,"""SetTimer"""
"01557096",11,"""ClipCursor"""
"015570a3",16,"""PostQuitMessage"""
"015570b5",10,"""SetCursor"""
"015570c1",11,"""SetCapture"""
"015570ce",15,"""DefWindowProcA"""
"015570df",15,"""MapVirtualKeyA"""
"015570f0",13,"""UpdateWindow"""
"015570ff",12,"""GetKeyState"""
"0155710d",12,"""FindWindowA"""
"0155711b",20,"""SetForegroundWindow"""
"01557131",13,"""PeekMessageA"""
"01557140",17,"""DispatchMessageA"""
"01557153",17,"""TranslateMessage"""
"01557166",18,"""GetKeyboardLayout"""
"0155717a",16,"""DialogBoxParamA"""
"0155718c",10,"""EndDialog"""
"01557198",11,"""GetDlgItem"""
"015571a5",9,"""SetFocus"""
"015571b0",13,"""SendMessageA"""
"015571bf",13,"""SetWindowPos"""
"015571ce",17,"""AdjustWindowRect"""
"015571e1",16,"""CreateWindowExA"""
"015571f3",11,"""ShowCursor"""
"01557200",14,"""GetWindowRect"""
"01557210",12,"""MessageBoxA"""
"0155721e",15,"""SetWindowTextA"""
"0155722f",15,"""ClientToScreen"""
"01557240",13,"""SetCursorPos"""
"0155724f",14,"""GetClientRect"""
"0155725f",20,"""SendDlgItemMessageA"""
"01557275",15,"""GetWindowTextA"""
"01557286",10,"""GetParent"""
"01557292",14,"""GetClassNameA"""
"015572a2",14,"""FindWindowExA"""
"015572b2",12,"""EnumWindows"""
"015572c0",20,"""LoadCursorFromFileA"""
"015572d6",16,"""SetSystemCursor"""
"015572e8",11,"""LoadImageA"""
"015572f5",10,"""CopyImage"""
"01557301",20,"""GetForegroundWindow"""
"01557317",24,"""DialogBoxIndirectParamA"""
"0155732f",10,"""GDI32.dll"""
"0155733b",13,"""DeleteObject"""
"01557348",13,"""ADVAPI32.dll"""
"01557357",12,"""RegCloseKey"""
"01557365",16,"""RegCreateKeyExA"""
"01557377",14,"""RegOpenKeyExA"""
"01557387",17,"""RegQueryValueExA"""
"0155739a",12,"""RegOpenKeyA"""
"015573a8",15,"""RegSetValueExA"""
"015573b9",16,"""OpenThreadToken"""
"015573cb",17,"""OpenProcessToken"""
"015573de",20,"""GetTokenInformation"""
"015573f4",25,"""AllocateAndInitializeSid"""
"0155740f",9,"""EqualSid"""
"0155741a",14,"""RegEnumKeyExA"""
"0155742a",15,"""ControlService"""
"0155743b",19,"""QueryServiceStatus"""
"01557450",15,"""OpenSCManagerA"""
"01557461",15,"""CreateServiceA"""
"01557472",13,"""OpenServiceA"""
"01557481",14,"""StartServiceA"""
"01557491",14,"""DeleteService"""
"015574a1",19,"""CloseServiceHandle"""
"015574b6",15,"""RegQueryValueA"""
"015574c7",12,"""RegFlushKey"""
"015574d5",16,"""RegDeleteValueA"""
"015574e7",13,"""RevertToSelf"""
"015574f4",10,"""ole32.dll"""
"01557500",17,"""CoCreateInstance"""
"01557513",13,"""CoInitialize"""
"01557522",15,"""CoUninitialize"""
"01557531",12,"""VERSION.dll"""
"0155753f",20,"""GetFileVersionInfoA"""
"01557555",24,"""GetFileVersionInfoSizeA"""
"0155756f",15,"""VerQueryValueA"""
"ffdff1ac",36,""""""
"ffdffc00",522,"u"""""
